experiment,split,dataset_index,sample_id,image_id,object_name,part_name,query,iou,dice,leakage,part_ratio,gate_u,gate_v,gate_d
geometry_dropout,test_seen,0,val:2008_000009:part_51,2008_000009,cow,tail,tail,0.0,0.0,0.0,0.04308797046542168,0.9697265625,1.0,0.0005617141723632812
geometry_dropout,test_seen,1,val:2008_000009:part_54,2008_000009,cow,torso,torso,0.0,0.0,0.07236842066049576,0.17055656015872955,1.0,1.0,1.0
geometry_dropout,test_seen,2,val:2008_000009:part_56,2008_000009,cow,leg,leg,0.028776979073882103,0.0559440553188324,0.7886792421340942,0.03770197555422783,1.0,1.0,1.0
geometry_dropout,test_seen,3,val:2008_000016:part_115,2008_000016,tvmonitor,screen,screen,0.8190858364105225,0.900546669960022,0.0,0.6137388944625854,1.0,1.0,1.0
geometry_dropout,test_seen,4,val:2008_000073:part_52,2008_000073,cow,head,head,0.4702702760696411,0.6397058963775635,0.25581395626068115,0.10253164917230606,1.0,1.0,1.0
geometry_dropout,test_seen,5,val:2008_000073:part_53,2008_000073,cow,eye,eye,0.0,0.0,0.0,0.001687763724476099,0.5927734375,0.99951171875,0.00018668174743652344
geometry_dropout,test_seen,6,val:2008_000073:part_54,2008_000073,cow,torso,torso,0.6607494950294495,0.7957244515419006,0.128122478723526,0.7291139364242554,1.0,1.0,1.0
geometry_dropout,test_seen,7,val:2008_000073:part_56,2008_000073,cow,leg,leg,0.09164420515298843,0.16790123283863068,0.1463414579629898,0.06497890502214432,1.0,1.0,1.0
geometry_dropout,test_seen,8,val:2008_000073:part_57,2008_000073,cow,ear,ear,0.07578947395086288,0.14090019464492798,0.30940595269203186,0.04514767974615097,0.0033893585205078125,0.998046875,0.0
geometry_dropout,test_seen,9,val:2008_000073:part_58,2008_000073,cow,muzzle,muzzle,0.0,0.0,0.0,0.03670886158943176,0.95166015625,1.0,0.0015668869018554688
geometry_dropout,test_seen,10,val:2008_000075:part_22,2008_000075,bus,wheel,wheel,0.6366336345672607,0.7779794335365295,0.10077519714832306,0.05279459431767464,1.0,1.0,0.9970703125
geometry_dropout,test_seen,11,val:2008_000075:part_23,2008_000075,bus,headlight,headlight,0.0,0.0,0.0,0.003378853900358081,1.0,1.0,0.99755859375
geometry_dropout,test_seen,12,val:2008_000075:part_24,2008_000075,bus,front,front,0.16421568393707275,0.2821052670478821,0.15497076511383057,0.05216106027364731,1.0,1.0,1.0
geometry_dropout,test_seen,13,val:2008_000075:part_25,2008_000075,bus,side,side,0.596561074256897,0.747307538986206,0.0948219746351242,0.48465436697006226,1.0,1.0,0.99755859375
geometry_dropout,test_seen,14,val:2008_000075:part_30,2008_000075,bus,door,door,0.45150500535964966,0.6221198439598083,0.01195049099624157,0.07947345823049545,0.204833984375,0.9970703125,2.777576446533203e-05
geometry_dropout,test_seen,15,val:2008_000075:part_31,2008_000075,bus,window,window,0.6603657603263855,0.7954461574554443,0.043572984635829926,0.308179646730423,0.99951171875,1.0,0.99365234375
geometry_dropout,test_seen,16,val:2008_000182:part_42,2008_000182,cat,tail,tail,0.2011331468820572,0.3349056541919708,0.008368200622498989,0.13493800163269043,0.9697265625,1.0,0.0005617141723632812
geometry_dropout,test_seen,17,val:2008_000182:part_43,2008_000182,cat,head,head,0.6194690465927124,0.7650273442268372,0.009756097570061684,0.11743253469467163,1.0,1.0,1.0
geometry_dropout,test_seen,18,val:2008_000182:part_44,2008_000182,cat,eye,eye,0.0,0.0,0.0,0.005835156887769699,0.5927734375,0.99951171875,0.00018668174743652344
geometry_dropout,test_seen,19,val:2008_000182:part_45,2008_000182,cat,torso,torso,0.6366459727287292,0.777988612651825,0.0899742916226387,0.5857038497924805,1.0,1.0,1.0
geometry_dropout,test_seen,20,val:2008_000182:part_47,2008_000182,cat,leg,leg,0.2404494434595108,0.38768115639686584,0.0211267601698637,0.09190371632575989,1.0,1.0,1.0
geometry_dropout,test_seen,21,val:2008_000182:part_48,2008_000182,cat,nose,nose,0.0,0.0,0.0,0.0014587892219424248,0.08404541015625,0.99853515625,5.364418029785156e-07
geometry_dropout,test_seen,22,val:2008_000182:part_50,2008_000182,cat,ear,ear,0.20207254588603973,0.3362068831920624,0.4680851101875305,0.032093361020088196,0.0033893585205078125,0.998046875,0.0
geometry_dropout,test_seen,23,val:2008_000213:part_83,2008_000213,person,head,head,0.6253197193145752,0.7694728374481201,0.03436880186200142,0.1612473577260971,1.0,1.0,1.0
geometry_dropout,test_seen,24,val:2008_000213:part_84,2008_000213,person,eye,eye,0.11151079088449478,0.2006472498178482,0.033582091331481934,0.00321241095662117,0.5927734375,0.99951171875,0.00018668174743652344
geometry_dropout,test_seen,25,val:2008_000213:part_85,2008_000213,person,torso,torso,0.8404701948165894,0.9133211970329285,0.05144032835960388,0.4017864167690277,1.0,1.0,1.0
geometry_dropout,test_seen,26,val:2008_000213:part_89,2008_000213,person,nose,nose,0.5714285969734192,0.7272727489471436,0.0,0.014730079099535942,0.08404541015625,0.99853515625,5.364418029785156e-07
geometry_dropout,test_seen,27,val:2008_000213:part_90,2008_000213,person,ear,ear,0.31555554270744324,0.4797297418117523,0.026905829086899757,0.005719658453017473,0.0033893585205078125,0.998046875,0.0
geometry_dropout,test_seen,28,val:2008_000213:part_91,2008_000213,person,eyebrow,eyebrow,0.0552995391190052,0.10480349510908127,0.09677419066429138,0.0018804356222972274,9.763240814208984e-05,0.09027099609375,0.0
geometry_dropout,test_seen,29,val:2008_000213:part_93,2008_000213,person,hair,hair,0.7271126508712769,0.8419979810714722,0.15858209133148193,0.104599229991436,1.0,1.0,0.998046875
geometry_dropout,test_seen,30,val:2008_000213:part_94,2008_000213,person,lower arm,lower arm,0.5678513646125793,0.7243688702583313,0.017639903351664543,0.175350621342659,0.99462890625,1.0,0.02752685546875
geometry_dropout,test_seen,31,val:2008_000213:part_95,2008_000213,person,upper arm,upper arm,0.08130372315645218,0.1503809243440628,0.05397624894976616,0.018804356455802917,0.958984375,1.0,0.0012845993041992188
geometry_dropout,test_seen,32,val:2008_000213:part_96,2008_000213,person,hand,hand,0.5987584590911865,0.749029278755188,0.08399470895528793,0.1035023108124733,1.0,1.0,0.99853515625
geometry_dropout,test_seen,33,val:2008_000215:part_83,2008_000215,person,head,head,0.12277498841285706,0.21869918704032898,0.0,0.028837155550718307,1.0,1.0,1.0
geometry_dropout,test_seen,34,val:2008_000215:part_84,2008_000215,person,eye,eye,0.016260161995887756,0.03200000151991844,0.0,0.0008189050131477416,0.5927734375,0.99951171875,0.00018668174743652344
geometry_dropout,test_seen,35,val:2008_000215:part_85,2008_000215,person,torso,torso,0.2390454262495041,0.38585418462753296,0.05741724744439125,0.15026907622814178,1.0,1.0,1.0
geometry_dropout,test_seen,36,val:2008_000215:part_86,2008_000215,person,neck,neck,0.48580440878868103,0.6539278030395508,0.007380073890089989,0.011698642745614052,1.0,1.0,1.0
geometry_dropout,test_seen,37,val:2008_000215:part_89,2008_000215,person,nose,nose,0.12244898080825806,0.2181818187236786,0.0,0.004328497685492039,0.08404541015625,0.99853515625,5.364418029785156e-07
geometry_dropout,test_seen,38,val:2008_000215:part_91,2008_000215,person,eyebrow,eyebrow,0.0,0.0,0.0,5.849321314599365e-05,9.763240814208984e-05,0.09027099609375,0.0
geometry_dropout,test_seen,39,val:2008_000215:part_92,2008_000215,person,mouth,mouth,0.12121212482452393,0.21621622145175934,0.0058139534667134285,0.002924660686403513,1.0,1.0,0.9970703125
geometry_dropout,test_seen,40,val:2008_000215:part_93,2008_000215,person,hair,hair,0.4238682985305786,0.5953757166862488,0.10066666454076767,0.05393074452877045,1.0,1.0,0.998046875
geometry_dropout,test_seen,41,val:2008_000215:part_95,2008_000215,person,upper arm,upper arm,0.29624974727630615,0.4570874273777008,0.04035874456167221,0.08797379583120346,0.958984375,1.0,0.0012845993041992188
geometry_dropout,test_seen,42,val:2008_000223:part_83,2008_000223,person,head,head,0.15000000596046448,0.260869562625885,0.375,0.033930856734514236,1.0,1.0,1.0
geometry_dropout,test_seen,43,val:2008_000223:part_85,2008_000223,person,torso,torso,0.7654321193695068,0.867132842540741,0.015544041059911251,0.21062740683555603,1.0,1.0,1.0
geometry_dropout,test_seen,44,val:2008_000223:part_86,2008_000223,person,neck,neck,0.30000001192092896,0.4615384638309479,0.0,0.010883483104407787,1.0,1.0,1.0
geometry_dropout,test_seen,45,val:2008_000223:part_87,2008_000223,person,leg,leg,0.6280233263969421,0.7715163826942444,0.33538731932640076,0.5224071741104126,1.0,1.0,1.0
geometry_dropout,test_seen,46,val:2008_000223:part_89,2008_000223,person,nose,nose,0.0,0.0,0.0,0.001280409749597311,0.08404541015625,0.99853515625,5.364418029785156e-07
geometry_dropout,test_seen,47,val:2008_000223:part_90,2008_000223,person,ear,ear,0.0,0.0,0.0,0.0006402048747986555,0.0033893585205078125,0.998046875,0.0
geometry_dropout,test_seen,48,val:2008_000223:part_92,2008_000223,person,mouth,mouth,0.0,0.0,0.0,0.0019206146243959665,1.0,1.0,0.9970703125
geometry_dropout,test_seen,49,val:2008_000223:part_93,2008_000223,person,hair,hair,0.015384615398943424,0.03030303120613098,0.5446153879165649,0.0032010243739932775,1.0,1.0,0.998046875
geometry_dropout,test_seen,50,val:2008_000223:part_94,2008_000223,person,lower arm,lower arm,0.010309278033673763,0.020408162847161293,0.9166666865348816,0.047375161200761795,0.99462890625,1.0,0.02752685546875
geometry_dropout,test_seen,51,val:2008_000223:part_95,2008_000223,person,upper arm,upper arm,0.01593625545501709,0.0313725508749485,0.036363635212183,0.12804096937179565,0.958984375,1.0,0.0012845993041992188
geometry_dropout,test_seen,52,val:2008_000223:part_96,2008_000223,person,hand,hand,0.0,0.0,1.0,0.03329065442085266,1.0,1.0,0.99853515625
geometry_dropout,test_seen,53,val:2008_000233:part_83,2008_000233,person,head,head,0.6217070817947388,0.7667316198348999,0.11843711882829666,0.11701609194278717,1.0,1.0,1.0
geometry_dropout,test_seen,54,val:2008_000233:part_84,2008_000233,person,eye,eye,0.05590062215924263,0.10588235408067703,0.05095541477203369,0.0021127904765307903,0.5927734375,0.99951171875,0.00018668174743652344
geometry_dropout,test_seen,55,val:2008_000233:part_85,2008_000233,person,torso,torso,0.8039619326591492,0.8913291692733765,0.07118285447359085,0.5254347324371338,1.0,1.0,1.0
geometry_dropout,test_seen,56,val:2008_000233:part_86,2008_000233,person,neck,neck,0.37195122241973877,0.5422222018241882,0.009146341122686863,0.01982772722840309,1.0,1.0,1.0
geometry_dropout,test_seen,57,val:2008_000233:part_89,2008_000233,person,nose,nose,0.3737373650074005,0.5441176295280457,0.0,0.006013326812535524,0.08404541015625,0.99853515625,5.364418029785156e-07
geometry_dropout,test_seen,58,val:2008_000233:part_90,2008_000233,person,ear,ear,0.04878048598766327,0.09302325546741486,0.016129031777381897,0.003900536336004734,0.0033893585205078125,0.998046875,0.0
geometry_dropout,test_seen,59,val:2008_000233:part_91,2008_000233,person,eyebrow,eyebrow,0.0,0.0,0.0,0.004225580953061581,9.763240814208984e-05,0.09027099609375,0.0
geometry_dropout,test_seen,60,val:2008_000233:part_92,2008_000233,person,mouth,mouth,0.11258278042078018,0.2023809552192688,0.0,0.0029254022520035505,1.0,1.0,0.9970703125
geometry_dropout,test_seen,61,val:2008_000233:part_93,2008_000233,person,hair,hair,0.2834821343421936,0.44173914194107056,0.31308412551879883,0.02389078587293625,1.0,1.0,0.998046875
geometry_dropout,test_seen,62,val:2008_000233:part_94,2008_000233,person,lower arm,lower arm,0.6597145795822144,0.7949735522270203,0.18810679018497467,0.11181537806987762,0.99462890625,1.0,0.02752685546875
geometry_dropout,test_seen,63,val:2008_000233:part_95,2008_000233,person,upper arm,upper arm,0.6027576923370361,0.7521507740020752,0.056367430835962296,0.16317243874073029,0.958984375,1.0,0.0012845993041992188
geometry_dropout,test_seen,64,val:2008_000233:part_96,2008_000233,person,hand,hand,0.14457830786705017,0.2526315748691559,0.42168673872947693,0.005850804504007101,1.0,1.0,0.99853515625
geometry_dropout,test_seen,65,val:2008_000234:part_83,2008_000234,person,head,head,0.5095118284225464,0.6750683784484863,0.03994027525186539,0.14208590984344482,1.0,1.0,1.0
geometry_dropout,test_seen,66,val:2008_000234:part_84,2008_000234,person,eye,eye,0.01056338008493185,0.02090592309832573,0.0,0.00209428952075541,0.5927734375,0.99951171875,0.00018668174743652344
geometry_dropout,test_seen,67,val:2008_000234:part_85,2008_000234,person,torso,torso,0.3884274959564209,0.559521496295929,0.051877133548259735,0.13370876014232635,1.0,1.0,1.0
geometry_dropout,test_seen,68,val:2008_000234:part_86,2008_000234,person,neck,neck,0.0,0.0,0.0,0.01447386760264635,1.0,1.0,1.0
geometry_dropout,test_seen,69,val:2008_000234:part_89,2008_000234,person,nose,nose,0.4029850661754608,0.5744680762290955,0.0,0.008702936582267284,0.08404541015625,0.99853515625,5.364418029785156e-07
geometry_dropout,test_seen,70,val:2008_000234:part_91,2008_000234,person,eyebrow,eyebrow,0.1031746044754982,0.18705035746097565,0.0,0.0021408293396234512,9.763240814208984e-05,0.09027099609375,0.0
geometry_dropout,test_seen,71,val:2008_000234:part_92,2008_000234,person,mouth,mouth,0.219321146607399,0.35974302887916565,0.0,0.00977335125207901,1.0,1.0,0.9970703125
geometry_dropout,test_seen,72,val:2008_000234:part_93,2008_000234,person,hair,hair,0.2500962018966675,0.40012311935424805,0.1585657298564911,0.034392889589071274,1.0,1.0,0.998046875
geometry_dropout,test_seen,73,val:2008_000254:part_83,2008_000254,person,head,head,0.0,0.0,0.6470588445663452,0.016091953963041306,1.0,1.0,1.0
geometry_dropout,test_seen,74,val:2008_000254:part_85,2008_000254,person,torso,torso,0.0051282052882015705,0.010204081423580647,0.7198581695556641,0.05517241358757019,1.0,1.0,1.0
geometry_dropout,test_seen,75,val:2008_000254:part_87,2008_000254,person,leg,leg,0.04801670089364052,0.09163346886634827,0.6659619212150574,0.06666667014360428,1.0,1.0,1.0
geometry_dropout,test_seen,76,val:2008_000254:part_88,2008_000254,person,foot,foot,0.0,0.0,1.0,0.004597701132297516,1.0,1.0,0.81298828125
geometry_dropout,test_seen,77,val:2008_000254:part_94,2008_000254,person,lower arm,lower arm,0.0,0.0,0.0,0.004597701132297516,0.99462890625,1.0,0.02752685546875
geometry_dropout,test_seen,78,val:2008_000271:part_83,2008_000271,person,head,head,0.6379032135009766,0.7789266109466553,0.01316872425377369,0.11219578981399536,1.0,1.0,1.0
geometry_dropout,test_seen,79,val:2008_000271:part_84,2008_000271,person,eye,eye,0.08366534113883972,0.15441176295280457,0.0,0.003849855624139309,0.5927734375,0.99951171875,0.00018668174743652344
geometry_dropout,test_seen,80,val:2008_000271:part_85,2008_000271,person,torso,torso,0.6003636121749878,0.7502840161323547,0.08536585420370102,0.477382093667984,1.0,1.0,1.0
geometry_dropout,test_seen,81,val:2008_000271:part_86,2008_000271,person,neck,neck,0.6666666865348816,0.800000011920929,0.0,0.045923277735710144,1.0,1.0,1.0
geometry_dropout,test_seen,82,val:2008_000271:part_89,2008_000271,person,nose,nose,0.5400000214576721,0.701298713684082,0.0,0.01278702076524496,0.08404541015625,0.99853515625,5.364418029785156e-07
geometry_dropout,test_seen,83,val:2008_000271:part_90,2008_000271,person,ear,ear,0.1666666716337204,0.2857142984867096,0.0,0.0019249278120696545,0.0033893585205078125,0.998046875,0.0
geometry_dropout,test_seen,84,val:2008_000271:part_91,2008_000271,person,eyebrow,eyebrow,0.020618556067347527,0.04040404036641121,0.0,0.0021999175660312176,9.763240814208984e-05,0.09027099609375,0.0
geometry_dropout,test_seen,85,val:2008_000271:part_92,2008_000271,person,mouth,mouth,0.47643980383872986,0.6453900933265686,0.0,0.014711948111653328,1.0,1.0,0.9970703125
geometry_dropout,test_seen,86,val:2008_000271:part_93,2008_000271,person,hair,hair,0.5061525702476501,0.672113299369812,0.1029023751616478,0.09610889852046967,1.0,1.0,0.998046875
geometry_dropout,test_seen,87,val:2008_000271:part_94,2008_000271,person,lower arm,lower arm,0.1774960309267044,0.3014804720878601,0.2257462739944458,0.028461432084441185,0.99462890625,1.0,0.02752685546875
geometry_dropout,test_seen,88,val:2008_000271:part_95,2008_000271,person,upper arm,upper arm,0.1978902965784073,0.3303980231285095,0.2318214476108551,0.19936752319335938,0.958984375,1.0,0.0012845993041992188
geometry_dropout,test_seen,89,val:2008_000345:part_42,2008_000345,cat,tail,tail,0.44197529554367065,0.6130136847496033,0.40317460894584656,0.07060367614030838,0.9697265625,1.0,0.0005617141723632812
geometry_dropout,test_seen,90,val:2008_000345:part_43,2008_000345,cat,head,head,0.6744827628135681,0.8056012988090515,0.07517241686582565,0.12834645807743073,1.0,1.0,1.0
geometry_dropout,test_seen,91,val:2008_000345:part_44,2008_000345,cat,eye,eye,0.15422885119915009,0.26724138855934143,0.0,0.008792650885879993,0.5927734375,0.99951171875,0.00018668174743652344
geometry_dropout,test_seen,92,val:2008_000345:part_45,2008_000345,cat,torso,torso,0.8541733026504517,0.921352207660675,0.07056353986263275,0.7090551257133484,1.0,1.0,1.0
geometry_dropout,test_seen,93,val:2008_000345:part_46,2008_000345,cat,neck,neck,0.15286624431610107,0.265193372964859,0.062211982905864716,0.014304461888968945,1.0,1.0,1.0
geometry_dropout,test_seen,94,val:2008_000345:part_47,2008_000345,cat,leg,leg,0.05175292119383812,0.09841269999742508,0.1894736886024475,0.007874015718698502,1.0,1.0,1.0
geometry_dropout,test_seen,95,val:2008_000345:part_48,2008_000345,cat,nose,nose,0.08965517580509186,0.16455696523189545,0.0,0.001706036739051342,0.08404541015625,0.99853515625,5.364418029785156e-07
geometry_dropout,test_seen,96,val:2008_000345:part_49,2008_000345,cat,paw,paw,0.22857142984867096,0.3720930218696594,0.6357142925262451,0.008398950099945068,0.9912109375,1.0,0.0014209747314453125
geometry_dropout,test_seen,97,val:2008_000345:part_50,2008_000345,cat,ear,ear,0.476843923330307,0.645760715007782,0.3489208519458771,0.04002624750137329,0.0033893585205078125,0.998046875,0.0
geometry_dropout,test_seen,98,val:2008_000359:part_83,2008_000359,person,head,head,0.3952297866344452,0.5665443539619446,0.02549772895872593,0.12666095793247223,1.0,1.0,1.0
geometry_dropout,test_seen,99,val:2008_000359:part_84,2008_000359,person,eye,eye,0.2626728117465973,0.41605839133262634,0.0,0.0021960025187581778,0.5927734375,0.99951171875,0.00018668174743652344
geometry_dropout,test_seen,100,val:2008_000359:part_85,2008_000359,person,torso,torso,0.18796992301940918,0.3164556920528412,0.04339180514216423,0.09926676005125046,1.0,1.0,1.0
geometry_dropout,test_seen,101,val:2008_000359:part_86,2008_000359,person,neck,neck,0.5111371874809265,0.6764934062957764,0.003284072270616889,0.025309858843684196,1.0,1.0,1.0
geometry_dropout,test_seen,102,val:2008_000359:part_89,2008_000359,person,nose,nose,0.7466307282447815,0.854938268661499,0.0,0.012022183276712894,0.08404541015625,0.99853515625,5.364418029785156e-07
geometry_dropout,test_seen,103,val:2008_000359:part_90,2008_000359,person,ear,ear,0.3870967626571655,0.5581395626068115,0.04923076927661896,0.00550861656665802,0.0033893585205078125,0.998046875,0.0
geometry_dropout,test_seen,104,val:2008_000359:part_91,2008_000359,person,eyebrow,eyebrow,0.23137876391410828,0.3758043646812439,0.0,0.006066922098398209,9.763240814208984e-05,0.09027099609375,0.0
geometry_dropout,test_seen,105,val:2008_000359:part_92,2008_000359,person,mouth,mouth,0.5579515099525452,0.7162629961967468,0.0,0.008002381771802902,1.0,1.0,0.9970703125
geometry_dropout,test_seen,106,val:2008_000359:part_93,2008_000359,person,hair,hair,0.43386387825012207,0.6051674485206604,0.07066741585731506,0.06174861267209053,1.0,1.0,0.998046875
geometry_dropout,test_seen,107,val:2008_000391:part_97,2008_000391,pottedplant,pot,pot,0.05028386041522026,0.09575289487838745,0.028985507786273956,0.10539538413286209,1.0,1.0,0.9990234375
geometry_dropout,test_seen,108,val:2008_000391:part_98,2008_000391,pottedplant,plant,plant,0.3762865364551544,0.5468142628669739,0.28253889083862305,0.31546837091445923,1.0,1.0,1.0
geometry_dropout,test_seen,109,val:2008_000401:part_43,2008_000401,cat,head,head,0.626557469367981,0.7704092860221863,0.07470227032899857,0.132429838180542,1.0,1.0,1.0
geometry_dropout,test_seen,110,val:2008_000401:part_44,2008_000401,cat,eye,eye,0.19209039211273193,0.3222748935222626,0.0,0.003535390831530094,0.5927734375,0.99951171875,0.00018668174743652344
geometry_dropout,test_seen,111,val:2008_000401:part_45,2008_000401,cat,torso,torso,0.8557733297348022,0.9222821593284607,0.04436595365405083,0.7419164776802063,1.0,1.0,1.0
geometry_dropout,test_seen,112,val:2008_000401:part_46,2008_000401,cat,neck,neck,0.42055442929267883,0.5920990109443665,0.026277372613549232,0.05384105443954468,1.0,1.0,1.0
geometry_dropout,test_seen,113,val:2008_000401:part_47,2008_000401,cat,leg,leg,0.22083333134651184,0.361774742603302,0.018018018454313278,0.03203947842121124,1.0,1.0,1.0
geometry_dropout,test_seen,114,val:2008_000401:part_48,2008_000401,cat,nose,nose,0.0416666679084301,0.07999999821186066,0.1428571492433548,0.000294615892926231,0.08404541015625,0.99853515625,5.364418029785156e-07
geometry_dropout,test_seen,115,val:2008_000401:part_50,2008_000401,cat,ear,ear,0.4948335289955139,0.6620583534240723,0.37353628873825073,0.03299697861075401,0.0033893585205078125,0.998046875,0.0
geometry_dropout,test_seen,116,val:2008_000464:part_43,2008_000464,cat,head,head,0.7702582478523254,0.8702213168144226,0.0199637021869421,0.11420468986034393,1.0,1.0,1.0
geometry_dropout,test_seen,117,val:2008_000464:part_44,2008_000464,cat,eye,eye,0.21596243977546692,0.35521236062049866,0.004694835748523474,0.005929363425821066,0.5927734375,0.99951171875,0.00018668174743652344
geometry_dropout,test_seen,118,val:2008_000464:part_45,2008_000464,cat,torso,torso,0.577464759349823,0.7321428656578064,0.11291380226612091,0.455014169216156,1.0,1.0,1.0
geometry_dropout,test_seen,119,val:2008_000464:part_46,2008_000464,cat,neck,neck,0.532608687877655,0.695035457611084,0.040139615535736084,0.05336426943540573,1.0,1.0,1.0
geometry_dropout,test_seen,120,val:2008_000464:part_47,2008_000464,cat,leg,leg,0.5319548845291138,0.6944785118103027,0.09250398725271225,0.28280484676361084,1.0,1.0,1.0
geometry_dropout,test_seen,121,val:2008_000464:part_48,2008_000464,cat,nose,nose,0.2112676054239273,0.3488371968269348,0.0,0.0019334880635142326,0.08404541015625,0.99853515625,5.364418029785156e-07
geometry_dropout,test_seen,122,val:2008_000464:part_49,2008_000464,cat,paw,paw,0.20958083868026733,0.3465346395969391,0.578294575214386,0.04704820737242699,0.9912109375,1.0,0.0014209747314453125
geometry_dropout,test_seen,123,val:2008_000464:part_50,2008_000464,cat,ear,ear,0.4098360538482666,0.5813953280448914,0.21645021438598633,0.029131218791007996,0.0033893585205078125,0.998046875,0.0
geometry_dropout,test_seen,124,val:2008_000469:part_83,2008_000469,person,head,head,0.0,0.0,0.0,0.026455026119947433,1.0,1.0,1.0
geometry_dropout,test_seen,125,val:2008_000469:part_85,2008_000469,person,torso,torso,0.171875,0.2933333218097687,0.3918918967247009,0.2063492089509964,1.0,1.0,1.0
geometry_dropout,test_seen,126,val:2008_000469:part_87,2008_000469,person,leg,leg,0.16239316761493683,0.27941176295280457,0.6187499761581421,0.23280423879623413,1.0,1.0,1.0
geometry_dropout,test_seen,127,val:2008_000469:part_88,2008_000469,person,foot,foot,0.02469135820865631,0.048192769289016724,0.9615384340286255,0.013227513059973717,1.0,1.0,0.81298828125
geometry_dropout,test_seen,128,val:2008_000469:part_94,2008_000469,person,lower arm,lower arm,0.0,0.0,0.0,0.026455026119947433,0.99462890625,1.0,0.02752685546875
geometry_dropout,test_seen,129,val:2008_000469:part_95,2008_000469,person,upper arm,upper arm,0.0,0.0,0.0,0.05291005223989487,0.958984375,1.0,0.0012845993041992188
geometry_dropout,test_seen,130,val:2008_000469:part_96,2008_000469,person,hand,hand,0.0,0.0,0.0,0.01587301678955555,1.0,1.0,0.99853515625
geometry_dropout,test_seen,131,val:2008_000474:part_83,2008_000474,person,head,head,0.47422680258750916,0.6433566212654114,0.0,0.04729029908776283,1.0,1.0,1.0
geometry_dropout,test_seen,132,val:2008_000474:part_84,2008_000474,person,eye,eye,0.0,0.0,0.0,0.00034518467145971954,0.5927734375,0.99951171875,0.00018668174743652344
geometry_dropout,test_seen,133,val:2008_000474:part_85,2008_000474,person,torso,torso,0.5247422456741333,0.6883029341697693,0.25863873958587646,0.18087676167488098,1.0,1.0,1.0
geometry_dropout,test_seen,134,val:2008_000474:part_86,2008_000474,person,neck,neck,0.03333333507180214,0.06451612710952759,0.0,0.012426648288965225,1.0,1.0,1.0
geometry_dropout,test_seen,135,val:2008_000474:part_87,2008_000474,person,leg,leg,0.6148043274879456,0.7614598274230957,0.2928123474121094,0.46668967604637146,1.0,1.0,1.0
geometry_dropout,test_seen,136,val:2008_000474:part_88,2008_000474,person,foot,foot,0.5193965435028076,0.6836879253387451,0.21391752362251282,0.10942354053258896,1.0,1.0,0.81298828125
geometry_dropout,test_seen,137,val:2008_000474:part_89,2008_000474,person,nose,nose,0.0,0.0,0.0,0.004487400874495506,0.08404541015625,0.99853515625,5.364418029785156e-07
geometry_dropout,test_seen,138,val:2008_000474:part_90,2008_000474,person,ear,ear,0.0,0.0,0.0,0.0020711079705506563,0.0033893585205078125,0.998046875,0.0
geometry_dropout,test_seen,139,val:2008_000474:part_91,2008_000474,person,eyebrow,eyebrow,0.0,0.0,0.0,0.00034518467145971954,9.763240814208984e-05,0.09027099609375,0.0
geometry_dropout,test_seen,140,val:2008_000474:part_92,2008_000474,person,mouth,mouth,0.0,0.0,0.0,0.0006903693429194391,1.0,1.0,0.9970703125
geometry_dropout,test_seen,141,val:2008_000474:part_93,2008_000474,person,hair,hair,0.36401674151420593,0.5337423086166382,0.08522727340459824,0.05177770182490349,1.0,1.0,0.998046875
geometry_dropout,test_seen,142,val:2008_000474:part_94,2008_000474,person,lower arm,lower arm,0.0,0.0,0.8181818127632141,0.01656886376440525,0.99462890625,1.0,0.02752685546875
geometry_dropout,test_seen,143,val:2008_000474:part_95,2008_000474,person,upper arm,upper arm,0.31789472699165344,0.48242810368537903,0.5088235139846802,0.09872281551361084,0.958984375,1.0,0.0012845993041992188
geometry_dropout,test_seen,144,val:2008_000510:part_83,2008_000510,person,head,head,0.5301724076271057,0.6929577589035034,0.36888888478279114,0.059605684131383896,1.0,1.0,1.0
geometry_dropout,test_seen,145,val:2008_000510:part_84,2008_000510,person,eye,eye,0.0,0.0,0.0,0.0009170105331577361,0.5927734375,0.99951171875,0.00018668174743652344
geometry_dropout,test_seen,146,val:2008_000510:part_85,2008_000510,person,torso,torso,0.6784141063690186,0.808398962020874,0.16022099554538727,0.28381475806236267,1.0,1.0,1.0
geometry_dropout,test_seen,147,val:2008_000510:part_87,2008_000510,person,leg,leg,0.44811633229255676,0.6188954710960388,0.3056197166442871,0.4089867174625397,1.0,1.0,1.0
geometry_dropout,test_seen,148,val:2008_000510:part_88,2008_000510,person,foot,foot,0.0,0.0,0.6534653306007385,0.03530490770936012,1.0,1.0,0.81298828125
geometry_dropout,test_seen,149,val:2008_000510:part_89,2008_000510,person,nose,nose,0.0,0.0,0.0,0.0018340210663154721,0.08404541015625,0.99853515625,5.364418029785156e-07
geometry_dropout,test_seen,150,val:2008_000510:part_90,2008_000510,person,ear,ear,0.0,0.0,0.0,0.0009170105331577361,0.0033893585205078125,0.998046875,0.0
geometry_dropout,test_seen,151,val:2008_000510:part_91,2008_000510,person,eyebrow,eyebrow,0.0,0.0,0.0,0.00045850526657886803,9.763240814208984e-05,0.09027099609375,0.0
geometry_dropout,test_seen,152,val:2008_000510:part_92,2008_000510,person,mouth,mouth,0.0,0.0,0.0,0.0013755158288404346,1.0,1.0,0.9970703125
geometry_dropout,test_seen,153,val:2008_000510:part_93,2008_000510,person,hair,hair,0.07526881992816925,0.14000000059604645,0.3333333432674408,0.008711599744856358,1.0,1.0,0.998046875
geometry_dropout,test_seen,154,val:2008_000510:part_94,2008_000510,person,lower arm,lower arm,0.3086419701576233,0.4716981053352356,0.3405994474887848,0.07473635673522949,0.99462890625,1.0,0.02752685546875
geometry_dropout,test_seen,155,val:2008_000510:part_95,2008_000510,person,upper arm,upper arm,0.2014217972755432,0.33530572056770325,0.23512747883796692,0.07060981541872025,0.958984375,1.0,0.0012845993041992188
geometry_dropout,test_seen,156,val:2008_000510:part_96,2008_000510,person,hand,hand,0.1599999964237213,0.27586206793785095,0.6883116960525513,0.03117835894227028,1.0,1.0,0.99853515625
geometry_dropout,test_seen,157,val:2008_000573:part_83,2008_000573,person,head,head,0.5614035129547119,0.7191011309623718,0.09327846020460129,0.031071579083800316,1.0,1.0,1.0
geometry_dropout,test_seen,158,val:2008_000573:part_84,2008_000573,person,eye,eye,0.012987012974917889,0.025641025975346565,0.2467532455921173,6.009976641507819e-05,0.5927734375,0.99951171875,0.00018668174743652344
geometry_dropout,test_seen,159,val:2008_000573:part_85,2008_000573,person,torso,torso,0.4355660676956177,0.6068213582038879,0.1875796765089035,0.14399904012680054,1.0,1.0,1.0
geometry_dropout,test_seen,160,val:2008_000573:part_86,2008_000573,person,neck,neck,0.4159663915634155,0.5875371098518372,0.01084010861814022,0.01833042874932289,1.0,1.0,1.0
geometry_dropout,test_seen,161,val:2008_000573:part_89,2008_000573,person,nose,nose,0.05000000074505806,0.095238097012043,0.3916666805744171,0.0007211971678771079,0.08404541015625,0.99853515625,5.364418029785156e-07
geometry_dropout,test_seen,162,val:2008_000573:part_90,2008_000573,person,ear,ear,0.2885572016239166,0.4478764533996582,0.0,0.0038463850505650043,0.0033893585205078125,0.998046875,0.0
geometry_dropout,test_seen,163,val:2008_000573:part_91,2008_000573,person,eyebrow,eyebrow,0.0,0.0,0.0,0.00048079813132062554,9.763240814208984e-05,0.09027099609375,0.0
geometry_dropout,test_seen,164,val:2008_000573:part_92,2008_000573,person,mouth,mouth,0.010416666977107525,0.020618556067347527,0.23333333432674408,0.00042069837218150496,1.0,1.0,0.9970703125
geometry_dropout,test_seen,165,val:2008_000573:part_93,2008_000573,person,hair,hair,0.654185950756073,0.7909460663795471,0.0923076942563057,0.10349179804325104,1.0,1.0,0.998046875
geometry_dropout,test_seen,166,val:2008_000573:part_94,2008_000573,person,lower arm,lower arm,0.0,0.0,0.734375,0.004868080839514732,0.99462890625,1.0,0.02752685546875
geometry_dropout,test_seen,167,val:2008_000573:part_95,2008_000573,person,upper arm,upper arm,0.5619959831237793,0.719586968421936,0.1539812684059143,0.0835987776517868,0.958984375,1.0,0.0012845993041992188
geometry_dropout,test_seen,168,val:2008_000602:part_71,2008_000602,horse,head,head,0.6018084287643433,0.7514112591743469,0.05783839896321297,0.3690231740474701,1.0,1.0,1.0
geometry_dropout,test_seen,169,val:2008_000602:part_72,2008_000602,horse,eye,eye,0.3588709533214569,0.5281898975372314,0.0,0.008702454157173634,0.5927734375,0.99951171875,0.00018668174743652344
geometry_dropout,test_seen,170,val:2008_000602:part_73,2008_000602,horse,torso,torso,0.007175473030656576,0.01424870453774929,0.1223069280385971,0.006942407228052616,1.0,1.0,1.0
geometry_dropout,test_seen,171,val:2008_000602:part_74,2008_000602,horse,neck,neck,0.6587191820144653,0.7942503690719604,0.11835816502571106,0.23721522092819214,1.0,1.0,1.0
geometry_dropout,test_seen,172,val:2008_000602:part_76,2008_000602,horse,ear,ear,0.3761363625526428,0.5466556549072266,0.4540390074253082,0.04820572957396507,0.0033893585205078125,0.998046875,0.0
geometry_dropout,test_seen,173,val:2008_000602:part_77,2008_000602,horse,muzzle,muzzle,0.7193030714988708,0.8367379903793335,0.1357041299343109,0.2642025947570801,0.95166015625,1.0,0.0015668869018554688
geometry_dropout,test_seen,174,val:2008_000630:part_83,2008_000630,person,head,head,0.0,0.0,0.0,0.0013723695883527398,1.0,1.0,1.0
geometry_dropout,test_seen,175,val:2008_000630:part_85,2008_000630,person,torso,torso,0.5153846144676208,0.6802030205726624,0.14918190240859985,0.2456541657447815,1.0,1.0,1.0
geometry_dropout,test_seen,176,val:2008_000630:part_86,2008_000630,person,neck,neck,0.14960630238056183,0.2602739632129669,0.11666666716337204,0.011893870308995247,1.0,1.0,1.0
geometry_dropout,test_seen,177,val:2008_000630:part_87,2008_000630,person,leg,leg,0.34728339314460754,0.5155313611030579,0.3642241358757019,0.4149130880832672,1.0,1.0,1.0
geometry_dropout,test_seen,178,val:2008_000630:part_88,2008_000630,person,foot,foot,0.02821316570043564,0.05487804859876633,0.5414634346961975,0.0562671534717083,1.0,1.0,0.81298828125
geometry_dropout,test_seen,179,val:2008_000630:part_90,2008_000630,person,ear,ear,0.0,0.0,0.0,0.0009149130783043802,0.0033893585205078125,0.998046875,0.0
geometry_dropout,test_seen,180,val:2008_000630:part_93,2008_000630,person,hair,hair,0.517241358757019,0.6818181872367859,0.4285714328289032,0.06175663322210312,1.0,1.0,0.998046875
geometry_dropout,test_seen,181,val:2008_000630:part_94,2008_000630,person,lower arm,lower arm,0.104347825050354,0.18897637724876404,0.817241370677948,0.04162854701280594,0.99462890625,1.0,0.02752685546875
geometry_dropout,test_seen,182,val:2008_000630:part_95,2008_000630,person,upper arm,upper arm,0.0996563583612442,0.18125000596046448,0.7344064116477966,0.06541628390550613,0.958984375,1.0,0.0012845993041992188
geometry_dropout,test_seen,183,val:2008_000630:part_96,2008_000630,person,hand,hand,0.07829181849956512,0.1452145278453827,0.7604562640190125,0.018298260867595673,1.0,1.0,0.99853515625
geometry_dropout,test_seen,184,val:2008_000657:part_109,2008_000657,train,head,head,0.0060240961611270905,0.011976048350334167,0.17862166464328766,0.012728392146527767,1.0,1.0,1.0
geometry_dropout,test_seen,185,val:2008_000657:part_110,2008_000657,train,front,front,0.8975168466567993,0.9459909200668335,0.07358436286449432,0.6427838206291199,1.0,1.0,1.0
geometry_dropout,test_seen,186,val:2008_000657:part_111,2008_000657,train,side,side,0.6646469235420227,0.7985440492630005,0.08266603946685791,0.2973721921443939,1.0,1.0,0.99755859375
geometry_dropout,test_seen,187,val:2008_000657:part_114,2008_000657,train,coach,coach,0.0010381521424278617,0.0020741508342325687,0.02931785210967064,0.04229111224412918,1.0,1.0,1.0
geometry_dropout,test_seen,188,val:2008_000661:part_85,2008_000661,person,torso,torso,0.0,0.0,0.0211267601698637,0.00018532246758695692,1.0,1.0,1.0
geometry_dropout,test_seen,189,val:2008_000662:part_83,2008_000662,person,head,head,0.6789544224739075,0.8087824583053589,0.021739130839705467,0.2214241772890091,1.0,1.0,1.0
geometry_dropout,test_seen,190,val:2008_000662:part_84,2008_000662,person,eye,eye,0.06737588346004486,0.12624584138393402,0.0,0.005540734622627497,0.5927734375,0.99951171875,0.00018668174743652344
geometry_dropout,test_seen,191,val:2008_000662:part_85,2008_000662,person,torso,torso,0.18790698051452637,0.3163664937019348,0.4266517460346222,0.07880155742168427,1.0,1.0,1.0
geometry_dropout,test_seen,192,val:2008_000662:part_87,2008_000662,person,leg,leg,0.4791344702243805,0.6478579044342041,0.36629435420036316,0.35727477073669434,1.0,1.0,1.0
geometry_dropout,test_seen,193,val:2008_000662:part_88,2008_000662,person,foot,foot,0.28331178426742554,0.4415322542190552,0.18918919563293457,0.10486353188753128,1.0,1.0,0.81298828125
geometry_dropout,test_seen,194,val:2008_000662:part_89,2008_000662,person,nose,nose,0.3949579894542694,0.5662650465965271,0.0,0.009850194677710533,0.08404541015625,0.99853515625,5.364418029785156e-07
geometry_dropout,test_seen,195,val:2008_000662:part_90,2008_000662,person,ear,ear,0.4343434274196625,0.6056337952613831,0.22972972691059113,0.01395444292575121,0.0033893585205078125,0.998046875,0.0
geometry_dropout,test_seen,196,val:2008_000662:part_91,2008_000662,person,eyebrow,eyebrow,0.007936508394777775,0.015748031437397003,0.0,0.0006156371673569083,9.763240814208984e-05,0.09027099609375,0.0
geometry_dropout,test_seen,197,val:2008_000662:part_92,2008_000662,person,mouth,mouth,0.14444445073604584,0.25242719054222107,0.0,0.004309460520744324,1.0,1.0,0.9970703125
geometry_dropout,test_seen,198,val:2008_000662:part_93,2008_000662,person,hair,hair,0.345541387796402,0.5136094689369202,0.09279999881982803,0.045146726071834564,1.0,1.0,0.998046875
geometry_dropout,test_seen,199,val:2008_000662:part_94,2008_000662,person,lower arm,lower arm,0.43302538990974426,0.6043513417243958,0.11925465613603592,0.08947260677814484,0.99462890625,1.0,0.02752685546875
geometry_dropout,test_seen,200,val:2008_000662:part_96,2008_000662,person,hand,hand,0.2113606333732605,0.34896400570869446,0.33695653080940247,0.05602298304438591,1.0,1.0,0.99853515625
geometry_dropout,test_seen,201,val:2008_000666:part_83,2008_000666,person,head,head,0.5559105277061462,0.7145790457725525,0.1753554493188858,0.1531631499528885,1.0,1.0,1.0
geometry_dropout,test_seen,202,val:2008_000666:part_84,2008_000666,person,eye,eye,0.0,0.0,0.0,0.0005549389752559364,0.5927734375,0.99951171875,0.00018668174743652344
geometry_dropout,test_seen,203,val:2008_000666:part_85,2008_000666,person,torso,torso,0.6643741130828857,0.7983471155166626,0.05271565541625023,0.3240843415260315,1.0,1.0,1.0
geometry_dropout,test_seen,204,val:2008_000666:part_87,2008_000666,person,leg,leg,0.6499999761581421,0.7878788113594055,0.17499999701976776,0.2386237531900406,1.0,1.0,1.0
geometry_dropout,test_seen,205,val:2008_000666:part_88,2008_000666,person,foot,foot,0.26885247230529785,0.4237726032733917,0.4115646183490753,0.05160932242870331,1.0,1.0,0.81298828125
geometry_dropout,test_seen,206,val:2008_000666:part_89,2008_000666,person,nose,nose,0.0,0.0,0.0,0.0011098779505118728,0.08404541015625,0.99853515625,5.364418029785156e-07
geometry_dropout,test_seen,207,val:2008_000666:part_90,2008_000666,person,ear,ear,0.0,0.0,0.7142857313156128,0.0005549389752559364,0.0033893585205078125,0.998046875,0.0
geometry_dropout,test_seen,208,val:2008_000666:part_92,2008_000666,person,mouth,mouth,0.0,0.0,0.0,0.0011098779505118728,1.0,1.0,0.9970703125
geometry_dropout,test_seen,209,val:2008_000666:part_94,2008_000666,person,lower arm,lower arm,0.4170403480529785,0.5886076092720032,0.29032257199287415,0.07214206457138062,0.99462890625,1.0,0.02752685546875
geometry_dropout,test_seen,210,val:2008_000666:part_95,2008_000666,person,upper arm,upper arm,0.27136752009391785,0.4268907606601715,0.27014216780662537,0.0960044413805008,0.958984375,1.0,0.0012845993041992188
geometry_dropout,test_seen,211,val:2008_000666:part_96,2008_000666,person,hand,hand,0.14798206090927124,0.2578125,0.8232323527336121,0.03218645974993706,1.0,1.0,0.99853515625
geometry_dropout,test_seen,212,val:2008_000673:part_83,2008_000673,person,head,head,0.4611110985279083,0.6311787366867065,0.0793650820851326,0.032422199845314026,1.0,1.0,1.0
geometry_dropout,test_seen,213,val:2008_000673:part_84,2008_000673,person,eye,eye,0.0,0.0,0.0,0.00011832918971776962,0.5927734375,0.99951171875,0.00018668174743652344
geometry_dropout,test_seen,214,val:2008_000673:part_85,2008_000673,person,torso,torso,0.34284257888793945,0.5106221437454224,0.12634271383285522,0.08058217912912369,1.0,1.0,1.0
geometry_dropout,test_seen,215,val:2008_000673:part_87,2008_000673,person,leg,leg,0.012802560813724995,0.025281453505158424,0.1480296105146408,0.007573068141937256,1.0,1.0,1.0
geometry_dropout,test_seen,216,val:2008_000673:part_88,2008_000673,person,foot,foot,0.0,0.0,0.27664974331855774,0.008401372469961643,1.0,1.0,0.81298828125
geometry_dropout,test_seen,217,val:2008_000673:part_89,2008_000673,person,nose,nose,0.0,0.0,0.0,0.00023665837943553925,0.08404541015625,0.99853515625,5.364418029785156e-07
geometry_dropout,test_seen,218,val:2008_000673:part_90,2008_000673,person,ear,ear,0.0,0.0,0.260869562625885,0.00023665837943553925,0.0033893585205078125,0.998046875,0.0
geometry_dropout,test_seen,219,val:2008_000673:part_93,2008_000673,person,hair,hair,0.0,0.0,0.16410256922245026,0.0014199502766132355,1.0,1.0,0.998046875
geometry_dropout,test_seen,220,val:2008_000673:part_94,2008_000673,person,lower arm,lower arm,0.0,0.0,0.20941883325576782,0.0004733167588710785,0.99462890625,1.0,0.02752685546875
geometry_dropout,test_seen,221,val:2008_000673:part_95,2008_000673,person,upper arm,upper arm,0.014285714365541935,0.028169013559818268,0.1497294008731842,0.0048514967784285545,0.958984375,1.0,0.0012845993041992188
geometry_dropout,test_seen,222,val:2008_000673:part_96,2008_000673,person,hand,hand,0.0,0.0,0.298820436000824,0.0008283043280243874,1.0,1.0,0.99853515625
geometry_dropout,test_seen,223,val:2008_000700:part_83,2008_000700,person,head,head,0.47111111879348755,0.6404833793640137,0.07908163219690323,0.08533501625061035,1.0,1.0,1.0
geometry_dropout,test_seen,224,val:2008_000700:part_84,2008_000700,person,eye,eye,0.0,0.0,0.0,0.0022123893722891808,0.5927734375,0.99951171875,0.00018668174743652344
geometry_dropout,test_seen,225,val:2008_000700:part_85,2008_000700,person,torso,torso,0.3279901444911957,0.4939647316932678,0.18951357901096344,0.18046776950359344,1.0,1.0,1.0
geometry_dropout,test_seen,226,val:2008_000700:part_86,2008_000700,person,neck,neck,0.4000000059604645,0.5714285969734192,0.0,0.04329961910843849,1.0,1.0,1.0
geometry_dropout,test_seen,227,val:2008_000700:part_87,2008_000700,person,leg,leg,0.5623441338539124,0.7198722958564758,0.3072020411491394,0.29614412784576416,1.0,1.0,1.0
geometry_dropout,test_seen,228,val:2008_000700:part_88,2008_000700,person,foot,foot,0.4292237460613251,0.6006389856338501,0.34246575832366943,0.05278129130601883,1.0,1.0,0.81298828125
geometry_dropout,test_seen,229,val:2008_000700:part_89,2008_000700,person,nose,nose,0.09909909963607788,0.1803278625011444,0.0,0.005689001176506281,0.08404541015625,0.99853515625,5.364418029785156e-07
geometry_dropout,test_seen,230,val:2008_000700:part_90,2008_000700,person,ear,ear,0.0,0.0,0.0,0.0028445005882531404,0.0033893585205078125,0.998046875,0.0
geometry_dropout,test_seen,231,val:2008_000700:part_91,2008_000700,person,eyebrow,eyebrow,0.0,0.0,0.0,0.0006321112741716206,9.763240814208984e-05,0.09027099609375,0.0
geometry_dropout,test_seen,232,val:2008_000700:part_92,2008_000700,person,mouth,mouth,0.0746268630027771,0.1388888955116272,0.0,0.003792667528614402,1.0,1.0,0.9970703125
geometry_dropout,test_seen,233,val:2008_000700:part_93,2008_000700,person,hair,hair,0.29729729890823364,0.4583333432674408,0.13483145833015442,0.03919089585542679,1.0,1.0,0.998046875
geometry_dropout,test_seen,234,val:2008_000700:part_94,2008_000700,person,lower arm,lower arm,0.3054393231868744,0.46794870495796204,0.5058308839797974,0.07901390641927719,0.99462890625,1.0,0.02752685546875
geometry_dropout,test_seen,235,val:2008_000700:part_95,2008_000700,person,upper arm,upper arm,0.39641109108924866,0.5677570104598999,0.3436974883079529,0.16498103737831116,0.958984375,1.0,0.0012845993041992188
geometry_dropout,test_seen,236,val:2008_000700:part_96,2008_000700,person,hand,hand,0.22375690937042236,0.3656884729862213,0.7314285635948181,0.02939317375421524,1.0,1.0,0.99853515625
geometry_dropout,test_seen,237,val:2008_000725:part_6,2008_000725,bicycle,wheel,wheel,0.3215077519416809,0.48657718300819397,0.49794238805770874,0.47584789991378784,1.0,1.0,0.9970703125
geometry_dropout,test_seen,238,val:2008_000725:part_7,2008_000725,bicycle,saddle,saddle,0.0,0.0,0.0,0.08530318737030029,1.0,1.0,0.99951171875
geometry_dropout,test_seen,239,val:2008_000725:part_8,2008_000725,bicycle,handlebar,handlebar,0.12368972599506378,0.22014924883842468,0.32420089840888977,0.10071942210197449,1.0,1.0,0.9990234375
geometry_dropout,test_seen,240,val:2008_000725:part_9,2008_000725,bicycle,chainwheel,chainwheel,0.0,0.0,0.5850340127944946,0.010277491994202137,0.984375,1.0,0.01009368896484375
geometry_dropout,test_seen,241,val:2008_000731:part_83,2008_000731,person,head,head,0.7041666507720947,0.8264058828353882,0.051397655159235,0.17196398973464966,1.0,1.0,1.0
geometry_dropout,test_seen,242,val:2008_000731:part_84,2008_000731,person,eye,eye,0.10994764417409897,0.19811320304870605,0.0,0.005695388652384281,0.5927734375,0.99951171875,0.00018668174743652344
geometry_dropout,test_seen,243,val:2008_000731:part_85,2008_000731,person,torso,torso,0.6606243848800659,0.7956337332725525,0.138424813747406,0.1489987075328827,1.0,1.0,1.0
geometry_dropout,test_seen,244,val:2008_000731:part_87,2008_000731,person,leg,leg,0.46978557109832764,0.6392573118209839,0.2474418580532074,0.3771817088127136,1.0,1.0,1.0
geometry_dropout,test_seen,245,val:2008_000731:part_88,2008_000731,person,foot,foot,0.5790494680404663,0.7334152460098267,0.19705094397068024,0.1620429903268814,1.0,1.0,0.81298828125
geometry_dropout,test_seen,246,val:2008_000731:part_89,2008_000731,person,nose,nose,0.1865079402923584,0.31438127160072327,0.007936508394777775,0.008634943515062332,0.08404541015625,0.99853515625,5.364418029785156e-07
geometry_dropout,test_seen,247,val:2008_000731:part_90,2008_000731,person,ear,ear,0.0,0.0,0.06741572916507721,0.0007348888320848346,0.0033893585205078125,0.998046875,0.0
geometry_dropout,test_seen,248,val:2008_000731:part_92,2008_000731,person,mouth,mouth,0.3737373650074005,0.5441176295280457,0.0,0.020393164828419685,1.0,1.0,0.9970703125
geometry_dropout,test_seen,249,val:2008_000731:part_94,2008_000731,person,lower arm,lower arm,0.11878685653209686,0.21234939992427826,0.3459506928920746,0.03527466580271721,0.99462890625,1.0,0.02752685546875
geometry_dropout,test_seen,250,val:2008_000731:part_95,2008_000731,person,upper arm,upper arm,0.006644518114626408,0.013201320543885231,0.45534151792526245,0.0064302776008844376,0.958984375,1.0,0.0012845993041992188
geometry_dropout,test_seen,251,val:2008_000731:part_96,2008_000731,person,hand,hand,0.36416861414909363,0.533905565738678,0.45400238037109375,0.06026088446378708,1.0,1.0,0.99853515625
geometry_dropout,test_seen,252,val:2008_000765:part_71,2008_000765,horse,head,head,0.6187888383865356,0.7645083665847778,0.049567271023988724,0.23808130621910095,1.0,1.0,1.0
geometry_dropout,test_seen,253,val:2008_000765:part_72,2008_000765,horse,eye,eye,0.13793103396892548,0.24242424964904785,0.0,0.006434630136936903,0.5927734375,0.99951171875,0.00018668174743652344
geometry_dropout,test_seen,254,val:2008_000765:part_73,2008_000765,horse,torso,torso,0.20000000298023224,0.3333333432674408,0.1140763983130455,0.11670079082250595,1.0,1.0,1.0
geometry_dropout,test_seen,255,val:2008_000765:part_74,2008_000765,horse,neck,neck,0.8028643727302551,0.8906542062759399,0.03737465664744377,0.3050599694252014,1.0,1.0,1.0
geometry_dropout,test_seen,256,val:2008_000765:part_76,2008_000765,horse,ear,ear,0.40040650963783264,0.5718432664871216,0.4918367266654968,0.058204151690006256,0.0033893585205078125,0.998046875,0.0
geometry_dropout,test_seen,257,val:2008_000765:part_77,2008_000765,horse,muzzle,muzzle,0.7118205428123474,0.8316532373428345,0.21239744126796722,0.2594325840473175,0.95166015625,1.0,0.0015668869018554688
geometry_dropout,test_seen,258,val:2008_000795:part_20,2008_000795,bottle,body,body,0.38367345929145813,0.5545722842216492,0.5877550840377808,0.9306930899620056,1.0,1.0,1.0
geometry_dropout,test_seen,259,val:2008_000795:part_21,2008_000795,bottle,cap,cap,0.0,0.0,0.0,0.06930693238973618,1.0,1.0,0.99853515625
geometry_dropout,test_seen,260,val:2008_000853:part_42,2008_000853,cat,tail,tail,0.0,0.0,1.0,0.09717314690351486,0.9697265625,1.0,0.0005617141723632812
geometry_dropout,test_seen,261,val:2008_000853:part_43,2008_000853,cat,head,head,0.05714285746216774,0.10810811072587967,0.05517241358757019,0.2667844593524933,1.0,1.0,1.0
geometry_dropout,test_seen,262,val:2008_000853:part_45,2008_000853,cat,torso,torso,0.009302325546741486,0.018433179706335068,0.4444444477558136,0.351590096950531,1.0,1.0,1.0
geometry_dropout,test_seen,263,val:2008_000853:part_46,2008_000853,cat,neck,neck,0.0,0.0,0.2345132678747177,0.02120141312479973,1.0,1.0,1.0
geometry_dropout,test_seen,264,val:2008_000853:part_47,2008_000853,cat,leg,leg,0.0,0.0,0.9204545617103577,0.11130741983652115,1.0,1.0,1.0
geometry_dropout,test_seen,265,val:2008_000853:part_48,2008_000853,cat,nose,nose,0.0,0.0,0.0,0.0035335689317435026,0.08404541015625,0.99853515625,5.364418029785156e-07
geometry_dropout,test_seen,266,val:2008_000853:part_49,2008_000853,cat,paw,paw,0.0,0.0,0.2368421107530594,0.06890459358692169,0.9912109375,1.0,0.0014209747314453125
geometry_dropout,test_seen,267,val:2008_000853:part_50,2008_000853,cat,ear,ear,0.0,0.0,0.0,0.0795053020119667,0.0033893585205078125,0.998046875,0.0
geometry_dropout,test_seen,268,val:2008_000911:part_20,2008_000911,bottle,body,body,0.7201863527297974,0.8373352885246277,0.2697327435016632,0.9642708897590637,1.0,1.0,1.0
geometry_dropout,test_seen,269,val:2008_000911:part_21,2008_000911,bottle,cap,cap,0.5317460298538208,0.6943005323410034,0.1962616890668869,0.03572912514209747,1.0,1.0,0.99853515625
geometry_dropout,test_seen,270,val:2008_000919:part_51,2008_000919,cow,tail,tail,0.3885350227355957,0.5596330165863037,0.3081967234611511,0.022519035264849663,0.9697265625,1.0,0.0005617141723632812
geometry_dropout,test_seen,271,val:2008_000919:part_54,2008_000919,cow,torso,torso,0.8956497311592102,0.9449527263641357,0.026196066290140152,0.8413988947868347,1.0,1.0,1.0
geometry_dropout,test_seen,272,val:2008_000919:part_56,2008_000919,cow,leg,leg,0.45882901549339294,0.6290374398231506,0.06203007698059082,0.12891985476016998,1.0,1.0,1.0
geometry_dropout,test_seen,273,val:2008_000992:part_83,2008_000992,person,head,head,0.5783008933067322,0.7328145503997803,0.052196383476257324,0.11922797560691833,1.0,1.0,1.0
geometry_dropout,test_seen,274,val:2008_000992:part_84,2008_000992,person,eye,eye,0.4322916567325592,0.6036363840103149,0.0,0.008716405369341373,0.5927734375,0.99951171875,0.00018668174743652344
geometry_dropout,test_seen,275,val:2008_000992:part_85,2008_000992,person,torso,torso,0.5591651797294617,0.7172622680664062,0.11778703331947327,0.2984331250190735,1.0,1.0,1.0
geometry_dropout,test_seen,276,val:2008_000992:part_86,2008_000992,person,neck,neck,0.27950310707092285,0.43689319491386414,0.0,0.0071599045768380165,1.0,1.0,1.0
geometry_dropout,test_seen,277,val:2008_000992:part_89,2008_000992,person,nose,nose,0.45500001311302185,0.6254295706748962,0.0,0.009442772716283798,0.08404541015625,0.99853515625,5.364418029785156e-07
geometry_dropout,test_seen,278,val:2008_000992:part_90,2008_000992,person,ear,ear,0.19653178751468658,0.3285024166107178,0.6875,0.008197572082281113,0.0033893585205078125,0.998046875,0.0
geometry_dropout,test_seen,279,val:2008_000992:part_91,2008_000992,person,eyebrow,eyebrow,0.14364640414714813,0.25120773911476135,0.0,0.005395870190113783,9.763240814208984e-05,0.09027099609375,0.0
geometry_dropout,test_seen,280,val:2008_000992:part_92,2008_000992,person,mouth,mouth,0.35199999809265137,0.5207100510597229,0.0,0.007056138012558222,1.0,1.0,0.9970703125
geometry_dropout,test_seen,281,val:2008_000992:part_93,2008_000992,person,hair,hair,0.699999988079071,0.8235294222831726,0.1833130270242691,0.12244474142789841,1.0,1.0,0.998046875
geometry_dropout,test_seen,282,val:2008_000992:part_94,2008_000992,person,lower arm,lower arm,0.6712207794189453,0.8032700419425964,0.07762976735830307,0.16758327186107635,0.99462890625,1.0,0.02752685546875
geometry_dropout,test_seen,283,val:2008_000992:part_95,2008_000992,person,upper arm,upper arm,0.5273002982139587,0.6904998421669006,0.2026817947626114,0.1122756078839302,0.958984375,1.0,0.0012845993041992188
geometry_dropout,test_seen,284,val:2008_000992:part_96,2008_000992,person,hand,hand,0.5262361168861389,0.6895867586135864,0.0,0.12669917941093445,1.0,1.0,0.99853515625
geometry_dropout,test_seen,285,val:2008_001013:part_83,2008_001013,person,head,head,0.0,0.0,0.0,0.029988465830683708,1.0,1.0,1.0
geometry_dropout,test_seen,286,val:2008_001013:part_84,2008_001013,person,eye,eye,0.0,0.0,0.0,0.0011534024961292744,0.5927734375,0.99951171875,0.00018668174743652344
geometry_dropout,test_seen,287,val:2008_001013:part_85,2008_001013,person,torso,torso,0.3082437217235565,0.47123289108276367,0.2809734642505646,0.32064589858055115,1.0,1.0,1.0
geometry_dropout,test_seen,288,val:2008_001013:part_87,2008_001013,person,leg,leg,0.3461538553237915,0.5142857432365417,0.39673912525177,0.15109573304653168,1.0,1.0,1.0
geometry_dropout,test_seen,289,val:2008_001013:part_90,2008_001013,person,ear,ear,0.0,0.0,0.0,0.0069204154424369335,0.0033893585205078125,0.998046875,0.0
geometry_dropout,test_seen,290,val:2008_001013:part_93,2008_001013,person,hair,hair,0.0,0.0,0.9599999785423279,0.024221453815698624,1.0,1.0,0.998046875
geometry_dropout,test_seen,291,val:2008_001013:part_94,2008_001013,person,lower arm,lower arm,0.0,0.0,0.0,0.03690887987613678,0.99462890625,1.0,0.02752685546875
geometry_dropout,test_seen,292,val:2008_001013:part_95,2008_001013,person,upper arm,upper arm,0.40614333748817444,0.5776699185371399,0.4206896424293518,0.1407151073217392,0.958984375,1.0,0.0012845993041992188
geometry_dropout,test_seen,293,val:2008_001013:part_96,2008_001013,person,hand,hand,0.0,0.0,0.0,0.0219146478921175,1.0,1.0,0.99853515625
geometry_dropout,test_seen,294,val:2008_001028:part_83,2008_001028,person,head,head,0.43113771080970764,0.6025104522705078,0.12931033968925476,0.0743202418088913,1.0,1.0,1.0
geometry_dropout,test_seen,295,val:2008_001028:part_84,2008_001028,person,eye,eye,0.0,0.0,0.0,0.002416918519884348,0.5927734375,0.99951171875,0.00018668174743652344
geometry_dropout,test_seen,296,val:2008_001028:part_85,2008_001028,person,torso,torso,0.6175799369812012,0.7635850310325623,0.012600229121744633,0.3287009000778198,1.0,1.0,1.0
geometry_dropout,test_seen,297,val:2008_001028:part_86,2008_001028,person,neck,neck,0.26760563254356384,0.42222222685813904,0.0,0.016314199194312096,1.0,1.0,1.0
geometry_dropout,test_seen,298,val:2008_001028:part_87,2008_001028,person,leg,leg,0.6428571343421936,0.782608687877655,0.23948219418525696,0.2797583043575287,1.0,1.0,1.0
geometry_dropout,test_seen,299,val:2008_001028:part_88,2008_001028,person,foot,foot,0.5757575631141663,0.7307692170143127,0.2949640154838562,0.07311177998781204,1.0,1.0,0.81298828125
geometry_dropout,test_seen,300,val:2008_001028:part_89,2008_001028,person,nose,nose,0.25,0.4000000059604645,0.0,0.0036253775469958782,0.08404541015625,0.99853515625,5.364418029785156e-07
geometry_dropout,test_seen,301,val:2008_001028:part_92,2008_001028,person,mouth,mouth,0.0,0.0,0.0,0.002416918519884348,1.0,1.0,0.9970703125
geometry_dropout,test_seen,302,val:2008_001028:part_93,2008_001028,person,hair,hair,0.0625,0.11764705926179886,0.22905027866363525,0.015105740167200565,1.0,1.0,0.998046875
geometry_dropout,test_seen,303,val:2008_001028:part_94,2008_001028,person,lower arm,lower arm,0.1492537260055542,0.25974026322364807,0.013888888992369175,0.06465256959199905,0.99462890625,1.0,0.02752685546875
geometry_dropout,test_seen,304,val:2008_001028:part_95,2008_001028,person,upper arm,upper arm,0.28421053290367126,0.44262295961380005,0.08178438991308212,0.11722054332494736,0.958984375,1.0,0.0012845993041992188
geometry_dropout,test_seen,305,val:2008_001028:part_96,2008_001028,person,hand,hand,0.05263157933950424,0.10000000149011612,0.4108910858631134,0.010876133106648922,1.0,1.0,0.99853515625
geometry_dropout,test_seen,306,val:2008_001074:part_83,2008_001074,person,head,head,0.5010204315185547,0.667573094367981,0.12269938737154007,0.052738554775714874,1.0,1.0,1.0
geometry_dropout,test_seen,307,val:2008_001074:part_84,2008_001074,person,eye,eye,0.0,0.0,0.0892857164144516,0.0007488232804462314,0.5927734375,0.99951171875,0.00018668174743652344
geometry_dropout,test_seen,308,val:2008_001074:part_85,2008_001074,person,torso,torso,0.712461531162262,0.8320905566215515,0.09373520314693451,0.5128369927406311,1.0,1.0,1.0
geometry_dropout,test_seen,309,val:2008_001074:part_86,2008_001074,person,neck,neck,0.426086962223053,0.5975610017776489,0.0,0.013585793785750866,1.0,1.0,1.0
geometry_dropout,test_seen,310,val:2008_001074:part_87,2008_001074,person,leg,leg,0.31180691719055176,0.4753853678703308,0.18590998649597168,0.051133930683135986,1.0,1.0,1.0
geometry_dropout,test_seen,311,val:2008_001074:part_89,2008_001074,person,nose,nose,0.02380952425301075,0.04651162773370743,0.0,0.0017115960363298655,0.08404541015625,0.99853515625,5.364418029785156e-07
geometry_dropout,test_seen,312,val:2008_001074:part_90,2008_001074,person,ear,ear,0.0576271191239357,0.10897435992956161,0.0,0.003958065994083881,0.0033893585205078125,0.998046875,0.0
geometry_dropout,test_seen,313,val:2008_001074:part_91,2008_001074,person,eyebrow,eyebrow,0.0,0.0,0.0,0.0005348737468011677,9.763240814208984e-05,0.09027099609375,0.0
geometry_dropout,test_seen,314,val:2008_001074:part_92,2008_001074,person,mouth,mouth,0.0,0.0,0.0,0.0010697474936023355,1.0,1.0,0.9970703125
geometry_dropout,test_seen,315,val:2008_001074:part_93,2008_001074,person,hair,hair,0.727935791015625,0.8425496220588684,0.056370656937360764,0.11489088833332062,1.0,1.0,0.998046875
geometry_dropout,test_seen,316,val:2008_001074:part_94,2008_001074,person,lower arm,lower arm,0.6391875743865967,0.7798833847045898,0.13013698160648346,0.06867779046297073,0.99462890625,1.0,0.02752685546875
geometry_dropout,test_seen,317,val:2008_001074:part_95,2008_001074,person,upper arm,upper arm,0.7073342800140381,0.8285832405090332,0.15338793396949768,0.11531878262758255,0.958984375,1.0,0.0012845993041992188
geometry_dropout,test_seen,318,val:2008_001074:part_96,2008_001074,person,hand,hand,0.4252873659133911,0.5967742204666138,0.21197007596492767,0.060119811445474625,1.0,1.0,0.99853515625
geometry_dropout,test_seen,319,val:2008_001076:part_83,2008_001076,person,head,head,0.5888223648071289,0.7412060499191284,0.032258063554763794,0.1024237722158432,1.0,1.0,1.0
geometry_dropout,test_seen,320,val:2008_001076:part_84,2008_001076,person,eye,eye,0.025316456332802773,0.04938271641731262,0.0,0.004169924650341272,0.5927734375,0.99951171875,0.00018668174743652344
geometry_dropout,test_seen,321,val:2008_001076:part_85,2008_001076,person,torso,torso,0.6520219445228577,0.789362370967865,0.1884870082139969,0.35079488158226013,1.0,1.0,1.0
geometry_dropout,test_seen,322,val:2008_001076:part_86,2008_001076,person,neck,neck,0.28409090638160706,0.44247788190841675,0.0,0.011727912351489067,1.0,1.0,1.0
geometry_dropout,test_seen,323,val:2008_001076:part_89,2008_001076,person,nose,nose,0.38461539149284363,0.5555555820465088,0.0,0.005473025608807802,0.08404541015625,0.99853515625,5.364418029785156e-07
geometry_dropout,test_seen,324,val:2008_001076:part_91,2008_001076,person,eyebrow,eyebrow,0.0,0.0,0.0,0.0023455824702978134,9.763240814208984e-05,0.09027099609375,0.0
geometry_dropout,test_seen,325,val:2008_001076:part_92,2008_001076,person,mouth,mouth,0.08571428805589676,0.15789473056793213,0.0,0.006776127032935619,1.0,1.0,0.9970703125
geometry_dropout,test_seen,326,val:2008_001076:part_93,2008_001076,person,hair,hair,0.36376404762268066,0.533470630645752,0.22773972153663635,0.10086004436016083,1.0,1.0,0.998046875
geometry_dropout,test_seen,327,val:2008_001076:part_94,2008_001076,person,lower arm,lower arm,0.2869822382926941,0.44597700238227844,0.33000001311302185,0.061245765537023544,0.99462890625,1.0,0.02752685546875
geometry_dropout,test_seen,328,val:2008_001076:part_95,2008_001076,person,upper arm,upper arm,0.3412816822528839,0.5088889002799988,0.026156941428780556,0.10502997040748596,0.958984375,1.0,0.0012845993041992188
geometry_dropout,test_seen,329,val:2008_001076:part_96,2008_001076,person,hand,hand,0.0833333358168602,0.1538461595773697,0.61834317445755,0.020328382030129433,1.0,1.0,0.99853515625
geometry_dropout,test_seen,330,val:2008_001078:part_42,2008_001078,cat,tail,tail,0.2128603160381317,0.351005494594574,0.6119734048843384,0.017611447721719742,0.9697265625,1.0,0.0005617141723632812
geometry_dropout,test_seen,331,val:2008_001078:part_43,2008_001078,cat,head,head,0.607421875,0.7557715773582458,0.1608072966337204,0.1711612492799759,1.0,1.0,1.0
geometry_dropout,test_seen,332,val:2008_001078:part_44,2008_001078,cat,eye,eye,0.10231023281812668,0.185628741979599,0.0,0.008438818156719208,0.5927734375,0.99951171875,0.00018668174743652344
geometry_dropout,test_seen,333,val:2008_001078:part_45,2008_001078,cat,torso,torso,0.6915533542633057,0.8176547884941101,0.1564519703388214,0.5692533254623413,1.0,1.0,1.0
geometry_dropout,test_seen,334,val:2008_001078:part_46,2008_001078,cat,neck,neck,0.09478673338890076,0.17316018044948578,0.0,0.011190607212483883,1.0,1.0,1.0
geometry_dropout,test_seen,335,val:2008_001078:part_47,2008_001078,cat,leg,leg,0.3667899966239929,0.536717414855957,0.3092592656612396,0.14584480226039886,1.0,1.0,1.0
geometry_dropout,test_seen,336,val:2008_001078:part_48,2008_001078,cat,nose,nose,0.0,0.0,0.0,0.0025683359708637,0.08404541015625,0.99853515625,5.364418029785156e-07
geometry_dropout,test_seen,337,val:2008_001078:part_49,2008_001078,cat,paw,paw,0.132013201713562,0.2332361489534378,0.7138047218322754,0.016877636313438416,0.9912109375,1.0,0.0014209747314453125
geometry_dropout,test_seen,338,val:2008_001078:part_50,2008_001078,cat,ear,ear,0.2496371567249298,0.3995354175567627,0.20508743822574615,0.04256099835038185,0.0033893585205078125,0.998046875,0.0
geometry_dropout,test_seen,339,val:2008_001170:part_83,2008_001170,person,head,head,0.6026570200920105,0.7520723342895508,0.10147058963775635,0.10395244508981705,1.0,1.0,1.0
geometry_dropout,test_seen,340,val:2008_001170:part_84,2008_001170,person,eye,eye,0.12857143580913544,0.2278480976819992,0.0,0.002731362357735634,0.5927734375,0.99951171875,0.00018668174743652344
geometry_dropout,test_seen,341,val:2008_001170:part_85,2008_001170,person,torso,torso,0.549638032913208,0.7093760371208191,0.10031023621559143,0.34158098697662354,1.0,1.0,1.0
geometry_dropout,test_seen,342,val:2008_001170:part_86,2008_001170,person,neck,neck,0.33464565873146057,0.501474916934967,0.04545454680919647,0.02265424095094204,1.0,1.0,1.0
geometry_dropout,test_seen,343,val:2008_001170:part_87,2008_001170,person,leg,leg,0.44398340582847595,0.6149425506591797,0.2245333343744278,0.14604756236076355,1.0,1.0,1.0
geometry_dropout,test_seen,344,val:2008_001170:part_89,2008_001170,person,nose,nose,0.4307692348957062,0.602150559425354,0.0,0.00578406173735857,0.08404541015625,0.99853515625,5.364418029785156e-07
geometry_dropout,test_seen,345,val:2008_001170:part_91,2008_001170,person,eyebrow,eyebrow,0.0,0.0,0.0,0.0024100258015096188,9.763240814208984e-05,0.09027099609375,0.0
geometry_dropout,test_seen,346,val:2008_001170:part_92,2008_001170,person,mouth,mouth,0.1927710771560669,0.3232323229312897,0.013888888992369175,0.004338046070188284,1.0,1.0,0.9970703125
geometry_dropout,test_seen,347,val:2008_001170:part_94,2008_001170,person,lower arm,lower arm,0.4989648163318634,0.6657458543777466,0.06789250671863556,0.11905527114868164,0.99462890625,1.0,0.02752685546875
geometry_dropout,test_seen,348,val:2008_001170:part_95,2008_001170,person,upper arm,upper arm,0.525091826915741,0.6886035203933716,0.1947873830795288,0.16613110899925232,0.958984375,1.0,0.0012845993041992188
geometry_dropout,test_seen,349,val:2008_001170:part_96,2008_001170,person,hand,hand,0.3259972631931305,0.49170124530792236,0.1468682438135147,0.08049485832452774,1.0,1.0,0.99853515625
geometry_dropout,test_seen,350,val:2008_001231:part_83,2008_001231,person,head,head,0.0,0.0,1.0,0.003722084453329444,1.0,1.0,1.0
geometry_dropout,test_seen,351,val:2008_001231:part_85,2008_001231,person,torso,torso,0.2099737524986267,0.3470715880393982,0.05882352963089943,0.46650123596191406,1.0,1.0,1.0
geometry_dropout,test_seen,352,val:2008_001231:part_86,2008_001231,person,neck,neck,0.0,0.0,0.0,0.012406948022544384,1.0,1.0,1.0
geometry_dropout,test_seen,353,val:2008_001231:part_87,2008_001231,person,leg,leg,0.23426572978496552,0.37960338592529297,0.23232322931289673,0.31513646245002747,1.0,1.0,1.0
geometry_dropout,test_seen,354,val:2008_001231:part_88,2008_001231,person,foot,foot,0.0,0.0,1.0,0.0459057055413723,1.0,1.0,0.81298828125
geometry_dropout,test_seen,355,val:2008_001231:part_93,2008_001231,person,hair,hair,0.033707864582538605,0.06521739065647125,0.925000011920929,0.06451612710952759,1.0,1.0,0.998046875
geometry_dropout,test_seen,356,val:2008_001231:part_94,2008_001231,person,lower arm,lower arm,0.08510638028383255,0.1568627506494522,0.8357142806053162,0.016129031777381897,0.99462890625,1.0,0.02752685546875
geometry_dropout,test_seen,357,val:2008_001231:part_95,2008_001231,person,upper arm,upper arm,0.18859648704528809,0.31734317541122437,0.5263158082962036,0.053349874913692474,0.958984375,1.0,0.0012845993041992188
geometry_dropout,test_seen,358,val:2008_001231:part_96,2008_001231,person,hand,hand,0.03378378227353096,0.06535948067903519,0.9189189076423645,0.006203474011272192,1.0,1.0,0.99853515625
geometry_dropout,test_seen,359,val:2008_001249:part_83,2008_001249,person,head,head,0.6583333611488342,0.7939698696136475,0.1458333283662796,0.06101956591010094,1.0,1.0,1.0
geometry_dropout,test_seen,360,val:2008_001249:part_84,2008_001249,person,eye,eye,0.06818182021379471,0.12765957415103912,0.0,0.0006436663097701967,0.5927734375,0.99951171875,0.00018668174743652344
geometry_dropout,test_seen,361,val:2008_001249:part_85,2008_001249,person,torso,torso,0.7891385555267334,0.8821436166763306,0.025023696944117546,0.5508496165275574,1.0,1.0,1.0
geometry_dropout,test_seen,362,val:2008_001249:part_87,2008_001249,person,leg,leg,0.4239290952682495,0.5954356789588928,0.15435746312141418,0.07389289140701294,1.0,1.0,1.0
geometry_dropout,test_seen,363,val:2008_001249:part_89,2008_001249,person,nose,nose,0.2330097109079361,0.3779527544975281,0.0,0.00347579806111753,0.08404541015625,0.99853515625,5.364418029785156e-07
geometry_dropout,test_seen,364,val:2008_001249:part_90,2008_001249,person,ear,ear,0.0,0.0,0.0,0.0010298661654815078,0.0033893585205078125,0.998046875,0.0
geometry_dropout,test_seen,365,val:2008_001249:part_92,2008_001249,person,mouth,mouth,0.25806450843811035,0.41025641560554504,0.0,0.004119464661926031,1.0,1.0,0.9970703125
geometry_dropout,test_seen,366,val:2008_001249:part_93,2008_001249,person,hair,hair,0.0,0.0,0.15469613671302795,0.00012873327068518847,1.0,1.0,0.998046875
geometry_dropout,test_seen,367,val:2008_001249:part_94,2008_001249,person,lower arm,lower arm,0.5679513216018677,0.7244501709938049,0.20190274715423584,0.07723996043205261,0.99462890625,1.0,0.02752685546875
geometry_dropout,test_seen,368,val:2008_001249:part_95,2008_001249,person,upper arm,upper arm,0.5946745276451111,0.7458255887031555,0.16905070841312408,0.14894439280033112,0.958984375,1.0,0.0012845993041992188
geometry_dropout,test_seen,369,val:2008_001249:part_96,2008_001249,person,hand,hand,0.43212950229644775,0.6034782528877258,0.26178860664367676,0.06887229532003403,1.0,1.0,0.99853515625
geometry_dropout,test_seen,370,val:2008_001283:part_97,2008_001283,pottedplant,pot,pot,0.5648535490036011,0.7219251394271851,0.09051723778247833,0.4464043378829956,1.0,1.0,0.9990234375
geometry_dropout,test_seen,371,val:2008_001283:part_98,2008_001283,pottedplant,plant,plant,0.0,0.0,0.0,0.5434192419052124,1.0,1.0,1.0
geometry_dropout,test_seen,372,val:2008_001308:part_83,2008_001308,person,head,head,0.0,0.0,0.0,0.025201380252838135,1.0,1.0,1.0
geometry_dropout,test_seen,373,val:2008_001308:part_84,2008_001308,person,eye,eye,0.0,0.0,0.0,0.000690448796376586,0.5927734375,0.99951171875,0.00018668174743652344
geometry_dropout,test_seen,374,val:2008_001308:part_85,2008_001308,person,torso,torso,0.7507181763648987,0.8576116561889648,0.055925432592630386,0.28550058603286743,1.0,1.0,1.0
geometry_dropout,test_seen,375,val:2008_001308:part_87,2008_001308,person,leg,leg,0.7605196237564087,0.8639717698097229,0.0999048501253128,0.3545454442501068,1.0,1.0,1.0
geometry_dropout,test_seen,376,val:2008_001308:part_89,2008_001308,person,nose,nose,0.0,0.0,0.0,0.004142692778259516,0.08404541015625,0.99853515625,5.364418029785156e-07
geometry_dropout,test_seen,377,val:2008_001308:part_90,2008_001308,person,ear,ear,0.0,0.0,0.0,0.0016110471915453672,0.0033893585205078125,0.998046875,0.0
geometry_dropout,test_seen,378,val:2008_001308:part_91,2008_001308,person,eyebrow,eyebrow,0.0,0.0,0.0,0.0008055235957726836,9.763240814208984e-05,0.09027099609375,0.0
geometry_dropout,test_seen,379,val:2008_001308:part_92,2008_001308,person,mouth,mouth,0.0,0.0,0.0,0.003912542946636677,1.0,1.0,0.9970703125
geometry_dropout,test_seen,380,val:2008_001308:part_93,2008_001308,person,hair,hair,0.0,0.0,0.0,0.007479861844331026,1.0,1.0,0.998046875
geometry_dropout,test_seen,381,val:2008_001308:part_94,2008_001308,person,lower arm,lower arm,0.2930082678794861,0.4532195031642914,0.1845196932554245,0.15696202218532562,0.99462890625,1.0,0.02752685546875
geometry_dropout,test_seen,382,val:2008_001308:part_95,2008_001308,person,upper arm,upper arm,0.4126880168914795,0.5842592716217041,0.05578093230724335,0.13509781658649445,0.958984375,1.0,0.0012845993041992188
geometry_dropout,test_seen,383,val:2008_001308:part_96,2008_001308,person,hand,hand,0.14300960302352905,0.2502334415912628,0.2730337083339691,0.02082853764295578,1.0,1.0,0.99853515625
geometry_dropout,test_seen,384,val:2008_001404:part_83,2008_001404,person,head,head,0.738646924495697,0.8496801853179932,0.09781576693058014,0.1900692880153656,1.0,1.0,1.0
geometry_dropout,test_seen,385,val:2008_001404:part_84,2008_001404,person,eye,eye,0.0,0.0,0.0,0.0027713626623153687,0.5927734375,0.99951171875,0.00018668174743652344
geometry_dropout,test_seen,386,val:2008_001404:part_85,2008_001404,person,torso,torso,0.5241332650184631,0.6877787709236145,0.055676065385341644,0.1983833760023117,1.0,1.0,1.0
geometry_dropout,test_seen,387,val:2008_001404:part_87,2008_001404,person,leg,leg,0.26189231872558594,0.41507869958877563,0.3532695472240448,0.2678983807563782,1.0,1.0,1.0
geometry_dropout,test_seen,388,val:2008_001404:part_88,2008_001404,person,foot,foot,0.0,0.0,0.0,0.06974595785140991,1.0,1.0,0.81298828125
geometry_dropout,test_seen,389,val:2008_001404:part_89,2008_001404,person,nose,nose,0.2255639135837555,0.3680981695652008,0.0,0.006928406655788422,0.08404541015625,0.99853515625,5.364418029785156e-07
geometry_dropout,test_seen,390,val:2008_001404:part_91,2008_001404,person,eyebrow,eyebrow,0.0,0.0,0.0,0.005542725324630737,9.763240814208984e-05,0.09027099609375,0.0
geometry_dropout,test_seen,391,val:2008_001404:part_92,2008_001404,person,mouth,mouth,0.07246376574039459,0.13513512909412384,0.0,0.0062355659902095795,1.0,1.0,0.9970703125
geometry_dropout,test_seen,392,val:2008_001404:part_94,2008_001404,person,lower arm,lower arm,0.07645875215530396,0.14205607771873474,0.198142409324646,0.023325635120272636,0.99462890625,1.0,0.02752685546875
geometry_dropout,test_seen,393,val:2008_001404:part_95,2008_001404,person,upper arm,upper arm,0.516678512096405,0.6813289523124695,0.1598101258277893,0.20161662995815277,0.958984375,1.0,0.0012845993041992188
geometry_dropout,test_seen,394,val:2008_001404:part_96,2008_001404,person,hand,hand,0.06927710771560669,0.12957745790481567,0.3162939250469208,0.01939953863620758,1.0,1.0,0.99853515625
geometry_dropout,test_seen,395,val:2008_001433:part_43,2008_001433,cat,head,head,0.6956048011779785,0.8204798698425293,0.10047847032546997,0.19316831231117249,1.0,1.0,1.0
geometry_dropout,test_seen,396,val:2008_001433:part_44,2008_001433,cat,eye,eye,0.2511013150215149,0.40140846371650696,0.0,0.00900990143418312,0.5927734375,0.99951171875,0.00018668174743652344
geometry_dropout,test_seen,397,val:2008_001433:part_45,2008_001433,cat,torso,torso,0.8095177412033081,0.8947331309318542,0.06716911494731903,0.6554455161094666,1.0,1.0,1.0
geometry_dropout,test_seen,398,val:2008_001433:part_47,2008_001433,cat,leg,leg,0.3971291780471802,0.568493127822876,0.2660256326198578,0.04990098997950554,1.0,1.0,1.0
geometry_dropout,test_seen,399,val:2008_001433:part_48,2008_001433,cat,nose,nose,0.17834395170211792,0.3027026951313019,0.019108280539512634,0.002772277221083641,0.08404541015625,0.99853515625,5.364418029785156e-07
geometry_dropout,test_seen,400,val:2008_001433:part_49,2008_001433,cat,paw,paw,0.24886877834796906,0.39855071902275085,0.4157043993473053,0.011782178655266762,0.9912109375,1.0,0.0014209747314453125
geometry_dropout,test_seen,401,val:2008_001433:part_50,2008_001433,cat,ear,ear,0.45205479860305786,0.6226415038108826,0.17860464751720428,0.07198020070791245,0.0033893585205078125,0.998046875,0.0
geometry_dropout,test_seen,402,val:2008_001491:part_83,2008_001491,person,head,head,0.27004218101501465,0.4252491593360901,0.0625,0.02570480853319168,1.0,1.0,1.0
geometry_dropout,test_seen,403,val:2008_001491:part_84,2008_001491,person,eye,eye,0.0,0.0,0.0,0.003454947378486395,0.5927734375,0.99951171875,0.00018668174743652344
geometry_dropout,test_seen,404,val:2008_001491:part_85,2008_001491,person,torso,torso,0.48269137740135193,0.6511015892028809,0.0765521377325058,0.19098949432373047,1.0,1.0,1.0
geometry_dropout,test_seen,405,val:2008_001491:part_87,2008_001491,person,leg,leg,0.41744187474250793,0.5890073776245117,0.16443148255348206,0.09991708397865295,1.0,1.0,1.0
geometry_dropout,test_seen,406,val:2008_001491:part_88,2008_001491,person,foot,foot,0.09314359724521637,0.17041419446468353,0.31197771430015564,0.06716418266296387,1.0,1.0,0.81298828125
geometry_dropout,test_seen,407,val:2008_001491:part_89,2008_001491,person,nose,nose,0.27173912525177,0.4273504316806793,0.0,0.005389717873185873,0.08404541015625,0.99853515625,5.364418029785156e-07
geometry_dropout,test_seen,408,val:2008_001491:part_90,2008_001491,person,ear,ear,0.0,0.0,0.0,0.00013819789455737919,0.0033893585205078125,0.998046875,0.0
geometry_dropout,test_seen,409,val:2008_001491:part_91,2008_001491,person,eyebrow,eyebrow,0.0,0.0,0.0,0.0009673853055574,9.763240814208984e-05,0.09027099609375,0.0
geometry_dropout,test_seen,410,val:2008_001491:part_92,2008_001491,person,mouth,mouth,0.0,0.0,0.0,0.002902155974879861,1.0,1.0,0.9970703125
geometry_dropout,test_seen,411,val:2008_001491:part_93,2008_001491,person,hair,hair,0.7829457521438599,0.8782608509063721,0.09975961595773697,0.10751796513795853,1.0,1.0,0.998046875
geometry_dropout,test_seen,412,val:2008_001491:part_94,2008_001491,person,lower arm,lower arm,0.3222222328186035,0.48739495873451233,0.15584415197372437,0.05223880708217621,0.99462890625,1.0,0.02752685546875
geometry_dropout,test_seen,413,val:2008_001491:part_95,2008_001491,person,upper arm,upper arm,0.48138296604156494,0.6499102115631104,0.08429458737373352,0.07517965883016586,0.958984375,1.0,0.0012845993041992188
geometry_dropout,test_seen,414,val:2008_001491:part_96,2008_001491,person,hand,hand,0.11521252989768982,0.20661985874176025,0.14869888126850128,0.026257600635290146,1.0,1.0,0.99853515625
geometry_dropout,test_seen,415,val:2008_001504:part_83,2008_001504,person,head,head,0.4594127833843231,0.6295858025550842,0.2259194403886795,0.027088481932878494,1.0,1.0,1.0
geometry_dropout,test_seen,416,val:2008_001504:part_84,2008_001504,person,eye,eye,0.07999999821186066,0.14814814925193787,0.19327731430530548,0.001581809250637889,0.5927734375,0.99951171875,0.00018668174743652344
geometry_dropout,test_seen,417,val:2008_001504:part_85,2008_001504,person,torso,torso,0.7656208872795105,0.8672540187835693,0.08706467598676682,0.30439940094947815,1.0,1.0,1.0
geometry_dropout,test_seen,418,val:2008_001504:part_86,2008_001504,person,neck,neck,0.7469512224197388,0.8551483154296875,0.02888086624443531,0.029263470321893692,1.0,1.0,1.0
geometry_dropout,test_seen,419,val:2008_001504:part_87,2008_001504,person,leg,leg,0.8007238507270813,0.8893355131149292,0.05079982802271843,0.3788433074951172,1.0,1.0,1.0
geometry_dropout,test_seen,420,val:2008_001504:part_89,2008_001504,person,nose,nose,0.14601770043373108,0.25482624769210815,0.2743362784385681,0.0032624814193695784,0.08404541015625,0.99853515625,5.364418029785156e-07
geometry_dropout,test_seen,421,val:2008_001504:part_91,2008_001504,person,eyebrow,eyebrow,0.0,0.0,0.0,0.0003954523126594722,9.763240814208984e-05,0.09027099609375,0.0
geometry_dropout,test_seen,422,val:2008_001504:part_92,2008_001504,person,mouth,mouth,0.1900826394557953,0.3194444477558136,0.27272728085517883,0.0022738506086170673,1.0,1.0,0.9970703125
geometry_dropout,test_seen,423,val:2008_001504:part_93,2008_001504,person,hair,hair,0.6337693333625793,0.7758369445800781,0.1428571492433548,0.05556104704737663,1.0,1.0,0.998046875
geometry_dropout,test_seen,424,val:2008_001504:part_94,2008_001504,person,lower arm,lower arm,0.3661016821861267,0.5359801650047302,0.3650137782096863,0.047750864177942276,0.99462890625,1.0,0.02752685546875
geometry_dropout,test_seen,425,val:2008_001504:part_95,2008_001504,person,upper arm,upper arm,0.5425916314125061,0.70348060131073,0.19380252063274384,0.1071675717830658,0.958984375,1.0,0.0012845993041992188
geometry_dropout,test_seen,426,val:2008_001504:part_96,2008_001504,person,hand,hand,0.570576548576355,0.7265822887420654,0.18066157400608063,0.039248641580343246,1.0,1.0,0.99853515625
geometry_dropout,test_seen,427,val:2008_001513:part_42,2008_001513,cat,tail,tail,0.35193565487861633,0.5206396579742432,0.054138146340847015,0.212323397397995,0.9697265625,1.0,0.0005617141723632812
geometry_dropout,test_seen,428,val:2008_001513:part_43,2008_001513,cat,head,head,0.5719844102859497,0.7277227640151978,0.1663244366645813,0.06299058347940445,1.0,1.0,1.0
geometry_dropout,test_seen,429,val:2008_001513:part_45,2008_001513,cat,torso,torso,0.625,0.7692307829856873,0.06362742185592651,0.42719781398773193,1.0,1.0,1.0
geometry_dropout,test_seen,430,val:2008_001513:part_46,2008_001513,cat,neck,neck,0.12982456386089325,0.22981366515159607,0.012121211737394333,0.030808476731181145,1.0,1.0,1.0
geometry_dropout,test_seen,431,val:2008_001513:part_47,2008_001513,cat,leg,leg,0.484375,0.6526315808296204,0.030696576461195946,0.1895604431629181,1.0,1.0,1.0
geometry_dropout,test_seen,432,val:2008_001513:part_49,2008_001513,cat,paw,paw,0.37452471256256104,0.5449516177177429,0.35829958319664,0.04493720456957817,0.9912109375,1.0,0.0014209747314453125
geometry_dropout,test_seen,433,val:2008_001513:part_50,2008_001513,cat,ear,ear,0.2702702581882477,0.42553192377090454,0.5333333611488342,0.01295133400708437,0.0033893585205078125,0.998046875,0.0
geometry_dropout,test_seen,434,val:2008_001531:part_83,2008_001531,person,head,head,0.7676348686218262,0.8685445785522461,0.0,0.18042117357254028,1.0,1.0,1.0
geometry_dropout,test_seen,435,val:2008_001531:part_85,2008_001531,person,torso,torso,0.3464447855949402,0.5146067142486572,0.04398340359330177,0.16363118588924408,1.0,1.0,1.0
geometry_dropout,test_seen,436,val:2008_001531:part_86,2008_001531,person,neck,neck,0.17499999701976776,0.2978723347187042,0.0,0.008252703584730625,1.0,1.0,1.0
geometry_dropout,test_seen,437,val:2008_001531:part_87,2008_001531,person,leg,leg,0.556488573551178,0.7150564193725586,0.20036764442920685,0.2706317603588104,1.0,1.0,1.0
geometry_dropout,test_seen,438,val:2008_001531:part_88,2008_001531,person,foot,foot,0.0,0.0,0.9215686321258545,0.02646556682884693,1.0,1.0,0.81298828125
geometry_dropout,test_seen,439,val:2008_001531:part_89,2008_001531,person,nose,nose,0.2380952388048172,0.38461539149284363,0.0,0.009675583802163601,0.08404541015625,0.99853515625,5.364418029785156e-07
geometry_dropout,test_seen,440,val:2008_001531:part_92,2008_001531,person,mouth,mouth,0.0,0.0,0.0,0.0008537279209122062,1.0,1.0,0.9970703125
geometry_dropout,test_seen,441,val:2008_001531:part_94,2008_001531,person,lower arm,lower arm,0.4453781545162201,0.6162790656089783,0.3790697753429413,0.07342060655355453,0.99462890625,1.0,0.02752685546875
geometry_dropout,test_seen,442,val:2008_001531:part_95,2008_001531,person,upper arm,upper arm,0.46985962986946106,0.6393258571624756,0.3234694004058838,0.22766079008579254,0.958984375,1.0,0.0012845993041992188
geometry_dropout,test_seen,443,val:2008_001531:part_96,2008_001531,person,hand,hand,0.2603406310081482,0.41312742233276367,0.6868686676025391,0.03471827134490013,1.0,1.0,0.99853515625
geometry_dropout,test_seen,444,val:2008_001546:part_0,2008_001546,aeroplane,body,body,0.7277982234954834,0.8424574136734009,0.050483349710702896,0.536594569683075,1.0,1.0,1.0
geometry_dropout,test_seen,445,val:2008_001546:part_1,2008_001546,aeroplane,stern,stern,0.7098236680030823,0.8302887678146362,0.16430020332336426,0.267544686794281,1.0,1.0,0.99951171875
geometry_dropout,test_seen,446,val:2008_001546:part_2,2008_001546,aeroplane,wing,wing,0.3123287558555603,0.4759916365146637,0.0,0.06509877741336823,0.7890625,1.0,0.0002472400665283203
geometry_dropout,test_seen,447,val:2008_001546:part_4,2008_001546,aeroplane,engine,engine,0.39944133162498474,0.5708582997322083,0.010590014979243279,0.06415804475545883,1.0,1.0,0.99365234375
geometry_dropout,test_seen,448,val:2008_001546:part_5,2008_001546,aeroplane,wheel,wheel,0.24242424964904785,0.39024388790130615,0.5080645084381104,0.030667921528220177,1.0,1.0,0.9970703125
geometry_dropout,test_seen,449,val:2008_001547:part_83,2008_001547,person,head,head,0.613382875919342,0.7603686451911926,0.12195122241973877,0.06037251278758049,1.0,1.0,1.0
geometry_dropout,test_seen,450,val:2008_001547:part_84,2008_001547,person,eye,eye,0.0,0.0,0.0,0.001605651923455298,0.5927734375,0.99951171875,0.00018668174743652344
geometry_dropout,test_seen,451,val:2008_001547:part_85,2008_001547,person,torso,torso,0.33006536960601807,0.49631449580192566,0.04941599443554878,0.16538214683532715,1.0,1.0,1.0
geometry_dropout,test_seen,452,val:2008_001547:part_86,2008_001547,person,neck,neck,0.1599999964237213,0.27586206793785095,0.0,0.005780346691608429,1.0,1.0,1.0
geometry_dropout,test_seen,453,val:2008_001547:part_87,2008_001547,person,leg,leg,0.667778491973877,0.8008000254631042,0.11054545640945435,0.3612716794013977,1.0,1.0,1.0
geometry_dropout,test_seen,454,val:2008_001547:part_88,2008_001547,person,foot,foot,0.4067278206348419,0.5782608985900879,0.4932885766029358,0.05202312022447586,1.0,1.0,0.81298828125
geometry_dropout,test_seen,455,val:2008_001547:part_89,2008_001547,person,nose,nose,0.0,0.0,0.0,0.0019267823081463575,0.08404541015625,0.99853515625,5.364418029785156e-07
geometry_dropout,test_seen,456,val:2008_001547:part_90,2008_001547,person,ear,ear,0.0,0.0,0.0,0.0006422607693821192,0.0033893585205078125,0.998046875,0.0
geometry_dropout,test_seen,457,val:2008_001547:part_91,2008_001547,person,eyebrow,eyebrow,0.0,0.0,0.0,0.0012845215387642384,9.763240814208984e-05,0.09027099609375,0.0
geometry_dropout,test_seen,458,val:2008_001547:part_92,2008_001547,person,mouth,mouth,0.0,0.0,0.0,0.0006422607693821192,1.0,1.0,0.9970703125
geometry_dropout,test_seen,459,val:2008_001547:part_93,2008_001547,person,hair,hair,0.2110726684331894,0.34857141971588135,0.33910036087036133,0.019588952884078026,1.0,1.0,0.998046875
geometry_dropout,test_seen,460,val:2008_001547:part_94,2008_001547,person,lower arm,lower arm,0.22132796049118042,0.36243823170661926,0.13915857672691345,0.09569685161113739,0.99462890625,1.0,0.02752685546875
geometry_dropout,test_seen,461,val:2008_001547:part_95,2008_001547,person,upper arm,upper arm,0.4108019769191742,0.5823665857315063,0.24449339509010315,0.13102120161056519,0.958984375,1.0,0.0012845993041992188
geometry_dropout,test_seen,462,val:2008_001547:part_96,2008_001547,person,hand,hand,0.09340659528970718,0.17085427045822144,0.09606987237930298,0.05427103489637375,1.0,1.0,0.99853515625
geometry_dropout,test_seen,463,val:2008_001629:part_83,2008_001629,person,head,head,0.12931576371192932,0.22901612520217896,0.1106845811009407,0.02155251055955887,1.0,1.0,1.0
geometry_dropout,test_seen,464,val:2008_001629:part_84,2008_001629,person,eye,eye,0.0,0.0,0.7200000286102295,0.0010045662056654692,0.5927734375,0.99951171875,0.00018668174743652344
geometry_dropout,test_seen,465,val:2008_001629:part_89,2008_001629,person,nose,nose,0.015625,0.03076923079788685,0.43478259444236755,0.003105022944509983,0.08404541015625,0.99853515625,5.364418029785156e-07
geometry_dropout,test_seen,466,val:2008_001629:part_91,2008_001629,person,eyebrow,eyebrow,0.0,0.0,0.0,0.0018264839891344309,9.763240814208984e-05,0.09027099609375,0.0
geometry_dropout,test_seen,467,val:2008_001629:part_92,2008_001629,person,mouth,mouth,0.0,0.0,0.5148515105247498,0.001095890416763723,1.0,1.0,0.9970703125
geometry_dropout,test_seen,468,val:2008_001629:part_93,2008_001629,person,hair,hair,0.12320633232593536,0.21938325464725494,0.07786666601896286,0.03607305884361267,1.0,1.0,0.998046875
geometry_dropout,test_seen,469,val:2008_001629:part_94,2008_001629,person,lower arm,lower arm,0.0,0.0,0.11007268726825714,0.019817352294921875,0.99462890625,1.0,0.02752685546875
geometry_dropout,test_seen,470,val:2008_001629:part_96,2008_001629,person,hand,hand,0.3613445460796356,0.5308641791343689,0.3333333432674408,0.02602739818394184,1.0,1.0,0.99853515625
geometry_dropout,test_seen,471,val:2008_001640:part_42,2008_001640,cat,tail,tail,0.5656742453575134,0.7225950956344604,0.39056605100631714,0.06565656512975693,0.9697265625,1.0,0.0005617141723632812
geometry_dropout,test_seen,472,val:2008_001640:part_43,2008_001640,cat,head,head,0.6293049454689026,0.772482693195343,0.14581982791423798,0.19101731479167938,1.0,1.0,1.0
geometry_dropout,test_seen,473,val:2008_001640:part_44,2008_001640,cat,eye,eye,0.31162789463996887,0.4751773178577423,0.0,0.013708514161407948,0.5927734375,0.99951171875,0.00018668174743652344
geometry_dropout,test_seen,474,val:2008_001640:part_45,2008_001640,cat,torso,torso,0.8065821528434753,0.8929371237754822,0.0729450210928917,0.5452741980552673,1.0,1.0,1.0
geometry_dropout,test_seen,475,val:2008_001640:part_46,2008_001640,cat,neck,neck,0.350547730922699,0.5191193222999573,0.040816325694322586,0.040764790028333664,1.0,1.0,1.0
geometry_dropout,test_seen,476,val:2008_001640:part_47,2008_001640,cat,leg,leg,0.1061224490404129,0.19188192486763,0.10711365193128586,0.02380952425301075,1.0,1.0,1.0
geometry_dropout,test_seen,477,val:2008_001640:part_48,2008_001640,cat,nose,nose,0.2985074520111084,0.4597701132297516,0.0,0.0037878789007663727,0.08404541015625,0.99853515625,5.364418029785156e-07
geometry_dropout,test_seen,478,val:2008_001640:part_49,2008_001640,cat,paw,paw,0.2112274020910263,0.34878239035606384,0.4594852328300476,0.04040404036641121,0.9912109375,1.0,0.0014209747314453125
geometry_dropout,test_seen,479,val:2008_001640:part_50,2008_001640,cat,ear,ear,0.5051150918006897,0.6711979508399963,0.37516340613365173,0.07431457191705704,0.0033893585205078125,0.998046875,0.0
geometry_dropout,test_seen,480,val:2008_001682:part_70,2008_001682,horse,tail,tail,0.16393442451953888,0.28169015049934387,0.49635037779808044,0.10040522366762161,0.9697265625,1.0,0.0005617141723632812
geometry_dropout,test_seen,481,val:2008_001682:part_71,2008_001682,horse,head,head,0.40186914801597595,0.5733333230018616,0.17924527823925018,0.03962179273366928,1.0,1.0,1.0
geometry_dropout,test_seen,482,val:2008_001682:part_72,2008_001682,horse,eye,eye,0.0,0.0,0.0,0.000450247636763379,0.5927734375,0.99951171875,0.00018668174743652344
geometry_dropout,test_seen,483,val:2008_001682:part_73,2008_001682,horse,torso,torso,0.6407347321510315,0.7810339331626892,0.14639516174793243,0.5493021011352539,1.0,1.0,1.0
geometry_dropout,test_seen,484,val:2008_001682:part_74,2008_001682,horse,neck,neck,0.6446886658668518,0.7839643359184265,0.13333334028720856,0.08734804391860962,1.0,1.0,1.0
geometry_dropout,test_seen,485,val:2008_001682:part_75,2008_001682,horse,leg,leg,0.3596256673336029,0.5290068984031677,0.42447128891944885,0.15983791649341583,1.0,1.0,1.0
geometry_dropout,test_seen,486,val:2008_001682:part_76,2008_001682,horse,ear,ear,0.06870228797197342,0.12857143580913544,0.6198347210884094,0.008554705418646336,0.0033893585205078125,0.998046875,0.0
geometry_dropout,test_seen,487,val:2008_001682:part_77,2008_001682,horse,muzzle,muzzle,0.22093023359775543,0.3619047701358795,0.032786883413791656,0.01981089636683464,0.95166015625,1.0,0.0015668869018554688
geometry_dropout,test_seen,488,val:2008_001688:part_97,2008_001688,pottedplant,pot,pot,0.0,0.0,0.0,0.17227722704410553,1.0,1.0,0.9990234375
geometry_dropout,test_seen,489,val:2008_001688:part_98,2008_001688,pottedplant,plant,plant,0.0,0.0,1.0,0.18613861501216888,1.0,1.0,1.0
geometry_dropout,test_seen,490,val:2008_001821:part_83,2008_001821,person,head,head,0.7569288015365601,0.8616499304771423,0.009290887042880058,0.5627787709236145,1.0,1.0,1.0
geometry_dropout,test_seen,491,val:2008_001821:part_84,2008_001821,person,eye,eye,0.21033211052417755,0.34756097197532654,0.0,0.0074024866335093975,0.5927734375,0.99951171875,0.00018668174743652344
geometry_dropout,test_seen,492,val:2008_001821:part_85,2008_001821,person,torso,torso,0.2619265913963318,0.41512176394462585,0.260849267244339,0.05770143121480942,1.0,1.0,1.0
geometry_dropout,test_seen,493,val:2008_001821:part_86,2008_001821,person,neck,neck,0.637597918510437,0.7786989808082581,0.026417525485157967,0.1503274142742157,1.0,1.0,1.0
geometry_dropout,test_seen,494,val:2008_001821:part_89,2008_001821,person,nose,nose,0.5914633870124817,0.7432950139045715,0.0,0.039195217192173004,0.08404541015625,0.99853515625,5.364418029785156e-07
geometry_dropout,test_seen,495,val:2008_001821:part_90,2008_001821,person,ear,ear,0.6711229681968689,0.8032000064849854,0.22922636568546295,0.026193413883447647,0.0033893585205078125,0.998046875,0.0
geometry_dropout,test_seen,496,val:2008_001821:part_91,2008_001821,person,eyebrow,eyebrow,0.2550458610057831,0.40643274784088135,0.0,0.015754010528326035,9.763240814208984e-05,0.09027099609375,0.0
geometry_dropout,test_seen,497,val:2008_001821:part_92,2008_001821,person,mouth,mouth,0.37106919288635254,0.5412843823432922,0.0,0.017177565023303032,1.0,1.0,0.9970703125
geometry_dropout,test_seen,498,val:2008_001821:part_93,2008_001821,person,hair,hair,0.6302931308746338,0.773226797580719,0.09038238972425461,0.12119199335575104,1.0,1.0,0.998046875
geometry_dropout,test_seen,499,val:2008_001874:part_83,2008_001874,person,head,head,0.4876404404640198,0.6555891036987305,0.002369668334722519,0.037968676537275314,1.0,1.0,1.0
geometry_dropout,test_seen,500,val:2008_001874:part_84,2008_001874,person,eye,eye,0.0,0.0,0.0,0.0009492168901488185,0.5927734375,0.99951171875,0.00018668174743652344
geometry_dropout,test_seen,501,val:2008_001874:part_85,2008_001874,person,torso,torso,0.6683842539787292,0.8012353777885437,0.0765095129609108,0.33459895849227905,1.0,1.0,1.0
geometry_dropout,test_seen,502,val:2008_001874:part_86,2008_001874,person,neck,neck,0.1444866955280304,0.25249168276786804,0.008196720853447914,0.02831830456852913,1.0,1.0,1.0
geometry_dropout,test_seen,503,val:2008_001874:part_87,2008_001874,person,leg,leg,0.024096384644508362,0.0470588244497776,0.48986485600471497,0.006960923783481121,1.0,1.0,1.0
geometry_dropout,test_seen,504,val:2008_001874:part_89,2008_001874,person,nose,nose,0.014925372786819935,0.029411764815449715,0.0,0.0028476507868617773,0.08404541015625,0.99853515625,5.364418029785156e-07
geometry_dropout,test_seen,505,val:2008_001874:part_90,2008_001874,person,ear,ear,0.009523809887468815,0.01886792480945587,0.0,0.0034804618917405605,0.0033893585205078125,0.998046875,0.0
geometry_dropout,test_seen,506,val:2008_001874:part_91,2008_001874,person,eyebrow,eyebrow,0.0,0.0,0.0,0.0015820281114429235,9.763240814208984e-05,0.09027099609375,0.0
geometry_dropout,test_seen,507,val:2008_001874:part_92,2008_001874,person,mouth,mouth,0.04878048598766327,0.09302325546741486,0.0,0.0020566366147249937,1.0,1.0,0.9970703125
geometry_dropout,test_seen,508,val:2008_001874:part_93,2008_001874,person,hair,hair,0.6837209463119507,0.8121547102928162,0.048013243824243546,0.07625375688076019,1.0,1.0,0.998046875
geometry_dropout,test_seen,509,val:2008_001874:part_94,2008_001874,person,lower arm,lower arm,0.2806004583835602,0.4382326304912567,0.37806451320648193,0.0528397411108017,0.99462890625,1.0,0.02752685546875
geometry_dropout,test_seen,510,val:2008_001874:part_95,2008_001874,person,upper arm,upper arm,0.5201923251152039,0.6843769550323486,0.24172517657279968,0.09239044785499573,0.958984375,1.0,0.0012845993041992188
geometry_dropout,test_seen,511,val:2008_001874:part_96,2008_001874,person,hand,hand,0.3615279793739319,0.531062126159668,0.3169398903846741,0.04208194836974144,1.0,1.0,0.99853515625
geometry_dropout,test_seen,512,val:2008_001885:part_43,2008_001885,cat,head,head,0.5823144912719727,0.7360287308692932,0.12766562402248383,0.15162508189678192,1.0,1.0,1.0
geometry_dropout,test_seen,513,val:2008_001885:part_45,2008_001885,cat,torso,torso,0.8389552235603333,0.9124259352684021,0.03562142327427864,0.7199230194091797,1.0,1.0,1.0
geometry_dropout,test_seen,514,val:2008_001885:part_46,2008_001885,cat,neck,neck,0.20466426014900208,0.3397863805294037,0.031326282769441605,0.03983119875192642,1.0,1.0,1.0
geometry_dropout,test_seen,515,val:2008_001885:part_47,2008_001885,cat,leg,leg,0.31307870149612427,0.4768620431423187,0.04672245308756828,0.06181979551911354,1.0,1.0,1.0
geometry_dropout,test_seen,516,val:2008_001885:part_48,2008_001885,cat,nose,nose,0.0055555556900799274,0.01104972418397665,0.7888888716697693,7.403568451991305e-05,0.08404541015625,0.99853515625,5.364418029785156e-07
geometry_dropout,test_seen,517,val:2008_001885:part_50,2008_001885,cat,ear,ear,0.3854961693286896,0.5564738512039185,0.26070037484169006,0.015695564448833466,0.0033893585205078125,0.998046875,0.0
geometry_dropout,test_seen,518,val:2008_001895:part_85,2008_001895,person,torso,torso,0.00031496063456870615,0.0006297228974290192,0.13312335312366486,0.00020454080367926508,1.0,1.0,1.0
geometry_dropout,test_seen,519,val:2008_001966:part_97,2008_001966,pottedplant,pot,pot,0.8628665208816528,0.926385760307312,0.07442307472229004,0.9562654495239258,1.0,1.0,0.9990234375
geometry_dropout,test_seen,520,val:2008_001971:part_0,2008_001971,aeroplane,body,body,0.403789222240448,0.5752847194671631,0.4157991409301758,0.5843230485916138,1.0,1.0,1.0
geometry_dropout,test_seen,521,val:2008_001971:part_1,2008_001971,aeroplane,stern,stern,0.3782287836074829,0.548862099647522,0.42964354157447815,0.16943784058094025,1.0,1.0,0.99951171875
geometry_dropout,test_seen,522,val:2008_001971:part_2,2008_001971,aeroplane,wing,wing,0.196035236120224,0.3278084695339203,0.23348017036914825,0.07046714425086975,0.7890625,1.0,0.0002472400665283203
geometry_dropout,test_seen,523,val:2008_001971:part_4,2008_001971,aeroplane,engine,engine,0.18819187581539154,0.31677019596099854,0.2798507511615753,0.04275534301996231,1.0,1.0,0.99365234375
geometry_dropout,test_seen,524,val:2008_001992:part_71,2008_001992,horse,head,head,0.4939040541648865,0.6612259149551392,0.06334704160690308,0.4337726831436157,1.0,1.0,1.0
geometry_dropout,test_seen,525,val:2008_001992:part_72,2008_001992,horse,eye,eye,0.07299269735813141,0.13605442643165588,0.37711864709854126,0.005346114747226238,0.5927734375,0.99951171875,0.00018668174743652344
geometry_dropout,test_seen,526,val:2008_001992:part_76,2008_001992,horse,ear,ear,0.15424738824367523,0.26726919412612915,0.262518972158432,0.02129228413105011,0.0033893585205078125,0.998046875,0.0
geometry_dropout,test_seen,527,val:2008_002152:part_42,2008_002152,cat,tail,tail,0.0,0.0,0.0,0.006732327863574028,0.9697265625,1.0,0.0005617141723632812
geometry_dropout,test_seen,528,val:2008_002152:part_43,2008_002152,cat,head,head,0.18429189920425415,0.31122714281082153,0.04707464575767517,0.05335992947220802,1.0,1.0,1.0
geometry_dropout,test_seen,529,val:2008_002152:part_44,2008_002152,cat,eye,eye,0.0,0.0,0.0,0.0011220546439290047,0.5927734375,0.99951171875,0.00018668174743652344
geometry_dropout,test_seen,530,val:2008_002152:part_45,2008_002152,cat,torso,torso,0.16406728327274323,0.2818862497806549,0.10679461061954498,0.1436229944229126,1.0,1.0,1.0
geometry_dropout,test_seen,531,val:2008_002152:part_46,2008_002152,cat,neck,neck,0.21256931126117706,0.35060974955558777,0.0190677959471941,0.022939782589673996,1.0,1.0,1.0
geometry_dropout,test_seen,532,val:2008_002152:part_47,2008_002152,cat,leg,leg,0.318918913602829,0.4836065471172333,0.07065217196941376,0.014960727654397488,1.0,1.0,1.0
geometry_dropout,test_seen,533,val:2008_002152:part_48,2008_002152,cat,nose,nose,0.0,0.0,0.0,0.0007480364292860031,0.08404541015625,0.99853515625,5.364418029785156e-07
geometry_dropout,test_seen,534,val:2008_002152:part_49,2008_002152,cat,paw,paw,0.20725388824939728,0.3433476388454437,0.3253012001514435,0.00835307314991951,0.9912109375,1.0,0.0014209747314453125
geometry_dropout,test_seen,535,val:2008_002152:part_50,2008_002152,cat,ear,ear,0.09302325546741486,0.1702127605676651,0.4832962155342102,0.020196983590722084,0.0033893585205078125,0.998046875,0.0
geometry_dropout,test_seen,536,val:2008_002205:part_22,2008_002205,bus,wheel,wheel,0.690800666809082,0.8171284794807434,0.06784141063690186,0.05105411633849144,1.0,1.0,0.9970703125
geometry_dropout,test_seen,537,val:2008_002205:part_25,2008_002205,bus,side,side,0.685044527053833,0.8130877614021301,0.048693668097257614,0.6513904929161072,1.0,1.0,0.99755859375
geometry_dropout,test_seen,538,val:2008_002205:part_28,2008_002205,bus,mirror,mirror,0.0,0.0,0.0,0.002042164793238044,0.05572509765625,0.9814453125,4.112720489501953e-06
geometry_dropout,test_seen,539,val:2008_002205:part_30,2008_002205,bus,door,door,0.5916142463684082,0.7434141039848328,0.03755274415016174,0.08565078675746918,0.204833984375,0.9970703125,2.777576446533203e-05
geometry_dropout,test_seen,540,val:2008_002205:part_31,2008_002205,bus,window,window,0.5935665369033813,0.7449535727500916,0.00827549397945404,0.18265360593795776,0.99951171875,1.0,0.99365234375
geometry_dropout,test_seen,541,val:2008_002212:part_83,2008_002212,person,head,head,0.0,0.0,0.540942907333374,0.024706609547138214,1.0,1.0,1.0
geometry_dropout,test_seen,542,val:2008_002212:part_84,2008_002212,person,eye,eye,0.0,0.0,0.0,0.0012353304773569107,0.5927734375,0.99951171875,0.00018668174743652344
geometry_dropout,test_seen,543,val:2008_002212:part_85,2008_002212,person,torso,torso,0.2570224702358246,0.40893855690956116,0.01946902647614479,0.20382952690124512,1.0,1.0,1.0
geometry_dropout,test_seen,544,val:2008_002212:part_89,2008_002212,person,nose,nose,0.0,0.0,0.0,0.0006176652386784554,0.08404541015625,0.99853515625,5.364418029785156e-07
geometry_dropout,test_seen,545,val:2008_002212:part_90,2008_002212,person,ear,ear,0.0,0.0,0.0,0.0043236566707491875,0.0033893585205078125,0.998046875,0.0
geometry_dropout,test_seen,546,val:2008_002212:part_92,2008_002212,person,mouth,mouth,0.0,0.0,0.0,0.0012353304773569107,1.0,1.0,0.9970703125
geometry_dropout,test_seen,547,val:2008_002212:part_93,2008_002212,person,hair,hair,0.05626598373055458,0.10653752833604813,0.5814696550369263,0.061766523867845535,1.0,1.0,0.998046875
geometry_dropout,test_seen,548,val:2008_002212:part_94,2008_002212,person,lower arm,lower arm,0.0,0.0,0.0,0.045089561492204666,0.99462890625,1.0,0.02752685546875
geometry_dropout,test_seen,549,val:2008_002212:part_95,2008_002212,person,upper arm,upper arm,0.0,0.0,0.0,0.13032735884189606,0.958984375,1.0,0.0012845993041992188
geometry_dropout,test_seen,550,val:2008_002212:part_96,2008_002212,person,hand,hand,0.21686747670173645,0.3564356565475464,0.24074074625968933,0.029030265286564827,1.0,1.0,0.99853515625
geometry_dropout,test_seen,551,val:2008_002241:part_85,2008_002241,person,torso,torso,0.3952528238296509,0.5665680766105652,0.12026002258062363,0.1853131800889969,1.0,1.0,1.0
geometry_dropout,test_seen,552,val:2008_002241:part_86,2008_002241,person,neck,neck,0.10256410390138626,0.1860465109348297,0.5714285969734192,0.003887688973918557,1.0,1.0,1.0
geometry_dropout,test_seen,553,val:2008_002241:part_87,2008_002241,person,leg,leg,0.2695167362689972,0.4245973527431488,0.46052631735801697,0.1308855265378952,1.0,1.0,1.0
geometry_dropout,test_seen,554,val:2008_002241:part_88,2008_002241,person,foot,foot,0.17142857611179352,0.2926829159259796,0.5199999809265137,0.006911447271704674,1.0,1.0,0.81298828125
geometry_dropout,test_seen,555,val:2008_002241:part_93,2008_002241,person,hair,hair,0.16597510874271393,0.2846975028514862,0.7637130618095398,0.019006479531526566,1.0,1.0,0.998046875
geometry_dropout,test_seen,556,val:2008_002241:part_94,2008_002241,person,lower arm,lower arm,0.0,0.0,0.0,0.008639308623969555,0.99462890625,1.0,0.02752685546875
geometry_dropout,test_seen,557,val:2008_002241:part_95,2008_002241,person,upper arm,upper arm,0.18930041790008545,0.31833910942077637,0.17171716690063477,0.039308853447437286,0.958984375,1.0,0.0012845993041992188
geometry_dropout,test_seen,558,val:2008_002241:part_96,2008_002241,person,hand,hand,0.0,0.0,0.0,0.0004319654544815421,1.0,1.0,0.99853515625
geometry_dropout,test_seen,559,val:2008_002269:part_6,2008_002269,bicycle,wheel,wheel,0.20988501608371735,0.34695035219192505,0.575705349445343,0.45329567790031433,1.0,1.0,0.9970703125
geometry_dropout,test_seen,560,val:2008_002269:part_7,2008_002269,bicycle,saddle,saddle,0.0,0.0,0.0,0.03879472613334656,1.0,1.0,0.99951171875
geometry_dropout,test_seen,561,val:2008_002269:part_8,2008_002269,bicycle,handlebar,handlebar,0.1406743973493576,0.2466512769460678,0.6204496622085571,0.05593220517039299,1.0,1.0,0.9990234375
geometry_dropout,test_seen,562,val:2008_002269:part_9,2008_002269,bicycle,chainwheel,chainwheel,0.41401273012161255,0.5855855941772461,0.11078717559576035,0.06082862615585327,0.984375,1.0,0.01009368896484375
geometry_dropout,test_seen,563,val:2008_002273:part_97,2008_002273,pottedplant,pot,pot,0.7935333847999573,0.8848827481269836,0.045504748821258545,0.8737863898277283,1.0,1.0,0.9990234375
geometry_dropout,test_seen,564,val:2008_002273:part_98,2008_002273,pottedplant,plant,plant,0.33696499466896057,0.5040745139122009,0.0,0.12488967180252075,1.0,1.0,1.0
geometry_dropout,test_seen,565,val:2008_002358:part_0,2008_002358,aeroplane,body,body,0.7723880410194397,0.8715789318084717,0.10588885843753815,0.5868808031082153,1.0,1.0,1.0
geometry_dropout,test_seen,566,val:2008_002358:part_1,2008_002358,aeroplane,stern,stern,0.5035874247550964,0.6698479056358337,0.19434306025505066,0.22465170919895172,1.0,1.0,0.99951171875
geometry_dropout,test_seen,567,val:2008_002358:part_2,2008_002358,aeroplane,wing,wing,0.3052256405353546,0.4676979184150696,0.10035842657089233,0.05069659277796745,0.7890625,1.0,0.0002472400665283203
geometry_dropout,test_seen,568,val:2008_002358:part_3,2008_002358,aeroplane,tail,tail,0.0,0.0,0.0,0.0001934984466060996,0.9697265625,1.0,0.0005617141723632812
geometry_dropout,test_seen,569,val:2008_002358:part_5,2008_002358,aeroplane,wheel,wheel,0.15325669944286346,0.2657807171344757,0.7357723712921143,0.010642414912581444,1.0,1.0,0.9970703125
geometry_dropout,test_seen,570,val:2008_002379:part_97,2008_002379,pottedplant,pot,pot,0.8064674139022827,0.892866849899292,0.1210828572511673,0.6507666110992432,1.0,1.0,0.9990234375
geometry_dropout,test_seen,571,val:2008_002379:part_98,2008_002379,pottedplant,plant,plant,0.48296070098876953,0.6513466238975525,0.38003334403038025,0.3453020453453064,1.0,1.0,1.0
geometry_dropout,test_seen,572,val:2008_002464:part_115,2008_002464,tvmonitor,screen,screen,0.855231761932373,0.9219675660133362,0.0008802816737443209,0.5586797595024109,1.0,1.0,1.0
geometry_dropout,test_seen,573,val:2008_002467:part_20,2008_002467,bottle,body,body,0.3692433536052704,0.5393392443656921,0.07711511850357056,0.3964073061943054,1.0,1.0,1.0
geometry_dropout,test_seen,574,val:2008_002467:part_21,2008_002467,bottle,cap,cap,0.2360360324382782,0.38192421197891235,0.19334720075130463,0.03816083446145058,1.0,1.0,0.99853515625
geometry_dropout,test_seen,575,val:2008_002495:part_83,2008_002495,person,head,head,0.03343465179204941,0.06470588594675064,0.38461539149284363,0.01335070002824068,1.0,1.0,1.0
geometry_dropout,test_seen,576,val:2008_002495:part_84,2008_002495,person,eye,eye,0.0,0.0,0.0,0.0013025073567405343,0.5927734375,0.99951171875,0.00018668174743652344
geometry_dropout,test_seen,577,val:2008_002495:part_85,2008_002495,person,torso,torso,0.24748322367668152,0.39677202701568604,0.14369748532772064,0.096711166203022,1.0,1.0,1.0
geometry_dropout,test_seen,578,val:2008_002495:part_87,2008_002495,person,leg,leg,0.42217159271240234,0.5936999320983887,0.3301127254962921,0.20547053217887878,1.0,1.0,1.0
geometry_dropout,test_seen,579,val:2008_002495:part_88,2008_002495,person,foot,foot,0.0,0.0,0.6027397513389587,0.03256268426775932,1.0,1.0,0.81298828125
geometry_dropout,test_seen,580,val:2008_002495:part_89,2008_002495,person,nose,nose,0.0,0.0,0.0,0.0009768805466592312,0.08404541015625,0.99853515625,5.364418029785156e-07
geometry_dropout,test_seen,581,val:2008_002495:part_92,2008_002495,person,mouth,mouth,0.0,0.0,0.0,0.0009768805466592312,1.0,1.0,0.9970703125
geometry_dropout,test_seen,582,val:2008_002495:part_93,2008_002495,person,hair,hair,0.08759123831987381,0.16107381880283356,0.447761207818985,0.031585801392793655,1.0,1.0,0.998046875
geometry_dropout,test_seen,583,val:2008_002495:part_94,2008_002495,person,lower arm,lower arm,0.0,0.0,0.1542857140302658,0.011396938934922218,0.99462890625,1.0,0.02752685546875
geometry_dropout,test_seen,584,val:2008_002495:part_95,2008_002495,person,upper arm,upper arm,0.12219101190567017,0.2177722156047821,0.25561797618865967,0.028329534456133842,0.958984375,1.0,0.0012845993041992188
geometry_dropout,test_seen,585,val:2008_002495:part_96,2008_002495,person,hand,hand,0.0,0.0,0.5,0.003907522186636925,1.0,1.0,0.99853515625
geometry_dropout,test_seen,586,val:2008_002588:part_83,2008_002588,person,head,head,0.4483568072319031,0.6191247701644897,0.014148273505270481,0.24958080053329468,1.0,1.0,1.0
geometry_dropout,test_seen,587,val:2008_002588:part_85,2008_002588,person,torso,torso,0.14637789130210876,0.25537458062171936,0.059597522020339966,0.03134270757436752,1.0,1.0,1.0
geometry_dropout,test_seen,588,val:2008_002588:part_86,2008_002588,person,neck,neck,0.6845549941062927,0.8127428293228149,0.026278741657733917,0.2231394350528717,1.0,1.0,1.0
geometry_dropout,test_seen,589,val:2008_002588:part_90,2008_002588,person,ear,ear,0.42073169350624084,0.5922746658325195,0.0,0.03160066902637482,0.0033893585205078125,0.998046875,0.0
geometry_dropout,test_seen,590,val:2008_002588:part_91,2008_002588,person,eyebrow,eyebrow,0.0,0.0,0.0,0.0009028763161040843,9.763240814208984e-05,0.09027099609375,0.0
geometry_dropout,test_seen,591,val:2008_002588:part_93,2008_002588,person,hair,hair,0.8612688183784485,0.9254642128944397,0.025918470695614815,0.4599509835243225,1.0,1.0,0.998046875
geometry_dropout,test_seen,592,val:2008_002623:part_43,2008_002623,cat,head,head,0.5587044358253479,0.71688312292099,0.22516556084156036,0.11176470667123795,1.0,1.0,1.0
geometry_dropout,test_seen,593,val:2008_002623:part_45,2008_002623,cat,torso,torso,0.7532045245170593,0.8592317700386047,0.1615370661020279,0.8559837937355042,1.0,1.0,1.0
geometry_dropout,test_seen,594,val:2008_002623:part_50,2008_002623,cat,ear,ear,0.23529411852359772,0.380952388048172,0.5446428656578064,0.031237322837114334,0.0033893585205078125,0.998046875,0.0
geometry_dropout,test_seen,595,val:2008_002680:part_115,2008_002680,tvmonitor,screen,screen,0.910865306854248,0.953353762626648,0.00013199578097555786,0.617047131061554,1.0,1.0,1.0
geometry_dropout,test_seen,596,val:2008_002681:part_43,2008_002681,cat,head,head,0.6063157916069031,0.7549148201942444,0.0,0.2127048522233963,1.0,1.0,1.0
geometry_dropout,test_seen,597,val:2008_002681:part_44,2008_002681,cat,eye,eye,0.13235294818878174,0.23376622796058655,0.0,0.00996789988130331,0.5927734375,0.99951171875,0.00018668174743652344
geometry_dropout,test_seen,598,val:2008_002681:part_45,2008_002681,cat,torso,torso,0.7092803120613098,0.8299168944358826,0.047739602625370026,0.4477107524871826,1.0,1.0,1.0
geometry_dropout,test_seen,599,val:2008_002681:part_47,2008_002681,cat,leg,leg,0.49625468254089355,0.6633291840553284,0.12740740180015564,0.1978374719619751,1.0,1.0,1.0
geometry_dropout,test_seen,600,val:2008_002681:part_48,2008_002681,cat,nose,nose,0.11578947305679321,0.2075471729040146,0.0,0.004223686642944813,0.08404541015625,0.99853515625,5.364418029785156e-07
geometry_dropout,test_seen,601,val:2008_002681:part_49,2008_002681,cat,paw,paw,0.34574466943740845,0.5138339996337891,0.5010309219360352,0.04629160463809967,0.9912109375,1.0,0.0014209747314453125
geometry_dropout,test_seen,602,val:2008_002681:part_50,2008_002681,cat,ear,ear,0.5297225713729858,0.6925734281539917,0.10584957897663116,0.07433687895536423,0.0033893585205078125,0.998046875,0.0
geometry_dropout,test_seen,603,val:2008_002775:part_20,2008_002775,bottle,body,body,0.8588324785232544,0.924055814743042,0.04281475022435188,0.9362891316413879,1.0,1.0,1.0
geometry_dropout,test_seen,604,val:2008_002775:part_21,2008_002775,bottle,cap,cap,0.677570104598999,0.8077994585037231,0.10000000149011612,0.06296572089195251,1.0,1.0,0.99853515625
geometry_dropout,test_seen,605,val:2008_002778:part_51,2008_002778,cow,tail,tail,0.222014918923378,0.3633587658405304,0.3073684275150299,0.028373265638947487,0.9697265625,1.0,0.0005617141723632812
geometry_dropout,test_seen,606,val:2008_002778:part_52,2008_002778,cow,head,head,0.5062713623046875,0.6722180247306824,0.17901939153671265,0.06998738646507263,1.0,1.0,1.0
geometry_dropout,test_seen,607,val:2008_002778:part_53,2008_002778,cow,eye,eye,0.0,0.0,0.0,0.0022068095859140158,0.5927734375,0.99951171875,0.00018668174743652344
geometry_dropout,test_seen,608,val:2008_002778:part_54,2008_002778,cow,torso,torso,0.7079207897186279,0.8289855122566223,0.12547528743743896,0.571878969669342,1.0,1.0,1.0
geometry_dropout,test_seen,609,val:2008_002778:part_56,2008_002778,cow,leg,leg,0.48445597290992737,0.6527050733566284,0.2800905108451843,0.19356872141361237,1.0,1.0,1.0
geometry_dropout,test_seen,610,val:2008_002778:part_57,2008_002778,cow,ear,ear,0.3187251091003418,0.4833836853504181,0.36152219772338867,0.029791928827762604,0.0033893585205078125,0.998046875,0.0
geometry_dropout,test_seen,611,val:2008_002778:part_58,2008_002778,cow,muzzle,muzzle,0.7097902297973633,0.8302658200263977,0.13725490868091583,0.03688524663448334,0.95166015625,1.0,0.0015668869018554688
geometry_dropout,test_seen,612,val:2008_002835:part_75,2008_002835,horse,leg,leg,0.0,0.0,0.2358490526676178,0.002872646087780595,1.0,1.0,1.0
geometry_dropout,test_seen,613,val:2008_002835:part_83,2008_002835,person,head,head,0.6520547866821289,0.7893863916397095,0.023178808391094208,0.1431969553232193,1.0,1.0,1.0
geometry_dropout,test_seen,614,val:2008_002835:part_84,2008_002835,person,eye,eye,0.0,0.0,0.0,0.0019029495306313038,0.5927734375,0.99951171875,0.00018668174743652344
geometry_dropout,test_seen,615,val:2008_002835:part_85,2008_002835,person,torso,torso,0.19290779531002045,0.32342448830604553,0.15877193212509155,0.25784966349601746,1.0,1.0,1.0
geometry_dropout,test_seen,616,val:2008_002835:part_87,2008_002835,person,leg,leg,0.5016429424285889,0.6681254506111145,0.3175182342529297,0.2611798346042633,1.0,1.0,1.0
geometry_dropout,test_seen,617,val:2008_002835:part_88,2008_002835,person,foot,foot,0.021621622145175934,0.042328041046857834,0.8717948794364929,0.07136061042547226,1.0,1.0,0.81298828125
geometry_dropout,test_seen,618,val:2008_002835:part_89,2008_002835,person,nose,nose,0.0,0.0,0.0,0.0023786870297044516,0.08404541015625,0.99853515625,5.364418029785156e-07
geometry_dropout,test_seen,619,val:2008_002835:part_90,2008_002835,person,ear,ear,0.032258063554763794,0.0625,0.0,0.0033301617950201035,0.0033893585205078125,0.998046875,0.0
geometry_dropout,test_seen,620,val:2008_002835:part_91,2008_002835,person,eyebrow,eyebrow,0.0,0.0,0.0,0.00047573738265782595,9.763240814208984e-05,0.09027099609375,0.0
geometry_dropout,test_seen,621,val:2008_002835:part_92,2008_002835,person,mouth,mouth,0.0,0.0,0.0,0.0023786870297044516,1.0,1.0,0.9970703125
geometry_dropout,test_seen,622,val:2008_002835:part_94,2008_002835,person,lower arm,lower arm,0.23188406229019165,0.3764705955982208,0.0,0.048525214195251465,0.99462890625,1.0,0.02752685546875
geometry_dropout,test_seen,623,val:2008_002835:part_95,2008_002835,person,upper arm,upper arm,0.4060402810573578,0.577565610408783,0.0,0.09276878833770752,0.958984375,1.0,0.0012845993041992188
geometry_dropout,test_seen,624,val:2008_002835:part_96,2008_002835,person,hand,hand,0.07246376574039459,0.13513512909412384,0.4285714328289032,0.028544243425130844,1.0,1.0,0.99853515625
geometry_dropout,test_seen,625,val:2008_002864:part_20,2008_002864,bottle,body,body,0.0,0.0,0.16286644339561462,0.21512386202812195,1.0,1.0,1.0
geometry_dropout,test_seen,626,val:2008_002864:part_21,2008_002864,bottle,cap,cap,0.0,0.0,0.3709677457809448,0.00782268587499857,1.0,1.0,0.99853515625
geometry_dropout,test_seen,627,val:2008_002900:part_114,2008_002900,train,coach,coach,0.8597515821456909,0.9245875477790833,0.10966001451015472,0.9783046841621399,1.0,1.0,1.0
geometry_dropout,test_seen,628,val:2008_002929:part_83,2008_002929,person,head,head,0.4226190447807312,0.5941422581672668,0.3202614486217499,0.020803095772862434,1.0,1.0,1.0
geometry_dropout,test_seen,629,val:2008_002929:part_84,2008_002929,person,eye,eye,0.0,0.0,0.0,0.001209482317790389,0.5927734375,0.99951171875,0.00018668174743652344
geometry_dropout,test_seen,630,val:2008_002929:part_85,2008_002929,person,torso,torso,0.2617107927799225,0.4148506820201874,0.05005820840597153,0.09192065894603729,1.0,1.0,1.0
geometry_dropout,test_seen,631,val:2008_002929:part_86,2008_002929,person,neck,neck,0.12916666269302368,0.2287822812795639,0.1666666716337204,0.007498790509998798,1.0,1.0,1.0
geometry_dropout,test_seen,632,val:2008_002929:part_87,2008_002929,person,leg,leg,0.26918715238571167,0.4241882562637329,0.24744462966918945,0.2440735399723053,1.0,1.0,1.0
geometry_dropout,test_seen,633,val:2008_002929:part_89,2008_002929,person,nose,nose,0.0,0.0,0.0,0.001209482317790389,0.08404541015625,0.99853515625,5.364418029785156e-07
geometry_dropout,test_seen,634,val:2008_002929:part_91,2008_002929,person,eyebrow,eyebrow,0.0,0.0,0.0,0.0016932752914726734,9.763240814208984e-05,0.09027099609375,0.0
geometry_dropout,test_seen,635,val:2008_002929:part_92,2008_002929,person,mouth,mouth,0.0,0.0,0.0,0.0009675858891569078,1.0,1.0,0.9970703125
geometry_dropout,test_seen,636,val:2008_002929:part_93,2008_002929,person,hair,hair,0.0,0.0,0.0,0.006047411821782589,1.0,1.0,0.998046875
geometry_dropout,test_seen,637,val:2008_002929:part_94,2008_002929,person,lower arm,lower arm,0.13565891981124878,0.2389078438282013,0.1894736886024475,0.026850508525967598,0.99462890625,1.0,0.02752685546875
geometry_dropout,test_seen,638,val:2008_002929:part_95,2008_002929,person,upper arm,upper arm,0.11529412120580673,0.2067510485649109,0.24793387949466705,0.05611998215317726,0.958984375,1.0,0.0012845993041992188
geometry_dropout,test_seen,639,val:2008_002929:part_96,2008_002929,person,hand,hand,0.16535432636737823,0.28378379344940186,0.13976377248764038,0.02031930349767208,1.0,1.0,0.99853515625
geometry_dropout,test_seen,640,val:2008_002942:part_83,2008_002942,person,head,head,0.565453827381134,0.7224152088165283,0.02938726916909218,0.3624279797077179,1.0,1.0,1.0
geometry_dropout,test_seen,641,val:2008_002942:part_84,2008_002942,person,eye,eye,0.6752212643623352,0.8061278462409973,0.0,0.02980167604982853,0.5927734375,0.99951171875,0.00018668174743652344
geometry_dropout,test_seen,642,val:2008_002942:part_85,2008_002942,person,torso,torso,0.447422057390213,0.6182330250740051,0.11809524148702621,0.21384382247924805,1.0,1.0,1.0
geometry_dropout,test_seen,643,val:2008_002942:part_89,2008_002942,person,nose,nose,0.7237280011177063,0.8397241234779358,0.0,0.0546540804207325,0.08404541015625,0.99853515625,5.364418029785156e-07
geometry_dropout,test_seen,644,val:2008_002942:part_91,2008_002942,person,eyebrow,eyebrow,0.08614782243967056,0.15863001346588135,0.0,0.00650475500151515,9.763240814208984e-05,0.09027099609375,0.0
geometry_dropout,test_seen,645,val:2008_002942:part_92,2008_002942,person,mouth,mouth,0.379146933555603,0.5498281717300415,0.051008302718400955,0.011347969062626362,1.0,1.0,0.9970703125
geometry_dropout,test_seen,646,val:2008_002942:part_93,2008_002942,person,hair,hair,0.5709120035171509,0.7268542051315308,0.11903298646211624,0.20779862999916077,1.0,1.0,0.998046875
geometry_dropout,test_seen,647,val:2008_002942:part_95,2008_002942,person,upper arm,upper arm,0.400370717048645,0.5718067288398743,0.014386944472789764,0.10244988650083542,0.958984375,1.0,0.0012845993041992188
geometry_dropout,test_seen,648,val:2008_003003:part_97,2008_003003,pottedplant,pot,pot,0.0,0.0,1.0,0.6057692170143127,1.0,1.0,0.9990234375
geometry_dropout,test_seen,649,val:2008_003003:part_98,2008_003003,pottedplant,plant,plant,0.04545454680919647,0.08695652335882187,0.75,0.36538460850715637,1.0,1.0,1.0
geometry_dropout,test_seen,650,val:2008_003026:part_115,2008_003026,tvmonitor,screen,screen,0.8363161087036133,0.910862922668457,0.0,0.7833089232444763,1.0,1.0,1.0
geometry_dropout,test_seen,651,val:2008_003034:part_83,2008_003034,person,head,head,0.14391691982746124,0.251621276140213,0.18397626280784607,0.02233993634581566,1.0,1.0,1.0
geometry_dropout,test_seen,652,val:2008_003034:part_84,2008_003034,person,eye,eye,0.0,0.0,0.0,0.0009212344302795827,0.5927734375,0.99951171875,0.00018668174743652344
geometry_dropout,test_seen,653,val:2008_003034:part_85,2008_003034,person,torso,torso,0.12865979969501495,0.22798684239387512,0.1230769231915474,0.07646246254444122,1.0,1.0,1.0
geometry_dropout,test_seen,654,val:2008_003034:part_86,2008_003034,person,neck,neck,0.3333333432674408,0.5,0.0,0.014048825018107891,1.0,1.0,1.0
geometry_dropout,test_seen,655,val:2008_003034:part_87,2008_003034,person,leg,leg,0.24677419662475586,0.3958602845668793,0.19515150785446167,0.1540764570236206,1.0,1.0,1.0
geometry_dropout,test_seen,656,val:2008_003034:part_88,2008_003034,person,foot,foot,0.0,0.0,0.0,0.004836481064558029,1.0,1.0,0.81298828125
geometry_dropout,test_seen,657,val:2008_003034:part_89,2008_003034,person,nose,nose,0.0,0.0,0.0,0.0018424688605591655,0.08404541015625,0.99853515625,5.364418029785156e-07
geometry_dropout,test_seen,658,val:2008_003034:part_90,2008_003034,person,ear,ear,0.09090909361839294,0.1666666716337204,0.0,0.0039152465760707855,0.0033893585205078125,0.998046875,0.0
geometry_dropout,test_seen,659,val:2008_003034:part_91,2008_003034,person,eyebrow,eyebrow,0.0,0.0,0.0,0.00023030860756989568,9.763240814208984e-05,0.09027099609375,0.0
geometry_dropout,test_seen,660,val:2008_003034:part_92,2008_003034,person,mouth,mouth,0.0,0.0,0.0,0.0011515431106090546,1.0,1.0,0.9970703125
geometry_dropout,test_seen,661,val:2008_003034:part_93,2008_003034,person,hair,hair,0.6096385717391968,0.757485032081604,0.17010308802127838,0.06448641419410706,1.0,1.0,0.998046875
geometry_dropout,test_seen,662,val:2008_003034:part_94,2008_003034,person,lower arm,lower arm,0.05786249041557312,0.1093951091170311,0.20129869878292084,0.03869184851646423,0.99462890625,1.0,0.02752685546875
geometry_dropout,test_seen,663,val:2008_003034:part_95,2008_003034,person,upper arm,upper arm,0.2724795639514923,0.4282655119895935,0.3050847351551056,0.11768770217895508,0.958984375,1.0,0.0012845993041992188
geometry_dropout,test_seen,664,val:2008_003034:part_96,2008_003034,person,hand,hand,0.0,0.0,0.12187500298023224,0.007139566820114851,1.0,1.0,0.99853515625
geometry_dropout,test_seen,665,val:2008_003076:part_20,2008_003076,bottle,body,body,0.1984127014875412,0.33112582564353943,0.4526315927505493,0.4608030617237091,1.0,1.0,1.0
geometry_dropout,test_seen,666,val:2008_003076:part_21,2008_003076,bottle,cap,cap,0.0,0.0,0.0,0.009560229256749153,1.0,1.0,0.99853515625
geometry_dropout,test_seen,667,val:2008_003105:part_109,2008_003105,train,head,head,0.3263808488845825,0.49213746190071106,0.3095238208770752,0.21748699247837067,1.0,1.0,1.0
geometry_dropout,test_seen,668,val:2008_003105:part_111,2008_003105,train,side,side,0.6043180823326111,0.7533644437789917,0.10793446749448776,0.5673269033432007,1.0,1.0,0.99755859375
geometry_dropout,test_seen,669,val:2008_003105:part_112,2008_003105,train,back,back,0.6164135932922363,0.762692928314209,0.10512024909257889,0.18937574326992035,1.0,1.0,1.0
geometry_dropout,test_seen,670,val:2008_003108:part_83,2008_003108,person,head,head,0.4883011281490326,0.6561859250068665,0.24350649118423462,0.07468476891517639,1.0,1.0,1.0
geometry_dropout,test_seen,671,val:2008_003108:part_84,2008_003108,person,eye,eye,0.0,0.0,0.0,0.0009699321235530078,0.5927734375,0.99951171875,0.00018668174743652344
geometry_dropout,test_seen,672,val:2008_003108:part_85,2008_003108,person,torso,torso,0.4187420904636383,0.5903005003929138,0.03218495100736618,0.1600387990474701,1.0,1.0,1.0
geometry_dropout,test_seen,673,val:2008_003108:part_86,2008_003108,person,neck,neck,0.5057471394538879,0.6717557311058044,0.0810810774564743,0.015796037390828133,1.0,1.0,1.0
geometry_dropout,test_seen,674,val:2008_003108:part_87,2008_003108,person,leg,leg,0.7675579190254211,0.8684953451156616,0.06615497171878815,0.307884156703949,1.0,1.0,1.0
geometry_dropout,test_seen,675,val:2008_003108:part_88,2008_003108,person,foot,foot,0.14444445073604584,0.25242719054222107,0.4133858382701874,0.007620895281434059,1.0,1.0,0.81298828125
geometry_dropout,test_seen,676,val:2008_003108:part_89,2008_003108,person,nose,nose,0.0,0.0,0.0,0.0026326728984713554,0.08404541015625,0.99853515625,5.364418029785156e-07
geometry_dropout,test_seen,677,val:2008_003108:part_90,2008_003108,person,ear,ear,0.31683167815208435,0.48120301961898804,0.16304348409175873,0.005681030917912722,0.0033893585205078125,0.998046875,0.0
geometry_dropout,test_seen,678,val:2008_003108:part_91,2008_003108,person,eyebrow,eyebrow,0.0,0.0,0.0,0.0009699321235530078,9.763240814208984e-05,0.09027099609375,0.0
geometry_dropout,test_seen,679,val:2008_003108:part_92,2008_003108,person,mouth,mouth,0.0,0.0,0.0,0.0013856173027306795,1.0,1.0,0.9970703125
geometry_dropout,test_seen,680,val:2008_003108:part_93,2008_003108,person,hair,hair,0.2048780471086502,0.34008097648620605,0.27642276883125305,0.017458777874708176,1.0,1.0,0.998046875
geometry_dropout,test_seen,681,val:2008_003108:part_94,2008_003108,person,lower arm,lower arm,0.30321285128593445,0.4653312861919403,0.10492505133152008,0.025218235328793526,0.99462890625,1.0,0.02752685546875
geometry_dropout,test_seen,682,val:2008_003108:part_95,2008_003108,person,upper arm,upper arm,0.6188992857933044,0.764592707157135,0.02654867246747017,0.10641540586948395,0.958984375,1.0,0.0012845993041992188
geometry_dropout,test_seen,683,val:2008_003108:part_96,2008_003108,person,hand,hand,0.43529412150382996,0.6065573692321777,0.4724770784378052,0.02050713635981083,1.0,1.0,0.99853515625
geometry_dropout,test_seen,684,val:2008_003135:part_97,2008_003135,pottedplant,pot,pot,0.005089058540761471,0.010126582346856594,0.20000000298023224,0.2810218930244446,1.0,1.0,0.9990234375
geometry_dropout,test_seen,685,val:2008_003135:part_98,2008_003135,pottedplant,plant,plant,0.0,0.0,0.5694444179534912,0.3642335832118988,1.0,1.0,1.0
geometry_dropout,test_seen,686,val:2008_003155:part_0,2008_003155,aeroplane,body,body,0.7206085920333862,0.8376205563545227,0.10754223167896271,0.5299853682518005,1.0,1.0,1.0
geometry_dropout,test_seen,687,val:2008_003155:part_1,2008_003155,aeroplane,stern,stern,0.371447890996933,0.5416872501373291,0.3440758287906647,0.15797172486782074,1.0,1.0,0.99951171875
geometry_dropout,test_seen,688,val:2008_003155:part_2,2008_003155,aeroplane,wing,wing,0.503740668296814,0.6699833869934082,0.3090443015098572,0.24215829372406006,0.7890625,1.0,0.0002472400665283203
geometry_dropout,test_seen,689,val:2008_003155:part_5,2008_003155,aeroplane,wheel,wheel,0.42635658383369446,0.5978260636329651,0.5211267471313477,0.032016903162002563,1.0,1.0,0.9970703125
geometry_dropout,test_seen,690,val:2008_003210:part_83,2008_003210,person,head,head,0.15258653461933136,0.26477235555648804,0.05864774063229561,0.02080443874001503,1.0,1.0,1.0
geometry_dropout,test_seen,691,val:2008_003210:part_84,2008_003210,person,eye,eye,0.0,0.0,0.0,0.00029720625025220215,0.5927734375,0.99951171875,0.00018668174743652344
geometry_dropout,test_seen,692,val:2008_003210:part_89,2008_003210,person,nose,nose,0.01923076994717121,0.03773584961891174,0.0,0.000544878130313009,0.08404541015625,0.99853515625,5.364418029785156e-07
geometry_dropout,test_seen,693,val:2008_003210:part_90,2008_003210,person,ear,ear,0.0,0.0,0.006666666828095913,0.002229047007858753,0.0033893585205078125,0.998046875,0.0
geometry_dropout,test_seen,694,val:2008_003210:part_93,2008_003210,person,hair,hair,0.018980275839567184,0.03725346922874451,0.1634768694639206,0.011392906308174133,1.0,1.0,0.998046875
geometry_dropout,test_seen,695,val:2008_003238:part_83,2008_003238,person,head,head,0.0,0.0,0.01729462668299675,0.00016123830573633313,1.0,1.0,1.0
geometry_dropout,test_seen,696,val:2008_003238:part_85,2008_003238,person,torso,torso,0.0,0.0,0.04593639448285103,0.00032247661147266626,1.0,1.0,1.0
geometry_dropout,test_seen,697,val:2008_003238:part_86,2008_003238,person,neck,neck,0.0,0.0,0.0,0.0006449532229453325,1.0,1.0,1.0
geometry_dropout,test_seen,698,val:2008_003238:part_87,2008_003238,person,leg,leg,0.0,0.0,0.0,0.0004837149172089994,1.0,1.0,1.0
geometry_dropout,test_seen,699,val:2008_003270:part_6,2008_003270,bicycle,wheel,wheel,0.12853895127773285,0.22779710590839386,0.5857142806053162,0.685249924659729,1.0,1.0,0.9970703125
geometry_dropout,test_seen,700,val:2008_003270:part_7,2008_003270,bicycle,saddle,saddle,0.3441654443740845,0.5120879411697388,0.6366322040557861,0.040720026940107346,1.0,1.0,0.99951171875
geometry_dropout,test_seen,701,val:2008_003270:part_8,2008_003270,bicycle,handlebar,handlebar,0.24494382739067078,0.39350181818008423,0.7152777910232544,0.04264243319630623,1.0,1.0,0.9990234375
geometry_dropout,test_seen,702,val:2008_003270:part_9,2008_003270,bicycle,chainwheel,chainwheel,0.38213762640953064,0.5529661178588867,0.5988112688064575,0.04736106097698212,0.984375,1.0,0.01009368896484375
geometry_dropout,test_seen,703,val:2008_003330:part_83,2008_003330,person,head,head,0.753224790096283,0.8592449426651001,0.0,0.17441968619823456,1.0,1.0,1.0
geometry_dropout,test_seen,704,val:2008_003330:part_84,2008_003330,person,eye,eye,0.28947368264198303,0.44897958636283875,0.0,0.00435230229049921,0.5927734375,0.99951171875,0.00018668174743652344
geometry_dropout,test_seen,705,val:2008_003330:part_85,2008_003330,person,torso,torso,0.4138987958431244,0.5854715704917908,0.08390624076128006,0.23385436832904816,1.0,1.0,1.0
geometry_dropout,test_seen,706,val:2008_003330:part_86,2008_003330,person,neck,neck,0.5808457732200623,0.7348544597625732,0.0,0.027377387508749962,1.0,1.0,1.0
geometry_dropout,test_seen,707,val:2008_003330:part_89,2008_003330,person,nose,nose,0.5048308968544006,0.6709470152854919,0.0,0.009827779605984688,0.08404541015625,0.99853515625,5.364418029785156e-07
geometry_dropout,test_seen,708,val:2008_003330:part_91,2008_003330,person,eyebrow,eyebrow,0.0734127014875412,0.13678373396396637,0.0,0.0019655560608953238,9.763240814208984e-05,0.09027099609375,0.0
geometry_dropout,test_seen,709,val:2008_003330:part_92,2008_003330,person,mouth,mouth,0.3980891704559326,0.5694760680198669,0.0,0.0066922502592206,1.0,1.0,0.9970703125
geometry_dropout,test_seen,710,val:2008_003330:part_93,2008_003330,person,hair,hair,0.7142529487609863,0.8333110213279724,0.14832143485546112,0.29899850487709045,1.0,1.0,0.998046875
geometry_dropout,test_seen,711,val:2008_003330:part_95,2008_003330,person,upper arm,upper arm,0.5823608040809631,0.7360657453536987,0.18482999503612518,0.22945526242256165,0.958984375,1.0,0.0012845993041992188
geometry_dropout,test_seen,712,val:2008_003333:part_83,2008_003333,person,head,head,0.5983263850212097,0.7486910820007324,0.29223743081092834,0.08628904074430466,1.0,1.0,1.0
geometry_dropout,test_seen,713,val:2008_003333:part_84,2008_003333,person,eye,eye,0.0,0.0,0.0,0.0010587612632662058,0.5927734375,0.99951171875,0.00018668174743652344
geometry_dropout,test_seen,714,val:2008_003333:part_85,2008_003333,person,torso,torso,0.346851646900177,0.5150554776191711,0.11563169211149216,0.17363683879375458,1.0,1.0,1.0
geometry_dropout,test_seen,715,val:2008_003333:part_86,2008_003333,person,neck,neck,0.25,0.4000000059604645,0.03478260710835457,0.018528321757912636,1.0,1.0,1.0
geometry_dropout,test_seen,716,val:2008_003333:part_87,2008_003333,person,leg,leg,0.5967302322387695,0.7474402785301208,0.08846918493509293,0.3980942368507385,1.0,1.0,1.0
geometry_dropout,test_seen,717,val:2008_003333:part_88,2008_003333,person,foot,foot,0.0,0.0,1.0,0.029645314440131187,1.0,1.0,0.81298828125
geometry_dropout,test_seen,718,val:2008_003333:part_89,2008_003333,person,nose,nose,0.0,0.0,0.0,0.0015881418948993087,0.08404541015625,0.99853515625,5.364418029785156e-07
geometry_dropout,test_seen,719,val:2008_003333:part_90,2008_003333,person,ear,ear,0.30000001192092896,0.4615384638309479,0.0,0.005293806083500385,0.0033893585205078125,0.998046875,0.0
geometry_dropout,test_seen,720,val:2008_003333:part_91,2008_003333,person,eyebrow,eyebrow,0.0,0.0,0.0,0.0005293806316331029,9.763240814208984e-05,0.09027099609375,0.0
geometry_dropout,test_seen,721,val:2008_003333:part_92,2008_003333,person,mouth,mouth,0.0,0.0,0.0,0.0010587612632662058,1.0,1.0,0.9970703125
geometry_dropout,test_seen,722,val:2008_003333:part_94,2008_003333,person,lower arm,lower arm,0.38111889362335205,0.551898717880249,0.21338912844657898,0.08258337527513504,0.99462890625,1.0,0.02752685546875
geometry_dropout,test_seen,723,val:2008_003333:part_95,2008_003333,person,upper arm,upper arm,0.35823753476142883,0.5275035500526428,0.24511930346488953,0.1312863975763321,0.958984375,1.0,0.0012845993041992188
geometry_dropout,test_seen,724,val:2008_003333:part_96,2008_003333,person,hand,hand,0.13636364042758942,0.23999999463558197,0.6829268336296082,0.019057702273130417,1.0,1.0,0.99853515625
geometry_dropout,test_seen,725,val:2008_003369:part_0,2008_003369,aeroplane,body,body,0.7737151980400085,0.8724232316017151,0.08370651304721832,0.7284144163131714,1.0,1.0,1.0
geometry_dropout,test_seen,726,val:2008_003369:part_2,2008_003369,aeroplane,wing,wing,0.5309531688690186,0.6936243176460266,0.056616414338350296,0.17676609754562378,0.7890625,1.0,0.0002472400665283203
geometry_dropout,test_seen,727,val:2008_003369:part_4,2008_003369,aeroplane,engine,engine,0.0,0.0,0.15789473056793213,0.0075353216379880905,1.0,1.0,0.99365234375
geometry_dropout,test_seen,728,val:2008_003369:part_5,2008_003369,aeroplane,wheel,wheel,0.42476189136505127,0.596256673336029,0.3799019753932953,0.035583462566137314,1.0,1.0,0.9970703125
geometry_dropout,test_seen,729,val:2008_003379:part_75,2008_003379,horse,leg,leg,0.0,0.0,0.49374398589134216,0.0005824111867696047,1.0,1.0,1.0
geometry_dropout,test_seen,730,val:2008_003379:part_83,2008_003379,person,head,head,0.251748263835907,0.40223464369773865,0.5726495981216431,0.0921248123049736,1.0,1.0,1.0
geometry_dropout,test_seen,731,val:2008_003379:part_85,2008_003379,person,torso,torso,0.17931035161018372,0.3040935695171356,0.4114671051502228,0.3893016278743744,1.0,1.0,1.0
geometry_dropout,test_seen,732,val:2008_003379:part_87,2008_003379,person,leg,leg,0.2014285773038864,0.33531510829925537,0.6640986204147339,0.2852897346019745,1.0,1.0,1.0
geometry_dropout,test_seen,733,val:2008_003379:part_88,2008_003379,person,foot,foot,0.09259258955717087,0.16949152946472168,0.8835979104042053,0.05200594291090965,1.0,1.0,0.81298828125
geometry_dropout,test_seen,734,val:2008_003379:part_90,2008_003379,person,ear,ear,0.0,0.0,1.0,0.005943536292761564,0.0033893585205078125,0.998046875,0.0
geometry_dropout,test_seen,735,val:2008_003379:part_93,2008_003379,person,hair,hair,0.13461539149284363,0.23728813230991364,0.5,0.016344724223017693,1.0,1.0,0.998046875
geometry_dropout,test_seen,736,val:2008_003379:part_94,2008_003379,person,lower arm,lower arm,0.12280701845884323,0.21875,0.41860464215278625,0.03120356611907482,0.99462890625,1.0,0.02752685546875
geometry_dropout,test_seen,737,val:2008_003379:part_95,2008_003379,person,upper arm,upper arm,0.30666667222976685,0.4693877696990967,0.26829269528388977,0.08469539135694504,0.958984375,1.0,0.0012845993041992188
geometry_dropout,test_seen,738,val:2008_003379:part_96,2008_003379,person,hand,hand,0.0,0.0,1.0,0.008915304206311703,1.0,1.0,0.99853515625
geometry_dropout,test_seen,739,val:2008_003451:part_83,2008_003451,person,head,head,0.6693227291107178,0.801909327507019,0.04694835841655731,0.10034096240997314,1.0,1.0,1.0
geometry_dropout,test_seen,740,val:2008_003451:part_84,2008_003451,person,eye,eye,0.0,0.0,0.0,0.00024354603374376893,0.5927734375,0.99951171875,0.00018668174743652344
geometry_dropout,test_seen,741,val:2008_003451:part_85,2008_003451,person,torso,torso,0.35301724076271057,0.5218222141265869,0.25869566202163696,0.20433512330055237,1.0,1.0,1.0
geometry_dropout,test_seen,742,val:2008_003451:part_87,2008_003451,person,leg,leg,0.6387733817100525,0.779574990272522,0.17553482949733734,0.3239162266254425,1.0,1.0,1.0
geometry_dropout,test_seen,743,val:2008_003451:part_88,2008_003451,person,foot,foot,0.37244898080825806,0.5427509546279907,0.26478874683380127,0.044568922370672226,1.0,1.0,0.81298828125
geometry_dropout,test_seen,744,val:2008_003451:part_89,2008_003451,person,nose,nose,0.0,0.0,0.0,0.003409644355997443,0.08404541015625,0.99853515625,5.364418029785156e-07
geometry_dropout,test_seen,745,val:2008_003451:part_90,2008_003451,person,ear,ear,0.0,0.0,1.0,0.00048709206748753786,0.0033893585205078125,0.998046875,0.0
geometry_dropout,test_seen,746,val:2008_003451:part_91,2008_003451,person,eyebrow,eyebrow,0.0,0.0,0.0,0.0012177301105111837,9.763240814208984e-05,0.09027099609375,0.0
geometry_dropout,test_seen,747,val:2008_003451:part_92,2008_003451,person,mouth,mouth,0.027027027681469917,0.05263157933950424,0.0,0.0009741841349750757,1.0,1.0,0.9970703125
geometry_dropout,test_seen,748,val:2008_003451:part_94,2008_003451,person,lower arm,lower arm,0.29769736528396606,0.45880863070487976,0.12041884660720825,0.09912323206663132,0.99462890625,1.0,0.02752685546875
geometry_dropout,test_seen,749,val:2008_003451:part_95,2008_003451,person,upper arm,upper arm,0.5996472835540771,0.7497243881225586,0.1257309913635254,0.19191427528858185,0.958984375,1.0,0.0012845993041992188
geometry_dropout,test_seen,750,val:2008_003451:part_96,2008_003451,person,hand,hand,0.21568627655506134,0.35483869910240173,0.2211538404226303,0.02484169416129589,1.0,1.0,0.99853515625
geometry_dropout,test_seen,751,val:2008_003461:part_83,2008_003461,person,head,head,0.4803149700164795,0.6489361524581909,0.4514435827732086,0.07436001300811768,1.0,1.0,1.0
geometry_dropout,test_seen,752,val:2008_003461:part_84,2008_003461,person,eye,eye,0.0,0.0,0.0,0.00040633889148011804,0.5927734375,0.99951171875,0.00018668174743652344
geometry_dropout,test_seen,753,val:2008_003461:part_85,2008_003461,person,torso,torso,0.21862871944904327,0.35881105065345764,0.3076923191547394,0.1292157620191574,1.0,1.0,1.0
geometry_dropout,test_seen,754,val:2008_003461:part_86,2008_003461,person,neck,neck,0.09278350323438644,0.16981132328510284,0.5681818127632141,0.007314099930226803,1.0,1.0,1.0
geometry_dropout,test_seen,755,val:2008_003461:part_87,2008_003461,person,leg,leg,0.5253784656524658,0.6888499855995178,0.33700641989707947,0.2535554766654968,1.0,1.0,1.0
geometry_dropout,test_seen,756,val:2008_003461:part_88,2008_003461,person,foot,foot,0.2666666805744171,0.42105263471603394,0.5287008881568909,0.0430719219148159,1.0,1.0,0.81298828125
geometry_dropout,test_seen,757,val:2008_003461:part_89,2008_003461,person,nose,nose,0.0,0.0,0.0,0.0012190166162326932,0.08404541015625,0.99853515625,5.364418029785156e-07
geometry_dropout,test_seen,758,val:2008_003461:part_90,2008_003461,person,ear,ear,0.0,0.0,0.0,0.0032507111318409443,0.0033893585205078125,0.998046875,0.0
geometry_dropout,test_seen,759,val:2008_003461:part_91,2008_003461,person,eyebrow,eyebrow,0.0,0.0,0.0,0.0008126777829602361,9.763240814208984e-05,0.09027099609375,0.0
geometry_dropout,test_seen,760,val:2008_003461:part_92,2008_003461,person,mouth,mouth,0.0,0.0,0.0,0.0016253555659204721,1.0,1.0,0.9970703125
geometry_dropout,test_seen,761,val:2008_003461:part_93,2008_003461,person,hair,hair,0.025925925001502037,0.05054151639342308,0.31111112236976624,0.002844372298568487,1.0,1.0,0.998046875
geometry_dropout,test_seen,762,val:2008_003461:part_94,2008_003461,person,lower arm,lower arm,0.15259739756584167,0.26478874683380127,0.16015625,0.04022755101323128,0.99462890625,1.0,0.02752685546875
geometry_dropout,test_seen,763,val:2008_003461:part_95,2008_003461,person,upper arm,upper arm,0.4976303279399872,0.6645569801330566,0.06201550364494324,0.09955302625894547,0.958984375,1.0,0.0012845993041992188
geometry_dropout,test_seen,764,val:2008_003461:part_96,2008_003461,person,hand,hand,0.12359550595283508,0.2199999988079071,0.6067415475845337,0.008939455263316631,1.0,1.0,0.99853515625
geometry_dropout,test_seen,765,val:2008_003492:part_83,2008_003492,person,head,head,0.6565836071968079,0.7926959991455078,0.015532206743955612,0.09307543188333511,1.0,1.0,1.0
geometry_dropout,test_seen,766,val:2008_003492:part_84,2008_003492,person,eye,eye,0.13173653185367584,0.23280423879623413,0.005988024175167084,0.0013339801225811243,0.5927734375,0.99951171875,0.00018668174743652344
geometry_dropout,test_seen,767,val:2008_003492:part_85,2008_003492,person,torso,torso,0.5527696013450623,0.7119789123535156,0.07285397499799728,0.323186993598938,1.0,1.0,1.0
geometry_dropout,test_seen,768,val:2008_003492:part_87,2008_003492,person,leg,leg,0.458844929933548,0.6290523409843445,0.08185538649559021,0.06118118017911911,1.0,1.0,1.0
geometry_dropout,test_seen,769,val:2008_003492:part_89,2008_003492,person,nose,nose,0.4149377644062042,0.5865102410316467,0.0,0.0060635460540652275,0.08404541015625,0.99853515625,5.364418029785156e-07
geometry_dropout,test_seen,770,val:2008_003492:part_90,2008_003492,person,ear,ear,0.23270440101623535,0.37755101919174194,0.0,0.002243512077257037,0.0033893585205078125,0.998046875,0.0
geometry_dropout,test_seen,771,val:2008_003492:part_91,2008_003492,person,eyebrow,eyebrow,0.04575163498520851,0.08749999850988388,0.013071895577013493,0.0012733446201309562,9.763240814208984e-05,0.09027099609375,0.0
geometry_dropout,test_seen,772,val:2008_003492:part_92,2008_003492,person,mouth,mouth,0.19655172526836395,0.3285302519798279,0.0,0.003456221194937825,1.0,1.0,0.9970703125
geometry_dropout,test_seen,773,val:2008_003492:part_93,2008_003492,person,hair,hair,0.6350134015083313,0.7767684459686279,0.1010163202881813,0.2102837711572647,1.0,1.0,0.998046875
geometry_dropout,test_seen,774,val:2008_003492:part_94,2008_003492,person,lower arm,lower arm,0.4152306914329529,0.5868028402328491,0.04196978360414505,0.046022314578294754,0.99462890625,1.0,0.02752685546875
geometry_dropout,test_seen,775,val:2008_003492:part_95,2008_003492,person,upper arm,upper arm,0.6068639755249023,0.7553395628929138,0.00018497965356800705,0.20876789093017578,0.958984375,1.0,0.0012845993041992188
geometry_dropout,test_seen,776,val:2008_003492:part_96,2008_003492,person,hand,hand,0.681208074092865,0.8103792667388916,0.2026699036359787,0.04117147624492645,1.0,1.0,0.99853515625
geometry_dropout,test_seen,777,val:2008_003499:part_42,2008_003499,cat,tail,tail,0.4576679766178131,0.6279454231262207,0.1262589991092682,0.14340464770793915,0.9697265625,1.0,0.0005617141723632812
geometry_dropout,test_seen,778,val:2008_003499:part_43,2008_003499,cat,head,head,0.652274489402771,0.7895473837852478,0.10276271402835846,0.17810605466365814,1.0,1.0,1.0
geometry_dropout,test_seen,779,val:2008_003499:part_44,2008_003499,cat,eye,eye,0.23624595999717712,0.3821989595890045,0.0,0.008013378828763962,0.5927734375,0.99951171875,0.00018668174743652344
geometry_dropout,test_seen,780,val:2008_003499:part_45,2008_003499,cat,torso,torso,0.7063363790512085,0.8278981447219849,0.06000255420804024,0.409309446811676,1.0,1.0,1.0
geometry_dropout,test_seen,781,val:2008_003499:part_46,2008_003499,cat,neck,neck,0.1987115889787674,0.3315419554710388,0.0,0.028639119118452072,1.0,1.0,1.0
geometry_dropout,test_seen,782,val:2008_003499:part_47,2008_003499,cat,leg,leg,0.4497767984867096,0.6204773187637329,0.013546202331781387,0.12751725316047668,1.0,1.0,1.0
geometry_dropout,test_seen,783,val:2008_003499:part_48,2008_003499,cat,nose,nose,0.3658536672592163,0.5357142686843872,0.0,0.0022298097610473633,0.08404541015625,0.99853515625,5.364418029785156e-07
geometry_dropout,test_seen,784,val:2008_003499:part_49,2008_003499,cat,paw,paw,0.23369823396205902,0.3788580298423767,0.15481171011924744,0.04738345742225647,0.9912109375,1.0,0.0014209747314453125
geometry_dropout,test_seen,785,val:2008_003499:part_50,2008_003499,cat,ear,ear,0.4754863679409027,0.6445147395133972,0.34107285737991333,0.045083966106176376,0.0033893585205078125,0.998046875,0.0
geometry_dropout,test_seen,786,val:2008_003546:part_83,2008_003546,person,head,head,0.17499999701976776,0.2978723347187042,0.07500000298023224,0.01843910850584507,1.0,1.0,1.0
geometry_dropout,test_seen,787,val:2008_003546:part_84,2008_003546,person,eye,eye,0.0,0.0,0.0,0.00042881647823378444,0.5927734375,0.99951171875,0.00018668174743652344
geometry_dropout,test_seen,788,val:2008_003546:part_85,2008_003546,person,torso,torso,0.10386740416288376,0.18818819522857666,0.13968776166439056,0.111635223031044,1.0,1.0,1.0
geometry_dropout,test_seen,789,val:2008_003546:part_86,2008_003546,person,neck,neck,0.0,0.0,0.0,0.00414522597566247,1.0,1.0,1.0
geometry_dropout,test_seen,790,val:2008_003546:part_87,2008_003546,person,leg,leg,0.5090497732162476,0.6746626496315002,0.0853932574391365,0.1588050276041031,1.0,1.0,1.0
geometry_dropout,test_seen,791,val:2008_003546:part_88,2008_003546,person,foot,foot,0.0,0.0,0.5054945349693298,0.009148084558546543,1.0,1.0,0.81298828125
geometry_dropout,test_seen,792,val:2008_003546:part_89,2008_003546,person,nose,nose,0.0,0.0,0.07407407462596893,0.0005717552849091589,0.08404541015625,0.99853515625,5.364418029785156e-07
geometry_dropout,test_seen,793,val:2008_003546:part_90,2008_003546,person,ear,ear,0.0,0.0,0.0,0.00028587764245457947,0.0033893585205078125,0.998046875,0.0
geometry_dropout,test_seen,794,val:2008_003546:part_91,2008_003546,person,eyebrow,eyebrow,0.0,0.0,0.0,0.00028587764245457947,9.763240814208984e-05,0.09027099609375,0.0
geometry_dropout,test_seen,795,val:2008_003546:part_92,2008_003546,person,mouth,mouth,0.0,0.0,0.0,0.0015723269898444414,1.0,1.0,0.9970703125
geometry_dropout,test_seen,796,val:2008_003546:part_93,2008_003546,person,hair,hair,0.05253283306956291,0.09982174634933472,0.17957746982574463,0.039594054222106934,1.0,1.0,0.998046875
geometry_dropout,test_seen,797,val:2008_003546:part_94,2008_003546,person,lower arm,lower arm,0.0,0.0,0.6424580812454224,0.007575757801532745,0.99462890625,1.0,0.02752685546875
geometry_dropout,test_seen,798,val:2008_003546:part_95,2008_003546,person,upper arm,upper arm,0.0,0.0,0.5356521606445312,0.01658090390264988,0.958984375,1.0,0.0012845993041992188
geometry_dropout,test_seen,799,val:2008_003546:part_96,2008_003546,person,hand,hand,0.0,0.0,0.7930232286453247,0.006718124728649855,1.0,1.0,0.99853515625
geometry_dropout,test_seen,800,val:2008_003676:part_97,2008_003676,pottedplant,pot,pot,0.15352697670459747,0.26618704199790955,0.3083333373069763,0.023072252050042152,1.0,1.0,0.9990234375
geometry_dropout,test_seen,801,val:2008_003676:part_98,2008_003676,pottedplant,plant,plant,0.2939758896827698,0.4543761610984802,0.432348370552063,0.4590163826942444,1.0,1.0,1.0
geometry_dropout,test_seen,802,val:2008_003733:part_83,2008_003733,person,head,head,0.5463516712188721,0.7066331505775452,0.07633353769779205,0.10924802720546722,1.0,1.0,1.0
geometry_dropout,test_seen,803,val:2008_003733:part_84,2008_003733,person,eye,eye,0.04518072307109833,0.0864553302526474,0.0,0.0009728739969432354,0.5927734375,0.99951171875,0.00018668174743652344
geometry_dropout,test_seen,804,val:2008_003733:part_85,2008_003733,person,torso,torso,0.1297919601202011,0.22976256906986237,0.0737466886639595,0.1590362787246704,1.0,1.0,1.0
geometry_dropout,test_seen,805,val:2008_003733:part_86,2008_003733,person,neck,neck,0.07251908630132675,0.13523131608963013,0.0,0.006695662159472704,1.0,1.0,1.0
geometry_dropout,test_seen,806,val:2008_003733:part_89,2008_003733,person,nose,nose,0.10816776752471924,0.19521912932395935,0.0,0.0028041661716997623,0.08404541015625,0.99853515625,5.364418029785156e-07
geometry_dropout,test_seen,807,val:2008_003733:part_90,2008_003733,person,ear,ear,0.042553190141916275,0.08163265138864517,0.21764706075191498,0.001487924950197339,0.0033893585205078125,0.998046875,0.0
geometry_dropout,test_seen,808,val:2008_003733:part_91,2008_003733,person,eyebrow,eyebrow,0.019305018708109856,0.03787878900766373,0.0,0.0012017855187878013,9.763240814208984e-05,0.09027099609375,0.0
geometry_dropout,test_seen,809,val:2008_003733:part_92,2008_003733,person,mouth,mouth,0.08088235557079315,0.14965985715389252,0.0,0.0012590134283527732,1.0,1.0,0.9970703125
geometry_dropout,test_seen,810,val:2008_003733:part_93,2008_003733,person,hair,hair,0.013283740729093552,0.026219192892313004,0.15673288702964783,0.005436648614704609,1.0,1.0,0.998046875
geometry_dropout,test_seen,811,val:2008_003733:part_94,2008_003733,person,lower arm,lower arm,0.0,0.0,0.0,0.05350806936621666,0.99462890625,1.0,0.02752685546875
geometry_dropout,test_seen,812,val:2008_003733:part_95,2008_003733,person,upper arm,upper arm,0.0,0.0,0.11052631586790085,0.06936018913984299,0.958984375,1.0,0.0012845993041992188
geometry_dropout,test_seen,813,val:2008_003733:part_96,2008_003733,person,hand,hand,0.07834101468324661,0.14529915153980255,0.08089887350797653,0.016023807227611542,1.0,1.0,0.99853515625
geometry_dropout,test_seen,814,val:2008_003777:part_22,2008_003777,bus,wheel,wheel,0.4019823670387268,0.5734485387802124,0.38228699564933777,0.01965031772851944,1.0,1.0,0.9970703125
geometry_dropout,test_seen,815,val:2008_003777:part_25,2008_003777,bus,side,side,0.6072527170181274,0.7556406259536743,0.09654054045677185,0.5819794535636902,1.0,1.0,0.99755859375
geometry_dropout,test_seen,816,val:2008_003777:part_28,2008_003777,bus,mirror,mirror,0.0,0.0,0.0,0.006601681467145681,0.05572509765625,0.9814453125,4.112720489501953e-06
geometry_dropout,test_seen,817,val:2008_003777:part_31,2008_003777,bus,window,window,0.7023547291755676,0.8251566886901855,0.10577600449323654,0.3176027536392212,0.99951171875,1.0,0.99365234375
geometry_dropout,test_seen,818,val:2008_003782:part_70,2008_003782,horse,tail,tail,0.08862433582544327,0.16281895339488983,0.08553654700517654,0.03379012644290924,0.9697265625,1.0,0.0005617141723632812
geometry_dropout,test_seen,819,val:2008_003782:part_71,2008_003782,horse,head,head,0.5617977380752563,0.7194244861602783,0.13225057721138,0.0495588518679142,1.0,1.0,1.0
geometry_dropout,test_seen,820,val:2008_003782:part_72,2008_003782,horse,eye,eye,0.03125,0.06060606241226196,0.032258063554763794,0.0007508916896767914,0.5927734375,0.99951171875,0.00018668174743652344
geometry_dropout,test_seen,821,val:2008_003782:part_73,2008_003782,horse,torso,torso,0.6561881899833679,0.792407751083374,0.11771275103092194,0.573868989944458,1.0,1.0,1.0
geometry_dropout,test_seen,822,val:2008_003782:part_74,2008_003782,horse,neck,neck,0.597835898399353,0.7483069896697998,0.22550831735134125,0.12952882051467896,1.0,1.0,1.0
geometry_dropout,test_seen,823,val:2008_003782:part_75,2008_003782,horse,leg,leg,0.3933102786540985,0.5645695328712463,0.48275861144065857,0.15956448018550873,1.0,1.0,1.0
geometry_dropout,test_seen,824,val:2008_003782:part_76,2008_003782,horse,ear,ear,0.05797101557254791,0.10958904027938843,0.595588207244873,0.0037544583901762962,0.0033893585205078125,0.998046875,0.0
geometry_dropout,test_seen,825,val:2008_003782:part_77,2008_003782,horse,muzzle,muzzle,0.5,0.6666666865348816,0.2848297357559204,0.037920031696558,0.95166015625,1.0,0.0015668869018554688
geometry_dropout,test_seen,826,val:2008_003856:part_83,2008_003856,person,head,head,0.6998313665390015,0.8234127163887024,0.03861003741621971,0.10176531970500946,1.0,1.0,1.0
geometry_dropout,test_seen,827,val:2008_003856:part_84,2008_003856,person,eye,eye,0.0,0.0,0.0,0.002076843287795782,0.5927734375,0.99951171875,0.00018668174743652344
geometry_dropout,test_seen,828,val:2008_003856:part_85,2008_003856,person,torso,torso,0.8363761901855469,0.9108985066413879,0.02723146788775921,0.5580477714538574,1.0,1.0,1.0
geometry_dropout,test_seen,829,val:2008_003856:part_86,2008_003856,person,neck,neck,0.32828283309936523,0.4942965805530548,0.0,0.024922117590904236,1.0,1.0,1.0
geometry_dropout,test_seen,830,val:2008_003856:part_89,2008_003856,person,nose,nose,0.2183908075094223,0.35849055647850037,0.0,0.005192107986658812,0.08404541015625,0.99853515625,5.364418029785156e-07
geometry_dropout,test_seen,831,val:2008_003856:part_90,2008_003856,person,ear,ear,0.0,0.0,0.0,0.004984423518180847,0.0033893585205078125,0.998046875,0.0
geometry_dropout,test_seen,832,val:2008_003856:part_91,2008_003856,person,eyebrow,eyebrow,0.0,0.0,0.0,0.0006230529397726059,9.763240814208984e-05,0.09027099609375,0.0
geometry_dropout,test_seen,833,val:2008_003856:part_92,2008_003856,person,mouth,mouth,0.0,0.0,0.012658228166401386,0.001661474583670497,1.0,1.0,0.9970703125
geometry_dropout,test_seen,834,val:2008_003856:part_94,2008_003856,person,lower arm,lower arm,0.40390878915786743,0.575406014919281,0.2222222238779068,0.09865005314350128,0.99462890625,1.0,0.02752685546875
geometry_dropout,test_seen,835,val:2008_003856:part_95,2008_003856,person,upper arm,upper arm,0.6169686913490295,0.7631176710128784,0.08719345927238464,0.179023876786232,0.958984375,1.0,0.0012845993041992188
geometry_dropout,test_seen,836,val:2008_003856:part_96,2008_003856,person,hand,hand,0.014492753893136978,0.02857142873108387,0.3461538553237915,0.012876427732408047,1.0,1.0,0.99853515625
geometry_dropout,test_seen,837,val:2008_003874:part_83,2008_003874,person,head,head,0.27693504095077515,0.43374961614608765,0.06084243208169937,0.025159213691949844,1.0,1.0,1.0
geometry_dropout,test_seen,838,val:2008_003874:part_84,2008_003874,person,eye,eye,0.016233766451478004,0.03194888308644295,0.0,0.001224718289449811,0.5927734375,0.99951171875,0.00018668174743652344
geometry_dropout,test_seen,839,val:2008_003874:part_85,2008_003874,person,torso,torso,0.3878270983695984,0.5588983297348022,0.013752455823123455,0.23805025219917297,1.0,1.0,1.0
geometry_dropout,test_seen,840,val:2008_003874:part_86,2008_003874,person,neck,neck,0.3529411852359772,0.52173912525177,0.0012690355069935322,0.011862271465361118,1.0,1.0,1.0
geometry_dropout,test_seen,841,val:2008_003874:part_87,2008_003874,person,leg,leg,0.14155496656894684,0.248003751039505,0.0382513664662838,0.12978515028953552,1.0,1.0,1.0
geometry_dropout,test_seen,842,val:2008_003874:part_89,2008_003874,person,nose,nose,0.2374100685119629,0.38372093439102173,0.0,0.002379452809691429,0.08404541015625,0.99853515625,5.364418029785156e-07
geometry_dropout,test_seen,843,val:2008_003874:part_90,2008_003874,person,ear,ear,0.0,0.0,0.08053690940141678,0.0009097907459363341,0.0033893585205078125,0.998046875,0.0
geometry_dropout,test_seen,844,val:2008_003874:part_91,2008_003874,person,eyebrow,eyebrow,0.1617647111415863,0.27848100662231445,0.0,0.0007348309736698866,9.763240814208984e-05,0.09027099609375,0.0
geometry_dropout,test_seen,845,val:2008_003874:part_92,2008_003874,person,mouth,mouth,0.1111111119389534,0.20000000298023224,0.0,0.0017146056052297354,1.0,1.0,0.9970703125
geometry_dropout,test_seen,846,val:2008_003874:part_93,2008_003874,person,hair,hair,0.3059210479259491,0.4685138463973999,0.21759922802448273,0.024074463173747063,1.0,1.0,0.998046875
geometry_dropout,test_seen,847,val:2008_003874:part_94,2008_003874,person,lower arm,lower arm,0.24858437478542328,0.39818593859672546,0.023089172318577766,0.03320736065506935,0.99462890625,1.0,0.02752685546875
geometry_dropout,test_seen,848,val:2008_003874:part_95,2008_003874,person,upper arm,upper arm,0.21490593254566193,0.3537820279598236,0.12447383999824524,0.05987123027443886,0.958984375,1.0,0.0012845993041992188
geometry_dropout,test_seen,849,val:2008_003874:part_96,2008_003874,person,hand,hand,0.09299895167350769,0.1701720803976059,0.07285714149475098,0.012107214890420437,1.0,1.0,0.99853515625
geometry_dropout,test_seen,850,val:2008_003876:part_0,2008_003876,aeroplane,body,body,0.7332209348678589,0.8460789918899536,0.13718663156032562,0.5989431738853455,1.0,1.0,1.0
geometry_dropout,test_seen,851,val:2008_003876:part_1,2008_003876,aeroplane,stern,stern,0.4895457923412323,0.65730881690979,0.37364229559898376,0.18097753822803497,1.0,1.0,0.99951171875
geometry_dropout,test_seen,852,val:2008_003876:part_2,2008_003876,aeroplane,wing,wing,0.2065514177083969,0.34238311648368835,0.32058286666870117,0.06023778021335602,0.7890625,1.0,0.0002472400665283203
geometry_dropout,test_seen,853,val:2008_003876:part_4,2008_003876,aeroplane,engine,engine,0.47334200143814087,0.6425419449806213,0.033472802489995956,0.10990753024816513,1.0,1.0,0.99365234375
geometry_dropout,test_seen,854,val:2008_003885:part_115,2008_003885,tvmonitor,screen,screen,0.811634361743927,0.8960244655609131,0.0024401580449193716,0.5828675031661987,1.0,1.0,1.0
geometry_dropout,test_seen,855,val:2008_003926:part_0,2008_003926,aeroplane,body,body,0.7644994854927063,0.8665341138839722,0.0822577103972435,0.6453601717948914,1.0,1.0,1.0
geometry_dropout,test_seen,856,val:2008_003926:part_1,2008_003926,aeroplane,stern,stern,0.6816655397415161,0.8107028603553772,0.1800450086593628,0.18997403979301453,1.0,1.0,0.99951171875
geometry_dropout,test_seen,857,val:2008_003926:part_2,2008_003926,aeroplane,wing,wing,0.11510791629552841,0.20645160973072052,0.0,0.03309539332985878,0.7890625,1.0,0.0002472400665283203
geometry_dropout,test_seen,858,val:2008_003926:part_3,2008_003926,aeroplane,tail,tail,0.0,0.0,0.0,0.0003243593964725733,0.9697265625,1.0,0.0005617141723632812
geometry_dropout,test_seen,859,val:2008_003926:part_4,2008_003926,aeroplane,engine,engine,0.5362035036087036,0.6980891823768616,0.07847533375024796,0.10999350994825363,1.0,1.0,0.99365234375
geometry_dropout,test_seen,860,val:2008_003926:part_5,2008_003926,aeroplane,wheel,wheel,0.2393617033958435,0.3862660825252533,0.2748091518878937,0.01654769666492939,1.0,1.0,0.9970703125
geometry_dropout,test_seen,861,val:2008_003976:part_0,2008_003976,aeroplane,body,body,0.7255113124847412,0.8409232497215271,0.18132956326007843,0.6386237740516663,1.0,1.0,1.0
geometry_dropout,test_seen,862,val:2008_003976:part_1,2008_003976,aeroplane,stern,stern,0.6135726571083069,0.7605144381523132,0.2639448046684265,0.25260820984840393,1.0,1.0,0.99951171875
geometry_dropout,test_seen,863,val:2008_003976:part_3,2008_003976,aeroplane,tail,tail,0.0,0.0,0.0,0.0004439511685632169,0.9697265625,1.0,0.0005617141723632812
geometry_dropout,test_seen,864,val:2008_003976:part_4,2008_003976,aeroplane,engine,engine,0.24552160501480103,0.39424702525138855,0.12311015278100967,0.056825749576091766,1.0,1.0,0.99365234375
geometry_dropout,test_seen,865,val:2008_003976:part_5,2008_003976,aeroplane,wheel,wheel,0.0,0.0,0.17592592537403107,0.0015538290608674288,1.0,1.0,0.9970703125
geometry_dropout,test_seen,866,val:2008_004101:part_83,2008_004101,person,head,head,0.6513038277626038,0.7888358235359192,0.12891113758087158,0.08527249097824097,1.0,1.0,1.0
geometry_dropout,test_seen,867,val:2008_004101:part_84,2008_004101,person,eye,eye,0.03765690326690674,0.07258064299821854,0.0,0.001212764298543334,0.5927734375,0.99951171875,0.00018668174743652344
geometry_dropout,test_seen,868,val:2008_004101:part_85,2008_004101,person,torso,torso,0.7053265571594238,0.8272041082382202,0.04839601740241051,0.39581596851348877,1.0,1.0,1.0
geometry_dropout,test_seen,869,val:2008_004101:part_86,2008_004101,person,neck,neck,0.38054966926574707,0.5513016581535339,0.31207290291786194,0.01622072234749794,1.0,1.0,1.0
geometry_dropout,test_seen,870,val:2008_004101:part_89,2008_004101,person,nose,nose,0.44117647409439087,0.6122449040412903,0.0,0.0034866975620388985,0.08404541015625,0.99853515625,5.364418029785156e-07
geometry_dropout,test_seen,871,val:2008_004101:part_90,2008_004101,person,ear,ear,0.21276596188545227,0.35087719559669495,0.271276593208313,0.003031910862773657,0.0033893585205078125,0.998046875,0.0
geometry_dropout,test_seen,872,val:2008_004101:part_91,2008_004101,person,eyebrow,eyebrow,0.0,0.0,0.0,0.0015159554313868284,9.763240814208984e-05,0.09027099609375,0.0
geometry_dropout,test_seen,873,val:2008_004101:part_92,2008_004101,person,mouth,mouth,0.16883116960525513,0.2888889014720917,0.056338027119636536,0.0014401576481759548,1.0,1.0,0.9970703125
geometry_dropout,test_seen,874,val:2008_004101:part_93,2008_004101,person,hair,hair,0.07233502715826035,0.13491123914718628,0.07614213228225708,0.0043204729445278645,1.0,1.0,0.998046875
geometry_dropout,test_seen,875,val:2008_004101:part_94,2008_004101,person,lower arm,lower arm,0.5419397354125977,0.7029324173927307,0.15214285254478455,0.07223527878522873,0.99462890625,1.0,0.02752685546875
geometry_dropout,test_seen,876,val:2008_004101:part_95,2008_004101,person,upper arm,upper arm,0.44461899995803833,0.6155519485473633,0.20699471235275269,0.09239748120307922,0.958984375,1.0,0.0012845993041992188
geometry_dropout,test_seen,877,val:2008_004101:part_96,2008_004101,person,hand,hand,0.626086950302124,0.7700534462928772,0.09699571132659912,0.06761161237955093,1.0,1.0,0.99853515625
geometry_dropout,test_seen,878,val:2008_004140:part_83,2008_004140,person,head,head,0.561832070350647,0.7194526195526123,0.0,0.03774617239832878,1.0,1.0,1.0
geometry_dropout,test_seen,879,val:2008_004140:part_84,2008_004140,person,eye,eye,0.0,0.0,0.0,0.00041028446867130697,0.5927734375,0.99951171875,0.00018668174743652344
geometry_dropout,test_seen,880,val:2008_004140:part_85,2008_004140,person,torso,torso,0.5606526136398315,0.7184848189353943,0.10748560726642609,0.19974015653133392,1.0,1.0,1.0
geometry_dropout,test_seen,881,val:2008_004140:part_87,2008_004140,person,leg,leg,0.8730445504188538,0.9322197437286377,0.019986676052212715,0.22045952081680298,1.0,1.0,1.0
geometry_dropout,test_seen,882,val:2008_004140:part_89,2008_004140,person,nose,nose,0.0,0.0,0.0,0.0014359955675899982,0.08404541015625,0.99853515625,5.364418029785156e-07
geometry_dropout,test_seen,883,val:2008_004140:part_90,2008_004140,person,ear,ear,0.3619047701358795,0.5314685106277466,0.0,0.00321389501914382,0.0033893585205078125,0.998046875,0.0
geometry_dropout,test_seen,884,val:2008_004140:part_91,2008_004140,person,eyebrow,eyebrow,0.0,0.0,0.0,0.0008205689373426139,9.763240814208984e-05,0.09027099609375,0.0
geometry_dropout,test_seen,885,val:2008_004140:part_92,2008_004140,person,mouth,mouth,0.0,0.0,0.0,0.00041028446867130697,1.0,1.0,0.9970703125
geometry_dropout,test_seen,886,val:2008_004140:part_93,2008_004140,person,hair,hair,0.6498258113861084,0.787750780582428,0.0625,0.03412199020385742,1.0,1.0,0.998046875
geometry_dropout,test_seen,887,val:2008_004140:part_94,2008_004140,person,lower arm,lower arm,0.681557834148407,0.8106266856193542,0.09831824153661728,0.04752461612224579,0.99462890625,1.0,0.02752685546875
geometry_dropout,test_seen,888,val:2008_004140:part_95,2008_004140,person,upper arm,upper arm,0.6233038306236267,0.7679447531700134,0.03089720755815506,0.14612965285778046,0.958984375,1.0,0.0012845993041992188
geometry_dropout,test_seen,889,val:2008_004140:part_96,2008_004140,person,hand,hand,0.3001987934112549,0.46177369356155396,0.40109890699386597,0.01983041502535343,1.0,1.0,0.99853515625
geometry_dropout,test_seen,890,val:2008_004175:part_70,2008_004175,horse,tail,tail,0.20879121124744415,0.34545454382896423,0.7784090638160706,0.059863947331905365,0.9697265625,1.0,0.0005617141723632812
geometry_dropout,test_seen,891,val:2008_004175:part_71,2008_004175,horse,head,head,0.1986754983663559,0.33149170875549316,0.5244755148887634,0.05170068144798279,1.0,1.0,1.0
geometry_dropout,test_seen,892,val:2008_004175:part_72,2008_004175,horse,eye,eye,0.0,0.0,0.0,0.004081632476300001,0.5927734375,0.99951171875,0.00018668174743652344
geometry_dropout,test_seen,893,val:2008_004175:part_73,2008_004175,horse,torso,torso,0.6637630462646484,0.7979057431221008,0.06628787517547607,0.5809524059295654,1.0,1.0,1.0
geometry_dropout,test_seen,894,val:2008_004175:part_74,2008_004175,horse,neck,neck,0.5236051678657532,0.6873239278793335,0.2624434530735016,0.18231292068958282,1.0,1.0,1.0
geometry_dropout,test_seen,895,val:2008_004175:part_75,2008_004175,horse,leg,leg,0.23571428656578064,0.3815028965473175,0.7105262875556946,0.08027210831642151,1.0,1.0,1.0
geometry_dropout,test_seen,896,val:2008_004175:part_76,2008_004175,horse,ear,ear,0.0,0.0,0.0,0.004081632476300001,0.0033893585205078125,0.998046875,0.0
geometry_dropout,test_seen,897,val:2008_004175:part_77,2008_004175,horse,muzzle,muzzle,0.4000000059604645,0.5714285969734192,0.3404255211353302,0.031292516738176346,0.95166015625,1.0,0.0015668869018554688
geometry_dropout,test_seen,898,val:2008_004212:part_109,2008_004212,train,head,head,0.0,0.0,0.0,0.05027933046221733,1.0,1.0,1.0
geometry_dropout,test_seen,899,val:2008_004212:part_110,2008_004212,train,front,front,0.7648221254348755,0.8667412996292114,0.019339242950081825,0.3651599884033203,1.0,1.0,1.0
geometry_dropout,test_seen,900,val:2008_004212:part_111,2008_004212,train,side,side,0.6236717700958252,0.7682239413261414,0.1033553034067154,0.549263596534729,1.0,1.0,0.99755859375
geometry_dropout,test_seen,901,val:2008_004212:part_114,2008_004212,train,coach,coach,0.005289139691740274,0.010522623546421528,0.02241992950439453,0.010411376133561134,1.0,1.0,1.0
geometry_dropout,test_seen,902,val:2008_004279:part_115,2008_004279,tvmonitor,screen,screen,0.7939773201942444,0.8851587176322937,0.0011997600086033344,0.6554293632507324,1.0,1.0,1.0
geometry_dropout,test_seen,903,val:2008_004363:part_6,2008_004363,bicycle,wheel,wheel,0.2654830813407898,0.41957587003707886,0.6324189305305481,0.557601273059845,1.0,1.0,0.9970703125
geometry_dropout,test_seen,904,val:2008_004363:part_7,2008_004363,bicycle,saddle,saddle,0.17910447716712952,0.3037974536418915,0.47826087474823,0.0294581800699234,1.0,1.0,0.99951171875
geometry_dropout,test_seen,905,val:2008_004363:part_8,2008_004363,bicycle,handlebar,handlebar,0.07042253762483597,0.1315789520740509,0.5036496520042419,0.031562335789203644,1.0,1.0,0.9990234375
geometry_dropout,test_seen,906,val:2008_004363:part_9,2008_004363,bicycle,chainwheel,chainwheel,0.12140575051307678,0.21652421355247498,0.7062937021255493,0.0341925285756588,0.984375,1.0,0.01009368896484375
geometry_dropout,test_seen,907,val:2008_004367:part_109,2008_004367,train,head,head,0.05269186571240425,0.10010881721973419,0.3856382966041565,0.010703070089221,1.0,1.0,1.0
geometry_dropout,test_seen,908,val:2008_004367:part_110,2008_004367,train,front,front,0.8467289805412292,0.9170040488243103,0.056513573974370956,0.32115617394447327,1.0,1.0,1.0
geometry_dropout,test_seen,909,val:2008_004367:part_111,2008_004367,train,side,side,0.3964725136756897,0.5678200125694275,0.08416169881820679,0.31731078028678894,1.0,1.0,0.99755859375
geometry_dropout,test_seen,910,val:2008_004367:part_114,2008_004367,train,coach,coach,0.01630341447889805,0.03208375722169876,0.05746326968073845,0.021854771301150322,1.0,1.0,1.0
geometry_dropout,test_seen,911,val:2008_004396:part_71,2008_004396,horse,head,head,0.546308159828186,0.7065967321395874,0.0833708867430687,0.24406780302524567,1.0,1.0,1.0
geometry_dropout,test_seen,912,val:2008_004396:part_72,2008_004396,horse,eye,eye,0.3206751048564911,0.48562300205230713,0.16525423526763916,0.006692742463201284,0.5927734375,0.99951171875,0.00018668174743652344
geometry_dropout,test_seen,913,val:2008_004396:part_73,2008_004396,horse,torso,torso,0.41354337334632874,0.585115909576416,0.2595978081226349,0.20312906801700592,1.0,1.0,1.0
geometry_dropout,test_seen,914,val:2008_004396:part_76,2008_004396,horse,ear,ear,0.5071730017662048,0.6730123162269592,0.43604108691215515,0.06214689090847969,0.0033893585205078125,0.998046875,0.0
geometry_dropout,test_seen,915,val:2008_004396:part_77,2008_004396,horse,muzzle,muzzle,0.8273406624794006,0.905513346195221,0.07354260236024857,0.40773576498031616,0.95166015625,1.0,0.0015668869018554688
geometry_dropout,test_seen,916,val:2008_004399:part_83,2008_004399,person,head,head,0.3687150776386261,0.5387755036354065,0.4883720874786377,0.20900900661945343,1.0,1.0,1.0
geometry_dropout,test_seen,917,val:2008_004399:part_84,2008_004399,person,eye,eye,0.0,0.0,0.0,0.007207207381725311,0.5927734375,0.99951171875,0.00018668174743652344
geometry_dropout,test_seen,918,val:2008_004399:part_85,2008_004399,person,torso,torso,0.46204620599746704,0.6320541501045227,0.1538461595773697,0.2594594657421112,1.0,1.0,1.0
geometry_dropout,test_seen,919,val:2008_004399:part_87,2008_004399,person,leg,leg,0.06369426846504211,0.11976047605276108,0.7834645509719849,0.14414414763450623,1.0,1.0,1.0
geometry_dropout,test_seen,920,val:2008_004399:part_88,2008_004399,person,foot,foot,0.30434781312942505,0.46666666865348816,0.125,0.03963964059948921,1.0,1.0,0.81298828125
geometry_dropout,test_seen,921,val:2008_004399:part_89,2008_004399,person,nose,nose,0.0,0.0,0.0,0.007207207381725311,0.08404541015625,0.99853515625,5.364418029785156e-07
geometry_dropout,test_seen,922,val:2008_004399:part_94,2008_004399,person,lower arm,lower arm,0.15199999511241913,0.2638888955116272,0.6902654767036438,0.05585585534572601,0.99462890625,1.0,0.02752685546875
geometry_dropout,test_seen,923,val:2008_004399:part_95,2008_004399,person,upper arm,upper arm,0.13026820123195648,0.2305084764957428,0.2673267424106598,0.16756756603717804,0.958984375,1.0,0.0012845993041992188
geometry_dropout,test_seen,924,val:2008_004399:part_96,2008_004399,person,hand,hand,0.017241379246115685,0.033898305147886276,0.8879310488700867,0.007207207381725311,1.0,1.0,0.99853515625
geometry_dropout,test_seen,925,val:2008_004477:part_97,2008_004477,pottedplant,pot,pot,0.0,0.0,0.0,0.06299212574958801,1.0,1.0,0.9990234375
geometry_dropout,test_seen,926,val:2008_004477:part_98,2008_004477,pottedplant,plant,plant,0.14194811880588531,0.24860695004463196,0.34090909361839294,0.9315944910049438,1.0,1.0,1.0
geometry_dropout,test_seen,927,val:2008_004575:part_83,2008_004575,person,head,head,0.0,0.0,0.3913043439388275,0.04368932172656059,1.0,1.0,1.0
geometry_dropout,test_seen,928,val:2008_004575:part_84,2008_004575,person,eye,eye,0.0,0.0,0.0,0.0007925500394776464,0.5927734375,0.99951171875,0.00018668174743652344
geometry_dropout,test_seen,929,val:2008_004575:part_85,2008_004575,person,torso,torso,0.0,0.0,0.1672174483537674,0.26827818155288696,1.0,1.0,1.0
geometry_dropout,test_seen,930,val:2008_004575:part_86,2008_004575,person,neck,neck,0.0,0.0,0.09756097197532654,0.012878937646746635,1.0,1.0,1.0
geometry_dropout,test_seen,931,val:2008_004575:part_87,2008_004575,person,leg,leg,0.0,0.0,1.0,0.10818307846784592,1.0,1.0,1.0
geometry_dropout,test_seen,932,val:2008_004575:part_89,2008_004575,person,nose,nose,0.0,0.0,0.0,0.0026748564559966326,0.08404541015625,0.99853515625,5.364418029785156e-07
geometry_dropout,test_seen,933,val:2008_004575:part_90,2008_004575,person,ear,ear,0.0,0.0,0.8333333134651184,0.0025757874827831984,0.0033893585205078125,0.998046875,0.0
geometry_dropout,test_seen,934,val:2008_004575:part_91,2008_004575,person,eyebrow,eyebrow,0.0,0.0,0.0,0.0009906875202432275,9.763240814208984e-05,0.09027099609375,0.0
geometry_dropout,test_seen,935,val:2008_004575:part_92,2008_004575,person,mouth,mouth,0.0,0.0,0.0,0.0020804437808692455,1.0,1.0,0.9970703125
geometry_dropout,test_seen,936,val:2008_004575:part_93,2008_004575,person,hair,hair,0.023952096700668335,0.046783626079559326,0.20467835664749146,0.016940757632255554,1.0,1.0,0.998046875
geometry_dropout,test_seen,937,val:2008_004575:part_94,2008_004575,person,lower arm,lower arm,0.0,0.0,0.1428571492433548,0.013473350554704666,0.99462890625,1.0,0.02752685546875
geometry_dropout,test_seen,938,val:2008_004575:part_95,2008_004575,person,upper arm,upper arm,0.0,0.0,0.06564551591873169,0.07568852603435516,0.958984375,1.0,0.0012845993041992188
geometry_dropout,test_seen,939,val:2008_004575:part_96,2008_004575,person,hand,hand,0.3464730381965637,0.5146378874778748,0.1111111119389534,0.03576381877064705,1.0,1.0,0.99853515625
geometry_dropout,test_seen,940,val:2008_004610:part_109,2008_004610,train,head,head,0.032258063554763794,0.0625,0.12345679104328156,0.012852777726948261,1.0,1.0,1.0
geometry_dropout,test_seen,941,val:2008_004610:part_110,2008_004610,train,front,front,0.8094003796577454,0.8946614861488342,0.0761294886469841,0.6225957274436951,1.0,1.0,1.0
geometry_dropout,test_seen,942,val:2008_004610:part_111,2008_004610,train,side,side,0.7394495606422424,0.850210964679718,0.08149509876966476,0.3268020749092102,1.0,1.0,0.99755859375
geometry_dropout,test_seen,943,val:2008_004624:part_70,2008_004624,horse,tail,tail,0.13609467446804047,0.2395833283662796,0.8257575631141663,0.01678321696817875,0.9697265625,1.0,0.0005617141723632812
geometry_dropout,test_seen,944,val:2008_004624:part_71,2008_004624,horse,head,head,0.47297295928001404,0.642201840877533,0.3492063581943512,0.03860139846801758,1.0,1.0,1.0
geometry_dropout,test_seen,945,val:2008_004624:part_72,2008_004624,horse,eye,eye,0.0,0.0,0.0,0.0005591277731582522,0.5927734375,0.99951171875,0.00018668174743652344
geometry_dropout,test_seen,946,val:2008_004624:part_73,2008_004624,horse,torso,torso,0.6857585310935974,0.8135904669761658,0.2211180180311203,0.6223776340484619,1.0,1.0,1.0
geometry_dropout,test_seen,947,val:2008_004624:part_74,2008_004624,horse,neck,neck,0.5218446850776672,0.6858054399490356,0.3222222328186035,0.07468531280755997,1.0,1.0,1.0
geometry_dropout,test_seen,948,val:2008_004624:part_75,2008_004624,horse,leg,leg,0.39133521914482117,0.5625318884849548,0.3907875120639801,0.17146852612495422,1.0,1.0,1.0
geometry_dropout,test_seen,949,val:2008_004624:part_76,2008_004624,horse,ear,ear,0.05128205195069313,0.09756097197532654,0.4220779240131378,0.002797202905640006,0.0033893585205078125,0.998046875,0.0
geometry_dropout,test_seen,950,val:2008_004624:part_77,2008_004624,horse,muzzle,muzzle,0.0,0.0,0.0,0.02181818149983883,0.95166015625,1.0,0.0015668869018554688
geometry_dropout,test_seen,951,val:2008_004624:part_78,2008_004624,horse,hoof,hoof,0.1029023751616478,0.1866028755903244,0.7440476417541504,0.02293706312775612,0.99658203125,1.0,0.026458740234375
geometry_dropout,test_seen,952,val:2008_004654:part_83,2008_004654,person,head,head,0.526627242565155,0.6899224519729614,0.030581040307879448,0.06274900585412979,1.0,1.0,1.0
geometry_dropout,test_seen,953,val:2008_004654:part_84,2008_004654,person,eye,eye,0.0,0.0,0.0,0.0009960159659385681,0.5927734375,0.99951171875,0.00018668174743652344
geometry_dropout,test_seen,954,val:2008_004654:part_85,2008_004654,person,torso,torso,0.468337744474411,0.6379155516624451,0.1950732320547104,0.24037185311317444,1.0,1.0,1.0
geometry_dropout,test_seen,955,val:2008_004654:part_86,2008_004654,person,neck,neck,0.2697547674179077,0.42489269375801086,0.0972222238779068,0.03519256412982941,1.0,1.0,1.0
geometry_dropout,test_seen,956,val:2008_004654:part_87,2008_004654,person,leg,leg,0.40526315569877625,0.5767790079116821,0.48225805163383484,0.41766268014907837,1.0,1.0,1.0
geometry_dropout,test_seen,957,val:2008_004654:part_88,2008_004654,person,foot,foot,0.22003929316997528,0.3607085347175598,0.476673424243927,0.042496681213378906,1.0,1.0,0.81298828125
geometry_dropout,test_seen,958,val:2008_004654:part_89,2008_004654,person,nose,nose,0.0,0.0,0.0,0.0016600266098976135,0.08404541015625,0.99853515625,5.364418029785156e-07
geometry_dropout,test_seen,959,val:2008_004654:part_90,2008_004654,person,ear,ear,0.0,0.0,0.0,0.0006640106439590454,0.0033893585205078125,0.998046875,0.0
geometry_dropout,test_seen,960,val:2008_004654:part_91,2008_004654,person,eyebrow,eyebrow,0.0,0.0,0.0,0.0026560425758361816,9.763240814208984e-05,0.09027099609375,0.0
geometry_dropout,test_seen,961,val:2008_004654:part_92,2008_004654,person,mouth,mouth,0.11627907305955887,0.2083333283662796,0.0,0.0019920319318771362,1.0,1.0,0.9970703125
geometry_dropout,test_seen,962,val:2008_004654:part_93,2008_004654,person,hair,hair,0.17824074625968933,0.30255404114723206,0.3316831588745117,0.034860558807849884,1.0,1.0,0.998046875
geometry_dropout,test_seen,963,val:2008_004654:part_94,2008_004654,person,lower arm,lower arm,0.2545824944972992,0.40584415197372437,0.45358648896217346,0.047144755721092224,0.99462890625,1.0,0.02752685546875
geometry_dropout,test_seen,964,val:2008_004654:part_95,2008_004654,person,upper arm,upper arm,0.30933332443237305,0.4725050926208496,0.4651493728160858,0.09262948483228683,0.958984375,1.0,0.0012845993041992188
geometry_dropout,test_seen,965,val:2008_004654:part_96,2008_004654,person,hand,hand,0.05613305792212486,0.10629921406507492,0.7072649598121643,0.013280212879180908,1.0,1.0,0.99853515625
geometry_dropout,test_seen,966,val:2008_004659:part_20,2008_004659,bottle,body,body,0.8952285647392273,0.9447183012962341,0.061761967837810516,0.8871365189552307,1.0,1.0,1.0
geometry_dropout,test_seen,967,val:2008_004659:part_21,2008_004659,bottle,cap,cap,0.70475172996521,0.8268086314201355,0.07052752375602722,0.10202070325613022,1.0,1.0,0.99853515625
geometry_dropout,test_seen,968,val:2008_004687:part_70,2008_004687,horse,tail,tail,0.4242093861103058,0.5957121253013611,0.28052327036857605,0.15858352184295654,0.9697265625,1.0,0.0005617141723632812
geometry_dropout,test_seen,969,val:2008_004687:part_71,2008_004687,horse,head,head,0.30633804202079773,0.46900269389152527,0.4784482717514038,0.03566846251487732,1.0,1.0,1.0
geometry_dropout,test_seen,970,val:2008_004687:part_72,2008_004687,horse,eye,eye,0.0,0.0,0.0,0.0023094688076525927,0.5927734375,0.99951171875,0.00018668174743652344
geometry_dropout,test_seen,971,val:2008_004687:part_73,2008_004687,horse,torso,torso,0.38694527745246887,0.5579820275306702,0.3208516836166382,0.4672825336456299,1.0,1.0,1.0
geometry_dropout,test_seen,972,val:2008_004687:part_74,2008_004687,horse,neck,neck,0.4414168894290924,0.6124763488769531,0.3552206754684448,0.16884782910346985,1.0,1.0,1.0
geometry_dropout,test_seen,973,val:2008_004687:part_75,2008_004687,horse,leg,leg,0.2713085114955902,0.42681774497032166,0.5111111402511597,0.08698999136686325,1.0,1.0,1.0
geometry_dropout,test_seen,974,val:2008_004687:part_77,2008_004687,horse,muzzle,muzzle,0.40487805008888245,0.5763888955116272,0.5227272510528564,0.028740055859088898,0.95166015625,1.0,0.0015668869018554688
geometry_dropout,test_seen,975,val:2008_004687:part_78,2008_004687,horse,hoof,hoof,0.11061947047710419,0.19920319318771362,0.44690266251564026,0.006415191106498241,0.99658203125,1.0,0.026458740234375
geometry_dropout,test_seen,976,val:2008_004701:part_52,2008_004701,cow,head,head,0.6706987619400024,0.8028960824012756,0.06253708153963089,0.27347323298454285,1.0,1.0,1.0
geometry_dropout,test_seen,977,val:2008_004701:part_53,2008_004701,cow,eye,eye,0.3054187297821045,0.4679245352745056,0.0,0.003112473525106907,0.5927734375,0.99951171875,0.00018668174743652344
geometry_dropout,test_seen,978,val:2008_004701:part_54,2008_004701,cow,torso,torso,0.8157719373703003,0.8985400795936584,0.03248053416609764,0.5204904675483704,1.0,1.0,1.0
geometry_dropout,test_seen,979,val:2008_004701:part_58,2008_004701,cow,muzzle,muzzle,0.6968039274215698,0.8213134407997131,0.18076477944850922,0.11511436104774475,0.95166015625,1.0,0.0015668869018554688
geometry_dropout,test_seen,980,val:2008_004701:part_59,2008_004701,cow,horn,horn,0.4624829590320587,0.6324626803398132,0.21589291095733643,0.08719641715288162,0.64208984375,1.0,8.821487426757812e-06
geometry_dropout,test_seen,981,val:2008_004704:part_0,2008_004704,aeroplane,body,body,0.7574920058250427,0.8620147109031677,0.1096593588590622,0.5245962738990784,1.0,1.0,1.0
geometry_dropout,test_seen,982,val:2008_004704:part_1,2008_004704,aeroplane,stern,stern,0.11078067123889923,0.19946452975273132,0.6228955984115601,0.028401708230376244,1.0,1.0,0.99951171875
geometry_dropout,test_seen,983,val:2008_004704:part_2,2008_004704,aeroplane,wing,wing,0.49146386981010437,0.6590355634689331,0.3025858700275421,0.1406162977218628,0.7890625,1.0,0.0002472400665283203
geometry_dropout,test_seen,984,val:2008_004704:part_4,2008_004704,aeroplane,engine,engine,0.6683110594749451,0.8011828064918518,0.20082208514213562,0.21746797859668732,1.0,1.0,0.99365234375
geometry_dropout,test_seen,985,val:2008_004704:part_5,2008_004704,aeroplane,wheel,wheel,0.45247524976730347,0.6230401992797852,0.39040347933769226,0.051048822700977325,1.0,1.0,0.9970703125
geometry_dropout,test_seen,986,val:2008_004705:part_71,2008_004705,horse,head,head,0.48110511898994446,0.6496569514274597,0.08606293797492981,0.15465974807739258,1.0,1.0,1.0
geometry_dropout,test_seen,987,val:2008_004705:part_72,2008_004705,horse,eye,eye,0.13008129596710205,0.23021583259105682,0.0223214291036129,0.005388146266341209,0.5927734375,0.99951171875,0.00018668174743652344
geometry_dropout,test_seen,988,val:2008_004705:part_73,2008_004705,horse,torso,torso,0.6128662824630737,0.759971559047699,0.3084426522254944,0.38984236121177673,1.0,1.0,1.0
geometry_dropout,test_seen,989,val:2008_004705:part_76,2008_004705,horse,ear,ear,0.4655013680458069,0.6352793574333191,0.5139146447181702,0.05138694867491722,0.0033893585205078125,0.998046875,0.0
geometry_dropout,test_seen,990,val:2008_004705:part_77,2008_004705,horse,muzzle,muzzle,0.738295316696167,0.84944748878479,0.13177664577960968,0.3754739463329315,0.95166015625,1.0,0.0015668869018554688
geometry_dropout,test_seen,991,val:2008_004754:part_115,2008_004754,tvmonitor,screen,screen,0.866602897644043,0.9285348057746887,0.0,0.5940051078796387,1.0,1.0,1.0
geometry_dropout,test_seen,992,val:2008_004758:part_6,2008_004758,bicycle,wheel,wheel,0.1723289042711258,0.29399412870407104,0.6992740035057068,0.5495772361755371,1.0,1.0,0.9970703125
geometry_dropout,test_seen,993,val:2008_004758:part_7,2008_004758,bicycle,saddle,saddle,0.7077465057373047,0.8288660049438477,0.18473894894123077,0.060466308146715164,1.0,1.0,0.99951171875
geometry_dropout,test_seen,994,val:2008_004758:part_8,2008_004758,bicycle,handlebar,handlebar,0.14033149182796478,0.2461240291595459,0.7723463773727417,0.08096335828304291,1.0,1.0,0.9990234375
geometry_dropout,test_seen,995,val:2008_004758:part_9,2008_004758,bicycle,chainwheel,chainwheel,0.30000001192092896,0.4615384638309479,0.10576923191547394,0.06661542505025864,0.984375,1.0,0.01009368896484375
geometry_dropout,test_seen,996,val:2008_004910:part_115,2008_004910,tvmonitor,screen,screen,0.81517094373703,0.8981754183769226,0.0,0.4633720815181732,1.0,1.0,1.0
geometry_dropout,test_seen,997,val:2008_004995:part_6,2008_004995,bicycle,wheel,wheel,0.17961165308952332,0.30452674627304077,0.4730878174304962,0.5515035390853882,1.0,1.0,0.9970703125
geometry_dropout,test_seen,998,val:2008_004995:part_7,2008_004995,bicycle,saddle,saddle,0.21348313987255096,0.35185185074806213,0.3214285671710968,0.05118362233042717,1.0,1.0,0.99951171875
geometry_dropout,test_seen,999,val:2008_004995:part_8,2008_004995,bicycle,handlebar,handlebar,0.21167883276939392,0.34939759969711304,0.7489361763000488,0.06206014007329941,1.0,1.0,0.9990234375
geometry_dropout,test_seen,1000,val:2008_004995:part_9,2008_004995,bicycle,chainwheel,chainwheel,0.4208860695362091,0.5924276113510132,0.3885135054588318,0.09788867831230164,0.984375,1.0,0.01009368896484375
geometry_dropout,test_seen,1001,val:2008_005089:part_20,2008_005089,bottle,body,body,0.36050155758857727,0.5299538969993591,0.4819819927215576,0.4335378408432007,1.0,1.0,1.0
geometry_dropout,test_seen,1002,val:2008_005089:part_21,2008_005089,bottle,cap,cap,0.0,0.0,0.5555555820465088,0.0061349691823124886,1.0,1.0,0.99853515625
geometry_dropout,test_seen,1003,val:2008_005097:part_52,2008_005097,cow,head,head,0.24748201668262482,0.3967704772949219,0.017405642196536064,0.055900152772665024,1.0,1.0,1.0
geometry_dropout,test_seen,1004,val:2008_005097:part_53,2008_005097,cow,eye,eye,0.03513513505458832,0.06788511574268341,0.011799409985542297,0.0016641452675685287,0.5927734375,0.99951171875,0.00018668174743652344
geometry_dropout,test_seen,1005,val:2008_005097:part_54,2008_005097,cow,torso,torso,0.19798171520233154,0.3305254280567169,0.051844142377376556,0.13695159554481506,1.0,1.0,1.0
geometry_dropout,test_seen,1006,val:2008_005097:part_57,2008_005097,cow,ear,ear,0.3172217607498169,0.48165279626846313,0.0586756095290184,0.03241300955414772,0.0033893585205078125,0.998046875,0.0
geometry_dropout,test_seen,1007,val:2008_005097:part_58,2008_005097,cow,muzzle,muzzle,0.28909391164779663,0.4485226571559906,0.0064484127797186375,0.05359303951263428,0.95166015625,1.0,0.0015668869018554688
geometry_dropout,test_seen,1008,val:2008_005105:part_51,2008_005105,cow,tail,tail,0.3232323229312897,0.4885496199131012,0.0831792950630188,0.04264972731471062,0.9697265625,1.0,0.0005617141723632812
geometry_dropout,test_seen,1009,val:2008_005105:part_52,2008_005105,cow,head,head,0.439481258392334,0.6106106042861938,0.10822510719299316,0.034709617495536804,1.0,1.0,1.0
geometry_dropout,test_seen,1010,val:2008_005105:part_53,2008_005105,cow,eye,eye,0.0,0.0,0.0,0.0012477313866838813,0.5927734375,0.99951171875,0.00018668174743652344
geometry_dropout,test_seen,1011,val:2008_005105:part_54,2008_005105,cow,torso,torso,0.8380414247512817,0.9118852615356445,0.08086492866277695,0.6733212471008301,1.0,1.0,1.0
geometry_dropout,test_seen,1012,val:2008_005105:part_56,2008_005105,cow,leg,leg,0.4318774342536926,0.6032324433326721,0.39966386556625366,0.16084392368793488,1.0,1.0,1.0
geometry_dropout,test_seen,1013,val:2008_005105:part_57,2008_005105,cow,ear,ear,0.15633802115917206,0.2704019546508789,0.46410685777664185,0.025181489065289497,0.0033893585205078125,0.998046875,0.0
geometry_dropout,test_seen,1014,val:2008_005105:part_58,2008_005105,cow,muzzle,muzzle,0.5236294865608215,0.6873449087142944,0.02277039922773838,0.031647004187107086,0.95166015625,1.0,0.0015668869018554688
geometry_dropout,test_seen,1015,val:2008_005105:part_59,2008_005105,cow,horn,horn,0.10096818953752518,0.18341708183288574,0.2796992361545563,0.01485934667289257,0.64208984375,1.0,8.821487426757812e-06
geometry_dropout,test_seen,1016,val:2008_005217:part_97,2008_005217,pottedplant,pot,pot,0.4784422814846039,0.6472248435020447,0.1530497968196869,0.22283373773097992,1.0,1.0,0.9990234375
geometry_dropout,test_seen,1017,val:2008_005217:part_98,2008_005217,pottedplant,plant,plant,0.40967342257499695,0.5812316536903381,0.31545454263687134,0.6054012775421143,1.0,1.0,1.0
geometry_dropout,test_seen,1018,val:2008_005242:part_97,2008_005242,pottedplant,pot,pot,0.533473551273346,0.6957714557647705,0.11824051290750504,0.21070754528045654,1.0,1.0,0.9990234375
geometry_dropout,test_seen,1019,val:2008_005242:part_98,2008_005242,pottedplant,plant,plant,0.6941434741020203,0.8194624185562134,0.09020786732435226,0.6091302633285522,1.0,1.0,1.0
geometry_dropout,test_seen,1020,val:2008_005245:part_83,2008_005245,person,head,head,0.625,0.7692307829856873,0.21802325546741486,0.08833196014165878,1.0,1.0,1.0
geometry_dropout,test_seen,1021,val:2008_005245:part_85,2008_005245,person,torso,torso,0.48153847455978394,0.6500518918037415,0.017077798023819923,0.1791290044784546,1.0,1.0,1.0
geometry_dropout,test_seen,1022,val:2008_005245:part_87,2008_005245,person,leg,leg,0.5569514036178589,0.7154384255409241,0.2575888931751251,0.290057510137558,1.0,1.0,1.0
geometry_dropout,test_seen,1023,val:2008_005245:part_88,2008_005245,person,foot,foot,0.057692307978868484,0.1090909093618393,0.8181818127632141,0.03163516893982887,1.0,1.0,0.81298828125
geometry_dropout,test_seen,1024,val:2008_005245:part_94,2008_005245,person,lower arm,lower arm,0.053956832736730576,0.10238907486200333,0.2808988690376282,0.047247327864170074,0.99462890625,1.0,0.02752685546875
geometry_dropout,test_seen,1025,val:2008_005245:part_95,2008_005245,person,upper arm,upper arm,0.2881355881690979,0.44736841320991516,0.13261649012565613,0.10394412279129028,0.958984375,1.0,0.0012845993041992188
geometry_dropout,test_seen,1026,val:2008_005245:part_96,2008_005245,person,hand,hand,0.032894738018512726,0.06369426846504211,0.3214285671710968,0.01848808489739895,1.0,1.0,0.99853515625
geometry_dropout,test_seen,1027,val:2008_005254:part_115,2008_005254,tvmonitor,screen,screen,0.8518654704093933,0.9200079441070557,0.0,0.5196326971054077,1.0,1.0,1.0
geometry_dropout,test_seen,1028,val:2008_005338:part_83,2008_005338,person,head,head,0.0,0.0,1.0,0.05588235333561897,1.0,1.0,1.0
geometry_dropout,test_seen,1029,val:2008_005338:part_84,2008_005338,person,eye,eye,0.0,0.0,0.0,0.0029411765281111,0.5927734375,0.99951171875,0.00018668174743652344
geometry_dropout,test_seen,1030,val:2008_005338:part_85,2008_005338,person,torso,torso,0.03585657477378845,0.06923077255487442,0.6976743936538696,0.385294109582901,1.0,1.0,1.0
geometry_dropout,test_seen,1031,val:2008_005338:part_87,2008_005338,person,leg,leg,0.12931033968925476,0.22900763154029846,0.8093385100364685,0.4000000059604645,1.0,1.0,1.0
geometry_dropout,test_seen,1032,val:2008_005338:part_88,2008_005338,person,foot,foot,0.0,0.0,0.9971014261245728,0.026470588520169258,1.0,1.0,0.81298828125
geometry_dropout,test_seen,1033,val:2008_005338:part_89,2008_005338,person,nose,nose,0.0,0.0,0.0,0.0029411765281111,0.08404541015625,0.99853515625,5.364418029785156e-07
geometry_dropout,test_seen,1034,val:2008_005338:part_91,2008_005338,person,eyebrow,eyebrow,0.0,0.0,0.0,0.0029411765281111,9.763240814208984e-05,0.09027099609375,0.0
geometry_dropout,test_seen,1035,val:2008_005338:part_92,2008_005338,person,mouth,mouth,0.0,0.0,1.0,0.0058823530562222,1.0,1.0,0.9970703125
geometry_dropout,test_seen,1036,val:2008_005338:part_94,2008_005338,person,lower arm,lower arm,0.0,0.0,1.0,0.01764705963432789,0.99462890625,1.0,0.02752685546875
geometry_dropout,test_seen,1037,val:2008_005338:part_95,2008_005338,person,upper arm,upper arm,0.0,0.0,0.0,0.0882352963089943,0.958984375,1.0,0.0012845993041992188
geometry_dropout,test_seen,1038,val:2008_005399:part_20,2008_005399,bottle,body,body,0.12715964019298553,0.22562845051288605,0.4156378507614136,0.19781264662742615,1.0,1.0,1.0
geometry_dropout,test_seen,1039,val:2008_005399:part_21,2008_005399,bottle,cap,cap,0.0,0.0,0.8448275923728943,0.0033285783138126135,1.0,1.0,0.99853515625
geometry_dropout,test_seen,1040,val:2008_005439:part_115,2008_005439,tvmonitor,screen,screen,0.8220282196998596,0.9023221731185913,0.0,0.1750725507736206,1.0,1.0,1.0
geometry_dropout,test_seen,1041,val:2008_005445:part_83,2008_005445,person,head,head,0.3062500059604645,0.46889951825141907,0.03448275849223137,0.01946394331753254,1.0,1.0,1.0
geometry_dropout,test_seen,1042,val:2008_005445:part_84,2008_005445,person,eye,eye,0.0,0.0,0.0,0.00047862157225608826,0.5927734375,0.99951171875,0.00018668174743652344
geometry_dropout,test_seen,1043,val:2008_005445:part_85,2008_005445,person,torso,torso,0.4023785889148712,0.5738515853881836,0.0080106807872653,0.10625398904085159,1.0,1.0,1.0
geometry_dropout,test_seen,1044,val:2008_005445:part_87,2008_005445,person,leg,leg,0.5678371787071228,0.7243573665618896,0.30914556980133057,0.25526484847068787,1.0,1.0,1.0
geometry_dropout,test_seen,1045,val:2008_005445:part_88,2008_005445,person,foot,foot,0.19512194395065308,0.3265306055545807,0.6992619633674622,0.03860880807042122,1.0,1.0,0.81298828125
geometry_dropout,test_seen,1046,val:2008_005445:part_89,2008_005445,person,nose,nose,0.0,0.0,0.0,0.0023931078612804413,0.08404541015625,0.99853515625,5.364418029785156e-07
geometry_dropout,test_seen,1047,val:2008_005445:part_90,2008_005445,person,ear,ear,0.0,0.0,0.0,0.0014358647167682648,0.0033893585205078125,0.998046875,0.0
geometry_dropout,test_seen,1048,val:2008_005445:part_91,2008_005445,person,eyebrow,eyebrow,0.0,0.0,0.0,0.00015954051923472434,9.763240814208984e-05,0.09027099609375,0.0
geometry_dropout,test_seen,1049,val:2008_005445:part_93,2008_005445,person,hair,hair,0.1764705926179886,0.30000001192092896,0.0,0.007977026514708996,1.0,1.0,0.998046875
geometry_dropout,test_seen,1050,val:2008_005445:part_94,2008_005445,person,lower arm,lower arm,0.2629629671573639,0.4164222776889801,0.19063180685043335,0.07115507125854492,0.99462890625,1.0,0.02752685546875
geometry_dropout,test_seen,1051,val:2008_005445:part_95,2008_005445,person,upper arm,upper arm,0.380952388048172,0.5517241358757019,0.3820078372955322,0.053446076810359955,0.958984375,1.0,0.0012845993041992188
geometry_dropout,test_seen,1052,val:2008_005445:part_96,2008_005445,person,hand,hand,0.2525773048400879,0.403292179107666,0.08794788271188736,0.028557753190398216,1.0,1.0,0.99853515625
geometry_dropout,test_seen,1053,val:2008_005525:part_71,2008_005525,horse,head,head,0.554817259311676,0.7136752009391785,0.021593090146780014,0.20428448915481567,1.0,1.0,1.0
geometry_dropout,test_seen,1054,val:2008_005525:part_72,2008_005525,horse,eye,eye,0.0,0.0,0.0,0.0035989717580378056,0.5927734375,0.99951171875,0.00018668174743652344
geometry_dropout,test_seen,1055,val:2008_005525:part_73,2008_005525,horse,torso,torso,0.2232796549797058,0.36505088210105896,0.1513812094926834,0.10745501518249512,1.0,1.0,1.0
geometry_dropout,test_seen,1056,val:2008_005525:part_75,2008_005525,horse,leg,leg,0.26985007524490356,0.42501091957092285,0.20569436252117157,0.0970008596777916,1.0,1.0,1.0
geometry_dropout,test_seen,1057,val:2008_005525:part_76,2008_005525,horse,ear,ear,0.559440553188324,0.7174887657165527,0.25151515007019043,0.05809768661856651,0.0033893585205078125,0.998046875,0.0
geometry_dropout,test_seen,1058,val:2008_005525:part_77,2008_005525,horse,muzzle,muzzle,0.6345608830451965,0.7764298319816589,0.0,0.2623821794986725,0.95166015625,1.0,0.0015668869018554688
geometry_dropout,test_seen,1059,val:2008_005525:part_78,2008_005525,horse,hoof,hoof,0.0,0.0,0.3059210479259491,0.0037703514099121094,0.99658203125,1.0,0.026458740234375
geometry_dropout,test_seen,1060,val:2008_005544:part_112,2008_005544,train,back,back,0.6961543560028076,0.8208619952201843,0.07394900918006897,1.0,1.0,1.0,1.0
geometry_dropout,test_seen,1061,val:2008_005544:part_114,2008_005544,train,coach,coach,0.0,0.0,0.04034113883972168,0.0002687088563106954,1.0,1.0,1.0
geometry_dropout,test_seen,1062,val:2008_005642:part_70,2008_005642,horse,tail,tail,0.19936709105968475,0.33245381712913513,0.261904776096344,0.026174772530794144,0.9697265625,1.0,0.0005617141723632812
geometry_dropout,test_seen,1063,val:2008_005642:part_71,2008_005642,horse,head,head,0.5160680413246155,0.6807979941368103,0.16318786144256592,0.05667765811085701,1.0,1.0,1.0
geometry_dropout,test_seen,1064,val:2008_005642:part_72,2008_005642,horse,eye,eye,0.02380952425301075,0.04651162773370743,0.6710526347160339,0.0020610056817531586,0.5927734375,0.99951171875,0.00018668174743652344
geometry_dropout,test_seen,1065,val:2008_005642:part_73,2008_005642,horse,torso,torso,0.6629511713981628,0.7973188757896423,0.15037797391414642,0.5280296802520752,1.0,1.0,1.0
geometry_dropout,test_seen,1066,val:2008_005642:part_74,2008_005642,horse,neck,neck,0.5563380122184753,0.7149321436882019,0.044386424124240875,0.05770816281437874,1.0,1.0,1.0
geometry_dropout,test_seen,1067,val:2008_005642:part_75,2008_005642,horse,leg,leg,0.32068246603012085,0.48563143610954285,0.48818597197532654,0.24093157052993774,1.0,1.0,1.0
geometry_dropout,test_seen,1068,val:2008_005642:part_76,2008_005642,horse,ear,ear,0.14990513026714325,0.26072606444358826,0.7319391369819641,0.01648804545402527,0.0033893585205078125,0.998046875,0.0
geometry_dropout,test_seen,1069,val:2008_005642:part_77,2008_005642,horse,muzzle,muzzle,0.5334773063659668,0.6957746744155884,0.08810572326183319,0.0527617484331131,0.95166015625,1.0,0.0015668869018554688
geometry_dropout,test_seen,1070,val:2008_005676:part_22,2008_005676,bus,wheel,wheel,0.2877193093299866,0.4468664824962616,0.5560166239738464,0.09071274101734161,1.0,1.0,0.9970703125
geometry_dropout,test_seen,1071,val:2008_005676:part_25,2008_005676,bus,side,side,0.4333333373069763,0.604651153087616,0.38204488158226013,0.6616270542144775,1.0,1.0,0.99755859375
geometry_dropout,test_seen,1072,val:2008_005676:part_30,2008_005676,bus,door,door,0.28710463643074036,0.44612476229667664,0.29440388083457947,0.0849532037973404,0.204833984375,0.9970703125,2.777576446533203e-05
geometry_dropout,test_seen,1073,val:2008_005676:part_31,2008_005676,bus,window,window,0.06442577391862869,0.12105263024568558,0.21739129722118378,0.1411087065935135,0.99951171875,1.0,0.99365234375
geometry_dropout,test_seen,1074,val:2008_005680:part_97,2008_005680,pottedplant,pot,pot,0.009401709772646427,0.018628280609846115,0.1161387637257576,0.12457912415266037,1.0,1.0,0.9990234375
geometry_dropout,test_seen,1075,val:2008_005680:part_98,2008_005680,pottedplant,plant,plant,0.13036616146564484,0.23066182434558868,0.23692919313907623,0.1344396322965622,1.0,1.0,1.0
geometry_dropout,test_seen,1076,val:2008_005691:part_71,2008_005691,horse,head,head,0.6097561120986938,0.7575757503509521,0.18080149590969086,0.08154461532831192,1.0,1.0,1.0
geometry_dropout,test_seen,1077,val:2008_005691:part_73,2008_005691,horse,torso,torso,0.7156338095664978,0.8342500329017639,0.0726599246263504,0.5431397557258606,1.0,1.0,1.0
geometry_dropout,test_seen,1078,val:2008_005691:part_74,2008_005691,horse,neck,neck,0.8291241526603699,0.9065805077552795,0.044258374720811844,0.18223905563354492,1.0,1.0,1.0
geometry_dropout,test_seen,1079,val:2008_005691:part_75,2008_005691,horse,leg,leg,0.4101710915565491,0.5817323923110962,0.36265137791633606,0.1470959633588791,1.0,1.0,1.0
geometry_dropout,test_seen,1080,val:2008_005691:part_76,2008_005691,horse,ear,ear,0.07563025504350662,0.140625,0.4969325065612793,0.006102693732827902,0.0033893585205078125,0.998046875,0.0
geometry_dropout,test_seen,1081,val:2008_005691:part_77,2008_005691,horse,muzzle,muzzle,0.5893719792366028,0.7416413426399231,0.2846534550189972,0.026725588366389275,0.95166015625,1.0,0.0015668869018554688
geometry_dropout,test_seen,1082,val:2008_005691:part_78,2008_005691,horse,hoof,hoof,0.20430107414722443,0.3392857015132904,0.5369565486907959,0.010521885938942432,0.99658203125,1.0,0.026458740234375
geometry_dropout,test_seen,1083,val:2008_005727:part_6,2008_005727,bicycle,wheel,wheel,0.11136814206838608,0.20041629672050476,0.7967479825019836,0.6561375260353088,1.0,1.0,0.9970703125
geometry_dropout,test_seen,1084,val:2008_005727:part_7,2008_005727,bicycle,saddle,saddle,0.20128479599952698,0.33511584997177124,0.7658643126487732,0.04158336669206619,1.0,1.0,0.99951171875
geometry_dropout,test_seen,1085,val:2008_005727:part_8,2008_005727,bicycle,handlebar,handlebar,0.06676342338323593,0.12517006695270538,0.8374233245849609,0.03318672627210617,1.0,1.0,0.9990234375
geometry_dropout,test_seen,1086,val:2008_005727:part_9,2008_005727,bicycle,chainwheel,chainwheel,0.0,0.0,0.0,0.08396641165018082,0.984375,1.0,0.01009368896484375
geometry_dropout,test_seen,1087,val:2008_005738:part_6,2008_005738,bicycle,wheel,wheel,0.03482586890459061,0.06730769574642181,0.9345794320106506,0.8015872836112976,1.0,1.0,0.9970703125
geometry_dropout,test_seen,1088,val:2008_005738:part_8,2008_005738,bicycle,handlebar,handlebar,0.0,0.0,0.0,0.075396828353405,1.0,1.0,0.9990234375
geometry_dropout,test_seen,1089,val:2008_005738:part_9,2008_005738,bicycle,chainwheel,chainwheel,0.0,0.0,1.0,0.003968254197388887,0.984375,1.0,0.01009368896484375
geometry_dropout,test_seen,1090,val:2008_005812:part_20,2008_005812,bottle,body,body,0.5415884852409363,0.7026368975639343,0.4459036886692047,0.9774266481399536,1.0,1.0,1.0
geometry_dropout,test_seen,1091,val:2008_005812:part_21,2008_005812,bottle,cap,cap,0.1041666641831398,0.18867924809455872,0.5416666865348816,0.011286681517958641,1.0,1.0,0.99853515625
geometry_dropout,test_seen,1092,val:2008_005904:part_20,2008_005904,bottle,body,body,0.9163865447044373,0.9563692212104797,0.06330196559429169,0.9953434467315674,1.0,1.0,1.0
geometry_dropout,test_seen,1093,val:2008_006036:part_70,2008_006036,horse,tail,tail,0.02213279716670513,0.04330708831548691,0.4922737181186676,0.069182388484478,0.9697265625,1.0,0.0005617141723632812
geometry_dropout,test_seen,1094,val:2008_006036:part_71,2008_006036,horse,head,head,0.0,0.0,0.0,0.04779874160885811,1.0,1.0,1.0
geometry_dropout,test_seen,1095,val:2008_006036:part_73,2008_006036,horse,torso,torso,0.4892205595970154,0.6570155620574951,0.1348039209842682,0.6163522005081177,1.0,1.0,1.0
geometry_dropout,test_seen,1096,val:2008_006036:part_74,2008_006036,horse,neck,neck,0.0,0.0,0.0,0.13962264358997345,1.0,1.0,1.0
geometry_dropout,test_seen,1097,val:2008_006036:part_75,2008_006036,horse,leg,leg,0.16309012472629547,0.2804428040981293,0.7926267385482788,0.06792452931404114,1.0,1.0,1.0
geometry_dropout,test_seen,1098,val:2008_006036:part_77,2008_006036,horse,muzzle,muzzle,0.0,0.0,0.0,0.025157231837511063,0.95166015625,1.0,0.0015668869018554688
geometry_dropout,test_seen,1099,val:2008_006055:part_109,2008_006055,train,head,head,0.004629629664123058,0.009216589853167534,0.6470588445663452,0.01797802746295929,1.0,1.0,1.0
geometry_dropout,test_seen,1100,val:2008_006055:part_110,2008_006055,train,front,front,0.760795533657074,0.864149808883667,0.14808683097362518,0.4872933030128479,1.0,1.0,1.0
geometry_dropout,test_seen,1101,val:2008_006055:part_111,2008_006055,train,side,side,0.5880593061447144,0.7406011819839478,0.10010895878076553,0.4810786843299866,1.0,1.0,0.99755859375
geometry_dropout,test_seen,1102,val:2008_006055:part_114,2008_006055,train,coach,coach,0.0009586195810697973,0.0019154030596837401,0.07651672512292862,0.001997558632865548,1.0,1.0,1.0
geometry_dropout,test_seen,1103,val:2008_006063:part_52,2008_006063,cow,head,head,0.5880507826805115,0.7405944466590881,0.04912000149488449,0.19754406809806824,1.0,1.0,1.0
geometry_dropout,test_seen,1104,val:2008_006063:part_53,2008_006063,cow,eye,eye,0.20129869878292084,0.3351351320743561,0.0,0.00535004585981369,0.5927734375,0.99951171875,0.00018668174743652344
geometry_dropout,test_seen,1105,val:2008_006063:part_54,2008_006063,cow,torso,torso,0.7217686176300049,0.8384037613868713,0.0581781305372715,0.40369918942451477,1.0,1.0,1.0
geometry_dropout,test_seen,1106,val:2008_006063:part_56,2008_006063,cow,leg,leg,0.658178985118866,0.7938576340675354,0.23852847516536713,0.09018648415803909,1.0,1.0,1.0
geometry_dropout,test_seen,1107,val:2008_006063:part_57,2008_006063,cow,ear,ear,0.5582929849624634,0.7165443301200867,0.1814814805984497,0.08417405188083649,0.0033893585205078125,0.998046875,0.0
geometry_dropout,test_seen,1108,val:2008_006063:part_58,2008_006063,cow,muzzle,muzzle,0.8211963772773743,0.9018207788467407,0.06737425178289413,0.2073270082473755,0.95166015625,1.0,0.0015668869018554688
geometry_dropout,test_seen,1109,val:2008_006108:part_83,2008_006108,person,head,head,0.2681794762611389,0.4229361414909363,0.06485355645418167,0.0463402234017849,1.0,1.0,1.0
geometry_dropout,test_seen,1110,val:2008_006108:part_84,2008_006108,person,eye,eye,0.09217876940965652,0.16879795491695404,0.0,0.002880379557609558,0.5927734375,0.99951171875,0.00018668174743652344
geometry_dropout,test_seen,1111,val:2008_006108:part_85,2008_006108,person,torso,torso,0.3386373519897461,0.5059433579444885,0.049941759556531906,0.2021348625421524,1.0,1.0,1.0
geometry_dropout,test_seen,1112,val:2008_006108:part_86,2008_006108,person,neck,neck,0.14214463531970978,0.24890829622745514,0.0,0.009657743386924267,1.0,1.0,1.0
geometry_dropout,test_seen,1113,val:2008_006108:part_89,2008_006108,person,nose,nose,0.09310344606637955,0.17034700512886047,0.0,0.002541511319577694,0.08404541015625,0.99853515625,5.364418029785156e-07
geometry_dropout,test_seen,1114,val:2008_006108:part_90,2008_006108,person,ear,ear,0.0,0.0,0.630630612373352,0.0017790579004213214,0.0033893585205078125,0.998046875,0.0
geometry_dropout,test_seen,1115,val:2008_006108:part_91,2008_006108,person,eyebrow,eyebrow,0.0044052861630916595,0.008771929889917374,0.0,8.471704495605081e-05,9.763240814208984e-05,0.09027099609375,0.0
geometry_dropout,test_seen,1116,val:2008_006108:part_92,2008_006108,person,mouth,mouth,0.09947644174098969,0.18095238506793976,0.0,0.0019484920194372535,1.0,1.0,0.9970703125
geometry_dropout,test_seen,1117,val:2008_006108:part_93,2008_006108,person,hair,hair,0.22529371082782745,0.3677383065223694,0.2752489447593689,0.031091155484318733,1.0,1.0,0.998046875
geometry_dropout,test_seen,1118,val:2008_006108:part_95,2008_006108,person,upper arm,upper arm,0.30352047085762024,0.4656934440135956,0.15634074807167053,0.11419858038425446,0.958984375,1.0,0.0012845993041992188
geometry_dropout,test_seen,1119,val:2008_006159:part_115,2008_006159,tvmonitor,screen,screen,0.7413793206214905,0.8514851331710815,0.0019267823081463575,0.5246666669845581,1.0,1.0,1.0
geometry_dropout,test_seen,1120,val:2008_006216:part_83,2008_006216,person,head,head,0.09154929220676422,0.16774193942546844,0.8041236996650696,0.020968908444046974,1.0,1.0,1.0
geometry_dropout,test_seen,1121,val:2008_006216:part_84,2008_006216,person,eye,eye,0.0,0.0,0.0,0.0014461316168308258,0.5927734375,0.99951171875,0.00018668174743652344
geometry_dropout,test_seen,1122,val:2008_006216:part_85,2008_006216,person,torso,torso,0.38456419110298157,0.55550217628479,0.08276333659887314,0.22378885746002197,1.0,1.0,1.0
geometry_dropout,test_seen,1123,val:2008_006216:part_86,2008_006216,person,neck,neck,0.0,0.0,0.9268292784690857,0.008315256796777248,1.0,1.0,1.0
geometry_dropout,test_seen,1124,val:2008_006216:part_87,2008_006216,person,leg,leg,0.36514195799827576,0.5349509119987488,0.2843881845474243,0.19739696383476257,1.0,1.0,1.0
geometry_dropout,test_seen,1125,val:2008_006216:part_88,2008_006216,person,foot,foot,0.05631067976355553,0.10661764442920685,0.6042885184288025,0.0112075200304389,1.0,1.0,0.81298828125
geometry_dropout,test_seen,1126,val:2008_006216:part_89,2008_006216,person,nose,nose,0.0,0.0,0.0,0.0010845987126231194,0.08404541015625,0.99853515625,5.364418029785156e-07
geometry_dropout,test_seen,1127,val:2008_006216:part_91,2008_006216,person,eyebrow,eyebrow,0.0,0.0,0.0,0.00036153290420770645,9.763240814208984e-05,0.09027099609375,0.0
geometry_dropout,test_seen,1128,val:2008_006216:part_92,2008_006216,person,mouth,mouth,0.0,0.0,0.0,0.0010845987126231194,1.0,1.0,0.9970703125
geometry_dropout,test_seen,1129,val:2008_006216:part_93,2008_006216,person,hair,hair,0.0,0.0,0.8169013857841492,0.0021691974252462387,1.0,1.0,0.998046875
geometry_dropout,test_seen,1130,val:2008_006216:part_94,2008_006216,person,lower arm,lower arm,0.17325228452682495,0.2953367829322815,0.021806852892041206,0.023499637842178345,0.99462890625,1.0,0.02752685546875
geometry_dropout,test_seen,1131,val:2008_006216:part_95,2008_006216,person,upper arm,upper arm,0.20424403250217438,0.3392070531845093,0.15142856538295746,0.03759942203760147,0.958984375,1.0,0.0012845993041992188
geometry_dropout,test_seen,1132,val:2008_006216:part_96,2008_006216,person,hand,hand,0.05855855718255043,0.11063829809427261,0.022624434903264046,0.00506146065890789,1.0,1.0,0.99853515625
geometry_dropout,test_seen,1133,val:2008_006219:part_71,2008_006219,horse,head,head,0.2972508668899536,0.4582781493663788,0.1587301641702652,0.06045015901327133,1.0,1.0,1.0
geometry_dropout,test_seen,1134,val:2008_006219:part_72,2008_006219,horse,eye,eye,0.0,0.0,0.0,0.0009646302205510437,0.5927734375,0.99951171875,0.00018668174743652344
geometry_dropout,test_seen,1135,val:2008_006219:part_73,2008_006219,horse,torso,torso,0.2667766809463501,0.4211897552013397,0.10011248290538788,0.16881029307842255,1.0,1.0,1.0
geometry_dropout,test_seen,1136,val:2008_006219:part_74,2008_006219,horse,neck,neck,0.28423476219177246,0.44265231490135193,0.1255868524312973,0.08488745987415314,1.0,1.0,1.0
geometry_dropout,test_seen,1137,val:2008_006219:part_75,2008_006219,horse,leg,leg,0.12713178992271423,0.22558459639549255,0.6519861817359924,0.09517684578895569,1.0,1.0,1.0
geometry_dropout,test_seen,1138,val:2008_006219:part_76,2008_006219,horse,ear,ear,0.095238097012043,0.17391304671764374,0.5733333230018616,0.005466238129884005,0.0033893585205078125,0.998046875,0.0
geometry_dropout,test_seen,1139,val:2008_006219:part_77,2008_006219,horse,muzzle,muzzle,0.24938875436782837,0.3992172181606293,0.5101010203361511,0.03697749227285385,0.95166015625,1.0,0.0015668869018554688
geometry_dropout,test_seen,1140,val:2008_006219:part_78,2008_006219,horse,hoof,hoof,0.03703703731298447,0.0714285746216774,0.9439252614974976,0.010610932484269142,0.99658203125,1.0,0.026458740234375
geometry_dropout,test_seen,1141,val:2008_006254:part_6,2008_006254,bicycle,wheel,wheel,0.033195022493600845,0.06425702571868896,0.8315789699554443,0.161594957113266,1.0,1.0,0.9970703125
geometry_dropout,test_seen,1142,val:2008_006254:part_8,2008_006254,bicycle,handlebar,handlebar,0.022327469661831856,0.04367968067526817,0.7869299054145813,0.04407135397195816,1.0,1.0,0.9990234375
geometry_dropout,test_seen,1143,val:2008_006275:part_83,2008_006275,person,head,head,0.34402331709861755,0.5119305849075317,0.1831442415714264,0.021291447803378105,1.0,1.0,1.0
geometry_dropout,test_seen,1144,val:2008_006275:part_85,2008_006275,person,torso,torso,0.22622478008270264,0.3689776659011841,0.05160238966345787,0.10910994559526443,1.0,1.0,1.0
geometry_dropout,test_seen,1145,val:2008_006275:part_86,2008_006275,person,neck,neck,0.0,0.0,0.013888888992369175,0.002303664805367589,1.0,1.0,1.0
geometry_dropout,test_seen,1146,val:2008_006275:part_87,2008_006275,person,leg,leg,0.3606921136379242,0.5301597714424133,0.07565336674451828,0.061849914491176605,1.0,1.0,1.0
geometry_dropout,test_seen,1147,val:2008_006275:part_89,2008_006275,person,nose,nose,0.0,0.0,0.21153846383094788,0.0011867365101352334,0.08404541015625,0.99853515625,5.364418029785156e-07
geometry_dropout,test_seen,1148,val:2008_006275:part_90,2008_006275,person,ear,ear,0.0,0.0,0.0,0.0005584642058238387,0.0033893585205078125,0.998046875,0.0
geometry_dropout,test_seen,1149,val:2008_006275:part_92,2008_006275,person,mouth,mouth,0.0,0.0,0.0,0.0006282722461037338,1.0,1.0,0.9970703125
geometry_dropout,test_seen,1150,val:2008_006275:part_93,2008_006275,person,hair,hair,0.017751479521393776,0.03488372266292572,0.01315789483487606,0.0013961605727672577,1.0,1.0,0.998046875
geometry_dropout,test_seen,1151,val:2008_006275:part_94,2008_006275,person,lower arm,lower arm,0.1976967304944992,0.33012819290161133,0.15285713970661163,0.03825479745864868,0.99462890625,1.0,0.02752685546875
geometry_dropout,test_seen,1152,val:2008_006275:part_95,2008_006275,person,upper arm,upper arm,0.057034220546483994,0.10791366547346115,0.0,0.05766143277287483,0.958984375,1.0,0.0012845993041992188
geometry_dropout,test_seen,1153,val:2008_006275:part_96,2008_006275,person,hand,hand,0.15660376846790314,0.27079933881759644,0.10984848439693451,0.005933682434260845,1.0,1.0,0.99853515625
geometry_dropout,test_seen,1154,val:2008_006325:part_42,2008_006325,cat,tail,tail,0.6209150552749634,0.7661290168762207,0.35502710938453674,0.0989730954170227,0.9697265625,1.0,0.0005617141723632812
geometry_dropout,test_seen,1155,val:2008_006325:part_43,2008_006325,cat,head,head,0.6625859141349792,0.797054648399353,0.12220533937215805,0.1974422037601471,1.0,1.0,1.0
geometry_dropout,test_seen,1156,val:2008_006325:part_44,2008_006325,cat,eye,eye,0.1840796023607254,0.31092438101768494,0.0,0.00434700446203351,0.5927734375,0.99951171875,0.00018668174743652344
geometry_dropout,test_seen,1157,val:2008_006325:part_45,2008_006325,cat,torso,torso,0.6897526979446411,0.8163948655128479,0.088147833943367,0.4227934181690216,1.0,1.0,1.0
geometry_dropout,test_seen,1158,val:2008_006325:part_46,2008_006325,cat,neck,neck,0.5072165131568909,0.6730506420135498,0.05206738039851189,0.05588105693459511,1.0,1.0,1.0
geometry_dropout,test_seen,1159,val:2008_006325:part_47,2008_006325,cat,leg,leg,0.3442762792110443,0.5122106075286865,0.07281442731618881,0.12127511948347092,1.0,1.0,1.0
geometry_dropout,test_seen,1160,val:2008_006325:part_48,2008_006325,cat,nose,nose,0.3353658616542816,0.5022830963134766,0.0,0.003465003566816449,0.08404541015625,0.99853515625,5.364418029785156e-07
geometry_dropout,test_seen,1161,val:2008_006325:part_49,2008_006325,cat,paw,paw,0.5552805066108704,0.7140583395957947,0.12794612348079681,0.04391104355454445,0.9912109375,1.0,0.0014209747314453125
geometry_dropout,test_seen,1162,val:2008_006325:part_50,2008_006325,cat,ear,ear,0.42716193199157715,0.5986173152923584,0.3034362196922302,0.04674604535102844,0.0033893585205078125,0.998046875,0.0
geometry_dropout,test_seen,1163,val:2008_006341:part_42,2008_006341,cat,tail,tail,0.0,0.0,0.40492957830429077,0.14542749524116516,0.9697265625,1.0,0.0005617141723632812
geometry_dropout,test_seen,1164,val:2008_006341:part_43,2008_006341,cat,head,head,0.6300067901611328,0.7730112671852112,0.05999999865889549,0.14894481003284454,1.0,1.0,1.0
geometry_dropout,test_seen,1165,val:2008_006341:part_44,2008_006341,cat,eye,eye,0.0,0.0,1.0,0.000405844155466184,0.5927734375,0.99951171875,0.00018668174743652344
geometry_dropout,test_seen,1166,val:2008_006341:part_45,2008_006341,cat,torso,torso,0.6652867197990417,0.7990056276321411,0.10163227468729019,0.5907738208770752,1.0,1.0,1.0
geometry_dropout,test_seen,1167,val:2008_006341:part_46,2008_006341,cat,neck,neck,0.1230992004275322,0.21921341121196747,0.08503679186105728,0.04437229409813881,1.0,1.0,1.0
geometry_dropout,test_seen,1168,val:2008_006341:part_47,2008_006341,cat,leg,leg,0.19947506487369537,0.33260393142700195,0.1666666716337204,0.0163690485060215,1.0,1.0,1.0
geometry_dropout,test_seen,1169,val:2008_006341:part_48,2008_006341,cat,nose,nose,0.0,0.0,1.0,0.0006764069548808038,0.08404541015625,0.99853515625,5.364418029785156e-07
geometry_dropout,test_seen,1170,val:2008_006341:part_49,2008_006341,cat,paw,paw,0.11999999731779099,0.2142857164144516,0.380859375,0.01785714365541935,0.9912109375,1.0,0.0014209747314453125
geometry_dropout,test_seen,1171,val:2008_006341:part_50,2008_006341,cat,ear,ear,0.22826087474822998,0.37168142199516296,0.030612245202064514,0.023403679952025414,0.0033893585205078125,0.998046875,0.0
geometry_dropout,test_seen,1172,val:2008_006408:part_83,2008_006408,person,head,head,0.5561904907226562,0.7148102521896362,0.0,0.113189697265625,1.0,1.0,1.0
geometry_dropout,test_seen,1173,val:2008_006408:part_84,2008_006408,person,eye,eye,0.0,0.0,0.0,0.0002101944264722988,0.5927734375,0.99951171875,0.00018668174743652344
geometry_dropout,test_seen,1174,val:2008_006408:part_85,2008_006408,person,torso,torso,0.5802086591720581,0.7343443632125854,0.11549101024866104,0.4108250141143799,1.0,1.0,1.0
geometry_dropout,test_seen,1175,val:2008_006408:part_89,2008_006408,person,nose,nose,0.3513513505458832,0.5199999809265137,0.0,0.010825012810528278,0.08404541015625,0.99853515625,5.364418029785156e-07
geometry_dropout,test_seen,1176,val:2008_006408:part_90,2008_006408,person,ear,ear,0.13522012531757355,0.23822714388370514,0.006493506487458944,0.005570152308791876,0.0033893585205078125,0.998046875,0.0
geometry_dropout,test_seen,1177,val:2008_006408:part_91,2008_006408,person,eyebrow,eyebrow,0.0,0.0,0.0,0.0003152916324324906,9.763240814208984e-05,0.09027099609375,0.0
geometry_dropout,test_seen,1178,val:2008_006408:part_92,2008_006408,person,mouth,mouth,0.0,0.0,0.0,0.003047819249331951,1.0,1.0,0.9970703125
geometry_dropout,test_seen,1179,val:2008_006408:part_93,2008_006408,person,hair,hair,0.8374558091163635,0.9115384817123413,0.058108821511268616,0.18360483646392822,1.0,1.0,0.998046875
geometry_dropout,test_seen,1180,val:2008_006408:part_94,2008_006408,person,lower arm,lower arm,0.45136865973472595,0.6219903826713562,0.14414997398853302,0.09931686520576477,0.99462890625,1.0,0.02752685546875
geometry_dropout,test_seen,1181,val:2008_006408:part_95,2008_006408,person,upper arm,upper arm,0.47278910875320435,0.6420323252677917,0.14411765336990356,0.094377301633358,0.958984375,1.0,0.0012845993041992188
geometry_dropout,test_seen,1182,val:2008_006408:part_96,2008_006408,person,hand,hand,0.5997983813285828,0.7498424649238586,0.07601713389158249,0.06862848252058029,1.0,1.0,0.99853515625
geometry_dropout,test_seen,1183,val:2008_006480:part_43,2008_006480,cat,head,head,0.7409220933914185,0.8511834740638733,0.13752295076847076,0.23112156987190247,1.0,1.0,1.0
geometry_dropout,test_seen,1184,val:2008_006480:part_45,2008_006480,cat,torso,torso,0.5637694597244263,0.7210391163825989,0.11348305642604828,0.4619886875152588,1.0,1.0,1.0
geometry_dropout,test_seen,1185,val:2008_006480:part_46,2008_006480,cat,neck,neck,0.24239686131477356,0.3902084231376648,0.17257319390773773,0.17990966141223907,1.0,1.0,1.0
geometry_dropout,test_seen,1186,val:2008_006480:part_47,2008_006480,cat,leg,leg,0.41188523173332214,0.5834543108940125,0.07943925261497498,0.05280234292149544,1.0,1.0,1.0
geometry_dropout,test_seen,1187,val:2008_006480:part_49,2008_006480,cat,paw,paw,0.577606201171875,0.7322564721107483,0.20151133835315704,0.054201919585466385,0.9912109375,1.0,0.0014209747314453125
geometry_dropout,test_seen,1188,val:2008_006480:part_50,2008_006480,cat,ear,ear,0.21124030649662018,0.34880000352859497,0.4118792712688446,0.014186653308570385,0.0033893585205078125,0.998046875,0.0
geometry_dropout,test_seen,1189,val:2008_006523:part_114,2008_006523,train,coach,coach,0.9137035608291626,0.9549060463905334,0.08133438974618912,0.9964622855186462,1.0,1.0,1.0
geometry_dropout,test_seen,1190,val:2008_006528:part_51,2008_006528,cow,tail,tail,0.0,0.0,1.0,0.009876543655991554,0.9697265625,1.0,0.0005617141723632812
geometry_dropout,test_seen,1191,val:2008_006528:part_52,2008_006528,cow,head,head,0.367716521024704,0.5377086997032166,0.44492629170417786,0.1441975235939026,1.0,1.0,1.0
geometry_dropout,test_seen,1192,val:2008_006528:part_53,2008_006528,cow,eye,eye,0.0,0.0,0.0,0.003703703638166189,0.5927734375,0.99951171875,0.00018668174743652344
geometry_dropout,test_seen,1193,val:2008_006528:part_54,2008_006528,cow,torso,torso,0.69786536693573,0.8220502734184265,0.11766666918992996,0.5358024835586548,1.0,1.0,1.0
geometry_dropout,test_seen,1194,val:2008_006528:part_56,2008_006528,cow,leg,leg,0.31636154651641846,0.4806605875492096,0.5475637912750244,0.1424691379070282,1.0,1.0,1.0
geometry_dropout,test_seen,1195,val:2008_006528:part_57,2008_006528,cow,ear,ear,0.3732970058917999,0.5436508059501648,0.1710914522409439,0.040740739554166794,0.0033893585205078125,0.998046875,0.0
geometry_dropout,test_seen,1196,val:2008_006528:part_58,2008_006528,cow,muzzle,muzzle,0.5283757448196411,0.6914212703704834,0.43659043312072754,0.07407407462596893,0.95166015625,1.0,0.0015668869018554688
geometry_dropout,test_seen,1197,val:2008_006528:part_59,2008_006528,cow,horn,horn,0.12718205153942108,0.22566372156143188,0.7324324250221252,0.04049382731318474,0.64208984375,1.0,8.821487426757812e-06
geometry_dropout,test_seen,1198,val:2008_006553:part_109,2008_006553,train,head,head,0.011111111380159855,0.021978022530674934,0.8032036423683167,0.012221100740134716,1.0,1.0,1.0
geometry_dropout,test_seen,1199,val:2008_006553:part_110,2008_006553,train,front,front,0.7390610575675964,0.8499541282653809,0.176168754696846,0.7278842926025391,1.0,1.0,1.0
geometry_dropout,test_seen,1200,val:2008_006553:part_111,2008_006553,train,side,side,0.6814465522766113,0.810547947883606,0.15605296194553375,0.24386142194271088,1.0,1.0,0.99755859375
geometry_dropout,test_seen,1201,val:2008_006553:part_114,2008_006553,train,coach,coach,0.0002734108129516244,0.000546672148630023,0.10288684815168381,0.0008969615446403623,1.0,1.0,1.0
geometry_dropout,test_seen,1202,val:2008_006554:part_22,2008_006554,bus,wheel,wheel,0.8947368264198303,0.9444444179534912,0.02016128972172737,0.07443850487470627,1.0,1.0,0.9970703125
geometry_dropout,test_seen,1203,val:2008_006554:part_23,2008_006554,bus,headlight,headlight,0.1160714253783226,0.20800000429153442,0.0,0.008663102053105831,1.0,1.0,0.99755859375
geometry_dropout,test_seen,1204,val:2008_006554:part_24,2008_006554,bus,front,front,0.3291608691215515,0.49529123306274414,0.17523249983787537,0.08812834322452545,1.0,1.0,1.0
geometry_dropout,test_seen,1205,val:2008_006554:part_25,2008_006554,bus,side,side,0.47275063395500183,0.6419968605041504,0.17272372543811798,0.4043850302696228,1.0,1.0,0.99755859375
geometry_dropout,test_seen,1206,val:2008_006554:part_28,2008_006554,bus,mirror,mirror,0.0,0.0,0.0,0.0019251336343586445,0.05572509765625,0.9814453125,4.112720489501953e-06
geometry_dropout,test_seen,1207,val:2008_006554:part_31,2008_006554,bus,window,window,0.6977728009223938,0.8219860792160034,0.06664951145648956,0.39967915415763855,0.99951171875,1.0,0.99365234375
geometry_dropout,test_seen,1208,val:2008_006703:part_0,2008_006703,aeroplane,body,body,0.5565969944000244,0.7151458859443665,0.24413146078586578,0.5179306268692017,1.0,1.0,1.0
geometry_dropout,test_seen,1209,val:2008_006703:part_1,2008_006703,aeroplane,stern,stern,0.539961040019989,0.701265811920166,0.30882352590560913,0.3292181193828583,1.0,1.0,0.99951171875
geometry_dropout,test_seen,1210,val:2008_006703:part_2,2008_006703,aeroplane,wing,wing,0.23918575048446655,0.3860369622707367,0.057251907885074615,0.11052322387695312,0.7890625,1.0,0.0002472400665283203
geometry_dropout,test_seen,1211,val:2008_006703:part_5,2008_006703,aeroplane,wheel,wheel,0.3510638177394867,0.5196850299835205,0.5,0.03586125746369362,1.0,1.0,0.9970703125
geometry_dropout,test_seen,1212,val:2008_006722:part_83,2008_006722,person,head,head,0.0027322403620928526,0.00544959120452404,0.2521246373653412,0.001453941222280264,1.0,1.0,1.0
geometry_dropout,test_seen,1213,val:2008_006722:part_85,2008_006722,person,torso,torso,0.0,0.0,0.0,0.005815764889121056,1.0,1.0,1.0
geometry_dropout,test_seen,1214,val:2008_006722:part_87,2008_006722,person,leg,leg,0.002518891589716077,0.005025125574320555,0.5345268249511719,0.000726970611140132,1.0,1.0,1.0
geometry_dropout,test_seen,1215,val:2008_006722:part_90,2008_006722,person,ear,ear,0.008474576286971569,0.016806723549962044,0.30116960406303406,0.0015577941667288542,0.0033893585205078125,0.998046875,0.0
geometry_dropout,test_seen,1216,val:2008_006752:part_109,2008_006752,train,head,head,0.0,0.0,0.0,0.0024598229210823774,1.0,1.0,1.0
geometry_dropout,test_seen,1217,val:2008_006752:part_111,2008_006752,train,side,side,0.6407766938209534,0.7810651063919067,0.13349515199661255,0.7359790205955505,1.0,1.0,0.99755859375
geometry_dropout,test_seen,1218,val:2008_006752:part_113,2008_006752,train,roof,roof,0.5549654960632324,0.7137978076934814,0.2047286331653595,0.17497539520263672,1.0,1.0,1.0
geometry_dropout,test_seen,1219,val:2008_006752:part_114,2008_006752,train,coach,coach,0.04653781279921532,0.0889367014169693,0.08909370005130768,0.060511644929647446,1.0,1.0,1.0
geometry_dropout,test_seen,1220,val:2008_007025:part_51,2008_007025,cow,tail,tail,0.0,0.0,0.0,0.007230320479720831,0.9697265625,1.0,0.0005617141723632812
geometry_dropout,test_seen,1221,val:2008_007025:part_52,2008_007025,cow,head,head,0.2693498432636261,0.4243902564048767,0.036484245210886,0.02530612237751484,1.0,1.0,1.0
geometry_dropout,test_seen,1222,val:2008_007025:part_54,2008_007025,cow,torso,torso,0.46638426184654236,0.6361010074615479,0.07925213128328323,0.4156268239021301,1.0,1.0,1.0
geometry_dropout,test_seen,1223,val:2008_007025:part_55,2008_007025,cow,neck,neck,0.15824176371097565,0.2732447683811188,0.023463686928153038,0.018542274832725525,1.0,1.0,1.0
geometry_dropout,test_seen,1224,val:2008_007025:part_56,2008_007025,cow,leg,leg,0.2703727185726166,0.4256588816642761,0.31289198994636536,0.06717201322317123,1.0,1.0,1.0
geometry_dropout,test_seen,1225,val:2008_007025:part_57,2008_007025,cow,ear,ear,0.0,0.0,0.3095238208770752,0.005597667768597603,0.0033893585205078125,0.998046875,0.0
geometry_dropout,test_seen,1226,val:2008_007025:part_58,2008_007025,cow,muzzle,muzzle,0.0,0.0,0.18045112490653992,0.015626821666955948,0.95166015625,1.0,0.0015668869018554688
geometry_dropout,test_seen,1227,val:2008_007025:part_59,2008_007025,cow,horn,horn,0.0,0.0,0.130952388048172,0.0027988338842988014,0.64208984375,1.0,8.821487426757812e-06
geometry_dropout,test_seen,1228,val:2008_007031:part_51,2008_007031,cow,tail,tail,0.09226932376623154,0.16894976794719696,0.3232323229312897,0.008810572326183319,0.9697265625,1.0,0.0005617141723632812
geometry_dropout,test_seen,1229,val:2008_007031:part_52,2008_007031,cow,head,head,0.3840125501155853,0.5549263954162598,0.17165353894233704,0.05202433466911316,1.0,1.0,1.0
geometry_dropout,test_seen,1230,val:2008_007031:part_53,2008_007031,cow,eye,eye,0.0,0.0,0.0,0.0006293266196735203,0.5927734375,0.99951171875,0.00018668174743652344
geometry_dropout,test_seen,1231,val:2008_007031:part_54,2008_007031,cow,torso,torso,0.6694179773330688,0.8019776940345764,0.16500529646873474,0.6656177639961243,1.0,1.0,1.0
geometry_dropout,test_seen,1232,val:2008_007031:part_55,2008_007031,cow,neck,neck,0.005434782709926367,0.010810811072587967,0.0,0.08076358586549759,1.0,1.0,1.0
geometry_dropout,test_seen,1233,val:2008_007031:part_56,2008_007031,cow,leg,leg,0.4794040322303772,0.6481042504310608,0.25168755650520325,0.13656388223171234,1.0,1.0,1.0
geometry_dropout,test_seen,1234,val:2008_007031:part_57,2008_007031,cow,ear,ear,0.13405796885490417,0.23642171919345856,0.050724636763334274,0.007761694956570864,0.0033893585205078125,0.998046875,0.0
geometry_dropout,test_seen,1235,val:2008_007031:part_58,2008_007031,cow,muzzle,muzzle,0.6176470518112183,0.7636363506317139,0.11467889696359634,0.03503251448273659,0.95166015625,1.0,0.0015668869018554688
geometry_dropout,test_seen,1236,val:2008_007123:part_51,2008_007123,cow,tail,tail,0.09589041024446487,0.17499999701976776,0.6666666865348816,0.017225468531250954,0.9697265625,1.0,0.0005617141723632812
geometry_dropout,test_seen,1237,val:2008_007123:part_52,2008_007123,cow,head,head,0.4362606108188629,0.6074950695037842,0.10509554296731949,0.05936634913086891,1.0,1.0,1.0
geometry_dropout,test_seen,1238,val:2008_007123:part_54,2008_007123,cow,torso,torso,0.755630612373352,0.8608081936836243,0.07390586286783218,0.6936327219009399,1.0,1.0,1.0
geometry_dropout,test_seen,1239,val:2008_007123:part_55,2008_007123,cow,neck,neck,0.3333333432674408,0.5,0.05447470769286156,0.029221778735518456,1.0,1.0,1.0
geometry_dropout,test_seen,1240,val:2008_007123:part_56,2008_007123,cow,leg,leg,0.33063584566116333,0.4969591796398163,0.20619946718215942,0.12580744922161102,1.0,1.0,1.0
geometry_dropout,test_seen,1241,val:2008_007123:part_57,2008_007123,cow,ear,ear,0.09062500298023224,0.16618910431861877,0.1666666716337204,0.011381113901734352,0.0033893585205078125,0.998046875,0.0
geometry_dropout,test_seen,1242,val:2008_007123:part_58,2008_007123,cow,muzzle,muzzle,0.6265822649002075,0.7704280018806458,0.17880794405937195,0.032605353742837906,0.95166015625,1.0,0.0015668869018554688
geometry_dropout,test_seen,1243,val:2008_007123:part_59,2008_007123,cow,horn,horn,0.0,0.0,0.03448275849223137,0.0049215625040233135,0.64208984375,1.0,8.821487426757812e-06
geometry_dropout,test_seen,1244,val:2008_007219:part_20,2008_007219,bottle,body,body,0.7228496670722961,0.8391326069831848,0.1315240114927292,0.8193445205688477,1.0,1.0,1.0
geometry_dropout,test_seen,1245,val:2008_007219:part_21,2008_007219,bottle,cap,cap,0.0,0.0,0.0,0.05595523491501808,1.0,1.0,0.99853515625
geometry_dropout,test_seen,1246,val:2008_007273:part_51,2008_007273,cow,tail,tail,0.13636364042758942,0.23999999463558197,0.5897790193557739,0.02558375708758831,0.9697265625,1.0,0.0005617141723632812
geometry_dropout,test_seen,1247,val:2008_007273:part_52,2008_007273,cow,head,head,0.44736841320991516,0.6181818246841431,0.32134291529655457,0.038172587752342224,1.0,1.0,1.0
geometry_dropout,test_seen,1248,val:2008_007273:part_53,2008_007273,cow,eye,eye,0.0,0.0,0.0,0.0006091370596550405,0.5927734375,0.99951171875,0.00018668174743652344
geometry_dropout,test_seen,1249,val:2008_007273:part_54,2008_007273,cow,torso,torso,0.7791008353233337,0.8758366107940674,0.11094377189874649,0.6775634288787842,1.0,1.0,1.0
geometry_dropout,test_seen,1250,val:2008_007273:part_55,2008_007273,cow,neck,neck,0.2777777910232544,0.43478259444236755,0.01652892492711544,0.026802031323313713,1.0,1.0,1.0
geometry_dropout,test_seen,1251,val:2008_007273:part_56,2008_007273,cow,leg,leg,0.2823920249938965,0.44041451811790466,0.46593615412712097,0.12243654578924179,1.0,1.0,1.0
geometry_dropout,test_seen,1252,val:2008_007273:part_57,2008_007273,cow,ear,ear,0.13636364042758942,0.23999999463558197,0.2978723347187042,0.013197969645261765,0.0033893585205078125,0.998046875,0.0
geometry_dropout,test_seen,1253,val:2008_007273:part_58,2008_007273,cow,muzzle,muzzle,0.4738805890083313,0.6430379748344421,0.3425196707248688,0.028629440814256668,0.95166015625,1.0,0.0015668869018554688
geometry_dropout,test_seen,1254,val:2008_007350:part_0,2008_007350,aeroplane,body,body,0.7404379844665527,0.8508639335632324,0.11711183190345764,0.5809826850891113,1.0,1.0,1.0
geometry_dropout,test_seen,1255,val:2008_007350:part_1,2008_007350,aeroplane,stern,stern,0.564200222492218,0.7213913202285767,0.2316666692495346,0.2445404976606369,1.0,1.0,0.99951171875
geometry_dropout,test_seen,1256,val:2008_007350:part_2,2008_007350,aeroplane,wing,wing,0.25310733914375305,0.4039675295352936,0.0,0.07620564103126526,0.7890625,1.0,0.0002472400665283203
geometry_dropout,test_seen,1257,val:2008_007350:part_4,2008_007350,aeroplane,engine,engine,0.5081080794334412,0.6738350987434387,0.1381443291902542,0.0800727903842926,1.0,1.0,0.99365234375
geometry_dropout,test_seen,1258,val:2008_007350:part_5,2008_007350,aeroplane,wheel,wheel,0.14611871540546417,0.25498008728027344,0.6620370149612427,0.007961783558130264,1.0,1.0,0.9970703125
geometry_dropout,test_seen,1259,val:2008_007392:part_70,2008_007392,horse,tail,tail,0.0,0.0,0.0,0.012118986807763577,0.9697265625,1.0,0.0005617141723632812
geometry_dropout,test_seen,1260,val:2008_007392:part_71,2008_007392,horse,head,head,0.3670886158943176,0.5370370149612427,0.370015949010849,0.08703635632991791,1.0,1.0,1.0
geometry_dropout,test_seen,1261,val:2008_007392:part_73,2008_007392,horse,torso,torso,0.5697728395462036,0.7259302735328674,0.28098344802856445,0.5115681290626526,1.0,1.0,1.0
geometry_dropout,test_seen,1262,val:2008_007392:part_74,2008_007392,horse,neck,neck,0.38361045718193054,0.5545064210891724,0.11177170276641846,0.11898641288280487,1.0,1.0,1.0
geometry_dropout,test_seen,1263,val:2008_007392:part_75,2008_007392,horse,leg,leg,0.25077080726623535,0.40098604559898376,0.32166892290115356,0.17407271265983582,1.0,1.0,1.0
geometry_dropout,test_seen,1264,val:2008_007392:part_76,2008_007392,horse,ear,ear,0.07954545319080353,0.1473684161901474,0.5021644830703735,0.019831068813800812,0.0033893585205078125,0.998046875,0.0
geometry_dropout,test_seen,1265,val:2008_007392:part_77,2008_007392,horse,muzzle,muzzle,0.4506172835826874,0.6212766170501709,0.5224359035491943,0.05802423879504204,0.95166015625,1.0,0.0015668869018554688
geometry_dropout,test_seen,1266,val:2008_007392:part_85,2008_007392,person,torso,torso,0.22095435857772827,0.36193713545799255,0.37324702739715576,0.31969308853149414,1.0,1.0,1.0
geometry_dropout,test_seen,1267,val:2008_007402:part_83,2008_007402,person,head,head,0.37931033968925476,0.550000011920929,0.13670885562896729,0.02343124896287918,1.0,1.0,1.0
geometry_dropout,test_seen,1268,val:2008_007402:part_84,2008_007402,person,eye,eye,0.0,0.0,1.0,0.0005714938743039966,0.5927734375,0.99951171875,0.00018668174743652344
geometry_dropout,test_seen,1269,val:2008_007402:part_85,2008_007402,person,torso,torso,0.3037460744380951,0.46595895290374756,0.05282507836818695,0.21682478487491608,1.0,1.0,1.0
geometry_dropout,test_seen,1270,val:2008_007402:part_88,2008_007402,person,foot,foot,0.08695652335882187,0.1599999964237213,0.5801749229431152,0.009372499771416187,1.0,1.0,0.81298828125
geometry_dropout,test_seen,1271,val:2008_007402:part_89,2008_007402,person,nose,nose,0.023255813866853714,0.04545454680919647,0.9629629850387573,0.0019430791726335883,0.08404541015625,0.99853515625,5.364418029785156e-07
geometry_dropout,test_seen,1272,val:2008_007402:part_90,2008_007402,person,ear,ear,0.0,0.0,0.0,0.0020573779474943876,0.0033893585205078125,0.998046875,0.0
geometry_dropout,test_seen,1273,val:2008_007402:part_91,2008_007402,person,eyebrow,eyebrow,0.0,0.0,0.0,0.00022859754972159863,9.763240814208984e-05,0.09027099609375,0.0
geometry_dropout,test_seen,1274,val:2008_007402:part_92,2008_007402,person,mouth,mouth,0.0,0.0,0.0,0.00045719509944319725,1.0,1.0,0.9970703125
geometry_dropout,test_seen,1275,val:2008_007402:part_93,2008_007402,person,hair,hair,0.6201058030128479,0.7655127644538879,0.17456896603107452,0.06892216205596924,1.0,1.0,0.998046875
geometry_dropout,test_seen,1276,val:2008_007402:part_94,2008_007402,person,lower arm,lower arm,0.36403509974479675,0.5337620377540588,0.26094570755958557,0.041376158595085144,0.99462890625,1.0,0.02752685546875
geometry_dropout,test_seen,1277,val:2008_007402:part_95,2008_007402,person,upper arm,upper arm,0.5703364014625549,0.7263875603675842,0.06749418377876282,0.08743856102228165,0.958984375,1.0,0.0012845993041992188
geometry_dropout,test_seen,1278,val:2008_007402:part_96,2008_007402,person,hand,hand,0.5215947031974792,0.6855894923210144,0.1753731369972229,0.0217167679220438,1.0,1.0,0.99853515625
geometry_dropout,test_seen,1279,val:2008_007507:part_0,2008_007507,aeroplane,body,body,0.1840490847826004,0.3108808398246765,0.4634920656681061,0.32568806409835815,1.0,1.0,1.0
geometry_dropout,test_seen,1280,val:2008_007507:part_1,2008_007507,aeroplane,stern,stern,0.0,0.0,0.515625,0.12844036519527435,1.0,1.0,0.99951171875
geometry_dropout,test_seen,1281,val:2008_007507:part_2,2008_007507,aeroplane,wing,wing,0.36199095845222473,0.5315614342689514,0.45812806487083435,0.44954127073287964,0.7890625,1.0,0.0002472400665283203
geometry_dropout,test_seen,1282,val:2008_007507:part_5,2008_007507,aeroplane,wheel,wheel,0.10526315867900848,0.190476194024086,0.0,0.059633027762174606,1.0,1.0,0.9970703125
geometry_dropout,test_seen,1283,val:2008_007527:part_115,2008_007527,tvmonitor,screen,screen,0.7437916398048401,0.8530739545822144,0.09958506375551224,0.8297625780105591,1.0,1.0,1.0
geometry_dropout,test_seen,1284,val:2008_007548:part_42,2008_007548,cat,tail,tail,0.5710455775260925,0.7269624471664429,0.3885088860988617,0.10371589660644531,0.9697265625,1.0,0.0005617141723632812
geometry_dropout,test_seen,1285,val:2008_007548:part_43,2008_007548,cat,head,head,0.3935264050960541,0.5647921562194824,0.2163543403148651,0.05432737618684769,1.0,1.0,1.0
geometry_dropout,test_seen,1286,val:2008_007548:part_45,2008_007548,cat,torso,torso,0.6559260487556458,0.7922165989875793,0.11855380982160568,0.5507996082305908,1.0,1.0,1.0
geometry_dropout,test_seen,1287,val:2008_007548:part_47,2008_007548,cat,leg,leg,0.42395004630088806,0.5954563617706299,0.375,0.24012228846549988,1.0,1.0,1.0
geometry_dropout,test_seen,1288,val:2008_007548:part_49,2008_007548,cat,paw,paw,0.32087913155555725,0.48585689067840576,0.5538461804389954,0.03433678299188614,0.9912109375,1.0,0.0014209747314453125
geometry_dropout,test_seen,1289,val:2008_007548:part_50,2008_007548,cat,ear,ear,0.0,0.0,0.17222222685813904,0.009642520919442177,0.0033893585205078125,0.998046875,0.0
geometry_dropout,test_seen,1290,val:2008_007596:part_51,2008_007596,cow,tail,tail,0.07777778059244156,0.14432989060878754,0.4588235318660736,0.011928429827094078,0.9697265625,1.0,0.0005617141723632812
geometry_dropout,test_seen,1291,val:2008_007596:part_52,2008_007596,cow,head,head,0.42500001192092896,0.5964912176132202,0.1666666716337204,0.05069582536816597,1.0,1.0,1.0
geometry_dropout,test_seen,1292,val:2008_007596:part_54,2008_007596,cow,torso,torso,0.6961063742637634,0.8208286762237549,0.19416499137878418,0.7872763276100159,1.0,1.0,1.0
geometry_dropout,test_seen,1293,val:2008_007596:part_55,2008_007596,cow,neck,neck,0.1818181872367859,0.3076923191547394,0.269565224647522,0.042743537575006485,1.0,1.0,1.0
geometry_dropout,test_seen,1294,val:2008_007596:part_56,2008_007596,cow,leg,leg,0.18518517911434174,0.3125,0.3258785903453827,0.07057654112577438,1.0,1.0,1.0
geometry_dropout,test_seen,1295,val:2008_007596:part_57,2008_007596,cow,ear,ear,0.0,0.0,0.0,0.000994035741314292,0.0033893585205078125,0.998046875,0.0
geometry_dropout,test_seen,1296,val:2008_007596:part_58,2008_007596,cow,muzzle,muzzle,0.14782609045505524,0.25757575035095215,0.34285715222358704,0.026838965713977814,0.95166015625,1.0,0.0015668869018554688
geometry_dropout,test_seen,1297,val:2008_007737:part_20,2008_007737,bottle,body,body,0.1484653800725937,0.2585456669330597,0.5435759425163269,0.5629965662956238,1.0,1.0,1.0
geometry_dropout,test_seen,1298,val:2008_007797:part_22,2008_007797,bus,wheel,wheel,0.45188283920288086,0.6224783658981323,0.2292993664741516,0.01324228011071682,1.0,1.0,0.9970703125
geometry_dropout,test_seen,1299,val:2008_007797:part_25,2008_007797,bus,side,side,0.5581275820732117,0.7164080739021301,0.0905960276722908,0.13557006418704987,1.0,1.0,0.99755859375
geometry_dropout,test_seen,1300,val:2008_007797:part_26,2008_007797,bus,back,back,0.8010122179985046,0.889513373374939,0.06805293262004852,0.6407957077026367,1.0,1.0,1.0
geometry_dropout,test_seen,1301,val:2008_007797:part_31,2008_007797,bus,window,window,0.7172446846961975,0.835343599319458,0.016018306836485863,0.18984560668468475,0.99951171875,1.0,0.99365234375
geometry_dropout,test_seen,1302,val:2008_007804:part_22,2008_007804,bus,wheel,wheel,0.0,0.0,1.0,0.018518518656492233,1.0,1.0,0.9970703125
geometry_dropout,test_seen,1303,val:2008_007804:part_24,2008_007804,bus,front,front,0.23043477535247803,0.37455829977989197,0.05128205195069313,0.32592591643333435,1.0,1.0,1.0
geometry_dropout,test_seen,1304,val:2008_007804:part_25,2008_007804,bus,side,side,0.10204081982374191,0.18518517911434174,0.21686747670173645,0.385185182094574,1.0,1.0,0.99755859375
geometry_dropout,test_seen,1305,val:2008_007804:part_31,2008_007804,bus,window,window,0.0,0.0,0.0,0.27037036418914795,0.99951171875,1.0,0.99365234375
geometry_dropout,test_seen,1306,val:2008_007811:part_20,2008_007811,bottle,body,body,0.8767860531806946,0.934348464012146,0.08152768015861511,0.9536304473876953,1.0,1.0,1.0
geometry_dropout,test_seen,1307,val:2008_007811:part_21,2008_007811,bottle,cap,cap,0.4464646577835083,0.6173184514045715,0.3298968970775604,0.016034984961152077,1.0,1.0,0.99853515625
geometry_dropout,test_seen,1308,val:2008_007828:part_115,2008_007828,tvmonitor,screen,screen,0.02857142873108387,0.0555555559694767,0.43529412150382996,0.25470513105392456,1.0,1.0,1.0
geometry_dropout,test_seen,1309,val:2008_007836:part_0,2008_007836,aeroplane,body,body,0.21086262166500092,0.3482849597930908,0.4901960790157318,0.37244898080825806,1.0,1.0,1.0
geometry_dropout,test_seen,1310,val:2008_007836:part_1,2008_007836,aeroplane,stern,stern,0.08579881489276886,0.1580381542444229,0.48765432834625244,0.21938775479793549,1.0,1.0,0.99951171875
geometry_dropout,test_seen,1311,val:2008_007836:part_2,2008_007836,aeroplane,wing,wing,0.2838428020477295,0.442176878452301,0.3899082541465759,0.3877550959587097,0.7890625,1.0,0.0002472400665283203
geometry_dropout,test_seen,1312,val:2008_007945:part_70,2008_007945,horse,tail,tail,0.3752955198287964,0.545767068862915,0.15958450734615326,0.08860316872596741,0.9697265625,1.0,0.0005617141723632812
geometry_dropout,test_seen,1313,val:2008_007945:part_71,2008_007945,horse,head,head,0.0,0.0,0.171875,0.07441827654838562,1.0,1.0,1.0
geometry_dropout,test_seen,1314,val:2008_007945:part_73,2008_007945,horse,torso,torso,0.34288489818573,0.5106690526008606,0.06257165968418121,0.3462371528148651,1.0,1.0,1.0
geometry_dropout,test_seen,1315,val:2008_007945:part_74,2008_007945,horse,neck,neck,0.010366826318204403,0.02052091620862484,0.0,0.0776325911283493,1.0,1.0,1.0
geometry_dropout,test_seen,1316,val:2008_007945:part_75,2008_007945,horse,leg,leg,0.11635565012693405,0.20845624804496765,0.3743157982826233,0.11830060929059982,1.0,1.0,1.0
geometry_dropout,test_seen,1317,val:2008_007945:part_76,2008_007945,horse,ear,ear,0.0,0.0,0.03125,0.004262455273419619,0.0033893585205078125,0.998046875,0.0
geometry_dropout,test_seen,1318,val:2008_007994:part_87,2008_007994,person,leg,leg,0.0,0.0,0.0,0.00011156356049468741,1.0,1.0,1.0
geometry_dropout,test_seen,1319,val:2008_007994:part_88,2008_007994,person,foot,foot,0.0,0.0,0.0,0.00011157600965816528,1.0,1.0,0.81298828125
geometry_dropout,test_seen,1320,val:2008_008221:part_83,2008_008221,person,head,head,0.011363636702299118,0.02247191034257412,0.5,0.05757776275277138,1.0,1.0,1.0
geometry_dropout,test_seen,1321,val:2008_008221:part_85,2008_008221,person,torso,torso,0.5072916746139526,0.6731168031692505,0.07371007651090622,0.4189278483390808,1.0,1.0,1.0
geometry_dropout,test_seen,1322,val:2008_008221:part_87,2008_008221,person,leg,leg,0.4483985900878906,0.6191646456718445,0.43266475200653076,0.3461284041404724,1.0,1.0,1.0
geometry_dropout,test_seen,1323,val:2008_008221:part_90,2008_008221,person,ear,ear,0.0,0.0,0.0,0.001985440030694008,0.0033893585205078125,0.998046875,0.0
geometry_dropout,test_seen,1324,val:2008_008221:part_93,2008_008221,person,hair,hair,0.060975611209869385,0.1149425283074379,0.4695121943950653,0.006618133746087551,1.0,1.0,0.998046875
geometry_dropout,test_seen,1325,val:2008_008221:part_94,2008_008221,person,lower arm,lower arm,0.23265306651592255,0.37748345732688904,0.19480518996715546,0.046988748013973236,0.99462890625,1.0,0.02752685546875
geometry_dropout,test_seen,1326,val:2008_008221:part_95,2008_008221,person,upper arm,upper arm,0.1900237500667572,0.31936126947402954,0.15561959147453308,0.1019192561507225,0.958984375,1.0,0.0012845993041992188
geometry_dropout,test_seen,1327,val:2008_008221:part_96,2008_008221,person,hand,hand,0.028368793427944183,0.05517241358757019,0.39007091522216797,0.0026472534518688917,1.0,1.0,0.99853515625
geometry_dropout,test_seen,1328,val:2008_008221:part_109,2008_008221,train,head,head,0.0,0.0,0.5343839526176453,7.641754200449213e-05,1.0,1.0,1.0
geometry_dropout,test_seen,1329,val:2008_008252:part_23,2008_008252,bus,headlight,headlight,0.25,0.4000000059604645,0.08080808073282242,0.016414746642112732,1.0,1.0,0.99755859375
geometry_dropout,test_seen,1330,val:2008_008252:part_24,2008_008252,bus,front,front,0.7902752161026001,0.8828533291816711,0.07351412624120712,0.6108337044715881,1.0,1.0,1.0
geometry_dropout,test_seen,1331,val:2008_008252:part_28,2008_008252,bus,mirror,mirror,0.13432836532592773,0.2368421107530594,0.3297872245311737,0.00943847931921482,0.05572509765625,0.9814453125,4.112720489501953e-06
geometry_dropout,test_seen,1332,val:2008_008252:part_30,2008_008252,bus,door,door,0.12631578743457794,0.22429905831813812,0.03896103799343109,0.03310307115316391,0.204833984375,0.9970703125,2.777576446533203e-05
geometry_dropout,test_seen,1333,val:2008_008252:part_31,2008_008252,bus,window,window,0.7787566781044006,0.875619113445282,0.03913697972893715,0.32296013832092285,0.99951171875,1.0,0.99365234375
geometry_dropout,test_seen,1334,val:2008_008296:part_70,2008_008296,horse,tail,tail,0.0,0.0,0.9473684430122375,0.17272727191448212,0.9697265625,1.0,0.0005617141723632812
geometry_dropout,test_seen,1335,val:2008_008296:part_71,2008_008296,horse,head,head,0.0,0.0,0.09740259498357773,0.05454545468091965,1.0,1.0,1.0
geometry_dropout,test_seen,1336,val:2008_008296:part_73,2008_008296,horse,torso,torso,0.1826484054327011,0.3088802993297577,0.3855421543121338,0.5333333611488342,1.0,1.0,1.0
geometry_dropout,test_seen,1337,val:2008_008296:part_74,2008_008296,horse,neck,neck,0.0,0.0,0.2804878056049347,0.08787878602743149,1.0,1.0,1.0
geometry_dropout,test_seen,1338,val:2008_008296:part_75,2008_008296,horse,leg,leg,0.0,0.0,0.0,0.08787878602743149,1.0,1.0,1.0
geometry_dropout,test_seen,1339,val:2008_008296:part_77,2008_008296,horse,muzzle,muzzle,0.0,0.0,0.024390242993831635,0.03333333507180214,0.95166015625,1.0,0.0015668869018554688
geometry_dropout,test_seen,1340,val:2008_008301:part_22,2008_008301,bus,wheel,wheel,0.4898621141910553,0.6575939059257507,0.07929883152246475,0.04435651749372482,1.0,1.0,0.9970703125
geometry_dropout,test_seen,1341,val:2008_008301:part_25,2008_008301,bus,side,side,0.9284238219261169,0.9628835916519165,0.028373749926686287,0.9498819708824158,1.0,1.0,0.99755859375
geometry_dropout,test_seen,1342,val:2008_008335:part_83,2008_008335,person,head,head,0.5595505833625793,0.7175792455673218,0.07629796862602234,0.08209052681922913,1.0,1.0,1.0
geometry_dropout,test_seen,1343,val:2008_008335:part_84,2008_008335,person,eye,eye,0.0917721539735794,0.16811594367027283,0.0,0.00399005739018321,0.5927734375,0.99951171875,0.00018668174743652344
geometry_dropout,test_seen,1344,val:2008_008335:part_85,2008_008335,person,torso,torso,0.7380843758583069,0.8493078947067261,0.07322654128074646,0.31783097982406616,1.0,1.0,1.0
geometry_dropout,test_seen,1345,val:2008_008335:part_86,2008_008335,person,neck,neck,0.42456141114234924,0.5960590839385986,0.05415162444114685,0.01687598042190075,1.0,1.0,1.0
geometry_dropout,test_seen,1346,val:2008_008335:part_89,2008_008335,person,nose,nose,0.38081395626068115,0.551578938961029,0.0117647061124444,0.008830455131828785,0.08404541015625,0.99853515625,5.364418029785156e-07
geometry_dropout,test_seen,1347,val:2008_008335:part_90,2008_008335,person,ear,ear,0.5433526039123535,0.704119861125946,0.12751677632331848,0.007718471810221672,0.0033893585205078125,0.998046875,0.0
geometry_dropout,test_seen,1348,val:2008_008335:part_91,2008_008335,person,eyebrow,eyebrow,0.12444444745779037,0.22134387493133545,0.0,0.0031397175043821335,9.763240814208984e-05,0.09027099609375,0.0
geometry_dropout,test_seen,1349,val:2008_008335:part_92,2008_008335,person,mouth,mouth,0.40666666626930237,0.578199028968811,0.0,0.004120879340916872,1.0,1.0,0.9970703125
geometry_dropout,test_seen,1350,val:2008_008335:part_93,2008_008335,person,hair,hair,0.7475765943527222,0.8555580377578735,0.15396639704704285,0.12742020189762115,1.0,1.0,0.998046875
geometry_dropout,test_seen,1351,val:2008_008335:part_94,2008_008335,person,lower arm,lower arm,0.47826087474823,0.6470588445663452,0.08329126983880997,0.1300366371870041,0.99462890625,1.0,0.02752685546875
geometry_dropout,test_seen,1352,val:2008_008335:part_95,2008_008335,person,upper arm,upper arm,0.6077567934989929,0.756030797958374,0.08414959907531738,0.20781004428863525,0.958984375,1.0,0.0012845993041992188
geometry_dropout,test_seen,1353,val:2008_008335:part_96,2008_008335,person,hand,hand,0.4188956022262573,0.590453028678894,0.20248116552829742,0.067503921687603,1.0,1.0,0.99853515625
geometry_dropout,test_seen,1354,val:2008_008362:part_20,2008_008362,bottle,body,body,0.0,0.0,0.0,0.269565224647522,1.0,1.0,1.0
geometry_dropout,test_seen,1355,val:2008_008362:part_21,2008_008362,bottle,cap,cap,0.0,0.0,1.0,0.008695651777088642,1.0,1.0,0.99853515625
geometry_dropout,test_seen,1356,val:2008_008392:part_70,2008_008392,horse,tail,tail,0.0,0.0,0.0,0.005654632579535246,0.9697265625,1.0,0.0005617141723632812
geometry_dropout,test_seen,1357,val:2008_008392:part_71,2008_008392,horse,head,head,0.5689277648925781,0.7252440452575684,0.09009008854627609,0.08351457118988037,1.0,1.0,1.0
geometry_dropout,test_seen,1358,val:2008_008392:part_72,2008_008392,horse,eye,eye,0.0,0.0,0.0,0.0010874293511733413,0.5927734375,0.99951171875,0.00018668174743652344
geometry_dropout,test_seen,1359,val:2008_008392:part_73,2008_008392,horse,torso,torso,0.6341844797134399,0.7761479616165161,0.1616029292345047,0.5337103009223938,1.0,1.0,1.0
geometry_dropout,test_seen,1360,val:2008_008392:part_74,2008_008392,horse,neck,neck,0.6739130616188049,0.8051947951316833,0.1520467847585678,0.16202697157859802,1.0,1.0,1.0
geometry_dropout,test_seen,1361,val:2008_008392:part_75,2008_008392,horse,leg,leg,0.4662781059741974,0.636002242565155,0.36895909905433655,0.14897781610488892,1.0,1.0,1.0
geometry_dropout,test_seen,1362,val:2008_008392:part_77,2008_008392,horse,muzzle,muzzle,0.4357142746448517,0.606965184211731,0.1756756752729416,0.027620704844594002,0.95166015625,1.0,0.0015668869018554688
geometry_dropout,test_seen,1363,val:2008_008392:part_78,2008_008392,horse,hoof,hoof,0.09375,0.17142857611179352,0.782608687877655,0.012831665575504303,0.99658203125,1.0,0.026458740234375
geometry_dropout,test_seen,1364,val:2008_008393:part_71,2008_008393,horse,head,head,0.5266209244728088,0.6899170875549316,0.01886182278394699,0.37401852011680603,1.0,1.0,1.0
geometry_dropout,test_seen,1365,val:2008_008393:part_72,2008_008393,horse,eye,eye,0.13374805450439453,0.2359396368265152,0.0,0.006193091627210379,0.5927734375,0.99951171875,0.00018668174743652344
geometry_dropout,test_seen,1366,val:2008_008393:part_73,2008_008393,horse,torso,torso,0.8407036662101746,0.9134590029716492,0.024766262620687485,0.32753345370292664,1.0,1.0,1.0
geometry_dropout,test_seen,1367,val:2008_008393:part_77,2008_008393,horse,muzzle,muzzle,0.809717059135437,0.8948548436164856,0.024819277226924896,0.2858406901359558,0.95166015625,1.0,0.0015668869018554688
geometry_dropout,test_seen,1368,val:2008_008421:part_71,2008_008421,horse,head,head,0.639468252658844,0.7800922393798828,0.07841907441616058,0.4062059223651886,1.0,1.0,1.0
geometry_dropout,test_seen,1369,val:2008_008421:part_72,2008_008421,horse,eye,eye,0.21789883077144623,0.35782748460769653,0.0,0.004454012494534254,0.5927734375,0.99951171875,0.00018668174743652344
geometry_dropout,test_seen,1370,val:2008_008421:part_73,2008_008421,horse,torso,torso,0.045477014034986496,0.0869976356625557,0.16330911219120026,0.02145349234342575,1.0,1.0,1.0
geometry_dropout,test_seen,1371,val:2008_008421:part_74,2008_008421,horse,neck,neck,0.6805297136306763,0.8098990321159363,0.10135996341705322,0.2535817623138428,1.0,1.0,1.0
geometry_dropout,test_seen,1372,val:2008_008421:part_76,2008_008421,horse,ear,ear,0.49152541160583496,0.6590909361839294,0.25362318754196167,0.05433895066380501,0.0033893585205078125,0.998046875,0.0
geometry_dropout,test_seen,1373,val:2008_008421:part_77,2008_008421,horse,muzzle,muzzle,0.6857481002807617,0.8135831356048584,0.12703131139278412,0.2593719959259033,0.95166015625,1.0,0.0015668869018554688
geometry_dropout,test_seen,1374,val:2008_008434:part_97,2008_008434,pottedplant,pot,pot,0.3756338357925415,0.5461246967315674,0.17645034193992615,0.2325415164232254,1.0,1.0,0.9990234375
geometry_dropout,test_seen,1375,val:2008_008434:part_98,2008_008434,pottedplant,plant,plant,0.7277675867080688,0.8424369096755981,0.0712689757347107,0.7505773901939392,1.0,1.0,1.0
geometry_dropout,test_seen,1376,val:2008_008469:part_22,2008_008469,bus,wheel,wheel,0.0,0.0,1.0,0.003787684952840209,1.0,1.0,0.9970703125
geometry_dropout,test_seen,1377,val:2008_008469:part_23,2008_008469,bus,headlight,headlight,0.41411763429641724,0.5856904983520508,0.06788511574268341,0.011158314533531666,1.0,1.0,0.99755859375
geometry_dropout,test_seen,1378,val:2008_008469:part_24,2008_008469,bus,front,front,0.3440539538860321,0.5119644999504089,0.14038537442684174,0.13999079167842865,1.0,1.0,1.0
geometry_dropout,test_seen,1379,val:2008_008469:part_25,2008_008469,bus,side,side,0.4126299321651459,0.5842010378837585,0.14460386335849762,0.3818395733833313,1.0,1.0,0.99755859375
geometry_dropout,test_seen,1380,val:2008_008469:part_28,2008_008469,bus,mirror,mirror,0.0,0.0,0.0,0.004811383318156004,0.05572509765625,0.9814453125,4.112720489501953e-06
geometry_dropout,test_seen,1381,val:2008_008469:part_30,2008_008469,bus,door,door,0.3584468960762024,0.5277304649353027,0.05178173631429672,0.17310743033885956,0.204833984375,0.9970703125,2.777576446533203e-05
geometry_dropout,test_seen,1382,val:2008_008469:part_31,2008_008469,bus,window,window,0.46007710695266724,0.6302093267440796,0.054495394229888916,0.2751701772212982,0.99951171875,1.0,0.99365234375
geometry_dropout,test_seen,1383,val:2008_008629:part_6,2008_008629,bicycle,wheel,wheel,0.0005274261347949505,0.0010542962700128555,0.5740432739257812,0.05879899859428406,1.0,1.0,0.9970703125
geometry_dropout,test_seen,1384,val:2008_008629:part_7,2008_008629,bicycle,saddle,saddle,0.0,0.0,0.6363636255264282,0.0033361134119331837,1.0,1.0,0.99951171875
geometry_dropout,test_seen,1385,val:2008_008629:part_8,2008_008629,bicycle,handlebar,handlebar,0.0,0.0,0.8780096173286438,0.004795663058757782,1.0,1.0,0.9990234375
geometry_dropout,test_seen,1386,val:2008_008629:part_9,2008_008629,bicycle,chainwheel,chainwheel,0.0,0.0,0.46069180965423584,0.00917431153357029,0.984375,1.0,0.01009368896484375
geometry_dropout,test_seen,1387,val:2008_008682:part_22,2008_008682,bus,wheel,wheel,0.18913480639457703,0.31810489296913147,0.11157024651765823,0.013153042644262314,1.0,1.0,0.9970703125
geometry_dropout,test_seen,1388,val:2008_008682:part_23,2008_008682,bus,headlight,headlight,0.0,0.0,0.018987340852618217,0.001598033239133656,1.0,1.0,0.99755859375
geometry_dropout,test_seen,1389,val:2008_008682:part_24,2008_008682,bus,front,front,0.3934553861618042,0.564719021320343,0.07948718219995499,0.15205900371074677,1.0,1.0,1.0
geometry_dropout,test_seen,1390,val:2008_008682:part_25,2008_008682,bus,side,side,0.2798730432987213,0.4373449981212616,0.04945468157529831,0.18893669545650482,1.0,1.0,0.99755859375
geometry_dropout,test_seen,1391,val:2008_008682:part_28,2008_008682,bus,mirror,mirror,0.0,0.0,0.1111111119389534,0.0027043637819588184,0.05572509765625,0.9814453125,4.112720489501953e-06
geometry_dropout,test_seen,1392,val:2008_008682:part_29,2008_008682,bus,license plate,license plate,0.0,0.0,0.0,0.0004917025216855109,1.0,1.0,0.99609375
geometry_dropout,test_seen,1393,val:2008_008682:part_30,2008_008682,bus,door,door,0.0,0.0,0.0044052861630916595,0.00774431461468339,0.204833984375,0.9970703125,2.777576446533203e-05
geometry_dropout,test_seen,1394,val:2008_008682:part_31,2008_008682,bus,window,window,0.041233766824007034,0.07920174300670624,0.05374203994870186,0.08543331176042557,0.99951171875,1.0,0.99365234375
geometry_dropout,test_seen,1395,val:2008_008711:part_6,2008_008711,bicycle,wheel,wheel,0.02158273383975029,0.0422535203397274,0.7763975262641907,0.5820444822311401,1.0,1.0,0.9970703125
geometry_dropout,test_seen,1396,val:2008_008711:part_7,2008_008711,bicycle,saddle,saddle,0.3776721954345703,0.548275887966156,0.603960394859314,0.06639004498720169,1.0,1.0,0.99951171875
geometry_dropout,test_seen,1397,val:2008_008711:part_8,2008_008711,bicycle,handlebar,handlebar,0.0,0.0,0.6136865615844727,0.03281780332326889,1.0,1.0,0.9990234375
geometry_dropout,test_seen,1398,val:2008_008711:part_9,2008_008711,bicycle,chainwheel,chainwheel,0.2295081913471222,0.3733333349227905,0.729264497756958,0.07016219943761826,0.984375,1.0,0.01009368896484375
geometry_dropout,test_seen,1399,val:2009_000012:part_70,2009_000012,horse,tail,tail,0.6466552019119263,0.7854166626930237,0.042435422539711,0.0804310142993927,0.9697265625,1.0,0.0005617141723632812
geometry_dropout,test_seen,1400,val:2009_000012:part_71,2009_000012,horse,head,head,0.5570470094680786,0.7155172228813171,0.1107325404882431,0.06561477482318878,1.0,1.0,1.0
geometry_dropout,test_seen,1401,val:2009_000012:part_72,2009_000012,horse,eye,eye,0.0,0.0,0.0,0.0005772560834884644,0.5927734375,0.99951171875,0.00018668174743652344
geometry_dropout,test_seen,1402,val:2009_000012:part_73,2009_000012,horse,torso,torso,0.6199725866317749,0.7654111981391907,0.14887112379074097,0.5458918809890747,1.0,1.0,1.0
geometry_dropout,test_seen,1403,val:2009_000012:part_74,2009_000012,horse,neck,neck,0.6418269276618958,0.7818447947502136,0.20298878848552704,0.10833173245191574,1.0,1.0,1.0
geometry_dropout,test_seen,1404,val:2009_000012:part_75,2009_000012,horse,leg,leg,0.3876788914203644,0.5587443709373474,0.21092669665813446,0.15085625648498535,1.0,1.0,1.0
geometry_dropout,test_seen,1405,val:2009_000012:part_76,2009_000012,horse,ear,ear,0.032967034727334976,0.06382978707551956,0.4171428680419922,0.002501443028450012,0.0033893585205078125,0.998046875,0.0
geometry_dropout,test_seen,1406,val:2009_000012:part_77,2009_000012,horse,muzzle,muzzle,0.09285714477300644,0.16993464529514313,0.0,0.02289782650768757,0.95166015625,1.0,0.0015668869018554688
geometry_dropout,test_seen,1407,val:2009_000013:part_43,2009_000013,cat,head,head,0.2259475290775299,0.3686088025569916,0.0555555559694767,0.06890527904033661,1.0,1.0,1.0
geometry_dropout,test_seen,1408,val:2009_000013:part_44,2009_000013,cat,eye,eye,0.0,0.0,0.0,0.000776397529989481,0.5927734375,0.99951171875,0.00018668174743652344
geometry_dropout,test_seen,1409,val:2009_000013:part_45,2009_000013,cat,torso,torso,0.2525516748428345,0.4032595157623291,0.14249147474765778,0.2465062141418457,1.0,1.0,1.0
geometry_dropout,test_seen,1410,val:2009_000013:part_46,2009_000013,cat,neck,neck,0.017182130366563797,0.03378378227353096,0.025531914085149765,0.011840062215924263,1.0,1.0,1.0
geometry_dropout,test_seen,1411,val:2009_000013:part_47,2009_000013,cat,leg,leg,0.14194373786449432,0.24860022962093353,0.46284225583076477,0.04891304299235344,1.0,1.0,1.0
geometry_dropout,test_seen,1412,val:2009_000013:part_48,2009_000013,cat,nose,nose,0.0,0.0,0.0,0.000776397529989481,0.08404541015625,0.99853515625,5.364418029785156e-07
geometry_dropout,test_seen,1413,val:2009_000013:part_49,2009_000013,cat,paw,paw,0.013274336233735085,0.026200873777270317,0.9781420826911926,0.008928571827709675,0.9912109375,1.0,0.0014209747314453125
geometry_dropout,test_seen,1414,val:2009_000013:part_50,2009_000013,cat,ear,ear,0.15566037595272064,0.26938775181770325,0.5258620977401733,0.027562111616134644,0.0033893585205078125,0.998046875,0.0
geometry_dropout,test_seen,1415,val:2009_000022:part_109,2009_000022,train,head,head,0.0,0.0,0.029411764815449715,0.016877636313438416,1.0,1.0,1.0
geometry_dropout,test_seen,1416,val:2009_000022:part_110,2009_000022,train,front,front,0.4361809194087982,0.6074177622795105,0.1869346797466278,0.22890295088291168,1.0,1.0,1.0
geometry_dropout,test_seen,1417,val:2009_000022:part_111,2009_000022,train,side,side,0.5881731510162354,0.7406914830207825,0.2169869840145111,0.7357594966888428,1.0,1.0,0.99755859375
geometry_dropout,test_seen,1418,val:2009_000022:part_114,2009_000022,train,coach,coach,0.006246095988899469,0.01241464912891388,0.10081402957439423,0.007383966352790594,1.0,1.0,1.0
geometry_dropout,test_seen,1419,val:2009_000080:part_42,2009_000080,cat,tail,tail,0.438914030790329,0.6100628972053528,0.27970296144485474,0.1401630938053131,0.9697265625,1.0,0.0005617141723632812
geometry_dropout,test_seen,1420,val:2009_000080:part_43,2009_000080,cat,head,head,0.37479540705680847,0.5452380776405334,0.08849557489156723,0.07008154690265656,1.0,1.0,1.0
geometry_dropout,test_seen,1421,val:2009_000080:part_44,2009_000080,cat,eye,eye,0.0,0.0,0.0,0.0007645260193385184,0.5927734375,0.99951171875,0.00018668174743652344
geometry_dropout,test_seen,1422,val:2009_000080:part_45,2009_000080,cat,torso,torso,0.7873789668083191,0.8810431361198425,0.08903605490922928,0.5777267813682556,1.0,1.0,1.0
geometry_dropout,test_seen,1423,val:2009_000080:part_46,2009_000080,cat,neck,neck,0.22873346507549286,0.372307687997818,0.07382550090551376,0.051732923835515976,1.0,1.0,1.0
geometry_dropout,test_seen,1424,val:2009_000080:part_47,2009_000080,cat,leg,leg,0.4858756959438324,0.6539924144744873,0.23863635957241058,0.08868501335382462,1.0,1.0,1.0
geometry_dropout,test_seen,1425,val:2009_000080:part_49,2009_000080,cat,paw,paw,0.22535210847854614,0.36781609058380127,0.6205357313156128,0.031600408256053925,0.9912109375,1.0,0.0014209747314453125
geometry_dropout,test_seen,1426,val:2009_000080:part_50,2009_000080,cat,ear,ear,0.28231292963027954,0.4403183162212372,0.35185185074806213,0.027268093079328537,0.0033893585205078125,0.998046875,0.0
geometry_dropout,test_seen,1427,val:2009_000121:part_20,2009_000121,bottle,body,body,0.15743716061115265,0.27204442024230957,0.09002885222434998,0.163834810256958,1.0,1.0,1.0
geometry_dropout,test_seen,1428,val:2009_000136:part_115,2009_000136,tvmonitor,screen,screen,0.5765306353569031,0.7313916087150574,0.0007446016534231603,0.45504993200302124,1.0,1.0,1.0
geometry_dropout,test_seen,1429,val:2009_000149:part_6,2009_000149,bicycle,wheel,wheel,0.06734250485897064,0.1261872500181198,0.8454545736312866,0.4960390031337738,1.0,1.0,0.9970703125
geometry_dropout,test_seen,1430,val:2009_000149:part_7,2009_000149,bicycle,saddle,saddle,0.5584415793418884,0.7166666388511658,0.2916666567325592,0.10237660259008408,1.0,1.0,0.99951171875
geometry_dropout,test_seen,1431,val:2009_000149:part_8,2009_000149,bicycle,handlebar,handlebar,0.043624162673950195,0.08360128849744797,0.8541666865348816,0.10176721215248108,1.0,1.0,0.9990234375
geometry_dropout,test_seen,1432,val:2009_000149:part_9,2009_000149,bicycle,chainwheel,chainwheel,0.020576132461428642,0.04032257944345474,0.4384615421295166,0.07190737128257751,0.984375,1.0,0.01009368896484375
geometry_dropout,test_seen,1433,val:2009_000201:part_20,2009_000201,bottle,body,body,0.7465517520904541,0.8548864722251892,0.2136487066745758,0.9297792315483093,1.0,1.0,1.0
geometry_dropout,test_seen,1434,val:2009_000201:part_21,2009_000201,bottle,cap,cap,0.43589743971824646,0.6071428656578064,0.36858972907066345,0.031939879059791565,1.0,1.0,0.99853515625
geometry_dropout,test_seen,1435,val:2009_000205:part_0,2009_000205,aeroplane,body,body,0.42568808794021606,0.5971686244010925,0.4439930319786072,0.6069237589836121,1.0,1.0,1.0
geometry_dropout,test_seen,1436,val:2009_000205:part_1,2009_000205,aeroplane,stern,stern,0.5324074029922485,0.69486403465271,0.3169761300086975,0.35451358556747437,1.0,1.0,0.99951171875
geometry_dropout,test_seen,1437,val:2009_000205:part_4,2009_000205,aeroplane,engine,engine,0.004694835748523474,0.009345794096589088,0.8343558311462402,0.022348817437887192,1.0,1.0,0.99365234375
geometry_dropout,test_seen,1438,val:2009_000219:part_52,2009_000219,cow,head,head,0.4798901379108429,0.6485483050346375,0.0742427259683609,0.21213926374912262,1.0,1.0,1.0
geometry_dropout,test_seen,1439,val:2009_000219:part_53,2009_000219,cow,eye,eye,0.45502644777297974,0.6254545450210571,0.0,0.00859794020652771,0.5927734375,0.99951171875,0.00018668174743652344
geometry_dropout,test_seen,1440,val:2009_000219:part_54,2009_000219,cow,torso,torso,0.7549426555633545,0.860361635684967,0.11831329762935638,0.4106580317020416,1.0,1.0,1.0
geometry_dropout,test_seen,1441,val:2009_000219:part_57,2009_000219,cow,ear,ear,0.25944840908050537,0.4120032489299774,0.06930693238973618,0.053375329822301865,0.0033893585205078125,0.998046875,0.0
geometry_dropout,test_seen,1442,val:2009_000219:part_58,2009_000219,cow,muzzle,muzzle,0.7623493075370789,0.8651511669158936,0.08639053255319595,0.16991572082042694,0.95166015625,1.0,0.0015668869018554688
geometry_dropout,test_seen,1443,val:2009_000219:part_83,2009_000219,person,head,head,0.0,0.0,0.25562915205955505,0.00012868356134276837,1.0,1.0,1.0
geometry_dropout,test_seen,1444,val:2009_000309:part_52,2009_000309,cow,head,head,0.5526315569877625,0.7118644118309021,0.052245646715164185,0.17553101480007172,1.0,1.0,1.0
geometry_dropout,test_seen,1445,val:2009_000309:part_53,2009_000309,cow,eye,eye,0.1603773534297943,0.27642276883125305,0.0,0.003228547051548958,0.5927734375,0.99951171875,0.00018668174743652344
geometry_dropout,test_seen,1446,val:2009_000309:part_54,2009_000309,cow,torso,torso,0.40163934230804443,0.5730994343757629,0.3705122172832489,0.16805437207221985,1.0,1.0,1.0
geometry_dropout,test_seen,1447,val:2009_000309:part_55,2009_000309,cow,neck,neck,0.1839863657951355,0.31079137325286865,0.33529412746429443,0.08920985460281372,1.0,1.0,1.0
geometry_dropout,test_seen,1448,val:2009_000309:part_56,2009_000309,cow,leg,leg,0.0,0.0,0.0,0.015293118543922901,1.0,1.0,1.0
geometry_dropout,test_seen,1449,val:2009_000309:part_57,2009_000309,cow,ear,ear,0.18558736145496368,0.31307244300842285,0.24085365235805511,0.036873407661914825,0.0033893585205078125,0.998046875,0.0
geometry_dropout,test_seen,1450,val:2009_000309:part_58,2009_000309,cow,muzzle,muzzle,0.5227920413017273,0.6866230368614197,0.14651162922382355,0.10858114063739777,0.95166015625,1.0,0.0015668869018554688
geometry_dropout,test_seen,1451,val:2009_000309:part_83,2009_000309,person,head,head,0.0,0.0,0.0962599664926529,0.00019743337179534137,1.0,1.0,1.0
geometry_dropout,test_seen,1452,val:2009_000335:part_22,2009_000335,bus,wheel,wheel,0.2165450155735016,0.35600000619888306,0.10924369841814041,0.011387163773179054,1.0,1.0,0.9970703125
geometry_dropout,test_seen,1453,val:2009_000335:part_23,2009_000335,bus,headlight,headlight,0.049808427691459656,0.09489051252603531,0.05645161122083664,0.0020703934133052826,1.0,1.0,0.99755859375
geometry_dropout,test_seen,1454,val:2009_000335:part_24,2009_000335,bus,front,front,0.5842785835266113,0.737595796585083,0.07662912458181381,0.23801560699939728,1.0,1.0,1.0
geometry_dropout,test_seen,1455,val:2009_000335:part_25,2009_000335,bus,side,side,0.38971826434135437,0.5608593821525574,0.07939359545707703,0.2767956554889679,1.0,1.0,0.99755859375
geometry_dropout,test_seen,1456,val:2009_000335:part_28,2009_000335,bus,mirror,mirror,0.09090909361839294,0.1666666716337204,0.0,0.0025481765624135733,0.05572509765625,0.9814453125,4.112720489501953e-06
geometry_dropout,test_seen,1457,val:2009_000335:part_29,2009_000335,bus,license plate,license plate,0.0,0.0,0.0,0.0005574136157520115,1.0,1.0,0.99609375
geometry_dropout,test_seen,1458,val:2009_000335:part_30,2009_000335,bus,door,door,0.5440806150436401,0.7047308087348938,0.0,0.034878164529800415,0.204833984375,0.9970703125,2.777576446533203e-05
geometry_dropout,test_seen,1459,val:2009_000335:part_31,2009_000335,bus,window,window,0.44696110486984253,0.6177928447723389,0.02333790995180607,0.20441153645515442,0.99951171875,1.0,0.99365234375
geometry_dropout,test_seen,1460,val:2009_000351:part_7,2009_000351,bicycle,saddle,saddle,0.2291666716337204,0.37288135290145874,0.7386503219604492,0.30176565051078796,1.0,1.0,0.99951171875
geometry_dropout,test_seen,1461,val:2009_000351:part_8,2009_000351,bicycle,handlebar,handlebar,0.1696428507566452,0.290076345205307,0.6539440155029297,0.210272878408432,1.0,1.0,0.9990234375
geometry_dropout,test_seen,1462,val:2009_000354:part_6,2009_000354,bicycle,wheel,wheel,0.33638429641723633,0.5034245252609253,0.4580913782119751,0.4305504560470581,1.0,1.0,0.9970703125
geometry_dropout,test_seen,1463,val:2009_000354:part_9,2009_000354,bicycle,chainwheel,chainwheel,0.4453055262565613,0.6162095069885254,0.39125150442123413,0.3423733711242676,0.984375,1.0,0.01009368896484375
geometry_dropout,test_seen,1464,val:2009_000387:part_0,2009_000387,aeroplane,body,body,0.5873485803604126,0.7400373220443726,0.1998913586139679,0.5012446045875549,1.0,1.0,1.0
geometry_dropout,test_seen,1465,val:2009_000387:part_1,2009_000387,aeroplane,stern,stern,0.6499999761581421,0.7878788113594055,0.17518247663974762,0.24779361486434937,1.0,1.0,0.99951171875
geometry_dropout,test_seen,1466,val:2009_000387:part_2,2009_000387,aeroplane,wing,wing,0.508664608001709,0.6743243336677551,0.08743169158697128,0.12785698473453522,0.7890625,1.0,0.0002472400665283203
geometry_dropout,test_seen,1467,val:2009_000387:part_3,2009_000387,aeroplane,tail,tail,0.0,0.0,0.0,0.0002262955385958776,0.9697265625,1.0,0.0005617141723632812
geometry_dropout,test_seen,1468,val:2009_000387:part_4,2009_000387,aeroplane,engine,engine,0.5795918107032776,0.7338501214981079,0.1419491469860077,0.06834125518798828,1.0,1.0,0.99365234375
geometry_dropout,test_seen,1469,val:2009_000387:part_5,2009_000387,aeroplane,wheel,wheel,0.059405941516160965,0.11214952915906906,0.7231404781341553,0.017877347767353058,1.0,1.0,0.9970703125
geometry_dropout,test_seen,1470,val:2009_000391:part_115,2009_000391,tvmonitor,screen,screen,0.8216426968574524,0.9020898342132568,0.020839717239141464,0.6332133412361145,1.0,1.0,1.0
geometry_dropout,test_seen,1471,val:2009_000412:part_71,2009_000412,horse,head,head,0.003565062303096056,0.007104795891791582,0.1759776473045349,0.019525669515132904,1.0,1.0,1.0
geometry_dropout,test_seen,1472,val:2009_000412:part_72,2009_000412,horse,eye,eye,0.0,0.0,0.0,0.0004762358439620584,0.5927734375,0.99951171875,0.00018668174743652344
geometry_dropout,test_seen,1473,val:2009_000412:part_73,2009_000412,horse,torso,torso,0.2640904188156128,0.41783469915390015,0.08652007579803467,0.1904943287372589,1.0,1.0,1.0
geometry_dropout,test_seen,1474,val:2009_000412:part_74,2009_000412,horse,neck,neck,0.12936170399188995,0.2290881723165512,0.042838018387556076,0.0552433580160141,1.0,1.0,1.0
geometry_dropout,test_seen,1475,val:2009_000412:part_75,2009_000412,horse,leg,leg,0.12241054326295853,0.21812079846858978,0.5353845953941345,0.05162396281957626,1.0,1.0,1.0
geometry_dropout,test_seen,1476,val:2009_000412:part_76,2009_000412,horse,ear,ear,0.14942528307437897,0.25999999046325684,0.7413793206214905,0.004000381100922823,0.0033893585205078125,0.998046875,0.0
geometry_dropout,test_seen,1477,val:2009_000412:part_77,2009_000412,horse,muzzle,muzzle,0.019823787733912468,0.038876891136169434,0.26764705777168274,0.011715401895344257,0.95166015625,1.0,0.0015668869018554688
geometry_dropout,test_seen,1478,val:2009_000412:part_78,2009_000412,horse,hoof,hoof,0.0,0.0,1.0,0.0012382131535559893,0.99658203125,1.0,0.026458740234375
geometry_dropout,test_seen,1479,val:2009_000418:part_97,2009_000418,pottedplant,pot,pot,0.42956119775772095,0.6009693145751953,0.3838120102882385,0.2802850306034088,1.0,1.0,0.9990234375
geometry_dropout,test_seen,1480,val:2009_000418:part_98,2009_000418,pottedplant,plant,plant,0.5440881848335266,0.7047371864318848,0.3270440399646759,0.6971496343612671,1.0,1.0,1.0
geometry_dropout,test_seen,1481,val:2009_000421:part_83,2009_000421,person,head,head,0.0,0.0,0.29411765933036804,0.00187265919521451,1.0,1.0,1.0
geometry_dropout,test_seen,1482,val:2009_000421:part_85,2009_000421,person,torso,torso,0.0,0.0,0.5744680762290955,0.05337078496813774,1.0,1.0,1.0
geometry_dropout,test_seen,1483,val:2009_000421:part_86,2009_000421,person,neck,neck,0.0,0.0,0.0,0.00749063678085804,1.0,1.0,1.0
geometry_dropout,test_seen,1484,val:2009_000421:part_87,2009_000421,person,leg,leg,0.0,0.0,0.6644295454025269,0.014044944196939468,1.0,1.0,1.0
geometry_dropout,test_seen,1485,val:2009_000421:part_88,2009_000421,person,foot,foot,0.0,0.0,0.0,0.018726591020822525,1.0,1.0,0.81298828125
geometry_dropout,test_seen,1486,val:2009_000421:part_93,2009_000421,person,hair,hair,0.0,0.0,0.2222222238779068,0.033707864582538605,1.0,1.0,0.998046875
geometry_dropout,test_seen,1487,val:2009_000421:part_94,2009_000421,person,lower arm,lower arm,0.0,0.0,0.9042553305625916,0.008426966145634651,0.99462890625,1.0,0.02752685546875
geometry_dropout,test_seen,1488,val:2009_000421:part_95,2009_000421,person,upper arm,upper arm,0.0,0.0,0.4166666567325592,0.02340823970735073,0.958984375,1.0,0.0012845993041992188
geometry_dropout,test_seen,1489,val:2009_000421:part_96,2009_000421,person,hand,hand,0.0,0.0,0.9268292784690857,0.000936329597607255,1.0,1.0,0.99853515625
geometry_dropout,test_seen,1490,val:2009_000426:part_22,2009_000426,bus,wheel,wheel,0.0,0.0,0.2189054787158966,0.002787289908155799,1.0,1.0,0.9970703125
geometry_dropout,test_seen,1491,val:2009_000426:part_23,2009_000426,bus,headlight,headlight,0.19230769574642181,0.32258063554763794,0.0442708320915699,0.008919327519834042,1.0,1.0,0.99755859375
geometry_dropout,test_seen,1492,val:2009_000426:part_24,2009_000426,bus,front,front,0.4322783946990967,0.6036233901977539,0.12314384430646896,0.22951342165470123,1.0,1.0,1.0
geometry_dropout,test_seen,1493,val:2009_000426:part_25,2009_000426,bus,side,side,0.2789302170276642,0.4361930191516876,0.10156923532485962,0.13227681815624237,1.0,1.0,0.99755859375
geometry_dropout,test_seen,1494,val:2009_000426:part_28,2009_000426,bus,mirror,mirror,0.0,0.0,0.0,0.00565421674400568,0.05572509765625,0.9814453125,4.112720489501953e-06
geometry_dropout,test_seen,1495,val:2009_000426:part_31,2009_000426,bus,window,window,0.44970986247062683,0.620413601398468,0.0044590928591787815,0.18611133098602295,0.99951171875,1.0,0.99365234375
geometry_dropout,test_seen,1496,val:2009_000440:part_0,2009_000440,aeroplane,body,body,0.6991509795188904,0.8229415416717529,0.0990883857011795,0.6580196022987366,1.0,1.0,1.0
geometry_dropout,test_seen,1497,val:2009_000440:part_1,2009_000440,aeroplane,stern,stern,0.4777960479259491,0.6466332674026489,0.4183168411254883,0.1850680112838745,1.0,1.0,0.99951171875
geometry_dropout,test_seen,1498,val:2009_000440:part_2,2009_000440,aeroplane,wing,wing,0.4744608402252197,0.6435719728469849,0.06931818276643753,0.13255299627780914,0.7890625,1.0,0.0002472400665283203
geometry_dropout,test_seen,1499,val:2009_000440:part_5,2009_000440,aeroplane,wheel,wheel,0.1551724076271057,0.26865673065185547,0.8333333134651184,0.01265422347933054,1.0,1.0,0.9970703125
geometry_dropout,test_seen,1500,val:2009_000455:part_22,2009_000455,bus,wheel,wheel,0.07713498920202255,0.14322251081466675,0.1312849223613739,0.0096859410405159,1.0,1.0,0.9970703125
geometry_dropout,test_seen,1501,val:2009_000455:part_23,2009_000455,bus,headlight,headlight,0.0138248847797513,0.027272727340459824,0.15942029654979706,0.0038156735245138407,1.0,1.0,0.99755859375
geometry_dropout,test_seen,1502,val:2009_000455:part_24,2009_000455,bus,front,front,0.4322289228439331,0.6035751700401306,0.1724659651517868,0.34047549962997437,1.0,1.0,1.0
geometry_dropout,test_seen,1503,val:2009_000455:part_25,2009_000455,bus,side,side,0.385987251996994,0.5569853186607361,0.19961364567279816,0.18285882472991943,1.0,1.0,0.99755859375
geometry_dropout,test_seen,1504,val:2009_000455:part_28,2009_000455,bus,mirror,mirror,0.0,0.0,0.0,0.0008805400575511158,0.05572509765625,0.9814453125,4.112720489501953e-06
geometry_dropout,test_seen,1505,val:2009_000455:part_30,2009_000455,bus,door,door,0.20695652067661285,0.34293949604034424,0.021739130839705467,0.04167889803647995,0.204833984375,0.9970703125,2.777576446533203e-05
geometry_dropout,test_seen,1506,val:2009_000455:part_31,2009_000455,bus,window,window,0.5432541370391846,0.7040371894836426,0.1894841343164444,0.4188435673713684,0.99951171875,1.0,0.99365234375
geometry_dropout,test_seen,1507,val:2009_000457:part_6,2009_000457,bicycle,wheel,wheel,0.17394521832466125,0.29634299874305725,0.7512242794036865,0.6932515501976013,1.0,1.0,0.9970703125
geometry_dropout,test_seen,1508,val:2009_000457:part_8,2009_000457,bicycle,handlebar,handlebar,0.008849557489156723,0.017543859779834747,0.9900000095367432,0.017177913337945938,1.0,1.0,0.9990234375
geometry_dropout,test_seen,1509,val:2009_000457:part_9,2009_000457,bicycle,chainwheel,chainwheel,0.2450331151485443,0.39361703395843506,0.5850340127944946,0.10061349719762802,0.984375,1.0,0.01009368896484375
geometry_dropout,test_seen,1510,val:2009_000488:part_42,2009_000488,cat,tail,tail,0.0,0.0,0.0,0.020642202347517014,0.9697265625,1.0,0.0005617141723632812
geometry_dropout,test_seen,1511,val:2009_000488:part_43,2009_000488,cat,head,head,0.0,0.0,0.0,0.18577980995178223,1.0,1.0,1.0
geometry_dropout,test_seen,1512,val:2009_000488:part_44,2009_000488,cat,eye,eye,0.0,0.0,0.0,0.0068807341158390045,0.5927734375,0.99951171875,0.00018668174743652344
geometry_dropout,test_seen,1513,val:2009_000488:part_45,2009_000488,cat,torso,torso,0.44920992851257324,0.6199377179145813,0.1903485208749771,0.6169725060462952,1.0,1.0,1.0
geometry_dropout,test_seen,1514,val:2009_000488:part_47,2009_000488,cat,leg,leg,0.0,0.0,0.0,0.07110092043876648,1.0,1.0,1.0
geometry_dropout,test_seen,1515,val:2009_000488:part_48,2009_000488,cat,nose,nose,0.0,0.0,0.0,0.0022935778833925724,0.08404541015625,0.99853515625,5.364418029785156e-07
geometry_dropout,test_seen,1516,val:2009_000488:part_49,2009_000488,cat,paw,paw,0.0,0.0,0.07792207598686218,0.04128440469503403,0.9912109375,1.0,0.0014209747314453125
geometry_dropout,test_seen,1517,val:2009_000488:part_50,2009_000488,cat,ear,ear,0.0,0.0,0.0,0.05045871436595917,0.0033893585205078125,0.998046875,0.0
geometry_dropout,test_seen,1518,val:2009_000573:part_6,2009_000573,bicycle,wheel,wheel,0.26106297969818115,0.4140363931655884,0.6197564005851746,0.6329773664474487,1.0,1.0,0.9970703125
geometry_dropout,test_seen,1519,val:2009_000573:part_7,2009_000573,bicycle,saddle,saddle,0.25,0.4000000059604645,0.7300771474838257,0.03412346914410591,1.0,1.0,0.99951171875
geometry_dropout,test_seen,1520,val:2009_000573:part_8,2009_000573,bicycle,handlebar,handlebar,0.3657894730567932,0.5356454849243164,0.5417956709861755,0.05105496197938919,1.0,1.0,0.9990234375
geometry_dropout,test_seen,1521,val:2009_000573:part_9,2009_000573,bicycle,chainwheel,chainwheel,0.3989070951938629,0.5703125,0.17337460815906525,0.04923157021403313,0.984375,1.0,0.01009368896484375
geometry_dropout,test_seen,1522,val:2009_000628:part_109,2009_000628,train,head,head,0.004975124262273312,0.009900989942252636,0.3414634168148041,0.03252032399177551,1.0,1.0,1.0
geometry_dropout,test_seen,1523,val:2009_000628:part_110,2009_000628,train,front,front,0.6566018462181091,0.7927092909812927,0.1004016101360321,0.40487805008888245,1.0,1.0,1.0
geometry_dropout,test_seen,1524,val:2009_000628:part_111,2009_000628,train,side,side,0.4830847680568695,0.6514593958854675,0.20440000295639038,0.4273712635040283,1.0,1.0,0.99755859375
geometry_dropout,test_seen,1525,val:2009_000628:part_113,2009_000628,train,roof,roof,0.2429906576871872,0.3909774422645569,0.29492753744125366,0.09457994252443314,1.0,1.0,1.0
geometry_dropout,test_seen,1526,val:2009_000628:part_114,2009_000628,train,coach,coach,0.03777984902262688,0.07280898839235306,0.11184833943843842,0.031165311112999916,1.0,1.0,1.0
geometry_dropout,test_seen,1527,val:2009_000641:part_52,2009_000641,cow,head,head,0.48235294222831726,0.6507936716079712,0.011185682378709316,0.05646929889917374,1.0,1.0,1.0
geometry_dropout,test_seen,1528,val:2009_000641:part_53,2009_000641,cow,eye,eye,0.0,0.0,0.0,0.0007309941574931145,0.5927734375,0.99951171875,0.00018668174743652344
geometry_dropout,test_seen,1529,val:2009_000641:part_54,2009_000641,cow,torso,torso,0.3004094064235687,0.4620228111743927,0.04763178899884224,0.2457967847585678,1.0,1.0,1.0
geometry_dropout,test_seen,1530,val:2009_000641:part_56,2009_000641,cow,leg,leg,0.29807692766189575,0.4592592716217041,0.4513513445854187,0.05573830381035805,1.0,1.0,1.0
geometry_dropout,test_seen,1531,val:2009_000641:part_57,2009_000641,cow,ear,ear,0.14260248839855194,0.24960997700691223,0.04718693345785141,0.016447369009256363,0.0033893585205078125,0.998046875,0.0
geometry_dropout,test_seen,1532,val:2009_000641:part_58,2009_000641,cow,muzzle,muzzle,0.6137930750846863,0.7606837749481201,0.0520833320915699,0.025219298899173737,0.95166015625,1.0,0.0015668869018554688
geometry_dropout,test_seen,1533,val:2009_000704:part_115,2009_000704,tvmonitor,screen,screen,0.24724061787128448,0.3964601755142212,0.056910570710897446,0.5068807601928711,1.0,1.0,1.0
geometry_dropout,test_seen,1534,val:2009_000705:part_70,2009_000705,horse,tail,tail,0.18648648262023926,0.31435078382492065,0.6629834175109863,0.05895865336060524,0.9697265625,1.0,0.0005617141723632812
geometry_dropout,test_seen,1535,val:2009_000705:part_71,2009_000705,horse,head,head,0.23780487477779388,0.3842364549636841,0.5670731663703918,0.02986217476427555,1.0,1.0,1.0
geometry_dropout,test_seen,1536,val:2009_000705:part_72,2009_000705,horse,eye,eye,0.0,0.0,0.0,0.0007656968082301319,0.5927734375,0.99951171875,0.00018668174743652344
geometry_dropout,test_seen,1537,val:2009_000705:part_73,2009_000705,horse,torso,torso,0.5659574270248413,0.7228260636329651,0.2634560763835907,0.5980091691017151,1.0,1.0,1.0
geometry_dropout,test_seen,1538,val:2009_000705:part_74,2009_000705,horse,neck,neck,0.5218977928161621,0.6858513355255127,0.29411765933036804,0.13705971837043762,1.0,1.0,1.0
geometry_dropout,test_seen,1539,val:2009_000705:part_75,2009_000705,horse,leg,leg,0.19765739142894745,0.33007335662841797,0.7626016139984131,0.1554364413022995,1.0,1.0,1.0
geometry_dropout,test_seen,1540,val:2009_000705:part_76,2009_000705,horse,ear,ear,0.014084506779909134,0.02777777798473835,0.44366195797920227,0.0015313936164602637,0.0033893585205078125,0.998046875,0.0
geometry_dropout,test_seen,1541,val:2009_000705:part_77,2009_000705,horse,muzzle,muzzle,0.0731707289814949,0.13636364042758942,0.8214285969734192,0.01225114893168211,0.95166015625,1.0,0.0015668869018554688
geometry_dropout,test_seen,1542,val:2009_000705:part_78,2009_000705,horse,hoof,hoof,0.0,0.0,1.0,0.004594180732965469,0.99658203125,1.0,0.026458740234375
geometry_dropout,test_seen,1543,val:2009_000712:part_109,2009_000712,train,head,head,0.0,0.0,0.4433676600456238,0.0008205368649214506,1.0,1.0,1.0
geometry_dropout,test_seen,1544,val:2009_000712:part_111,2009_000712,train,side,side,0.8625969886779785,0.9262304306030273,0.11753750592470169,0.9772593975067139,1.0,1.0,0.99755859375
geometry_dropout,test_seen,1545,val:2009_000712:part_114,2009_000712,train,coach,coach,0.0034504004288464785,0.0068770721554756165,0.07891811430454254,0.005392099265009165,1.0,1.0,1.0
geometry_dropout,test_seen,1546,val:2009_000716:part_42,2009_000716,cat,tail,tail,0.6285461187362671,0.7719107270240784,0.2753036320209503,0.07683257758617401,0.9697265625,1.0,0.0005617141723632812
geometry_dropout,test_seen,1547,val:2009_000716:part_43,2009_000716,cat,head,head,0.7123494148254395,0.8320140838623047,0.03578299283981323,0.17638009786605835,1.0,1.0,1.0
geometry_dropout,test_seen,1548,val:2009_000716:part_44,2009_000716,cat,eye,eye,0.3657289147377014,0.5355805158615112,0.0,0.016108596697449684,0.5927734375,0.99951171875,0.00018668174743652344
geometry_dropout,test_seen,1549,val:2009_000716:part_45,2009_000716,cat,torso,torso,0.7199743390083313,0.8371919393539429,0.07281997799873352,0.5195475220680237,1.0,1.0,1.0
geometry_dropout,test_seen,1550,val:2009_000716:part_46,2009_000716,cat,neck,neck,0.28074532747268677,0.43840929865837097,0.0,0.0696832612156868,1.0,1.0,1.0
geometry_dropout,test_seen,1551,val:2009_000716:part_47,2009_000716,cat,leg,leg,0.2243436723947525,0.3664717376232147,0.22507645189762115,0.07547511160373688,1.0,1.0,1.0
geometry_dropout,test_seen,1552,val:2009_000716:part_48,2009_000716,cat,nose,nose,0.26618704199790955,0.4204545319080353,0.0,0.006334841717034578,0.08404541015625,0.99853515625,5.364418029785156e-07
geometry_dropout,test_seen,1553,val:2009_000716:part_49,2009_000716,cat,paw,paw,0.1964285671710968,0.3283582031726837,0.369047611951828,0.029954751953482628,0.9912109375,1.0,0.0014209747314453125
geometry_dropout,test_seen,1554,val:2009_000716:part_50,2009_000716,cat,ear,ear,0.31081080436706543,0.47422680258750916,0.1719745248556137,0.024253394454717636,0.0033893585205078125,0.998046875,0.0
geometry_dropout,test_seen,1555,val:2009_000727:part_70,2009_000727,horse,tail,tail,0.44189852476119995,0.6129398345947266,0.47766321897506714,0.18066465854644775,0.9697265625,1.0,0.0005617141723632812
geometry_dropout,test_seen,1556,val:2009_000727:part_71,2009_000727,horse,head,head,0.3571428656578064,0.5263158082962036,0.0235294122248888,0.05800604075193405,1.0,1.0,1.0
geometry_dropout,test_seen,1557,val:2009_000727:part_72,2009_000727,horse,eye,eye,0.0,0.0,0.0,0.001208459259942174,0.5927734375,0.99951171875,0.00018668174743652344
geometry_dropout,test_seen,1558,val:2009_000727:part_73,2009_000727,horse,torso,torso,0.44524669647216797,0.6161531805992126,0.1367713063955307,0.45619335770606995,1.0,1.0,1.0
geometry_dropout,test_seen,1559,val:2009_000727:part_74,2009_000727,horse,neck,neck,0.310502290725708,0.47386759519577026,0.1807228922843933,0.12326283752918243,1.0,1.0,1.0
geometry_dropout,test_seen,1560,val:2009_000727:part_75,2009_000727,horse,leg,leg,0.08039068430662155,0.14881780743598938,0.6132151484489441,0.11903323233127594,1.0,1.0,1.0
geometry_dropout,test_seen,1561,val:2009_000727:part_76,2009_000727,horse,ear,ear,0.0,0.0,0.0,0.002416918519884348,0.0033893585205078125,0.998046875,0.0
geometry_dropout,test_seen,1562,val:2009_000727:part_77,2009_000727,horse,muzzle,muzzle,0.20000000298023224,0.3333333432674408,0.6190476417541504,0.03262839838862419,0.95166015625,1.0,0.0015668869018554688
geometry_dropout,test_seen,1563,val:2009_000727:part_78,2009_000727,horse,hoof,hoof,0.024291498586535454,0.04743082821369171,0.6887966990470886,0.0072507550939917564,0.99658203125,1.0,0.026458740234375
geometry_dropout,test_seen,1564,val:2009_000727:part_85,2009_000727,person,torso,torso,0.0,0.0,0.1764705926179886,0.026128266006708145,1.0,1.0,1.0
geometry_dropout,test_seen,1565,val:2009_000727:part_86,2009_000727,person,neck,neck,0.0,0.0,0.0,0.01425178162753582,1.0,1.0,1.0
geometry_dropout,test_seen,1566,val:2009_000731:part_52,2009_000731,cow,head,head,0.7054781913757324,0.8273083567619324,0.07745298743247986,0.23910996317863464,1.0,1.0,1.0
geometry_dropout,test_seen,1567,val:2009_000731:part_53,2009_000731,cow,eye,eye,0.1529051959514618,0.2652519941329956,0.016025641933083534,0.0038262302987277508,0.5927734375,0.99951171875,0.00018668174743652344
geometry_dropout,test_seen,1568,val:2009_000731:part_54,2009_000731,cow,torso,torso,0.4612678587436676,0.6313255429267883,0.27757972478866577,0.5383211970329285,1.0,1.0,1.0
geometry_dropout,test_seen,1569,val:2009_000731:part_57,2009_000731,cow,ear,ear,0.5700151920318604,0.726127028465271,0.22217972576618195,0.08894513547420502,0.0033893585205078125,0.998046875,0.0
geometry_dropout,test_seen,1570,val:2009_000731:part_58,2009_000731,cow,muzzle,muzzle,0.5673894882202148,0.7239930033683777,0.2524189054965973,0.12926772236824036,0.95166015625,1.0,0.0015668869018554688
geometry_dropout,test_seen,1571,val:2009_000771:part_52,2009_000771,cow,head,head,0.5775112509727478,0.7321801781654358,0.14950062334537506,0.11627381294965744,1.0,1.0,1.0
geometry_dropout,test_seen,1572,val:2009_000771:part_53,2009_000771,cow,eye,eye,0.06220095604658127,0.11711711436510086,0.0,0.002826295793056488,0.5927734375,0.99951171875,0.00018668174743652344
geometry_dropout,test_seen,1573,val:2009_000771:part_54,2009_000771,cow,torso,torso,0.34066101908683777,0.5081985592842102,0.0630505308508873,0.26126277446746826,1.0,1.0,1.0
geometry_dropout,test_seen,1574,val:2009_000771:part_57,2009_000771,cow,ear,ear,0.5583508014678955,0.7165919542312622,0.31406137347221375,0.0468599870800972,0.0033893585205078125,0.998046875,0.0
geometry_dropout,test_seen,1575,val:2009_000771:part_58,2009_000771,cow,muzzle,muzzle,0.781561017036438,0.8773890137672424,0.00965147465467453,0.08682380616664886,0.95166015625,1.0,0.0015668869018554688
geometry_dropout,test_seen,1576,val:2009_000771:part_59,2009_000771,cow,horn,horn,0.10145772248506546,0.1842244565486908,0.3535943925380707,0.010061613284051418,0.64208984375,1.0,8.821487426757812e-06
geometry_dropout,test_seen,1577,val:2009_000840:part_20,2009_000840,bottle,body,body,0.6605199575424194,0.795557975769043,0.30666667222976685,0.9593908786773682,1.0,1.0,1.0
geometry_dropout,test_seen,1578,val:2009_000840:part_21,2009_000840,bottle,cap,cap,0.29411765933036804,0.4545454680919647,0.6111111044883728,0.03807106614112854,1.0,1.0,0.99853515625
geometry_dropout,test_seen,1579,val:2009_000845:part_109,2009_000845,train,head,head,0.002797202905640006,0.005578800570219755,0.6526772975921631,0.010956594720482826,1.0,1.0,1.0
geometry_dropout,test_seen,1580,val:2009_000845:part_110,2009_000845,train,front,front,0.2649572789669037,0.4189189076423645,0.29296875,0.1466498076915741,1.0,1.0,1.0
geometry_dropout,test_seen,1581,val:2009_000845:part_111,2009_000845,train,side,side,0.6464126110076904,0.7852376699447632,0.31197184324264526,0.8242730498313904,1.0,1.0,0.99755859375
geometry_dropout,test_seen,1582,val:2009_000931:part_71,2009_000931,horse,head,head,0.0,0.0,0.06060606241226196,0.02141527086496353,1.0,1.0,1.0
geometry_dropout,test_seen,1583,val:2009_000931:part_72,2009_000931,horse,eye,eye,0.0,0.0,0.0,0.00031036624568514526,0.5927734375,0.99951171875,0.00018668174743652344
geometry_dropout,test_seen,1584,val:2009_000931:part_73,2009_000931,horse,torso,torso,0.4328140318393707,0.6041454076766968,0.08672219514846802,0.279950350522995,1.0,1.0,1.0
geometry_dropout,test_seen,1585,val:2009_000931:part_74,2009_000931,horse,neck,neck,0.2698412835597992,0.42500001192092896,0.24121779203414917,0.04127870872616768,1.0,1.0,1.0
geometry_dropout,test_seen,1586,val:2009_000931:part_75,2009_000931,horse,leg,leg,0.10678642988204956,0.19296663999557495,0.5788912773132324,0.053072623908519745,1.0,1.0,1.0
geometry_dropout,test_seen,1587,val:2009_000931:part_76,2009_000931,horse,ear,ear,0.016260161995887756,0.03200000151991844,0.707317054271698,0.0006207324913702905,0.0033893585205078125,0.998046875,0.0
geometry_dropout,test_seen,1588,val:2009_000931:part_77,2009_000931,horse,muzzle,muzzle,0.0,0.0,0.5154638886451721,0.014897579327225685,0.95166015625,1.0,0.0015668869018554688
geometry_dropout,test_seen,1589,val:2009_000931:part_78,2009_000931,horse,hoof,hoof,0.0,0.0,0.7272727489471436,0.002482929965481162,0.99658203125,1.0,0.026458740234375
geometry_dropout,test_seen,1590,val:2009_000964:part_43,2009_000964,cat,head,head,0.516791045665741,0.6814268231391907,0.20374220609664917,0.14722837507724762,1.0,1.0,1.0
geometry_dropout,test_seen,1591,val:2009_000964:part_44,2009_000964,cat,eye,eye,0.0,0.0,0.0,0.0008869179873727262,0.5927734375,0.99951171875,0.00018668174743652344
geometry_dropout,test_seen,1592,val:2009_000964:part_45,2009_000964,cat,torso,torso,0.5939812660217285,0.7452800869941711,0.1595470905303955,0.5711751580238342,1.0,1.0,1.0
geometry_dropout,test_seen,1593,val:2009_000964:part_46,2009_000964,cat,neck,neck,0.4615384638309479,0.6315789222717285,0.13333334028720856,0.07583148777484894,1.0,1.0,1.0
geometry_dropout,test_seen,1594,val:2009_000964:part_47,2009_000964,cat,leg,leg,0.038115039467811584,0.07343123853206635,0.217938631772995,0.10066518932580948,1.0,1.0,1.0
geometry_dropout,test_seen,1595,val:2009_000964:part_48,2009_000964,cat,nose,nose,0.0,0.0,0.0,0.0004434589936863631,0.08404541015625,0.99853515625,5.364418029785156e-07
geometry_dropout,test_seen,1596,val:2009_000964:part_49,2009_000964,cat,paw,paw,0.011904762126505375,0.0235294122248888,0.42331287264823914,0.0062084258534014225,0.9912109375,1.0,0.0014209747314453125
geometry_dropout,test_seen,1597,val:2009_000964:part_50,2009_000964,cat,ear,ear,0.269565224647522,0.42465752363204956,0.5086705088615417,0.05277162045240402,0.0033893585205078125,0.998046875,0.0
geometry_dropout,test_seen,1598,val:2009_001008:part_42,2009_001008,cat,tail,tail,0.0,0.0,0.0,0.04778778925538063,0.9697265625,1.0,0.0005617141723632812
geometry_dropout,test_seen,1599,val:2009_001008:part_43,2009_001008,cat,head,head,0.7478148937225342,0.8557140827178955,0.05495075136423111,0.2977624833583832,1.0,1.0,1.0
geometry_dropout,test_seen,1600,val:2009_001008:part_44,2009_001008,cat,eye,eye,0.17368420958518982,0.2959641218185425,0.0,0.007188417483121157,0.5927734375,0.99951171875,0.00018668174743652344
geometry_dropout,test_seen,1601,val:2009_001008:part_45,2009_001008,cat,torso,torso,0.5114416480064392,0.6767600178718567,0.10424202680587769,0.32044142484664917,1.0,1.0,1.0
geometry_dropout,test_seen,1602,val:2009_001008:part_46,2009_001008,cat,neck,neck,0.40232107043266296,0.5737931132316589,0.01785714365541935,0.08980459719896317,1.0,1.0,1.0
geometry_dropout,test_seen,1603,val:2009_001008:part_47,2009_001008,cat,leg,leg,0.3529738783836365,0.5217748284339905,0.10161920636892319,0.06510073691606522,1.0,1.0,1.0
geometry_dropout,test_seen,1604,val:2009_001008:part_48,2009_001008,cat,nose,nose,0.13618676364421844,0.2397260218858719,0.0,0.018224157392978668,0.08404541015625,0.99853515625,5.364418029785156e-07
geometry_dropout,test_seen,1605,val:2009_001008:part_49,2009_001008,cat,paw,paw,0.35114502906799316,0.5197740197181702,0.19083969295024872,0.02794370800256729,0.9912109375,1.0,0.0014209747314453125
geometry_dropout,test_seen,1606,val:2009_001008:part_50,2009_001008,cat,ear,ear,0.6127588152885437,0.7598889470100403,0.2689075767993927,0.12311430275440216,0.0033893585205078125,0.998046875,0.0
geometry_dropout,test_seen,1607,val:2009_001082:part_22,2009_001082,bus,wheel,wheel,0.0,0.0,0.013487475924193859,0.00454038567841053,1.0,1.0,0.9970703125
geometry_dropout,test_seen,1608,val:2009_001082:part_23,2009_001082,bus,headlight,headlight,0.13364055752754211,0.23577235639095306,0.0,0.005018320865929127,1.0,1.0,0.99755859375
geometry_dropout,test_seen,1609,val:2009_001082:part_24,2009_001082,bus,front,front,0.4662482738494873,0.6359745264053345,0.09768752008676529,0.2628644108772278,1.0,1.0,1.0
geometry_dropout,test_seen,1610,val:2009_001082:part_25,2009_001082,bus,side,side,0.041460055857896805,0.07961909472942352,0.0687580555677414,0.02310020662844181,1.0,1.0,0.99755859375
geometry_dropout,test_seen,1611,val:2009_001082:part_28,2009_001082,bus,mirror,mirror,0.0,0.0,0.0,0.0027879560366272926,0.05572509765625,0.9814453125,4.112720489501953e-06
geometry_dropout,test_seen,1612,val:2009_001082:part_30,2009_001082,bus,door,door,0.0,0.0,0.04561581462621689,0.0038234826643019915,0.204833984375,0.9970703125,2.777576446533203e-05
geometry_dropout,test_seen,1613,val:2009_001082:part_31,2009_001082,bus,window,window,0.3135877847671509,0.4774523377418518,0.04844861477613449,0.12764856219291687,0.99951171875,1.0,0.99365234375
geometry_dropout,test_seen,1614,val:2009_001215:part_94,2009_001215,person,lower arm,lower arm,0.6490113139152527,0.7871520519256592,0.09668109565973282,0.6095054745674133,0.99462890625,1.0,0.02752685546875
geometry_dropout,test_seen,1615,val:2009_001215:part_96,2009_001215,person,hand,hand,0.7189440727233887,0.836495041847229,0.17522123456001282,0.3481053411960602,1.0,1.0,0.99853515625
geometry_dropout,test_seen,1616,val:2009_001255:part_6,2009_001255,bicycle,wheel,wheel,0.0,0.0,1.0,0.315082311630249,1.0,1.0,0.9970703125
geometry_dropout,test_seen,1617,val:2009_001255:part_7,2009_001255,bicycle,saddle,saddle,0.42934781312942505,0.6007604598999023,0.32686084508895874,0.07289217412471771,1.0,1.0,0.99951171875
geometry_dropout,test_seen,1618,val:2009_001255:part_8,2009_001255,bicycle,handlebar,handlebar,0.041067760437726974,0.0788954645395279,0.7727272510528564,0.04601948335766792,1.0,1.0,0.9990234375
geometry_dropout,test_seen,1619,val:2009_001255:part_9,2009_001255,bicycle,chainwheel,chainwheel,0.1975051909685135,0.3298611044883728,0.7611241340637207,0.05005038529634476,0.984375,1.0,0.01009368896484375
geometry_dropout,test_seen,1620,val:2009_001278:part_20,2009_001278,bottle,body,body,0.5688775777816772,0.725203275680542,0.4173160195350647,0.9718309640884399,1.0,1.0,1.0
geometry_dropout,test_seen,1621,val:2009_001278:part_21,2009_001278,bottle,cap,cap,0.18367347121238708,0.3103448152542114,0.75,0.028169013559818268,1.0,1.0,0.99853515625
geometry_dropout,test_seen,1622,val:2009_001299:part_83,2009_001299,person,head,head,0.559366762638092,0.7174280881881714,0.12324929982423782,0.07010185718536377,1.0,1.0,1.0
geometry_dropout,test_seen,1623,val:2009_001299:part_84,2009_001299,person,eye,eye,0.0,0.0,0.0,0.0026962251868098974,0.5927734375,0.99951171875,0.00018668174743652344
geometry_dropout,test_seen,1624,val:2009_001299:part_85,2009_001299,person,torso,torso,0.37433627247810364,0.5447521209716797,0.17414529621601105,0.18484121561050415,1.0,1.0,1.0
geometry_dropout,test_seen,1625,val:2009_001299:part_86,2009_001299,person,neck,neck,0.23529411852359772,0.380952388048172,0.05999999865889549,0.017974834889173508,1.0,1.0,1.0
geometry_dropout,test_seen,1626,val:2009_001299:part_87,2009_001299,person,leg,leg,0.6452763080596924,0.7843986749649048,0.15545685589313507,0.3573996424674988,1.0,1.0,1.0
geometry_dropout,test_seen,1627,val:2009_001299:part_88,2009_001299,person,foot,foot,0.4113923907279968,0.5829596519470215,0.3931203782558441,0.07849011570215225,1.0,1.0,0.81298828125
geometry_dropout,test_seen,1628,val:2009_001299:part_89,2009_001299,person,nose,nose,0.3484848439693451,0.516853928565979,0.0,0.0068903532810509205,0.08404541015625,0.99853515625,5.364418029785156e-07
geometry_dropout,test_seen,1629,val:2009_001299:part_90,2009_001299,person,ear,ear,0.0,0.0,0.0,0.005092869978398085,0.0033893585205078125,0.998046875,0.0
geometry_dropout,test_seen,1630,val:2009_001299:part_91,2009_001299,person,eyebrow,eyebrow,0.0,0.0,0.0,0.003594967070966959,9.763240814208984e-05,0.09027099609375,0.0
geometry_dropout,test_seen,1631,val:2009_001299:part_92,2009_001299,person,mouth,mouth,0.01886792480945587,0.03703703731298447,0.0,0.004194128327071667,1.0,1.0,0.9970703125
geometry_dropout,test_seen,1632,val:2009_001299:part_93,2009_001299,person,hair,hair,0.34433960914611816,0.5122807025909424,0.20812182128429413,0.02636309154331684,1.0,1.0,0.998046875
geometry_dropout,test_seen,1633,val:2009_001299:part_94,2009_001299,person,lower arm,lower arm,0.09541984647512436,0.17421603202819824,0.07730673253536224,0.05182744190096855,0.99462890625,1.0,0.02752685546875
geometry_dropout,test_seen,1634,val:2009_001299:part_95,2009_001299,person,upper arm,upper arm,0.3265940845012665,0.4923798441886902,0.3854166567325592,0.11174356192350388,0.958984375,1.0,0.0012845993041992188
geometry_dropout,test_seen,1635,val:2009_001299:part_96,2009_001299,person,hand,hand,0.4040403962135315,0.5755395889282227,0.0,0.05542241036891937,1.0,1.0,0.99853515625
geometry_dropout,test_seen,1636,val:2009_001300:part_109,2009_001300,train,head,head,0.001906577730551362,0.0038058990612626076,0.31739962100982666,0.0016425756039097905,1.0,1.0,1.0
geometry_dropout,test_seen,1637,val:2009_001300:part_110,2009_001300,train,front,front,0.7484105229377747,0.8561038970947266,0.11811865121126175,0.6501314043998718,1.0,1.0,1.0
geometry_dropout,test_seen,1638,val:2009_001300:part_111,2009_001300,train,side,side,0.4678193926811218,0.6374345421791077,0.2772523760795593,0.34395530819892883,1.0,1.0,0.99755859375
geometry_dropout,test_seen,1639,val:2009_001332:part_0,2009_001332,aeroplane,body,body,0.6344019770622253,0.7763108015060425,0.04380054026842117,0.5561115145683289,1.0,1.0,1.0
geometry_dropout,test_seen,1640,val:2009_001332:part_1,2009_001332,aeroplane,stern,stern,0.5817942023277283,0.7356129884719849,0.237726092338562,0.29473432898521423,1.0,1.0,0.99951171875
geometry_dropout,test_seen,1641,val:2009_001332:part_2,2009_001332,aeroplane,wing,wing,0.3435114622116089,0.5113636255264282,0.057392995804548264,0.09054086357355118,0.7890625,1.0,0.0002472400665283203
geometry_dropout,test_seen,1642,val:2009_001332:part_4,2009_001332,aeroplane,engine,engine,0.2744479477405548,0.4306930601596832,0.0,0.023588277399539948,1.0,1.0,0.99365234375
geometry_dropout,test_seen,1643,val:2009_001332:part_5,2009_001332,aeroplane,wheel,wheel,0.16417910158634186,0.28205129504203796,0.7891566157341003,0.0162020493298769,1.0,1.0,0.9970703125
geometry_dropout,test_seen,1644,val:2009_001333:part_109,2009_001333,train,head,head,0.20234806835651398,0.33658817410469055,0.18778280913829803,0.035104043781757355,1.0,1.0,1.0
geometry_dropout,test_seen,1645,val:2009_001333:part_110,2009_001333,train,front,front,0.877642035484314,0.9348342418670654,0.0705181285738945,0.4508543312549591,1.0,1.0,1.0
geometry_dropout,test_seen,1646,val:2009_001333:part_111,2009_001333,train,side,side,0.7516027688980103,0.8581886291503906,0.09003962576389313,0.4670952558517456,1.0,1.0,0.99755859375
geometry_dropout,test_seen,1647,val:2009_001333:part_114,2009_001333,train,coach,coach,0.0068551842123270035,0.013617021031677723,0.0918484479188919,0.0034681102260947227,1.0,1.0,1.0
geometry_dropout,test_seen,1648,val:2009_001363:part_115,2009_001363,tvmonitor,screen,screen,0.5733668208122253,0.7288406491279602,0.12950392067432404,0.6555256247520447,1.0,1.0,1.0
geometry_dropout,test_seen,1649,val:2009_001391:part_43,2009_001391,cat,head,head,0.6416893601417542,0.7817427515983582,0.13837763667106628,0.09641140699386597,1.0,1.0,1.0
geometry_dropout,test_seen,1650,val:2009_001391:part_44,2009_001391,cat,eye,eye,0.12060301750898361,0.21524663269519806,0.0,0.005009712651371956,0.5927734375,0.99951171875,0.00018668174743652344
geometry_dropout,test_seen,1651,val:2009_001391:part_45,2009_001391,cat,torso,torso,0.46917983889579773,0.6386962532997131,0.07151170074939728,0.3888150453567505,1.0,1.0,1.0
geometry_dropout,test_seen,1652,val:2009_001391:part_46,2009_001391,cat,neck,neck,0.6062581539154053,0.7548701167106628,0.015109890140593052,0.05152847245335579,1.0,1.0,1.0
geometry_dropout,test_seen,1653,val:2009_001391:part_47,2009_001391,cat,leg,leg,0.580112636089325,0.7342674732208252,0.06450866907835007,0.3896329700946808,1.0,1.0,1.0
geometry_dropout,test_seen,1654,val:2009_001391:part_48,2009_001391,cat,nose,nose,0.17894737422466278,0.3035714328289032,0.0,0.0018403026042506099,0.08404541015625,0.99853515625,5.364418029785156e-07
geometry_dropout,test_seen,1655,val:2009_001391:part_49,2009_001391,cat,paw,paw,0.26499032974243164,0.41896024346351624,0.23108384013175964,0.0168694406747818,0.9912109375,1.0,0.0014209747314453125
geometry_dropout,test_seen,1656,val:2009_001391:part_50,2009_001391,cat,ear,ear,0.4296407103538513,0.6010470986366272,0.5030211210250854,0.029956037178635597,0.0033893585205078125,0.998046875,0.0
geometry_dropout,test_seen,1657,val:2009_001411:part_42,2009_001411,cat,tail,tail,0.0,0.0,0.0,0.03222532197833061,0.9697265625,1.0,0.0005617141723632812
geometry_dropout,test_seen,1658,val:2009_001411:part_43,2009_001411,cat,head,head,0.7113752365112305,0.8313491940498352,0.060307957231998444,0.2149200737476349,1.0,1.0,1.0
geometry_dropout,test_seen,1659,val:2009_001411:part_44,2009_001411,cat,eye,eye,0.1822660118341446,0.3083333373069763,0.0,0.008880994282662868,0.5927734375,0.99951171875,0.00018668174743652344
geometry_dropout,test_seen,1660,val:2009_001411:part_45,2009_001411,cat,torso,torso,0.5577373504638672,0.7160865068435669,0.09228824079036713,0.39456990361213684,1.0,1.0,1.0
geometry_dropout,test_seen,1661,val:2009_001411:part_46,2009_001411,cat,neck,neck,0.5063731074333191,0.6723076701164246,0.0819462239742279,0.06584623456001282,1.0,1.0,1.0
geometry_dropout,test_seen,1662,val:2009_001411:part_47,2009_001411,cat,leg,leg,0.3887346386909485,0.5598400235176086,0.07679395377635956,0.14184217154979706,1.0,1.0,1.0
geometry_dropout,test_seen,1663,val:2009_001411:part_48,2009_001411,cat,nose,nose,0.2448979616165161,0.39344263076782227,0.0,0.0030449123587459326,0.08404541015625,0.99853515625,5.364418029785156e-07
geometry_dropout,test_seen,1664,val:2009_001411:part_49,2009_001411,cat,paw,paw,0.4221183657646179,0.593647301197052,0.2821011543273926,0.05062166973948479,0.9912109375,1.0,0.0014209747314453125
geometry_dropout,test_seen,1665,val:2009_001411:part_50,2009_001411,cat,ear,ear,0.5288640856742859,0.6918392181396484,0.30907371640205383,0.07409287244081497,0.0033893585205078125,0.998046875,0.0
geometry_dropout,test_seen,1666,val:2009_001433:part_75,2009_001433,horse,leg,leg,0.0,0.0,0.9197860956192017,0.0002840909000951797,1.0,1.0,1.0
geometry_dropout,test_seen,1667,val:2009_001433:part_83,2009_001433,person,head,head,0.29885056614875793,0.4601770043373108,0.54666668176651,0.076975017786026,1.0,1.0,1.0
geometry_dropout,test_seen,1668,val:2009_001433:part_84,2009_001433,person,eye,eye,0.0,0.0,0.0,0.004051316529512405,0.5927734375,0.99951171875,0.00018668174743652344
geometry_dropout,test_seen,1669,val:2009_001433:part_85,2009_001433,person,torso,torso,0.2993939518928528,0.46082088351249695,0.11183144152164459,0.307224839925766,1.0,1.0,1.0
geometry_dropout,test_seen,1670,val:2009_001433:part_86,2009_001433,person,neck,neck,0.0,0.0,0.0,0.026333559304475784,1.0,1.0,1.0
geometry_dropout,test_seen,1671,val:2009_001433:part_87,2009_001433,person,leg,leg,0.12434326112270355,0.22118380665779114,0.7255319356918335,0.11613774299621582,1.0,1.0,1.0
geometry_dropout,test_seen,1672,val:2009_001433:part_88,2009_001433,person,foot,foot,0.30054643750190735,0.462184876203537,0.6961326003074646,0.038487508893013,1.0,1.0,0.81298828125
geometry_dropout,test_seen,1673,val:2009_001433:part_89,2009_001433,person,nose,nose,0.0,0.0,0.0,0.004051316529512405,0.08404541015625,0.99853515625,5.364418029785156e-07
geometry_dropout,test_seen,1674,val:2009_001433:part_91,2009_001433,person,eyebrow,eyebrow,0.0,0.0,0.0,0.004726536106318235,9.763240814208984e-05,0.09027099609375,0.0
geometry_dropout,test_seen,1675,val:2009_001433:part_92,2009_001433,person,mouth,mouth,0.0,0.0,0.0,0.004726536106318235,1.0,1.0,0.9970703125
geometry_dropout,test_seen,1676,val:2009_001433:part_93,2009_001433,person,hair,hair,0.013698630034923553,0.027027027681469917,0.6223776340484619,0.003376097185537219,1.0,1.0,0.998046875
geometry_dropout,test_seen,1677,val:2009_001433:part_94,2009_001433,person,lower arm,lower arm,0.0,0.0,0.1515151560306549,0.03241053223609924,0.99462890625,1.0,0.02752685546875
geometry_dropout,test_seen,1678,val:2009_001433:part_95,2009_001433,person,upper arm,upper arm,0.10845588147640228,0.19568823277950287,0.11922141164541245,0.12964212894439697,0.958984375,1.0,0.0012845993041992188
geometry_dropout,test_seen,1679,val:2009_001433:part_96,2009_001433,person,hand,hand,0.0,0.0,0.16417910158634186,0.020931802690029144,1.0,1.0,0.99853515625
geometry_dropout,test_seen,1680,val:2009_001644:part_98,2009_001644,pottedplant,plant,plant,0.16340234875679016,0.28090429306030273,0.1659676432609558,0.254184752702713,1.0,1.0,1.0
geometry_dropout,test_seen,1681,val:2009_001663:part_6,2009_001663,bicycle,wheel,wheel,0.12050739675760269,0.21509434282779694,0.6761363744735718,0.7051792740821838,1.0,1.0,0.9970703125
geometry_dropout,test_seen,1682,val:2009_001663:part_7,2009_001663,bicycle,saddle,saddle,0.0,0.0,0.0,0.04581673443317413,1.0,1.0,0.99951171875
geometry_dropout,test_seen,1683,val:2009_001663:part_8,2009_001663,bicycle,handlebar,handlebar,0.0,0.0,0.0,0.05378486216068268,1.0,1.0,0.9990234375
geometry_dropout,test_seen,1684,val:2009_001663:part_9,2009_001663,bicycle,chainwheel,chainwheel,0.0,0.0,0.9473684430122375,0.04780876636505127,0.984375,1.0,0.01009368896484375
geometry_dropout,test_seen,1685,val:2009_001684:part_97,2009_001684,pottedplant,pot,pot,0.7449605464935303,0.8538423180580139,0.034378159791231155,0.357474148273468,1.0,1.0,0.9990234375
geometry_dropout,test_seen,1686,val:2009_001684:part_98,2009_001684,pottedplant,plant,plant,0.33041849732398987,0.4967136085033417,0.35564854741096497,0.5818765759468079,1.0,1.0,1.0
geometry_dropout,test_seen,1687,val:2009_001687:part_96,2009_001687,person,hand,hand,0.4507617950439453,0.6214139461517334,0.10140636563301086,0.998630940914154,1.0,1.0,0.99853515625
geometry_dropout,test_seen,1688,val:2009_001718:part_83,2009_001718,person,head,head,0.5978260636329651,0.7482993006706238,0.0,0.07163742929697037,1.0,1.0,1.0
geometry_dropout,test_seen,1689,val:2009_001718:part_84,2009_001718,person,eye,eye,0.1268656700849533,0.22516556084156036,0.0,0.0033625729847699404,0.5927734375,0.99951171875,0.00018668174743652344
geometry_dropout,test_seen,1690,val:2009_001718:part_85,2009_001718,person,torso,torso,0.6087599992752075,0.756806492805481,0.1265861988067627,0.32236841320991516,1.0,1.0,1.0
geometry_dropout,test_seen,1691,val:2009_001718:part_86,2009_001718,person,neck,neck,0.10563380271196365,0.19108280539512634,0.0,0.0024853800423443317,1.0,1.0,1.0
geometry_dropout,test_seen,1692,val:2009_001718:part_87,2009_001718,person,leg,leg,0.524125874042511,0.6877724528312683,0.3286192715167999,0.24444444477558136,1.0,1.0,1.0
geometry_dropout,test_seen,1693,val:2009_001718:part_88,2009_001718,person,foot,foot,0.326241135597229,0.49197861552238464,0.4359999895095825,0.045467834919691086,1.0,1.0,0.81298828125
geometry_dropout,test_seen,1694,val:2009_001718:part_89,2009_001718,person,nose,nose,0.14492753148078918,0.2531645596027374,0.0,0.0049707600846886635,0.08404541015625,0.99853515625,5.364418029785156e-07
geometry_dropout,test_seen,1695,val:2009_001718:part_90,2009_001718,person,ear,ear,0.09615384787321091,0.17543859779834747,0.5416666865348816,0.0013157895300537348,0.0033893585205078125,0.998046875,0.0
geometry_dropout,test_seen,1696,val:2009_001718:part_91,2009_001718,person,eyebrow,eyebrow,0.0,0.0,0.0,0.003070175414904952,9.763240814208984e-05,0.09027099609375,0.0
geometry_dropout,test_seen,1697,val:2009_001718:part_92,2009_001718,person,mouth,mouth,0.11627907305955887,0.2083333283662796,0.0,0.0021929824724793434,1.0,1.0,0.9970703125
geometry_dropout,test_seen,1698,val:2009_001718:part_93,2009_001718,person,hair,hair,0.4589257538318634,0.6291283369064331,0.22159548103809357,0.08859649300575256,1.0,1.0,0.998046875
geometry_dropout,test_seen,1699,val:2009_001718:part_94,2009_001718,person,lower arm,lower arm,0.48721805214881897,0.6552072763442993,0.20401854813098907,0.05000000074505806,0.99462890625,1.0,0.02752685546875
geometry_dropout,test_seen,1700,val:2009_001718:part_95,2009_001718,person,upper arm,upper arm,0.47819870710372925,0.6470019221305847,0.2551669180393219,0.1184210553765297,0.958984375,1.0,0.0012845993041992188
geometry_dropout,test_seen,1701,val:2009_001718:part_96,2009_001718,person,hand,hand,0.3927272856235504,0.5639686584472656,0.4748603403568268,0.03347953036427498,1.0,1.0,0.99853515625
geometry_dropout,test_seen,1702,val:2009_001775:part_97,2009_001775,pottedplant,pot,pot,0.21769499778747559,0.35755258798599243,0.42374855279922485,0.052542850375175476,1.0,1.0,0.9990234375
geometry_dropout,test_seen,1703,val:2009_001775:part_98,2009_001775,pottedplant,plant,plant,0.3993948698043823,0.5708107948303223,0.08279824256896973,0.46810901165008545,1.0,1.0,1.0
geometry_dropout,test_seen,1704,val:2009_001804:part_22,2009_001804,bus,wheel,wheel,0.5446194410324097,0.705182671546936,0.11824817210435867,0.04319199547171593,1.0,1.0,0.9970703125
geometry_dropout,test_seen,1705,val:2009_001804:part_23,2009_001804,bus,headlight,headlight,0.1315789520740509,0.23255814611911774,0.3913043439388275,0.0079887630417943,1.0,1.0,0.99755859375
geometry_dropout,test_seen,1706,val:2009_001804:part_24,2009_001804,bus,front,front,0.5785842537879944,0.7330420017242432,0.09914841502904892,0.1733824908733368,1.0,1.0,1.0
geometry_dropout,test_seen,1707,val:2009_001804:part_25,2009_001804,bus,side,side,0.39109596610069275,0.5622846484184265,0.08656527101993561,0.27565622329711914,1.0,1.0,0.99755859375
geometry_dropout,test_seen,1708,val:2009_001804:part_28,2009_001804,bus,mirror,mirror,0.18023255467414856,0.3054187297821045,0.0,0.003511544317007065,0.05572509765625,0.9814453125,4.112720489501953e-06
geometry_dropout,test_seen,1709,val:2009_001804:part_30,2009_001804,bus,door,door,0.2535339593887329,0.4045107364654541,0.0,0.051444120705127716,0.204833984375,0.9970703125,2.777576446533203e-05
geometry_dropout,test_seen,1710,val:2009_001804:part_31,2009_001804,bus,window,window,0.6877670288085938,0.8150023221969604,0.06663205474615097,0.4290229082107544,0.99951171875,1.0,0.99365234375
geometry_dropout,test_seen,1711,val:2009_001816:part_22,2009_001816,bus,wheel,wheel,0.5939716100692749,0.7452725172042847,0.07939508557319641,0.02965218760073185,1.0,1.0,0.9970703125
geometry_dropout,test_seen,1712,val:2009_001816:part_23,2009_001816,bus,headlight,headlight,0.2171945720911026,0.35687732696533203,0.11612903326749802,0.00913607981055975,1.0,1.0,0.99755859375
geometry_dropout,test_seen,1713,val:2009_001816:part_24,2009_001816,bus,front,front,0.6626846790313721,0.7971261143684387,0.13033707439899445,0.17422664165496826,1.0,1.0,1.0
geometry_dropout,test_seen,1714,val:2009_001816:part_25,2009_001816,bus,side,side,0.6244658827781677,0.7688260674476624,0.11255358159542084,0.41200512647628784,1.0,1.0,0.99755859375
geometry_dropout,test_seen,1715,val:2009_001816:part_28,2009_001816,bus,mirror,mirror,0.41793569922447205,0.5894988179206848,0.04979253187775612,0.028530213981866837,0.05572509765625,0.9814453125,4.112720489501953e-06
geometry_dropout,test_seen,1716,val:2009_001816:part_31,2009_001816,bus,window,window,0.6433767676353455,0.7829936146736145,0.09900382906198502,0.346049040555954,0.99951171875,1.0,0.99365234375
geometry_dropout,test_seen,1717,val:2009_001818:part_20,2009_001818,bottle,body,body,0.8689008951187134,0.929852306842804,0.11222393065690994,0.976197361946106,1.0,1.0,1.0
geometry_dropout,test_seen,1718,val:2009_001818:part_21,2009_001818,bottle,cap,cap,0.2874109148979187,0.446494460105896,0.3285024166107178,0.018465088680386543,1.0,1.0,0.99853515625
geometry_dropout,test_seen,1719,val:2009_001850:part_0,2009_001850,aeroplane,body,body,0.5145167112350464,0.6794467568397522,0.18430165946483612,0.48891744017601013,1.0,1.0,1.0
geometry_dropout,test_seen,1720,val:2009_001850:part_1,2009_001850,aeroplane,stern,stern,0.537342369556427,0.6990536451339722,0.3644315004348755,0.1786058396100998,1.0,1.0,0.99951171875
geometry_dropout,test_seen,1721,val:2009_001850:part_2,2009_001850,aeroplane,wing,wing,0.25857141613960266,0.4108967185020447,0.2853965759277344,0.13266944885253906,0.7890625,1.0,0.0002472400665283203
geometry_dropout,test_seen,1722,val:2009_001850:part_4,2009_001850,aeroplane,engine,engine,0.43579235672950745,0.6070409417152405,0.0416666679084301,0.12945711612701416,1.0,1.0,0.99365234375
geometry_dropout,test_seen,1723,val:2009_001850:part_5,2009_001850,aeroplane,wheel,wheel,0.0,0.0,0.4153846204280853,0.001284934114664793,1.0,1.0,0.9970703125
geometry_dropout,test_seen,1724,val:2009_001851:part_0,2009_001851,aeroplane,body,body,0.5212481617927551,0.6852900981903076,0.09372183680534363,0.36242154240608215,1.0,1.0,1.0
geometry_dropout,test_seen,1725,val:2009_001851:part_1,2009_001851,aeroplane,stern,stern,0.7556440830230713,0.8608169555664062,0.15207824110984802,0.3889451324939728,1.0,1.0,0.99951171875
geometry_dropout,test_seen,1726,val:2009_001851:part_2,2009_001851,aeroplane,wing,wing,0.2876579165458679,0.44679245352745056,0.13693900406360626,0.09232638031244278,0.7890625,1.0,0.0002472400665283203
geometry_dropout,test_seen,1727,val:2009_001851:part_4,2009_001851,aeroplane,engine,engine,0.2286527454853058,0.37220078706741333,0.009845288470387459,0.11824256181716919,1.0,1.0,0.99365234375
geometry_dropout,test_seen,1728,val:2009_001851:part_5,2009_001851,aeroplane,wheel,wheel,0.21674877405166626,0.3562752902507782,0.7192118167877197,0.008908686228096485,1.0,1.0,0.9970703125
geometry_dropout,test_seen,1729,val:2009_001854:part_83,2009_001854,person,head,head,0.0,0.0,0.0,0.02600472792983055,1.0,1.0,1.0
geometry_dropout,test_seen,1730,val:2009_001854:part_85,2009_001854,person,torso,torso,0.43589743971824646,0.6071428656578064,0.20770877599716187,0.48463356494903564,1.0,1.0,1.0
geometry_dropout,test_seen,1731,val:2009_001854:part_87,2009_001854,person,leg,leg,0.2334004044532776,0.37846654653549194,0.5653923749923706,0.2742316722869873,1.0,1.0,1.0
geometry_dropout,test_seen,1732,val:2009_001854:part_88,2009_001854,person,foot,foot,0.0,0.0,0.9934640526771545,0.016548464074730873,1.0,1.0,0.81298828125
geometry_dropout,test_seen,1733,val:2009_001854:part_93,2009_001854,person,hair,hair,0.0,0.0,0.0,0.007092198356986046,1.0,1.0,0.998046875
geometry_dropout,test_seen,1734,val:2009_001854:part_94,2009_001854,person,lower arm,lower arm,0.0,0.0,0.0,0.042553190141916275,0.99462890625,1.0,0.02752685546875
geometry_dropout,test_seen,1735,val:2009_001854:part_95,2009_001854,person,upper arm,upper arm,0.072727270424366,0.1355932205915451,0.0,0.1252955049276352,0.958984375,1.0,0.0012845993041992188
geometry_dropout,test_seen,1736,val:2009_001854:part_96,2009_001854,person,hand,hand,0.0,0.0,0.0,0.014184396713972092,1.0,1.0,0.99853515625
geometry_dropout,test_seen,1737,val:2009_002035:part_52,2009_002035,cow,head,head,0.665703296661377,0.7993059754371643,0.20333987474441528,0.33537736535072327,1.0,1.0,1.0
geometry_dropout,test_seen,1738,val:2009_002035:part_53,2009_002035,cow,eye,eye,0.0,0.0,0.0,0.005188679322600365,0.5927734375,0.99951171875,0.00018668174743652344
geometry_dropout,test_seen,1739,val:2009_002035:part_54,2009_002035,cow,torso,torso,0.34964028000831604,0.5181236863136292,0.6012861728668213,0.1490565985441208,1.0,1.0,1.0
geometry_dropout,test_seen,1740,val:2009_002035:part_57,2009_002035,cow,ear,ear,0.3553299605846405,0.5243445634841919,0.5571428537368774,0.14669811725616455,0.0033893585205078125,0.998046875,0.0
geometry_dropout,test_seen,1741,val:2009_002035:part_58,2009_002035,cow,muzzle,muzzle,0.74387526512146,0.853128969669342,0.06712962687015533,0.33113208413124084,0.95166015625,1.0,0.0015668869018554688
geometry_dropout,test_seen,1742,val:2009_002035:part_59,2009_002035,cow,horn,horn,0.06423982977867126,0.12072434276342392,0.5747663378715515,0.03254716843366623,0.64208984375,1.0,8.821487426757812e-06
geometry_dropout,test_seen,1743,val:2009_002042:part_83,2009_002042,person,head,head,0.2631579041481018,0.4166666567325592,0.3120300769805908,0.04154302552342415,1.0,1.0,1.0
geometry_dropout,test_seen,1744,val:2009_002042:part_85,2009_002042,person,torso,torso,0.7025761008262634,0.8253095149993896,0.10797546058893204,0.37922847270965576,1.0,1.0,1.0
geometry_dropout,test_seen,1745,val:2009_002042:part_86,2009_002042,person,neck,neck,0.2748091518878937,0.43113771080970764,0.1484375,0.0231453999876976,1.0,1.0,1.0
geometry_dropout,test_seen,1746,val:2009_002042:part_87,2009_002042,person,leg,leg,0.6135902404785156,0.7605279684066772,0.28716903924942017,0.3614243268966675,1.0,1.0,1.0
geometry_dropout,test_seen,1747,val:2009_002042:part_89,2009_002042,person,nose,nose,0.0,0.0,0.0,0.004747774451971054,0.08404541015625,0.99853515625,5.364418029785156e-07
geometry_dropout,test_seen,1748,val:2009_002042:part_92,2009_002042,person,mouth,mouth,0.0,0.0,0.0,0.0035608308389782906,1.0,1.0,0.9970703125
geometry_dropout,test_seen,1749,val:2009_002042:part_93,2009_002042,person,hair,hair,0.21487602591514587,0.35374149680137634,0.5013774037361145,0.0462907999753952,1.0,1.0,0.998046875
geometry_dropout,test_seen,1750,val:2009_002042:part_94,2009_002042,person,lower arm,lower arm,0.1658291518688202,0.2844827473163605,0.7575757503509521,0.020178042352199554,0.99462890625,1.0,0.02752685546875
geometry_dropout,test_seen,1751,val:2009_002042:part_95,2009_002042,person,upper arm,upper arm,0.22413793206214905,0.3661971688270569,0.5405405163764954,0.09376854449510574,0.958984375,1.0,0.0012845993041992188
geometry_dropout,test_seen,1752,val:2009_002042:part_96,2009_002042,person,hand,hand,0.11731843650341034,0.20999999344348907,0.8198757767677307,0.0231453999876976,1.0,1.0,0.99853515625
geometry_dropout,test_seen,1753,val:2009_002094:part_115,2009_002094,tvmonitor,screen,screen,0.5267194509506226,0.6900016069412231,0.05649103596806526,0.5041522979736328,1.0,1.0,1.0
geometry_dropout,test_seen,1754,val:2009_002097:part_70,2009_002097,horse,tail,tail,0.1666666716337204,0.2857142984867096,0.7801204919815063,0.05696689710021019,0.9697265625,1.0,0.0005617141723632812
geometry_dropout,test_seen,1755,val:2009_002097:part_71,2009_002097,horse,head,head,0.34951457381248474,0.5179855823516846,0.1666666716337204,0.046959199011325836,1.0,1.0,1.0
geometry_dropout,test_seen,1756,val:2009_002097:part_73,2009_002097,horse,torso,torso,0.7424594163894653,0.8521970510482788,0.05962059646844864,0.5881447196006775,1.0,1.0,1.0
geometry_dropout,test_seen,1757,val:2009_002097:part_74,2009_002097,horse,neck,neck,0.569037675857544,0.7253333330154419,0.30901288986206055,0.10931485891342163,1.0,1.0,1.0
geometry_dropout,test_seen,1758,val:2009_002097:part_75,2009_002097,horse,leg,leg,0.2512562870979309,0.4016064405441284,0.6988847851753235,0.16089299321174622,1.0,1.0,1.0
geometry_dropout,test_seen,1759,val:2009_002097:part_77,2009_002097,horse,muzzle,muzzle,0.0,0.0,0.0,0.0192455742508173,0.95166015625,1.0,0.0015668869018554688
geometry_dropout,test_seen,1760,val:2009_002097:part_78,2009_002097,horse,hoof,hoof,0.06870228797197342,0.12857143580913544,0.9274193644523621,0.012317166663706303,0.99658203125,1.0,0.026458740234375
geometry_dropout,test_seen,1761,val:2009_002122:part_51,2009_002122,cow,tail,tail,0.18451400101184845,0.3115438222885132,0.18086956441402435,0.02589462324976921,0.9697265625,1.0,0.0005617141723632812
geometry_dropout,test_seen,1762,val:2009_002122:part_52,2009_002122,cow,head,head,0.4396226406097412,0.6107470393180847,0.09343936294317245,0.04675418138504028,1.0,1.0,1.0
geometry_dropout,test_seen,1763,val:2009_002122:part_53,2009_002122,cow,eye,eye,0.0,0.0,0.0,0.0012587663950398564,0.5927734375,0.99951171875,0.00018668174743652344
geometry_dropout,test_seen,1764,val:2009_002122:part_54,2009_002122,cow,torso,torso,0.4467240273952484,0.6175663471221924,0.06278229504823685,0.3830246329307556,1.0,1.0,1.0
geometry_dropout,test_seen,1765,val:2009_002122:part_55,2009_002122,cow,neck,neck,0.4318840503692627,0.6032388806343079,0.04577464610338211,0.03776299208402634,1.0,1.0,1.0
geometry_dropout,test_seen,1766,val:2009_002122:part_56,2009_002122,cow,leg,leg,0.32957392930984497,0.49575871229171753,0.27696794271469116,0.0674339160323143,1.0,1.0,1.0
geometry_dropout,test_seen,1767,val:2009_002122:part_57,2009_002122,cow,ear,ear,0.0916905477643013,0.16797900199890137,0.1428571492433548,0.0068333032540977,0.0033893585205078125,0.998046875,0.0
geometry_dropout,test_seen,1768,val:2009_002122:part_58,2009_002122,cow,muzzle,muzzle,0.37370243668556213,0.5440806150436401,0.3612167239189148,0.024096384644508362,0.95166015625,1.0,0.0015668869018554688
geometry_dropout,test_seen,1769,val:2009_002122:part_59,2009_002122,cow,horn,horn,0.15600000321865082,0.26989617943763733,0.15322580933570862,0.00737277464941144,0.64208984375,1.0,8.821487426757812e-06
geometry_dropout,test_seen,1770,val:2009_002150:part_52,2009_002150,cow,head,head,0.633577287197113,0.7756930589675903,0.06106080114841461,0.3118576407432556,1.0,1.0,1.0
geometry_dropout,test_seen,1771,val:2009_002150:part_53,2009_002150,cow,eye,eye,0.12820513546466827,0.22727273404598236,0.0,0.004187285900115967,0.5927734375,0.99951171875,0.00018668174743652344
geometry_dropout,test_seen,1772,val:2009_002150:part_54,2009_002150,cow,torso,torso,0.4048144519329071,0.5763244032859802,0.274180144071579,0.20793680846691132,1.0,1.0,1.0
geometry_dropout,test_seen,1773,val:2009_002150:part_56,2009_002150,cow,leg,leg,0.3374660909175873,0.5046349763870239,0.38053098320961,0.13494479656219482,1.0,1.0,1.0
geometry_dropout,test_seen,1774,val:2009_002150:part_57,2009_002150,cow,ear,ear,0.5897085666656494,0.7419077754020691,0.19535519182682037,0.1232394352555275,0.0033893585205078125,0.998046875,0.0
geometry_dropout,test_seen,1775,val:2009_002150:part_58,2009_002150,cow,muzzle,muzzle,0.8030701875686646,0.8907808065414429,0.04846598580479622,0.17719832062721252,0.95166015625,1.0,0.0015668869018554688
geometry_dropout,test_seen,1776,val:2009_002150:part_59,2009_002150,cow,horn,horn,0.012802926823496819,0.02528216689825058,0.18986666202545166,0.032356299459934235,0.64208984375,1.0,8.821487426757812e-06
geometry_dropout,test_seen,1777,val:2009_002165:part_70,2009_002165,horse,tail,tail,0.4359712302684784,0.6072144508361816,0.43066883087158203,0.07383966445922852,0.9697265625,1.0,0.0005617141723632812
geometry_dropout,test_seen,1778,val:2009_002165:part_71,2009_002165,horse,head,head,0.6659242510795593,0.7994652390480042,0.04113110527396202,0.06885308772325516,1.0,1.0,1.0
geometry_dropout,test_seen,1779,val:2009_002165:part_72,2009_002165,horse,eye,eye,0.0,0.0,0.0,0.001342539326287806,0.5927734375,0.99951171875,0.00018668174743652344
geometry_dropout,test_seen,1780,val:2009_002165:part_73,2009_002165,horse,torso,torso,0.6483337879180908,0.7866535186767578,0.07138904184103012,0.4737245738506317,1.0,1.0,1.0
geometry_dropout,test_seen,1781,val:2009_002165:part_74,2009_002165,horse,neck,neck,0.35459184646606445,0.5235404968261719,0.014545454643666744,0.049098581075668335,1.0,1.0,1.0
geometry_dropout,test_seen,1782,val:2009_002165:part_75,2009_002165,horse,leg,leg,0.4122893810272217,0.5838596224784851,0.22346939146518707,0.08534714579582214,1.0,1.0,1.0
geometry_dropout,test_seen,1783,val:2009_002165:part_77,2009_002165,horse,muzzle,muzzle,0.24347825348377228,0.3916083872318268,0.4455445408821106,0.035481397062540054,0.95166015625,1.0,0.0015668869018554688
geometry_dropout,test_seen,1784,val:2009_002165:part_78,2009_002165,horse,hoof,hoof,0.12230215966701508,0.21794871985912323,0.782608687877655,0.012274645268917084,0.99658203125,1.0,0.026458740234375
geometry_dropout,test_seen,1785,val:2009_002171:part_52,2009_002171,cow,head,head,0.3774999976158142,0.5480943918228149,0.08695652335882187,0.07128944247961044,1.0,1.0,1.0
geometry_dropout,test_seen,1786,val:2009_002171:part_53,2009_002171,cow,eye,eye,0.0,0.0,0.0,0.0023373588919639587,0.5927734375,0.99951171875,0.00018668174743652344
geometry_dropout,test_seen,1787,val:2009_002171:part_54,2009_002171,cow,torso,torso,0.7065592408180237,0.8280512690544128,0.054268695414066315,0.5668095350265503,1.0,1.0,1.0
geometry_dropout,test_seen,1788,val:2009_002171:part_55,2009_002171,cow,neck,neck,0.35211268067359924,0.5208333134651184,0.0,0.07674328237771988,1.0,1.0,1.0
geometry_dropout,test_seen,1789,val:2009_002171:part_56,2009_002171,cow,leg,leg,0.20657894015312195,0.34242093563079834,0.3571428656578064,0.1172574982047081,1.0,1.0,1.0
geometry_dropout,test_seen,1790,val:2009_002171:part_57,2009_002171,cow,ear,ear,0.4027777910232544,0.5742574334144592,0.27450981736183167,0.01947798952460289,0.0033893585205078125,0.998046875,0.0
geometry_dropout,test_seen,1791,val:2009_002171:part_58,2009_002171,cow,muzzle,muzzle,0.08675798773765564,0.1596638709306717,0.0,0.0853135958313942,0.95166015625,1.0,0.0015668869018554688
geometry_dropout,test_seen,1792,val:2009_002185:part_20,2009_002185,bottle,body,body,0.38901960849761963,0.560135543346405,0.5649122595787048,0.7947103381156921,1.0,1.0,1.0
geometry_dropout,test_seen,1793,val:2009_002185:part_21,2009_002185,bottle,cap,cap,0.05056179687380791,0.09625668078660965,0.6516854166984558,0.011335012502968311,1.0,1.0,0.99853515625
geometry_dropout,test_seen,1794,val:2009_002202:part_109,2009_002202,train,head,head,0.22189348936080933,0.36319613456726074,0.0626477524638176,0.05580800771713257,1.0,1.0,1.0
geometry_dropout,test_seen,1795,val:2009_002202:part_110,2009_002202,train,front,front,0.6953807473182678,0.8203240036964417,0.1418393850326538,0.16642999649047852,1.0,1.0,1.0
geometry_dropout,test_seen,1796,val:2009_002202:part_111,2009_002202,train,side,side,0.7495667338371277,0.8568598031997681,0.12149804085493088,0.7419767379760742,1.0,1.0,0.99755859375
geometry_dropout,test_seen,1797,val:2009_002202:part_114,2009_002202,train,coach,coach,0.036496348679065704,0.07042253762483597,0.07125407457351685,0.028401022776961327,1.0,1.0,1.0
geometry_dropout,test_seen,1798,val:2009_002221:part_52,2009_002221,cow,head,head,0.3969697058200836,0.5683296918869019,0.06594450771808624,0.10031317919492722,1.0,1.0,1.0
geometry_dropout,test_seen,1799,val:2009_002221:part_53,2009_002221,cow,eye,eye,0.43971630930900574,0.610837459564209,0.0,0.003274176735430956,0.5927734375,0.99951171875,0.00018668174743652344
geometry_dropout,test_seen,1800,val:2009_002221:part_54,2009_002221,cow,torso,torso,0.576690673828125,0.731520414352417,0.060678642243146896,0.4384549558162689,1.0,1.0,1.0
geometry_dropout,test_seen,1801,val:2009_002221:part_57,2009_002221,cow,ear,ear,0.25103306770324707,0.4013212323188782,0.24145077168941498,0.011673151515424252,0.0033893585205078125,0.998046875,0.0
geometry_dropout,test_seen,1802,val:2009_002221:part_58,2009_002221,cow,muzzle,muzzle,0.5788271427154541,0.7332368493080139,0.0712871253490448,0.050441302359104156,0.95166015625,1.0,0.0015668869018554688
geometry_dropout,test_seen,1803,val:2009_002221:part_59,2009_002221,cow,horn,horn,0.19592298567295074,0.3276515007019043,0.3861834704875946,0.00820916797965765,0.64208984375,1.0,8.821487426757812e-06
geometry_dropout,test_seen,1804,val:2009_002265:part_109,2009_002265,train,head,head,0.026446281000971794,0.051529791206121445,0.48033127188682556,0.021465236321091652,1.0,1.0,1.0
geometry_dropout,test_seen,1805,val:2009_002265:part_110,2009_002265,train,front,front,0.727819561958313,0.842471718788147,0.17105263471603394,0.30113548040390015,1.0,1.0,1.0
geometry_dropout,test_seen,1806,val:2009_002265:part_111,2009_002265,train,side,side,0.5388051271438599,0.7002902626991272,0.15980538725852966,0.4548141360282898,1.0,1.0,0.99755859375
geometry_dropout,test_seen,1807,val:2009_002265:part_113,2009_002265,train,roof,roof,0.45498135685920715,0.6254119277000427,0.292140930891037,0.1378130316734314,1.0,1.0,1.0
geometry_dropout,test_seen,1808,val:2009_002265:part_114,2009_002265,train,coach,coach,0.0038787878584116697,0.007727602031081915,0.10741998255252838,0.002644268097355962,1.0,1.0,1.0
geometry_dropout,test_seen,1809,val:2009_002268:part_43,2009_002268,cat,head,head,0.7823616862297058,0.877893328666687,0.08132199943065643,0.6303555965423584,1.0,1.0,1.0
geometry_dropout,test_seen,1810,val:2009_002268:part_44,2009_002268,cat,eye,eye,0.4093567132949829,0.5809128880500793,0.0,0.018958868458867073,0.5927734375,0.99951171875,0.00018668174743652344
geometry_dropout,test_seen,1811,val:2009_002268:part_45,2009_002268,cat,torso,torso,0.1207667738199234,0.2155074179172516,0.13833865523338318,0.040488433092832565,1.0,1.0,1.0
geometry_dropout,test_seen,1812,val:2009_002268:part_46,2009_002268,cat,neck,neck,0.517864465713501,0.6823592782020569,0.057933419942855835,0.14813624322414398,1.0,1.0,1.0
geometry_dropout,test_seen,1813,val:2009_002268:part_48,2009_002268,cat,nose,nose,0.4974619150161743,0.6644067764282227,0.0,0.01403170544654131,0.08404541015625,0.99853515625,5.364418029785156e-07
geometry_dropout,test_seen,1814,val:2009_002268:part_50,2009_002268,cat,ear,ear,0.530154287815094,0.6929422616958618,0.3808303475379944,0.14160239696502686,0.0033893585205078125,0.998046875,0.0
geometry_dropout,test_seen,1815,val:2009_002291:part_109,2009_002291,train,head,head,0.008064515888690948,0.01600000075995922,0.252689927816391,0.004503455013036728,1.0,1.0,1.0
geometry_dropout,test_seen,1816,val:2009_002291:part_110,2009_002291,train,front,front,0.3364405333995819,0.5034874677658081,0.07935666292905807,0.16181381046772003,1.0,1.0,1.0
geometry_dropout,test_seen,1817,val:2009_002291:part_111,2009_002291,train,side,side,0.6806080937385559,0.8099545240402222,0.08468931913375854,0.6994332075119019,1.0,1.0,0.99755859375
geometry_dropout,test_seen,1818,val:2009_002291:part_114,2009_002291,train,coach,coach,0.009794244542717934,0.01939849555492401,0.058841392397880554,0.01001630537211895,1.0,1.0,1.0
geometry_dropout,test_seen,1819,val:2009_002295:part_6,2009_002295,bicycle,wheel,wheel,0.11684434860944748,0.2092401683330536,0.8490357995033264,0.5726495981216431,1.0,1.0,0.9970703125
geometry_dropout,test_seen,1820,val:2009_002295:part_7,2009_002295,bicycle,saddle,saddle,0.15789473056793213,0.27272728085517883,0.6491228342056274,0.03846153989434242,1.0,1.0,0.99951171875
geometry_dropout,test_seen,1821,val:2009_002295:part_8,2009_002295,bicycle,handlebar,handlebar,0.16393442451953888,0.28169015049934387,0.6558823585510254,0.061253562569618225,1.0,1.0,0.9990234375
geometry_dropout,test_seen,1822,val:2009_002295:part_9,2009_002295,bicycle,chainwheel,chainwheel,0.0,0.0,0.4378698170185089,0.19515669345855713,0.984375,1.0,0.01009368896484375
geometry_dropout,test_seen,1823,val:2009_002320:part_0,2009_002320,aeroplane,body,body,0.38954249024391174,0.5606773495674133,0.26623377203941345,0.40896615386009216,1.0,1.0,1.0
geometry_dropout,test_seen,1824,val:2009_002320:part_1,2009_002320,aeroplane,stern,stern,0.19080780446529388,0.32046782970428467,0.29790210723876953,0.1280878335237503,1.0,1.0,0.99951171875
geometry_dropout,test_seen,1825,val:2009_002320:part_2,2009_002320,aeroplane,wing,wing,0.1576642394065857,0.27238336205482483,0.06666667014360428,0.4373284578323364,0.7890625,1.0,0.0002472400665283203
geometry_dropout,test_seen,1826,val:2009_002320:part_5,2009_002320,aeroplane,wheel,wheel,0.08695652335882187,0.1599999964237213,0.875,0.008234217762947083,1.0,1.0,0.9970703125
geometry_dropout,test_seen,1827,val:2009_002346:part_85,2009_002346,person,torso,torso,0.003037051996216178,0.006055712699890137,0.18546263873577118,0.0016538037452846766,1.0,1.0,1.0
geometry_dropout,test_seen,1828,val:2009_002366:part_115,2009_002366,tvmonitor,screen,screen,0.9080590009689331,0.9518144130706787,0.0015838447725400329,0.8807066679000854,1.0,1.0,1.0
geometry_dropout,test_seen,1829,val:2009_002372:part_20,2009_002372,bottle,body,body,0.14881622791290283,0.2590775191783905,0.6286044120788574,0.27191412448883057,1.0,1.0,1.0
geometry_dropout,test_seen,1830,val:2009_002372:part_21,2009_002372,bottle,cap,cap,0.0,0.0,0.6592356562614441,0.010733452625572681,1.0,1.0,0.99853515625
geometry_dropout,test_seen,1831,val:2009_002487:part_98,2009_002487,pottedplant,plant,plant,0.5404682159423828,0.7016934156417847,0.36982789635658264,0.9431589245796204,1.0,1.0,1.0
geometry_dropout,test_seen,1832,val:2009_002521:part_20,2009_002521,bottle,body,body,0.7767155766487122,0.8743274211883545,0.19494707882404327,0.9566863179206848,1.0,1.0,1.0
geometry_dropout,test_seen,1833,val:2009_002521:part_21,2009_002521,bottle,cap,cap,0.6503759622573853,0.7881549000740051,0.17154811322689056,0.042052146047353745,1.0,1.0,0.99853515625
geometry_dropout,test_seen,1834,val:2009_002527:part_42,2009_002527,cat,tail,tail,0.1820027083158493,0.3079564869403839,0.2047930210828781,0.09990359097719193,0.9697265625,1.0,0.0005617141723632812
geometry_dropout,test_seen,1835,val:2009_002527:part_43,2009_002527,cat,head,head,0.637532114982605,0.7786499261856079,0.10432033985853195,0.1550976186990738,1.0,1.0,1.0
geometry_dropout,test_seen,1836,val:2009_002527:part_44,2009_002527,cat,eye,eye,0.0628930851817131,0.11834319680929184,0.0,0.006748613901436329,0.5927734375,0.99951171875,0.00018668174743652344
geometry_dropout,test_seen,1837,val:2009_002527:part_45,2009_002527,cat,torso,torso,0.3892272412776947,0.5603507161140442,0.23870688676834106,0.40202459692955017,1.0,1.0,1.0
geometry_dropout,test_seen,1838,val:2009_002527:part_46,2009_002527,cat,neck,neck,0.5750241875648499,0.7301782369613647,0.03790087625384331,0.0720655545592308,1.0,1.0,1.0
geometry_dropout,test_seen,1839,val:2009_002527:part_47,2009_002527,cat,leg,leg,0.2669627070426941,0.4214215576648712,0.24406355619430542,0.18462279438972473,1.0,1.0,1.0
geometry_dropout,test_seen,1840,val:2009_002527:part_48,2009_002527,cat,nose,nose,0.0,0.0,0.0,0.002410219283774495,0.08404541015625,0.99853515625,5.364418029785156e-07
geometry_dropout,test_seen,1841,val:2009_002527:part_49,2009_002527,cat,paw,paw,0.25099074840545654,0.4012671709060669,0.21407625079154968,0.03193540498614311,0.9912109375,1.0,0.0014209747314453125
geometry_dropout,test_seen,1842,val:2009_002527:part_50,2009_002527,cat,ear,ear,0.46572935581207275,0.6354916095733643,0.3806818127632141,0.03687635436654091,0.0033893585205078125,0.998046875,0.0
geometry_dropout,test_seen,1843,val:2009_002535:part_22,2009_002535,bus,wheel,wheel,0.2737500071525574,0.42983317375183105,0.39420655369758606,0.02390565164387226,1.0,1.0,0.9970703125
geometry_dropout,test_seen,1844,val:2009_002535:part_23,2009_002535,bus,headlight,headlight,0.08636363595724106,0.1589958220720291,0.0,0.006693582516163588,1.0,1.0,0.99755859375
geometry_dropout,test_seen,1845,val:2009_002535:part_24,2009_002535,bus,front,front,0.6265206933021545,0.7703814506530762,0.10754843056201935,0.25010624527931213,1.0,1.0,1.0
geometry_dropout,test_seen,1846,val:2009_002535:part_25,2009_002535,bus,side,side,0.609226405620575,0.7571668028831482,0.10431597381830215,0.41138970851898193,1.0,1.0,0.99755859375
geometry_dropout,test_seen,1847,val:2009_002535:part_31,2009_002535,bus,window,window,0.5736568570137024,0.7290748953819275,0.08378995209932327,0.3064173460006714,0.99951171875,1.0,0.99365234375
geometry_dropout,test_seen,1848,val:2009_002549:part_52,2009_002549,cow,head,head,0.1005154624581337,0.18266978859901428,0.12654320895671844,0.02382604591548443,1.0,1.0,1.0
geometry_dropout,test_seen,1849,val:2009_002549:part_53,2009_002549,cow,eye,eye,0.0,0.0,0.0,0.00023132083879318088,0.5927734375,0.99951171875,0.00018668174743652344
geometry_dropout,test_seen,1850,val:2009_002549:part_54,2009_002549,cow,torso,torso,0.3637644350528717,0.5334710478782654,0.1385183036327362,0.30464956164360046,1.0,1.0,1.0
geometry_dropout,test_seen,1851,val:2009_002549:part_55,2009_002549,cow,neck,neck,0.22256097197532654,0.3640897870063782,0.003436426166445017,0.02544529177248478,1.0,1.0,1.0
geometry_dropout,test_seen,1852,val:2009_002549:part_56,2009_002549,cow,leg,leg,0.13851352035999298,0.2433234453201294,0.46424242854118347,0.08605135232210159,1.0,1.0,1.0
geometry_dropout,test_seen,1853,val:2009_002549:part_57,2009_002549,cow,ear,ear,0.028938906267285347,0.05624999850988388,0.09180327504873276,0.00346981268376112,0.0033893585205078125,0.998046875,0.0
geometry_dropout,test_seen,1854,val:2009_002549:part_58,2009_002549,cow,muzzle,muzzle,0.0,0.0,0.0796460211277008,0.003238491714000702,0.95166015625,1.0,0.0015668869018554688
geometry_dropout,test_seen,1855,val:2009_002562:part_115,2009_002562,tvmonitor,screen,screen,0.8913649320602417,0.9425625801086426,0.0,0.49155789613723755,1.0,1.0,1.0
geometry_dropout,test_seen,1856,val:2009_002568:part_109,2009_002568,train,head,head,0.0068807341158390045,0.013667426072061062,0.046035803854465485,0.003613097593188286,1.0,1.0,1.0
geometry_dropout,test_seen,1857,val:2009_002568:part_110,2009_002568,train,front,front,0.8396351337432861,0.9128279089927673,0.09078404307365417,0.5001881718635559,1.0,1.0,1.0
geometry_dropout,test_seen,1858,val:2009_002568:part_111,2009_002568,train,side,side,0.7792642116546631,0.8759398460388184,0.03736201673746109,0.46925103664398193,1.0,1.0,0.99755859375
geometry_dropout,test_seen,1859,val:2009_002568:part_114,2009_002568,train,coach,coach,0.002186323283240199,0.004363107495009899,0.010081379674375057,0.0013549115974456072,1.0,1.0,1.0
geometry_dropout,test_seen,1860,val:2009_002571:part_97,2009_002571,pottedplant,pot,pot,0.0,0.0,0.0,0.06451612710952759,1.0,1.0,0.9990234375
geometry_dropout,test_seen,1861,val:2009_002571:part_98,2009_002571,pottedplant,plant,plant,0.0,0.0,0.8541666865348816,0.08602150529623032,1.0,1.0,1.0
geometry_dropout,test_seen,1862,val:2009_002573:part_20,2009_002573,bottle,body,body,0.0,0.0,0.0,0.9152542352676392,1.0,1.0,1.0
geometry_dropout,test_seen,1863,val:2009_002573:part_21,2009_002573,bottle,cap,cap,0.0,0.0,0.0,0.06779661029577255,1.0,1.0,0.99853515625
geometry_dropout,test_seen,1864,val:2009_002584:part_97,2009_002584,pottedplant,pot,pot,0.0,0.0,0.2975206673145294,0.03216374292969704,1.0,1.0,0.9990234375
geometry_dropout,test_seen,1865,val:2009_002584:part_98,2009_002584,pottedplant,plant,plant,0.06573816388845444,0.12336643785238266,0.3631245493888855,0.179824560880661,1.0,1.0,1.0
geometry_dropout,test_seen,1866,val:2009_002594:part_20,2009_002594,bottle,body,body,0.5595003366470337,0.7175379395484924,0.38785046339035034,0.9209694266319275,1.0,1.0,1.0
geometry_dropout,test_seen,1867,val:2009_002594:part_21,2009_002594,bottle,cap,cap,0.17518247663974762,0.2981366515159607,0.6618005037307739,0.07586933672428131,1.0,1.0,0.99853515625
geometry_dropout,test_seen,1868,val:2009_002635:part_51,2009_002635,cow,tail,tail,0.0788530483841896,0.1461794078350067,0.5960502624511719,0.021603455767035484,0.9697265625,1.0,0.0005617141723632812
geometry_dropout,test_seen,1869,val:2009_002635:part_52,2009_002635,cow,head,head,0.20472441613674164,0.33986929059028625,0.5604838728904724,0.02784445509314537,1.0,1.0,1.0
geometry_dropout,test_seen,1870,val:2009_002635:part_54,2009_002635,cow,torso,torso,0.6705151200294495,0.8027644753456116,0.11716621369123459,0.3744599223136902,1.0,1.0,1.0
geometry_dropout,test_seen,1871,val:2009_002635:part_55,2009_002635,cow,neck,neck,0.2857142984867096,0.4444444477558136,0.4909090995788574,0.025444071739912033,1.0,1.0,1.0
geometry_dropout,test_seen,1872,val:2009_002635:part_56,2009_002635,cow,leg,leg,0.12731006741523743,0.2258652150630951,0.5704225301742554,0.059049446135759354,1.0,1.0,1.0
geometry_dropout,test_seen,1873,val:2009_002635:part_57,2009_002635,cow,ear,ear,0.0071428571827709675,0.014184396713972092,0.5447761416435242,0.0033605375792831182,0.0033893585205078125,0.998046875,0.0
geometry_dropout,test_seen,1874,val:2009_002635:part_58,2009_002635,cow,muzzle,muzzle,0.016129031777381897,0.0317460335791111,0.9803921580314636,0.005760921631008387,0.95166015625,1.0,0.0015668869018554688
geometry_dropout,test_seen,1875,val:2009_002638:part_109,2009_002638,train,head,head,0.01002506259828806,0.019851116463541985,0.5511363744735718,0.0036735576577484608,1.0,1.0,1.0
geometry_dropout,test_seen,1876,val:2009_002638:part_110,2009_002638,train,front,front,0.6731615662574768,0.8046581745147705,0.08872388303279877,0.7141827940940857,1.0,1.0,1.0
geometry_dropout,test_seen,1877,val:2009_002638:part_111,2009_002638,train,side,side,0.3955610990524292,0.5668846368789673,0.0757087990641594,0.2756608724594116,1.0,1.0,0.99755859375
geometry_dropout,test_seen,1878,val:2009_002649:part_20,2009_002649,bottle,body,body,0.8548945784568787,0.9217715859413147,0.10279149562120438,0.9632907509803772,1.0,1.0,1.0
geometry_dropout,test_seen,1879,val:2009_002649:part_21,2009_002649,bottle,cap,cap,0.6489361524581909,0.7870967984199524,0.30612245202064514,0.03649076819419861,1.0,1.0,0.99853515625
geometry_dropout,test_seen,1880,val:2009_002651:part_83,2009_002651,person,head,head,0.44514769315719604,0.6160584092140198,0.5210970640182495,0.1926940679550171,1.0,1.0,1.0
geometry_dropout,test_seen,1881,val:2009_002651:part_85,2009_002651,person,torso,torso,0.18010291457176208,0.30523255467414856,0.2509225010871887,0.13333334028720856,1.0,1.0,1.0
geometry_dropout,test_seen,1882,val:2009_002651:part_87,2009_002651,person,leg,leg,0.5132450461387634,0.6783369779586792,0.39966273307800293,0.2931506931781769,1.0,1.0,1.0
geometry_dropout,test_seen,1883,val:2009_002651:part_88,2009_002651,person,foot,foot,0.14049586653709412,0.24637681245803833,0.84112149477005,0.056621003895998,1.0,1.0,0.81298828125
geometry_dropout,test_seen,1884,val:2009_002651:part_94,2009_002651,person,lower arm,lower arm,0.0,0.0,0.10144927352666855,0.05296803638339043,0.99462890625,1.0,0.02752685546875
geometry_dropout,test_seen,1885,val:2009_002651:part_95,2009_002651,person,upper arm,upper arm,0.01344086043536663,0.02652519941329956,0.3061889111995697,0.06392694264650345,0.958984375,1.0,0.0012845993041992188
geometry_dropout,test_seen,1886,val:2009_002651:part_96,2009_002651,person,hand,hand,0.0,0.0,1.0,0.03378995507955551,1.0,1.0,0.99853515625
geometry_dropout,test_seen,1887,val:2009_002732:part_20,2009_002732,bottle,body,body,0.29832714796066284,0.4595561921596527,0.2874827980995178,0.7613636255264282,1.0,1.0,1.0
geometry_dropout,test_seen,1888,val:2009_002732:part_21,2009_002732,bottle,cap,cap,0.24242424964904785,0.39024388790130615,0.03553299605846405,0.20454545319080353,1.0,1.0,0.99853515625
geometry_dropout,test_seen,1889,val:2009_002749:part_20,2009_002749,bottle,body,body,0.7742118239402771,0.8727388978004456,0.2189517617225647,0.9562601447105408,1.0,1.0,1.0
geometry_dropout,test_seen,1890,val:2009_002749:part_21,2009_002749,bottle,cap,cap,0.4166666567325592,0.5882353186607361,0.3069620132446289,0.040962740778923035,1.0,1.0,0.99853515625
geometry_dropout,test_seen,1891,val:2009_002753:part_43,2009_002753,cat,head,head,0.7301893830299377,0.8440572023391724,0.07881773263216019,0.6411676406860352,1.0,1.0,1.0
geometry_dropout,test_seen,1892,val:2009_002753:part_44,2009_002753,cat,eye,eye,0.5611284971237183,0.718875527381897,0.0,0.02709580771625042,0.5927734375,0.99951171875,0.00018668174743652344
geometry_dropout,test_seen,1893,val:2009_002753:part_47,2009_002753,cat,leg,leg,0.25782155990600586,0.40994933247566223,0.32535046339035034,0.06871257722377777,1.0,1.0,1.0
geometry_dropout,test_seen,1894,val:2009_002753:part_48,2009_002753,cat,nose,nose,0.6602563858032227,0.7953668236732483,0.0,0.018263472244143486,0.08404541015625,0.99853515625,5.364418029785156e-07
geometry_dropout,test_seen,1895,val:2009_002753:part_49,2009_002753,cat,paw,paw,0.554347813129425,0.7132866978645325,0.394875168800354,0.1360778510570526,0.9912109375,1.0,0.0014209747314453125
geometry_dropout,test_seen,1896,val:2009_002753:part_50,2009_002753,cat,ear,ear,0.4417404234409332,0.6127877235412598,0.40832048654556274,0.0983532965183258,0.0033893585205078125,0.998046875,0.0
geometry_dropout,test_seen,1897,val:2009_002771:part_97,2009_002771,pottedplant,pot,pot,0.40186914801597595,0.5733333230018616,0.5514018535614014,0.609929084777832,1.0,1.0,0.9990234375
geometry_dropout,test_seen,1898,val:2009_002771:part_98,2009_002771,pottedplant,plant,plant,0.058548010885715485,0.11061947047710419,0.907216489315033,0.38061466813087463,1.0,1.0,1.0
geometry_dropout,test_seen,1899,val:2009_002808:part_0,2009_002808,aeroplane,body,body,0.4058421850204468,0.5773652195930481,0.2161341905593872,0.8577183485031128,1.0,1.0,1.0
geometry_dropout,test_seen,1900,val:2009_002808:part_1,2009_002808,aeroplane,stern,stern,0.10775176435709,0.1945413500070572,0.24726811051368713,0.08039770275354385,1.0,1.0,0.99951171875
geometry_dropout,test_seen,1901,val:2009_002808:part_2,2009_002808,aeroplane,wing,wing,0.048032768070697784,0.09166271984577179,0.149825781583786,0.03497042879462242,0.7890625,1.0,0.0002472400665283203
geometry_dropout,test_seen,1902,val:2009_002856:part_20,2009_002856,bottle,body,body,0.7762973308563232,0.8740623593330383,0.20073632895946503,0.9712656140327454,1.0,1.0,1.0
geometry_dropout,test_seen,1903,val:2009_002856:part_21,2009_002856,bottle,cap,cap,0.4692307710647583,0.6387434601783752,0.33043476939201355,0.01667032204568386,1.0,1.0,0.99853515625
geometry_dropout,test_seen,1904,val:2009_002887:part_114,2009_002887,train,coach,coach,0.844947338104248,0.9159582257270813,0.0994904488325119,0.9963094592094421,1.0,1.0,1.0
geometry_dropout,test_seen,1905,val:2009_002888:part_0,2009_002888,aeroplane,body,body,0.17631152272224426,0.2997701168060303,0.2419089376926422,0.1321321278810501,1.0,1.0,1.0
geometry_dropout,test_seen,1906,val:2009_002888:part_1,2009_002888,aeroplane,stern,stern,0.15705128014087677,0.2714681327342987,0.4601941704750061,0.07770270109176636,1.0,1.0,0.99951171875
geometry_dropout,test_seen,1907,val:2009_002888:part_2,2009_002888,aeroplane,wing,wing,0.0,0.0,0.577049195766449,0.04954954981803894,0.7890625,1.0,0.0002472400665283203
geometry_dropout,test_seen,1908,val:2009_002888:part_5,2009_002888,aeroplane,wheel,wheel,0.008902077563107014,0.01764705963432789,0.9262820482254028,0.010510510765016079,1.0,1.0,0.9970703125
geometry_dropout,test_seen,1909,val:2009_002928:part_6,2009_002928,bicycle,wheel,wheel,0.05023474246263504,0.09566383808851242,0.7723404169082642,0.5351302027702332,1.0,1.0,0.9970703125
geometry_dropout,test_seen,1910,val:2009_002928:part_7,2009_002928,bicycle,saddle,saddle,0.26477542519569397,0.41869157552719116,0.7024999856948853,0.040884312242269516,1.0,1.0,0.99951171875
geometry_dropout,test_seen,1911,val:2009_002928:part_8,2009_002928,bicycle,handlebar,handlebar,0.2150900959968567,0.354031503200531,0.7613908648490906,0.07419745624065399,1.0,1.0,0.9990234375
geometry_dropout,test_seen,1912,val:2009_002928:part_9,2009_002928,bicycle,chainwheel,chainwheel,0.29522183537483215,0.45586296916007996,0.6672629714012146,0.06056935340166092,0.984375,1.0,0.01009368896484375
geometry_dropout,test_seen,1913,val:2009_002936:part_43,2009_002936,cat,head,head,0.6839309334754944,0.812302827835083,0.17991632223129272,0.16301774978637695,1.0,1.0,1.0
geometry_dropout,test_seen,1914,val:2009_002936:part_44,2009_002936,cat,eye,eye,0.17741934955120087,0.30136987566947937,0.0,0.007100591901689768,0.5927734375,0.99951171875,0.00018668174743652344
geometry_dropout,test_seen,1915,val:2009_002936:part_45,2009_002936,cat,torso,torso,0.6244483590126038,0.7688128352165222,0.08643167465925217,0.47633135318756104,1.0,1.0,1.0
geometry_dropout,test_seen,1916,val:2009_002936:part_46,2009_002936,cat,neck,neck,0.4921700358390808,0.6596701741218567,0.12385321408510208,0.06834319233894348,1.0,1.0,1.0
geometry_dropout,test_seen,1917,val:2009_002936:part_47,2009_002936,cat,leg,leg,0.3232611119747162,0.4885825216770172,0.056253738701343536,0.19230769574642181,1.0,1.0,1.0
geometry_dropout,test_seen,1918,val:2009_002936:part_48,2009_002936,cat,nose,nose,0.0,0.0,0.0,0.004142011981457472,0.08404541015625,0.99853515625,5.364418029785156e-07
geometry_dropout,test_seen,1919,val:2009_002936:part_49,2009_002936,cat,paw,paw,0.15286624431610107,0.265193372964859,0.2537878751754761,0.028994083404541016,0.9912109375,1.0,0.0014209747314453125
geometry_dropout,test_seen,1920,val:2009_002936:part_50,2009_002936,cat,ear,ear,0.25827813148498535,0.410526305437088,0.5570934414863586,0.026923077180981636,0.0033893585205078125,0.998046875,0.0
geometry_dropout,test_seen,1921,val:2009_002975:part_70,2009_002975,horse,tail,tail,0.16816817224025726,0.28791773319244385,0.47669172286987305,0.014707796275615692,0.9697265625,1.0,0.0005617141723632812
geometry_dropout,test_seen,1922,val:2009_002975:part_71,2009_002975,horse,head,head,0.5967105031013489,0.7474247813224792,0.07783640921115875,0.11857347190380096,1.0,1.0,1.0
geometry_dropout,test_seen,1923,val:2009_002975:part_72,2009_002975,horse,eye,eye,0.1875,0.31578946113586426,0.0,0.0027333071921020746,0.5927734375,0.99951171875,0.00018668174743652344
geometry_dropout,test_seen,1924,val:2009_002975:part_73,2009_002975,horse,torso,torso,0.7718808054924011,0.8712559342384338,0.06409744173288345,0.5866197943687439,1.0,1.0,1.0
geometry_dropout,test_seen,1925,val:2009_002975:part_75,2009_002975,horse,leg,leg,0.307224839925766,0.47004133462905884,0.34385567903518677,0.13653521239757538,1.0,1.0,1.0
geometry_dropout,test_seen,1926,val:2009_002975:part_76,2009_002975,horse,ear,ear,0.18018017709255219,0.30534350872039795,0.18018017709255219,0.007809449452906847,0.0033893585205078125,0.998046875,0.0
geometry_dropout,test_seen,1927,val:2009_002975:part_77,2009_002975,horse,muzzle,muzzle,0.7372742295265198,0.8487712740898132,0.13571429252624512,0.06481842696666718,0.95166015625,1.0,0.0015668869018554688
geometry_dropout,test_seen,1928,val:2009_002975:part_78,2009_002975,horse,hoof,hoof,0.0,0.0,0.6666666865348816,0.0019523623632267118,0.99658203125,1.0,0.026458740234375
geometry_dropout,test_seen,1929,val:2009_002982:part_108,2009_002982,train,headlight,headlight,0.0,0.0,0.0,0.00023367215180769563,1.0,1.0,0.99755859375
geometry_dropout,test_seen,1930,val:2009_002982:part_109,2009_002982,train,head,head,0.031434185802936554,0.060952380299568176,0.5313531160354614,0.02594367228448391,1.0,1.0,1.0
geometry_dropout,test_seen,1931,val:2009_002982:part_110,2009_002982,train,front,front,0.8597070574760437,0.9245617985725403,0.04325699806213379,0.5022788643836975,1.0,1.0,1.0
geometry_dropout,test_seen,1932,val:2009_002982:part_111,2009_002982,train,side,side,0.8255713582038879,0.9044525623321533,0.06126008182764053,0.4534299373626709,1.0,1.0,0.99755859375
geometry_dropout,test_seen,1933,val:2009_002982:part_114,2009_002982,train,coach,coach,0.0,0.0,0.049494948238134384,0.00023372677969746292,1.0,1.0,1.0
geometry_dropout,test_seen,1934,val:2009_003003:part_20,2009_003003,bottle,body,body,0.8221664428710938,0.9024054408073425,0.14964045584201813,0.952525794506073,1.0,1.0,1.0
geometry_dropout,test_seen,1935,val:2009_003003:part_21,2009_003003,bottle,cap,cap,0.5143540501594543,0.6793048977851868,0.2871287167072296,0.043639250099658966,1.0,1.0,0.99853515625
geometry_dropout,test_seen,1936,val:2009_003005:part_0,2009_003005,aeroplane,body,body,0.5808665752410889,0.7348710894584656,0.19304503500461578,0.42361927032470703,1.0,1.0,1.0
geometry_dropout,test_seen,1937,val:2009_003005:part_1,2009_003005,aeroplane,stern,stern,0.41551610827445984,0.5870878100395203,0.39867550134658813,0.18889541923999786,1.0,1.0,0.99951171875
geometry_dropout,test_seen,1938,val:2009_003005:part_2,2009_003005,aeroplane,wing,wing,0.22437810897827148,0.36651766300201416,0.4002396762371063,0.2326674461364746,0.7890625,1.0,0.0002472400665283203
geometry_dropout,test_seen,1939,val:2009_003005:part_4,2009_003005,aeroplane,engine,engine,0.36615678668022156,0.5360391736030579,0.20889748632907867,0.1160399541258812,1.0,1.0,0.99365234375
geometry_dropout,test_seen,1940,val:2009_003005:part_5,2009_003005,aeroplane,wheel,wheel,0.15447154641151428,0.26760563254356384,0.6229507923126221,0.023795533925294876,1.0,1.0,0.9970703125
geometry_dropout,test_seen,1941,val:2009_003043:part_85,2009_003043,person,torso,torso,0.0,0.0,0.0,0.2857142984867096,1.0,1.0,1.0
geometry_dropout,test_seen,1942,val:2009_003043:part_87,2009_003043,person,leg,leg,0.0,0.0,0.0,0.2142857164144516,1.0,1.0,1.0
geometry_dropout,test_seen,1943,val:2009_003043:part_95,2009_003043,person,upper arm,upper arm,0.0,0.0,0.0,0.2857142984867096,0.958984375,1.0,0.0012845993041992188
geometry_dropout,test_seen,1944,val:2009_003059:part_52,2009_003059,cow,head,head,0.23264849185943604,0.3774774372577667,0.08349739760160446,0.381247878074646,1.0,1.0,1.0
geometry_dropout,test_seen,1945,val:2009_003059:part_53,2009_003059,cow,eye,eye,0.1577909290790558,0.27257239818573,0.0,0.004169292747974396,0.5927734375,0.99951171875,0.00018668174743652344
geometry_dropout,test_seen,1946,val:2009_003059:part_54,2009_003059,cow,torso,torso,0.0,0.0,0.13890156149864197,0.01313812006264925,1.0,1.0,1.0
geometry_dropout,test_seen,1947,val:2009_003059:part_57,2009_003059,cow,ear,ear,0.4082787334918976,0.5798265933990479,0.01404741033911705,0.11882483959197998,0.0033893585205078125,0.998046875,0.0
geometry_dropout,test_seen,1948,val:2009_003059:part_58,2009_003059,cow,muzzle,muzzle,0.019400352612137794,0.03806228190660477,0.1148577481508255,0.02007078193128109,0.95166015625,1.0,0.0015668869018554688
geometry_dropout,test_seen,1949,val:2009_003065:part_6,2009_003065,bicycle,wheel,wheel,0.06680584698915482,0.1252446174621582,0.8483412265777588,0.6109979748725891,1.0,1.0,0.9970703125
geometry_dropout,test_seen,1950,val:2009_003065:part_8,2009_003065,bicycle,handlebar,handlebar,0.06224899739027023,0.1172022670507431,0.9344608783721924,0.11405295133590698,1.0,1.0,0.9990234375
geometry_dropout,test_seen,1951,val:2009_003065:part_9,2009_003065,bicycle,chainwheel,chainwheel,0.08403361588716507,0.1550387591123581,0.7692307829856873,0.09979633241891861,0.984375,1.0,0.01009368896484375
geometry_dropout,test_seen,1952,val:2009_003071:part_83,2009_003071,person,head,head,0.7052810788154602,0.8271728157997131,0.04642857238650322,0.20578628778457642,1.0,1.0,1.0
geometry_dropout,test_seen,1953,val:2009_003071:part_84,2009_003071,person,eye,eye,0.10924369841814041,0.19696970283985138,0.0517241396009922,0.007466169074177742,0.5927734375,0.99951171875,0.00018668174743652344
geometry_dropout,test_seen,1954,val:2009_003071:part_85,2009_003071,person,torso,torso,0.4401622712612152,0.611267626285553,0.11084337532520294,0.27531498670578003,1.0,1.0,1.0
geometry_dropout,test_seen,1955,val:2009_003071:part_89,2009_003071,person,nose,nose,0.2054794579744339,0.34090909361839294,0.035087719559669495,0.014465702697634697,0.08404541015625,0.99853515625,5.364418029785156e-07
geometry_dropout,test_seen,1956,val:2009_003071:part_90,2009_003071,person,ear,ear,0.2222222238779068,0.3636363744735718,0.7580645084381104,0.006999533157795668,0.0033893585205078125,0.998046875,0.0
geometry_dropout,test_seen,1957,val:2009_003071:part_91,2009_003071,person,eyebrow,eyebrow,0.0,0.0,0.0,0.0009332711342722178,9.763240814208984e-05,0.09027099609375,0.0
geometry_dropout,test_seen,1958,val:2009_003071:part_92,2009_003071,person,mouth,mouth,0.0,0.0,0.0,0.004199719987809658,1.0,1.0,0.9970703125
geometry_dropout,test_seen,1959,val:2009_003071:part_93,2009_003071,person,hair,hair,0.6565977931022644,0.792706310749054,0.15075376629829407,0.20765282213687897,1.0,1.0,0.998046875
geometry_dropout,test_seen,1960,val:2009_003071:part_94,2009_003071,person,lower arm,lower arm,0.009259259328246117,0.01834862306714058,0.03378378227353096,0.03266448900103569,0.99462890625,1.0,0.02752685546875
geometry_dropout,test_seen,1961,val:2009_003071:part_95,2009_003071,person,upper arm,upper arm,0.45968881249427795,0.6298449635505676,0.21263481676578522,0.17872141301631927,0.958984375,1.0,0.0012845993041992188
geometry_dropout,test_seen,1962,val:2009_003071:part_96,2009_003071,person,hand,hand,0.0,0.0,0.29629629850387573,0.03639757260680199,1.0,1.0,0.99853515625
geometry_dropout,test_seen,1963,val:2009_003105:part_109,2009_003105,train,head,head,0.0,0.0,1.0,0.00469583785161376,1.0,1.0,1.0
geometry_dropout,test_seen,1964,val:2009_003105:part_110,2009_003105,train,front,front,0.7286515235900879,0.8430287837982178,0.13866396248340607,0.24322305619716644,1.0,1.0,1.0
geometry_dropout,test_seen,1965,val:2009_003105:part_111,2009_003105,train,side,side,0.803669273853302,0.8911492824554443,0.13696488738059998,0.7282817363739014,1.0,1.0,0.99755859375
geometry_dropout,test_seen,1966,val:2009_003193:part_6,2009_003193,bicycle,wheel,wheel,0.05764966830611229,0.10901467502117157,0.5690608024597168,0.5741846561431885,1.0,1.0,0.9970703125
geometry_dropout,test_seen,1967,val:2009_003193:part_7,2009_003193,bicycle,saddle,saddle,0.1538461595773697,0.2666666805744171,0.7828282713890076,0.04547542333602905,1.0,1.0,0.99951171875
geometry_dropout,test_seen,1968,val:2009_003193:part_8,2009_003193,bicycle,handlebar,handlebar,0.21899224817752838,0.3593004643917084,0.7030302882194519,0.06155259534716606,1.0,1.0,0.9990234375
geometry_dropout,test_seen,1969,val:2009_003193:part_9,2009_003193,bicycle,chainwheel,chainwheel,0.3684210479259491,0.5384615659713745,0.5507246255874634,0.060174550861120224,0.984375,1.0,0.01009368896484375
geometry_dropout,test_seen,1970,val:2009_003224:part_6,2009_003224,bicycle,wheel,wheel,0.28940629959106445,0.4488985240459442,0.6109546422958374,0.6830903887748718,1.0,1.0,0.9970703125
geometry_dropout,test_seen,1971,val:2009_003224:part_7,2009_003224,bicycle,saddle,saddle,0.23979592323303223,0.38683128356933594,0.7423469424247742,0.02740524709224701,1.0,1.0,0.99951171875
geometry_dropout,test_seen,1972,val:2009_003224:part_8,2009_003224,bicycle,handlebar,handlebar,0.18987341225147247,0.3191489279270172,0.779187798500061,0.04431486874818802,1.0,1.0,0.9990234375
geometry_dropout,test_seen,1973,val:2009_003224:part_9,2009_003224,bicycle,chainwheel,chainwheel,0.06611569970846176,0.12403100728988647,0.7026143670082092,0.023615160956978798,0.984375,1.0,0.01009368896484375
geometry_dropout,test_seen,1974,val:2009_003269:part_20,2009_003269,bottle,body,body,0.7426820993423462,0.852343738079071,0.22964508831501007,0.9689387679100037,1.0,1.0,1.0
geometry_dropout,test_seen,1975,val:2009_003269:part_21,2009_003269,bottle,cap,cap,0.16842105984687805,0.28828829526901245,0.6666666865348816,0.031061260029673576,1.0,1.0,0.99853515625
geometry_dropout,test_seen,1976,val:2009_003299:part_109,2009_003299,train,head,head,0.02024507150053978,0.03968668356537819,0.46432551741600037,0.01821466162800789,1.0,1.0,1.0
geometry_dropout,test_seen,1977,val:2009_003299:part_110,2009_003299,train,front,front,0.5179447531700134,0.6824289560317993,0.21393442153930664,0.33403581380844116,1.0,1.0,1.0
geometry_dropout,test_seen,1978,val:2009_003299:part_111,2009_003299,train,side,side,0.5627728700637817,0.7202234864234924,0.15987752377986908,0.6474484205245972,1.0,1.0,0.99755859375
geometry_dropout,test_seen,1979,val:2009_003304:part_22,2009_003304,bus,wheel,wheel,0.38160136342048645,0.5524044632911682,0.22203098237514496,0.01529967412352562,1.0,1.0,0.9970703125
geometry_dropout,test_seen,1980,val:2009_003304:part_23,2009_003304,bus,headlight,headlight,0.1587301641702652,0.27397260069847107,0.0,0.015233153477311134,1.0,1.0,0.99755859375
geometry_dropout,test_seen,1981,val:2009_003304:part_24,2009_003304,bus,front,front,0.686522364616394,0.8141278028488159,0.13050363957881927,0.2900286018848419,1.0,1.0,1.0
geometry_dropout,test_seen,1982,val:2009_003304:part_25,2009_003304,bus,side,side,0.5550889372825623,0.7138999104499817,0.06732100248336792,0.3088538646697998,1.0,1.0,0.99755859375
geometry_dropout,test_seen,1983,val:2009_003304:part_28,2009_003304,bus,mirror,mirror,0.04854368790984154,0.09259258955717087,0.20886075496673584,0.003858178621158004,0.05572509765625,0.9814453125,4.112720489501953e-06
geometry_dropout,test_seen,1984,val:2009_003304:part_30,2009_003304,bus,door,door,0.6242527961730957,0.768664538860321,0.015832263976335526,0.09758531302213669,0.204833984375,0.9970703125,2.777576446533203e-05
geometry_dropout,test_seen,1985,val:2009_003304:part_31,2009_003304,bus,window,window,0.7199104428291321,0.8371487259864807,0.01280361507087946,0.2598283886909485,0.99951171875,1.0,0.99365234375
geometry_dropout,test_seen,1986,val:2009_003311:part_109,2009_003311,train,head,head,0.03801652789115906,0.07324840873479843,0.24903100728988647,0.024545256048440933,1.0,1.0,1.0
geometry_dropout,test_seen,1987,val:2009_003311:part_110,2009_003311,train,front,front,0.41098445653915405,0.5825499296188354,0.05248906463384628,0.21992109715938568,1.0,1.0,1.0
geometry_dropout,test_seen,1988,val:2009_003311:part_111,2009_003311,train,side,side,0.35955771803855896,0.5289333462715149,0.07773244380950928,0.38067060708999634,1.0,1.0,0.99755859375
geometry_dropout,test_seen,1989,val:2009_003311:part_114,2009_003311,train,coach,coach,0.0045298063196241856,0.009018759243190289,0.09582490473985672,0.011724742129445076,1.0,1.0,1.0
geometry_dropout,test_seen,1990,val:2009_003323:part_70,2009_003323,horse,tail,tail,0.5426121950149536,0.7034978866577148,0.029579658061265945,0.26185518503189087,0.9697265625,1.0,0.0005617141723632812
geometry_dropout,test_seen,1991,val:2009_003323:part_71,2009_003323,horse,head,head,0.2358490526676178,0.38167938590049744,0.5891088843345642,0.04418228194117546,1.0,1.0,1.0
geometry_dropout,test_seen,1992,val:2009_003323:part_73,2009_003323,horse,torso,torso,0.5887067317962646,0.7411144375801086,0.08748481422662735,0.43765902519226074,1.0,1.0,1.0
geometry_dropout,test_seen,1993,val:2009_003323:part_74,2009_003323,horse,neck,neck,0.6203208565711975,0.7656765580177307,0.15126051008701324,0.057598888874053955,1.0,1.0,1.0
geometry_dropout,test_seen,1994,val:2009_003323:part_75,2009_003323,horse,leg,leg,0.5029868483543396,0.6693163514137268,0.1527581363916397,0.12745778262615204,1.0,1.0,1.0
geometry_dropout,test_seen,1995,val:2009_003323:part_76,2009_003323,horse,ear,ear,0.0,0.0,0.0,0.003932454157620668,0.0033893585205078125,0.998046875,0.0
geometry_dropout,test_seen,1996,val:2009_003323:part_77,2009_003323,horse,muzzle,muzzle,0.0,0.0,1.0,0.021512838080525398,0.95166015625,1.0,0.0015668869018554688
geometry_dropout,test_seen,1997,val:2009_003323:part_78,2009_003323,horse,hoof,hoof,0.27941176295280457,0.4367816150188446,0.5031055808067322,0.02313208393752575,0.99658203125,1.0,0.026458740234375
geometry_dropout,test_seen,1998,val:2009_003343:part_6,2009_003343,bicycle,wheel,wheel,0.1567234843969345,0.27097830176353455,0.707855224609375,0.6905640363693237,1.0,1.0,0.9970703125
geometry_dropout,test_seen,1999,val:2009_003343:part_8,2009_003343,bicycle,handlebar,handlebar,0.03781512752175331,0.07287449389696121,0.6052631735801697,0.030047442764043808,1.0,1.0,0.9990234375
geometry_dropout,test_seen,2000,val:2009_003343:part_9,2009_003343,bicycle,chainwheel,chainwheel,0.0,0.0,0.0,0.005271481350064278,0.984375,1.0,0.01009368896484375
geometry_dropout,test_seen,2001,val:2009_003433:part_114,2009_003433,train,coach,coach,0.8307340741157532,0.9075420498847961,0.09594391286373138,0.9148521423339844,1.0,1.0,1.0
geometry_dropout,test_seen,2002,val:2009_003481:part_71,2009_003481,horse,head,head,0.550834596157074,0.7103717923164368,0.05183946341276169,0.06171761453151703,1.0,1.0,1.0
geometry_dropout,test_seen,2003,val:2009_003481:part_72,2009_003481,horse,eye,eye,0.0,0.0,0.0,0.0021834061481058598,0.5927734375,0.99951171875,0.00018668174743652344
geometry_dropout,test_seen,2004,val:2009_003481:part_73,2009_003481,horse,torso,torso,0.405250608921051,0.576766312122345,0.17239725589752197,0.3754003047943115,1.0,1.0,1.0
geometry_dropout,test_seen,2005,val:2009_003481:part_74,2009_003481,horse,neck,neck,0.46704545617103577,0.6367157101631165,0.10235131531953812,0.1653566211462021,1.0,1.0,1.0
geometry_dropout,test_seen,2006,val:2009_003481:part_75,2009_003481,horse,leg,leg,0.05852417275309563,0.11057692021131516,0.3802816867828369,0.00887918472290039,1.0,1.0,1.0
geometry_dropout,test_seen,2007,val:2009_003481:part_76,2009_003481,horse,ear,ear,0.06194690242409706,0.11666666716337204,0.43023255467414856,0.009898107498884201,0.0033893585205078125,0.998046875,0.0
geometry_dropout,test_seen,2008,val:2009_003481:part_77,2009_003481,horse,muzzle,muzzle,0.5335463285446167,0.6958333253860474,0.07881773263216019,0.04032023251056671,0.95166015625,1.0,0.0015668869018554688
geometry_dropout,test_seen,2009,val:2009_003494:part_83,2009_003494,person,head,head,0.0,0.0,0.0,0.002452483167871833,1.0,1.0,1.0
geometry_dropout,test_seen,2010,val:2009_003494:part_85,2009_003494,person,torso,torso,0.35646355152130127,0.5255777835845947,0.004454343114048243,0.1773451864719391,1.0,1.0,1.0
geometry_dropout,test_seen,2011,val:2009_003494:part_87,2009_003494,person,leg,leg,0.2560586631298065,0.4077177047729492,0.3800799548625946,0.14362354576587677,1.0,1.0,1.0
geometry_dropout,test_seen,2012,val:2009_003494:part_88,2009_003494,person,foot,foot,0.2698412835597992,0.42500001192092896,0.5747508406639099,0.03969956934452057,1.0,1.0,0.81298828125
geometry_dropout,test_seen,2013,val:2009_003494:part_93,2009_003494,person,hair,hair,0.529036819934845,0.6919870376586914,0.3485063910484314,0.11541999131441116,1.0,1.0,0.998046875
geometry_dropout,test_seen,2014,val:2009_003494:part_94,2009_003494,person,lower arm,lower arm,0.5361111164093018,0.6980108618736267,0.006968641187995672,0.04077253118157387,0.99462890625,1.0,0.02752685546875
geometry_dropout,test_seen,2015,val:2009_003494:part_95,2009_003494,person,upper arm,upper arm,0.05816135182976723,0.10992907732725143,0.1304347813129425,0.03709380701184273,0.958984375,1.0,0.0012845993041992188
geometry_dropout,test_seen,2016,val:2009_003494:part_96,2009_003494,person,hand,hand,0.25868725776672363,0.4110429584980011,0.3667953610420227,0.020539546385407448,1.0,1.0,0.99853515625
geometry_dropout,test_seen,2017,val:2009_003507:part_97,2009_003507,pottedplant,pot,pot,0.0,0.0,1.0,0.28260868787765503,1.0,1.0,0.9990234375
geometry_dropout,test_seen,2018,val:2009_003507:part_98,2009_003507,pottedplant,plant,plant,0.0,0.0,1.0,0.3695652186870575,1.0,1.0,1.0
geometry_dropout,test_seen,2019,val:2009_003517:part_20,2009_003517,bottle,body,body,0.8304329514503479,0.9073623418807983,0.14453816413879395,0.9669223427772522,1.0,1.0,1.0
geometry_dropout,test_seen,2020,val:2009_003517:part_21,2009_003517,bottle,cap,cap,0.4292452931404114,0.6006600856781006,0.06490384787321091,0.022770853713154793,1.0,1.0,0.99853515625
geometry_dropout,test_seen,2021,val:2009_003523:part_115,2009_003523,tvmonitor,screen,screen,0.8231230974197388,0.9029814004898071,0.0,0.5440605282783508,1.0,1.0,1.0
geometry_dropout,test_seen,2022,val:2009_003542:part_52,2009_003542,cow,head,head,0.5930840373039246,0.7445734739303589,0.06651634722948074,0.31392836570739746,1.0,1.0,1.0
geometry_dropout,test_seen,2023,val:2009_003542:part_53,2009_003542,cow,eye,eye,0.5,0.6666666865348816,0.0,0.004678783472627401,0.5927734375,0.99951171875,0.00018668174743652344
geometry_dropout,test_seen,2024,val:2009_003542:part_54,2009_003542,cow,torso,torso,0.4270833432674408,0.5985401272773743,0.0553940087556839,0.26867014169692993,1.0,1.0,1.0
geometry_dropout,test_seen,2025,val:2009_003542:part_55,2009_003542,cow,neck,neck,0.151162788271904,0.2626262605190277,0.05578342825174332,0.21990282833576202,1.0,1.0,1.0
geometry_dropout,test_seen,2026,val:2009_003542:part_57,2009_003542,cow,ear,ear,0.20683111250400543,0.34276729822158813,0.19137056171894073,0.05164657160639763,0.0033893585205078125,0.998046875,0.0
geometry_dropout,test_seen,2027,val:2009_003542:part_58,2009_003542,cow,muzzle,muzzle,0.5702754259109497,0.7263380885124207,0.16619183123111725,0.10806190222501755,0.95166015625,1.0,0.0015668869018554688
geometry_dropout,test_seen,2028,val:2009_003542:part_59,2009_003542,cow,horn,horn,0.18444949388504028,0.31145185232162476,0.2146596908569336,0.033111389726400375,0.64208984375,1.0,8.821487426757812e-06
geometry_dropout,test_seen,2029,val:2009_003551:part_115,2009_003551,tvmonitor,screen,screen,0.5458477735519409,0.706211507320404,0.0,0.14373576641082764,1.0,1.0,1.0
geometry_dropout,test_seen,2030,val:2009_003564:part_97,2009_003564,pottedplant,pot,pot,0.2646239697933197,0.41850221157073975,0.5813953280448914,0.4170212745666504,1.0,1.0,0.9990234375
geometry_dropout,test_seen,2031,val:2009_003564:part_98,2009_003564,pottedplant,plant,plant,0.2660256326198578,0.4202531576156616,0.5286259651184082,0.5659574270248413,1.0,1.0,1.0
geometry_dropout,test_seen,2032,val:2009_003569:part_52,2009_003569,cow,head,head,0.29901960492134094,0.46037736535072327,0.246478870511055,0.043142758309841156,1.0,1.0,1.0
geometry_dropout,test_seen,2033,val:2009_003569:part_53,2009_003569,cow,eye,eye,0.0,0.0,0.0,0.001753770629875362,0.5927734375,0.99951171875,0.00018668174743652344
geometry_dropout,test_seen,2034,val:2009_003569:part_54,2009_003569,cow,torso,torso,0.4076286852359772,0.5791707634925842,0.21413275599479675,0.4191511869430542,1.0,1.0,1.0
geometry_dropout,test_seen,2035,val:2009_003569:part_55,2009_003569,cow,neck,neck,0.0,0.0,0.0,0.034724656492471695,1.0,1.0,1.0
geometry_dropout,test_seen,2036,val:2009_003569:part_56,2009_003569,cow,leg,leg,0.25984251499176025,0.4124999940395355,0.40214475989341736,0.09365134686231613,1.0,1.0,1.0
geometry_dropout,test_seen,2037,val:2009_003569:part_57,2009_003569,cow,ear,ear,0.0,0.0,0.7981651425361633,0.00491055753082037,0.0033893585205078125,0.998046875,0.0
geometry_dropout,test_seen,2038,val:2009_003569:part_58,2009_003569,cow,muzzle,muzzle,0.0,0.0,0.0,0.014731673523783684,0.95166015625,1.0,0.0015668869018554688
geometry_dropout,test_seen,2039,val:2009_003696:part_0,2009_003696,aeroplane,body,body,0.6772193312644958,0.8075501322746277,0.14200398325920105,0.5064346790313721,1.0,1.0,1.0
geometry_dropout,test_seen,2040,val:2009_003696:part_1,2009_003696,aeroplane,stern,stern,0.42687925696372986,0.5983397364616394,0.4538209140300751,0.2380838841199875,1.0,1.0,0.99951171875
geometry_dropout,test_seen,2041,val:2009_003696:part_2,2009_003696,aeroplane,wing,wing,0.08076358586549759,0.14945651590824127,0.4884836971759796,0.10247854888439178,0.7890625,1.0,0.0002472400665283203
geometry_dropout,test_seen,2042,val:2009_003696:part_4,2009_003696,aeroplane,engine,engine,0.3117600679397583,0.4753309190273285,0.1435684710741043,0.10891325026750565,1.0,1.0,0.99365234375
geometry_dropout,test_seen,2043,val:2009_003696:part_5,2009_003696,aeroplane,wheel,wheel,0.20720720291137695,0.34328359365463257,0.734375,0.018112488090991974,1.0,1.0,0.9970703125
geometry_dropout,test_seen,2044,val:2009_003703:part_22,2009_003703,bus,wheel,wheel,0.4784633219242096,0.6472440958023071,0.15402843058109283,0.02723088674247265,1.0,1.0,0.9970703125
geometry_dropout,test_seen,2045,val:2009_003703:part_23,2009_003703,bus,headlight,headlight,0.17352941632270813,0.2957393527030945,0.0033003301359713078,0.006136537995189428,1.0,1.0,0.99755859375
geometry_dropout,test_seen,2046,val:2009_003703:part_24,2009_003703,bus,front,front,0.5745531916618347,0.729798436164856,0.09963099658489227,0.1521349996328354,1.0,1.0,1.0
geometry_dropout,test_seen,2047,val:2009_003703:part_25,2009_003703,bus,side,side,0.4608376920223236,0.6309224963188171,0.10965509712696075,0.2820250689983368,1.0,1.0,0.99755859375
geometry_dropout,test_seen,2048,val:2009_003703:part_28,2009_003703,bus,mirror,mirror,0.07563025504350662,0.140625,0.5170454382896423,0.009204806759953499,0.05572509765625,0.9814453125,4.112720489501953e-06
geometry_dropout,test_seen,2049,val:2009_003703:part_30,2009_003703,bus,door,door,0.22322703897953033,0.364980548620224,0.007189934141933918,0.05759396404027939,0.204833984375,0.9970703125,2.777576446533203e-05
geometry_dropout,test_seen,2050,val:2009_003703:part_31,2009_003703,bus,window,window,0.7187839150428772,0.8363866209983826,0.0468461811542511,0.39082077145576477,0.99951171875,1.0,0.99365234375
geometry_dropout,test_seen,2051,val:2009_003771:part_42,2009_003771,cat,tail,tail,0.32996633648872375,0.4962025284767151,0.1814814805984497,0.016397744417190552,0.9697265625,1.0,0.0005617141723632812
geometry_dropout,test_seen,2052,val:2009_003771:part_43,2009_003771,cat,head,head,0.6672043204307556,0.8003869652748108,0.08133970946073532,0.18745900690555573,1.0,1.0,1.0
geometry_dropout,test_seen,2053,val:2009_003771:part_44,2009_003771,cat,eye,eye,0.08917197585105896,0.16374269127845764,0.0,0.009182736277580261,0.5927734375,0.99951171875,0.00018668174743652344
geometry_dropout,test_seen,2054,val:2009_003771:part_45,2009_003771,cat,torso,torso,0.6320458054542542,0.7745442390441895,0.07539911568164825,0.4764528274536133,1.0,1.0,1.0
geometry_dropout,test_seen,2055,val:2009_003771:part_47,2009_003771,cat,leg,leg,0.4842180907726288,0.6524891257286072,0.036275241523981094,0.19205036759376526,1.0,1.0,1.0
geometry_dropout,test_seen,2056,val:2009_003771:part_48,2009_003771,cat,nose,nose,0.050724636763334274,0.09655172377824783,0.0,0.0026236390694975853,0.08404541015625,0.99853515625,5.364418029785156e-07
geometry_dropout,test_seen,2057,val:2009_003771:part_49,2009_003771,cat,paw,paw,0.49127182364463806,0.6588628888130188,0.3828425109386444,0.05444050952792168,0.9912109375,1.0,0.0014209747314453125
geometry_dropout,test_seen,2058,val:2009_003771:part_50,2009_003771,cat,ear,ear,0.4371921122074127,0.6083976030349731,0.4796634018421173,0.05955660343170166,0.0033893585205078125,0.998046875,0.0
geometry_dropout,test_seen,2059,val:2009_003773:part_52,2009_003773,cow,head,head,0.5025312304496765,0.6689128279685974,0.06874646991491318,0.40145939588546753,1.0,1.0,1.0
geometry_dropout,test_seen,2060,val:2009_003773:part_53,2009_003773,cow,eye,eye,0.4032258093357086,0.5747126340866089,0.03870967775583267,0.008001023903489113,0.5927734375,0.99951171875,0.00018668174743652344
geometry_dropout,test_seen,2061,val:2009_003773:part_54,2009_003773,cow,torso,torso,0.12283198535442352,0.21878960728645325,0.12994752824306488,0.08839531242847443,1.0,1.0,1.0
geometry_dropout,test_seen,2062,val:2009_003773:part_55,2009_003773,cow,neck,neck,0.1085963025689125,0.1959167718887329,0.07126781344413757,0.24073481559753418,1.0,1.0,1.0
geometry_dropout,test_seen,2063,val:2009_003773:part_57,2009_003773,cow,ear,ear,0.4017278552055359,0.5731894969940186,0.04709141328930855,0.06906484067440033,0.0033893585205078125,0.998046875,0.0
geometry_dropout,test_seen,2064,val:2009_003773:part_58,2009_003773,cow,muzzle,muzzle,0.5776327252388,0.7322778105735779,0.3323500454425812,0.16046853363513947,0.95166015625,1.0,0.0015668869018554688
geometry_dropout,test_seen,2065,val:2009_003773:part_59,2009_003773,cow,horn,horn,0.24469821155071259,0.3931848108768463,0.05467468500137329,0.0294437687844038,0.64208984375,1.0,8.821487426757812e-06
geometry_dropout,test_seen,2066,val:2009_003804:part_70,2009_003804,horse,tail,tail,0.0533333346247673,0.10126582533121109,0.4585798680782318,0.008193186484277248,0.9697265625,1.0,0.0005617141723632812
geometry_dropout,test_seen,2067,val:2009_003804:part_71,2009_003804,horse,head,head,0.6519198417663574,0.7892875075340271,0.013812154531478882,0.12835992872714996,1.0,1.0,1.0
geometry_dropout,test_seen,2068,val:2009_003804:part_72,2009_003804,horse,eye,eye,0.0,0.0,0.0,0.001724881469272077,0.5927734375,0.99951171875,0.00018668174743652344
geometry_dropout,test_seen,2069,val:2009_003804:part_73,2009_003804,horse,torso,torso,0.5882640480995178,0.7407635450363159,0.12673918902873993,0.3655311167240143,1.0,1.0,1.0
geometry_dropout,test_seen,2070,val:2009_003804:part_74,2009_003804,horse,neck,neck,0.3847874701023102,0.5557350516319275,0.11652542650699615,0.11010493338108063,1.0,1.0,1.0
geometry_dropout,test_seen,2071,val:2009_003804:part_75,2009_003804,horse,leg,leg,0.34027382731437683,0.5077676177024841,0.42627426981925964,0.20166738331317902,1.0,1.0,1.0
geometry_dropout,test_seen,2072,val:2009_003804:part_76,2009_003804,horse,ear,ear,0.30564263463020325,0.46818727254867554,0.2673684358596802,0.05145896226167679,0.0033893585205078125,0.998046875,0.0
geometry_dropout,test_seen,2073,val:2009_003804:part_77,2009_003804,horse,muzzle,muzzle,0.5687438249588013,0.7250945568084717,0.20168954133987427,0.09184993803501129,0.95166015625,1.0,0.0015668869018554688
geometry_dropout,test_seen,2074,val:2009_003804:part_78,2009_003804,horse,hoof,hoof,0.3717579245567322,0.5420168042182922,0.43887147307395935,0.022567197680473328,0.99658203125,1.0,0.026458740234375
geometry_dropout,test_seen,2075,val:2009_003806:part_0,2009_003806,aeroplane,body,body,0.7957244515419006,0.8862434029579163,0.024466192349791527,0.6503695249557495,1.0,1.0,1.0
geometry_dropout,test_seen,2076,val:2009_003806:part_1,2009_003806,aeroplane,stern,stern,0.6557508111000061,0.7920887470245361,0.31167763471603394,0.24360431730747223,1.0,1.0,0.99951171875
geometry_dropout,test_seen,2077,val:2009_003806:part_2,2009_003806,aeroplane,wing,wing,0.3178621530532837,0.4823906123638153,0.1811697632074356,0.06708356738090515,0.7890625,1.0,0.0002472400665283203
geometry_dropout,test_seen,2078,val:2009_003806:part_4,2009_003806,aeroplane,engine,engine,0.09512194991111755,0.1737193763256073,0.060975611209869385,0.011085844598710537,1.0,1.0,0.99365234375
geometry_dropout,test_seen,2079,val:2009_003806:part_5,2009_003806,aeroplane,wheel,wheel,0.09649122506380081,0.17599999904632568,0.8735632300376892,0.010801591910421848,1.0,1.0,0.9970703125
geometry_dropout,test_seen,2080,val:2009_003849:part_83,2009_003849,person,head,head,0.8001135587692261,0.8889589905738831,0.05424119904637337,0.14420472085475922,1.0,1.0,1.0
geometry_dropout,test_seen,2081,val:2009_003849:part_84,2009_003849,person,eye,eye,0.07905138283967972,0.14652015268802643,0.0,0.003010536776855588,0.5927734375,0.99951171875,0.00018668174743652344
geometry_dropout,test_seen,2082,val:2009_003849:part_85,2009_003849,person,torso,torso,0.8391119837760925,0.9125186204910278,0.07974108308553696,0.61806321144104,1.0,1.0,1.0
geometry_dropout,test_seen,2083,val:2009_003849:part_86,2009_003849,person,neck,neck,0.37849462032318115,0.5491419434547424,0.0,0.020270949229598045,1.0,1.0,1.0
geometry_dropout,test_seen,2084,val:2009_003849:part_89,2009_003849,person,nose,nose,0.4383561611175537,0.6095238327980042,0.0,0.0078273955732584,0.08404541015625,0.99853515625,5.364418029785156e-07
geometry_dropout,test_seen,2085,val:2009_003849:part_90,2009_003849,person,ear,ear,0.07359307259321213,0.13709677755832672,0.6411483287811279,0.0039136977866292,0.0033893585205078125,0.998046875,0.0
geometry_dropout,test_seen,2086,val:2009_003849:part_91,2009_003849,person,eyebrow,eyebrow,0.08396946638822556,0.15492957830429077,0.0038759689778089523,0.0026091318577528,9.763240814208984e-05,0.09027099609375,0.0
geometry_dropout,test_seen,2087,val:2009_003849:part_92,2009_003849,person,mouth,mouth,0.05113636329770088,0.0972972959280014,0.0,0.0009031610679812729,1.0,1.0,0.9970703125
geometry_dropout,test_seen,2088,val:2009_003849:part_94,2009_003849,person,lower arm,lower arm,0.33623504638671875,0.5032573342323303,0.19379845261573792,0.032614149153232574,0.99462890625,1.0,0.02752685546875
geometry_dropout,test_seen,2089,val:2009_003849:part_95,2009_003849,person,upper arm,upper arm,0.44864422082901,0.6193987727165222,0.20010964572429657,0.16467636823654175,0.958984375,1.0,0.0012845993041992188
geometry_dropout,test_seen,2090,val:2009_003857:part_115,2009_003857,tvmonitor,screen,screen,0.8606694340705872,0.9251180291175842,0.040622297674417496,0.8113350868225098,1.0,1.0,1.0
geometry_dropout,test_seen,2091,val:2009_003895:part_115,2009_003895,tvmonitor,screen,screen,0.3552791178226471,0.5242892503738403,0.049122266471385956,0.3048856556415558,1.0,1.0,1.0
geometry_dropout,test_seen,2092,val:2009_003904:part_43,2009_003904,cat,head,head,0.6138211488723755,0.760705292224884,0.09579756110906601,0.14669398963451385,1.0,1.0,1.0
geometry_dropout,test_seen,2093,val:2009_003904:part_44,2009_003904,cat,eye,eye,0.20212766528129578,0.3362831771373749,0.0,0.011541365645825863,0.5927734375,0.99951171875,0.00018668174743652344
geometry_dropout,test_seen,2094,val:2009_003904:part_45,2009_003904,cat,torso,torso,0.4185411334037781,0.5901008248329163,0.09802205860614777,0.33610183000564575,1.0,1.0,1.0
geometry_dropout,test_seen,2095,val:2009_003904:part_46,2009_003904,cat,neck,neck,0.2136266827583313,0.35204678773880005,0.0,0.03753640502691269,1.0,1.0,1.0
geometry_dropout,test_seen,2096,val:2009_003904:part_47,2009_003904,cat,leg,leg,0.6704071164131165,0.8026871085166931,0.10833333432674408,0.30212491750717163,1.0,1.0,1.0
geometry_dropout,test_seen,2097,val:2009_003904:part_48,2009_003904,cat,nose,nose,0.29133859276771545,0.45121949911117554,0.0,0.00420666579157114,0.08404541015625,0.99853515625,5.364418029785156e-07
geometry_dropout,test_seen,2098,val:2009_003904:part_49,2009_003904,cat,paw,paw,0.6338709592819214,0.7759131193161011,0.25328946113586426,0.08736921846866608,0.9912109375,1.0,0.0014209747314453125
geometry_dropout,test_seen,2099,val:2009_003904:part_50,2009_003904,cat,ear,ear,0.5230352282524109,0.6868327260017395,0.31111112236976624,0.04843059182167053,0.0033893585205078125,0.998046875,0.0
geometry_dropout,test_seen,2100,val:2009_003938:part_109,2009_003938,train,head,head,0.17863397300243378,0.30312034487724304,0.6097122430801392,0.02929394133388996,1.0,1.0,1.0
geometry_dropout,test_seen,2101,val:2009_003938:part_110,2009_003938,train,front,front,0.4399752616882324,0.6110872626304626,0.27140140533447266,0.1877816766500473,1.0,1.0,1.0
geometry_dropout,test_seen,2102,val:2009_003938:part_111,2009_003938,train,side,side,0.5043583512306213,0.6705295443534851,0.23849879205226898,0.5215322971343994,1.0,1.0,0.99755859375
geometry_dropout,test_seen,2103,val:2009_003938:part_113,2009_003938,train,roof,roof,0.04500703141093254,0.08613727986812592,0.40225034952163696,0.02403605356812477,1.0,1.0,1.0
geometry_dropout,test_seen,2104,val:2009_003938:part_114,2009_003938,train,coach,coach,0.006688963156193495,0.013289036229252815,0.16169500350952148,0.006259389221668243,1.0,1.0,1.0
geometry_dropout,test_seen,2105,val:2009_003971:part_6,2009_003971,bicycle,wheel,wheel,0.24149659276008606,0.38904109597206116,0.46380195021629333,0.36921948194503784,1.0,1.0,0.9970703125
geometry_dropout,test_seen,2106,val:2009_003971:part_8,2009_003971,bicycle,handlebar,handlebar,0.32799288630485535,0.49396783113479614,0.45685043931007385,0.40836799144744873,1.0,1.0,0.9990234375
geometry_dropout,test_seen,2107,val:2009_003991:part_83,2009_003991,person,head,head,0.2981366515159607,0.45933014154434204,0.27899685502052307,0.031220436096191406,1.0,1.0,1.0
geometry_dropout,test_seen,2108,val:2009_003991:part_84,2009_003991,person,eye,eye,0.0,0.0,0.0,0.005045726895332336,0.5927734375,0.99951171875,0.00018668174743652344
geometry_dropout,test_seen,2109,val:2009_003991:part_85,2009_003991,person,torso,torso,0.40124741196632385,0.5727003216743469,0.036465637385845184,0.18795332312583923,1.0,1.0,1.0
geometry_dropout,test_seen,2110,val:2009_003991:part_87,2009_003991,person,leg,leg,0.6250928044319153,0.7693010568618774,0.17927928268909454,0.3402712047100067,1.0,1.0,1.0
geometry_dropout,test_seen,2111,val:2009_003991:part_88,2009_003991,person,foot,foot,0.2775229215621948,0.43447038531303406,0.5776566863059998,0.059918008744716644,1.0,1.0,0.81298828125
geometry_dropout,test_seen,2112,val:2009_003991:part_89,2009_003991,person,nose,nose,0.0,0.0,0.0,0.002522863447666168,0.08404541015625,0.99853515625,5.364418029785156e-07
geometry_dropout,test_seen,2113,val:2009_003991:part_90,2009_003991,person,ear,ear,0.0,0.0,0.0,0.002207505516707897,0.0033893585205078125,0.998046875,0.0
geometry_dropout,test_seen,2114,val:2009_003991:part_93,2009_003991,person,hair,hair,0.5944584608078003,0.7456555962562561,0.29381442070007324,0.15452538430690765,1.0,1.0,0.998046875
geometry_dropout,test_seen,2115,val:2009_003991:part_94,2009_003991,person,lower arm,lower arm,0.37062937021255493,0.5408163070678711,0.10982658714056015,0.07631661742925644,0.99462890625,1.0,0.02752685546875
geometry_dropout,test_seen,2116,val:2009_003991:part_95,2009_003991,person,upper arm,upper arm,0.45420560240745544,0.6246786713600159,0.0701402798295021,0.08798485994338989,0.958984375,1.0,0.0012845993041992188
geometry_dropout,test_seen,2117,val:2009_003991:part_96,2009_003991,person,hand,hand,0.06686046719551086,0.12534059584140778,0.4941176474094391,0.035320088267326355,1.0,1.0,0.99853515625
geometry_dropout,test_seen,2118,val:2009_004072:part_22,2009_004072,bus,wheel,wheel,0.23481781780719757,0.38032788038253784,0.08536585420370102,0.0023757752496749163,1.0,1.0,0.9970703125
geometry_dropout,test_seen,2119,val:2009_004072:part_23,2009_004072,bus,headlight,headlight,0.43515849113464355,0.6064257025718689,0.14465409517288208,0.007248127367347479,1.0,1.0,0.99755859375
geometry_dropout,test_seen,2120,val:2009_004072:part_24,2009_004072,bus,front,front,0.568473219871521,0.7248746752738953,0.09615561366081238,0.2999516725540161,1.0,1.0,1.0
geometry_dropout,test_seen,2121,val:2009_004072:part_25,2009_004072,bus,side,side,0.41709545254707336,0.5886624455451965,0.06039340794086456,0.16469356417655945,1.0,1.0,0.99755859375
geometry_dropout,test_seen,2122,val:2009_004072:part_28,2009_004072,bus,mirror,mirror,0.5512820482254028,0.71074378490448,0.0,0.00785213802009821,0.05572509765625,0.9814453125,4.112720489501953e-06
geometry_dropout,test_seen,2123,val:2009_004072:part_30,2009_004072,bus,door,door,0.22842013835906982,0.3718925416469574,0.07509587705135345,0.076226145029068,0.204833984375,0.9970703125,2.777576446533203e-05
geometry_dropout,test_seen,2124,val:2009_004072:part_31,2009_004072,bus,window,window,0.6987119317054749,0.8226373195648193,0.05718863010406494,0.441531777381897,0.99951171875,1.0,0.99365234375
geometry_dropout,test_seen,2125,val:2009_004099:part_43,2009_004099,cat,head,head,0.30694669485092163,0.4697156846523285,0.14814814925193787,0.6811797618865967,1.0,1.0,1.0
geometry_dropout,test_seen,2126,val:2009_004099:part_44,2009_004099,cat,eye,eye,0.0,0.0,0.0,0.05477528274059296,0.5927734375,0.99951171875,0.00018668174743652344
geometry_dropout,test_seen,2127,val:2009_004099:part_48,2009_004099,cat,nose,nose,0.0,0.0,0.0,0.009831461124122143,0.08404541015625,0.99853515625,5.364418029785156e-07
geometry_dropout,test_seen,2128,val:2009_004099:part_50,2009_004099,cat,ear,ear,0.1599999964237213,0.27586206793785095,0.6879432797431946,0.25,0.0033893585205078125,0.998046875,0.0
geometry_dropout,test_seen,2129,val:2009_004125:part_83,2009_004125,person,head,head,0.0,0.0,0.0,0.06122449040412903,1.0,1.0,1.0
geometry_dropout,test_seen,2130,val:2009_004125:part_85,2009_004125,person,torso,torso,0.0,0.0,1.0,0.17006802558898926,1.0,1.0,1.0
geometry_dropout,test_seen,2131,val:2009_004125:part_94,2009_004125,person,lower arm,lower arm,0.0,0.0,0.0,0.013605441898107529,0.99462890625,1.0,0.02752685546875
geometry_dropout,test_seen,2132,val:2009_004125:part_95,2009_004125,person,upper arm,upper arm,0.0,0.0,1.0,0.06802721321582794,0.958984375,1.0,0.0012845993041992188
geometry_dropout,test_seen,2133,val:2009_004221:part_83,2009_004221,person,head,head,0.43457189202308655,0.6058558821678162,0.2731788158416748,0.07091136276721954,1.0,1.0,1.0
geometry_dropout,test_seen,2134,val:2009_004221:part_85,2009_004221,person,torso,torso,0.7095933556556702,0.8301311135292053,0.039529915899038315,0.3513108491897583,1.0,1.0,1.0
geometry_dropout,test_seen,2135,val:2009_004221:part_86,2009_004221,person,neck,neck,0.33725491166114807,0.5043988227844238,0.11764705926179886,0.02147315815091133,1.0,1.0,1.0
geometry_dropout,test_seen,2136,val:2009_004221:part_87,2009_004221,person,leg,leg,0.5151719450950623,0.6800178289413452,0.33254531025886536,0.24419476091861725,1.0,1.0,1.0
geometry_dropout,test_seen,2137,val:2009_004221:part_88,2009_004221,person,foot,foot,0.0,0.0,0.0,0.024719100445508957,1.0,1.0,0.81298828125
geometry_dropout,test_seen,2138,val:2009_004221:part_89,2009_004221,person,nose,nose,0.028037382289767265,0.05454545468091965,0.16853933036327362,0.005243445746600628,0.08404541015625,0.99853515625,5.364418029785156e-07
geometry_dropout,test_seen,2139,val:2009_004221:part_90,2009_004221,person,ear,ear,0.0,0.0,0.23076923191547394,0.001498127356171608,0.0033893585205078125,0.998046875,0.0
geometry_dropout,test_seen,2140,val:2009_004221:part_91,2009_004221,person,eyebrow,eyebrow,0.0,0.0,0.0,0.0002496879023965448,9.763240814208984e-05,0.09027099609375,0.0
geometry_dropout,test_seen,2141,val:2009_004221:part_92,2009_004221,person,mouth,mouth,0.0,0.0,0.4794520437717438,0.004244694020599127,1.0,1.0,0.9970703125
geometry_dropout,test_seen,2142,val:2009_004221:part_93,2009_004221,person,hair,hair,0.22692307829856873,0.369905948638916,0.5088408589363098,0.032209739089012146,1.0,1.0,0.998046875
geometry_dropout,test_seen,2143,val:2009_004221:part_94,2009_004221,person,lower arm,lower arm,0.21711568534374237,0.3567708432674408,0.20134228467941284,0.04294631630182266,0.99462890625,1.0,0.02752685546875
geometry_dropout,test_seen,2144,val:2009_004221:part_95,2009_004221,person,upper arm,upper arm,0.5984776616096497,0.7488095164299011,0.1212415099143982,0.16204744577407837,0.958984375,1.0,0.0012845993041992188
geometry_dropout,test_seen,2145,val:2009_004221:part_96,2009_004221,person,hand,hand,0.059659089893102646,0.11260053515434265,0.5454545617103577,0.013483146205544472,1.0,1.0,0.99853515625
geometry_dropout,test_seen,2146,val:2009_004247:part_20,2009_004247,bottle,body,body,0.6150943636894226,0.7616822719573975,0.3687763810157776,0.9548969268798828,1.0,1.0,1.0
geometry_dropout,test_seen,2147,val:2009_004247:part_21,2009_004247,bottle,cap,cap,0.07509881258010864,0.13970588147640228,0.6470588445663452,0.04381443187594414,1.0,1.0,0.99853515625
geometry_dropout,test_seen,2148,val:2009_004248:part_43,2009_004248,cat,head,head,0.7215930223464966,0.8382852673530579,0.046919725835323334,0.3943949341773987,1.0,1.0,1.0
geometry_dropout,test_seen,2149,val:2009_004248:part_44,2009_004248,cat,eye,eye,0.6484935283660889,0.7867711186408997,0.0,0.03421536087989807,0.5927734375,0.99951171875,0.00018668174743652344
geometry_dropout,test_seen,2150,val:2009_004248:part_45,2009_004248,cat,torso,torso,0.6730458736419678,0.804575502872467,0.19285714626312256,0.37296783924102783,1.0,1.0,1.0
geometry_dropout,test_seen,2151,val:2009_004248:part_46,2009_004248,cat,neck,neck,0.2256973832845688,0.36827585101127625,0.04660414904356003,0.05652676522731781,1.0,1.0,1.0
geometry_dropout,test_seen,2152,val:2009_004248:part_48,2009_004248,cat,nose,nose,0.2802056670188904,0.43775099515914917,0.0,0.007414461579173803,0.08404541015625,0.99853515625,5.364418029785156e-07
geometry_dropout,test_seen,2153,val:2009_004248:part_50,2009_004248,cat,ear,ear,0.5783664584159851,0.7328671216964722,0.1847619116306305,0.12618188560009003,0.0033893585205078125,0.998046875,0.0
geometry_dropout,test_seen,2154,val:2009_004255:part_109,2009_004255,train,head,head,0.0,0.0,0.5526315569877625,0.004253643099218607,1.0,1.0,1.0
geometry_dropout,test_seen,2155,val:2009_004255:part_110,2009_004255,train,front,front,0.8108158111572266,0.8955254554748535,0.14082928001880646,0.6916108727455139,1.0,1.0,1.0
geometry_dropout,test_seen,2156,val:2009_004255:part_111,2009_004255,train,side,side,0.456557959318161,0.6268998384475708,0.14698880910873413,0.3021661937236786,1.0,1.0,0.99755859375
geometry_dropout,test_seen,2157,val:2009_004324:part_20,2009_004324,bottle,body,body,0.7933398485183716,0.8847624063491821,0.10245788097381592,0.9948952198028564,1.0,1.0,1.0
geometry_dropout,test_seen,2158,val:2009_004324:part_21,2009_004324,bottle,cap,cap,0.0,0.0,1.0,0.0016120364889502525,1.0,1.0,0.99853515625
geometry_dropout,test_seen,2159,val:2009_004497:part_70,2009_004497,horse,tail,tail,0.20392157137393951,0.33876222372055054,0.24186991155147552,0.005469135474413633,0.9697265625,1.0,0.0005617141723632812
geometry_dropout,test_seen,2160,val:2009_004497:part_71,2009_004497,horse,head,head,0.7089433073997498,0.829686164855957,0.013450903818011284,0.228582963347435,1.0,1.0,1.0
geometry_dropout,test_seen,2161,val:2009_004497:part_72,2009_004497,horse,eye,eye,0.3140794336795807,0.4780219793319702,0.010830325074493885,0.0039001209661364555,0.5927734375,0.99951171875,0.00018668174743652344
geometry_dropout,test_seen,2162,val:2009_004497:part_73,2009_004497,horse,torso,torso,0.39514872431755066,0.5664610862731934,0.050516724586486816,0.26372888684272766,1.0,1.0,1.0
geometry_dropout,test_seen,2163,val:2009_004497:part_74,2009_004497,horse,neck,neck,0.5670191049575806,0.7236913442611694,0.018617020919919014,0.1590980440378189,1.0,1.0,1.0
geometry_dropout,test_seen,2164,val:2009_004497:part_76,2009_004497,horse,ear,ear,0.5525773167610168,0.7118194103240967,0.09232769906520844,0.03303895518183708,0.0033893585205078125,0.998046875,0.0
geometry_dropout,test_seen,2165,val:2009_004497:part_77,2009_004497,horse,muzzle,muzzle,0.5302351713180542,0.6930113434791565,0.07393556088209152,0.0892096683382988,0.95166015625,1.0,0.0015668869018554688
geometry_dropout,test_seen,2166,val:2009_004504:part_43,2009_004504,cat,head,head,0.8115068674087524,0.895946741104126,0.06937534362077713,0.39535191655158997,1.0,1.0,1.0
geometry_dropout,test_seen,2167,val:2009_004504:part_44,2009_004504,cat,eye,eye,0.1278538852930069,0.2267206460237503,0.0,0.005017826333642006,0.5927734375,0.99951171875,0.00018668174743652344
geometry_dropout,test_seen,2168,val:2009_004504:part_45,2009_004504,cat,torso,torso,0.6575682163238525,0.7934131622314453,0.08376963436603546,0.226594477891922,1.0,1.0,1.0
geometry_dropout,test_seen,2169,val:2009_004504:part_47,2009_004504,cat,leg,leg,0.4443223476409912,0.6152675747871399,0.12031782418489456,0.17166247963905334,1.0,1.0,1.0
geometry_dropout,test_seen,2170,val:2009_004504:part_48,2009_004504,cat,nose,nose,0.29032257199287415,0.44999998807907104,0.0,0.0039614420384168625,0.08404541015625,0.99853515625,5.364418029785156e-07
geometry_dropout,test_seen,2171,val:2009_004504:part_49,2009_004504,cat,paw,paw,0.5588836073875427,0.7170305848121643,0.29003435373306274,0.11026013642549515,0.9912109375,1.0,0.0014209747314453125
geometry_dropout,test_seen,2172,val:2009_004504:part_50,2009_004504,cat,ear,ear,0.43435177206993103,0.6056419014930725,0.2625838816165924,0.07196619361639023,0.0033893585205078125,0.998046875,0.0
geometry_dropout,test_seen,2173,val:2009_004507:part_85,2009_004507,person,torso,torso,0.0,0.0,0.3695652186870575,0.0005640158196911216,1.0,1.0,1.0
geometry_dropout,test_seen,2174,val:2009_004579:part_20,2009_004579,bottle,body,body,0.4595581591129303,0.6297222971916199,0.08855370432138443,0.482903391122818,1.0,1.0,1.0
geometry_dropout,test_seen,2175,val:2009_004579:part_21,2009_004579,bottle,cap,cap,0.20390070974826813,0.338733434677124,0.09029345214366913,0.01435872446745634,1.0,1.0,0.99853515625
geometry_dropout,test_seen,2176,val:2009_004590:part_22,2009_004590,bus,wheel,wheel,0.0039032006170600653,0.007776049897074699,0.28181108832359314,0.00041600799886509776,1.0,1.0,0.9970703125
geometry_dropout,test_seen,2177,val:2009_004590:part_23,2009_004590,bus,headlight,headlight,0.0,0.0,0.0,0.0027456528041511774,1.0,1.0,0.99755859375
geometry_dropout,test_seen,2178,val:2009_004590:part_24,2009_004590,bus,front,front,0.1771165430545807,0.3009328842163086,0.17055103182792664,0.09243697673082352,1.0,1.0,1.0
geometry_dropout,test_seen,2179,val:2009_004590:part_28,2009_004590,bus,mirror,mirror,0.0,0.0,0.0,0.00041600799886509776,0.05572509765625,0.9814453125,4.112720489501953e-06
geometry_dropout,test_seen,2180,val:2009_004590:part_31,2009_004590,bus,window,window,0.062056075781583786,0.11686026304960251,0.17423807084560394,0.038688741624355316,0.99951171875,1.0,0.99365234375
geometry_dropout,test_seen,2181,val:2009_004653:part_0,2009_004653,aeroplane,body,body,0.5719217658042908,0.7276720404624939,0.32442283630371094,0.6306620240211487,1.0,1.0,1.0
geometry_dropout,test_seen,2182,val:2009_004653:part_1,2009_004653,aeroplane,stern,stern,0.31460675597190857,0.47863247990608215,0.3508114814758301,0.2926829159259796,1.0,1.0,0.99951171875
geometry_dropout,test_seen,2183,val:2009_004653:part_2,2009_004653,aeroplane,wing,wing,0.31481480598449707,0.47887325286865234,0.45098039507865906,0.023228803649544716,0.7890625,1.0,0.0002472400665283203
geometry_dropout,test_seen,2184,val:2009_004653:part_4,2009_004653,aeroplane,engine,engine,0.0,0.0,0.75,0.04065040498971939,1.0,1.0,0.99365234375
geometry_dropout,test_seen,2185,val:2009_004653:part_5,2009_004653,aeroplane,wheel,wheel,0.0,0.0,0.20000000298023224,0.0011614401591941714,1.0,1.0,0.9970703125
geometry_dropout,test_seen,2186,val:2009_004721:part_42,2009_004721,cat,tail,tail,0.29404714703559875,0.4544612467288971,0.3889593780040741,0.1077980175614357,0.9697265625,1.0,0.0005617141723632812
geometry_dropout,test_seen,2187,val:2009_004721:part_43,2009_004721,cat,head,head,0.6071428656578064,0.7555555701255798,0.19603174924850464,0.09917676448822021,1.0,1.0,1.0
geometry_dropout,test_seen,2188,val:2009_004721:part_44,2009_004721,cat,eye,eye,0.032258063554763794,0.0625,0.0,0.0006482141907326877,0.5927734375,0.99951171875,0.00018668174743652344
geometry_dropout,test_seen,2189,val:2009_004721:part_45,2009_004721,cat,torso,torso,0.47847262024879456,0.64725261926651,0.11346963047981262,0.32119011878967285,1.0,1.0,1.0
geometry_dropout,test_seen,2190,val:2009_004721:part_46,2009_004721,cat,neck,neck,0.2740668058395386,0.43022358417510986,0.2028469741344452,0.047643739730119705,1.0,1.0,1.0
geometry_dropout,test_seen,2191,val:2009_004721:part_47,2009_004721,cat,leg,leg,0.475176602602005,0.6442301273345947,0.0794147327542305,0.31872689723968506,1.0,1.0,1.0
geometry_dropout,test_seen,2192,val:2009_004721:part_48,2009_004721,cat,nose,nose,0.08675798773765564,0.1596638709306717,0.1826484054327011,0.0012316069332882762,0.08404541015625,0.99853515625,5.364418029785156e-07
geometry_dropout,test_seen,2193,val:2009_004721:part_49,2009_004721,cat,paw,paw,0.45152199268341064,0.6221359372138977,0.288068562746048,0.06858105957508087,0.9912109375,1.0,0.0014209747314453125
geometry_dropout,test_seen,2194,val:2009_004721:part_50,2009_004721,cat,ear,ear,0.3928012549877167,0.5640449523925781,0.2754303514957428,0.016270175576210022,0.0033893585205078125,0.998046875,0.0
geometry_dropout,test_seen,2195,val:2009_004730:part_109,2009_004730,train,head,head,0.0,0.0,0.3127795457839966,0.0009270704467780888,1.0,1.0,1.0
geometry_dropout,test_seen,2196,val:2009_004730:part_111,2009_004730,train,side,side,0.6798111200332642,0.8093899488449097,0.25847893953323364,0.995673656463623,1.0,1.0,0.99755859375
geometry_dropout,test_seen,2197,val:2009_004730:part_114,2009_004730,train,coach,coach,0.0002570694196037948,0.0005140067078173161,0.2666495144367218,0.0006180469645187259,1.0,1.0,1.0
geometry_dropout,test_seen,2198,val:2009_004732:part_22,2009_004732,bus,wheel,wheel,0.49462366104125977,0.6618704795837402,0.18390804529190063,0.01648961380124092,1.0,1.0,0.9970703125
geometry_dropout,test_seen,2199,val:2009_004732:part_23,2009_004732,bus,headlight,headlight,0.04285714402794838,0.08219178020954132,0.1931818127632141,0.00340891070663929,1.0,1.0,0.99755859375
geometry_dropout,test_seen,2200,val:2009_004732:part_24,2009_004732,bus,front,front,0.5168408751487732,0.6814701557159424,0.07213114947080612,0.14816869795322418,1.0,1.0,1.0
geometry_dropout,test_seen,2201,val:2009_004732:part_25,2009_004732,bus,side,side,0.48879528045654297,0.6566319465637207,0.12721145153045654,0.3240843415260315,1.0,1.0,0.99755859375
geometry_dropout,test_seen,2202,val:2009_004732:part_28,2009_004732,bus,mirror,mirror,0.09333333373069763,0.17073170840740204,0.389380544424057,0.01704455353319645,0.05572509765625,0.9814453125,4.112720489501953e-06
geometry_dropout,test_seen,2203,val:2009_004732:part_30,2009_004732,bus,door,door,0.3887518644332886,0.5598579049110413,0.010451044887304306,0.07903916388750076,0.204833984375,0.9970703125,2.777576446533203e-05
geometry_dropout,test_seen,2204,val:2009_004732:part_31,2009_004732,bus,window,window,0.44175490736961365,0.6128016710281372,0.042528439313173294,0.29332488775253296,0.99951171875,1.0,0.99365234375
geometry_dropout,test_seen,2205,val:2009_004738:part_83,2009_004738,person,head,head,0.506065845489502,0.6720368266105652,0.2601625919342041,0.24512353539466858,1.0,1.0,1.0
geometry_dropout,test_seen,2206,val:2009_004738:part_85,2009_004738,person,torso,torso,0.2968980669975281,0.45785877108573914,0.22760289907455444,0.30234071612358093,1.0,1.0,1.0
geometry_dropout,test_seen,2207,val:2009_004738:part_87,2009_004738,person,leg,leg,0.2796271741390228,0.43704473972320557,0.345714271068573,0.16970090568065643,1.0,1.0,1.0
geometry_dropout,test_seen,2208,val:2009_004738:part_88,2009_004738,person,foot,foot,0.0,0.0,0.36986300349235535,0.031209362670779228,1.0,1.0,0.81298828125
geometry_dropout,test_seen,2209,val:2009_004738:part_94,2009_004738,person,lower arm,lower arm,0.3030303120613098,0.4651162922382355,0.2664233446121216,0.10143043100833893,0.99462890625,1.0,0.02752685546875
geometry_dropout,test_seen,2210,val:2009_004738:part_95,2009_004738,person,upper arm,upper arm,0.3237597942352295,0.48915186524391174,0.26586103439331055,0.11443433165550232,0.958984375,1.0,0.0012845993041992188
geometry_dropout,test_seen,2211,val:2009_004738:part_96,2009_004738,person,hand,hand,0.0,0.0,0.34594595432281494,0.020806241780519485,1.0,1.0,0.99853515625
geometry_dropout,test_seen,2212,val:2009_004789:part_22,2009_004789,bus,wheel,wheel,0.7376044392585754,0.8489900827407837,0.08052434772253036,0.06446266919374466,1.0,1.0,0.9970703125
geometry_dropout,test_seen,2213,val:2009_004789:part_23,2009_004789,bus,headlight,headlight,0.0,0.0,0.11428571492433548,0.004419325850903988,1.0,1.0,0.99755859375
geometry_dropout,test_seen,2214,val:2009_004789:part_24,2009_004789,bus,front,front,0.3845144212245941,0.5554502606391907,0.07222035527229309,0.10563889145851135,1.0,1.0,1.0
geometry_dropout,test_seen,2215,val:2009_004789:part_25,2009_004789,bus,side,side,0.7050799131393433,0.8270344734191895,0.041674088686704636,0.3885607421398163,1.0,1.0,0.99755859375
geometry_dropout,test_seen,2216,val:2009_004789:part_28,2009_004789,bus,mirror,mirror,0.0903954803943634,0.16580310463905334,0.0,0.003909403923898935,0.05572509765625,0.9814453125,4.112720489501953e-06
geometry_dropout,test_seen,2217,val:2009_004789:part_31,2009_004789,bus,window,window,0.42191311717033386,0.593444287776947,0.02401801384985447,0.1555262804031372,0.99951171875,1.0,0.99365234375
geometry_dropout,test_seen,2218,val:2009_004799:part_108,2009_004799,train,headlight,headlight,0.0,0.0,0.0,0.014257939532399178,1.0,1.0,0.99755859375
geometry_dropout,test_seen,2219,val:2009_004799:part_114,2009_004799,train,coach,coach,0.20364519953727722,0.3383807837963104,0.1551724076271057,0.5562756657600403,1.0,1.0,1.0
geometry_dropout,test_seen,2220,val:2009_004848:part_6,2009_004848,bicycle,wheel,wheel,0.04968944191932678,0.09467455744743347,0.8483412265777588,0.594629168510437,1.0,1.0,0.9970703125
geometry_dropout,test_seen,2221,val:2009_004848:part_7,2009_004848,bicycle,saddle,saddle,0.0,0.0,0.0,0.023017901927232742,1.0,1.0,0.99951171875
geometry_dropout,test_seen,2222,val:2009_004848:part_8,2009_004848,bicycle,handlebar,handlebar,0.09579100459814072,0.17483443021774292,0.8237037062644958,0.10230179131031036,1.0,1.0,0.9990234375
geometry_dropout,test_seen,2223,val:2009_004848:part_9,2009_004848,bicycle,chainwheel,chainwheel,0.08259586989879608,0.15258856117725372,0.8078078031539917,0.043478261679410934,0.984375,1.0,0.01009368896484375
geometry_dropout,test_seen,2224,val:2009_004859:part_83,2009_004859,person,head,head,0.6277584433555603,0.7713164687156677,0.0011813349556177855,0.16304348409175873,1.0,1.0,1.0
geometry_dropout,test_seen,2225,val:2009_004859:part_84,2009_004859,person,eye,eye,0.1538461595773697,0.2666666805744171,0.0,0.007638073060661554,0.5927734375,0.99951171875,0.00018668174743652344
geometry_dropout,test_seen,2226,val:2009_004859:part_85,2009_004859,person,torso,torso,0.530617356300354,0.6933376789093018,0.1507652997970581,0.3237367868423462,1.0,1.0,1.0
geometry_dropout,test_seen,2227,val:2009_004859:part_87,2009_004859,person,leg,leg,0.5994035601615906,0.7495338916778564,0.131855309009552,0.11045828461647034,1.0,1.0,1.0
geometry_dropout,test_seen,2228,val:2009_004859:part_89,2009_004859,person,nose,nose,0.23280423879623413,0.3776824176311493,0.0,0.0064629847183823586,0.08404541015625,0.99853515625,5.364418029785156e-07
geometry_dropout,test_seen,2229,val:2009_004859:part_90,2009_004859,person,ear,ear,0.34741783142089844,0.5156794190406799,0.46464645862579346,0.013072855770587921,0.0033893585205078125,0.998046875,0.0
geometry_dropout,test_seen,2230,val:2009_004859:part_91,2009_004859,person,eyebrow,eyebrow,0.06451612710952759,0.12121212482452393,0.0,0.0017626321641728282,9.763240814208984e-05,0.09027099609375,0.0
geometry_dropout,test_seen,2231,val:2009_004859:part_92,2009_004859,person,mouth,mouth,0.1456310749053955,0.2542372941970825,0.0,0.0022032903507351875,1.0,1.0,0.9970703125
geometry_dropout,test_seen,2232,val:2009_004859:part_93,2009_004859,person,hair,hair,0.5726654529571533,0.7282736897468567,0.21803976595401764,0.1667156219482422,1.0,1.0,0.998046875
geometry_dropout,test_seen,2233,val:2009_004859:part_94,2009_004859,person,lower arm,lower arm,0.6468292474746704,0.7855450510978699,0.0,0.11692126840353012,0.99462890625,1.0,0.02752685546875
geometry_dropout,test_seen,2234,val:2009_004859:part_95,2009_004859,person,upper arm,upper arm,0.3011542558670044,0.46290323138237,0.10237068682909012,0.0458284355700016,0.958984375,1.0,0.0012845993041992188
geometry_dropout,test_seen,2235,val:2009_004859:part_96,2009_004859,person,hand,hand,0.5580247044563293,0.7163233160972595,0.02227722853422165,0.0333431251347065,1.0,1.0,0.99853515625
geometry_dropout,test_seen,2236,val:2009_004867:part_22,2009_004867,bus,wheel,wheel,0.5075187683105469,0.6733167171478271,0.10042735189199448,0.021508146077394485,1.0,1.0,0.9970703125
geometry_dropout,test_seen,2237,val:2009_004867:part_23,2009_004867,bus,headlight,headlight,0.0765027329325676,0.1421319842338562,0.0,0.01068967767059803,1.0,1.0,0.99755859375
geometry_dropout,test_seen,2238,val:2009_004867:part_24,2009_004867,bus,front,front,0.648605465888977,0.7868534922599792,0.06989088654518127,0.29409492015838623,1.0,1.0,1.0
geometry_dropout,test_seen,2239,val:2009_004867:part_25,2009_004867,bus,side,side,0.47313517332077026,0.6423513293266296,0.08126888424158096,0.23755554854869843,1.0,1.0,0.99755859375
geometry_dropout,test_seen,2240,val:2009_004867:part_28,2009_004867,bus,mirror,mirror,0.3115151524543762,0.47504621744155884,0.07730673253536224,0.01803078129887581,0.05572509765625,0.9814453125,4.112720489501953e-06
geometry_dropout,test_seen,2241,val:2009_004867:part_30,2009_004867,bus,door,door,0.4245571196079254,0.5960549116134644,0.031881313771009445,0.09633588790893555,0.204833984375,0.9970703125,2.777576446533203e-05
geometry_dropout,test_seen,2242,val:2009_004867:part_31,2009_004867,bus,window,window,0.6819063425064087,0.8108731508255005,0.019564002752304077,0.32094791531562805,0.99951171875,1.0,0.99365234375
geometry_dropout,test_seen,2243,val:2009_004882:part_6,2009_004882,bicycle,wheel,wheel,0.09769658744335175,0.17800289392471313,0.7422037124633789,0.6042923927307129,1.0,1.0,0.9970703125
geometry_dropout,test_seen,2244,val:2009_004882:part_7,2009_004882,bicycle,saddle,saddle,0.08163265138864517,0.15094339847564697,0.7951388955116272,0.02012072503566742,1.0,1.0,0.99951171875
geometry_dropout,test_seen,2245,val:2009_004882:part_8,2009_004882,bicycle,handlebar,handlebar,0.0,0.0,0.9486404657363892,0.04292421042919159,1.0,1.0,0.9990234375
geometry_dropout,test_seen,2246,val:2009_004882:part_9,2009_004882,bicycle,chainwheel,chainwheel,0.1666666716337204,0.2857142984867096,0.7081544995307922,0.036217302083969116,0.984375,1.0,0.01009368896484375
geometry_dropout,test_seen,2247,val:2009_004942:part_70,2009_004942,horse,tail,tail,0.27920228242874146,0.4365256130695343,0.36825886368751526,0.02221032977104187,0.9697265625,1.0,0.0005617141723632812
geometry_dropout,test_seen,2248,val:2009_004942:part_71,2009_004942,horse,head,head,0.5151777863502502,0.6800228953361511,0.0544959120452404,0.05762197822332382,1.0,1.0,1.0
geometry_dropout,test_seen,2249,val:2009_004942:part_72,2009_004942,horse,eye,eye,0.09756097197532654,0.17777778208255768,0.5263158082962036,0.002319150837138295,0.5927734375,0.99951171875,0.00018668174743652344
geometry_dropout,test_seen,2250,val:2009_004942:part_73,2009_004942,horse,torso,torso,0.753848135471344,0.8596503734588623,0.07439513504505157,0.5403621196746826,1.0,1.0,1.0
geometry_dropout,test_seen,2251,val:2009_004942:part_74,2009_004942,horse,neck,neck,0.5229629874229431,0.6867704391479492,0.06575781852006912,0.07216127216815948,1.0,1.0,1.0
geometry_dropout,test_seen,2252,val:2009_004942:part_75,2009_004942,horse,leg,leg,0.43478259444236755,0.6060606241226196,0.36518770456314087,0.19632503390312195,1.0,1.0,1.0
geometry_dropout,test_seen,2253,val:2009_004942:part_76,2009_004942,horse,ear,ear,0.18575851619243622,0.3133159279823303,0.20901639759540558,0.012398537248373032,0.0033893585205078125,0.998046875,0.0
geometry_dropout,test_seen,2254,val:2009_004942:part_77,2009_004942,horse,muzzle,muzzle,0.5695142149925232,0.7257204055786133,0.0,0.03978235647082329,0.95166015625,1.0,0.0015668869018554688
geometry_dropout,test_seen,2255,val:2009_004942:part_78,2009_004942,horse,hoof,hoof,0.2864963412284851,0.44539007544517517,0.42178770899772644,0.030951743945479393,0.99658203125,1.0,0.026458740234375
geometry_dropout,test_seen,2256,val:2009_004969:part_0,2009_004969,aeroplane,body,body,0.5068958401679993,0.672768235206604,0.2767989933490753,0.6173508763313293,1.0,1.0,1.0
geometry_dropout,test_seen,2257,val:2009_004969:part_1,2009_004969,aeroplane,stern,stern,0.0,0.0,0.0,0.15620966255664825,1.0,1.0,0.99951171875
geometry_dropout,test_seen,2258,val:2009_004969:part_2,2009_004969,aeroplane,wing,wing,0.3352506160736084,0.5021538734436035,0.18334808945655823,0.12806609272956848,0.7890625,1.0,0.0002472400665283203
geometry_dropout,test_seen,2259,val:2009_004969:part_5,2009_004969,aeroplane,wheel,wheel,0.504690408706665,0.6708229184150696,0.43151968717575073,0.06945520639419556,1.0,1.0,0.9970703125
geometry_dropout,test_seen,2260,val:2009_004987:part_83,2009_004987,person,head,head,0.694915235042572,0.8199999928474426,0.26884421706199646,0.1959766447544098,1.0,1.0,1.0
geometry_dropout,test_seen,2261,val:2009_004987:part_84,2009_004987,person,eye,eye,0.0,0.0,0.0,0.0012978585436940193,0.5927734375,0.99951171875,0.00018668174743652344
geometry_dropout,test_seen,2262,val:2009_004987:part_85,2009_004987,person,torso,torso,0.0,0.0,0.6363636255264282,0.16028553247451782,1.0,1.0,1.0
geometry_dropout,test_seen,2263,val:2009_004987:part_86,2009_004987,person,neck,neck,0.011111111380159855,0.021978022530674934,0.07407407462596893,0.006489292718470097,1.0,1.0,1.0
geometry_dropout,test_seen,2264,val:2009_004987:part_87,2009_004987,person,leg,leg,0.2691029906272888,0.42408376932144165,0.5270570516586304,0.3640493154525757,1.0,1.0,1.0
geometry_dropout,test_seen,2265,val:2009_004987:part_88,2009_004987,person,foot,foot,0.144308939576149,0.2522202432155609,0.806382954120636,0.06035042181611061,1.0,1.0,0.81298828125
geometry_dropout,test_seen,2266,val:2009_004987:part_89,2009_004987,person,nose,nose,0.0,0.0,0.0,0.0012978585436940193,0.08404541015625,0.99853515625,5.364418029785156e-07
geometry_dropout,test_seen,2267,val:2009_004987:part_94,2009_004987,person,lower arm,lower arm,0.0,0.0,0.0,0.07268007844686508,0.99462890625,1.0,0.02752685546875
geometry_dropout,test_seen,2268,val:2009_004987:part_95,2009_004987,person,upper arm,upper arm,0.004098360426723957,0.008163264952600002,0.6016260385513306,0.0791693702340126,0.958984375,1.0,0.0012845993041992188
geometry_dropout,test_seen,2269,val:2009_004987:part_96,2009_004987,person,hand,hand,0.05223880708217621,0.09929078072309494,0.7555555701255798,0.03309539332985878,1.0,1.0,0.99853515625
geometry_dropout,test_seen,2270,val:2009_004993:part_115,2009_004993,tvmonitor,screen,screen,0.43222352862358093,0.6035699248313904,0.0,0.1889527589082718,1.0,1.0,1.0
geometry_dropout,test_seen,2271,val:2009_005038:part_20,2009_005038,bottle,body,body,0.6972476840019226,0.8216215968132019,0.2826780080795288,0.9285046458244324,1.0,1.0,1.0
geometry_dropout,test_seen,2272,val:2009_005038:part_21,2009_005038,bottle,cap,cap,0.2222222238779068,0.3636363744735718,0.5107526779174805,0.03130841255187988,1.0,1.0,0.99853515625
geometry_dropout,test_seen,2273,val:2009_005078:part_83,2009_005078,person,head,head,0.4098360538482666,0.5813953280448914,0.5028248429298401,0.24215246737003326,1.0,1.0,1.0
geometry_dropout,test_seen,2274,val:2009_005078:part_85,2009_005078,person,torso,torso,0.0625,0.11764705926179886,0.2669491469860077,0.028400598093867302,1.0,1.0,1.0
geometry_dropout,test_seen,2275,val:2009_005078:part_87,2009_005078,person,leg,leg,0.4711538553237915,0.6405228972434998,0.36086955666542053,0.3423019349575043,1.0,1.0,1.0
geometry_dropout,test_seen,2276,val:2009_005078:part_88,2009_005078,person,foot,foot,0.11693548411130905,0.20938627421855927,0.545064389705658,0.06576980650424957,1.0,1.0,0.81298828125
geometry_dropout,test_seen,2277,val:2009_005078:part_94,2009_005078,person,lower arm,lower arm,0.3093525171279907,0.47252747416496277,0.25961539149284363,0.1165919303894043,0.99462890625,1.0,0.02752685546875
geometry_dropout,test_seen,2278,val:2009_005078:part_95,2009_005078,person,upper arm,upper arm,0.07373271882534027,0.1373390555381775,0.3080808222293854,0.05231688916683197,0.958984375,1.0,0.0012845993041992188
geometry_dropout,test_seen,2279,val:2009_005078:part_96,2009_005078,person,hand,hand,0.0,0.0,0.0,0.06726457178592682,1.0,1.0,0.99853515625
geometry_dropout,test_seen,2280,val:2009_005087:part_83,2009_005087,person,head,head,0.20714285969734192,0.34319525957107544,0.0,0.12737642228603363,1.0,1.0,1.0
geometry_dropout,test_seen,2281,val:2009_005087:part_85,2009_005087,person,torso,torso,0.0,0.0,0.0,0.03707224503159523,1.0,1.0,1.0
geometry_dropout,test_seen,2282,val:2009_005087:part_87,2009_005087,person,leg,leg,0.4819277226924896,0.6504064798355103,0.45473042130470276,0.5855513215065002,1.0,1.0,1.0
geometry_dropout,test_seen,2283,val:2009_005087:part_88,2009_005087,person,foot,foot,0.12403100728988647,0.22068965435028076,0.732876718044281,0.13688212633132935,1.0,1.0,0.81298828125
geometry_dropout,test_seen,2284,val:2009_005087:part_90,2009_005087,person,ear,ear,0.0,0.0,0.0,0.008555132895708084,0.0033893585205078125,0.998046875,0.0
geometry_dropout,test_seen,2285,val:2009_005087:part_93,2009_005087,person,hair,hair,0.0,0.0,0.0,0.028517110273241997,1.0,1.0,0.998046875
geometry_dropout,test_seen,2286,val:2009_005087:part_95,2009_005087,person,upper arm,upper arm,0.2631579041481018,0.4166666567325592,0.4357541799545288,0.057984791696071625,0.958984375,1.0,0.0012845993041992188
geometry_dropout,test_seen,2287,val:2009_005148:part_114,2009_005148,train,coach,coach,0.8985270261764526,0.9465517401695251,0.09615493565797806,0.9945679306983948,1.0,1.0,1.0
geometry_dropout,test_seen,2288,val:2009_005156:part_6,2009_005156,bicycle,wheel,wheel,0.0,0.0,1.0,0.46360424160957336,1.0,1.0,0.9970703125
geometry_dropout,test_seen,2289,val:2009_005156:part_7,2009_005156,bicycle,saddle,saddle,0.25040915608406067,0.4005235731601715,0.7375643253326416,0.1279151886701584,1.0,1.0,0.99951171875
geometry_dropout,test_seen,2290,val:2009_005156:part_8,2009_005156,bicycle,handlebar,handlebar,0.14206896722316742,0.24879227578639984,0.8386123776435852,0.11660777032375336,1.0,1.0,0.9990234375
geometry_dropout,test_seen,2291,val:2009_005156:part_9,2009_005156,bicycle,chainwheel,chainwheel,0.19946809113025665,0.33259424567222595,0.7184750437736511,0.07773851603269577,0.984375,1.0,0.01009368896484375
geometry_dropout,test_seen,2292,val:2009_005158:part_43,2009_005158,cat,head,head,0.6580022573471069,0.7937290072441101,0.06553030014038086,0.26712527871131897,1.0,1.0,1.0
geometry_dropout,test_seen,2293,val:2009_005158:part_44,2009_005158,cat,eye,eye,0.35125449299812317,0.5198938846588135,0.0,0.016393441706895828,0.5927734375,0.99951171875,0.00018668174743652344
geometry_dropout,test_seen,2294,val:2009_005158:part_45,2009_005158,cat,torso,torso,0.6455508470535278,0.7846015095710754,0.1108274832367897,0.4487704932689667,1.0,1.0,1.0
geometry_dropout,test_seen,2295,val:2009_005158:part_46,2009_005158,cat,neck,neck,0.4464419484138489,0.6172967553138733,0.028044871985912323,0.0999707281589508,1.0,1.0,1.0
geometry_dropout,test_seen,2296,val:2009_005158:part_47,2009_005158,cat,leg,leg,0.17653891444206238,0.300098717212677,0.09814169257879257,0.04449648782610893,1.0,1.0,1.0
geometry_dropout,test_seen,2297,val:2009_005158:part_48,2009_005158,cat,nose,nose,0.3139534890651703,0.47787609696388245,0.0,0.005854800809174776,0.08404541015625,0.99853515625,5.364418029785156e-07
geometry_dropout,test_seen,2298,val:2009_005158:part_49,2009_005158,cat,paw,paw,0.37394246459007263,0.5443349480628967,0.25850340723991394,0.032786883413791656,0.9912109375,1.0,0.0014209747314453125
geometry_dropout,test_seen,2299,val:2009_005158:part_50,2009_005158,cat,ear,ear,0.5482233762741089,0.7081966996192932,0.34246575832366943,0.07172130793333054,0.0033893585205078125,0.998046875,0.0
geometry_dropout,test_seen,2300,val:2009_005189:part_0,2009_005189,aeroplane,body,body,0.532122015953064,0.6946209073066711,0.1521456390619278,0.35581496357917786,1.0,1.0,1.0
geometry_dropout,test_seen,2301,val:2009_005189:part_1,2009_005189,aeroplane,stern,stern,0.328161358833313,0.49415886402130127,0.4229764938354492,0.24340683221817017,1.0,1.0,0.99951171875
geometry_dropout,test_seen,2302,val:2009_005189:part_2,2009_005189,aeroplane,wing,wing,0.12862159311771393,0.22792688012123108,0.5794824361801147,0.1759619563817978,0.7890625,1.0,0.0002472400665283203
geometry_dropout,test_seen,2303,val:2009_005189:part_4,2009_005189,aeroplane,engine,engine,0.2657342553138733,0.41988950967788696,0.3801587224006653,0.1595330685377121,1.0,1.0,0.99365234375
geometry_dropout,test_seen,2304,val:2009_005189:part_5,2009_005189,aeroplane,wheel,wheel,0.17000000178813934,0.2905983030796051,0.7563451528549194,0.0159965418279171,1.0,1.0,0.9970703125
geometry_dropout,test_seen,2305,val:2009_005190:part_20,2009_005190,bottle,body,body,0.693663477897644,0.8191278576850891,0.207678884267807,0.8519784808158875,1.0,1.0,1.0
geometry_dropout,test_seen,2306,val:2009_005190:part_21,2009_005190,bottle,cap,cap,0.3979932963848114,0.5693780183792114,0.5559701323509216,0.07327796518802643,1.0,1.0,0.99853515625
geometry_dropout,test_seen,2307,val:2009_005217:part_85,2009_005217,person,torso,torso,0.49076518416404724,0.6584070920944214,0.14390066266059875,0.3044072389602661,1.0,1.0,1.0
geometry_dropout,test_seen,2308,val:2009_005217:part_87,2009_005217,person,leg,leg,0.4920904040336609,0.6595986485481262,0.48167848587036133,0.32422274351119995,1.0,1.0,1.0
geometry_dropout,test_seen,2309,val:2009_005217:part_88,2009_005217,person,foot,foot,0.0,0.0,0.95652174949646,0.021182097494602203,1.0,1.0,0.81298828125
geometry_dropout,test_seen,2310,val:2009_005217:part_94,2009_005217,person,lower arm,lower arm,0.5265865921974182,0.6898876428604126,0.0,0.18517252802848816,0.99462890625,1.0,0.02752685546875
geometry_dropout,test_seen,2311,val:2009_005217:part_95,2009_005217,person,upper arm,upper arm,0.5161839723587036,0.680898904800415,0.03933747485280037,0.1390502154827118,0.958984375,1.0,0.0012845993041992188
geometry_dropout,test_seen,2312,val:2009_005217:part_96,2009_005217,person,hand,hand,0.09489051252603531,0.1733333319425583,0.015625,0.007516228128224611,1.0,1.0,0.99853515625
geometry_dropout,test_seen,2313,val:2009_005219:part_42,2009_005219,cat,tail,tail,0.3951434791088104,0.5664557218551636,0.15654206275939941,0.029973553493618965,0.9697265625,1.0,0.0005617141723632812
geometry_dropout,test_seen,2314,val:2009_005219:part_43,2009_005219,cat,head,head,0.7119522094726562,0.831743061542511,0.09273697435855865,0.2732882797718048,1.0,1.0,1.0
geometry_dropout,test_seen,2315,val:2009_005219:part_44,2009_005219,cat,eye,eye,0.28985506296157837,0.449438214302063,0.0,0.01733764261007309,0.5927734375,0.99951171875,0.00018668174743652344
geometry_dropout,test_seen,2316,val:2009_005219:part_45,2009_005219,cat,torso,torso,0.5403091311454773,0.70155930519104,0.12030075490474701,0.38010579347610474,1.0,1.0,1.0
geometry_dropout,test_seen,2317,val:2009_005219:part_46,2009_005219,cat,neck,neck,0.3774193525314331,0.5480093955993652,0.21837088465690613,0.04069938138127327,1.0,1.0,1.0
geometry_dropout,test_seen,2318,val:2009_005219:part_47,2009_005219,cat,leg,leg,0.39836734533309937,0.5697606801986694,0.27459368109703064,0.07992947101593018,1.0,1.0,1.0
geometry_dropout,test_seen,2319,val:2009_005219:part_48,2009_005219,cat,nose,nose,0.329341322183609,0.4954954981803894,0.0,0.008962679654359818,0.08404541015625,0.99853515625,5.364418029785156e-07
geometry_dropout,test_seen,2320,val:2009_005219:part_49,2009_005219,cat,paw,paw,0.1418439745903015,0.2484472095966339,0.6638655662536621,0.02982662431895733,0.9912109375,1.0,0.0014209747314453125
geometry_dropout,test_seen,2321,val:2009_005219:part_50,2009_005219,cat,ear,ear,0.6569468379020691,0.7929606437683105,0.13685151934623718,0.11960035562515259,0.0033893585205078125,0.998046875,0.0
geometry_dropout,test_seen,2322,val:2009_005220:part_109,2009_005220,train,head,head,0.21699406206607819,0.3566066026687622,0.39745470881462097,0.05330929532647133,1.0,1.0,1.0
geometry_dropout,test_seen,2323,val:2009_005220:part_110,2009_005220,train,front,front,0.8467367887496948,0.917008638381958,0.10320781171321869,0.4711134135723114,1.0,1.0,1.0
geometry_dropout,test_seen,2324,val:2009_005220:part_111,2009_005220,train,side,side,0.7978077530860901,0.887533962726593,0.095506452023983,0.46304404735565186,1.0,1.0,0.99755859375
geometry_dropout,test_seen,2325,val:2009_005220:part_114,2009_005220,train,coach,coach,0.02095155045390129,0.04104318097233772,0.13386525213718414,0.007125074975192547,1.0,1.0,1.0
geometry_dropout,test_seen,2326,val:2009_005231:part_22,2009_005231,bus,wheel,wheel,0.13584905862808228,0.23920266330242157,0.32258063554763794,0.02053467556834221,1.0,1.0,0.9970703125
geometry_dropout,test_seen,2327,val:2009_005231:part_23,2009_005231,bus,headlight,headlight,0.0,0.0,0.23456789553165436,0.0027121270541101694,1.0,1.0,0.99755859375
geometry_dropout,test_seen,2328,val:2009_005231:part_24,2009_005231,bus,front,front,0.2189239263534546,0.35920852422714233,0.0803212821483612,0.061604030430316925,1.0,1.0,1.0
geometry_dropout,test_seen,2329,val:2009_005231:part_25,2009_005231,bus,side,side,0.2522425651550293,0.40286532044410706,0.2418154776096344,0.31073227524757385,1.0,1.0,0.99755859375
geometry_dropout,test_seen,2330,val:2009_005231:part_30,2009_005231,bus,door,door,0.2123115509748459,0.35025906562805176,0.0,0.10267338156700134,0.204833984375,0.9970703125,2.777576446533203e-05
geometry_dropout,test_seen,2331,val:2009_005231:part_31,2009_005231,bus,window,window,0.28928571939468384,0.4487534761428833,0.11463664472103119,0.22200697660446167,0.99951171875,1.0,0.99365234375
geometry_dropout,test_seen,2332,val:2009_005302:part_20,2009_005302,bottle,body,body,0.1929740160703659,0.3235175609588623,0.1938958764076233,0.1058284193277359,1.0,1.0,1.0
geometry_dropout,test_seen,2333,val:2009_005302:part_21,2009_005302,bottle,cap,cap,0.046296294778585434,0.08849557489156723,0.8777777552604675,0.0030124427285045385,1.0,1.0,0.99853515625
geometry_dropout,test_seen,2334,val:2010_000038:part_70,2010_000038,horse,tail,tail,0.6465028524398804,0.7853042483329773,0.12348668277263641,0.1089438647031784,0.9697265625,1.0,0.0005617141723632812
geometry_dropout,test_seen,2335,val:2010_000038:part_71,2010_000038,horse,head,head,0.395256906747818,0.5665722489356995,0.1816239356994629,0.028306374326348305,1.0,1.0,1.0
geometry_dropout,test_seen,2336,val:2010_000038:part_72,2010_000038,horse,eye,eye,0.0,0.0,0.0,0.002140818163752556,0.5927734375,0.99951171875,0.00018668174743652344
geometry_dropout,test_seen,2337,val:2010_000038:part_73,2010_000038,horse,torso,torso,0.6921793818473816,0.8180922269821167,0.07901960611343384,0.4794243574142456,1.0,1.0,1.0
geometry_dropout,test_seen,2338,val:2010_000038:part_74,2010_000038,horse,neck,neck,0.6822810769081116,0.8111380338668823,0.025572005659341812,0.10811132192611694,1.0,1.0,1.0
geometry_dropout,test_seen,2339,val:2010_000038:part_75,2010_000038,horse,leg,leg,0.3424190878868103,0.510152280330658,0.31793180108070374,0.14426736533641815,1.0,1.0,1.0
geometry_dropout,test_seen,2340,val:2010_000038:part_76,2010_000038,horse,ear,ear,0.20454545319080353,0.3396226465702057,0.1818181872367859,0.0032112274784594774,0.0033893585205078125,0.998046875,0.0
geometry_dropout,test_seen,2341,val:2010_000038:part_77,2010_000038,horse,muzzle,muzzle,0.5329341292381287,0.6953125,0.1346801370382309,0.025570884346961975,0.95166015625,1.0,0.0015668869018554688
geometry_dropout,test_seen,2342,val:2010_000038:part_78,2010_000038,horse,hoof,hoof,0.12077295035123825,0.21551723778247833,0.7338709831237793,0.01284490991383791,0.99658203125,1.0,0.026458740234375
geometry_dropout,test_seen,2343,val:2010_000038:part_85,2010_000038,person,torso,torso,0.0,0.0,0.20943613350391388,0.005691519472748041,1.0,1.0,1.0
geometry_dropout,test_seen,2344,val:2010_000065:part_6,2010_000065,bicycle,wheel,wheel,0.46563059091567993,0.6353996992111206,0.3166441023349762,0.5794169902801514,1.0,1.0,0.9970703125
geometry_dropout,test_seen,2345,val:2010_000083:part_6,2010_000083,bicycle,wheel,wheel,0.07027027010917664,0.13131313025951385,0.8761467933654785,0.5913621187210083,1.0,1.0,0.9970703125
geometry_dropout,test_seen,2346,val:2010_000083:part_7,2010_000083,bicycle,saddle,saddle,0.0,0.0,0.0,0.023255813866853714,1.0,1.0,0.99951171875
geometry_dropout,test_seen,2347,val:2010_000083:part_8,2010_000083,bicycle,handlebar,handlebar,0.0032051282469183207,0.00638977624475956,0.9771987199783325,0.019933555275201797,1.0,1.0,0.9990234375
geometry_dropout,test_seen,2348,val:2010_000083:part_9,2010_000083,bicycle,chainwheel,chainwheel,0.0,0.0,0.8235294222831726,0.08637873828411102,0.984375,1.0,0.01009368896484375
geometry_dropout,test_seen,2349,val:2010_000084:part_83,2010_000084,person,head,head,0.10999999940395355,0.19819819927215576,0.6739130616188049,0.046454768627882004,1.0,1.0,1.0
geometry_dropout,test_seen,2350,val:2010_000084:part_84,2010_000084,person,eye,eye,0.0,0.0,0.0,0.0024449878837913275,0.5927734375,0.99951171875,0.00018668174743652344
geometry_dropout,test_seen,2351,val:2010_000084:part_85,2010_000084,person,torso,torso,0.08414239436388016,0.15522387623786926,0.17374517023563385,0.18581907451152802,1.0,1.0,1.0
geometry_dropout,test_seen,2352,val:2010_000084:part_89,2010_000084,person,nose,nose,0.0,0.0,0.0,0.004889975767582655,0.08404541015625,0.99853515625,5.364418029785156e-07
geometry_dropout,test_seen,2353,val:2010_000084:part_91,2010_000084,person,eyebrow,eyebrow,0.0,0.0,0.0,0.0024449878837913275,9.763240814208984e-05,0.09027099609375,0.0
geometry_dropout,test_seen,2354,val:2010_000084:part_92,2010_000084,person,mouth,mouth,0.0,0.0,0.0,0.0024449878837913275,1.0,1.0,0.9970703125
geometry_dropout,test_seen,2355,val:2010_000084:part_93,2010_000084,person,hair,hair,0.0,0.0,0.9693877696990967,0.02200488932430744,1.0,1.0,0.998046875
geometry_dropout,test_seen,2356,val:2010_000084:part_94,2010_000084,person,lower arm,lower arm,0.11413043737411499,0.2048780471086502,0.35519126057624817,0.05378973111510277,0.99462890625,1.0,0.02752685546875
geometry_dropout,test_seen,2357,val:2010_000084:part_95,2010_000084,person,upper arm,upper arm,0.06875000149011612,0.12865497171878815,0.21967212855815887,0.09046454727649689,0.958984375,1.0,0.0012845993041992188
geometry_dropout,test_seen,2358,val:2010_000084:part_96,2010_000084,person,hand,hand,0.032258063554763794,0.0625,0.3392857015132904,0.01955990307033062,1.0,1.0,0.99853515625
geometry_dropout,test_seen,2359,val:2010_000110:part_83,2010_000110,person,head,head,0.005033556837588549,0.01001669466495514,0.7226148247718811,0.004548587370663881,1.0,1.0,1.0
geometry_dropout,test_seen,2360,val:2010_000110:part_85,2010_000110,person,torso,torso,0.0,0.0,0.8148148059844971,0.006616126745939255,1.0,1.0,1.0
geometry_dropout,test_seen,2361,val:2010_000110:part_90,2010_000110,person,ear,ear,0.0,0.0,0.0,0.0002755959867499769,0.0033893585205078125,0.998046875,0.0
geometry_dropout,test_seen,2362,val:2010_000163:part_42,2010_000163,cat,tail,tail,0.36019837856292725,0.5296262502670288,0.12266666442155838,0.05038478225469589,0.9697265625,1.0,0.0005617141723632812
geometry_dropout,test_seen,2363,val:2010_000163:part_43,2010_000163,cat,head,head,0.7631068229675293,0.865638792514801,0.031234748661518097,0.11492667347192764,1.0,1.0,1.0
geometry_dropout,test_seen,2364,val:2010_000163:part_44,2010_000163,cat,eye,eye,0.09958506375551224,0.18113207817077637,0.0,0.007768258918076754,0.5927734375,0.99951171875,0.00018668174743652344
geometry_dropout,test_seen,2365,val:2010_000163:part_45,2010_000163,cat,torso,torso,0.7211350202560425,0.8379760980606079,0.038746628910303116,0.5029039978981018,1.0,1.0,1.0
geometry_dropout,test_seen,2366,val:2010_000163:part_46,2010_000163,cat,neck,neck,0.4701492488384247,0.6395938992500305,0.05821474641561508,0.0439959354698658,1.0,1.0,1.0
geometry_dropout,test_seen,2367,val:2010_000163:part_47,2010_000163,cat,leg,leg,0.660658061504364,0.7956581711769104,0.02767147496342659,0.17474952340126038,1.0,1.0,1.0
geometry_dropout,test_seen,2368,val:2010_000163:part_48,2010_000163,cat,nose,nose,0.1489361673593521,0.25925925374031067,0.0,0.0025410193484276533,0.08404541015625,0.99853515625,5.364418029785156e-07
geometry_dropout,test_seen,2369,val:2010_000163:part_49,2010_000163,cat,paw,paw,0.2933810353279114,0.45366528630256653,0.14070351421833038,0.038042690604925156,0.9912109375,1.0,0.0014209747314453125
geometry_dropout,test_seen,2370,val:2010_000163:part_50,2010_000163,cat,ear,ear,0.7494866251945496,0.8568075299263,0.0758293867111206,0.06243647634983063,0.0033893585205078125,0.998046875,0.0
geometry_dropout,test_seen,2371,val:2010_000174:part_83,2010_000174,person,head,head,0.15894955396652222,0.27429935336112976,0.07195301353931427,0.03007446974515915,1.0,1.0,1.0
geometry_dropout,test_seen,2372,val:2010_000174:part_85,2010_000174,person,torso,torso,0.4252255856990814,0.5967133641242981,0.08343685418367386,0.24766087532043457,1.0,1.0,1.0
geometry_dropout,test_seen,2373,val:2010_000174:part_87,2010_000174,person,leg,leg,0.48256880044937134,0.6509901285171509,0.1421319842338562,0.03952644765377045,1.0,1.0,1.0
geometry_dropout,test_seen,2374,val:2010_000174:part_89,2010_000174,person,nose,nose,0.0,0.0,0.20247933268547058,0.0019094902090728283,0.08404541015625,0.99853515625,5.364418029785156e-07
geometry_dropout,test_seen,2375,val:2010_000174:part_90,2010_000174,person,ear,ear,0.009708737954497337,0.01923076994717121,0.17073170840740204,0.00420087855309248,0.0033893585205078125,0.998046875,0.0
geometry_dropout,test_seen,2376,val:2010_000174:part_92,2010_000174,person,mouth,mouth,0.0,0.0,0.0,9.547451190883294e-05,1.0,1.0,0.9970703125
geometry_dropout,test_seen,2377,val:2010_000174:part_93,2010_000174,person,hair,hair,0.3605208992958069,0.5299748182296753,0.1301615834236145,0.08315829932689667,1.0,1.0,0.998046875
geometry_dropout,test_seen,2378,val:2010_000174:part_94,2010_000174,person,lower arm,lower arm,0.4645203649997711,0.6343652009963989,0.05582524091005325,0.09480618685483932,0.99462890625,1.0,0.02752685546875
geometry_dropout,test_seen,2379,val:2010_000174:part_95,2010_000174,person,upper arm,upper arm,0.3680577278137207,0.5380734205245972,0.09581603109836578,0.11733817309141159,0.958984375,1.0,0.0012845993041992188
geometry_dropout,test_seen,2380,val:2010_000174:part_96,2010_000174,person,hand,hand,0.5044247508049011,0.6705882549285889,0.359281450510025,0.050124116241931915,1.0,1.0,0.99853515625
geometry_dropout,test_seen,2381,val:2010_000238:part_0,2010_000238,aeroplane,body,body,0.8440682888031006,0.9154414534568787,0.08847964555025101,0.8651260733604431,1.0,1.0,1.0
geometry_dropout,test_seen,2382,val:2010_000238:part_5,2010_000238,aeroplane,wheel,wheel,0.4970930218696594,0.6640776991844177,0.24242424964904785,0.02591036446392536,1.0,1.0,0.9970703125
geometry_dropout,test_seen,2383,val:2010_000256:part_20,2010_000256,bottle,body,body,0.0,0.0,1.0,0.9768785834312439,1.0,1.0,1.0
geometry_dropout,test_seen,2384,val:2010_000256:part_21,2010_000256,bottle,cap,cap,0.0,0.0,0.0,0.023121386766433716,1.0,1.0,0.99853515625
geometry_dropout,test_seen,2385,val:2010_000284:part_97,2010_000284,pottedplant,pot,pot,0.0,0.0,0.8839285969734192,0.23404255509376526,1.0,1.0,0.9990234375
geometry_dropout,test_seen,2386,val:2010_000284:part_98,2010_000284,pottedplant,plant,plant,0.1818181872367859,0.3076923191547394,0.6499999761581421,0.4893617033958435,1.0,1.0,1.0
geometry_dropout,test_seen,2387,val:2010_000318:part_115,2010_000318,tvmonitor,screen,screen,0.34902632236480713,0.5174492597579956,0.012280279770493507,0.2755219638347626,1.0,1.0,1.0
geometry_dropout,test_seen,2388,val:2010_000330:part_97,2010_000330,pottedplant,pot,pot,0.7694166302680969,0.8696839809417725,0.10949164628982544,0.2836296856403351,1.0,1.0,0.9990234375
geometry_dropout,test_seen,2389,val:2010_000330:part_98,2010_000330,pottedplant,plant,plant,0.7020999789237976,0.8249809145927429,0.21822704374790192,0.7122623920440674,1.0,1.0,1.0
geometry_dropout,test_seen,2390,val:2010_000342:part_6,2010_000342,bicycle,wheel,wheel,0.007665094453841448,0.015213575214147568,0.915032684803009,0.6038028597831726,1.0,1.0,0.9970703125
geometry_dropout,test_seen,2391,val:2010_000342:part_7,2010_000342,bicycle,saddle,saddle,0.1169811338186264,0.20945945382118225,0.7849056720733643,0.036088474094867706,1.0,1.0,0.99951171875
geometry_dropout,test_seen,2392,val:2010_000342:part_8,2010_000342,bicycle,handlebar,handlebar,0.1515151560306549,0.2631579041481018,0.8098404407501221,0.07683352380990982,1.0,1.0,0.9990234375
geometry_dropout,test_seen,2393,val:2010_000342:part_9,2010_000342,bicycle,chainwheel,chainwheel,0.3962264060974121,0.5675675868988037,0.3478260934352875,0.05820721760392189,0.984375,1.0,0.01009368896484375
geometry_dropout,test_seen,2394,val:2010_000426:part_20,2010_000426,bottle,body,body,0.9256139397621155,0.9613701701164246,0.03834088519215584,0.9944519400596619,1.0,1.0,1.0
geometry_dropout,test_seen,2395,val:2010_000427:part_51,2010_000427,cow,tail,tail,0.3232758641242981,0.48859935998916626,0.5723905563354492,0.0581279881298542,0.9697265625,1.0,0.0005617141723632812
geometry_dropout,test_seen,2396,val:2010_000427:part_52,2010_000427,cow,head,head,0.5389733910560608,0.7004323601722717,0.1177142858505249,0.06715407222509384,1.0,1.0,1.0
geometry_dropout,test_seen,2397,val:2010_000427:part_53,2010_000427,cow,eye,eye,0.06557376682758331,0.1230769231915474,0.1666666716337204,0.0014441736275330186,0.5927734375,0.99951171875,0.00018668174743652344
geometry_dropout,test_seen,2398,val:2010_000427:part_54,2010_000427,cow,torso,torso,0.7794086337089539,0.8760310411453247,0.09991029649972916,0.6941962242126465,1.0,1.0,1.0
geometry_dropout,test_seen,2399,val:2010_000427:part_56,2010_000427,cow,leg,leg,0.3312526047229767,0.4976555109024048,0.4039473831653595,0.08294972777366638,1.0,1.0,1.0
geometry_dropout,test_seen,2400,val:2010_000427:part_57,2010_000427,cow,ear,ear,0.4914039969444275,0.6589817404747009,0.4318840503692627,0.03168155997991562,0.0033893585205078125,0.998046875,0.0
geometry_dropout,test_seen,2401,val:2010_000427:part_58,2010_000427,cow,muzzle,muzzle,0.6860158443450928,0.8137715458869934,0.020519835874438286,0.04937268793582916,0.95166015625,1.0,0.0015668869018554688
geometry_dropout,test_seen,2402,val:2010_000552:part_42,2010_000552,cat,tail,tail,0.7299460172653198,0.8438945412635803,0.1327279806137085,0.1781497299671173,0.9697265625,1.0,0.0005617141723632812
geometry_dropout,test_seen,2403,val:2010_000552:part_43,2010_000552,cat,head,head,0.39867475628852844,0.5700750350952148,0.045513175427913666,0.09394057095050812,1.0,1.0,1.0
geometry_dropout,test_seen,2404,val:2010_000552:part_44,2010_000552,cat,eye,eye,0.01953125,0.038314174860715866,0.0,0.0019895334262400866,0.5927734375,0.99951171875,0.00018668174743652344
geometry_dropout,test_seen,2405,val:2010_000552:part_45,2010_000552,cat,torso,torso,0.358146071434021,0.5274043679237366,0.07034694403409958,0.24319882690906525,1.0,1.0,1.0
geometry_dropout,test_seen,2406,val:2010_000552:part_46,2010_000552,cat,neck,neck,0.0,0.0,0.04057709500193596,0.016305522993206978,1.0,1.0,1.0
geometry_dropout,test_seen,2407,val:2010_000552:part_48,2010_000552,cat,nose,nose,0.1376146823167801,0.24193547666072845,0.0555555559694767,0.0006920116138644516,0.08404541015625,0.99853515625,5.364418029785156e-07
geometry_dropout,test_seen,2408,val:2010_000552:part_50,2010_000552,cat,ear,ear,0.3705914318561554,0.5407759547233582,0.03097345121204853,0.031054019927978516,0.0033893585205078125,0.998046875,0.0
geometry_dropout,test_seen,2409,val:2010_000559:part_83,2010_000559,person,head,head,0.44526559114456177,0.6161713004112244,0.08520790934562683,0.14875145256519318,1.0,1.0,1.0
geometry_dropout,test_seen,2410,val:2010_000559:part_85,2010_000559,person,torso,torso,0.7004122734069824,0.8238146305084229,0.07806004583835602,0.41537636518478394,1.0,1.0,1.0
geometry_dropout,test_seen,2411,val:2010_000559:part_86,2010_000559,person,neck,neck,0.5264341831207275,0.6897568106651306,0.024390242993831635,0.05540141463279724,1.0,1.0,1.0
geometry_dropout,test_seen,2412,val:2010_000559:part_89,2010_000559,person,nose,nose,0.21276596188545227,0.35087719559669495,0.09787233918905258,0.004475073888897896,0.08404541015625,0.99853515625,5.364418029785156e-07
geometry_dropout,test_seen,2413,val:2010_000559:part_90,2010_000559,person,ear,ear,0.5135135054588318,0.6785714030265808,0.0,0.0072496198117733,0.0033893585205078125,0.998046875,0.0
geometry_dropout,test_seen,2414,val:2010_000559:part_92,2010_000559,person,mouth,mouth,0.4318181872367859,0.60317462682724,0.0,0.005549091380089521,1.0,1.0,0.9970703125
geometry_dropout,test_seen,2415,val:2010_000559:part_93,2010_000559,person,hair,hair,0.24199287593364716,0.3896848261356354,0.14482758939266205,0.04994182288646698,1.0,1.0,0.998046875
geometry_dropout,test_seen,2416,val:2010_000559:part_94,2010_000559,person,lower arm,lower arm,0.21559633314609528,0.3547169864177704,0.12103746086359024,0.016378769651055336,0.99462890625,1.0,0.02752685546875
geometry_dropout,test_seen,2417,val:2010_000559:part_95,2010_000559,person,upper arm,upper arm,0.48641088604927063,0.6544770002365112,0.18342597782611847,0.15573257207870483,0.958984375,1.0,0.0012845993041992188
geometry_dropout,test_seen,2418,val:2010_000572:part_0,2010_000572,aeroplane,body,body,0.4804951250553131,0.6491006016731262,0.27779871225357056,0.46363312005996704,1.0,1.0,1.0
geometry_dropout,test_seen,2419,val:2010_000572:part_1,2010_000572,aeroplane,stern,stern,0.6856492161750793,0.8135135173797607,0.20229682326316833,0.38982445001602173,1.0,1.0,0.99951171875
geometry_dropout,test_seen,2420,val:2010_000572:part_2,2010_000572,aeroplane,wing,wing,0.47581902146339417,0.6448202729225159,0.10925926268100739,0.1454675793647766,0.7890625,1.0,0.0002472400665283203
geometry_dropout,test_seen,2421,val:2010_000573:part_20,2010_000573,bottle,body,body,0.0,0.0,1.0,0.9770992398262024,1.0,1.0,1.0
geometry_dropout,test_seen,2422,val:2010_000573:part_21,2010_000573,bottle,cap,cap,0.0,0.0,1.0,0.022900763899087906,1.0,1.0,0.99853515625
geometry_dropout,test_seen,2423,val:2010_000622:part_0,2010_000622,aeroplane,body,body,0.6609647870063782,0.7958805561065674,0.16191799938678741,0.47150012850761414,1.0,1.0,1.0
geometry_dropout,test_seen,2424,val:2010_000622:part_1,2010_000622,aeroplane,stern,stern,0.6996636390686035,0.8232966065406799,0.16543574631214142,0.3591700494289398,1.0,1.0,0.99951171875
geometry_dropout,test_seen,2425,val:2010_000622:part_2,2010_000622,aeroplane,wing,wing,0.1939953863620758,0.3249516487121582,0.1690140813589096,0.043405674397945404,0.7890625,1.0,0.0002472400665283203
geometry_dropout,test_seen,2426,val:2010_000622:part_4,2010_000622,aeroplane,engine,engine,0.26251527667045593,0.41586074233055115,0.1253918558359146,0.11280705779790878,1.0,1.0,0.99365234375
geometry_dropout,test_seen,2427,val:2010_000622:part_5,2010_000622,aeroplane,wheel,wheel,0.0,0.0,0.0,0.010493679903447628,1.0,1.0,0.9970703125
geometry_dropout,test_seen,2428,val:2010_000666:part_70,2010_000666,horse,tail,tail,0.25444597005844116,0.4056706726551056,0.7332402467727661,0.04585900157690048,0.9697265625,1.0,0.0005617141723632812
geometry_dropout,test_seen,2429,val:2010_000666:part_71,2010_000666,horse,head,head,0.3527204394340515,0.521497905254364,0.30623817443847656,0.04380561411380768,1.0,1.0,1.0
geometry_dropout,test_seen,2430,val:2010_000666:part_72,2010_000666,horse,eye,eye,0.0,0.0,0.0,0.0009126169024966657,0.5927734375,0.99951171875,0.00018668174743652344
geometry_dropout,test_seen,2431,val:2010_000666:part_73,2010_000666,horse,torso,torso,0.584255039691925,0.7375770211219788,0.17178314924240112,0.41250285506248474,1.0,1.0,1.0
geometry_dropout,test_seen,2432,val:2010_000666:part_74,2010_000666,horse,neck,neck,0.5986486673355103,0.7489433884620667,0.18641617894172668,0.11202372610569,1.0,1.0,1.0
geometry_dropout,test_seen,2433,val:2010_000666:part_75,2010_000666,horse,leg,leg,0.38530465960502625,0.5562742352485657,0.5,0.2135523557662964,1.0,1.0,1.0
geometry_dropout,test_seen,2434,val:2010_000666:part_76,2010_000666,horse,ear,ear,0.1666666716337204,0.2857142984867096,0.41904762387275696,0.004791238810867071,0.0033893585205078125,0.998046875,0.0
geometry_dropout,test_seen,2435,val:2010_000666:part_77,2010_000666,horse,muzzle,muzzle,0.47647058963775635,0.6454183459281921,0.4137931168079376,0.024184348061680794,0.95166015625,1.0,0.0015668869018554688
geometry_dropout,test_seen,2436,val:2010_000666:part_78,2010_000666,horse,hoof,hoof,0.004310344811528921,0.008583690971136093,0.8984771370887756,0.00821355264633894,0.99658203125,1.0,0.026458740234375
geometry_dropout,test_seen,2437,val:2010_000666:part_85,2010_000666,person,torso,torso,0.0,0.0,0.25060826539993286,0.012224938720464706,1.0,1.0,1.0
geometry_dropout,test_seen,2438,val:2010_000666:part_86,2010_000666,person,neck,neck,0.0,0.0,0.8410596251487732,0.0036674817092716694,1.0,1.0,1.0
geometry_dropout,test_seen,2439,val:2010_000679:part_83,2010_000679,person,head,head,0.0,0.0,0.0,0.02450980432331562,1.0,1.0,1.0
geometry_dropout,test_seen,2440,val:2010_000679:part_85,2010_000679,person,torso,torso,0.0,0.0,0.800000011920929,0.30392158031463623,1.0,1.0,1.0
geometry_dropout,test_seen,2441,val:2010_000679:part_87,2010_000679,person,leg,leg,0.0,0.0,0.8333333134651184,0.10784313827753067,1.0,1.0,1.0
geometry_dropout,test_seen,2442,val:2010_000679:part_88,2010_000679,person,foot,foot,0.0,0.0,0.0,0.014705882407724857,1.0,1.0,0.81298828125
geometry_dropout,test_seen,2443,val:2010_000679:part_90,2010_000679,person,ear,ear,0.0,0.0,0.0,0.0049019609577953815,0.0033893585205078125,0.998046875,0.0
geometry_dropout,test_seen,2444,val:2010_000679:part_94,2010_000679,person,lower arm,lower arm,0.0,0.0,0.0,0.029411764815449715,0.99462890625,1.0,0.02752685546875
geometry_dropout,test_seen,2445,val:2010_000679:part_95,2010_000679,person,upper arm,upper arm,0.0,0.0,0.0,0.03921568766236305,0.958984375,1.0,0.0012845993041992188
geometry_dropout,test_seen,2446,val:2010_000683:part_42,2010_000683,cat,tail,tail,0.4685666263103485,0.638127863407135,0.20623281598091125,0.03019643761217594,0.9697265625,1.0,0.0005617141723632812
geometry_dropout,test_seen,2447,val:2010_000683:part_43,2010_000683,cat,head,head,0.30018138885498047,0.46175307035446167,0.0674278661608696,0.0968935564160347,1.0,1.0,1.0
geometry_dropout,test_seen,2448,val:2010_000683:part_44,2010_000683,cat,eye,eye,0.015337423421442509,0.03021148033440113,0.0,0.0003654636675491929,0.5927734375,0.99951171875,0.00018668174743652344
geometry_dropout,test_seen,2449,val:2010_000683:part_45,2010_000683,cat,torso,torso,0.22276930510997772,0.3643684983253479,0.050804708153009415,0.08478757739067078,1.0,1.0,1.0
geometry_dropout,test_seen,2450,val:2010_000683:part_46,2010_000683,cat,neck,neck,0.10465116053819656,0.1894736886024475,0.09414758533239365,0.0037460026796907187,1.0,1.0,1.0
geometry_dropout,test_seen,2451,val:2010_000683:part_47,2010_000683,cat,leg,leg,0.16873890161514282,0.28875380754470825,0.032205238938331604,0.2169026881456375,1.0,1.0,1.0
geometry_dropout,test_seen,2452,val:2010_000683:part_48,2010_000683,cat,nose,nose,0.0,0.0,0.0,0.0010507081169635057,0.08404541015625,0.99853515625,5.364418029785156e-07
geometry_dropout,test_seen,2453,val:2010_000683:part_49,2010_000683,cat,paw,paw,0.3662884831428528,0.536180317401886,0.09752066433429718,0.010872544720768929,0.9912109375,1.0,0.0014209747314453125
geometry_dropout,test_seen,2454,val:2010_000683:part_50,2010_000683,cat,ear,ear,0.22994652390480042,0.373913049697876,0.13408304750919342,0.030973047018051147,0.0033893585205078125,0.998046875,0.0
geometry_dropout,test_seen,2455,val:2010_000724:part_42,2010_000724,cat,tail,tail,0.3195876181125641,0.484375,0.5052854418754578,0.02669864147901535,0.9697265625,1.0,0.0005617141723632812
geometry_dropout,test_seen,2456,val:2010_000724:part_43,2010_000724,cat,head,head,0.6346883177757263,0.7765251994132996,0.11002178490161896,0.18864908814430237,1.0,1.0,1.0
geometry_dropout,test_seen,2457,val:2010_000724:part_44,2010_000724,cat,eye,eye,0.06818182021379471,0.12765957415103912,0.03030303120613098,0.006714628078043461,0.5927734375,0.99951171875,0.00018668174743652344
geometry_dropout,test_seen,2458,val:2010_000724:part_45,2010_000724,cat,torso,torso,0.690312922000885,0.8167871236801147,0.1195278987288475,0.5159072875976562,1.0,1.0,1.0
geometry_dropout,test_seen,2459,val:2010_000724:part_46,2010_000724,cat,neck,neck,0.2403314858675003,0.38752785325050354,0.0,0.042206235229969025,1.0,1.0,1.0
geometry_dropout,test_seen,2460,val:2010_000724:part_47,2010_000724,cat,leg,leg,0.2825637459754944,0.44062331318855286,0.2818181812763214,0.1216626688838005,1.0,1.0,1.0
geometry_dropout,test_seen,2461,val:2010_000724:part_48,2010_000724,cat,nose,nose,0.0,0.0,0.0,0.0006394883967004716,0.08404541015625,0.99853515625,5.364418029785156e-07
geometry_dropout,test_seen,2462,val:2010_000724:part_49,2010_000724,cat,paw,paw,0.16438356041908264,0.2823529541492462,0.7348993420600891,0.0203037578612566,0.9912109375,1.0,0.0014209747314453125
geometry_dropout,test_seen,2463,val:2010_000724:part_50,2010_000724,cat,ear,ear,0.4095371663570404,0.58109450340271,0.11620794981718063,0.05611510947346687,0.0033893585205078125,0.998046875,0.0
geometry_dropout,test_seen,2464,val:2010_000738:part_20,2010_000738,bottle,body,body,0.0,0.0,0.0,0.8285714387893677,1.0,1.0,1.0
geometry_dropout,test_seen,2465,val:2010_000738:part_21,2010_000738,bottle,cap,cap,0.0,0.0,0.0,0.11428571492433548,1.0,1.0,0.99853515625
geometry_dropout,test_seen,2466,val:2010_000764:part_114,2010_000764,train,coach,coach,0.8396207690238953,0.9128194451332092,0.09105134755373001,0.924416720867157,1.0,1.0,1.0
geometry_dropout,test_seen,2467,val:2010_000874:part_71,2010_000874,horse,head,head,0.18285280466079712,0.30917254090309143,0.06457208842039108,0.07305172085762024,1.0,1.0,1.0
geometry_dropout,test_seen,2468,val:2010_000874:part_72,2010_000874,horse,eye,eye,0.0,0.0,0.0,0.001324411015957594,0.5927734375,0.99951171875,0.00018668174743652344
geometry_dropout,test_seen,2469,val:2010_000874:part_73,2010_000874,horse,torso,torso,0.01616506837308407,0.03181583061814308,0.08554781973361969,0.04844556003808975,1.0,1.0,1.0
geometry_dropout,test_seen,2470,val:2010_000874:part_75,2010_000874,horse,leg,leg,0.16503800451755524,0.28331780433654785,0.2943662106990814,0.07702495157718658,1.0,1.0,1.0
geometry_dropout,test_seen,2471,val:2010_000874:part_76,2010_000874,horse,ear,ear,0.145454540848732,0.2539682686328888,0.09090909361839294,0.010316464118659496,0.0033893585205078125,0.998046875,0.0
geometry_dropout,test_seen,2472,val:2010_000874:part_77,2010_000874,horse,muzzle,muzzle,0.2578504979610443,0.4099859297275543,0.12826183438301086,0.040638506412506104,0.95166015625,1.0,0.0015668869018554688
geometry_dropout,test_seen,2473,val:2010_000874:part_78,2010_000874,horse,hoof,hoof,0.012864493764936924,0.02540220133960247,0.33645737171173096,0.007946466095745564,0.99658203125,1.0,0.026458740234375
geometry_dropout,test_seen,2474,val:2010_000907:part_52,2010_000907,cow,head,head,0.6266540884971619,0.7704823017120361,0.1045062318444252,0.07517462968826294,1.0,1.0,1.0
geometry_dropout,test_seen,2475,val:2010_000907:part_53,2010_000907,cow,eye,eye,0.012658228166401386,0.02500000037252903,0.0,0.00011087703751400113,0.5927734375,0.99951171875,0.00018668174743652344
geometry_dropout,test_seen,2476,val:2010_000907:part_54,2010_000907,cow,torso,torso,0.5724110007286072,0.728067934513092,0.03411748632788658,0.4869719445705414,1.0,1.0,1.0
geometry_dropout,test_seen,2477,val:2010_000907:part_56,2010_000907,cow,leg,leg,0.2483758181333542,0.39791834354400635,0.03815113753080368,0.12584543228149414,1.0,1.0,1.0
geometry_dropout,test_seen,2478,val:2010_000907:part_57,2010_000907,cow,ear,ear,0.3607843220233917,0.530259370803833,0.17408506572246552,0.041800644248723984,0.0033893585205078125,0.998046875,0.0
geometry_dropout,test_seen,2479,val:2010_000907:part_58,2010_000907,cow,muzzle,muzzle,0.5163584351539612,0.6810506582260132,0.0,0.06663709878921509,0.95166015625,1.0,0.0015668869018554688
geometry_dropout,test_seen,2480,val:2010_000929:part_83,2010_000929,person,head,head,0.0,0.0,1.0,0.21052631735801697,1.0,1.0,1.0
geometry_dropout,test_seen,2481,val:2010_000929:part_85,2010_000929,person,torso,torso,0.0,0.0,0.9475982785224915,0.2368421107530594,1.0,1.0,1.0
geometry_dropout,test_seen,2482,val:2010_000929:part_87,2010_000929,person,leg,leg,0.06321839243173599,0.11891891807317734,0.9186046719551086,0.34210526943206787,1.0,1.0,1.0
geometry_dropout,test_seen,2483,val:2010_000929:part_88,2010_000929,person,foot,foot,0.019607843831181526,0.03846153989434242,0.9411764740943909,0.02631578966975212,1.0,1.0,0.81298828125
geometry_dropout,test_seen,2484,val:2010_000929:part_94,2010_000929,person,lower arm,lower arm,0.0,0.0,1.0,0.025641025975346565,0.99462890625,1.0,0.02752685546875
geometry_dropout,test_seen,2485,val:2010_000929:part_95,2010_000929,person,upper arm,upper arm,0.0,0.0,0.0,0.18421052396297455,0.958984375,1.0,0.0012845993041992188
geometry_dropout,test_seen,2486,val:2010_000941:part_43,2010_000941,cat,head,head,0.6344015598297119,0.7763105034828186,0.15199397504329681,0.1036958247423172,1.0,1.0,1.0
geometry_dropout,test_seen,2487,val:2010_000941:part_44,2010_000941,cat,eye,eye,0.22857142984867096,0.3720930218696594,0.0,0.002304351655766368,0.5927734375,0.99951171875,0.00018668174743652344
geometry_dropout,test_seen,2488,val:2010_000941:part_45,2010_000941,cat,torso,torso,0.759708046913147,0.8634478449821472,0.06834565848112106,0.7201098799705505,1.0,1.0,1.0
geometry_dropout,test_seen,2489,val:2010_000941:part_46,2010_000941,cat,neck,neck,0.19449378550052643,0.32565054297447205,0.004089979454874992,0.07586634904146194,1.0,1.0,1.0
geometry_dropout,test_seen,2490,val:2010_000941:part_47,2010_000941,cat,leg,leg,0.3180076479911804,0.48255813121795654,0.13601532578468323,0.014712398871779442,1.0,1.0,1.0
geometry_dropout,test_seen,2491,val:2010_000941:part_48,2010_000941,cat,nose,nose,0.0,0.0,0.10606060922145844,0.0014180626021698117,0.08404541015625,0.99853515625,5.364418029785156e-07
geometry_dropout,test_seen,2492,val:2010_000941:part_49,2010_000941,cat,paw,paw,0.28110599517822266,0.43884891271591187,0.3265306055545807,0.007267570588737726,0.9912109375,1.0,0.0014209747314453125
geometry_dropout,test_seen,2493,val:2010_000941:part_50,2010_000941,cat,ear,ear,0.31434598565101624,0.47833067178726196,0.4571428596973419,0.02109368145465851,0.0033893585205078125,0.998046875,0.0
geometry_dropout,test_seen,2494,val:2010_001000:part_52,2010_001000,cow,head,head,0.45467033982276917,0.6251180171966553,0.10073260217905045,0.15967197716236115,1.0,1.0,1.0
geometry_dropout,test_seen,2495,val:2010_001000:part_53,2010_001000,cow,eye,eye,0.12534819543361664,0.2227722704410553,0.10055866092443466,0.002465562429279089,0.5927734375,0.99951171875,0.00018668174743652344
geometry_dropout,test_seen,2496,val:2010_001000:part_54,2010_001000,cow,torso,torso,0.7575645446777344,0.8620616793632507,0.07490359246730804,0.5475156903266907,1.0,1.0,1.0
geometry_dropout,test_seen,2497,val:2010_001000:part_55,2010_001000,cow,neck,neck,0.4170246124267578,0.5885918736457825,0.0143737168982625,0.06399742513895035,1.0,1.0,1.0
geometry_dropout,test_seen,2498,val:2010_001000:part_57,2010_001000,cow,ear,ear,0.6582278609275818,0.7938931584358215,0.23100151121616364,0.08307873457670212,0.0033893585205078125,0.998046875,0.0
geometry_dropout,test_seen,2499,val:2010_001000:part_58,2010_001000,cow,muzzle,muzzle,0.8072866797447205,0.8933687210083008,0.03442513197660446,0.14273463189601898,0.95166015625,1.0,0.0015668869018554688
geometry_dropout,test_seen,2500,val:2010_001010:part_52,2010_001010,cow,head,head,0.46355140209198,0.633461058139801,0.035361215472221375,0.18897059559822083,1.0,1.0,1.0
geometry_dropout,test_seen,2501,val:2010_001010:part_53,2010_001010,cow,eye,eye,0.10769230872392654,0.1944444477558136,0.0,0.004705882165580988,0.5927734375,0.99951171875,0.00018668174743652344
geometry_dropout,test_seen,2502,val:2010_001010:part_54,2010_001010,cow,torso,torso,0.39519068598747253,0.566504180431366,0.14934565126895905,0.2716176509857178,1.0,1.0,1.0
geometry_dropout,test_seen,2503,val:2010_001010:part_56,2010_001010,cow,leg,leg,0.351565957069397,0.520235002040863,0.43532466888427734,0.16750000417232513,1.0,1.0,1.0
geometry_dropout,test_seen,2504,val:2010_001010:part_57,2010_001010,cow,ear,ear,0.38805970549583435,0.5591397881507874,0.18792711198329926,0.06235294044017792,0.0033893585205078125,0.998046875,0.0
geometry_dropout,test_seen,2505,val:2010_001010:part_58,2010_001010,cow,muzzle,muzzle,0.5273931622505188,0.6905794143676758,0.0,0.2398529350757599,0.95166015625,1.0,0.0015668869018554688
geometry_dropout,test_seen,2506,val:2010_001017:part_0,2010_001017,aeroplane,body,body,0.5043706297874451,0.6705403923988342,0.20370370149612427,0.43648019433021545,1.0,1.0,1.0
geometry_dropout,test_seen,2507,val:2010_001017:part_1,2010_001017,aeroplane,stern,stern,0.40772533416748047,0.5792682766914368,0.5490654110908508,0.13286712765693665,1.0,1.0,0.99951171875
geometry_dropout,test_seen,2508,val:2010_001017:part_2,2010_001017,aeroplane,wing,wing,0.3910256326198578,0.5622119903564453,0.5366795659065247,0.28146854043006897,0.7890625,1.0,0.0002472400665283203
geometry_dropout,test_seen,2509,val:2010_001017:part_4,2010_001017,aeroplane,engine,engine,0.18392370641231537,0.31070196628570557,0.3163265287876129,0.10664335638284683,1.0,1.0,0.99365234375
geometry_dropout,test_seen,2510,val:2010_001024:part_0,2010_001024,aeroplane,body,body,0.7359263896942139,0.8478774428367615,0.13131648302078247,0.4555807113647461,1.0,1.0,1.0
geometry_dropout,test_seen,2511,val:2010_001024:part_2,2010_001024,aeroplane,wing,wing,0.3921763300895691,0.563400387763977,0.30708155035972595,0.16128146648406982,0.7890625,1.0,0.0002472400665283203
geometry_dropout,test_seen,2512,val:2010_001024:part_4,2010_001024,aeroplane,engine,engine,0.5213790535926819,0.6854032278060913,0.23236657679080963,0.21780887246131897,1.0,1.0,0.99365234375
geometry_dropout,test_seen,2513,val:2010_001036:part_83,2010_001036,person,head,head,0.0,0.0,0.5428571701049805,0.04545454680919647,1.0,1.0,1.0
geometry_dropout,test_seen,2514,val:2010_001036:part_85,2010_001036,person,torso,torso,0.0,0.0,0.0,0.16042780876159668,1.0,1.0,1.0
geometry_dropout,test_seen,2515,val:2010_001036:part_87,2010_001036,person,leg,leg,0.0,0.0,0.7407407164573669,0.1042780727148056,1.0,1.0,1.0
geometry_dropout,test_seen,2516,val:2010_001036:part_94,2010_001036,person,lower arm,lower arm,0.0,0.0,0.0,0.050802137702703476,0.99462890625,1.0,0.02752685546875
geometry_dropout,test_seen,2517,val:2010_001036:part_95,2010_001036,person,upper arm,upper arm,0.0,0.0,0.2295081913471222,0.1042780727148056,0.958984375,1.0,0.0012845993041992188
geometry_dropout,test_seen,2518,val:2010_001070:part_43,2010_001070,cat,head,head,0.7264297008514404,0.8415398597717285,0.01206896547228098,0.3032185137271881,1.0,1.0,1.0
geometry_dropout,test_seen,2519,val:2010_001070:part_44,2010_001070,cat,eye,eye,0.13178294897079468,0.232876718044281,0.0,0.018068887293338776,0.5927734375,0.99951171875,0.00018668174743652344
geometry_dropout,test_seen,2520,val:2010_001070:part_45,2010_001070,cat,torso,torso,0.5370370149612427,0.6987951993942261,0.062159214168787,0.32580462098121643,1.0,1.0,1.0
geometry_dropout,test_seen,2521,val:2010_001070:part_47,2010_001070,cat,leg,leg,0.506375253200531,0.6723095774650574,0.27272728085517883,0.21230943500995636,1.0,1.0,1.0
geometry_dropout,test_seen,2522,val:2010_001070:part_48,2010_001070,cat,nose,nose,0.0,0.0,0.0,0.010163749568164349,0.08404541015625,0.99853515625,5.364418029785156e-07
geometry_dropout,test_seen,2523,val:2010_001070:part_49,2010_001070,cat,paw,paw,0.04827586188912392,0.09210526198148727,0.5538461804389954,0.049124788492918015,0.9912109375,1.0,0.0014209747314453125
geometry_dropout,test_seen,2524,val:2010_001070:part_50,2010_001070,cat,ear,ear,0.15547025203704834,0.2691029906272888,0.18421052396297455,0.06098249554634094,0.0033893585205078125,0.998046875,0.0
geometry_dropout,test_seen,2525,val:2010_001104:part_114,2010_001104,train,coach,coach,0.6967784762382507,0.8212957382202148,0.2606733739376068,0.9849690794944763,1.0,1.0,1.0
geometry_dropout,test_seen,2526,val:2010_001149:part_43,2010_001149,cat,head,head,0.0,0.0,0.0,0.09885931760072708,1.0,1.0,1.0
geometry_dropout,test_seen,2527,val:2010_001149:part_44,2010_001149,cat,eye,eye,0.0,0.0,0.0,0.0076045626774430275,0.5927734375,0.99951171875,0.00018668174743652344
geometry_dropout,test_seen,2528,val:2010_001149:part_45,2010_001149,cat,torso,torso,0.5529412031173706,0.7121211886405945,0.1267605572938919,0.463878333568573,1.0,1.0,1.0
geometry_dropout,test_seen,2529,val:2010_001149:part_46,2010_001149,cat,neck,neck,0.0,0.0,0.0,0.026615969836711884,1.0,1.0,1.0
geometry_dropout,test_seen,2530,val:2010_001149:part_47,2010_001149,cat,leg,leg,0.0827067643404007,0.1527777761220932,0.05263157933950424,0.04182509332895279,1.0,1.0,1.0
geometry_dropout,test_seen,2531,val:2010_001149:part_48,2010_001149,cat,nose,nose,0.0,0.0,0.0,0.0038022813387215137,0.08404541015625,0.99853515625,5.364418029785156e-07
geometry_dropout,test_seen,2532,val:2010_001149:part_49,2010_001149,cat,paw,paw,0.0,0.0,0.6470588445663452,0.01901140622794628,0.9912109375,1.0,0.0014209747314453125
geometry_dropout,test_seen,2533,val:2010_001149:part_50,2010_001149,cat,ear,ear,0.0,0.0,0.0,0.022813688963651657,0.0033893585205078125,0.998046875,0.0
geometry_dropout,test_seen,2534,val:2010_001151:part_83,2010_001151,person,head,head,0.0,0.0,0.0,0.07999999821186066,1.0,1.0,1.0
geometry_dropout,test_seen,2535,val:2010_001151:part_85,2010_001151,person,torso,torso,0.0,0.0,0.0,0.36000001430511475,1.0,1.0,1.0
geometry_dropout,test_seen,2536,val:2010_001151:part_87,2010_001151,person,leg,leg,0.0,0.0,0.0,0.2133333384990692,1.0,1.0,1.0
geometry_dropout,test_seen,2537,val:2010_001151:part_88,2010_001151,person,foot,foot,0.0,0.0,1.0,0.0533333346247673,1.0,1.0,0.81298828125
geometry_dropout,test_seen,2538,val:2010_001151:part_94,2010_001151,person,lower arm,lower arm,0.0,0.0,1.0,0.07999999821186066,0.99462890625,1.0,0.02752685546875
geometry_dropout,test_seen,2539,val:2010_001151:part_95,2010_001151,person,upper arm,upper arm,0.0,0.0,0.0,0.06666667014360428,0.958984375,1.0,0.0012845993041992188
geometry_dropout,test_seen,2540,val:2010_001151:part_109,2010_001151,train,head,head,0.0,0.0,0.26010361313819885,0.0005102040595375001,1.0,1.0,1.0
geometry_dropout,test_seen,2541,val:2010_001174:part_0,2010_001174,aeroplane,body,body,0.5051701664924622,0.6712465882301331,0.13054674863815308,0.44736841320991516,1.0,1.0,1.0
geometry_dropout,test_seen,2542,val:2010_001174:part_1,2010_001174,aeroplane,stern,stern,0.6106160283088684,0.7582390904426575,0.2722075581550598,0.2847852408885956,1.0,1.0,0.99951171875
geometry_dropout,test_seen,2543,val:2010_001174:part_2,2010_001174,aeroplane,wing,wing,0.4079355299472809,0.5794804096221924,0.07511581480503082,0.2298850566148758,0.7890625,1.0,0.0002472400665283203
geometry_dropout,test_seen,2544,val:2010_001174:part_5,2010_001174,aeroplane,wheel,wheel,0.21330274641513824,0.3516068160533905,0.5026595592498779,0.023139744997024536,1.0,1.0,0.9970703125
geometry_dropout,test_seen,2545,val:2010_001206:part_22,2010_001206,bus,wheel,wheel,0.3618907034397125,0.5314533710479736,0.06933744251728058,0.029098274186253548,1.0,1.0,0.9970703125
geometry_dropout,test_seen,2546,val:2010_001206:part_23,2010_001206,bus,headlight,headlight,0.13564668595790863,0.23888888955116272,0.04248366132378578,0.0057557024993002415,1.0,1.0,0.99755859375
geometry_dropout,test_seen,2547,val:2010_001206:part_24,2010_001206,bus,front,front,0.5505422949790955,0.7101287245750427,0.11810681968927383,0.13547217845916748,1.0,1.0,1.0
geometry_dropout,test_seen,2548,val:2010_001206:part_25,2010_001206,bus,side,side,0.5363926291465759,0.6982493996620178,0.11143572628498077,0.41505008935928345,1.0,1.0,0.99755859375
geometry_dropout,test_seen,2549,val:2010_001206:part_31,2010_001206,bus,window,window,0.8061470985412598,0.8926704525947571,0.0471930205821991,0.40034109354019165,0.99951171875,1.0,0.99365234375
geometry_dropout,test_seen,2550,val:2010_001246:part_6,2010_001246,bicycle,wheel,wheel,0.20730116963386536,0.34341251850128174,0.671447217464447,0.3087378740310669,1.0,1.0,0.9970703125
geometry_dropout,test_seen,2551,val:2010_001246:part_7,2010_001246,bicycle,saddle,saddle,0.0,0.0,0.699999988079071,0.04660193994641304,1.0,1.0,0.99951171875
geometry_dropout,test_seen,2552,val:2010_001246:part_8,2010_001246,bicycle,handlebar,handlebar,0.0,0.0,0.8466257452964783,0.03106796182692051,1.0,1.0,0.9990234375
geometry_dropout,test_seen,2553,val:2010_001292:part_43,2010_001292,cat,head,head,0.6820054650306702,0.8109432458877563,0.061735186725854874,0.2911859452724457,1.0,1.0,1.0
geometry_dropout,test_seen,2554,val:2010_001292:part_44,2010_001292,cat,eye,eye,0.4201183319091797,0.5916666388511658,0.0,0.009370424784719944,0.5927734375,0.99951171875,0.00018668174743652344
geometry_dropout,test_seen,2555,val:2010_001292:part_45,2010_001292,cat,torso,torso,0.6458159685134888,0.7847973108291626,0.09510457515716553,0.4999707043170929,1.0,1.0,1.0
geometry_dropout,test_seen,2556,val:2010_001292:part_46,2010_001292,cat,neck,neck,0.3289637863636017,0.49506810307502747,0.011027881875634193,0.09259150922298431,1.0,1.0,1.0
geometry_dropout,test_seen,2557,val:2010_001292:part_48,2010_001292,cat,nose,nose,0.4523809552192688,0.6229507923126221,0.0,0.005563689395785332,0.08404541015625,0.99853515625,5.364418029785156e-07
geometry_dropout,test_seen,2558,val:2010_001292:part_50,2010_001292,cat,ear,ear,0.6207447052001953,0.7659993171691895,0.2612660825252533,0.06928257644176483,0.0033893585205078125,0.998046875,0.0
geometry_dropout,test_seen,2559,val:2010_001313:part_83,2010_001313,person,head,head,0.6211180090904236,0.7662835121154785,0.2450331151485443,0.171875,1.0,1.0,1.0
geometry_dropout,test_seen,2560,val:2010_001313:part_85,2010_001313,person,torso,torso,0.39593908190727234,0.5672727227210999,0.2715053856372833,0.27812498807907104,1.0,1.0,1.0
geometry_dropout,test_seen,2561,val:2010_001313:part_87,2010_001313,person,leg,leg,0.36096256971359253,0.5304518938064575,0.4563380181789398,0.24062499403953552,1.0,1.0,1.0
geometry_dropout,test_seen,2562,val:2010_001313:part_88,2010_001313,person,foot,foot,0.10000000149011612,0.1818181872367859,0.1315789520740509,0.04374999925494194,1.0,1.0,0.81298828125
geometry_dropout,test_seen,2563,val:2010_001313:part_94,2010_001313,person,lower arm,lower arm,0.017902813851833344,0.035175878554582596,0.43817204236984253,0.04062499850988388,0.99462890625,1.0,0.02752685546875
geometry_dropout,test_seen,2564,val:2010_001313:part_95,2010_001313,person,upper arm,upper arm,0.16170212626457214,0.27838829159736633,0.44880175590515137,0.13593749701976776,0.958984375,1.0,0.0012845993041992188
geometry_dropout,test_seen,2565,val:2010_001313:part_96,2010_001313,person,hand,hand,0.0,0.0,0.9495798349380493,0.04531250149011612,1.0,1.0,0.99853515625
geometry_dropout,test_seen,2566,val:2010_001331:part_43,2010_001331,cat,head,head,0.4600851535797119,0.6302168965339661,0.06796374917030334,0.18607893586158752,1.0,1.0,1.0
geometry_dropout,test_seen,2567,val:2010_001331:part_44,2010_001331,cat,eye,eye,0.3255814015865326,0.4912280738353729,0.0,0.005148005206137896,0.5927734375,0.99951171875,0.00018668174743652344
geometry_dropout,test_seen,2568,val:2010_001331:part_45,2010_001331,cat,torso,torso,0.7967479825019836,0.8868778347969055,0.126687690615654,0.6906906962394714,1.0,1.0,1.0
geometry_dropout,test_seen,2569,val:2010_001331:part_46,2010_001331,cat,neck,neck,0.12627381086349487,0.22423288226127625,0.013931888155639172,0.06477906554937363,1.0,1.0,1.0
geometry_dropout,test_seen,2570,val:2010_001331:part_48,2010_001331,cat,nose,nose,0.20000000298023224,0.3333333432674408,0.0,0.0038610037881881,0.08404541015625,0.99853515625,5.364418029785156e-07
geometry_dropout,test_seen,2571,val:2010_001331:part_50,2010_001331,cat,ear,ear,0.4343283474445343,0.6056191325187683,0.059581320732831955,0.03646503761410713,0.0033893585205078125,0.998046875,0.0
geometry_dropout,test_seen,2572,val:2010_001351:part_43,2010_001351,cat,head,head,0.7113218903541565,0.8313127756118774,0.09251369535923004,0.19379965960979462,1.0,1.0,1.0
geometry_dropout,test_seen,2573,val:2010_001351:part_44,2010_001351,cat,eye,eye,0.042635660618543625,0.08178438991308212,0.01937984488904476,0.0017136625247076154,0.5927734375,0.99951171875,0.00018668174743652344
geometry_dropout,test_seen,2574,val:2010_001351:part_45,2010_001351,cat,torso,torso,0.7023871541023254,0.8251791000366211,0.057492680847644806,0.4368281662464142,1.0,1.0,1.0
geometry_dropout,test_seen,2575,val:2010_001351:part_46,2010_001351,cat,neck,neck,0.3987341821193695,0.570135772228241,0.09367088973522186,0.04907306283712387,1.0,1.0,1.0
geometry_dropout,test_seen,2576,val:2010_001351:part_47,2010_001351,cat,leg,leg,0.5286624431610107,0.6916666626930237,0.052281368523836136,0.19566911458969116,1.0,1.0,1.0
geometry_dropout,test_seen,2577,val:2010_001351:part_48,2010_001351,cat,nose,nose,0.0,0.0,0.04324324429035187,0.001557875075377524,0.08404541015625,0.99853515625,5.364418029785156e-07
geometry_dropout,test_seen,2578,val:2010_001351:part_49,2010_001351,cat,paw,paw,0.5103092789649963,0.6757678985595703,0.36253368854522705,0.06698862463235855,0.9912109375,1.0,0.0014209747314453125
geometry_dropout,test_seen,2579,val:2010_001351:part_50,2010_001351,cat,ear,ear,0.489130437374115,0.6569343209266663,0.2519230842590332,0.047047827392816544,0.0033893585205078125,0.998046875,0.0
geometry_dropout,test_seen,2580,val:2010_001367:part_20,2010_001367,bottle,body,body,0.5204402804374695,0.68459153175354,0.35393258929252625,0.7974217534065247,1.0,1.0,1.0
geometry_dropout,test_seen,2581,val:2010_001367:part_21,2010_001367,bottle,cap,cap,0.12320328503847122,0.21937842667102814,0.3684210479259491,0.20257826149463654,1.0,1.0,0.99853515625
geometry_dropout,test_seen,2582,val:2010_001403:part_22,2010_001403,bus,wheel,wheel,0.4957983195781708,0.6629213690757751,0.09823677688837051,0.015450265258550644,1.0,1.0,0.9970703125
geometry_dropout,test_seen,2583,val:2010_001403:part_25,2010_001403,bus,side,side,0.5780250430107117,0.7325929999351501,0.07408829033374786,0.2217971384525299,1.0,1.0,0.99755859375
geometry_dropout,test_seen,2584,val:2010_001403:part_26,2010_001403,bus,back,back,0.8090676665306091,0.8944581747055054,0.09785105288028717,0.5136354565620422,1.0,1.0,1.0
geometry_dropout,test_seen,2585,val:2010_001403:part_28,2010_001403,bus,mirror,mirror,0.0,0.0,0.1806451678276062,0.000686678453348577,0.05572509765625,0.9814453125,4.112720489501953e-06
geometry_dropout,test_seen,2586,val:2010_001403:part_31,2010_001403,bus,window,window,0.6775767207145691,0.8078041672706604,0.044020798057317734,0.2398960143327713,0.99951171875,1.0,0.99365234375
geometry_dropout,test_seen,2587,val:2010_001448:part_0,2010_001448,aeroplane,body,body,0.47518330812454224,0.6442362666130066,0.2591652572154999,0.38682276010513306,1.0,1.0,1.0
geometry_dropout,test_seen,2588,val:2010_001448:part_1,2010_001448,aeroplane,stern,stern,0.554514467716217,0.7134246826171875,0.42794761061668396,0.15610651671886444,1.0,1.0,0.99951171875
geometry_dropout,test_seen,2589,val:2010_001448:part_2,2010_001448,aeroplane,wing,wing,0.47058823704719543,0.6399999856948853,0.3112994432449341,0.39256197214126587,0.7890625,1.0,0.0002472400665283203
geometry_dropout,test_seen,2590,val:2010_001448:part_4,2010_001448,aeroplane,engine,engine,0.2738853394985199,0.4300000071525574,0.47228145599365234,0.06014692410826683,1.0,1.0,0.99365234375
geometry_dropout,test_seen,2591,val:2010_001451:part_71,2010_001451,horse,head,head,0.6325088143348694,0.7748917937278748,0.05412987992167473,0.37026238441467285,1.0,1.0,1.0
geometry_dropout,test_seen,2592,val:2010_001451:part_72,2010_001451,horse,eye,eye,0.4900849759578705,0.6577946543693542,0.0,0.010180184617638588,0.5927734375,0.99951171875,0.00018668174743652344
geometry_dropout,test_seen,2593,val:2010_001451:part_73,2010_001451,horse,torso,torso,0.04882676154375076,0.09310738742351532,0.07848050445318222,0.025187592953443527,1.0,1.0,1.0
geometry_dropout,test_seen,2594,val:2010_001451:part_74,2010_001451,horse,neck,neck,0.6956003308296204,0.820476770401001,0.06448774039745331,0.29947903752326965,1.0,1.0,1.0
geometry_dropout,test_seen,2595,val:2010_001451:part_76,2010_001451,horse,ear,ear,0.6398429870605469,0.7803710103034973,0.0,0.03302585706114769,0.0033893585205078125,0.998046875,0.0
geometry_dropout,test_seen,2596,val:2010_001451:part_77,2010_001451,horse,muzzle,muzzle,0.698830783367157,0.8227196931838989,0.2023763358592987,0.26186493039131165,0.95166015625,1.0,0.0015668869018554688
geometry_dropout,test_seen,2597,val:2010_001534:part_43,2010_001534,cat,head,head,0.6706207990646362,0.8028402328491211,0.14705882966518402,0.11834360659122467,1.0,1.0,1.0
geometry_dropout,test_seen,2598,val:2010_001534:part_44,2010_001534,cat,eye,eye,0.0,0.0,0.0,0.002077418379485607,0.5927734375,0.99951171875,0.00018668174743652344
geometry_dropout,test_seen,2599,val:2010_001534:part_45,2010_001534,cat,torso,torso,0.8438037633895874,0.9152858853340149,0.0839940756559372,0.6888719797134399,1.0,1.0,1.0
geometry_dropout,test_seen,2600,val:2010_001534:part_46,2010_001534,cat,neck,neck,0.3077731132507324,0.4706827402114868,0.15148188173770905,0.02312859147787094,1.0,1.0,1.0
geometry_dropout,test_seen,2601,val:2010_001534:part_47,2010_001534,cat,leg,leg,0.36530911922454834,0.5351302623748779,0.2355433702468872,0.1075410321354866,1.0,1.0,1.0
geometry_dropout,test_seen,2602,val:2010_001534:part_48,2010_001534,cat,nose,nose,0.09459459781646729,0.17283950746059418,0.44594594836235046,0.0004847309610340744,0.08404541015625,0.99853515625,5.364418029785156e-07
geometry_dropout,test_seen,2603,val:2010_001534:part_49,2010_001534,cat,paw,paw,0.26829269528388977,0.42307692766189575,0.3919156491756439,0.018212035298347473,0.9912109375,1.0,0.0014209747314453125
geometry_dropout,test_seen,2604,val:2010_001534:part_50,2010_001534,cat,ear,ear,0.540365993976593,0.7016072869300842,0.17920354008674622,0.036493316292762756,0.0033893585205078125,0.998046875,0.0
geometry_dropout,test_seen,2605,val:2010_001579:part_83,2010_001579,person,head,head,0.3315363824367523,0.4979757070541382,0.10763420909643173,0.08805885165929794,1.0,1.0,1.0
geometry_dropout,test_seen,2606,val:2010_001579:part_85,2010_001579,person,torso,torso,0.46211791038513184,0.6321212649345398,0.0513790026307106,0.31431224942207336,1.0,1.0,1.0
geometry_dropout,test_seen,2607,val:2010_001579:part_86,2010_001579,person,neck,neck,0.30128204822540283,0.46305418014526367,0.04731355234980583,0.026924725621938705,1.0,1.0,1.0
geometry_dropout,test_seen,2608,val:2010_001579:part_89,2010_001579,person,nose,nose,0.17312660813331604,0.2951541841030121,0.0,0.005142122507095337,0.08404541015625,0.99853515625,5.364418029785156e-07
geometry_dropout,test_seen,2609,val:2010_001579:part_90,2010_001579,person,ear,ear,0.02298850566148758,0.04494382068514824,0.27272728085517883,0.002499643014743924,0.0033893585205078125,0.998046875,0.0
geometry_dropout,test_seen,2610,val:2010_001579:part_91,2010_001579,person,eyebrow,eyebrow,0.003937007859349251,0.007843137718737125,0.0,0.00014283673954196274,9.763240814208984e-05,0.09027099609375,0.0
geometry_dropout,test_seen,2611,val:2010_001579:part_92,2010_001579,person,mouth,mouth,0.17818181216716766,0.3024691343307495,0.0,0.0036423366982489824,1.0,1.0,0.9970703125
geometry_dropout,test_seen,2612,val:2010_001579:part_93,2010_001579,person,hair,hair,0.3154710531234741,0.47963204979896545,0.1486123502254486,0.02892443910241127,1.0,1.0,0.998046875
geometry_dropout,test_seen,2613,val:2010_001646:part_22,2010_001646,bus,wheel,wheel,0.0602605864405632,0.11367127299308777,0.21780303120613098,0.008713516406714916,1.0,1.0,0.9970703125
geometry_dropout,test_seen,2614,val:2010_001646:part_23,2010_001646,bus,headlight,headlight,0.16384181380271912,0.28155338764190674,0.0,0.003825446357950568,1.0,1.0,0.99755859375
geometry_dropout,test_seen,2615,val:2010_001646:part_24,2010_001646,bus,front,front,0.45859190821647644,0.6288145780563354,0.11343283951282501,0.17434117197990417,1.0,1.0,1.0
geometry_dropout,test_seen,2616,val:2010_001646:part_25,2010_001646,bus,side,side,0.45138078927993774,0.6220018863677979,0.08437374234199524,0.1768914759159088,1.0,1.0,0.99755859375
geometry_dropout,test_seen,2617,val:2010_001646:part_28,2010_001646,bus,mirror,mirror,0.0,0.0,0.0,0.00028336638933978975,0.05572509765625,0.9814453125,4.112720489501953e-06
geometry_dropout,test_seen,2618,val:2010_001646:part_29,2010_001646,bus,license plate,license plate,0.0,0.0,0.0,0.00014168319466989487,1.0,1.0,0.99609375
geometry_dropout,test_seen,2619,val:2010_001646:part_31,2010_001646,bus,window,window,0.35429278016090393,0.5232144594192505,0.07688985019922256,0.20529894530773163,0.99951171875,1.0,0.99365234375
geometry_dropout,test_seen,2620,val:2010_001656:part_43,2010_001656,cat,head,head,0.47682985663414,0.6457478404045105,0.11529643088579178,0.22262132167816162,1.0,1.0,1.0
geometry_dropout,test_seen,2621,val:2010_001656:part_45,2010_001656,cat,torso,torso,0.5409868359565735,0.7021303772926331,0.0899559035897255,0.4254489839076996,1.0,1.0,1.0
geometry_dropout,test_seen,2622,val:2010_001656:part_46,2010_001656,cat,neck,neck,0.6233009696006775,0.7679426074028015,0.10055866092443466,0.12793274223804474,1.0,1.0,1.0
geometry_dropout,test_seen,2623,val:2010_001656:part_47,2010_001656,cat,leg,leg,0.4763513505458832,0.6453089118003845,0.10556995123624802,0.14917844533920288,1.0,1.0,1.0
geometry_dropout,test_seen,2624,val:2010_001656:part_50,2010_001656,cat,ear,ear,0.3492144048213959,0.5176559090614319,0.08728943020105362,0.05372564122080803,0.0033893585205078125,0.998046875,0.0
geometry_dropout,test_seen,2625,val:2010_001692:part_52,2010_001692,cow,head,head,0.5904685258865356,0.7425088882446289,0.20230263471603394,0.09314695745706558,1.0,1.0,1.0
geometry_dropout,test_seen,2626,val:2010_001692:part_53,2010_001692,cow,eye,eye,0.04716981202363968,0.09009008854627609,0.8510638475418091,0.002102919388562441,0.5927734375,0.99951171875,0.00018668174743652344
geometry_dropout,test_seen,2627,val:2010_001692:part_54,2010_001692,cow,torso,torso,0.8191534876823425,0.9005875587463379,0.16066837310791016,0.7128896713256836,1.0,1.0,1.0
geometry_dropout,test_seen,2628,val:2010_001692:part_56,2010_001692,cow,leg,leg,0.3582853376865387,0.5275553464889526,0.4490644633769989,0.08411677181720734,1.0,1.0,1.0
geometry_dropout,test_seen,2629,val:2010_001692:part_57,2010_001692,cow,ear,ear,0.09090909361839294,0.1666666716337204,0.27014216780662537,0.015462642535567284,0.0033893585205078125,0.998046875,0.0
geometry_dropout,test_seen,2630,val:2010_001692:part_58,2010_001692,cow,muzzle,muzzle,0.7938540577888489,0.8850820660591125,0.06703146547079086,0.08287975937128067,0.95166015625,1.0,0.0015668869018554688
geometry_dropout,test_seen,2631,val:2010_001692:part_83,2010_001692,person,head,head,0.0,0.0,0.34183672070503235,0.000656922347843647,1.0,1.0,1.0
geometry_dropout,test_seen,2632,val:2010_001692:part_85,2010_001692,person,torso,torso,0.0,0.0,0.17632849514484406,0.0004926917608827353,1.0,1.0,1.0
geometry_dropout,test_seen,2633,val:2010_001692:part_90,2010_001692,person,ear,ear,0.0,0.0,0.9230769276618958,0.0008204791811294854,0.0033893585205078125,0.998046875,0.0
geometry_dropout,test_seen,2634,val:2010_001699:part_98,2010_001699,pottedplant,plant,plant,0.0,0.0,0.5685279369354248,0.09014084190130234,1.0,1.0,1.0
geometry_dropout,test_seen,2635,val:2010_001734:part_109,2010_001734,train,head,head,0.01643192395567894,0.032332561910152435,0.324050635099411,0.01738334819674492,1.0,1.0,1.0
geometry_dropout,test_seen,2636,val:2010_001734:part_110,2010_001734,train,front,front,0.652226984500885,0.789512574672699,0.13358302414417267,0.505946934223175,1.0,1.0,1.0
geometry_dropout,test_seen,2637,val:2010_001734:part_111,2010_001734,train,side,side,0.5870804190635681,0.7398244142532349,0.10109289735555649,0.4766697287559509,1.0,1.0,0.99755859375
geometry_dropout,test_seen,2638,val:2010_001752:part_115,2010_001752,tvmonitor,screen,screen,0.8723653554916382,0.9318323731422424,0.0,0.3565712571144104,1.0,1.0,1.0
geometry_dropout,test_seen,2639,val:2010_001773:part_97,2010_001773,pottedplant,pot,pot,0.18121828138828278,0.30683282017707825,0.07089552283287048,0.18960970640182495,1.0,1.0,0.9990234375
geometry_dropout,test_seen,2640,val:2010_001773:part_98,2010_001773,pottedplant,plant,plant,0.0014892033068463206,0.0029739777091890574,0.16591928899288177,0.08913502097129822,1.0,1.0,1.0
geometry_dropout,test_seen,2641,val:2010_001830:part_20,2010_001830,bottle,body,body,0.8420655131340027,0.9142622947692871,0.09692716598510742,0.9199917912483215,1.0,1.0,1.0
geometry_dropout,test_seen,2642,val:2010_001830:part_21,2010_001830,bottle,cap,cap,0.4906367063522339,0.6582914590835571,0.2851710915565491,0.027695147320628166,1.0,1.0,0.99853515625
geometry_dropout,test_seen,2643,val:2010_001851:part_97,2010_001851,pottedplant,pot,pot,0.0,0.0,0.7165354490280151,0.06310013681650162,1.0,1.0,0.9990234375
geometry_dropout,test_seen,2644,val:2010_001851:part_98,2010_001851,pottedplant,plant,plant,0.0,0.0,0.39146342873573303,0.08230452984571457,1.0,1.0,1.0
geometry_dropout,test_seen,2645,val:2010_001913:part_42,2010_001913,cat,tail,tail,0.0,0.0,0.0,0.010012014769017696,0.9697265625,1.0,0.0005617141723632812
geometry_dropout,test_seen,2646,val:2010_001913:part_43,2010_001913,cat,head,head,0.5155279636383057,0.6803278923034668,0.32116788625717163,0.08570284396409988,1.0,1.0,1.0
geometry_dropout,test_seen,2647,val:2010_001913:part_44,2010_001913,cat,eye,eye,0.0,0.0,1.0,0.0008009611628949642,0.5927734375,0.99951171875,0.00018668174743652344
geometry_dropout,test_seen,2648,val:2010_001913:part_45,2010_001913,cat,torso,torso,0.71142578125,0.8313837647438049,0.1582150161266327,0.613936722278595,1.0,1.0,1.0
geometry_dropout,test_seen,2649,val:2010_001913:part_47,2010_001913,cat,leg,leg,0.1314060389995575,0.23228803277015686,0.03957783803343773,0.04124949872493744,1.0,1.0,1.0
geometry_dropout,test_seen,2650,val:2010_001913:part_48,2010_001913,cat,nose,nose,0.0,0.0,1.0,0.0012000000569969416,0.08404541015625,0.99853515625,5.364418029785156e-07
geometry_dropout,test_seen,2651,val:2010_001913:part_49,2010_001913,cat,paw,paw,0.09803921729326248,0.1785714328289032,0.15075376629829407,0.010012014769017696,0.9912109375,1.0,0.0014209747314453125
geometry_dropout,test_seen,2652,val:2010_001913:part_50,2010_001913,cat,ear,ear,0.12352941185235977,0.21989528834819794,0.42352941632270813,0.008410092443227768,0.0033893585205078125,0.998046875,0.0
geometry_dropout,test_seen,2653,val:2010_001951:part_108,2010_001951,train,headlight,headlight,0.0,0.0,0.0,0.002052334602922201,1.0,1.0,0.99755859375
geometry_dropout,test_seen,2654,val:2010_001951:part_109,2010_001951,train,head,head,0.0,0.0,0.0,0.01590559259057045,1.0,1.0,1.0
geometry_dropout,test_seen,2655,val:2010_001951:part_110,2010_001951,train,front,front,0.8515225052833557,0.9198079109191895,0.04045442119240761,0.4184196889400482,1.0,1.0,1.0
geometry_dropout,test_seen,2656,val:2010_001951:part_111,2010_001951,train,side,side,0.7949321269989014,0.8857517242431641,0.12545256316661835,0.563494086265564,1.0,1.0,0.99755859375
geometry_dropout,test_seen,2657,val:2010_002017:part_20,2010_002017,bottle,body,body,0.6923676133155823,0.8182236552238464,0.272281289100647,0.9783728122711182,1.0,1.0,1.0
geometry_dropout,test_seen,2658,val:2010_002017:part_21,2010_002017,bottle,cap,cap,0.2666666805744171,0.42105263471603394,0.4871794879436493,0.01853759028017521,1.0,1.0,0.99853515625
geometry_dropout,test_seen,2659,val:2010_002025:part_42,2010_002025,cat,tail,tail,0.21880997717380524,0.35905513167381287,0.15355804562568665,0.03776835277676582,0.9697265625,1.0,0.0005617141723632812
geometry_dropout,test_seen,2660,val:2010_002025:part_43,2010_002025,cat,head,head,0.3404833972454071,0.508000910282135,0.05529225990176201,0.08428306132555008,1.0,1.0,1.0
geometry_dropout,test_seen,2661,val:2010_002025:part_44,2010_002025,cat,eye,eye,0.12569832801818848,0.22332505881786346,0.0,0.003975616302341223,0.5927734375,0.99951171875,0.00018668174743652344
geometry_dropout,test_seen,2662,val:2010_002025:part_45,2010_002025,cat,torso,torso,0.2013709545135498,0.33523526787757874,0.03529411926865578,0.14232705533504486,1.0,1.0,1.0
geometry_dropout,test_seen,2663,val:2010_002025:part_47,2010_002025,cat,leg,leg,0.0307224839925766,0.05961349606513977,0.028603268787264824,0.023919956758618355,1.0,1.0,1.0
geometry_dropout,test_seen,2664,val:2010_002025:part_48,2010_002025,cat,nose,nose,0.02500000037252903,0.04878048598766327,0.0,0.0007288630004040897,0.08404541015625,0.99853515625,5.364418029785156e-07
geometry_dropout,test_seen,2665,val:2010_002025:part_49,2010_002025,cat,paw,paw,0.17848411202430725,0.30290457606315613,0.09825145453214645,0.016233766451478004,0.9912109375,1.0,0.0014209747314453125
geometry_dropout,test_seen,2666,val:2010_002025:part_50,2010_002025,cat,ear,ear,0.22362488508224487,0.3655121624469757,0.23985572159290314,0.016432547941803932,0.0033893585205078125,0.998046875,0.0
geometry_dropout,test_seen,2667,val:2010_002030:part_6,2010_002030,bicycle,wheel,wheel,0.1855591982603073,0.3130323588848114,0.7592533826828003,0.525145411491394,1.0,1.0,0.9970703125
geometry_dropout,test_seen,2668,val:2010_002030:part_7,2010_002030,bicycle,saddle,saddle,0.3017127811908722,0.4635627567768097,0.6400580406188965,0.10229216516017914,1.0,1.0,0.99951171875
geometry_dropout,test_seen,2669,val:2010_002030:part_8,2010_002030,bicycle,handlebar,handlebar,0.1914241909980774,0.3213367462158203,0.7685185074806213,0.08142319321632385,1.0,1.0,0.9990234375
geometry_dropout,test_seen,2670,val:2010_002030:part_9,2010_002030,bicycle,chainwheel,chainwheel,0.24319066107273102,0.3912363052368164,0.7072691321372986,0.044474855065345764,0.984375,1.0,0.01009368896484375
geometry_dropout,test_seen,2671,val:2010_002137:part_43,2010_002137,cat,head,head,0.4122137427330017,0.5837838053703308,0.21621622145175934,0.15755854547023773,1.0,1.0,1.0
geometry_dropout,test_seen,2672,val:2010_002137:part_44,2010_002137,cat,eye,eye,0.0,0.0,1.0,0.007806955371052027,0.5927734375,0.99951171875,0.00018668174743652344
geometry_dropout,test_seen,2673,val:2010_002137:part_45,2010_002137,cat,torso,torso,0.7316433787345886,0.84502774477005,0.0634441077709198,0.7012065052986145,1.0,1.0,1.0
geometry_dropout,test_seen,2674,val:2010_002137:part_47,2010_002137,cat,leg,leg,0.1473880559206009,0.2569105625152588,0.152985081076622,0.05606813356280327,1.0,1.0,1.0
geometry_dropout,test_seen,2675,val:2010_002137:part_48,2010_002137,cat,nose,nose,0.0,0.0,0.6461538672447205,0.0014194464311003685,0.08404541015625,0.99853515625,5.364418029785156e-07
geometry_dropout,test_seen,2676,val:2010_002137:part_49,2010_002137,cat,paw,paw,0.09009008854627609,0.1652892529964447,0.5943396091461182,0.021291695535182953,0.9912109375,1.0,0.0014209747314453125
geometry_dropout,test_seen,2677,val:2010_002137:part_50,2010_002137,cat,ear,ear,0.15837104618549347,0.2734375,0.5582524538040161,0.03548616170883179,0.0033893585205078125,0.998046875,0.0
geometry_dropout,test_seen,2678,val:2010_002146:part_42,2010_002146,cat,tail,tail,0.0,0.0,1.0,0.03154631704092026,0.9697265625,1.0,0.0005617141723632812
geometry_dropout,test_seen,2679,val:2010_002146:part_43,2010_002146,cat,head,head,0.7164948582649231,0.8348348140716553,0.06623735278844833,0.16611962020397186,1.0,1.0,1.0
geometry_dropout,test_seen,2680,val:2010_002146:part_44,2010_002146,cat,eye,eye,0.1367781162261963,0.24064171314239502,0.0,0.010393872857093811,0.5927734375,0.99951171875,0.00018668174743652344
geometry_dropout,test_seen,2681,val:2010_002146:part_45,2010_002146,cat,torso,torso,0.6872467398643494,0.8146368861198425,0.12697257101535797,0.5395696759223938,1.0,1.0,1.0
geometry_dropout,test_seen,2682,val:2010_002146:part_47,2010_002146,cat,leg,leg,0.3023543953895569,0.46431970596313477,0.1339491903781891,0.14642596244812012,1.0,1.0,1.0
geometry_dropout,test_seen,2683,val:2010_002146:part_48,2010_002146,cat,nose,nose,0.02777777798473835,0.054054055362939835,0.0,0.001823486527428031,0.08404541015625,0.99853515625,5.364418029785156e-07
geometry_dropout,test_seen,2684,val:2010_002146:part_49,2010_002146,cat,paw,paw,0.24885845184326172,0.3985374867916107,0.5268816947937012,0.03191101551055908,0.9912109375,1.0,0.0014209747314453125
geometry_dropout,test_seen,2685,val:2010_002146:part_50,2010_002146,cat,ear,ear,0.35775861144065857,0.5269841551780701,0.39224138855934143,0.045404814183712006,0.0033893585205078125,0.998046875,0.0
geometry_dropout,test_seen,2686,val:2010_002147:part_0,2010_002147,aeroplane,body,body,0.7449761629104614,0.8538525700569153,0.1289578527212143,0.4692436158657074,1.0,1.0,1.0
geometry_dropout,test_seen,2687,val:2010_002147:part_1,2010_002147,aeroplane,stern,stern,0.6007782220840454,0.7506076693534851,0.2401883900165558,0.20110440254211426,1.0,1.0,0.99951171875
geometry_dropout,test_seen,2688,val:2010_002147:part_2,2010_002147,aeroplane,wing,wing,0.3808951675891876,0.5516641139984131,0.24121706187725067,0.1809425950050354,0.7890625,1.0,0.0002472400665283203
geometry_dropout,test_seen,2689,val:2010_002147:part_4,2010_002147,aeroplane,engine,engine,0.5473110675811768,0.707435131072998,0.17870722711086273,0.1230255588889122,1.0,1.0,0.99365234375
geometry_dropout,test_seen,2690,val:2010_002147:part_5,2010_002147,aeroplane,wheel,wheel,0.25,0.4000000059604645,0.3955223858356476,0.005265185609459877,1.0,1.0,0.9970703125
geometry_dropout,test_seen,2691,val:2010_002161:part_73,2010_002161,horse,torso,torso,0.0,0.0,0.1005319133400917,0.00015076134877745062,1.0,1.0,1.0
geometry_dropout,test_seen,2692,val:2010_002161:part_75,2010_002161,horse,leg,leg,0.0,0.0,0.17408506572246552,0.00022614201589021832,1.0,1.0,1.0
geometry_dropout,test_seen,2693,val:2010_002161:part_83,2010_002161,person,head,head,0.28801432251930237,0.4472222328186035,0.07261411100625992,0.05661274865269661,1.0,1.0,1.0
geometry_dropout,test_seen,2694,val:2010_002161:part_84,2010_002161,person,eye,eye,0.0,0.0,1.0,0.0016650808975100517,0.5927734375,0.99951171875,0.00018668174743652344
geometry_dropout,test_seen,2695,val:2010_002161:part_85,2010_002161,person,torso,torso,0.5266698598861694,0.6899591088294983,0.030585795640945435,0.29686012864112854,1.0,1.0,1.0
geometry_dropout,test_seen,2696,val:2010_002161:part_86,2010_002161,person,neck,neck,0.032258063554763794,0.0625,0.0,0.012369172647595406,1.0,1.0,1.0
geometry_dropout,test_seen,2697,val:2010_002161:part_87,2010_002161,person,leg,leg,0.6547058820724487,0.7913259863853455,0.21483555436134338,0.3292102813720703,1.0,1.0,1.0
geometry_dropout,test_seen,2698,val:2010_002161:part_89,2010_002161,person,nose,nose,0.0,0.0,0.0,0.005708848591893911,0.08404541015625,0.99853515625,5.364418029785156e-07
geometry_dropout,test_seen,2699,val:2010_002161:part_91,2010_002161,person,eyebrow,eyebrow,0.0,0.0,1.0,0.0007136060739867389,9.763240814208984e-05,0.09027099609375,0.0
geometry_dropout,test_seen,2700,val:2010_002161:part_92,2010_002161,person,mouth,mouth,0.0,0.0,0.0,0.007136060856282711,1.0,1.0,0.9970703125
geometry_dropout,test_seen,2701,val:2010_002161:part_93,2010_002161,person,hair,hair,0.3639618158340454,0.5336833000183105,0.021943572908639908,0.12012369185686111,1.0,1.0,0.998046875
geometry_dropout,test_seen,2702,val:2010_002161:part_94,2010_002161,person,lower arm,lower arm,0.5220000147819519,0.6859395503997803,0.38999998569488525,0.06208372861146927,0.99462890625,1.0,0.02752685546875
geometry_dropout,test_seen,2703,val:2010_002161:part_95,2010_002161,person,upper arm,upper arm,0.18349358439445496,0.31008800864219666,0.15728476643562317,0.06398668140172958,0.958984375,1.0,0.0012845993041992188
geometry_dropout,test_seen,2704,val:2010_002161:part_96,2010_002161,person,hand,hand,0.24852071702480316,0.3981042802333832,0.6689189076423645,0.014985728077590466,1.0,1.0,0.99853515625
geometry_dropout,test_seen,2705,val:2010_002200:part_0,2010_002200,aeroplane,body,body,0.618068516254425,0.7639583945274353,0.13171690702438354,0.46044713258743286,1.0,1.0,1.0
geometry_dropout,test_seen,2706,val:2010_002200:part_1,2010_002200,aeroplane,stern,stern,0.5998134613037109,0.7498542070388794,0.3490196168422699,0.2987962067127228,1.0,1.0,0.99951171875
geometry_dropout,test_seen,2707,val:2010_002200:part_2,2010_002200,aeroplane,wing,wing,0.19831933081150055,0.3309957981109619,0.0,0.0507308691740036,0.7890625,1.0,0.0002472400665283203
geometry_dropout,test_seen,2708,val:2010_002200:part_4,2010_002200,aeroplane,engine,engine,0.469696968793869,0.6391752362251282,0.11394891887903214,0.11478933691978455,1.0,1.0,0.99365234375
geometry_dropout,test_seen,2709,val:2010_002200:part_5,2010_002200,aeroplane,wheel,wheel,0.0,0.0,0.23076923191547394,0.0025795355904847383,1.0,1.0,0.9970703125
geometry_dropout,test_seen,2710,val:2010_002251:part_83,2010_002251,person,head,head,0.744990885257721,0.8538622260093689,0.15145985782146454,0.13983629643917084,1.0,1.0,1.0
geometry_dropout,test_seen,2711,val:2010_002251:part_85,2010_002251,person,torso,torso,0.33448514342308044,0.5012946724891663,0.15206727385520935,0.1718963235616684,1.0,1.0,1.0
geometry_dropout,test_seen,2712,val:2010_002251:part_87,2010_002251,person,leg,leg,0.5835756063461304,0.73703533411026,0.31515637040138245,0.31787174940109253,1.0,1.0,1.0
geometry_dropout,test_seen,2713,val:2010_002251:part_88,2010_002251,person,foot,foot,0.0,0.0,0.0,0.06718963384628296,1.0,1.0,0.81298828125
geometry_dropout,test_seen,2714,val:2010_002251:part_94,2010_002251,person,lower arm,lower arm,0.40487805008888245,0.5763888955116272,0.4523160755634308,0.07128240168094635,0.99462890625,1.0,0.02752685546875
geometry_dropout,test_seen,2715,val:2010_002251:part_95,2010_002251,person,upper arm,upper arm,0.47440698742866516,0.6435224413871765,0.18867924809455872,0.20395635068416595,0.958984375,1.0,0.0012845993041992188
geometry_dropout,test_seen,2716,val:2010_002251:part_96,2010_002251,person,hand,hand,0.16119402647018433,0.27763494849205017,0.689230740070343,0.021828103810548782,1.0,1.0,0.99853515625
geometry_dropout,test_seen,2717,val:2010_002305:part_43,2010_002305,cat,head,head,0.5198107361793518,0.6840466856956482,0.04021937772631645,0.11199517548084259,1.0,1.0,1.0
geometry_dropout,test_seen,2718,val:2010_002305:part_45,2010_002305,cat,torso,torso,0.6084767580032349,0.756587564945221,0.07666610926389694,0.4723327159881592,1.0,1.0,1.0
geometry_dropout,test_seen,2719,val:2010_002305:part_46,2010_002305,cat,neck,neck,0.4970530569553375,0.6640419960021973,0.0,0.04569017514586449,1.0,1.0,1.0
geometry_dropout,test_seen,2720,val:2010_002305:part_47,2010_002305,cat,leg,leg,0.46436232328414917,0.6342177987098694,0.058405280113220215,0.26582279801368713,1.0,1.0,1.0
geometry_dropout,test_seen,2721,val:2010_002305:part_49,2010_002305,cat,paw,paw,0.3458574116230011,0.5139584541320801,0.05614714324474335,0.043881855905056,0.9912109375,1.0,0.0014209747314453125
geometry_dropout,test_seen,2722,val:2010_002305:part_50,2010_002305,cat,ear,ear,0.0400400385260582,0.07699711620807648,0.07607607543468475,0.00482218200340867,0.0033893585205078125,0.998046875,0.0
geometry_dropout,test_seen,2723,val:2010_002310:part_0,2010_002310,aeroplane,body,body,0.46495890617370605,0.6347740292549133,0.19232790172100067,0.380952388048172,1.0,1.0,1.0
geometry_dropout,test_seen,2724,val:2010_002310:part_1,2010_002310,aeroplane,stern,stern,0.43710145354270935,0.608309805393219,0.4360746443271637,0.3485308885574341,1.0,1.0,0.99951171875
geometry_dropout,test_seen,2725,val:2010_002310:part_2,2010_002310,aeroplane,wing,wing,0.3977695107460022,0.5691489577293396,0.27843987941741943,0.2654508650302887,0.7890625,1.0,0.0002472400665283203
geometry_dropout,test_seen,2726,val:2010_002336:part_97,2010_002336,pottedplant,pot,pot,0.4749455451965332,0.6440176963806152,0.09923664480447769,0.582047700881958,1.0,1.0,0.9990234375
geometry_dropout,test_seen,2727,val:2010_002336:part_98,2010_002336,pottedplant,plant,plant,0.3452012240886688,0.5132336020469666,0.1489698886871338,0.3338008522987366,1.0,1.0,1.0
geometry_dropout,test_seen,2728,val:2010_002348:part_42,2010_002348,cat,tail,tail,0.5432866811752319,0.7040644884109497,0.08671972900629044,0.17024627327919006,0.9697265625,1.0,0.0005617141723632812
geometry_dropout,test_seen,2729,val:2010_002348:part_43,2010_002348,cat,head,head,0.6967356204986572,0.8212659955024719,0.013329979963600636,0.13521382212638855,1.0,1.0,1.0
geometry_dropout,test_seen,2730,val:2010_002348:part_44,2010_002348,cat,eye,eye,0.0,0.0,0.0,0.0006681939703412354,0.5927734375,0.99951171875,0.00018668174743652344
geometry_dropout,test_seen,2731,val:2010_002348:part_45,2010_002348,cat,torso,torso,0.49077990651130676,0.6584203243255615,0.04216867312788963,0.29710766673088074,1.0,1.0,1.0
geometry_dropout,test_seen,2732,val:2010_002348:part_46,2010_002348,cat,neck,neck,0.27936670184135437,0.43672654032707214,0.002620544983074069,0.028493700549006462,1.0,1.0,1.0
geometry_dropout,test_seen,2733,val:2010_002348:part_47,2010_002348,cat,leg,leg,0.5916329622268677,0.7434288859367371,0.15909408032894135,0.2596410810947418,1.0,1.0,1.0
geometry_dropout,test_seen,2734,val:2010_002348:part_48,2010_002348,cat,nose,nose,0.0,0.0,0.0,0.0002386406995356083,0.08404541015625,0.99853515625,5.364418029785156e-07
geometry_dropout,test_seen,2735,val:2010_002348:part_49,2010_002348,cat,paw,paw,0.3473550081253052,0.5156102180480957,0.24716098606586456,0.029448263347148895,0.9912109375,1.0,0.0014209747314453125
geometry_dropout,test_seen,2736,val:2010_002348:part_50,2010_002348,cat,ear,ear,0.5329457521438599,0.6953223943710327,0.10240963846445084,0.035891562700271606,0.0033893585205078125,0.998046875,0.0
geometry_dropout,test_seen,2737,val:2010_002390:part_52,2010_002390,cow,head,head,0.5386064052581787,0.7001224160194397,0.026841314509510994,0.1549692451953888,1.0,1.0,1.0
geometry_dropout,test_seen,2738,val:2010_002390:part_53,2010_002390,cow,eye,eye,0.18978102505207062,0.3190183937549591,0.0,0.0014945105649530888,0.5927734375,0.99951171875,0.00018668174743652344
geometry_dropout,test_seen,2739,val:2010_002390:part_54,2010_002390,cow,torso,torso,0.46686556935310364,0.6365485787391663,0.05513247475028038,0.34925562143325806,1.0,1.0,1.0
geometry_dropout,test_seen,2740,val:2010_002390:part_57,2010_002390,cow,ear,ear,0.4087677597999573,0.5803195834159851,0.0191256832331419,0.02626889757812023,0.0033893585205078125,0.998046875,0.0
geometry_dropout,test_seen,2741,val:2010_002390:part_58,2010_002390,cow,muzzle,muzzle,0.7189922332763672,0.8365276455879211,0.004656577482819557,0.10519055277109146,0.95166015625,1.0,0.0015668869018554688
geometry_dropout,test_seen,2742,val:2010_002422:part_42,2010_002422,cat,tail,tail,0.6204481720924377,0.7657735347747803,0.04619758203625679,0.07151304930448532,0.9697265625,1.0,0.0005617141723632812
geometry_dropout,test_seen,2743,val:2010_002422:part_43,2010_002422,cat,head,head,0.6882129311561584,0.815315306186676,0.06519823521375656,0.18662777543067932,1.0,1.0,1.0
geometry_dropout,test_seen,2744,val:2010_002422:part_44,2010_002422,cat,eye,eye,0.203125,0.33766233921051025,0.0,0.01261531189084053,0.5927734375,0.99951171875,0.00018668174743652344
geometry_dropout,test_seen,2745,val:2010_002422:part_45,2010_002422,cat,torso,torso,0.5255258083343506,0.6889766454696655,0.054310791194438934,0.4144130051136017,1.0,1.0,1.0
geometry_dropout,test_seen,2746,val:2010_002422:part_46,2010_002422,cat,neck,neck,0.0654117614030838,0.12279152125120163,0.02847650647163391,0.012378774583339691,1.0,1.0,1.0
geometry_dropout,test_seen,2747,val:2010_002422:part_47,2010_002422,cat,leg,leg,0.41292503476142883,0.5844967365264893,0.04817404970526695,0.1871008425951004,1.0,1.0,1.0
geometry_dropout,test_seen,2748,val:2010_002422:part_48,2010_002422,cat,nose,nose,0.12195122241973877,0.21739129722118378,0.0,0.0026807538233697414,0.08404541015625,0.99853515625,5.364418029785156e-07
geometry_dropout,test_seen,2749,val:2010_002422:part_49,2010_002422,cat,paw,paw,0.0,0.0,0.24785591661930084,0.0007884569931775331,0.9912109375,1.0,0.0014209747314453125
geometry_dropout,test_seen,2750,val:2010_002422:part_50,2010_002422,cat,ear,ear,0.5489614009857178,0.7088122367858887,0.35352760553359985,0.06181502714753151,0.0033893585205078125,0.998046875,0.0
geometry_dropout,test_seen,2751,val:2010_002512:part_42,2010_002512,cat,tail,tail,0.4578714072704315,0.6281368732452393,0.16742081940174103,0.07718481123447418,0.9697265625,1.0,0.0005617141723632812
geometry_dropout,test_seen,2752,val:2010_002512:part_43,2010_002512,cat,head,head,0.43133583664894104,0.602703869342804,0.1978776454925537,0.12374641746282578,1.0,1.0,1.0
geometry_dropout,test_seen,2753,val:2010_002512:part_44,2010_002512,cat,eye,eye,0.015094339847564697,0.029739776626229286,0.0,0.0030444127041846514,0.5927734375,0.99951171875,0.00018668174743652344
geometry_dropout,test_seen,2754,val:2010_002512:part_45,2010_002512,cat,torso,torso,0.8340914249420166,0.9095417857170105,0.06368028372526169,0.7009312510490417,1.0,1.0,1.0
geometry_dropout,test_seen,2755,val:2010_002512:part_46,2010_002512,cat,neck,neck,0.16020408272743225,0.27616533637046814,0.10122699290513992,0.02847421169281006,1.0,1.0,1.0
geometry_dropout,test_seen,2756,val:2010_002512:part_48,2010_002512,cat,nose,nose,0.0,0.0,0.24806201457977295,0.0010744985193014145,0.08404541015625,0.99853515625,5.364418029785156e-07
geometry_dropout,test_seen,2757,val:2010_002512:part_50,2010_002512,cat,ear,ear,0.17362046241760254,0.2958715558052063,0.07510431110858917,0.027399713173508644,0.0033893585205078125,0.998046875,0.0
geometry_dropout,test_seen,2758,val:2010_002531:part_42,2010_002531,cat,tail,tail,0.4342629611492157,0.605555534362793,0.4682926833629608,0.10288065671920776,0.9697265625,1.0,0.0005617141723632812
geometry_dropout,test_seen,2759,val:2010_002531:part_43,2010_002531,cat,head,head,0.7309677600860596,0.8445769548416138,0.07293035835027695,0.16475096344947815,1.0,1.0,1.0
geometry_dropout,test_seen,2760,val:2010_002531:part_44,2010_002531,cat,eye,eye,0.08982036262750626,0.16483516991138458,0.0,0.004540939349681139,0.5927734375,0.99951171875,0.00018668174743652344
geometry_dropout,test_seen,2761,val:2010_002531:part_45,2010_002531,cat,torso,torso,0.5193941593170166,0.6836858987808228,0.11252771317958832,0.3993188738822937,1.0,1.0,1.0
geometry_dropout,test_seen,2762,val:2010_002531:part_46,2010_002531,cat,neck,neck,0.27328431606292725,0.42925891280174255,0.01840490847826004,0.03178657591342926,1.0,1.0,1.0
geometry_dropout,test_seen,2763,val:2010_002531:part_47,2010_002531,cat,leg,leg,0.26571428775787354,0.41986456513404846,0.09748037904500961,0.09649496525526047,1.0,1.0,1.0
geometry_dropout,test_seen,2764,val:2010_002531:part_48,2010_002531,cat,nose,nose,0.02521008439362049,0.04918032884597778,0.0,0.002838087035343051,0.08404541015625,0.99853515625,5.364418029785156e-07
geometry_dropout,test_seen,2765,val:2010_002531:part_49,2010_002531,cat,paw,paw,0.2752613127231598,0.43169400095939636,0.42399999499320984,0.03292180970311165,0.9912109375,1.0,0.0014209747314453125
geometry_dropout,test_seen,2766,val:2010_002531:part_50,2010_002531,cat,ear,ear,0.5455904603004456,0.7059961557388306,0.3681671917438507,0.058464594185352325,0.0033893585205078125,0.998046875,0.0
geometry_dropout,test_seen,2767,val:2010_002536:part_6,2010_002536,bicycle,wheel,wheel,0.013431013561785221,0.026506023481488228,0.8448275923728943,0.25298330187797546,1.0,1.0,0.9970703125
geometry_dropout,test_seen,2768,val:2010_002546:part_22,2010_002546,bus,wheel,wheel,0.16975609958171844,0.29024186730384827,0.17386490106582642,0.022444646805524826,1.0,1.0,0.9970703125
geometry_dropout,test_seen,2769,val:2010_002546:part_25,2010_002546,bus,side,side,0.20824779570102692,0.34471040964126587,0.08709443360567093,0.18971791863441467,1.0,1.0,0.99755859375
geometry_dropout,test_seen,2770,val:2010_002546:part_27,2010_002546,bus,roof,roof,0.005434782709926367,0.010810811072587967,0.06666667014360428,0.028814073652029037,1.0,1.0,1.0
geometry_dropout,test_seen,2771,val:2010_002546:part_31,2010_002546,bus,window,window,0.19712652266025543,0.3293328285217285,0.0434640534222126,0.12352138012647629,0.99951171875,1.0,0.99365234375
geometry_dropout,test_seen,2772,val:2010_002623:part_83,2010_002623,person,head,head,0.7481764554977417,0.8559507131576538,0.04374772310256958,0.49771788716316223,1.0,1.0,1.0
geometry_dropout,test_seen,2773,val:2010_002623:part_84,2010_002623,person,eye,eye,0.41818180680274963,0.5897436141967773,0.0,0.018764037638902664,0.5927734375,0.99951171875,0.00018668174743652344
geometry_dropout,test_seen,2774,val:2010_002623:part_85,2010_002623,person,torso,torso,0.18654924631118774,0.31443995237350464,0.03510273993015289,0.0454973541200161,1.0,1.0,1.0
geometry_dropout,test_seen,2775,val:2010_002623:part_89,2010_002623,person,nose,nose,0.5781710743904114,0.7327103018760681,0.0,0.028472071513533592,0.08404541015625,0.99853515625,5.364418029785156e-07
geometry_dropout,test_seen,2776,val:2010_002623:part_90,2010_002623,person,ear,ear,0.28155338764190674,0.43939393758773804,0.1731843501329422,0.012316162697970867,0.0033893585205078125,0.998046875,0.0
geometry_dropout,test_seen,2777,val:2010_002623:part_91,2010_002623,person,eyebrow,eyebrow,0.07841140776872635,0.14542020857334137,0.0,0.0060856337659060955,9.763240814208984e-05,0.09027099609375,0.0
geometry_dropout,test_seen,2778,val:2010_002623:part_92,2010_002623,person,mouth,mouth,0.5133820176124573,0.6784566044807434,0.013513513840734959,0.018256900832057,1.0,1.0,0.9970703125
geometry_dropout,test_seen,2779,val:2010_002623:part_93,2010_002623,person,hair,hair,0.4821772575378418,0.6506337523460388,0.12789016962051392,0.14504092931747437,1.0,1.0,0.998046875
geometry_dropout,test_seen,2780,val:2010_002623:part_94,2010_002623,person,lower arm,lower arm,0.026490066200494766,0.05161290243268013,0.0,0.007389697711914778,0.99462890625,1.0,0.02752685546875
geometry_dropout,test_seen,2781,val:2010_002623:part_95,2010_002623,person,upper arm,upper arm,0.7818049788475037,0.8775427341461182,0.0,0.1861914098262787,0.958984375,1.0,0.0012845993041992188
geometry_dropout,test_seen,2782,val:2010_002682:part_83,2010_002682,person,head,head,0.0,0.0,0.0,0.06818182021379471,1.0,1.0,1.0
geometry_dropout,test_seen,2783,val:2010_002682:part_85,2010_002682,person,torso,torso,0.0,0.0,0.0,0.5227272510528564,1.0,1.0,1.0
geometry_dropout,test_seen,2784,val:2010_002691:part_71,2010_002691,horse,head,head,0.6334688067436218,0.7756117582321167,0.05815710127353668,0.07572274655103683,1.0,1.0,1.0
geometry_dropout,test_seen,2785,val:2010_002691:part_72,2010_002691,horse,eye,eye,0.5280898809432983,0.6911764740943909,0.1975308656692505,0.0038314175326377153,0.5927734375,0.99951171875,0.00018668174743652344
geometry_dropout,test_seen,2786,val:2010_002691:part_73,2010_002691,horse,torso,torso,0.8093869686126709,0.8946532607078552,0.06516461074352264,0.5986067652702332,1.0,1.0,1.0
geometry_dropout,test_seen,2787,val:2010_002691:part_74,2010_002691,horse,neck,neck,0.7189760804176331,0.8365166783332825,0.08281388878822327,0.19568094611167908,1.0,1.0,1.0
geometry_dropout,test_seen,2788,val:2010_002691:part_75,2010_002691,horse,leg,leg,0.5683760643005371,0.7247956395149231,0.2976190447807312,0.06778126209974289,1.0,1.0,1.0
geometry_dropout,test_seen,2789,val:2010_002691:part_76,2010_002691,horse,ear,ear,0.2542955279350281,0.40547946095466614,0.32517483830451965,0.005503308959305286,0.0033893585205078125,0.998046875,0.0
geometry_dropout,test_seen,2790,val:2010_002691:part_77,2010_002691,horse,muzzle,muzzle,0.6352824568748474,0.7769696712493896,0.23160172998905182,0.050574712455272675,0.95166015625,1.0,0.0015668869018554688
geometry_dropout,test_seen,2791,val:2010_002693:part_43,2010_002693,cat,head,head,0.7229254841804504,0.8391836881637573,0.04617604613304138,0.21195219457149506,1.0,1.0,1.0
geometry_dropout,test_seen,2792,val:2010_002693:part_44,2010_002693,cat,eye,eye,0.08843537420034409,0.16249999403953552,0.0,0.0123505974188447,0.5927734375,0.99951171875,0.00018668174743652344
geometry_dropout,test_seen,2793,val:2010_002693:part_45,2010_002693,cat,torso,torso,0.6513460278511047,0.7888668179512024,0.03628750890493393,0.43107569217681885,1.0,1.0,1.0
geometry_dropout,test_seen,2794,val:2010_002693:part_46,2010_002693,cat,neck,neck,0.5391566157341003,0.7005870938301086,0.0,0.1211155354976654,1.0,1.0,1.0
geometry_dropout,test_seen,2795,val:2010_002693:part_47,2010_002693,cat,leg,leg,0.41120219230651855,0.5827686190605164,0.23822714388370514,0.12390438467264175,1.0,1.0,1.0
geometry_dropout,test_seen,2796,val:2010_002693:part_48,2010_002693,cat,nose,nose,0.0,0.0,0.0,0.004382470156997442,0.08404541015625,0.99853515625,5.364418029785156e-07
geometry_dropout,test_seen,2797,val:2010_002693:part_49,2010_002693,cat,paw,paw,0.2016574591398239,0.33563217520713806,0.6027777791023254,0.029880478978157043,0.9912109375,1.0,0.0014209747314453125
geometry_dropout,test_seen,2798,val:2010_002693:part_50,2010_002693,cat,ear,ear,0.29723992943763733,0.45826512575149536,0.36403509974479675,0.06175298988819122,0.0033893585205078125,0.998046875,0.0
geometry_dropout,test_seen,2799,val:2010_002701:part_52,2010_002701,cow,head,head,0.0,0.0,0.0,0.14102564752101898,1.0,1.0,1.0
geometry_dropout,test_seen,2800,val:2010_002701:part_54,2010_002701,cow,torso,torso,0.341269850730896,0.5088757276535034,0.17307692766189575,0.75,1.0,1.0,1.0
geometry_dropout,test_seen,2801,val:2010_002701:part_55,2010_002701,cow,neck,neck,0.0,0.0,0.0,0.057692307978868484,1.0,1.0,1.0
geometry_dropout,test_seen,2802,val:2010_002701:part_56,2010_002701,cow,leg,leg,0.0382513664662838,0.0736842080950737,0.6043956279754639,0.05128205195069313,1.0,1.0,1.0
geometry_dropout,test_seen,2803,val:2010_002763:part_43,2010_002763,cat,head,head,0.0,0.0,0.0,0.04536082595586777,1.0,1.0,1.0
geometry_dropout,test_seen,2804,val:2010_002763:part_45,2010_002763,cat,torso,torso,0.5039193630218506,0.6701414585113525,0.03937007859349251,0.8608247637748718,1.0,1.0,1.0
geometry_dropout,test_seen,2805,val:2010_002763:part_47,2010_002763,cat,leg,leg,0.0,0.0,1.0,0.05979381501674652,1.0,1.0,1.0
geometry_dropout,test_seen,2806,val:2010_002763:part_49,2010_002763,cat,paw,paw,0.0,0.0,1.0,0.028865979984402657,0.9912109375,1.0,0.0014209747314453125
geometry_dropout,test_seen,2807,val:2010_002763:part_83,2010_002763,person,head,head,0.0,0.0,0.0,0.00027352297911420465,1.0,1.0,1.0
geometry_dropout,test_seen,2808,val:2010_002763:part_90,2010_002763,person,ear,ear,0.0,0.0,0.0,0.00027352297911420465,0.0033893585205078125,0.998046875,0.0
geometry_dropout,test_seen,2809,val:2010_002792:part_83,2010_002792,person,head,head,0.14508196711540222,0.25340014696121216,0.0,0.043988004326820374,1.0,1.0,1.0
geometry_dropout,test_seen,2810,val:2010_002792:part_85,2010_002792,person,torso,torso,0.31402572989463806,0.4779598116874695,0.05801289156079292,0.12923748791217804,1.0,1.0,1.0
geometry_dropout,test_seen,2811,val:2010_002792:part_87,2010_002792,person,leg,leg,0.379814088344574,0.5505293607711792,0.25508981943130493,0.15004998445510864,1.0,1.0,1.0
geometry_dropout,test_seen,2812,val:2010_002792:part_89,2010_002792,person,nose,nose,0.0,0.0,0.0,0.008997546508908272,0.08404541015625,0.99853515625,5.364418029785156e-07
geometry_dropout,test_seen,2813,val:2010_002792:part_93,2010_002792,person,hair,hair,0.8872473835945129,0.9402555227279663,0.014021887443959713,0.4785967469215393,1.0,1.0,0.998046875
geometry_dropout,test_seen,2814,val:2010_002792:part_94,2010_002792,person,lower arm,lower arm,0.5493482351303101,0.7091346383094788,0.1526881754398346,0.033354539424180984,0.99462890625,1.0,0.02752685546875
geometry_dropout,test_seen,2815,val:2010_002792:part_95,2010_002792,person,upper arm,upper arm,0.46801531314849854,0.6376163959503174,0.08656716346740723,0.12223938852548599,0.958984375,1.0,0.0012845993041992188
geometry_dropout,test_seen,2816,val:2010_002792:part_96,2010_002792,person,hand,hand,0.5100671052932739,0.6755555272102356,0.4178571403026581,0.015450331382453442,1.0,1.0,0.99853515625
geometry_dropout,test_seen,2817,val:2010_002868:part_23,2010_002868,bus,headlight,headlight,0.15241636335849762,0.26451611518859863,0.0,0.008820286951959133,1.0,1.0,0.99755859375
geometry_dropout,test_seen,2818,val:2010_002868:part_24,2010_002868,bus,front,front,0.6253135800361633,0.7694681882858276,0.05442431569099426,0.41102534532546997,1.0,1.0,1.0
geometry_dropout,test_seen,2819,val:2010_002868:part_28,2010_002868,bus,mirror,mirror,0.0,0.0,0.39909297227859497,0.0018963615875691175,0.05572509765625,0.9814453125,4.112720489501953e-06
geometry_dropout,test_seen,2820,val:2010_002868:part_31,2010_002868,bus,window,window,0.5609681010246277,0.7187438011169434,0.01221911609172821,0.24255788326263428,0.99951171875,1.0,0.99365234375
geometry_dropout,test_seen,2821,val:2010_002900:part_43,2010_002900,cat,head,head,0.5982906222343445,0.7486631274223328,0.054728370159864426,0.2068498432636261,1.0,1.0,1.0
geometry_dropout,test_seen,2822,val:2010_002900:part_44,2010_002900,cat,eye,eye,0.35245901346206665,0.521212100982666,0.0,0.005175587721168995,0.5927734375,0.99951171875,0.00018668174743652344
geometry_dropout,test_seen,2823,val:2010_002900:part_45,2010_002900,cat,torso,torso,0.6180807948112488,0.763967752456665,0.07240615785121918,0.4849768877029419,1.0,1.0,1.0
geometry_dropout,test_seen,2824,val:2010_002900:part_46,2010_002900,cat,neck,neck,0.5566115975379944,0.7151579260826111,0.019174041226506233,0.06019660457968712,1.0,1.0,1.0
geometry_dropout,test_seen,2825,val:2010_002900:part_47,2010_002900,cat,leg,leg,0.4094187319278717,0.5809752941131592,0.13749441504478455,0.21247698366641998,1.0,1.0,1.0
geometry_dropout,test_seen,2826,val:2010_002900:part_48,2010_002900,cat,nose,nose,0.0,0.0,0.0,0.0022578067146241665,0.08404541015625,0.99853515625,5.364418029785156e-07
geometry_dropout,test_seen,2827,val:2010_002900:part_50,2010_002900,cat,ear,ear,0.3860544264316559,0.5570552349090576,0.3450087606906891,0.01695091836154461,0.0033893585205078125,0.998046875,0.0
geometry_dropout,test_seen,2828,val:2010_002921:part_115,2010_002921,tvmonitor,screen,screen,0.2927002012729645,0.452850878238678,0.013963480480015278,0.17524082958698273,1.0,1.0,1.0
geometry_dropout,test_seen,2829,val:2010_002929:part_83,2010_002929,person,head,head,0.0,0.0,0.0,0.0024032683577388525,1.0,1.0,1.0
geometry_dropout,test_seen,2830,val:2010_002929:part_85,2010_002929,person,torso,torso,0.45835942029953003,0.6285959482192993,0.104947529733181,0.23912520706653595,1.0,1.0,1.0
geometry_dropout,test_seen,2831,val:2010_002929:part_86,2010_002929,person,neck,neck,0.0,0.0,0.375,0.015140591189265251,1.0,1.0,1.0
geometry_dropout,test_seen,2832,val:2010_002929:part_87,2010_002929,person,leg,leg,0.6547231078147888,0.7913385629653931,0.10315430164337158,0.2064407616853714,1.0,1.0,1.0
geometry_dropout,test_seen,2833,val:2010_002929:part_90,2010_002929,person,ear,ear,0.0,0.0,0.0,0.00048042277921922505,0.0033893585205078125,0.998046875,0.0
geometry_dropout,test_seen,2834,val:2010_002929:part_93,2010_002929,person,hair,hair,0.0,0.0,1.0,0.04854602366685867,1.0,1.0,0.998046875
geometry_dropout,test_seen,2835,val:2010_002929:part_94,2010_002929,person,lower arm,lower arm,0.3235294222831726,0.4888888895511627,0.17605634033679962,0.019947128370404243,0.99462890625,1.0,0.02752685546875
geometry_dropout,test_seen,2836,val:2010_002929:part_95,2010_002929,person,upper arm,upper arm,0.523809552192688,0.6875,0.12808988988399506,0.10069695115089417,0.958984375,1.0,0.0012845993041992188
geometry_dropout,test_seen,2837,val:2010_002929:part_96,2010_002929,person,hand,hand,0.0,0.0,0.9534883499145508,0.008171112276613712,1.0,1.0,0.99853515625
geometry_dropout,test_seen,2838,val:2010_002939:part_0,2010_002939,aeroplane,body,body,0.45639535784721375,0.6267465353012085,0.12610533833503723,0.24762406945228577,1.0,1.0,1.0
geometry_dropout,test_seen,2839,val:2010_002939:part_1,2010_002939,aeroplane,stern,stern,0.47807756066322327,0.6468910574913025,0.21099290251731873,0.1099964827299118,1.0,1.0,0.99951171875
geometry_dropout,test_seen,2840,val:2010_002939:part_2,2010_002939,aeroplane,wing,wing,0.2792748510837555,0.43661433458328247,0.2869594395160675,0.3940514028072357,0.7890625,1.0,0.0002472400665283203
geometry_dropout,test_seen,2841,val:2010_002939:part_3,2010_002939,aeroplane,tail,tail,0.0,0.0,0.0,0.00017599436978343874,0.9697265625,1.0,0.0005617141723632812
geometry_dropout,test_seen,2842,val:2010_002939:part_4,2010_002939,aeroplane,engine,engine,0.2250598520040512,0.36742672324180603,0.0985243022441864,0.13481168448925018,1.0,1.0,0.99365234375
geometry_dropout,test_seen,2843,val:2010_002939:part_5,2010_002939,aeroplane,wheel,wheel,0.26153847575187683,0.4146341383457184,0.341681569814682,0.031502991914749146,1.0,1.0,0.9970703125
geometry_dropout,test_seen,2844,val:2010_003014:part_83,2010_003014,person,head,head,0.36474907398223877,0.5345291495323181,0.001479289960116148,0.028608666732907295,1.0,1.0,1.0
geometry_dropout,test_seen,2845,val:2010_003014:part_84,2010_003014,person,eye,eye,0.0,0.0,0.0,0.00045617466093972325,0.5927734375,0.99951171875,0.00018668174743652344
geometry_dropout,test_seen,2846,val:2010_003014:part_85,2010_003014,person,torso,torso,0.3852100968360901,0.556175708770752,0.0898914486169815,0.07644183933734894,1.0,1.0,1.0
geometry_dropout,test_seen,2847,val:2010_003014:part_86,2010_003014,person,neck,neck,0.2490566074848175,0.3987915515899658,0.0,0.010557184927165508,1.0,1.0,1.0
geometry_dropout,test_seen,2848,val:2010_003014:part_87,2010_003014,person,leg,leg,0.0,0.0,0.0,0.016226783394813538,1.0,1.0,1.0
geometry_dropout,test_seen,2849,val:2010_003014:part_89,2010_003014,person,nose,nose,0.0,0.0,0.0,0.002541544381529093,0.08404541015625,0.99853515625,5.364418029785156e-07
geometry_dropout,test_seen,2850,val:2010_003014:part_90,2010_003014,person,ear,ear,0.0,0.0,0.0,0.0013685239246115088,0.0033893585205078125,0.998046875,0.0
geometry_dropout,test_seen,2851,val:2010_003014:part_91,2010_003014,person,eyebrow,eyebrow,0.0,0.0,0.0,6.51678055874072e-05,9.763240814208984e-05,0.09027099609375,0.0
geometry_dropout,test_seen,2852,val:2010_003014:part_92,2010_003014,person,mouth,mouth,0.08791209012269974,0.16161616146564484,0.0,0.0027370478492230177,1.0,1.0,0.9970703125
geometry_dropout,test_seen,2853,val:2010_003014:part_93,2010_003014,person,hair,hair,0.4162348806858063,0.5878048539161682,0.08025247603654861,0.03460410609841347,1.0,1.0,0.998046875
geometry_dropout,test_seen,2854,val:2010_003014:part_94,2010_003014,person,lower arm,lower arm,0.31991294026374817,0.48474857211112976,0.17301414906978607,0.019159335643053055,0.99462890625,1.0,0.02752685546875
geometry_dropout,test_seen,2855,val:2010_003014:part_95,2010_003014,person,upper arm,upper arm,0.4109165668487549,0.5824817419052124,0.09665427356958389,0.05584881082177162,0.958984375,1.0,0.0012845993041992188
geometry_dropout,test_seen,2856,val:2010_003014:part_96,2010_003014,person,hand,hand,0.1892797350883484,0.31830987334251404,0.35343384742736816,0.007363962009549141,1.0,1.0,0.99853515625
geometry_dropout,test_seen,2857,val:2010_003127:part_0,2010_003127,aeroplane,body,body,0.2092871218919754,0.3461330533027649,0.49330654740333557,0.2589350938796997,1.0,1.0,1.0
geometry_dropout,test_seen,2858,val:2010_003127:part_1,2010_003127,aeroplane,stern,stern,0.5313174724578857,0.6939350962638855,0.371702641248703,0.21298322081565857,1.0,1.0,0.99951171875
geometry_dropout,test_seen,2859,val:2010_003127:part_2,2010_003127,aeroplane,wing,wing,0.07909604161977768,0.14659686386585236,0.5,0.020423049107193947,0.7890625,1.0,0.0002472400665283203
geometry_dropout,test_seen,2860,val:2010_003127:part_4,2010_003127,aeroplane,engine,engine,0.22535210847854614,0.36781609058380127,0.35849055647850037,0.11305616050958633,1.0,1.0,0.99365234375
geometry_dropout,test_seen,2861,val:2010_003127:part_5,2010_003127,aeroplane,wheel,wheel,0.0,0.0,1.0,0.008752735331654549,1.0,1.0,0.9970703125
geometry_dropout,test_seen,2862,val:2010_003132:part_0,2010_003132,aeroplane,body,body,0.42761558294296265,0.5990626215934753,0.0970052108168602,0.18598784506320953,1.0,1.0,1.0
geometry_dropout,test_seen,2863,val:2010_003132:part_1,2010_003132,aeroplane,stern,stern,0.0,0.0,0.0,0.03577571362257004,1.0,1.0,0.99951171875
geometry_dropout,test_seen,2864,val:2010_003132:part_2,2010_003132,aeroplane,wing,wing,0.45700955390930176,0.6273254156112671,0.3558619022369385,0.5640408396720886,0.7890625,1.0,0.0002472400665283203
geometry_dropout,test_seen,2865,val:2010_003183:part_52,2010_003183,cow,head,head,0.5894736647605896,0.7417218685150146,0.19421488046646118,0.25653496384620667,1.0,1.0,1.0
geometry_dropout,test_seen,2866,val:2010_003183:part_53,2010_003183,cow,eye,eye,0.07476635277271271,0.13913042843341827,0.0,0.012158054858446121,0.5927734375,0.99951171875,0.00018668174743652344
geometry_dropout,test_seen,2867,val:2010_003183:part_54,2010_003183,cow,torso,torso,0.0,0.0,1.0,0.3623100221157074,1.0,1.0,1.0
geometry_dropout,test_seen,2868,val:2010_003183:part_57,2010_003183,cow,ear,ear,0.5337995290756226,0.6960486173629761,0.21604938805103302,0.2030395120382309,0.0033893585205078125,0.998046875,0.0
geometry_dropout,test_seen,2869,val:2010_003183:part_58,2010_003183,cow,muzzle,muzzle,0.09142857044935226,0.16753926873207092,0.7922077775001526,0.06930091232061386,0.95166015625,1.0,0.0015668869018554688
geometry_dropout,test_seen,2870,val:2010_003183:part_59,2010_003183,cow,horn,horn,0.019354838877916336,0.037974681705236435,0.1785714328289032,0.021884499117732048,0.64208984375,1.0,8.821487426757812e-06
geometry_dropout,test_seen,2871,val:2010_003239:part_52,2010_003239,cow,head,head,0.15615615248680115,0.27012985944747925,0.012987012974917889,0.03475513309240341,1.0,1.0,1.0
geometry_dropout,test_seen,2872,val:2010_003239:part_53,2010_003239,cow,eye,eye,0.0,0.0,0.0,0.0013540961081162095,0.5927734375,0.99951171875,0.00018668174743652344
geometry_dropout,test_seen,2873,val:2010_003239:part_54,2010_003239,cow,torso,torso,0.29296875,0.4531722068786621,0.10660897195339203,0.24802528321743011,1.0,1.0,1.0
geometry_dropout,test_seen,2874,val:2010_003239:part_56,2010_003239,cow,leg,leg,0.24806201457977295,0.39751553535461426,0.3076923191547394,0.0996389091014862,1.0,1.0,1.0
geometry_dropout,test_seen,2875,val:2010_003239:part_57,2010_003239,cow,ear,ear,0.24137930572032928,0.3888888955116272,0.3176470696926117,0.028097495436668396,0.0033893585205078125,0.998046875,0.0
geometry_dropout,test_seen,2876,val:2010_003239:part_58,2010_003239,cow,muzzle,muzzle,0.3583691120147705,0.5276461243629456,0.29032257199287415,0.03644775599241257,0.95166015625,1.0,0.0015668869018554688
geometry_dropout,test_seen,2877,val:2010_003239:part_83,2010_003239,person,head,head,0.0,0.0,0.2690476179122925,0.0004943153471685946,1.0,1.0,1.0
geometry_dropout,test_seen,2878,val:2010_003239:part_85,2010_003239,person,torso,torso,0.0,0.0,0.11398176103830338,0.0019772613886743784,1.0,1.0,1.0
geometry_dropout,test_seen,2879,val:2010_003239:part_90,2010_003239,person,ear,ear,0.0,0.0,0.9134615659713745,0.0004943153471685946,0.0033893585205078125,0.998046875,0.0
geometry_dropout,test_seen,2880,val:2010_003275:part_43,2010_003275,cat,head,head,0.4727180004119873,0.6419667601585388,0.2779194414615631,0.1299593448638916,1.0,1.0,1.0
geometry_dropout,test_seen,2881,val:2010_003275:part_45,2010_003275,cat,torso,torso,0.7036028504371643,0.826017439365387,0.11857143044471741,0.5513809323310852,1.0,1.0,1.0
geometry_dropout,test_seen,2882,val:2010_003275:part_47,2010_003275,cat,leg,leg,0.573961079120636,0.7293205261230469,0.1784331202507019,0.28865835070610046,1.0,1.0,1.0
geometry_dropout,test_seen,2883,val:2010_003275:part_50,2010_003275,cat,ear,ear,0.14647378027439117,0.2555204927921295,0.46506550908088684,0.024674050509929657,0.0033893585205078125,0.998046875,0.0
geometry_dropout,test_seen,2884,val:2010_003293:part_6,2010_003293,bicycle,wheel,wheel,0.0,0.0,1.0,0.2957746386528015,1.0,1.0,0.9970703125
geometry_dropout,test_seen,2885,val:2010_003293:part_9,2010_003293,bicycle,chainwheel,chainwheel,0.0,0.0,0.0,0.014084506779909134,0.984375,1.0,0.01009368896484375
geometry_dropout,test_seen,2886,val:2010_003302:part_97,2010_003302,pottedplant,pot,pot,0.357740581035614,0.526964545249939,0.1212937980890274,0.12511251866817474,1.0,1.0,0.9990234375
geometry_dropout,test_seen,2887,val:2010_003302:part_98,2010_003302,pottedplant,plant,plant,0.6311503052711487,0.7738714218139648,0.3462994694709778,0.8559855818748474,1.0,1.0,1.0
geometry_dropout,test_seen,2888,val:2010_003325:part_83,2010_003325,person,head,head,0.6598240733146667,0.7950530052185059,0.007507507689297199,0.1054060161113739,1.0,1.0,1.0
geometry_dropout,test_seen,2889,val:2010_003325:part_84,2010_003325,person,eye,eye,0.08118081092834473,0.15017065405845642,0.0,0.004863153211772442,0.5927734375,0.99951171875,0.00018668174743652344
geometry_dropout,test_seen,2890,val:2010_003325:part_85,2010_003325,person,torso,torso,0.736214280128479,0.8480684757232666,0.0333029180765152,0.3766116201877594,1.0,1.0,1.0
geometry_dropout,test_seen,2891,val:2010_003325:part_89,2010_003325,person,nose,nose,0.695652186870575,0.8205128312110901,0.0,0.010065595619380474,0.08404541015625,0.99853515625,5.364418029785156e-07
geometry_dropout,test_seen,2892,val:2010_003325:part_90,2010_003325,person,ear,ear,0.10497237741947174,0.1899999976158142,0.0939597338438034,0.005767925642430782,0.0033893585205078125,0.998046875,0.0
geometry_dropout,test_seen,2893,val:2010_003325:part_92,2010_003325,person,mouth,mouth,0.161849707365036,0.27860695123672485,0.0,0.003958380315452814,1.0,1.0,0.9970703125
geometry_dropout,test_seen,2894,val:2010_003325:part_93,2010_003325,person,hair,hair,0.7823984622955322,0.8779164552688599,0.0763319656252861,0.19610947370529175,1.0,1.0,0.998046875
geometry_dropout,test_seen,2895,val:2010_003325:part_94,2010_003325,person,lower arm,lower arm,0.5322299599647522,0.6947128772735596,0.0,0.08380457013845444,0.99462890625,1.0,0.02752685546875
geometry_dropout,test_seen,2896,val:2010_003325:part_95,2010_003325,person,upper arm,upper arm,0.5673892498016357,0.7239927649497986,0.05342236906290054,0.1729246824979782,0.958984375,1.0,0.0012845993041992188
geometry_dropout,test_seen,2897,val:2010_003325:part_96,2010_003325,person,hand,hand,0.49508196115493774,0.6622806787490845,0.0,0.03472065180540085,1.0,1.0,0.99853515625
geometry_dropout,test_seen,2898,val:2010_003365:part_0,2010_003365,aeroplane,body,body,0.7153922915458679,0.8340859413146973,0.06880608946084976,0.4222516417503357,1.0,1.0,1.0
geometry_dropout,test_seen,2899,val:2010_003365:part_1,2010_003365,aeroplane,stern,stern,0.580161452293396,0.7343065738677979,0.337999165058136,0.2226490080356598,1.0,1.0,0.99951171875
geometry_dropout,test_seen,2900,val:2010_003365:part_2,2010_003365,aeroplane,wing,wing,0.28400281071662903,0.4423710107803345,0.18770110607147217,0.11218543350696564,0.7890625,1.0,0.0002472400665283203
geometry_dropout,test_seen,2901,val:2010_003365:part_4,2010_003365,aeroplane,engine,engine,0.5097606182098389,0.6752866506576538,0.14206787943840027,0.20728476345539093,1.0,1.0,0.99365234375
geometry_dropout,test_seen,2902,val:2010_003365:part_5,2010_003365,aeroplane,wheel,wheel,0.04979253187775612,0.09486165642738342,0.6108786463737488,0.0018543046899139881,1.0,1.0,0.9970703125
geometry_dropout,test_seen,2903,val:2010_003381:part_83,2010_003381,person,head,head,0.10507246106863022,0.19016394019126892,0.2664092779159546,0.029651911929249763,1.0,1.0,1.0
geometry_dropout,test_seen,2904,val:2010_003381:part_84,2010_003381,person,eye,eye,0.0,0.0,0.0,0.0004297378472983837,0.5927734375,0.99951171875,0.00018668174743652344
geometry_dropout,test_seen,2905,val:2010_003381:part_85,2010_003381,person,torso,torso,0.031571220606565475,0.061209965497255325,0.19865570962429047,0.01418134942650795,1.0,1.0,1.0
geometry_dropout,test_seen,2906,val:2010_003381:part_86,2010_003381,person,neck,neck,0.0,0.0,0.3977900445461273,0.01847872883081436,1.0,1.0,1.0
geometry_dropout,test_seen,2907,val:2010_003381:part_89,2010_003381,person,nose,nose,0.0,0.0,0.0,0.002793296007439494,0.08404541015625,0.99853515625,5.364418029785156e-07
geometry_dropout,test_seen,2908,val:2010_003381:part_90,2010_003381,person,ear,ear,0.0,0.0,0.0,0.0036527717020362616,0.0033893585205078125,0.998046875,0.0
geometry_dropout,test_seen,2909,val:2010_003381:part_91,2010_003381,person,eyebrow,eyebrow,0.0,0.0,0.0,0.0017189513891935349,9.763240814208984e-05,0.09027099609375,0.0
geometry_dropout,test_seen,2910,val:2010_003381:part_92,2010_003381,person,mouth,mouth,0.0,0.0,0.0,0.0019338203128427267,1.0,1.0,0.9970703125
geometry_dropout,test_seen,2911,val:2010_003381:part_93,2010_003381,person,hair,hair,0.200197234749794,0.3336072266101837,0.4581005573272705,0.06918779760599136,1.0,1.0,0.998046875
geometry_dropout,test_seen,2912,val:2010_003381:part_94,2010_003381,person,lower arm,lower arm,0.0,0.0,0.33732056617736816,0.011173184029757977,0.99462890625,1.0,0.02752685546875
geometry_dropout,test_seen,2913,val:2010_003381:part_95,2010_003381,person,upper arm,upper arm,0.0656934306025505,0.12328767031431198,0.41632652282714844,0.051568541675806046,0.958984375,1.0,0.0012845993041992188
geometry_dropout,test_seen,2914,val:2010_003402:part_43,2010_003402,cat,head,head,0.5617930293083191,0.7194206118583679,0.10071942210197449,0.08873431384563446,1.0,1.0,1.0
geometry_dropout,test_seen,2915,val:2010_003402:part_44,2010_003402,cat,eye,eye,0.2261306494474411,0.3688524663448334,0.0,0.004875511862337589,0.5927734375,0.99951171875,0.00018668174743652344
geometry_dropout,test_seen,2916,val:2010_003402:part_45,2010_003402,cat,torso,torso,0.7344529628753662,0.8468986749649048,0.07415182888507843,0.5820711255073547,1.0,1.0,1.0
geometry_dropout,test_seen,2917,val:2010_003402:part_46,2010_003402,cat,neck,neck,0.7749128937721252,0.8731841444969177,0.06862745434045792,0.07937333732843399,1.0,1.0,1.0
geometry_dropout,test_seen,2918,val:2010_003402:part_47,2010_003402,cat,leg,leg,0.5356312394142151,0.6976039409637451,0.2428315430879593,0.1818891018629074,1.0,1.0,1.0
geometry_dropout,test_seen,2919,val:2010_003402:part_48,2010_003402,cat,nose,nose,0.01923076994717121,0.03773584961891174,0.4399999976158142,0.001820191158913076,0.08404541015625,0.99853515625,5.364418029785156e-07
geometry_dropout,test_seen,2920,val:2010_003402:part_49,2010_003402,cat,paw,paw,0.33636364340782166,0.5034013390541077,0.33040422201156616,0.029903139919042587,0.9912109375,1.0,0.0014209747314453125
geometry_dropout,test_seen,2921,val:2010_003402:part_50,2010_003402,cat,ear,ear,0.38608306646347046,0.5570850372314453,0.2061503380537033,0.023207437247037888,0.0033893585205078125,0.998046875,0.0
geometry_dropout,test_seen,2922,val:2010_003409:part_83,2010_003409,person,head,head,0.014925372786819935,0.029411764815449715,0.08955223858356476,0.0005630630766972899,1.0,1.0,1.0
geometry_dropout,test_seen,2923,val:2010_003409:part_85,2010_003409,person,torso,torso,0.27964600920677185,0.43706777691841125,0.18518517911434174,0.16385135054588318,1.0,1.0,1.0
geometry_dropout,test_seen,2924,val:2010_003409:part_87,2010_003409,person,leg,leg,0.3058984875679016,0.46848738193511963,0.4142259359359741,0.2668918967247009,1.0,1.0,1.0
geometry_dropout,test_seen,2925,val:2010_003409:part_88,2010_003409,person,foot,foot,0.12056737393140793,0.2151898741722107,0.8529411554336548,0.012387387454509735,1.0,1.0,0.81298828125
geometry_dropout,test_seen,2926,val:2010_003409:part_93,2010_003409,person,hair,hair,0.31313130259513855,0.4769230782985687,0.2937062978744507,0.05855855718255043,1.0,1.0,0.998046875
geometry_dropout,test_seen,2927,val:2010_003409:part_94,2010_003409,person,lower arm,lower arm,0.0,0.0,0.07874015718698502,0.0033783784601837397,0.99462890625,1.0,0.02752685546875
geometry_dropout,test_seen,2928,val:2010_003409:part_95,2010_003409,person,upper arm,upper arm,0.02518891729414463,0.049140047281980515,0.22689075767993927,0.028153153136372566,0.958984375,1.0,0.0012845993041992188
geometry_dropout,test_seen,2929,val:2010_003409:part_96,2010_003409,person,hand,hand,0.0,0.0,0.1666666716337204,0.0061936937272548676,1.0,1.0,0.99853515625
geometry_dropout,test_seen,2930,val:2010_003446:part_83,2010_003446,person,head,head,0.0,0.0,0.8482142686843872,0.029112081974744797,1.0,1.0,1.0
geometry_dropout,test_seen,2931,val:2010_003446:part_85,2010_003446,person,torso,torso,0.2591623067855835,0.4116424024105072,0.22677595913410187,0.1673944741487503,1.0,1.0,1.0
geometry_dropout,test_seen,2932,val:2010_003446:part_87,2010_003446,person,leg,leg,0.364632248878479,0.5344036817550659,0.49833887815475464,0.3930130898952484,1.0,1.0,1.0
geometry_dropout,test_seen,2933,val:2010_003446:part_88,2010_003446,person,foot,foot,0.1919642835855484,0.32209739089012146,0.7731481194496155,0.07423580437898636,1.0,1.0,0.81298828125
geometry_dropout,test_seen,2934,val:2010_003446:part_90,2010_003446,person,ear,ear,0.0,0.0,0.0,0.0029112081974744797,0.0033893585205078125,0.998046875,0.0
geometry_dropout,test_seen,2935,val:2010_003446:part_93,2010_003446,person,hair,hair,0.11510791629552841,0.20645160973072052,0.859649121761322,0.05967976525425911,1.0,1.0,0.998046875
geometry_dropout,test_seen,2936,val:2010_003446:part_94,2010_003446,person,lower arm,lower arm,0.20571428537368774,0.3412322402000427,0.39181286096572876,0.058224163949489594,0.99462890625,1.0,0.02752685546875
geometry_dropout,test_seen,2937,val:2010_003446:part_95,2010_003446,person,upper arm,upper arm,0.20498615503311157,0.34022989869117737,0.38360655307769775,0.18922853469848633,0.958984375,1.0,0.0012845993041992188
geometry_dropout,test_seen,2938,val:2010_003446:part_96,2010_003446,person,hand,hand,0.0810810774564743,0.15000000596046448,0.745945930480957,0.021834060549736023,1.0,1.0,0.99853515625
geometry_dropout,test_seen,2939,val:2010_003468:part_20,2010_003468,bottle,body,body,0.7978043556213379,0.8875318765640259,0.16794317960739136,0.9599733352661133,1.0,1.0,1.0
geometry_dropout,test_seen,2940,val:2010_003468:part_21,2010_003468,bottle,cap,cap,0.5479041934013367,0.7079303860664368,0.3035714328289032,0.03952635079622269,1.0,1.0,0.99853515625
geometry_dropout,test_seen,2941,val:2010_003495:part_0,2010_003495,aeroplane,body,body,0.6048564910888672,0.7537826895713806,0.1631598323583603,0.37171125411987305,1.0,1.0,1.0
geometry_dropout,test_seen,2942,val:2010_003495:part_1,2010_003495,aeroplane,stern,stern,0.6586345434188843,0.7941888570785522,0.2535519003868103,0.16572970151901245,1.0,1.0,0.99951171875
geometry_dropout,test_seen,2943,val:2010_003495:part_2,2010_003495,aeroplane,wing,wing,0.5274913907051086,0.6906636953353882,0.24790209531784058,0.3564200699329376,0.7890625,1.0,0.0002472400665283203
geometry_dropout,test_seen,2944,val:2010_003495:part_4,2010_003495,aeroplane,engine,engine,0.4501992166042328,0.6208791136741638,0.23680241405963898,0.09646952897310257,1.0,1.0,0.99365234375
geometry_dropout,test_seen,2945,val:2010_003514:part_108,2010_003514,train,headlight,headlight,0.0,0.0,0.0,0.0016566264675930142,1.0,1.0,0.99755859375
geometry_dropout,test_seen,2946,val:2010_003514:part_109,2010_003514,train,head,head,0.022670025005936623,0.04433497413992882,0.048991356045007706,0.008885541930794716,1.0,1.0,1.0
geometry_dropout,test_seen,2947,val:2010_003514:part_110,2010_003514,train,front,front,0.7791787981987,0.8758859038352966,0.06519623845815659,0.3644578456878662,1.0,1.0,1.0
geometry_dropout,test_seen,2948,val:2010_003514:part_111,2010_003514,train,side,side,0.5521680116653442,0.7114797234535217,0.12638983130455017,0.3713855445384979,1.0,1.0,0.99755859375
geometry_dropout,test_seen,2949,val:2010_003514:part_113,2010_003514,train,roof,roof,0.45641225576400757,0.6267624497413635,0.01897689700126648,0.20105421543121338,1.0,1.0,1.0
geometry_dropout,test_seen,2950,val:2010_003514:part_114,2010_003514,train,coach,coach,0.01887316070497036,0.0370471253991127,0.06056377291679382,0.013253011740744114,1.0,1.0,1.0
geometry_dropout,test_seen,2951,val:2010_003532:part_70,2010_003532,horse,tail,tail,0.3076452612876892,0.47053322196006775,0.3735705316066742,0.043660011142492294,0.9697265625,1.0,0.0005617141723632812
geometry_dropout,test_seen,2952,val:2010_003532:part_71,2010_003532,horse,head,head,0.6040526032447815,0.7531580924987793,0.1008356511592865,0.08778448402881622,1.0,1.0,1.0
geometry_dropout,test_seen,2953,val:2010_003532:part_72,2010_003532,horse,eye,eye,0.06493506580591202,0.12195122241973877,0.0,0.0006967022782191634,0.5927734375,0.99951171875,0.00018668174743652344
geometry_dropout,test_seen,2954,val:2010_003532:part_73,2010_003532,horse,torso,torso,0.42132866382598877,0.5928659439086914,0.07791395485401154,0.26211488246917725,1.0,1.0,1.0
geometry_dropout,test_seen,2955,val:2010_003532:part_74,2010_003532,horse,neck,neck,0.3947718143463135,0.5660737156867981,0.04478280246257782,0.07083139568567276,1.0,1.0,1.0
geometry_dropout,test_seen,2956,val:2010_003532:part_75,2010_003532,horse,leg,leg,0.2942148745059967,0.4546615481376648,0.2671406865119934,0.09002941846847534,1.0,1.0,1.0
geometry_dropout,test_seen,2957,val:2010_003532:part_76,2010_003532,horse,ear,ear,0.26336634159088135,0.41692790389060974,0.22422680258750916,0.01935284025967121,0.0033893585205078125,0.998046875,0.0
geometry_dropout,test_seen,2958,val:2010_003532:part_77,2010_003532,horse,muzzle,muzzle,0.6736434102058411,0.8050023317337036,0.271922767162323,0.0709088072180748,0.95166015625,1.0,0.0015668869018554688
geometry_dropout,test_seen,2959,val:2010_003532:part_78,2010_003532,horse,hoof,hoof,0.1508704125881195,0.26218488812446594,0.41134750843048096,0.013314754702150822,0.99658203125,1.0,0.026458740234375
geometry_dropout,test_seen,2960,val:2010_003597:part_20,2010_003597,bottle,body,body,0.13654617965221405,0.24028268456459045,0.792682945728302,0.9834710955619812,1.0,1.0,1.0
geometry_dropout,test_seen,2961,val:2010_003597:part_21,2010_003597,bottle,cap,cap,0.0,0.0,0.0,0.01652892492711544,1.0,1.0,0.99853515625
geometry_dropout,test_seen,2962,val:2010_003675:part_43,2010_003675,cat,head,head,0.3988676071166992,0.5702721476554871,0.08570574969053268,0.29948365688323975,1.0,1.0,1.0
geometry_dropout,test_seen,2963,val:2010_003675:part_45,2010_003675,cat,torso,torso,0.7200258374214172,0.8372267484664917,0.08501292020082474,0.30942201614379883,1.0,1.0,1.0
geometry_dropout,test_seen,2964,val:2010_003675:part_47,2010_003675,cat,leg,leg,0.006779660936444998,0.013468013145029545,0.0,0.06973516196012497,1.0,1.0,1.0
geometry_dropout,test_seen,2965,val:2010_003675:part_49,2010_003675,cat,paw,paw,0.6359824538230896,0.7774930000305176,0.0,0.20537449419498444,0.9912109375,1.0,0.0014209747314453125
geometry_dropout,test_seen,2966,val:2010_003675:part_50,2010_003675,cat,ear,ear,0.5020344257354736,0.6684725880622864,0.25798293948173523,0.090833380818367,0.0033893585205078125,0.998046875,0.0
geometry_dropout,test_seen,2967,val:2010_003708:part_109,2010_003708,train,head,head,0.0,0.0,0.0,0.02153846062719822,1.0,1.0,1.0
geometry_dropout,test_seen,2968,val:2010_003708:part_110,2010_003708,train,front,front,0.20000000298023224,0.3333333432674408,0.5211726427078247,0.20000000298023224,1.0,1.0,1.0
geometry_dropout,test_seen,2969,val:2010_003708:part_111,2010_003708,train,side,side,0.0,0.0,1.0,0.04307692125439644,1.0,1.0,0.99755859375
geometry_dropout,test_seen,2970,val:2010_003708:part_114,2010_003708,train,coach,coach,0.0,0.0,0.6070175170898438,0.006116208154708147,1.0,1.0,1.0
geometry_dropout,test_seen,2971,val:2010_003716:part_0,2010_003716,aeroplane,body,body,0.6030074954032898,0.7523452043533325,0.09881255030632019,0.38303858041763306,1.0,1.0,1.0
geometry_dropout,test_seen,2972,val:2010_003716:part_1,2010_003716,aeroplane,stern,stern,0.25338253378868103,0.4043179452419281,0.13035382330417633,0.09686495363712311,1.0,1.0,0.99951171875
geometry_dropout,test_seen,2973,val:2010_003716:part_2,2010_003716,aeroplane,wing,wing,0.40460526943206787,0.5761123895645142,0.26089417934417725,0.3195337653160095,0.7890625,1.0,0.0002472400665283203
geometry_dropout,test_seen,2974,val:2010_003716:part_4,2010_003716,aeroplane,engine,engine,0.2287461757659912,0.37232452630996704,0.15093760192394257,0.15373794734477997,1.0,1.0,0.99365234375
geometry_dropout,test_seen,2975,val:2010_003746:part_83,2010_003746,person,head,head,0.0,0.0,0.0,0.0004273504309821874,1.0,1.0,1.0
geometry_dropout,test_seen,2976,val:2010_003746:part_90,2010_003746,person,ear,ear,0.0,0.0,1.0,0.023931624367833138,0.0033893585205078125,0.998046875,0.0
geometry_dropout,test_seen,2977,val:2010_003758:part_42,2010_003758,cat,tail,tail,0.4460616409778595,0.6169331073760986,0.11330561339855194,0.1264127939939499,0.9697265625,1.0,0.0005617141723632812
geometry_dropout,test_seen,2978,val:2010_003758:part_43,2010_003758,cat,head,head,0.493754118680954,0.6610915660858154,0.008547008968889713,0.13058598339557648,1.0,1.0,1.0
geometry_dropout,test_seen,2979,val:2010_003758:part_44,2010_003758,cat,eye,eye,0.11678832024335861,0.20915032923221588,0.0,0.006259780842810869,0.5927734375,0.99951171875,0.00018668174743652344
geometry_dropout,test_seen,2980,val:2010_003758:part_45,2010_003758,cat,torso,torso,0.6609729528427124,0.7958865165710449,0.09728829562664032,0.6047644019126892,1.0,1.0,1.0
geometry_dropout,test_seen,2981,val:2010_003758:part_47,2010_003758,cat,leg,leg,0.08224543184041977,0.1519903540611267,0.06295399367809296,0.07233524322509766,1.0,1.0,1.0
geometry_dropout,test_seen,2982,val:2010_003758:part_48,2010_003758,cat,nose,nose,0.05154639109969139,0.09803921729326248,0.07446808367967606,0.0013910623965784907,0.08404541015625,0.99853515625,5.364418029785156e-07
geometry_dropout,test_seen,2983,val:2010_003758:part_49,2010_003758,cat,paw,paw,0.0,0.0,0.18214285373687744,0.004694835748523474,0.9912109375,1.0,0.0014209747314453125
geometry_dropout,test_seen,2984,val:2010_003758:part_50,2010_003758,cat,ear,ear,0.44134077429771423,0.6124030947685242,0.020325202494859695,0.04903494939208031,0.0033893585205078125,0.998046875,0.0
geometry_dropout,test_seen,2985,val:2010_003764:part_43,2010_003764,cat,head,head,0.6938775777816772,0.8192771077156067,0.009108911268413067,0.2037692666053772,1.0,1.0,1.0
geometry_dropout,test_seen,2986,val:2010_003764:part_44,2010_003764,cat,eye,eye,0.11940298229455948,0.2133333384990692,0.0,0.0078092459589242935,0.5927734375,0.99951171875,0.00018668174743652344
geometry_dropout,test_seen,2987,val:2010_003764:part_45,2010_003764,cat,torso,torso,0.7114735841751099,0.8314163684844971,0.14557959139347076,0.5407121777534485,1.0,1.0,1.0
geometry_dropout,test_seen,2988,val:2010_003764:part_46,2010_003764,cat,neck,neck,0.5375139713287354,0.699198842048645,0.0,0.06184922903776169,1.0,1.0,1.0
geometry_dropout,test_seen,2989,val:2010_003764:part_47,2010_003764,cat,leg,leg,0.4420152008533478,0.6130520701408386,0.17568214237689972,0.09839650243520737,1.0,1.0,1.0
geometry_dropout,test_seen,2990,val:2010_003764:part_48,2010_003764,cat,nose,nose,0.036036036908626556,0.06956521421670914,0.0,0.0027072052471339703,0.08404541015625,0.99853515625,5.364418029785156e-07
geometry_dropout,test_seen,2991,val:2010_003764:part_49,2010_003764,cat,paw,paw,0.3166666626930237,0.4810126721858978,0.5559895634651184,0.04341940954327583,0.9912109375,1.0,0.0014209747314453125
geometry_dropout,test_seen,2992,val:2010_003764:part_50,2010_003764,cat,ear,ear,0.3690204918384552,0.5391014814376831,0.18400000035762787,0.03404831141233444,0.0033893585205078125,0.998046875,0.0
geometry_dropout,test_seen,2993,val:2010_003772:part_22,2010_003772,bus,wheel,wheel,0.3170163035392761,0.48141592741012573,0.186397984623909,0.027888447046279907,1.0,1.0,0.9970703125
geometry_dropout,test_seen,2994,val:2010_003772:part_23,2010_003772,bus,headlight,headlight,0.09195402264595032,0.16842105984687805,0.0,0.008300133049488068,1.0,1.0,0.99755859375
geometry_dropout,test_seen,2995,val:2010_003772:part_24,2010_003772,bus,front,front,0.6688172221183777,0.8015463948249817,0.12219451367855072,0.24900399148464203,1.0,1.0,1.0
geometry_dropout,test_seen,2996,val:2010_003772:part_25,2010_003772,bus,side,side,0.5565380454063416,0.7150972485542297,0.1480272114276886,0.35424965620040894,1.0,1.0,0.99755859375
geometry_dropout,test_seen,2997,val:2010_003772:part_28,2010_003772,bus,mirror,mirror,0.10000000149011612,0.1818181872367859,0.41726619005203247,0.0024900399148464203,0.05572509765625,0.9814453125,4.112720489501953e-06
geometry_dropout,test_seen,2998,val:2010_003772:part_31,2010_003772,bus,window,window,0.6965020298957825,0.8211036920547485,0.02951635792851448,0.3544156849384308,0.99951171875,1.0,0.99365234375
geometry_dropout,test_seen,2999,val:2010_003781:part_20,2010_003781,bottle,body,body,0.4828934371471405,0.6512854099273682,0.4114888608455658,0.9183955788612366,1.0,1.0,1.0
geometry_dropout,test_seen,3000,val:2010_003781:part_21,2010_003781,bottle,cap,cap,0.0,0.0,0.931506872177124,0.052558783441782,1.0,1.0,0.99853515625
geometry_dropout,test_seen,3001,val:2010_003912:part_20,2010_003912,bottle,body,body,0.1822916716337204,0.30837005376815796,0.6428571343421936,0.8322580456733704,1.0,1.0,1.0
geometry_dropout,test_seen,3002,val:2010_003912:part_21,2010_003912,bottle,cap,cap,0.0,0.0,1.0,0.07096774131059647,1.0,1.0,0.99853515625
geometry_dropout,test_seen,3003,val:2010_003915:part_0,2010_003915,aeroplane,body,body,0.2785276174545288,0.43570056557655334,0.1644042283296585,0.26030218601226807,1.0,1.0,1.0
geometry_dropout,test_seen,3004,val:2010_003915:part_1,2010_003915,aeroplane,stern,stern,0.2128514051437378,0.3509933650493622,0.6590909361839294,0.17307692766189575,1.0,1.0,0.99951171875
geometry_dropout,test_seen,3005,val:2010_003915:part_2,2010_003915,aeroplane,wing,wing,0.3033596873283386,0.46550416946411133,0.2541106045246124,0.4464285671710968,0.7890625,1.0,0.0002472400665283203
geometry_dropout,test_seen,3006,val:2010_003915:part_4,2010_003915,aeroplane,engine,engine,0.1895861178636551,0.3187429904937744,0.4033379554748535,0.11813186854124069,1.0,1.0,0.99365234375
geometry_dropout,test_seen,3007,val:2010_003956:part_108,2010_003956,train,headlight,headlight,0.0,0.0,0.0,0.003950617276132107,1.0,1.0,0.99755859375
geometry_dropout,test_seen,3008,val:2010_003956:part_109,2010_003956,train,head,head,0.0,0.0,0.027027027681469917,0.00962962955236435,1.0,1.0,1.0
geometry_dropout,test_seen,3009,val:2010_003956:part_110,2010_003956,train,front,front,0.7451215982437134,0.8539480566978455,0.1912568360567093,0.621975302696228,1.0,1.0,1.0
geometry_dropout,test_seen,3010,val:2010_003956:part_111,2010_003956,train,side,side,0.7713178396224976,0.8708971738815308,0.10667427629232407,0.3570370376110077,1.0,1.0,0.99755859375
geometry_dropout,test_seen,3011,val:2010_003956:part_114,2010_003956,train,coach,coach,0.0,0.0,0.06343283504247665,0.00148148147854954,1.0,1.0,1.0
geometry_dropout,test_seen,3012,val:2010_003971:part_42,2010_003971,cat,tail,tail,0.6392857432365417,0.7799564003944397,0.2549019753932953,0.0665145069360733,0.9697265625,1.0,0.0005617141723632812
geometry_dropout,test_seen,3013,val:2010_003971:part_43,2010_003971,cat,head,head,0.5686274766921997,0.7250000238418579,0.11265822499990463,0.15976524353027344,1.0,1.0,1.0
geometry_dropout,test_seen,3014,val:2010_003971:part_44,2010_003971,cat,eye,eye,0.08695652335882187,0.1599999964237213,0.0,0.012389957904815674,0.5927734375,0.99951171875,0.00018668174743652344
geometry_dropout,test_seen,3015,val:2010_003971:part_45,2010_003971,cat,torso,torso,0.4934808313846588,0.6608465313911438,0.12844036519527435,0.4150635898113251,1.0,1.0,1.0
geometry_dropout,test_seen,3016,val:2010_003971:part_46,2010_003971,cat,neck,neck,0.3228840231895447,0.4881516695022583,0.046315789222717285,0.12031301110982895,1.0,1.0,1.0
geometry_dropout,test_seen,3017,val:2010_003971:part_47,2010_003971,cat,leg,leg,0.21221864223480225,0.35013261437416077,0.0021598271559923887,0.09488099068403244,1.0,1.0,1.0
geometry_dropout,test_seen,3018,val:2010_003971:part_48,2010_003971,cat,nose,nose,0.0625,0.11764705926179886,0.0,0.0048907725140452385,0.08404541015625,0.99853515625,5.364418029785156e-07
geometry_dropout,test_seen,3019,val:2010_003971:part_49,2010_003971,cat,paw,paw,0.09052631258964539,0.1660231649875641,0.4264069199562073,0.01825888454914093,0.9912109375,1.0,0.0014209747314453125
geometry_dropout,test_seen,3020,val:2010_003971:part_50,2010_003971,cat,ear,ear,0.34285715222358704,0.5106382966041565,0.40883979201316833,0.04825562611222267,0.0033893585205078125,0.998046875,0.0
geometry_dropout,test_seen,3021,val:2010_004056:part_20,2010_004056,bottle,body,body,0.731574535369873,0.844981849193573,0.22039911150932312,0.8838739991188049,1.0,1.0,1.0
geometry_dropout,test_seen,3022,val:2010_004056:part_21,2010_004056,bottle,cap,cap,0.0,0.0,0.9795918464660645,0.01457451842725277,1.0,1.0,0.99853515625
geometry_dropout,test_seen,3023,val:2010_004063:part_0,2010_004063,aeroplane,body,body,0.3204633295536041,0.4853801131248474,0.42471590638160706,0.30902111530303955,1.0,1.0,1.0
geometry_dropout,test_seen,3024,val:2010_004063:part_1,2010_004063,aeroplane,stern,stern,0.11726079136133194,0.2099076360464096,0.5040899515151978,0.20441459119319916,1.0,1.0,0.99951171875
geometry_dropout,test_seen,3025,val:2010_004063:part_2,2010_004063,aeroplane,wing,wing,0.16302895545959473,0.2803523540496826,0.6601073145866394,0.3598848283290863,0.7890625,1.0,0.0002472400665283203
geometry_dropout,test_seen,3026,val:2010_004063:part_5,2010_004063,aeroplane,wheel,wheel,0.0625,0.11764705926179886,0.5,0.014395393431186676,1.0,1.0,0.9970703125
geometry_dropout,test_seen,3027,val:2010_004104:part_43,2010_004104,cat,head,head,0.6605279445648193,0.7955637574195862,0.002084201667457819,0.28790903091430664,1.0,1.0,1.0
geometry_dropout,test_seen,3028,val:2010_004104:part_44,2010_004104,cat,eye,eye,0.3227272629737854,0.4879724979400635,0.0,0.007464629597961903,0.5927734375,0.99951171875,0.00018668174743652344
geometry_dropout,test_seen,3029,val:2010_004104:part_45,2010_004104,cat,torso,torso,0.58603435754776,0.7389932870864868,0.08456844091415405,0.46923011541366577,1.0,1.0,1.0
geometry_dropout,test_seen,3030,val:2010_004104:part_46,2010_004104,cat,neck,neck,0.3548477292060852,0.5238193273544312,0.009577970951795578,0.13089141249656677,1.0,1.0,1.0
geometry_dropout,test_seen,3031,val:2010_004104:part_48,2010_004104,cat,nose,nose,0.3781512677669525,0.5487805008888245,0.0,0.00425310293212533,0.08404541015625,0.99853515625,5.364418029785156e-07
geometry_dropout,test_seen,3032,val:2010_004104:part_50,2010_004104,cat,ear,ear,0.5582329034805298,0.7164948582649231,0.12683823704719543,0.07395191490650177,0.0033893585205078125,0.998046875,0.0
geometry_dropout,test_seen,3033,val:2010_004120:part_42,2010_004120,cat,tail,tail,0.3738991320133209,0.5442890524864197,0.2735426127910614,0.0677870512008667,0.9697265625,1.0,0.0005617141723632812
geometry_dropout,test_seen,3034,val:2010_004120:part_43,2010_004120,cat,head,head,0.6791187524795532,0.8088990449905396,0.0602409653365612,0.09474396705627441,1.0,1.0,1.0
geometry_dropout,test_seen,3035,val:2010_004120:part_44,2010_004120,cat,eye,eye,0.04430379718542099,0.08484848588705063,0.0,0.001240694778971374,0.5927734375,0.99951171875,0.00018668174743652344
geometry_dropout,test_seen,3036,val:2010_004120:part_45,2010_004120,cat,torso,torso,0.6474650502204895,0.7860137224197388,0.060359928756952286,0.4756372570991516,1.0,1.0,1.0
geometry_dropout,test_seen,3037,val:2010_004120:part_46,2010_004120,cat,neck,neck,0.523809552192688,0.6875,0.0,0.031017370522022247,1.0,1.0,1.0
geometry_dropout,test_seen,3038,val:2010_004120:part_47,2010_004120,cat,leg,leg,0.3777914345264435,0.5484014749526978,0.049015410244464874,0.23155876994132996,1.0,1.0,1.0
geometry_dropout,test_seen,3039,val:2010_004120:part_48,2010_004120,cat,nose,nose,0.0,0.0,0.5535714030265808,0.001240694778971374,0.08404541015625,0.99853515625,5.364418029785156e-07
geometry_dropout,test_seen,3040,val:2010_004120:part_49,2010_004120,cat,paw,paw,0.41618016362190247,0.5877503156661987,0.21901211142539978,0.07049401849508286,0.9912109375,1.0,0.0014209747314453125
geometry_dropout,test_seen,3041,val:2010_004120:part_50,2010_004120,cat,ear,ear,0.34663864970207214,0.5148205757141113,0.1832229644060135,0.021204601973295212,0.0033893585205078125,0.998046875,0.0
geometry_dropout,test_seen,3042,val:2010_004149:part_111,2010_004149,train,side,side,0.9366253614425659,0.9672757387161255,0.055525798350572586,0.9926435947418213,1.0,1.0,0.99755859375
geometry_dropout,test_seen,3043,val:2010_004149:part_114,2010_004149,train,coach,coach,0.002629669848829508,0.005245545879006386,0.053419191390275955,0.002923700725659728,1.0,1.0,1.0
geometry_dropout,test_seen,3044,val:2010_004165:part_83,2010_004165,person,head,head,0.003968254197388887,0.007905138656497002,0.0714285746216774,0.0003760812396649271,1.0,1.0,1.0
geometry_dropout,test_seen,3045,val:2010_004165:part_85,2010_004165,person,torso,torso,0.0,0.0,0.6106666922569275,0.0005641218740493059,1.0,1.0,1.0
geometry_dropout,test_seen,3046,val:2010_004314:part_0,2010_004314,aeroplane,body,body,0.5858995318412781,0.7388860583305359,0.15192465484142303,0.427658349275589,1.0,1.0,1.0
geometry_dropout,test_seen,3047,val:2010_004314:part_1,2010_004314,aeroplane,stern,stern,0.6153846383094788,0.761904776096344,0.21320754289627075,0.21063335239887238,1.0,1.0,0.99951171875
geometry_dropout,test_seen,3048,val:2010_004314:part_2,2010_004314,aeroplane,wing,wing,0.5095447897911072,0.6750972867012024,0.18593749403953552,0.1127251610159874,0.7890625,1.0,0.0002472400665283203
geometry_dropout,test_seen,3049,val:2010_004314:part_5,2010_004314,aeroplane,wheel,wheel,0.11728394776582718,0.20994475483894348,0.7956989407539368,0.025566531345248222,1.0,1.0,0.9970703125
geometry_dropout,test_seen,3050,val:2010_004320:part_43,2010_004320,cat,head,head,0.7296803593635559,0.8437169790267944,0.047596681863069534,0.36579450964927673,1.0,1.0,1.0
geometry_dropout,test_seen,3051,val:2010_004320:part_44,2010_004320,cat,eye,eye,0.5383023023605347,0.6998654007911682,0.0,0.0199176836758852,0.5927734375,0.99951171875,0.00018668174743652344
geometry_dropout,test_seen,3052,val:2010_004320:part_45,2010_004320,cat,torso,torso,0.662114679813385,0.7967135906219482,0.1500331312417984,0.3847567141056061,1.0,1.0,1.0
geometry_dropout,test_seen,3053,val:2010_004320:part_48,2010_004320,cat,nose,nose,0.3218390941619873,0.48695650696754456,0.0,0.005365279968827963,0.08404541015625,0.99853515625,5.364418029785156e-07
geometry_dropout,test_seen,3054,val:2010_004320:part_50,2010_004320,cat,ear,ear,0.7301136255264282,0.8440065383911133,0.11422976851463318,0.17764221131801605,0.0033893585205078125,0.998046875,0.0
geometry_dropout,test_seen,3055,val:2010_004322:part_52,2010_004322,cow,head,head,0.6061885356903076,0.7548161745071411,0.028656376525759697,0.46573957800865173,1.0,1.0,1.0
geometry_dropout,test_seen,3056,val:2010_004322:part_54,2010_004322,cow,torso,torso,0.5805096626281738,0.7345854043960571,0.08720847964286804,0.20272351801395416,1.0,1.0,1.0
geometry_dropout,test_seen,3057,val:2010_004322:part_57,2010_004322,cow,ear,ear,0.6264550089836121,0.7703317999839783,0.05622977390885353,0.102925606071949,0.0033893585205078125,0.998046875,0.0
geometry_dropout,test_seen,3058,val:2010_004322:part_58,2010_004322,cow,muzzle,muzzle,0.8083875775337219,0.8940423727035522,0.013590313494205475,0.1662977635860443,0.95166015625,1.0,0.0015668869018554688
geometry_dropout,test_seen,3059,val:2010_004322:part_59,2010_004322,cow,horn,horn,0.18586641550064087,0.31346938014030457,0.056840453296899796,0.05408526584506035,0.64208984375,1.0,8.821487426757812e-06
geometry_dropout,test_seen,3060,val:2010_004348:part_25,2010_004348,bus,side,side,0.16612710058689117,0.2849210798740387,0.12301968038082123,0.1569698601961136,1.0,1.0,0.99755859375
geometry_dropout,test_seen,3061,val:2010_004348:part_26,2010_004348,bus,back,back,0.5642144083976746,0.7214028835296631,0.032253459095954895,0.5142776966094971,1.0,1.0,1.0
geometry_dropout,test_seen,3062,val:2010_004348:part_31,2010_004348,bus,window,window,0.3773496150970459,0.5479358434677124,0.0689307302236557,0.16023655235767365,0.99951171875,1.0,0.99365234375
geometry_dropout,test_seen,3063,val:2010_004369:part_43,2010_004369,cat,head,head,0.7530949115753174,0.8591604828834534,0.03838174417614937,0.2912595868110657,1.0,1.0,1.0
geometry_dropout,test_seen,3064,val:2010_004369:part_44,2010_004369,cat,eye,eye,0.03557910770177841,0.06871344894170761,0.0,0.0025415895506739616,0.5927734375,0.99951171875,0.00018668174743652344
geometry_dropout,test_seen,3065,val:2010_004369:part_45,2010_004369,cat,torso,torso,0.5227611660957336,0.6865963935852051,0.03528028354048729,0.15150514245033264,1.0,1.0,1.0
geometry_dropout,test_seen,3066,val:2010_004369:part_46,2010_004369,cat,neck,neck,0.19315895438194275,0.3237774074077606,0.0,0.025613943114876747,1.0,1.0,1.0
geometry_dropout,test_seen,3067,val:2010_004369:part_47,2010_004369,cat,leg,leg,0.6908723711967468,0.8171786069869995,0.031779807060956955,0.3476366400718689,1.0,1.0,1.0
geometry_dropout,test_seen,3068,val:2010_004369:part_48,2010_004369,cat,nose,nose,0.08380797505378723,0.15465465188026428,0.0,0.023006336763501167,0.08404541015625,0.99853515625,5.364418029785156e-07
geometry_dropout,test_seen,3069,val:2010_004369:part_49,2010_004369,cat,paw,paw,0.2785305976867676,0.43570423126220703,0.02710559405386448,0.118662528693676,0.9912109375,1.0,0.0014209747314453125
geometry_dropout,test_seen,3070,val:2010_004369:part_50,2010_004369,cat,ear,ear,0.6063569784164429,0.7549467086791992,0.1739606112241745,0.0348890945315361,0.0033893585205078125,0.998046875,0.0
geometry_dropout,test_seen,3071,val:2010_004382:part_97,2010_004382,pottedplant,pot,pot,0.4830220639705658,0.6514024138450623,0.02648475207388401,0.2954960763454437,1.0,1.0,0.9990234375
geometry_dropout,test_seen,3072,val:2010_004382:part_98,2010_004382,pottedplant,plant,plant,0.4274880886077881,0.5989375114440918,0.30607062578201294,0.6931097507476807,1.0,1.0,1.0
geometry_dropout,test_seen,3073,val:2010_004419:part_0,2010_004419,aeroplane,body,body,0.6540374159812927,0.7908375263214111,0.1618678867816925,0.5036199688911438,1.0,1.0,1.0
geometry_dropout,test_seen,3074,val:2010_004419:part_1,2010_004419,aeroplane,stern,stern,0.6798856854438782,0.8094428181648254,0.2663707137107849,0.35299310088157654,1.0,1.0,0.99951171875
geometry_dropout,test_seen,3075,val:2010_004419:part_2,2010_004419,aeroplane,wing,wing,0.24264121055603027,0.3905249536037445,0.008149959146976471,0.05915592610836029,0.7890625,1.0,0.0002472400665283203
geometry_dropout,test_seen,3076,val:2010_004419:part_4,2010_004419,aeroplane,engine,engine,0.6059113144874573,0.754601240158081,0.033670034259557724,0.06780858337879181,1.0,1.0,0.99365234375
geometry_dropout,test_seen,3077,val:2010_004419:part_5,2010_004419,aeroplane,wheel,wheel,0.04285714402794838,0.08219178020954132,0.4748201370239258,0.0024721878580749035,1.0,1.0,0.9970703125
geometry_dropout,test_seen,3078,val:2010_004432:part_83,2010_004432,person,head,head,0.615104615688324,0.7616901397705078,0.07225433737039566,0.14227798581123352,1.0,1.0,1.0
geometry_dropout,test_seen,3079,val:2010_004432:part_84,2010_004432,person,eye,eye,0.13846154510974884,0.2432432472705841,0.0,0.0038610037881881,0.5927734375,0.99951171875,0.00018668174743652344
geometry_dropout,test_seen,3080,val:2010_004432:part_85,2010_004432,person,torso,torso,0.4503397047519684,0.6210126876831055,0.11604219675064087,0.3347490429878235,1.0,1.0,1.0
geometry_dropout,test_seen,3081,val:2010_004432:part_86,2010_004432,person,neck,neck,0.4738292098045349,0.6429906487464905,0.0,0.04150579124689102,1.0,1.0,1.0
geometry_dropout,test_seen,3082,val:2010_004432:part_89,2010_004432,person,nose,nose,0.2133333384990692,0.35164836049079895,0.0,0.011969111859798431,0.08404541015625,0.99853515625,5.364418029785156e-07
geometry_dropout,test_seen,3083,val:2010_004432:part_90,2010_004432,person,ear,ear,0.14418604969978333,0.2520325183868408,0.07425742596387863,0.008494208566844463,0.0033893585205078125,0.998046875,0.0
geometry_dropout,test_seen,3084,val:2010_004432:part_91,2010_004432,person,eyebrow,eyebrow,0.1796875,0.30463576316833496,0.0,0.006563706789165735,9.763240814208984e-05,0.09027099609375,0.0
geometry_dropout,test_seen,3085,val:2010_004432:part_92,2010_004432,person,mouth,mouth,0.35789474844932556,0.5271317958831787,0.0,0.009652509354054928,1.0,1.0,0.9970703125
geometry_dropout,test_seen,3086,val:2010_004432:part_93,2010_004432,person,hair,hair,0.1423785537481308,0.2492668628692627,0.42211055755615234,0.016409266740083694,1.0,1.0,0.998046875
geometry_dropout,test_seen,3087,val:2010_004432:part_94,2010_004432,person,lower arm,lower arm,0.15600350499153137,0.26990145444869995,0.27962085604667664,0.09169884026050568,0.99462890625,1.0,0.02752685546875
geometry_dropout,test_seen,3088,val:2010_004432:part_95,2010_004432,person,upper arm,upper arm,0.5835598111152649,0.7370227575302124,0.04011741653084755,0.2527027130126953,0.958984375,1.0,0.0012845993041992188
geometry_dropout,test_seen,3089,val:2010_004432:part_96,2010_004432,person,hand,hand,0.07999999821186066,0.14814814925193787,0.2834782600402832,0.008880308829247952,1.0,1.0,0.99853515625
geometry_dropout,test_seen,3090,val:2010_004472:part_83,2010_004472,person,head,head,0.4397260248661041,0.6108468174934387,0.11519434303045273,0.07063540816307068,1.0,1.0,1.0
geometry_dropout,test_seen,3091,val:2010_004472:part_85,2010_004472,person,torso,torso,0.45203250646591187,0.6226204037666321,0.07255520671606064,0.24563026428222656,1.0,1.0,1.0
geometry_dropout,test_seen,3092,val:2010_004472:part_86,2010_004472,person,neck,neck,0.5939086079597473,0.7452229261398315,0.0,0.030536705628037453,1.0,1.0,1.0
geometry_dropout,test_seen,3093,val:2010_004472:part_89,2010_004472,person,nose,nose,0.23199999332427979,0.37662336230278015,0.4137931168079376,0.003907053265720606,0.08404541015625,0.99853515625,5.364418029785156e-07
geometry_dropout,test_seen,3094,val:2010_004472:part_90,2010_004472,person,ear,ear,0.31683167815208435,0.48120301961898804,0.0,0.008328192867338657,0.0033893585205078125,0.998046875,0.0
geometry_dropout,test_seen,3095,val:2010_004472:part_92,2010_004472,person,mouth,mouth,0.0,0.0,0.0,0.001953526632860303,1.0,1.0,0.9970703125
geometry_dropout,test_seen,3096,val:2010_004472:part_93,2010_004472,person,hair,hair,0.6626311540603638,0.7970873713493347,0.03417085483670235,0.10950031131505966,1.0,1.0,0.998046875
geometry_dropout,test_seen,3097,val:2010_004472:part_94,2010_004472,person,lower arm,lower arm,0.356399804353714,0.5255085229873657,0.15343914926052094,0.13345670700073242,0.99462890625,1.0,0.02752685546875
geometry_dropout,test_seen,3098,val:2010_004472:part_95,2010_004472,person,upper arm,upper arm,0.6885923147201538,0.8155815005302429,0.0074203405529260635,0.31081637740135193,0.958984375,1.0,0.0012845993041992188
geometry_dropout,test_seen,3099,val:2010_004472:part_96,2010_004472,person,hand,hand,0.3483709394931793,0.5167286396026611,0.4694656431674957,0.02981698513031006,1.0,1.0,0.99853515625
geometry_dropout,test_seen,3100,val:2010_004479:part_43,2010_004479,cat,head,head,0.6015452742576599,0.7512060403823853,0.17132867872714996,0.2254752814769745,1.0,1.0,1.0
geometry_dropout,test_seen,3101,val:2010_004479:part_44,2010_004479,cat,eye,eye,0.0,0.0,1.0,0.01596958190202713,0.5927734375,0.99951171875,0.00018668174743652344
geometry_dropout,test_seen,3102,val:2010_004479:part_45,2010_004479,cat,torso,torso,0.6544696688652039,0.7911534309387207,0.12089481204748154,0.55931556224823,1.0,1.0,1.0
geometry_dropout,test_seen,3103,val:2010_004479:part_46,2010_004479,cat,neck,neck,0.016483517363667488,0.0324324332177639,0.13636364042758942,0.028517110273241997,1.0,1.0,1.0
geometry_dropout,test_seen,3104,val:2010_004479:part_47,2010_004479,cat,leg,leg,0.19087837636470795,0.32056736946105957,0.24699828028678894,0.04638783261179924,1.0,1.0,1.0
geometry_dropout,test_seen,3105,val:2010_004479:part_48,2010_004479,cat,nose,nose,0.0,0.0,0.0476190485060215,0.0019011406693607569,0.08404541015625,0.99853515625,5.364418029785156e-07
geometry_dropout,test_seen,3106,val:2010_004479:part_50,2010_004479,cat,ear,ear,0.060070671141147614,0.1133333370089531,0.8633093237876892,0.06121673062443733,0.0033893585205078125,0.998046875,0.0
geometry_dropout,test_seen,3107,val:2010_004519:part_71,2010_004519,horse,head,head,0.571224570274353,0.7271074652671814,0.03620564937591553,0.14601336419582367,1.0,1.0,1.0
geometry_dropout,test_seen,3108,val:2010_004519:part_72,2010_004519,horse,eye,eye,0.08196721225976944,0.1515151560306549,0.0,0.002048997674137354,0.5927734375,0.99951171875,0.00018668174743652344
geometry_dropout,test_seen,3109,val:2010_004519:part_73,2010_004519,horse,torso,torso,0.5906213521957397,0.7426297664642334,0.06726516038179398,0.41220489144325256,1.0,1.0,1.0
geometry_dropout,test_seen,3110,val:2010_004519:part_74,2010_004519,horse,neck,neck,0.7124366760253906,0.8320736289024353,0.0211744774132967,0.22663697600364685,1.0,1.0,1.0
geometry_dropout,test_seen,3111,val:2010_004519:part_75,2010_004519,horse,leg,leg,0.4006756842136383,0.5721176862716675,0.26579520106315613,0.062004454433918,1.0,1.0,1.0
geometry_dropout,test_seen,3112,val:2010_004519:part_76,2010_004519,horse,ear,ear,0.41165757179260254,0.5832257866859436,0.054054055362939835,0.022895323112607002,0.0033893585205078125,0.998046875,0.0
geometry_dropout,test_seen,3113,val:2010_004519:part_77,2010_004519,horse,muzzle,muzzle,0.7530487775802612,0.8591304421424866,0.11664392799139023,0.1255233883857727,0.95166015625,1.0,0.0015668869018554688
geometry_dropout,test_seen,3114,val:2010_004520:part_20,2010_004520,bottle,body,body,0.8825961351394653,0.9376372694969177,0.06510129570960999,0.9660181403160095,1.0,1.0,1.0
geometry_dropout,test_seen,3115,val:2010_004520:part_21,2010_004520,bottle,cap,cap,0.6159090995788574,0.7623066306114197,0.03990025073289871,0.027291133999824524,1.0,1.0,0.99853515625
geometry_dropout,test_seen,3116,val:2010_004529:part_20,2010_004529,bottle,body,body,0.8312739729881287,0.9078640937805176,0.08192121237516403,0.8904740214347839,1.0,1.0,1.0
geometry_dropout,test_seen,3117,val:2010_004529:part_21,2010_004529,bottle,cap,cap,0.34768906235694885,0.5159781575202942,0.0,0.10694225877523422,1.0,1.0,0.99853515625
geometry_dropout,test_seen,3118,val:2010_004551:part_20,2010_004551,bottle,body,body,0.8353291153907776,0.9102771878242493,0.10176435858011246,0.9359044432640076,1.0,1.0,1.0
geometry_dropout,test_seen,3119,val:2010_004551:part_21,2010_004551,bottle,cap,cap,0.8038961291313171,0.891288697719574,0.08776978403329849,0.06327497959136963,1.0,1.0,0.99853515625
geometry_dropout,test_seen,3120,val:2010_004635:part_51,2010_004635,cow,tail,tail,0.0,0.0,0.0,0.0033319450449198484,0.9697265625,1.0,0.0005617141723632812
geometry_dropout,test_seen,3121,val:2010_004635:part_52,2010_004635,cow,head,head,0.5735849142074585,0.7290167808532715,0.16475096344947815,0.06497292965650558,1.0,1.0,1.0
geometry_dropout,test_seen,3122,val:2010_004635:part_53,2010_004635,cow,eye,eye,0.0,0.0,0.0,0.0020824656821787357,0.5927734375,0.99951171875,0.00018668174743652344
geometry_dropout,test_seen,3123,val:2010_004635:part_54,2010_004635,cow,torso,torso,0.8134831190109253,0.897149920463562,0.10501012206077576,0.6895043849945068,1.0,1.0,1.0
geometry_dropout,test_seen,3124,val:2010_004635:part_56,2010_004635,cow,leg,leg,0.38734176754951477,0.5583941340446472,0.45851805806159973,0.12765514850616455,1.0,1.0,1.0
geometry_dropout,test_seen,3125,val:2010_004635:part_57,2010_004635,cow,ear,ear,0.333984375,0.5007320642471313,0.23265306651592255,0.040191587060689926,0.0033893585205078125,0.998046875,0.0
geometry_dropout,test_seen,3126,val:2010_004635:part_58,2010_004635,cow,muzzle,muzzle,0.761904776096344,0.8648648858070374,0.05917159840464592,0.06059975177049637,0.95166015625,1.0,0.0015668869018554688
geometry_dropout,test_seen,3127,val:2010_004635:part_59,2010_004635,cow,horn,horn,0.05787036940455437,0.10940919071435928,0.19489559531211853,0.0054144104942679405,0.64208984375,1.0,8.821487426757812e-06
geometry_dropout,test_seen,3128,val:2010_004757:part_97,2010_004757,pottedplant,pot,pot,0.5300970673561096,0.692893385887146,0.08051948249340057,0.047200750559568405,1.0,1.0,0.9990234375
geometry_dropout,test_seen,3129,val:2010_004757:part_98,2010_004757,pottedplant,plant,plant,0.6586402058601379,0.7941929697990417,0.2714032232761383,0.939915657043457,1.0,1.0,1.0
geometry_dropout,test_seen,3130,val:2010_004789:part_51,2010_004789,cow,tail,tail,0.07623318582773209,0.14166666567325592,0.8697916865348816,0.0069777583703398705,0.9697265625,1.0,0.0005617141723632812
geometry_dropout,test_seen,3131,val:2010_004789:part_52,2010_004789,cow,head,head,0.4294605851173401,0.6008708477020264,0.22663801908493042,0.06498037278652191,1.0,1.0,1.0
geometry_dropout,test_seen,3132,val:2010_004789:part_53,2010_004789,cow,eye,eye,0.0,0.0,0.0,0.0008722197962924838,0.5927734375,0.99951171875,0.00018668174743652344
geometry_dropout,test_seen,3133,val:2010_004789:part_54,2010_004789,cow,torso,torso,0.7487120032310486,0.8563010692596436,0.1393209546804428,0.660415768623352,1.0,1.0,1.0
geometry_dropout,test_seen,3134,val:2010_004789:part_55,2010_004789,cow,neck,neck,0.2037735879421234,0.33855798840522766,0.13034188747406006,0.02471289411187172,1.0,1.0,1.0
geometry_dropout,test_seen,3135,val:2010_004789:part_56,2010_004789,cow,leg,leg,0.3860113322734833,0.5570103526115417,0.5273246169090271,0.17647914588451385,1.0,1.0,1.0
geometry_dropout,test_seen,3136,val:2010_004789:part_57,2010_004789,cow,ear,ear,0.01550387591123581,0.030534351244568825,0.9672130942344666,0.010175897739827633,0.0033893585205078125,0.998046875,0.0
geometry_dropout,test_seen,3137,val:2010_004789:part_58,2010_004789,cow,muzzle,muzzle,0.3840909004211426,0.5550082325935364,0.5340909361839294,0.02456752397119999,0.95166015625,1.0,0.0015668869018554688
geometry_dropout,test_seen,3138,val:2010_004789:part_59,2010_004789,cow,horn,horn,0.0,0.0,0.9666666388511658,0.001453699660487473,0.64208984375,1.0,8.821487426757812e-06
geometry_dropout,test_seen,3139,val:2010_004815:part_43,2010_004815,cat,head,head,0.5155601501464844,0.6803559064865112,0.17826618254184723,0.11638868600130081,1.0,1.0,1.0
geometry_dropout,test_seen,3140,val:2010_004815:part_45,2010_004815,cat,torso,torso,0.7979402542114258,0.887615978717804,0.105046346783638,0.7023205161094666,1.0,1.0,1.0
geometry_dropout,test_seen,3141,val:2010_004815:part_47,2010_004815,cat,leg,leg,0.22064298391342163,0.3615192770957947,0.16311337053775787,0.1182015985250473,1.0,1.0,1.0
geometry_dropout,test_seen,3142,val:2010_004815:part_48,2010_004815,cat,nose,nose,0.0,0.0,0.0,0.0005438723601400852,0.08404541015625,0.99853515625,5.364418029785156e-07
geometry_dropout,test_seen,3143,val:2010_004815:part_49,2010_004815,cat,paw,paw,0.14558473229408264,0.2541666626930237,0.48538753390312195,0.03136330842971802,0.9912109375,1.0,0.0014209747314453125
geometry_dropout,test_seen,3144,val:2010_004815:part_50,2010_004815,cat,ear,ear,0.4680851101875305,0.6376811861991882,0.05396825447678566,0.030456852167844772,0.0033893585205078125,0.998046875,0.0
geometry_dropout,test_seen,3145,val:2010_004825:part_97,2010_004825,pottedplant,pot,pot,0.022727273404598236,0.04444444552063942,0.6666666865348816,0.15849056839942932,1.0,1.0,0.9990234375
geometry_dropout,test_seen,3146,val:2010_004825:part_98,2010_004825,pottedplant,plant,plant,0.06788511574268341,0.1271393597126007,0.6608186960220337,0.44905659556388855,1.0,1.0,1.0
geometry_dropout,test_seen,3147,val:2010_004828:part_20,2010_004828,bottle,body,body,0.2587657868862152,0.4111420512199402,0.19645152986049652,0.4056399166584015,1.0,1.0,1.0
geometry_dropout,test_seen,3148,val:2010_004828:part_21,2010_004828,bottle,cap,cap,0.07407407462596893,0.13793103396892548,0.0,0.009219088591635227,1.0,1.0,0.99853515625
geometry_dropout,test_seen,3149,val:2010_004856:part_71,2010_004856,horse,head,head,0.5831847190856934,0.7367235422134399,0.11797162145376205,0.15172326564788818,1.0,1.0,1.0
geometry_dropout,test_seen,3150,val:2010_004856:part_72,2010_004856,horse,eye,eye,0.0,0.0,0.006211180239915848,0.0006930880481377244,0.5927734375,0.99951171875,0.00018668174743652344
geometry_dropout,test_seen,3151,val:2010_004856:part_73,2010_004856,horse,torso,torso,0.3055112659931183,0.4680331349372864,0.07531792670488358,0.2248125523328781,1.0,1.0,1.0
geometry_dropout,test_seen,3152,val:2010_004856:part_74,2010_004856,horse,neck,neck,0.6258940100669861,0.7699074745178223,0.04265540838241577,0.5412387251853943,1.0,1.0,1.0
geometry_dropout,test_seen,3153,val:2010_004856:part_76,2010_004856,horse,ear,ear,0.3280632495880127,0.494047611951828,0.46666666865348816,0.014932896941900253,0.0033893585205078125,0.998046875,0.0
geometry_dropout,test_seen,3154,val:2010_004856:part_77,2010_004856,horse,muzzle,muzzle,0.3551952838897705,0.5241979360580444,0.16995899379253387,0.06269296258687973,0.95166015625,1.0,0.0015668869018554688
geometry_dropout,test_seen,3155,val:2010_004857:part_115,2010_004857,tvmonitor,screen,screen,0.07600680738687515,0.14127570390701294,0.22949852049350739,0.07464893162250519,1.0,1.0,1.0
geometry_dropout,test_seen,3156,val:2010_004861:part_42,2010_004861,cat,tail,tail,0.6658653616905212,0.7994228005409241,0.27835050225257874,0.06616769731044769,0.9697265625,1.0,0.0005617141723632812
geometry_dropout,test_seen,3157,val:2010_004861:part_43,2010_004861,cat,head,head,0.644393801689148,0.7837463617324829,0.02618866041302681,0.2781212627887726,1.0,1.0,1.0
geometry_dropout,test_seen,3158,val:2010_004861:part_44,2010_004861,cat,eye,eye,0.3207547068595886,0.48571428656578064,0.0,0.009328560903668404,0.5927734375,0.99951171875,0.00018668174743652344
geometry_dropout,test_seen,3159,val:2010_004861:part_45,2010_004861,cat,torso,torso,0.7246202230453491,0.8403244018554688,0.04286489263176918,0.37596267461776733,1.0,1.0,1.0
geometry_dropout,test_seen,3160,val:2010_004861:part_47,2010_004861,cat,leg,leg,0.17440000176429749,0.29700273275375366,0.011541632004082203,0.027660267427563667,1.0,1.0,1.0
geometry_dropout,test_seen,3161,val:2010_004861:part_48,2010_004861,cat,nose,nose,0.0,0.0,0.0,0.0029287340585142374,0.08404541015625,0.99853515625,5.364418029785156e-07
geometry_dropout,test_seen,3162,val:2010_004861:part_49,2010_004861,cat,paw,paw,0.4808043837547302,0.6493827104568481,0.159514918923378,0.05944245681166649,0.9912109375,1.0,0.0014209747314453125
geometry_dropout,test_seen,3163,val:2010_004861:part_50,2010_004861,cat,ear,ear,0.6865965723991394,0.8141799569129944,0.21354933083057404,0.13114219903945923,0.0033893585205078125,0.998046875,0.0
geometry_dropout,test_seen,3164,val:2010_004951:part_83,2010_004951,person,head,head,0.0,0.0,0.0,0.13656388223171234,1.0,1.0,1.0
geometry_dropout,test_seen,3165,val:2010_004951:part_85,2010_004951,person,torso,torso,0.0,0.0,1.0,0.25550660490989685,1.0,1.0,1.0
geometry_dropout,test_seen,3166,val:2010_004951:part_90,2010_004951,person,ear,ear,0.0,0.0,0.0,0.039647575467824936,0.0033893585205078125,0.998046875,0.0
geometry_dropout,test_seen,3167,val:2010_004951:part_94,2010_004951,person,lower arm,lower arm,0.0,0.0,0.0,0.1629955917596817,0.99462890625,1.0,0.02752685546875
geometry_dropout,test_seen,3168,val:2010_004951:part_95,2010_004951,person,upper arm,upper arm,0.0,0.0,0.0,0.30837005376815796,0.958984375,1.0,0.0012845993041992188
geometry_dropout,test_seen,3169,val:2010_004951:part_96,2010_004951,person,hand,hand,0.0,0.0,0.0,0.07048457860946655,1.0,1.0,0.99853515625
geometry_dropout,test_seen,3170,val:2010_004951:part_109,2010_004951,train,head,head,0.0,0.0,0.0,0.0001373136037727818,1.0,1.0,1.0
geometry_dropout,test_seen,3171,val:2010_004980:part_108,2010_004980,train,headlight,headlight,0.0,0.0,0.0,0.005668016150593758,1.0,1.0,0.99755859375
geometry_dropout,test_seen,3172,val:2010_004980:part_109,2010_004980,train,head,head,0.14879649877548218,0.25904762744903564,0.1391129046678543,0.11214575171470642,1.0,1.0,1.0
geometry_dropout,test_seen,3173,val:2010_004980:part_110,2010_004980,train,front,front,0.7946047186851501,0.88554847240448,0.03956228867173195,0.6386639475822449,1.0,1.0,1.0
geometry_dropout,test_seen,3174,val:2010_004980:part_111,2010_004980,train,side,side,0.7054794430732727,0.827309250831604,0.05723472684621811,0.2396761178970337,1.0,1.0,0.99755859375
geometry_dropout,test_seen,3175,val:2010_004980:part_114,2010_004980,train,coach,coach,0.0,0.0,0.012113870121538639,0.0004048582923132926,1.0,1.0,1.0
geometry_dropout,test_seen,3176,val:2010_005021:part_43,2010_005021,cat,head,head,0.6974632143974304,0.8217712044715881,0.0985424593091011,0.13462567329406738,1.0,1.0,1.0
geometry_dropout,test_seen,3177,val:2010_005021:part_44,2010_005021,cat,eye,eye,0.09569378197193146,0.17467248439788818,0.0,0.005649045575410128,0.5927734375,0.99951171875,0.00018668174743652344
geometry_dropout,test_seen,3178,val:2010_005021:part_45,2010_005021,cat,torso,torso,0.7842639684677124,0.8790895938873291,0.06106331944465637,0.661592423915863,1.0,1.0,1.0
geometry_dropout,test_seen,3179,val:2010_005021:part_46,2010_005021,cat,neck,neck,0.18166384100914001,0.30747127532958984,0.0,0.034726765006780624,1.0,1.0,1.0
geometry_dropout,test_seen,3180,val:2010_005021:part_47,2010_005021,cat,leg,leg,0.7921182513237,0.8840022087097168,0.00720221595838666,0.10899684578180313,1.0,1.0,1.0
geometry_dropout,test_seen,3181,val:2010_005021:part_48,2010_005021,cat,nose,nose,0.0,0.0,0.0,0.001962300157174468,0.08404541015625,0.99853515625,5.364418029785156e-07
geometry_dropout,test_seen,3182,val:2010_005021:part_50,2010_005021,cat,ear,ear,0.392380952835083,0.5636115074157715,0.25641027092933655,0.028958791866898537,0.0033893585205078125,0.998046875,0.0
geometry_dropout,test_seen,3183,val:2010_005046:part_83,2010_005046,person,head,head,0.49219968914985657,0.6596968173980713,0.011632570996880531,0.06852766126394272,1.0,1.0,1.0
geometry_dropout,test_seen,3184,val:2010_005046:part_84,2010_005046,person,eye,eye,0.09160305559635162,0.1678321659564972,0.0,0.0017478922381997108,0.5927734375,0.99951171875,0.00018668174743652344
geometry_dropout,test_seen,3185,val:2010_005046:part_85,2010_005046,person,torso,torso,0.40426570177078247,0.5757681131362915,0.07211660593748093,0.1867160201072693,1.0,1.0,1.0
geometry_dropout,test_seen,3186,val:2010_005046:part_86,2010_005046,person,neck,neck,0.19345524907112122,0.32419353723526,0.0,0.01120707392692566,1.0,1.0,1.0
geometry_dropout,test_seen,3187,val:2010_005046:part_89,2010_005046,person,nose,nose,0.2607142925262451,0.4135977327823639,0.0,0.003958461806178093,0.08404541015625,0.99853515625,5.364418029785156e-07
geometry_dropout,test_seen,3188,val:2010_005046:part_90,2010_005046,person,ear,ear,0.3448275923728943,0.5128205418586731,0.2292993664741516,0.003958461806178093,0.0033893585205078125,0.998046875,0.0
geometry_dropout,test_seen,3189,val:2010_005046:part_91,2010_005046,person,eyebrow,eyebrow,0.028409091755747795,0.05524861812591553,0.0,0.0016450750408694148,9.763240814208984e-05,0.09027099609375,0.0
geometry_dropout,test_seen,3190,val:2010_005046:part_92,2010_005046,person,mouth,mouth,0.3252427279949188,0.4908424913883209,0.0,0.0034957844763994217,1.0,1.0,0.9970703125
geometry_dropout,test_seen,3191,val:2010_005046:part_93,2010_005046,person,hair,hair,0.23103316128253937,0.37534841895103455,0.09224805980920792,0.033364176750183105,1.0,1.0,0.998046875
geometry_dropout,test_seen,3192,val:2010_005046:part_94,2010_005046,person,lower arm,lower arm,0.5407945513725281,0.7019683718681335,0.0477009043097496,0.06580299884080887,0.99462890625,1.0,0.02752685546875
geometry_dropout,test_seen,3193,val:2010_005046:part_95,2010_005046,person,upper arm,upper arm,0.4966636896133423,0.663694441318512,0.04051647335290909,0.11500103026628494,0.958984375,1.0,0.0012845993041992188
geometry_dropout,test_seen,3194,val:2010_005046:part_96,2010_005046,person,hand,hand,0.3956044018268585,0.5669291615486145,0.2787136435508728,0.04945506900548935,1.0,1.0,0.99853515625
geometry_dropout,test_seen,3195,val:2010_005063:part_22,2010_005063,bus,wheel,wheel,0.0,0.0,0.5889328122138977,0.003475370118394494,1.0,1.0,0.9970703125
geometry_dropout,test_seen,3196,val:2010_005063:part_23,2010_005063,bus,headlight,headlight,0.0,0.0,0.0,0.0006044122274033725,1.0,1.0,0.99755859375
geometry_dropout,test_seen,3197,val:2010_005063:part_24,2010_005063,bus,front,front,0.0,0.0,0.08008542656898499,0.0036264732480049133,1.0,1.0,1.0
geometry_dropout,test_seen,3198,val:2010_005063:part_25,2010_005063,bus,side,side,0.17441414296627045,0.2970232367515564,0.15452362596988678,0.0844666063785553,1.0,1.0,0.99755859375
geometry_dropout,test_seen,3199,val:2010_005063:part_31,2010_005063,bus,window,window,0.1422150880098343,0.24901629984378815,0.05609598010778427,0.07162284851074219,0.99951171875,1.0,0.99365234375
geometry_dropout,test_seen,3200,val:2010_005108:part_43,2010_005108,cat,head,head,0.7918514609336853,0.8838360905647278,0.04196266457438469,0.2982122004032135,1.0,1.0,1.0
geometry_dropout,test_seen,3201,val:2010_005108:part_44,2010_005108,cat,eye,eye,0.5042253732681274,0.670412003993988,0.0,0.011365731246769428,0.5927734375,0.99951171875,0.00018668174743652344
geometry_dropout,test_seen,3202,val:2010_005108:part_45,2010_005108,cat,torso,torso,0.3339122533798218,0.5006510019302368,0.05776636675000191,0.22651594877243042,1.0,1.0,1.0
geometry_dropout,test_seen,3203,val:2010_005108:part_48,2010_005108,cat,nose,nose,0.4566929042339325,0.6270270347595215,0.0,0.0045462921261787415,0.08404541015625,0.99853515625,5.364418029785156e-07
geometry_dropout,test_seen,3204,val:2010_005108:part_50,2010_005108,cat,ear,ear,0.6326647400856018,0.7750087976455688,0.20808561146259308,0.07169625908136368,0.0033893585205078125,0.998046875,0.0
geometry_dropout,test_seen,3205,val:2010_005118:part_22,2010_005118,bus,wheel,wheel,0.0,0.0,1.0,0.0037338200490921736,1.0,1.0,0.9970703125
geometry_dropout,test_seen,3206,val:2010_005118:part_23,2010_005118,bus,headlight,headlight,0.07999999821186066,0.14814814925193787,0.0,0.007052771281450987,1.0,1.0,0.99755859375
geometry_dropout,test_seen,3207,val:2010_005118:part_24,2010_005118,bus,front,front,0.66111820936203,0.7959917783737183,0.08218874782323837,0.2713242471218109,1.0,1.0,1.0
geometry_dropout,test_seen,3208,val:2010_005118:part_25,2010_005118,bus,side,side,0.3812355101108551,0.5520210266113281,0.14442956447601318,0.23249253630638123,1.0,1.0,0.99755859375
geometry_dropout,test_seen,3209,val:2010_005118:part_28,2010_005118,bus,mirror,mirror,0.07391304522752762,0.13765181601047516,0.16699029505252838,0.03924659639596939,0.05572509765625,0.9814453125,4.112720489501953e-06
geometry_dropout,test_seen,3210,val:2010_005118:part_30,2010_005118,bus,door,door,0.3969891369342804,0.5683496594429016,0.034751541912555695,0.16030533611774445,0.204833984375,0.9970703125,2.777576446533203e-05
geometry_dropout,test_seen,3211,val:2010_005118:part_31,2010_005118,bus,window,window,0.6074783802032471,0.755815327167511,0.019249094650149345,0.2744772732257843,0.99951171875,1.0,0.99365234375
geometry_dropout,test_seen,3212,val:2010_005160:part_25,2010_005160,bus,side,side,0.27088701725006104,0.4262959659099579,0.0885978415608406,0.3267251253128052,1.0,1.0,0.99755859375
geometry_dropout,test_seen,3213,val:2010_005160:part_31,2010_005160,bus,window,window,0.0,0.0,1.0,0.6694624423980713,0.99951171875,1.0,0.99365234375
geometry_dropout,test_seen,3214,val:2010_005166:part_52,2010_005166,cow,head,head,0.2837528586387634,0.4420677423477173,0.15228426456451416,0.09720605611801147,1.0,1.0,1.0
geometry_dropout,test_seen,3215,val:2010_005166:part_53,2010_005166,cow,eye,eye,0.0,0.0,0.0,0.0023282887414097786,0.5927734375,0.99951171875,0.00018668174743652344
geometry_dropout,test_seen,3216,val:2010_005166:part_54,2010_005166,cow,torso,torso,0.4618369936943054,0.6318584084510803,0.1518438160419464,0.5104773044586182,1.0,1.0,1.0
geometry_dropout,test_seen,3217,val:2010_005166:part_55,2010_005166,cow,neck,neck,0.1434262990951538,0.25087109208106995,0.0,0.06635622680187225,1.0,1.0,1.0
geometry_dropout,test_seen,3218,val:2010_005166:part_56,2010_005166,cow,leg,leg,0.09405405074357986,0.1719367653131485,0.3601756989955902,0.19150175154209137,1.0,1.0,1.0
geometry_dropout,test_seen,3219,val:2010_005166:part_57,2010_005166,cow,ear,ear,0.0,0.0,0.0,0.03667054697871208,0.0033893585205078125,0.998046875,0.0
geometry_dropout,test_seen,3220,val:2010_005166:part_58,2010_005166,cow,muzzle,muzzle,0.41860464215278625,0.5901639461517334,0.12094395607709885,0.08672875165939331,0.95166015625,1.0,0.0015668869018554688
geometry_dropout,test_seen,3221,val:2010_005174:part_71,2010_005174,horse,head,head,0.6308923959732056,0.7736775279045105,0.06456547975540161,0.15872903168201447,1.0,1.0,1.0
geometry_dropout,test_seen,3222,val:2010_005174:part_72,2010_005174,horse,eye,eye,0.23671497404575348,0.3828125,0.21256038546562195,0.003483082167804241,0.5927734375,0.99951171875,0.00018668174743652344
geometry_dropout,test_seen,3223,val:2010_005174:part_73,2010_005174,horse,torso,torso,0.5450131297111511,0.7055126428604126,0.09429856389760971,0.346886545419693,1.0,1.0,1.0
geometry_dropout,test_seen,3224,val:2010_005174:part_74,2010_005174,horse,neck,neck,0.8442167043685913,0.9155287146568298,0.08408138900995255,0.2101222574710846,1.0,1.0,1.0
geometry_dropout,test_seen,3225,val:2010_005174:part_75,2010_005174,horse,leg,leg,0.3548046350479126,0.5237724184989929,0.3770599961280823,0.07456639409065247,1.0,1.0,1.0
geometry_dropout,test_seen,3226,val:2010_005174:part_76,2010_005174,horse,ear,ear,0.4938875436782837,0.6612111330032349,0.2576361298561096,0.03333807364106178,0.0033893585205078125,0.998046875,0.0
geometry_dropout,test_seen,3227,val:2010_005174:part_77,2010_005174,horse,muzzle,muzzle,0.7885977625846863,0.8818055987358093,0.058446455746889114,0.1705288589000702,0.95166015625,1.0,0.0015668869018554688
geometry_dropout,test_seen,3228,val:2010_005180:part_115,2010_005180,tvmonitor,screen,screen,0.48876404762268066,0.6566037535667419,0.0,0.8022727370262146,1.0,1.0,1.0
geometry_dropout,test_seen,3229,val:2010_005187:part_97,2010_005187,pottedplant,pot,pot,0.22378753125667572,0.3657293915748596,0.2526136636734009,0.21536226570606232,1.0,1.0,0.9990234375
geometry_dropout,test_seen,3230,val:2010_005187:part_98,2010_005187,pottedplant,plant,plant,0.13785046339035034,0.24229979515075684,0.20099255442619324,0.015253313817083836,1.0,1.0,1.0
geometry_dropout,test_seen,3231,val:2010_005245:part_87,2010_005245,person,leg,leg,0.0,0.0,0.6460176706314087,0.0015748031437397003,1.0,1.0,1.0
geometry_dropout,test_seen,3232,val:2010_005284:part_22,2010_005284,bus,wheel,wheel,0.11314984411001205,0.2032967060804367,0.06722689419984818,0.009902546182274818,1.0,1.0,0.9970703125
geometry_dropout,test_seen,3233,val:2010_005284:part_23,2010_005284,bus,headlight,headlight,0.5157232880592346,0.680497944355011,0.0,0.010374096222221851,1.0,1.0,0.99755859375
geometry_dropout,test_seen,3234,val:2010_005284:part_24,2010_005284,bus,front,front,0.6693446040153503,0.801925003528595,0.09313204139471054,0.2509430944919586,1.0,1.0,1.0
geometry_dropout,test_seen,3235,val:2010_005284:part_25,2010_005284,bus,side,side,0.48931261897087097,0.6570985913276672,0.11457209289073944,0.2514932453632355,1.0,1.0,0.99755859375
geometry_dropout,test_seen,3236,val:2010_005284:part_28,2010_005284,bus,mirror,mirror,0.2712550461292267,0.42675158381462097,0.0,0.019097767770290375,0.05572509765625,0.9814453125,4.112720489501953e-06
geometry_dropout,test_seen,3237,val:2010_005284:part_30,2010_005284,bus,door,door,0.2815437912940979,0.4393822252750397,0.004004003945738077,0.04652624949812889,0.204833984375,0.9970703125,2.777576446533203e-05
geometry_dropout,test_seen,3238,val:2010_005284:part_31,2010_005284,bus,window,window,0.742536187171936,0.8522476553916931,0.08030254393815994,0.4015246629714966,0.99951171875,1.0,0.99365234375
geometry_dropout,test_seen,3239,val:2010_005305:part_97,2010_005305,pottedplant,pot,pot,0.0,0.0,0.0,0.5472155213356018,1.0,1.0,0.9990234375
geometry_dropout,test_seen,3240,val:2010_005305:part_98,2010_005305,pottedplant,plant,plant,0.0,0.0,0.0,0.4527845084667206,1.0,1.0,1.0
geometry_dropout,test_seen,3241,val:2010_005344:part_42,2010_005344,cat,tail,tail,0.39848557114601135,0.5698815584182739,0.1106870248913765,0.06707754731178284,0.9697265625,1.0,0.0005617141723632812
geometry_dropout,test_seen,3242,val:2010_005344:part_43,2010_005344,cat,head,head,0.7145931720733643,0.8335425853729248,0.06440996378660202,0.11105792224407196,1.0,1.0,1.0
geometry_dropout,test_seen,3243,val:2010_005344:part_44,2010_005344,cat,eye,eye,0.18131868541240692,0.3069767355918884,0.0,0.002991862129420042,0.5927734375,0.99951171875,0.00018668174743652344
geometry_dropout,test_seen,3244,val:2010_005344:part_45,2010_005344,cat,torso,torso,0.667395830154419,0.8005247712135315,0.07099086791276932,0.34909048676490784,1.0,1.0,1.0
geometry_dropout,test_seen,3245,val:2010_005344:part_47,2010_005344,cat,leg,leg,0.41095393896102905,0.5825192928314209,0.24301777780056,0.06779559701681137,1.0,1.0,1.0
geometry_dropout,test_seen,3246,val:2010_005344:part_48,2010_005344,cat,nose,nose,0.10869564861059189,0.19607843458652496,0.1034482792019844,0.0008975586388260126,0.08404541015625,0.99853515625,5.364418029785156e-07
geometry_dropout,test_seen,3247,val:2010_005344:part_49,2010_005344,cat,paw,paw,0.4624113440513611,0.6323957443237305,0.252136766910553,0.01968645304441452,0.9912109375,1.0,0.0014209747314453125
geometry_dropout,test_seen,3248,val:2010_005344:part_50,2010_005344,cat,ear,ear,0.3361110985279083,0.5031185150146484,0.21870286762714386,0.017891336232423782,0.0033893585205078125,0.998046875,0.0
geometry_dropout,test_seen,3249,val:2010_005421:part_42,2010_005421,cat,tail,tail,0.13659793138504028,0.24036280810832977,0.8245033025741577,0.06104523316025734,0.9697265625,1.0,0.0005617141723632812
geometry_dropout,test_seen,3250,val:2010_005421:part_43,2010_005421,cat,head,head,0.7268518805503845,0.8418230414390564,0.09090909361839294,0.21607378125190735,1.0,1.0,1.0
geometry_dropout,test_seen,3251,val:2010_005421:part_44,2010_005421,cat,eye,eye,0.13513512909412384,0.2380952388048172,0.0,0.0065876152366399765,0.5927734375,0.99951171875,0.00018668174743652344
geometry_dropout,test_seen,3252,val:2010_005421:part_45,2010_005421,cat,torso,torso,0.5941558480262756,0.7454175353050232,0.1967105269432068,0.4106280207633972,1.0,1.0,1.0
geometry_dropout,test_seen,3253,val:2010_005421:part_47,2010_005421,cat,leg,leg,0.43249428272247314,0.6038338541984558,0.15985997021198273,0.17347386479377747,1.0,1.0,1.0
geometry_dropout,test_seen,3254,val:2010_005421:part_48,2010_005421,cat,nose,nose,0.0,0.0,0.0,0.003952569328248501,0.08404541015625,0.99853515625,5.364418029785156e-07
geometry_dropout,test_seen,3255,val:2010_005421:part_49,2010_005421,cat,paw,paw,0.2565445005893707,0.40833333134651184,0.375,0.06324110925197601,0.9912109375,1.0,0.0014209747314453125
geometry_dropout,test_seen,3256,val:2010_005421:part_50,2010_005421,cat,ear,ear,0.17161716520786285,0.29295775294303894,0.45214521884918213,0.022837067022919655,0.0033893585205078125,0.998046875,0.0
geometry_dropout,test_seen,3257,val:2010_005496:part_20,2010_005496,bottle,body,body,0.9052823185920715,0.9502868056297302,0.06903497874736786,0.961901068687439,1.0,1.0,1.0
geometry_dropout,test_seen,3258,val:2010_005496:part_21,2010_005496,bottle,cap,cap,0.36962026357650757,0.5397412180900574,0.2869565188884735,0.03771406412124634,1.0,1.0,0.99853515625
geometry_dropout,test_seen,3259,val:2010_005508:part_43,2010_005508,cat,head,head,0.5999024510383606,0.749923825263977,0.23903432488441467,0.4679228961467743,1.0,1.0,1.0
geometry_dropout,test_seen,3260,val:2010_005508:part_44,2010_005508,cat,eye,eye,0.33594977855682373,0.5029377341270447,0.12104283273220062,0.016857249662280083,0.5927734375,0.99951171875,0.00018668174743652344
geometry_dropout,test_seen,3261,val:2010_005508:part_45,2010_005508,cat,torso,torso,0.5384544730186462,0.6999940276145935,0.3155330717563629,0.3225962221622467,1.0,1.0,1.0
geometry_dropout,test_seen,3262,val:2010_005508:part_46,2010_005508,cat,neck,neck,0.14477652311325073,0.25293412804603577,0.27959126234054565,0.03500295430421829,1.0,1.0,1.0
geometry_dropout,test_seen,3263,val:2010_005508:part_48,2010_005508,cat,nose,nose,0.43111109733581543,0.6024844646453857,0.0,0.006710688583552837,0.08404541015625,0.99853515625,5.364418029785156e-07
geometry_dropout,test_seen,3264,val:2010_005508:part_50,2010_005508,cat,ear,ear,0.5494200587272644,0.7091944813728333,0.2215719074010849,0.1372738480567932,0.0033893585205078125,0.998046875,0.0
geometry_dropout,test_seen,3265,val:2010_005534:part_0,2010_005534,aeroplane,body,body,0.5014256834983826,0.6679326891899109,0.17384174466133118,0.41873741149902344,1.0,1.0,1.0
geometry_dropout,test_seen,3266,val:2010_005534:part_1,2010_005534,aeroplane,stern,stern,0.5945945978164673,0.7457627058029175,0.35790494084358215,0.20852921903133392,1.0,1.0,0.99951171875
geometry_dropout,test_seen,3267,val:2010_005534:part_2,2010_005534,aeroplane,wing,wing,0.6340249180793762,0.7760284543037415,0.17870035767555237,0.28912022709846497,0.7890625,1.0,0.0002472400665283203
geometry_dropout,test_seen,3268,val:2010_005582:part_20,2010_005582,bottle,body,body,0.0,0.0,0.0,0.9483747482299805,1.0,1.0,1.0
geometry_dropout,test_seen,3269,val:2010_005582:part_21,2010_005582,bottle,cap,cap,0.0,0.0,0.10743801295757294,0.03441682457923889,1.0,1.0,0.99853515625
geometry_dropout,test_seen,3270,val:2010_005606:part_42,2010_005606,cat,tail,tail,0.5430402755737305,0.7038575410842896,0.22607655823230743,0.1662098616361618,0.9697265625,1.0,0.0005617141723632812
geometry_dropout,test_seen,3271,val:2010_005606:part_43,2010_005606,cat,head,head,0.6223176121711731,0.7671957612037659,0.010802469216287136,0.09514486789703369,1.0,1.0,1.0
geometry_dropout,test_seen,3272,val:2010_005606:part_44,2010_005606,cat,eye,eye,0.0,0.0,0.0,0.0015661707147955894,0.5927734375,0.99951171875,0.00018668174743652344
geometry_dropout,test_seen,3273,val:2010_005606:part_45,2010_005606,cat,torso,torso,0.41910520195961,0.5906612277030945,0.10519951581954956,0.3392717242240906,1.0,1.0,1.0
geometry_dropout,test_seen,3274,val:2010_005606:part_46,2010_005606,cat,neck,neck,0.023952096700668335,0.046783626079559326,0.008695651777088642,0.05540328845381737,1.0,1.0,1.0
geometry_dropout,test_seen,3275,val:2010_005606:part_47,2010_005606,cat,leg,leg,0.3366834223270416,0.5037593841552734,0.18376412987709045,0.2963978052139282,1.0,1.0,1.0
geometry_dropout,test_seen,3276,val:2010_005606:part_48,2010_005606,cat,nose,nose,0.0,0.0,0.0,0.0035238841082900763,0.08404541015625,0.99853515625,5.364418029785156e-07
geometry_dropout,test_seen,3277,val:2010_005606:part_49,2010_005606,cat,paw,paw,0.0535077303647995,0.10158013552427292,0.6691918969154358,0.018402505666017532,0.9912109375,1.0,0.0014209747314453125
geometry_dropout,test_seen,3278,val:2010_005606:part_50,2010_005606,cat,ear,ear,0.15000000596046448,0.260869562625885,0.2199999988079071,0.0209475327283144,0.0033893585205078125,0.998046875,0.0
geometry_dropout,test_seen,3279,val:2010_005606:part_85,2010_005606,person,torso,torso,0.0,0.0,0.8157894611358643,0.0022880216129124165,1.0,1.0,1.0
geometry_dropout,test_seen,3280,val:2010_005606:part_86,2010_005606,person,neck,neck,0.0,0.0,1.0,0.0002691789995878935,1.0,1.0,1.0
geometry_dropout,test_seen,3281,val:2010_005626:part_83,2010_005626,person,head,head,0.2915531396865845,0.4514767825603485,0.11807447671890259,0.028591787442564964,1.0,1.0,1.0
geometry_dropout,test_seen,3282,val:2010_005626:part_84,2010_005626,person,eye,eye,0.0,0.0,0.0,0.0007125679403543472,0.5927734375,0.99951171875,0.00018668174743652344
geometry_dropout,test_seen,3283,val:2010_005626:part_85,2010_005626,person,torso,torso,0.3634742796421051,0.5331589579582214,0.14973124861717224,0.12879665195941925,1.0,1.0,1.0
geometry_dropout,test_seen,3284,val:2010_005626:part_86,2010_005626,person,neck,neck,0.5879828333854675,0.7405405640602112,0.0,0.013360648415982723,1.0,1.0,1.0
geometry_dropout,test_seen,3285,val:2010_005626:part_87,2010_005626,person,leg,leg,0.3839506208896637,0.5548617243766785,0.10981468856334686,0.06992072612047195,1.0,1.0,1.0
geometry_dropout,test_seen,3286,val:2010_005626:part_89,2010_005626,person,nose,nose,0.09815950691699982,0.17877094447612762,0.2760736048221588,0.0014251358807086945,0.08404541015625,0.99853515625,5.364418029785156e-07
geometry_dropout,test_seen,3287,val:2010_005626:part_90,2010_005626,person,ear,ear,0.0,0.0,0.0,0.004275407642126083,0.0033893585205078125,0.998046875,0.0
geometry_dropout,test_seen,3288,val:2010_005626:part_91,2010_005626,person,eyebrow,eyebrow,0.0,0.0,0.0,0.00044535493361763656,9.763240814208984e-05,0.09027099609375,0.0
geometry_dropout,test_seen,3289,val:2010_005626:part_92,2010_005626,person,mouth,mouth,0.0714285746216774,0.13333334028720856,0.2380952388048172,0.0008016389328986406,1.0,1.0,0.9970703125
geometry_dropout,test_seen,3290,val:2010_005626:part_93,2010_005626,person,hair,hair,0.63987135887146,0.7803921699523926,0.1876019537448883,0.036251891404390335,1.0,1.0,0.998046875
geometry_dropout,test_seen,3291,val:2010_005626:part_94,2010_005626,person,lower arm,lower arm,0.3518957197666168,0.5205959677696228,0.19524405896663666,0.060924556106328964,0.99462890625,1.0,0.02752685546875
geometry_dropout,test_seen,3292,val:2010_005626:part_95,2010_005626,person,upper arm,upper arm,0.3195798993110657,0.48436611890792847,0.17765869200229645,0.09726551920175552,0.958984375,1.0,0.0012845993041992188
geometry_dropout,test_seen,3293,val:2010_005626:part_96,2010_005626,person,hand,hand,0.2811671197414398,0.4389233887195587,0.2779369652271271,0.023871025070548058,1.0,1.0,0.99853515625
geometry_dropout,test_seen,3294,val:2010_005664:part_6,2010_005664,bicycle,wheel,wheel,0.321507066488266,0.4865763783454895,0.4332183301448822,0.5672651529312134,1.0,1.0,0.9970703125
geometry_dropout,test_seen,3295,val:2010_005664:part_7,2010_005664,bicycle,saddle,saddle,0.5332136154174805,0.6955503225326538,0.3388429880142212,0.09627895057201385,1.0,1.0,0.99951171875
geometry_dropout,test_seen,3296,val:2010_005664:part_8,2010_005664,bicycle,handlebar,handlebar,0.10975609719753265,0.19780220091342926,0.5806451439857483,0.038771793246269226,1.0,1.0,0.9990234375
geometry_dropout,test_seen,3297,val:2010_005664:part_9,2010_005664,bicycle,chainwheel,chainwheel,0.041928719729185104,0.08048290014266968,0.3880126178264618,0.04683840647339821,0.984375,1.0,0.01009368896484375
geometry_dropout,test_seen,3298,val:2010_005706:part_109,2010_005706,train,head,head,0.10994764417409897,0.19811320304870605,0.7046979665756226,0.017686692997813225,1.0,1.0,1.0
geometry_dropout,test_seen,3299,val:2010_005706:part_110,2010_005706,train,front,front,0.30695444345474243,0.46972477436065674,0.26682692766189575,0.07243122160434723,1.0,1.0,1.0
geometry_dropout,test_seen,3300,val:2010_005706:part_111,2010_005706,train,side,side,0.6859465837478638,0.8137227892875671,0.20888888835906982,0.9006176590919495,1.0,1.0,0.99755859375
geometry_dropout,test_seen,3301,val:2010_005709:part_42,2010_005709,cat,tail,tail,0.28284022212028503,0.4409594237804413,0.32303372025489807,0.19734345376491547,0.9697265625,1.0,0.0005617141723632812
geometry_dropout,test_seen,3302,val:2010_005709:part_43,2010_005709,cat,head,head,0.6747720241546631,0.8058076500892639,0.08469055593013763,0.13228517770767212,1.0,1.0,1.0
geometry_dropout,test_seen,3303,val:2010_005709:part_44,2010_005709,cat,eye,eye,0.0,0.0,0.0,0.0037950663827359676,0.5927734375,0.99951171875,0.00018668174743652344
geometry_dropout,test_seen,3304,val:2010_005709:part_45,2010_005709,cat,torso,torso,0.28011471033096313,0.4376400411128998,0.20577849447727203,0.2445107102394104,1.0,1.0,1.0
geometry_dropout,test_seen,3305,val:2010_005709:part_46,2010_005709,cat,neck,neck,0.2120535671710968,0.34990790486335754,0.1304347813129425,0.0412035770714283,1.0,1.0,1.0
geometry_dropout,test_seen,3306,val:2010_005709:part_47,2010_005709,cat,leg,leg,0.0,0.0,0.47987616062164307,0.13472485542297363,1.0,1.0,1.0
geometry_dropout,test_seen,3307,val:2010_005709:part_48,2010_005709,cat,nose,nose,0.0,0.0,0.0,0.002439685631543398,0.08404541015625,0.99853515625,5.364418029785156e-07
geometry_dropout,test_seen,3308,val:2010_005709:part_49,2010_005709,cat,paw,paw,0.0,0.0,0.870169997215271,0.024939008057117462,0.9912109375,1.0,0.0014209747314453125
geometry_dropout,test_seen,3309,val:2010_005709:part_50,2010_005709,cat,ear,ear,0.058943089097738266,0.11132437735795975,0.21902655065059662,0.018704256042838097,0.0033893585205078125,0.998046875,0.0
geometry_dropout,test_seen,3310,val:2010_005709:part_83,2010_005709,person,head,head,0.0,0.0,0.1383701115846634,0.0030323450919240713,1.0,1.0,1.0
geometry_dropout,test_seen,3311,val:2010_005709:part_85,2010_005709,person,torso,torso,0.0,0.0,0.6376811861991882,0.0026111858896911144,1.0,1.0,1.0
geometry_dropout,test_seen,3312,val:2010_005709:part_86,2010_005709,person,neck,neck,0.0,0.0,0.32807570695877075,0.0008423180552199483,1.0,1.0,1.0
geometry_dropout,test_seen,3313,val:2010_005709:part_87,2010_005709,person,leg,leg,0.0008755289600230753,0.0017495261272415519,0.13831502199172974,0.0028638814110308886,1.0,1.0,1.0
geometry_dropout,test_seen,3314,val:2010_005709:part_90,2010_005709,person,ear,ear,0.0,0.0,0.8965517282485962,0.0001684352318989113,0.0033893585205078125,0.998046875,0.0
geometry_dropout,test_seen,3315,val:2010_005718:part_0,2010_005718,aeroplane,body,body,0.42066600918769836,0.5922095775604248,0.28787878155708313,0.49599623680114746,1.0,1.0,1.0
geometry_dropout,test_seen,3316,val:2010_005718:part_1,2010_005718,aeroplane,stern,stern,0.27306273579597473,0.42898550629615784,0.35877862572669983,0.13989637792110443,1.0,1.0,0.99951171875
geometry_dropout,test_seen,3317,val:2010_005718:part_2,2010_005718,aeroplane,wing,wing,0.0,0.0,0.7333333492279053,0.10362694412469864,0.7890625,1.0,0.0002472400665283203
geometry_dropout,test_seen,3318,val:2010_005718:part_4,2010_005718,aeroplane,engine,engine,0.25481799244880676,0.40614333748817444,0.004716981202363968,0.17616580426692963,1.0,1.0,0.99365234375
geometry_dropout,test_seen,3319,val:2010_005718:part_5,2010_005718,aeroplane,wheel,wheel,0.0,0.0,0.9950739145278931,0.026848798617720604,1.0,1.0,0.9970703125
geometry_dropout,test_seen,3320,val:2010_005727:part_109,2010_005727,train,head,head,0.023170731961727142,0.04529201611876488,0.3124147355556488,0.042828284204006195,1.0,1.0,1.0
geometry_dropout,test_seen,3321,val:2010_005727:part_110,2010_005727,train,front,front,0.7519893646240234,0.8584405779838562,0.17006802558898926,0.23676767945289612,1.0,1.0,1.0
geometry_dropout,test_seen,3322,val:2010_005727:part_111,2010_005727,train,side,side,0.669113039970398,0.8017587661743164,0.1987748146057129,0.6517171859741211,1.0,1.0,0.99755859375
geometry_dropout,test_seen,3323,val:2010_005727:part_114,2010_005727,train,coach,coach,0.021295474842190742,0.041702866554260254,0.16158469021320343,0.022424241527915,1.0,1.0,1.0
geometry_dropout,test_seen,3324,val:2010_005762:part_20,2010_005762,bottle,body,body,0.7767409086227417,0.8743435144424438,0.03880738466978073,0.7745915651321411,1.0,1.0,1.0
geometry_dropout,test_seen,3325,val:2010_005762:part_21,2010_005762,bottle,cap,cap,0.5238257050514221,0.6875139474868774,0.004854368977248669,0.20552952587604523,1.0,1.0,0.99853515625
geometry_dropout,test_seen,3326,val:2010_005860:part_6,2010_005860,bicycle,wheel,wheel,0.0,0.0,0.0,0.45588234066963196,1.0,1.0,0.9970703125
geometry_dropout,test_seen,3327,val:2010_005860:part_7,2010_005860,bicycle,saddle,saddle,0.0,0.0,1.0,0.11029411852359772,1.0,1.0,0.99951171875
geometry_dropout,test_seen,3328,val:2010_005860:part_8,2010_005860,bicycle,handlebar,handlebar,0.0,0.0,0.0,0.07352941483259201,1.0,1.0,0.9990234375
geometry_dropout,test_seen,3329,val:2010_005860:part_9,2010_005860,bicycle,chainwheel,chainwheel,0.0,0.0,0.9767441749572754,0.08088235557079315,0.984375,1.0,0.01009368896484375
geometry_dropout,test_seen,3330,val:2010_005871:part_114,2010_005871,train,coach,coach,0.7254722714424133,0.8408970236778259,0.20044724643230438,0.9043884873390198,1.0,1.0,1.0
geometry_dropout,test_seen,3331,val:2010_005877:part_0,2010_005877,aeroplane,body,body,0.7751196026802063,0.8733153343200684,0.08404802531003952,0.43194782733917236,1.0,1.0,1.0
geometry_dropout,test_seen,3332,val:2010_005877:part_1,2010_005877,aeroplane,stern,stern,0.42929935455322266,0.6007130146026611,0.23108108341693878,0.15566422045230865,1.0,1.0,0.99951171875
geometry_dropout,test_seen,3333,val:2010_005877:part_2,2010_005877,aeroplane,wing,wing,0.4010263979434967,0.5724751353263855,0.4229249060153961,0.36634066700935364,0.7890625,1.0,0.0002472400665283203
geometry_dropout,test_seen,3334,val:2010_005877:part_5,2010_005877,aeroplane,wheel,wheel,0.280303031206131,0.4378698170185089,0.3164556920528412,0.03667481616139412,1.0,1.0,0.9970703125
geometry_dropout,test_seen,3335,val:2010_005888:part_0,2010_005888,aeroplane,body,body,0.5852842926979065,0.7383966445922852,0.26408451795578003,0.39915966987609863,1.0,1.0,1.0
geometry_dropout,test_seen,3336,val:2010_005888:part_1,2010_005888,aeroplane,stern,stern,0.17910447716712952,0.3037974536418915,0.40740740299224854,0.1596638709306717,1.0,1.0,0.99951171875
geometry_dropout,test_seen,3337,val:2010_005888:part_2,2010_005888,aeroplane,wing,wing,0.3872387111186981,0.5582870841026306,0.48405465483665466,0.40231093764305115,0.7890625,1.0,0.0002472400665283203
geometry_dropout,test_seen,3338,val:2010_005888:part_4,2010_005888,aeroplane,engine,engine,0.04358353465795517,0.08352668583393097,0.31989923119544983,0.0357142873108387,1.0,1.0,0.99365234375
geometry_dropout,test_seen,3339,val:2010_005899:part_43,2010_005899,cat,head,head,0.7072222232818604,0.828506350517273,0.028730304911732674,0.21701379120349884,1.0,1.0,1.0
geometry_dropout,test_seen,3340,val:2010_005899:part_44,2010_005899,cat,eye,eye,0.607692301273346,0.7559808492660522,0.0,0.02025991678237915,0.5927734375,0.99951171875,0.00018668174743652344
geometry_dropout,test_seen,3341,val:2010_005899:part_45,2010_005899,cat,torso,torso,0.5415326356887817,0.7025899291038513,0.05947615206241608,0.2926621735095978,1.0,1.0,1.0
geometry_dropout,test_seen,3342,val:2010_005899:part_46,2010_005899,cat,neck,neck,0.29868578910827637,0.4599815905094147,0.0,0.09465978294610977,1.0,1.0,1.0
geometry_dropout,test_seen,3343,val:2010_005899:part_47,2010_005899,cat,leg,leg,0.5194911956787109,0.683769941329956,0.008918617852032185,0.22319959104061127,1.0,1.0,1.0
geometry_dropout,test_seen,3344,val:2010_005899:part_48,2010_005899,cat,nose,nose,0.25,0.4000000059604645,0.0,0.0034617786295711994,0.08404541015625,0.99853515625,5.364418029785156e-07
geometry_dropout,test_seen,3345,val:2010_005899:part_49,2010_005899,cat,paw,paw,0.3100831210613251,0.47337931394577026,0.13444162905216217,0.04869190230965614,0.9912109375,1.0,0.0014209747314453125
geometry_dropout,test_seen,3346,val:2010_005899:part_50,2010_005899,cat,ear,ear,0.6975036859512329,0.8217992782592773,0.1832435131072998,0.08098291605710983,0.0033893585205078125,0.998046875,0.0
geometry_dropout,test_seen,3347,val:2010_005922:part_51,2010_005922,cow,tail,tail,0.04411764815449715,0.0845070406794548,0.7573529481887817,0.018518518656492233,0.9697265625,1.0,0.0005617141723632812
geometry_dropout,test_seen,3348,val:2010_005922:part_52,2010_005922,cow,head,head,0.0,0.0,0.0,0.040123455226421356,1.0,1.0,1.0
geometry_dropout,test_seen,3349,val:2010_005922:part_54,2010_005922,cow,torso,torso,0.3309859037399292,0.49735450744628906,0.5357142686843872,0.540123462677002,1.0,1.0,1.0
geometry_dropout,test_seen,3350,val:2010_005922:part_55,2010_005922,cow,neck,neck,0.0,0.0,0.0,0.006172839552164078,1.0,1.0,1.0
geometry_dropout,test_seen,3351,val:2010_005922:part_56,2010_005922,cow,leg,leg,0.1180327832698822,0.21114370226860046,0.7823129296302795,0.14506173133850098,1.0,1.0,1.0
geometry_dropout,test_seen,3352,val:2010_005922:part_57,2010_005922,cow,ear,ear,0.0,0.0,1.0,0.012195121496915817,0.0033893585205078125,0.998046875,0.0
geometry_dropout,test_seen,3353,val:2010_005922:part_58,2010_005922,cow,muzzle,muzzle,0.0,0.0,0.0,0.003086419776082039,0.95166015625,1.0,0.0015668869018554688
geometry_dropout,test_seen,3354,val:2010_005991:part_83,2010_005991,person,head,head,0.0,0.0,0.2658730149269104,0.0002560163848102093,1.0,1.0,1.0
geometry_dropout,test_seen,3355,val:2010_005991:part_85,2010_005991,person,torso,torso,0.0,0.0,0.08527132123708725,6.400409620255232e-05,1.0,1.0,1.0
geometry_dropout,test_seen,3356,val:2010_005991:part_86,2010_005991,person,neck,neck,0.0,0.0,1.0,0.00019201228860765696,1.0,1.0,1.0
geometry_dropout,test_seen,3357,val:2010_005991:part_87,2010_005991,person,leg,leg,0.0009765625,0.0019512195140123367,0.6689519882202148,0.0002560163848102093,1.0,1.0,1.0
geometry_dropout,test_seen,3358,val:2010_006034:part_0,2010_006034,aeroplane,body,body,0.6870784759521484,0.8145186901092529,0.1409604549407959,0.4376007616519928,1.0,1.0,1.0
geometry_dropout,test_seen,3359,val:2010_006034:part_1,2010_006034,aeroplane,stern,stern,0.7384124994277954,0.8495250940322876,0.049210771918296814,0.4466301202774048,1.0,1.0,0.99951171875
geometry_dropout,test_seen,3360,val:2010_006034:part_2,2010_006034,aeroplane,wing,wing,0.17523494362831116,0.29821261763572693,0.19745957851409912,0.0635278970003128,0.7890625,1.0,0.0002472400665283203
geometry_dropout,test_seen,3361,val:2010_006034:part_5,2010_006034,aeroplane,wheel,wheel,0.25815218687057495,0.4103671610355377,0.5979729890823364,0.02692679688334465,1.0,1.0,0.9970703125
geometry_dropout,test_seen,3362,val:2010_006054:part_109,2010_006054,train,head,head,0.019674936309456825,0.038590602576732635,0.3840889632701874,0.021863117814064026,1.0,1.0,1.0
geometry_dropout,test_seen,3363,val:2010_006054:part_110,2010_006054,train,front,front,0.254408061504364,0.4056224822998047,0.34936708211898804,0.09790874272584915,1.0,1.0,1.0
geometry_dropout,test_seen,3364,val:2010_006054:part_111,2010_006054,train,side,side,0.31924882531166077,0.4839857518672943,0.4201532006263733,0.5237642526626587,1.0,1.0,0.99755859375
geometry_dropout,test_seen,3365,val:2010_006054:part_113,2010_006054,train,roof,roof,0.16859345138072968,0.2885408103466034,0.4577777683734894,0.2975285053253174,1.0,1.0,1.0
geometry_dropout,test_seen,3366,val:2010_006054:part_114,2010_006054,train,coach,coach,0.0131950993090868,0.0260465107858181,0.3486150801181793,0.026615969836711884,1.0,1.0,1.0
geometry_dropout,test_seen,3367,val:2010_006070:part_6,2010_006070,bicycle,wheel,wheel,0.18583613634109497,0.31342631578445435,0.6625000238418579,0.670718252658844,1.0,1.0,0.9970703125
geometry_dropout,test_seen,3368,val:2010_006070:part_7,2010_006070,bicycle,saddle,saddle,0.4135546386241913,0.5851271748542786,0.5858725905418396,0.08287292718887329,1.0,1.0,0.99951171875
geometry_dropout,test_seen,3369,val:2010_006070:part_8,2010_006070,bicycle,handlebar,handlebar,0.08866994827985764,0.16289593279361725,0.8780083060264587,0.03342541307210922,1.0,1.0,0.9990234375
geometry_dropout,test_seen,3370,val:2010_006070:part_9,2010_006070,bicycle,chainwheel,chainwheel,0.15833333134651184,0.2733812928199768,0.6549295783042908,0.03591160103678703,0.984375,1.0,0.01009368896484375
geometry_dropout,test_unseen,0,val:2008_000080:part_60,2008_000080,dog,tail,tail,0.0,0.0,1.0,0.0074477228336036205,0.9697265625,1.0,0.0005617141723632812
geometry_dropout,test_unseen,1,val:2008_000080:part_61,2008_000080,dog,head,head,0.6747967600822449,0.8058252334594727,0.0069444444961845875,0.11228874325752258,1.0,1.0,1.0
geometry_dropout,test_unseen,2,val:2008_000080:part_62,2008_000080,dog,eye,eye,0.1818181872367859,0.3076923191547394,0.0,0.0034374105744063854,0.5927734375,0.99951171875,0.00018668174743652344
geometry_dropout,test_unseen,3,val:2008_000080:part_63,2008_000080,dog,torso,torso,0.4444444477558136,0.6153846383094788,0.12744265794754028,0.5230593085289001,1.0,1.0,1.0
geometry_dropout,test_unseen,4,val:2008_000080:part_65,2008_000080,dog,leg,leg,0.31017231941223145,0.47348323464393616,0.5798372030258179,0.21770265698432922,1.0,1.0,1.0
geometry_dropout,test_unseen,5,val:2008_000080:part_66,2008_000080,dog,nose,nose,0.0,0.0,0.0,0.008879977278411388,0.08404541015625,0.99853515625,5.364418029785156e-07
geometry_dropout,test_unseen,6,val:2008_000080:part_67,2008_000080,dog,paw,paw,0.12734082341194153,0.2259136140346527,0.767123281955719,0.04439988359808922,0.9912109375,1.0,0.0014209747314453125
geometry_dropout,test_unseen,7,val:2008_000080:part_68,2008_000080,dog,ear,ear,0.17279411852359772,0.29467085003852844,0.5942028760910034,0.03208249807357788,0.0033893585205078125,0.998046875,0.0
geometry_dropout,test_unseen,8,val:2008_000080:part_69,2008_000080,dog,muzzle,muzzle,0.3002481460571289,0.46183204650878906,0.0,0.041535377502441406,0.95166015625,1.0,0.0015668869018554688
geometry_dropout,test_unseen,9,val:2008_000123:part_12,2008_000123,bird,tail,tail,0.07751937955617905,0.14388489723205566,0.43589743971824646,0.0962463915348053,0.9697265625,1.0,0.0005617141723632812
geometry_dropout,test_unseen,10,val:2008_000123:part_13,2008_000123,bird,head,head,0.4781341254711151,0.6469427943229675,0.3954983949661255,0.18864291906356812,1.0,1.0,1.0
geometry_dropout,test_unseen,11,val:2008_000123:part_14,2008_000123,bird,eye,eye,0.0,0.0,0.0,0.010587102733552456,0.5927734375,0.99951171875,0.00018668174743652344
geometry_dropout,test_unseen,12,val:2008_000123:part_15,2008_000123,bird,beak,beak,0.0,0.0,0.0,0.012512031011283398,0.67333984375,1.0,0.00011867284774780273
geometry_dropout,test_unseen,13,val:2008_000123:part_16,2008_000123,bird,torso,torso,0.4695945978164673,0.6390804648399353,0.2945619225502014,0.6188642978668213,1.0,1.0,1.0
geometry_dropout,test_unseen,14,val:2008_000123:part_17,2008_000123,bird,neck,neck,0.16571427881717682,0.28431373834609985,0.22058823704719543,0.06544754654169083,1.0,1.0,1.0
geometry_dropout,test_unseen,15,val:2008_000123:part_18,2008_000123,bird,leg,leg,0.00917431153357029,0.0181818176060915,0.1360856294631958,0.005774783436208963,1.0,1.0,1.0
geometry_dropout,test_unseen,16,val:2008_000123:part_19,2008_000123,bird,foot,foot,0.0,0.0,0.24203822016716003,0.002879078732803464,1.0,1.0,0.81298828125
geometry_dropout,test_unseen,17,val:2008_000239:part_61,2008_000239,dog,head,head,0.6148943305015564,0.7615288496017456,0.04065860062837601,0.43960773944854736,1.0,1.0,1.0
geometry_dropout,test_unseen,18,val:2008_000239:part_62,2008_000239,dog,eye,eye,0.21259842813014984,0.350649356842041,0.0,0.0167424064129591,0.5927734375,0.99951171875,0.00018668174743652344
geometry_dropout,test_unseen,19,val:2008_000239:part_63,2008_000239,dog,torso,torso,0.3818807303905487,0.5526971220970154,0.30481284856796265,0.10930399596691132,1.0,1.0,1.0
geometry_dropout,test_unseen,20,val:2008_000239:part_66,2008_000239,dog,nose,nose,0.0,0.0,0.0,0.025591963902115822,0.08404541015625,0.99853515625,5.364418029785156e-07
geometry_dropout,test_unseen,21,val:2008_000239:part_68,2008_000239,dog,ear,ear,0.5770308375358582,0.7317939400672913,0.08561643958091736,0.06481702625751495,0.0033893585205078125,0.998046875,0.0
geometry_dropout,test_unseen,22,val:2008_000239:part_69,2008_000239,dog,muzzle,muzzle,0.7285921573638916,0.8429890871047974,0.08358433842658997,0.25209280848503113,0.95166015625,1.0,0.0015668869018554688
geometry_dropout,test_unseen,23,val:2008_000270:part_61,2008_000270,dog,head,head,0.4847775101661682,0.652996838092804,0.07023411244153976,0.1138681173324585,1.0,1.0,1.0
geometry_dropout,test_unseen,24,val:2008_000270:part_63,2008_000270,dog,torso,torso,0.5339431762695312,0.6961707472801208,0.05188421532511711,0.4605710506439209,1.0,1.0,1.0
geometry_dropout,test_unseen,25,val:2008_000270:part_64,2008_000270,dog,neck,neck,0.22634507715702057,0.3691376745700836,0.22669491171836853,0.06424201279878616,1.0,1.0,1.0
geometry_dropout,test_unseen,26,val:2008_000270:part_65,2008_000270,dog,leg,leg,0.5306980609893799,0.6934065818786621,0.16324786841869354,0.22093813121318817,1.0,1.0,1.0
geometry_dropout,test_unseen,27,val:2008_000270:part_67,2008_000270,dog,paw,paw,0.5016834735870361,0.6681614518165588,0.34220531582832336,0.062202583998441696,0.9912109375,1.0,0.0014209747314453125
geometry_dropout,test_unseen,28,val:2008_000270:part_68,2008_000270,dog,ear,ear,0.359649121761322,0.5290322303771973,0.0,0.016655337065458298,0.0033893585205078125,0.998046875,0.0
geometry_dropout,test_unseen,29,val:2008_000270:part_69,2008_000270,dog,muzzle,muzzle,0.007067137863487005,0.014035088010132313,0.604347825050354,0.018694765865802765,0.95166015625,1.0,0.0015668869018554688
geometry_dropout,test_unseen,30,val:2008_000501:part_35,2008_000501,car,side,side,0.11725663393735886,0.20990099012851715,0.0006056934944353998,0.14831189811229706,1.0,1.0,0.99755859375
geometry_dropout,test_unseen,31,val:2008_000501:part_36,2008_000501,car,back,back,0.23993559181690216,0.3870129883289337,0.0,0.24959807097911835,1.0,1.0,1.0
geometry_dropout,test_unseen,32,val:2008_000501:part_38,2008_000501,car,mirror,mirror,0.0,0.0,0.0,0.008440514095127583,0.05572509765625,0.9814453125,4.112720489501953e-06
geometry_dropout,test_unseen,33,val:2008_000501:part_39,2008_000501,car,license plate,license plate,0.0,0.0,0.0,0.00884244404733181,1.0,1.0,0.99609375
geometry_dropout,test_unseen,34,val:2008_000501:part_40,2008_000501,car,door,door,0.13270142674446106,0.2343096286058426,0.0,0.19573955237865448,0.204833984375,0.9970703125,2.777576446533203e-05
geometry_dropout,test_unseen,35,val:2008_000501:part_41,2008_000501,car,window,window,0.033648788928985596,0.0651068165898323,0.0,0.375,0.99951171875,1.0,0.99365234375
geometry_dropout,test_unseen,36,val:2008_000533:part_12,2008_000533,bird,tail,tail,0.08484848588705063,0.15642458200454712,0.5822784900665283,0.03885003924369812,0.9697265625,1.0,0.0005617141723632812
geometry_dropout,test_unseen,37,val:2008_000533:part_13,2008_000533,bird,head,head,0.6343283653259277,0.77625572681427,0.2286902219057083,0.1534576565027237,1.0,1.0,1.0
geometry_dropout,test_unseen,38,val:2008_000533:part_14,2008_000533,bird,eye,eye,0.0,0.0,0.0,0.004662004765123129,0.5927734375,0.99951171875,0.00018668174743652344
geometry_dropout,test_unseen,39,val:2008_000533:part_15,2008_000533,bird,beak,beak,0.0,0.0,0.0,0.005827505607157946,0.67333984375,1.0,0.00011867284774780273
geometry_dropout,test_unseen,40,val:2008_000533:part_16,2008_000533,bird,torso,torso,0.5,0.6666666865348816,0.11576193571090698,0.7777777910232544,1.0,1.0,1.0
geometry_dropout,test_unseen,41,val:2008_000533:part_18,2008_000533,bird,leg,leg,0.051948051899671555,0.09876543283462524,0.08799999952316284,0.014374514110386372,1.0,1.0,1.0
geometry_dropout,test_unseen,42,val:2008_000533:part_19,2008_000533,bird,foot,foot,0.0,0.0,0.0,0.0038850039709359407,1.0,1.0,0.81298828125
geometry_dropout,test_unseen,43,val:2008_000661:part_60,2008_000661,dog,tail,tail,0.0,0.0,0.1260504275560379,0.00343712093308568,0.9697265625,1.0,0.0005617141723632812
geometry_dropout,test_unseen,44,val:2008_000661:part_61,2008_000661,dog,head,head,0.234674334526062,0.38013964891433716,0.14734773337841034,0.05479175224900246,1.0,1.0,1.0
geometry_dropout,test_unseen,45,val:2008_000661:part_63,2008_000661,dog,torso,torso,0.7489000558853149,0.85642409324646,0.08442597091197968,0.4929235875606537,1.0,1.0,1.0
geometry_dropout,test_unseen,46,val:2008_000661:part_64,2008_000661,dog,neck,neck,0.3479810059070587,0.5162995457649231,0.06888361275196075,0.059239789843559265,1.0,1.0,1.0
geometry_dropout,test_unseen,47,val:2008_000661:part_65,2008_000661,dog,leg,leg,0.339235782623291,0.5066109895706177,0.37171053886413574,0.15082895755767822,1.0,1.0,1.0
geometry_dropout,test_unseen,48,val:2008_000661:part_67,2008_000661,dog,paw,paw,0.14910537004470825,0.25951558351516724,0.6658653616905212,0.03275373950600624,0.9912109375,1.0,0.0014209747314453125
geometry_dropout,test_unseen,49,val:2008_000661:part_68,2008_000661,dog,ear,ear,0.03999999910593033,0.07692307978868484,0.06122449040412903,0.007682976312935352,0.0033893585205078125,0.998046875,0.0
geometry_dropout,test_unseen,50,val:2008_000782:part_79,2008_000782,motorbike,wheel,wheel,0.20999810099601746,0.34710484743118286,0.07984069734811783,0.09752051532268524,1.0,1.0,0.9970703125
geometry_dropout,test_unseen,51,val:2008_000782:part_82,2008_000782,motorbike,headlight,headlight,0.0,0.0,0.0,0.04880391061306,1.0,1.0,0.99755859375
geometry_dropout,test_unseen,52,val:2008_000811:part_79,2008_000811,motorbike,wheel,wheel,0.11952344328165054,0.21352557837963104,0.08604650944471359,0.11287332326173782,1.0,1.0,0.9970703125
geometry_dropout,test_unseen,53,val:2008_000848:part_12,2008_000848,bird,tail,tail,0.0,0.0,0.0,0.12341772019863129,0.9697265625,1.0,0.0005617141723632812
geometry_dropout,test_unseen,54,val:2008_000848:part_13,2008_000848,bird,head,head,0.380952388048172,0.5517241358757019,0.5714285969734192,0.10126582533121109,1.0,1.0,1.0
geometry_dropout,test_unseen,55,val:2008_000848:part_15,2008_000848,bird,beak,beak,0.0,0.0,0.0,0.0031645570416003466,0.67333984375,1.0,0.00011867284774780273
geometry_dropout,test_unseen,56,val:2008_000848:part_16,2008_000848,bird,torso,torso,0.47151899337768555,0.6408601999282837,0.29729729890823364,0.7689873576164246,1.0,1.0,1.0
geometry_dropout,test_unseen,57,val:2008_000863:part_60,2008_000863,dog,tail,tail,0.65625,0.7924528121948242,0.30156248807907104,0.15845896303653717,0.9697265625,1.0,0.0005617141723632812
geometry_dropout,test_unseen,58,val:2008_000863:part_61,2008_000863,dog,head,head,0.37617555260658264,0.5466970205307007,0.17469879984855652,0.12730318307876587,1.0,1.0,1.0
geometry_dropout,test_unseen,59,val:2008_000863:part_62,2008_000863,dog,eye,eye,0.0,0.0,0.0,0.002345058601349592,0.5927734375,0.99951171875,0.00018668174743652344
geometry_dropout,test_unseen,60,val:2008_000863:part_63,2008_000863,dog,torso,torso,0.6515076756477356,0.7889853119850159,0.0791974663734436,0.48475712537765503,1.0,1.0,1.0
geometry_dropout,test_unseen,61,val:2008_000863:part_65,2008_000863,dog,leg,leg,0.3905683159828186,0.5617391467094421,0.4084506928920746,0.12361808866262436,1.0,1.0,1.0
geometry_dropout,test_unseen,62,val:2008_000863:part_66,2008_000863,dog,nose,nose,0.0,0.0,0.0,0.005025125574320555,0.08404541015625,0.99853515625,5.364418029785156e-07
geometry_dropout,test_unseen,63,val:2008_000863:part_68,2008_000863,dog,ear,ear,0.10655737668275833,0.192592591047287,0.7752808928489685,0.03082077018916607,0.0033893585205078125,0.998046875,0.0
geometry_dropout,test_unseen,64,val:2008_000863:part_69,2008_000863,dog,muzzle,muzzle,0.2766570746898651,0.43340858817100525,0.0,0.06398659944534302,0.95166015625,1.0,0.0015668869018554688
geometry_dropout,test_unseen,65,val:2008_000943:part_61,2008_000943,dog,head,head,0.5552108883857727,0.7140008211135864,0.030764350667595863,0.1591958999633789,1.0,1.0,1.0
geometry_dropout,test_unseen,66,val:2008_000943:part_62,2008_000943,dog,eye,eye,0.20645160973072052,0.34224599599838257,0.0,0.0027373824268579483,0.5927734375,0.99951171875,0.00018668174743652344
geometry_dropout,test_unseen,67,val:2008_000943:part_63,2008_000943,dog,torso,torso,0.6734726428985596,0.8048803806304932,0.0789431780576706,0.36698031425476074,1.0,1.0,1.0
geometry_dropout,test_unseen,68,val:2008_000943:part_65,2008_000943,dog,leg,leg,0.4806295335292816,0.6492232084274292,0.026372278109192848,0.13952095806598663,1.0,1.0,1.0
geometry_dropout,test_unseen,69,val:2008_000943:part_66,2008_000943,dog,nose,nose,0.0,0.0,0.0,0.008041060529649258,0.08404541015625,0.99853515625,5.364418029785156e-07
geometry_dropout,test_unseen,70,val:2008_000943:part_67,2008_000943,dog,paw,paw,0.7191401124000549,0.8366276621818542,0.10276968032121658,0.09469632059335709,0.9912109375,1.0,0.0014209747314453125
geometry_dropout,test_unseen,71,val:2008_000943:part_68,2008_000943,dog,ear,ear,0.1526286005973816,0.2648357152938843,0.0,0.1464499533176422,0.0033893585205078125,0.998046875,0.0
geometry_dropout,test_unseen,72,val:2008_000943:part_69,2008_000943,dog,muzzle,muzzle,0.4470699429512024,0.6178967952728271,0.11731315404176712,0.08109495043754578,0.95166015625,1.0,0.0015668869018554688
geometry_dropout,test_unseen,73,val:2008_001070:part_61,2008_001070,dog,head,head,0.3601260781288147,0.5295481085777283,0.11328443139791489,0.15420271456241608,1.0,1.0,1.0
geometry_dropout,test_unseen,74,val:2008_001070:part_62,2008_001070,dog,eye,eye,0.19672131538391113,0.3287671208381653,0.0,0.005253399256616831,0.5927734375,0.99951171875,0.00018668174743652344
geometry_dropout,test_unseen,75,val:2008_001070:part_63,2008_001070,dog,torso,torso,0.6252539157867432,0.7694230079650879,0.25909554958343506,0.5747836828231812,1.0,1.0,1.0
geometry_dropout,test_unseen,76,val:2008_001070:part_66,2008_001070,dog,nose,nose,0.0,0.0,0.0,0.0074165635742247105,0.08404541015625,0.99853515625,5.364418029785156e-07
geometry_dropout,test_unseen,77,val:2008_001070:part_68,2008_001070,dog,ear,ear,0.4121621549129486,0.5837320685386658,0.292553186416626,0.07107540220022202,0.0033893585205078125,0.998046875,0.0
geometry_dropout,test_unseen,78,val:2008_001070:part_69,2008_001070,dog,muzzle,muzzle,0.5184136033058167,0.6828358173370361,0.03688524663448334,0.18046972155570984,0.95166015625,1.0,0.0015668869018554688
geometry_dropout,test_unseen,79,val:2008_001150:part_79,2008_001150,motorbike,wheel,wheel,0.25890737771987915,0.4113207459449768,0.36477985978126526,0.299435019493103,1.0,1.0,0.9970703125
geometry_dropout,test_unseen,80,val:2008_001379:part_60,2008_001379,dog,tail,tail,0.0,0.0,0.0,0.0003203075029887259,0.9697265625,1.0,0.0005617141723632812
geometry_dropout,test_unseen,81,val:2008_001379:part_61,2008_001379,dog,head,head,0.5854604244232178,0.7385367751121521,0.01586252450942993,0.3012492060661316,1.0,1.0,1.0
geometry_dropout,test_unseen,82,val:2008_001379:part_62,2008_001379,dog,eye,eye,0.0731707289814949,0.13636364042758942,0.0,0.008808456361293793,0.5927734375,0.99951171875,0.00018668174743652344
geometry_dropout,test_unseen,83,val:2008_001379:part_63,2008_001379,dog,torso,torso,0.49336087703704834,0.660739004611969,0.10296318680047989,0.2754644453525543,1.0,1.0,1.0
geometry_dropout,test_unseen,84,val:2008_001379:part_64,2008_001379,dog,neck,neck,0.0,0.0,0.006535947788506746,0.030108904466032982,1.0,1.0,1.0
geometry_dropout,test_unseen,85,val:2008_001379:part_65,2008_001379,dog,leg,leg,0.11927272379398346,0.21312540769577026,0.3591703176498413,0.0997757837176323,1.0,1.0,1.0
geometry_dropout,test_unseen,86,val:2008_001379:part_66,2008_001379,dog,nose,nose,0.0,0.0,0.0,0.02930813655257225,0.08404541015625,0.99853515625,5.364418029785156e-07
geometry_dropout,test_unseen,87,val:2008_001379:part_67,2008_001379,dog,paw,paw,0.26158446073532104,0.4146919548511505,0.5553797483444214,0.03395259380340576,0.9912109375,1.0,0.0014209747314453125
geometry_dropout,test_unseen,88,val:2008_001379:part_68,2008_001379,dog,ear,ear,0.2919999957084656,0.45201238989830017,0.29503917694091797,0.09385009855031967,0.0033893585205078125,0.998046875,0.0
geometry_dropout,test_unseen,89,val:2008_001379:part_69,2008_001379,dog,muzzle,muzzle,0.5350553393363953,0.6971153616905212,0.04237918183207512,0.11771300435066223,0.95166015625,1.0,0.0015668869018554688
geometry_dropout,test_unseen,90,val:2008_001478:part_61,2008_001478,dog,head,head,0.44222021102905273,0.6132491827011108,0.09317963570356369,0.15208275616168976,1.0,1.0,1.0
geometry_dropout,test_unseen,91,val:2008_001478:part_62,2008_001478,dog,eye,eye,0.23076923191547394,0.375,0.0,0.006989097222685814,0.5927734375,0.99951171875,0.00018668174743652344
geometry_dropout,test_unseen,92,val:2008_001478:part_63,2008_001478,dog,torso,torso,0.6971087455749512,0.8215251564979553,0.11227297782897949,0.5258596539497375,1.0,1.0,1.0
geometry_dropout,test_unseen,93,val:2008_001478:part_66,2008_001478,dog,nose,nose,0.0,0.0,0.0,0.008386916480958462,0.08404541015625,0.99853515625,5.364418029785156e-07
geometry_dropout,test_unseen,94,val:2008_001478:part_68,2008_001478,dog,ear,ear,0.5329545736312866,0.6953298449516296,0.012383900582790375,0.1965334117412567,0.0033893585205078125,0.998046875,0.0
geometry_dropout,test_unseen,95,val:2008_001478:part_69,2008_001478,dog,muzzle,muzzle,0.39338234066963196,0.5646438002586365,0.0,0.09728822857141495,0.95166015625,1.0,0.0015668869018554688
geometry_dropout,test_unseen,96,val:2008_001514:part_11,2008_001514,bird,wing,wing,0.4926365911960602,0.6600891351699829,0.32960623502731323,0.6068232655525208,0.7890625,1.0,0.0002472400665283203
geometry_dropout,test_unseen,97,val:2008_001514:part_12,2008_001514,bird,tail,tail,0.0,0.0,0.0,0.14709171652793884,0.9697265625,1.0,0.0005617141723632812
geometry_dropout,test_unseen,98,val:2008_001514:part_13,2008_001514,bird,head,head,0.0,0.0,0.0,0.03076062723994255,1.0,1.0,1.0
geometry_dropout,test_unseen,99,val:2008_001514:part_14,2008_001514,bird,eye,eye,0.0,0.0,0.0,0.0011185682378709316,0.5927734375,0.99951171875,0.00018668174743652344
geometry_dropout,test_unseen,100,val:2008_001514:part_15,2008_001514,bird,beak,beak,0.0,0.0,0.0,0.0011185682378709316,0.67333984375,1.0,0.00011867284774780273
geometry_dropout,test_unseen,101,val:2008_001514:part_16,2008_001514,bird,torso,torso,0.26952141523361206,0.4246031641960144,0.1090909093618393,0.18959730863571167,1.0,1.0,1.0
geometry_dropout,test_unseen,102,val:2008_001895:part_61,2008_001895,dog,head,head,0.13684043288230896,0.2407381534576416,0.06973747909069061,0.06832163035869598,1.0,1.0,1.0
geometry_dropout,test_unseen,103,val:2008_001895:part_62,2008_001895,dog,eye,eye,0.2232142835855484,0.36496350169181824,0.0,0.001809365232475102,0.5927734375,0.99951171875,0.00018668174743652344
geometry_dropout,test_unseen,104,val:2008_001895:part_63,2008_001895,dog,torso,torso,0.5960015058517456,0.746868371963501,0.12112622708082199,0.4588550329208374,1.0,1.0,1.0
geometry_dropout,test_unseen,105,val:2008_001895:part_66,2008_001895,dog,nose,nose,0.5797872543334961,0.7340067625045776,0.0,0.012593182735145092,0.08404541015625,0.99853515625,5.364418029785156e-07
geometry_dropout,test_unseen,106,val:2008_001895:part_68,2008_001895,dog,ear,ear,0.0,0.0,0.0,0.10943040996789932,0.0033893585205078125,0.998046875,0.0
geometry_dropout,test_unseen,107,val:2008_001895:part_69,2008_001895,dog,muzzle,muzzle,0.14212657511234283,0.24888059496879578,0.01033210288733244,0.2898603081703186,0.95166015625,1.0,0.0015668869018554688
geometry_dropout,test_unseen,108,val:2008_002043:part_11,2008_002043,bird,wing,wing,0.07999999821186066,0.14814814925193787,0.1393805295228958,0.1294478476047516,0.7890625,1.0,0.0002472400665283203
geometry_dropout,test_unseen,109,val:2008_002043:part_12,2008_002043,bird,tail,tail,0.36918604373931885,0.5392781496047974,0.18727272748947144,0.06012269854545593,0.9697265625,1.0,0.0005617141723632812
geometry_dropout,test_unseen,110,val:2008_002043:part_13,2008_002043,bird,head,head,0.7681818008422852,0.8688945770263672,0.06528189778327942,0.2785276174545288,1.0,1.0,1.0
geometry_dropout,test_unseen,111,val:2008_002043:part_14,2008_002043,bird,eye,eye,0.08695652335882187,0.1599999964237213,0.0,0.0021472391672432423,0.5927734375,0.99951171875,0.00018668174743652344
geometry_dropout,test_unseen,112,val:2008_002043:part_15,2008_002043,bird,beak,beak,0.07446808367967606,0.13861386477947235,0.0,0.014417177997529507,0.67333984375,1.0,0.00011867284774780273
geometry_dropout,test_unseen,113,val:2008_002043:part_16,2008_002043,bird,torso,torso,0.6991525292396545,0.8229426145553589,0.04448067024350166,0.5099693536758423,1.0,1.0,1.0
geometry_dropout,test_unseen,114,val:2008_002043:part_18,2008_002043,bird,leg,leg,0.0,0.0,0.06268081068992615,0.00015337423246819526,1.0,1.0,1.0
geometry_dropout,test_unseen,115,val:2008_002239:part_61,2008_002239,dog,head,head,0.3265913128852844,0.4923766851425171,0.09101904928684235,0.19111552834510803,1.0,1.0,1.0
geometry_dropout,test_unseen,116,val:2008_002239:part_62,2008_002239,dog,eye,eye,0.15492957830429077,0.26829269528388977,0.0,0.012597381137311459,0.5927734375,0.99951171875,0.00018668174743652344
geometry_dropout,test_unseen,117,val:2008_002239:part_63,2008_002239,dog,torso,torso,0.7335487604141235,0.8462972640991211,0.1406482309103012,0.4206862151622772,1.0,1.0,1.0
geometry_dropout,test_unseen,118,val:2008_002239:part_65,2008_002239,dog,leg,leg,0.3709884583950043,0.5411984920501709,0.22523744404315948,0.05486490949988365,1.0,1.0,1.0
geometry_dropout,test_unseen,119,val:2008_002239:part_66,2008_002239,dog,nose,nose,0.017391303554177284,0.03418803587555885,0.0,0.015415215864777565,0.08404541015625,0.99853515625,5.364418029785156e-07
geometry_dropout,test_unseen,120,val:2008_002239:part_67,2008_002239,dog,paw,paw,0.3283582031726837,0.49438202381134033,0.3488943576812744,0.03580308333039284,0.9912109375,1.0,0.0014209747314453125
geometry_dropout,test_unseen,121,val:2008_002239:part_68,2008_002239,dog,ear,ear,0.4353214502334595,0.6065838932991028,0.3733733594417572,0.1415547877550125,0.0033893585205078125,0.998046875,0.0
geometry_dropout,test_unseen,122,val:2008_002239:part_69,2008_002239,dog,muzzle,muzzle,0.4495305120944977,0.6202428936958313,0.05868544429540634,0.12696833908557892,0.95166015625,1.0,0.0015668869018554688
geometry_dropout,test_unseen,123,val:2008_002240:part_79,2008_002240,motorbike,wheel,wheel,0.2256568819284439,0.3682219386100769,0.17255252599716187,0.056355856359004974,1.0,1.0,0.9970703125
geometry_dropout,test_unseen,124,val:2008_002240:part_82,2008_002240,motorbike,headlight,headlight,0.0,0.0,0.0,0.004641070496290922,1.0,1.0,0.99755859375
geometry_dropout,test_unseen,125,val:2008_002383:part_79,2008_002383,motorbike,wheel,wheel,0.252140611410141,0.40273529291152954,0.1169445663690567,0.1491602212190628,1.0,1.0,0.9970703125
geometry_dropout,test_unseen,126,val:2008_002429:part_11,2008_002429,bird,wing,wing,0.20285969972610474,0.33729568123817444,0.22614379227161407,0.2139209657907486,0.7890625,1.0,0.0002472400665283203
geometry_dropout,test_unseen,127,val:2008_002429:part_12,2008_002429,bird,tail,tail,0.0,0.0,0.044247787445783615,0.04240674898028374,0.9697265625,1.0,0.0005617141723632812
geometry_dropout,test_unseen,128,val:2008_002429:part_13,2008_002429,bird,head,head,0.5511810779571533,0.710659921169281,0.19133099913597107,0.1400976926088333,1.0,1.0,1.0
geometry_dropout,test_unseen,129,val:2008_002429:part_14,2008_002429,bird,eye,eye,0.10000000149011612,0.1818181872367859,0.0,0.0016651864862069488,0.5927734375,0.99951171875,0.00018668174743652344
geometry_dropout,test_unseen,130,val:2008_002429:part_15,2008_002429,bird,beak,beak,0.0,0.0,0.0,0.04562611132860184,0.67333984375,1.0,0.00011867284774780273
geometry_dropout,test_unseen,131,val:2008_002429:part_16,2008_002429,bird,torso,torso,0.5544708967208862,0.7133886218070984,0.1498209834098816,0.5196492075920105,1.0,1.0,1.0
geometry_dropout,test_unseen,132,val:2008_002429:part_18,2008_002429,bird,leg,leg,0.014430014416575432,0.02844950184226036,0.10465116053819656,0.0049955593422055244,1.0,1.0,1.0
geometry_dropout,test_unseen,133,val:2008_002429:part_19,2008_002429,bird,foot,foot,0.08888889104127884,0.16326530277729034,0.0,0.029973357915878296,1.0,1.0,0.81298828125
geometry_dropout,test_unseen,134,val:2008_002536:part_60,2008_002536,dog,tail,tail,0.1990291327238083,0.3319838047027588,0.1875,0.12373225390911102,0.9697265625,1.0,0.0005617141723632812
geometry_dropout,test_unseen,135,val:2008_002536:part_61,2008_002536,dog,head,head,0.04545454680919647,0.08695652335882187,0.54666668176651,0.02298850566148758,1.0,1.0,1.0
geometry_dropout,test_unseen,136,val:2008_002536:part_63,2008_002536,dog,torso,torso,0.5756457448005676,0.7306791543960571,0.044096726924180984,0.39080458879470825,1.0,1.0,1.0
geometry_dropout,test_unseen,137,val:2008_002536:part_64,2008_002536,dog,neck,neck,0.30493274331092834,0.4673539400100708,0.09090909361839294,0.1000676155090332,1.0,1.0,1.0
geometry_dropout,test_unseen,138,val:2008_002536:part_65,2008_002536,dog,leg,leg,0.12190812826156616,0.21732284128665924,0.5255101919174194,0.296822190284729,1.0,1.0,1.0
geometry_dropout,test_unseen,139,val:2008_002536:part_67,2008_002536,dog,paw,paw,0.0,0.0,0.0,0.020283976569771767,0.9912109375,1.0,0.0014209747314453125
geometry_dropout,test_unseen,140,val:2008_002536:part_68,2008_002536,dog,ear,ear,0.055776894092559814,0.10566037893295288,0.6458333134651184,0.016903312876820564,0.0033893585205078125,0.998046875,0.0
geometry_dropout,test_unseen,141,val:2008_002536:part_69,2008_002536,dog,muzzle,muzzle,0.03030303120613098,0.05882352963089943,0.949999988079071,0.028397565707564354,0.95166015625,1.0,0.0015668869018554688
geometry_dropout,test_unseen,142,val:2008_002859:part_60,2008_002859,dog,tail,tail,0.32832834124565125,0.4943481683731079,0.24103832244873047,0.04976462572813034,0.9697265625,1.0,0.0005617141723632812
geometry_dropout,test_unseen,143,val:2008_002859:part_61,2008_002859,dog,head,head,0.5862661004066467,0.7391774654388428,0.049393415451049805,0.06667307019233704,1.0,1.0,1.0
geometry_dropout,test_unseen,144,val:2008_002859:part_62,2008_002859,dog,eye,eye,0.06986899673938751,0.13061223924160004,0.0,0.002882121130824089,0.5927734375,0.99951171875,0.00018668174743652344
geometry_dropout,test_unseen,145,val:2008_002859:part_63,2008_002859,dog,torso,torso,0.7295522093772888,0.8436313271522522,0.06315311044454575,0.47891247272491455,1.0,1.0,1.0
geometry_dropout,test_unseen,146,val:2008_002859:part_64,2008_002859,dog,neck,neck,0.0,0.0,0.0,0.016524162143468857,1.0,1.0,1.0
geometry_dropout,test_unseen,147,val:2008_002859:part_65,2008_002859,dog,leg,leg,0.45448967814445496,0.6249472498893738,0.25265392661094666,0.27591508626937866,1.0,1.0,1.0
geometry_dropout,test_unseen,148,val:2008_002859:part_66,2008_002859,dog,nose,nose,0.0,0.0,0.0,0.00470746448263526,0.08404541015625,0.99853515625,5.364418029785156e-07
geometry_dropout,test_unseen,149,val:2008_002859:part_67,2008_002859,dog,paw,paw,0.22145329415798187,0.3626062273979187,0.4331210255622864,0.03765971586108208,0.9912109375,1.0,0.0014209747314453125
geometry_dropout,test_unseen,150,val:2008_002859:part_68,2008_002859,dog,ear,ear,0.34797295928001404,0.5162907242774963,0.0589318610727787,0.02449803054332733,0.0033893585205078125,0.998046875,0.0
geometry_dropout,test_unseen,151,val:2008_002859:part_69,2008_002859,dog,muzzle,muzzle,0.5939716100692749,0.7452725172042847,0.27153557538986206,0.03506580740213394,0.95166015625,1.0,0.0015668869018554688
geometry_dropout,test_unseen,152,val:2008_002904:part_60,2008_002904,dog,tail,tail,0.28496041893959045,0.4435318410396576,0.6896551847457886,0.020435165613889694,0.9697265625,1.0,0.0005617141723632812
geometry_dropout,test_unseen,153,val:2008_002904:part_61,2008_002904,dog,head,head,0.6263949275016785,0.7702863812446594,0.06752730906009674,0.1967068463563919,1.0,1.0,1.0
geometry_dropout,test_unseen,154,val:2008_002904:part_62,2008_002904,dog,eye,eye,0.12751677632331848,0.2261904776096344,0.0,0.0066157011315226555,0.5927734375,0.99951171875,0.00018668174743652344
geometry_dropout,test_unseen,155,val:2008_002904:part_63,2008_002904,dog,torso,torso,0.687218427658081,0.8146169781684875,0.07460890710353851,0.4351661205291748,1.0,1.0,1.0
geometry_dropout,test_unseen,156,val:2008_002904:part_65,2008_002904,dog,leg,leg,0.5172839760780334,0.6818551421165466,0.08569182455539703,0.1743604838848114,1.0,1.0,1.0
geometry_dropout,test_unseen,157,val:2008_002904:part_66,2008_002904,dog,nose,nose,0.31677019596099854,0.4811320900917053,0.0,0.008232872933149338,0.08404541015625,0.99853515625,5.364418029785156e-07
geometry_dropout,test_unseen,158,val:2008_002904:part_67,2008_002904,dog,paw,paw,0.15864022076129913,0.2738386392593384,0.3095577657222748,0.01720082387328148,0.9912109375,1.0,0.0014209747314453125
geometry_dropout,test_unseen,159,val:2008_002904:part_68,2008_002904,dog,ear,ear,0.5869241952896118,0.7397003769874573,0.04603174701333046,0.0643928274512291,0.0033893585205078125,0.998046875,0.0
geometry_dropout,test_unseen,160,val:2008_002904:part_69,2008_002904,dog,muzzle,muzzle,0.5126183032989502,0.6777893900871277,0.13064515590667725,0.04983828216791153,0.95166015625,1.0,0.0015668869018554688
geometry_dropout,test_unseen,161,val:2008_002936:part_61,2008_002936,dog,head,head,0.331501841545105,0.4979367256164551,0.07897153496742249,0.0691680908203125,1.0,1.0,1.0
geometry_dropout,test_unseen,162,val:2008_002936:part_62,2008_002936,dog,eye,eye,0.0,0.0,0.0,0.0034110289998352528,0.5927734375,0.99951171875,0.00018668174743652344
geometry_dropout,test_unseen,163,val:2008_002936:part_63,2008_002936,dog,torso,torso,0.7990382313728333,0.8882948756217957,0.12576064467430115,0.599583089351654,1.0,1.0,1.0
geometry_dropout,test_unseen,164,val:2008_002936:part_64,2008_002936,dog,neck,neck,0.3778626024723053,0.5484764575958252,0.2068965584039688,0.04889141395688057,1.0,1.0,1.0
geometry_dropout,test_unseen,165,val:2008_002936:part_65,2008_002936,dog,leg,leg,0.4361567497253418,0.6073943376541138,0.3350221514701843,0.1313246190547943,1.0,1.0,1.0
geometry_dropout,test_unseen,166,val:2008_002936:part_66,2008_002936,dog,nose,nose,0.0,0.0,0.0,0.006632556207478046,0.08404541015625,0.99853515625,5.364418029785156e-07
geometry_dropout,test_unseen,167,val:2008_002936:part_67,2008_002936,dog,paw,paw,0.3029197156429291,0.46498599648475647,0.5573122501373291,0.019708167761564255,0.9912109375,1.0,0.0014209747314453125
geometry_dropout,test_unseen,168,val:2008_002936:part_68,2008_002936,dog,ear,ear,0.3202725648880005,0.48516130447387695,0.5790598392486572,0.05817699432373047,0.0033893585205078125,0.998046875,0.0
geometry_dropout,test_unseen,169,val:2008_002936:part_69,2008_002936,dog,muzzle,muzzle,0.37478992342948914,0.5452322959899902,0.2705882489681244,0.0422588586807251,0.95166015625,1.0,0.0015668869018554688
geometry_dropout,test_unseen,170,val:2008_002958:part_32,2008_002958,car,wheel,wheel,0.0,0.0,0.028443949297070503,0.00027188690728507936,1.0,1.0,0.9970703125
geometry_dropout,test_unseen,171,val:2008_002958:part_33,2008_002958,car,headlight,headlight,0.0,0.0,0.0,0.00027188690728507936,1.0,1.0,0.99755859375
geometry_dropout,test_unseen,172,val:2008_002958:part_34,2008_002958,car,front,front,0.0,0.0,0.0,0.0029907559510320425,1.0,1.0,1.0
geometry_dropout,test_unseen,173,val:2008_002958:part_41,2008_002958,car,window,window,0.0,0.0,0.3033175468444824,0.00152256665751338,0.99951171875,1.0,0.99365234375
geometry_dropout,test_unseen,174,val:2008_003110:part_11,2008_003110,bird,wing,wing,0.0,0.0,0.01005025114864111,0.0669868215918541,0.7890625,1.0,0.0002472400665283203
geometry_dropout,test_unseen,175,val:2008_003110:part_13,2008_003110,bird,head,head,0.27710843086242676,0.43396225571632385,0.3576158881187439,0.020563969388604164,1.0,1.0,1.0
geometry_dropout,test_unseen,176,val:2008_003110:part_14,2008_003110,bird,eye,eye,0.0,0.0,0.0,0.0003694126207847148,0.5927734375,0.99951171875,0.00018668174743652344
geometry_dropout,test_unseen,177,val:2008_003110:part_15,2008_003110,bird,beak,beak,0.0,0.0,0.375,0.0004925501998513937,0.67333984375,1.0,0.00011867284774780273
geometry_dropout,test_unseen,178,val:2008_003110:part_16,2008_003110,bird,torso,torso,0.30427733063697815,0.46658381819725037,0.11598103493452072,0.3270533084869385,1.0,1.0,1.0
geometry_dropout,test_unseen,179,val:2008_003110:part_17,2008_003110,bird,neck,neck,0.12356321513652802,0.21994884312152863,0.3017241358757019,0.005294914357364178,1.0,1.0,1.0
geometry_dropout,test_unseen,180,val:2008_003110:part_18,2008_003110,bird,leg,leg,0.014454664662480354,0.02849740907549858,0.0979020968079567,0.007018839940428734,1.0,1.0,1.0
geometry_dropout,test_unseen,181,val:2008_003110:part_19,2008_003110,bird,foot,foot,0.0,0.0,0.0,0.0034478511661291122,1.0,1.0,0.81298828125
geometry_dropout,test_unseen,182,val:2008_003141:part_32,2008_003141,car,wheel,wheel,0.08252426981925964,0.15246637165546417,0.23960880935192108,0.012288276106119156,1.0,1.0,0.9970703125
geometry_dropout,test_unseen,183,val:2008_003141:part_35,2008_003141,car,side,side,0.28457143902778625,0.4430604875087738,0.2759084701538086,0.1265360414981842,1.0,1.0,0.99755859375
geometry_dropout,test_unseen,184,val:2008_003141:part_36,2008_003141,car,back,back,0.6032549738883972,0.7525377869606018,0.03498190641403198,0.6462969183921814,1.0,1.0,1.0
geometry_dropout,test_unseen,185,val:2008_003141:part_41,2008_003141,car,window,window,0.2610340416431427,0.414000004529953,0.018108651041984558,0.16705413162708282,0.99951171875,1.0,0.99365234375
geometry_dropout,test_unseen,186,val:2008_003238:part_60,2008_003238,dog,tail,tail,0.50070720911026,0.667294979095459,0.12518629431724548,0.061277396976947784,0.9697265625,1.0,0.0005617141723632812
geometry_dropout,test_unseen,187,val:2008_003238:part_61,2008_003238,dog,head,head,0.5902872681617737,0.7423655986785889,0.0,0.168827086687088,1.0,1.0,1.0
geometry_dropout,test_unseen,188,val:2008_003238:part_62,2008_003238,dog,eye,eye,0.21666666865348816,0.3561643958091736,0.0,0.0020425799302756786,0.5927734375,0.99951171875,0.00018668174743652344
geometry_dropout,test_unseen,189,val:2008_003238:part_63,2008_003238,dog,torso,torso,0.3681526780128479,0.5381748676300049,0.0384785495698452,0.20488648116588593,1.0,1.0,1.0
geometry_dropout,test_unseen,190,val:2008_003238:part_64,2008_003238,dog,neck,neck,0.4121287167072296,0.5836985111236572,0.0,0.04642941430211067,1.0,1.0,1.0
geometry_dropout,test_unseen,191,val:2008_003238:part_65,2008_003238,dog,leg,leg,0.5653703808784485,0.72234708070755,0.11602333933115005,0.31400737166404724,1.0,1.0,1.0
geometry_dropout,test_unseen,192,val:2008_003238:part_66,2008_003238,dog,nose,nose,0.0,0.0,0.0,0.00581349665299058,0.08404541015625,0.99853515625,5.364418029785156e-07
geometry_dropout,test_unseen,193,val:2008_003238:part_67,2008_003238,dog,paw,paw,0.21272727847099304,0.35082459449768066,0.14628297090530396,0.01964019238948822,0.9912109375,1.0,0.0014209747314453125
geometry_dropout,test_unseen,194,val:2008_003238:part_68,2008_003238,dog,ear,ear,0.48600509762763977,0.6541095972061157,0.0,0.09144473075866699,0.0033893585205078125,0.998046875,0.0
geometry_dropout,test_unseen,195,val:2008_003238:part_69,2008_003238,dog,muzzle,muzzle,0.19525350630283356,0.32671481370925903,0.0,0.03495953977108002,0.95166015625,1.0,0.0015668869018554688
geometry_dropout,test_unseen,196,val:2008_003511:part_60,2008_003511,dog,tail,tail,0.0,0.0,0.0,0.02234332449734211,0.9697265625,1.0,0.0005617141723632812
geometry_dropout,test_unseen,197,val:2008_003511:part_61,2008_003511,dog,head,head,0.6600566506385803,0.7952218651771545,0.0,0.1667574942111969,1.0,1.0,1.0
geometry_dropout,test_unseen,198,val:2008_003511:part_62,2008_003511,dog,eye,eye,0.0,0.0,0.0,0.007084468845278025,0.5927734375,0.99951171875,0.00018668174743652344
geometry_dropout,test_unseen,199,val:2008_003511:part_63,2008_003511,dog,torso,torso,0.39374426007270813,0.565016508102417,0.12052980065345764,0.41416892409324646,1.0,1.0,1.0
geometry_dropout,test_unseen,200,val:2008_003511:part_65,2008_003511,dog,leg,leg,0.09567198157310486,0.17463617026805878,0.5525291562080383,0.12207084149122238,1.0,1.0,1.0
geometry_dropout,test_unseen,201,val:2008_003511:part_66,2008_003511,dog,nose,nose,0.0,0.0,0.0,0.00817438680678606,0.08404541015625,0.99853515625,5.364418029785156e-07
geometry_dropout,test_unseen,202,val:2008_003511:part_67,2008_003511,dog,paw,paw,0.0,0.0,1.0,0.06539509445428848,0.9912109375,1.0,0.0014209747314453125
geometry_dropout,test_unseen,203,val:2008_003511:part_68,2008_003511,dog,ear,ear,0.1737704873085022,0.29608938097953796,0.3497757911682129,0.07356948405504227,0.0033893585205078125,0.998046875,0.0
geometry_dropout,test_unseen,204,val:2008_003511:part_69,2008_003511,dog,muzzle,muzzle,0.0,0.0,0.0,0.03978201746940613,0.95166015625,1.0,0.0015668869018554688
geometry_dropout,test_unseen,205,val:2008_003576:part_61,2008_003576,dog,head,head,0.3757808804512024,0.5462801456451416,0.0657004863023758,0.13196870684623718,1.0,1.0,1.0
geometry_dropout,test_unseen,206,val:2008_003576:part_62,2008_003576,dog,eye,eye,0.19117647409439087,0.32098764181137085,0.0,0.007155932951718569,0.5927734375,0.99951171875,0.00018668174743652344
geometry_dropout,test_unseen,207,val:2008_003576:part_63,2008_003576,dog,torso,torso,0.6182515621185303,0.7640982270240784,0.05908319354057312,0.492594450712204,1.0,1.0,1.0
geometry_dropout,test_unseen,208,val:2008_003576:part_64,2008_003576,dog,neck,neck,0.4055555462837219,0.5770751237869263,0.1596958190202713,0.03877517208456993,1.0,1.0,1.0
geometry_dropout,test_unseen,209,val:2008_003576:part_65,2008_003576,dog,leg,leg,0.27528518438339233,0.43172332644462585,0.1870109587907791,0.06640040129423141,1.0,1.0,1.0
geometry_dropout,test_unseen,210,val:2008_003576:part_66,2008_003576,dog,nose,nose,0.2281879186630249,0.3715847134590149,0.0,0.014811116270720959,0.08404541015625,0.99853515625,5.364418029785156e-07
geometry_dropout,test_unseen,211,val:2008_003576:part_67,2008_003576,dog,paw,paw,0.2646420896053314,0.4185248613357544,0.5948660969734192,0.04493260011076927,0.9912109375,1.0,0.0014209747314453125
geometry_dropout,test_unseen,212,val:2008_003576:part_68,2008_003576,dog,ear,ear,0.5011627674102783,0.6676994562149048,0.31726908683776855,0.0905308723449707,0.0033893585205078125,0.998046875,0.0
geometry_dropout,test_unseen,213,val:2008_003576:part_69,2008_003576,dog,muzzle,muzzle,0.6476964950561523,0.7861841917037964,0.0,0.09152936935424805,0.95166015625,1.0,0.0015668869018554688
geometry_dropout,test_unseen,214,val:2008_003577:part_32,2008_003577,car,wheel,wheel,0.679186224937439,0.8089469075202942,0.007407407276332378,0.0703795775771141,1.0,1.0,0.9970703125
geometry_dropout,test_unseen,215,val:2008_003577:part_33,2008_003577,car,headlight,headlight,0.2409793883562088,0.38836967945098877,0.0,0.015853291377425194,1.0,1.0,0.99755859375
geometry_dropout,test_unseen,216,val:2008_003577:part_34,2008_003577,car,front,front,0.7345932722091675,0.8469919562339783,0.046206194907426834,0.4821132719516754,1.0,1.0,1.0
geometry_dropout,test_unseen,217,val:2008_003577:part_35,2008_003577,car,side,side,0.23119041323661804,0.3755559027194977,0.051931191235780716,0.13962946832180023,1.0,1.0,0.99755859375
geometry_dropout,test_unseen,218,val:2008_003577:part_38,2008_003577,car,mirror,mirror,0.0,0.0,0.0,0.00233468902297318,0.05572509765625,0.9814453125,4.112720489501953e-06
geometry_dropout,test_unseen,219,val:2008_003577:part_40,2008_003577,car,door,door,0.03188496455550194,0.06179945543408394,0.15591397881507874,0.09628709405660629,0.204833984375,0.9970703125,2.777576446533203e-05
geometry_dropout,test_unseen,220,val:2008_003577:part_41,2008_003577,car,window,window,0.34817472100257874,0.5165127515792847,0.020854527130723,0.09252146631479263,0.99951171875,1.0,0.99365234375
geometry_dropout,test_unseen,221,val:2008_003846:part_32,2008_003846,car,wheel,wheel,0.697057843208313,0.8214898109436035,0.028184087947010994,0.20776352286338806,1.0,1.0,0.9970703125
geometry_dropout,test_unseen,222,val:2008_003846:part_33,2008_003846,car,headlight,headlight,0.0,0.0,0.0,0.011042214930057526,1.0,1.0,0.99755859375
geometry_dropout,test_unseen,223,val:2008_003846:part_35,2008_003846,car,side,side,0.3310983180999756,0.4974813759326935,0.020217882469296455,0.33177611231803894,1.0,1.0,0.99755859375
geometry_dropout,test_unseen,224,val:2008_003846:part_40,2008_003846,car,door,door,0.004559703636914492,0.009078014642000198,0.0,0.28140661120414734,0.204833984375,0.9970703125,2.777576446533203e-05
geometry_dropout,test_unseen,225,val:2008_003846:part_41,2008_003846,car,window,window,0.08794788271188736,0.16167664527893066,0.0,0.144822895526886,0.99951171875,1.0,0.99365234375
geometry_dropout,test_unseen,226,val:2008_004069:part_32,2008_004069,car,wheel,wheel,0.0,0.0,0.09900990128517151,0.014715415425598621,1.0,1.0,0.9970703125
geometry_dropout,test_unseen,227,val:2008_004069:part_33,2008_004069,car,headlight,headlight,0.0,0.0,0.0,0.03507066145539284,1.0,1.0,0.99755859375
geometry_dropout,test_unseen,228,val:2008_004069:part_34,2008_004069,car,front,front,0.6975314021110535,0.8218185305595398,0.04720118269324303,0.6221314668655396,1.0,1.0,1.0
geometry_dropout,test_unseen,229,val:2008_004069:part_38,2008_004069,car,mirror,mirror,0.1517615169286728,0.2635294198989868,0.4285714328289032,0.014391287229955196,0.05572509765625,0.9814453125,4.112720489501953e-06
geometry_dropout,test_unseen,230,val:2008_004069:part_41,2008_004069,car,window,window,0.6840425729751587,0.8123815655708313,0.009882478974759579,0.1677687019109726,0.99951171875,1.0,0.99365234375
geometry_dropout,test_unseen,231,val:2008_004339:part_32,2008_004339,car,wheel,wheel,0.0,0.0,0.0,0.16044776141643524,1.0,1.0,0.9970703125
geometry_dropout,test_unseen,232,val:2008_004339:part_33,2008_004339,car,headlight,headlight,0.0,0.0,0.0,0.03606965020298958,1.0,1.0,0.99755859375
geometry_dropout,test_unseen,233,val:2008_004339:part_34,2008_004339,car,front,front,0.0,0.0,0.0,0.21268656849861145,1.0,1.0,1.0
geometry_dropout,test_unseen,234,val:2008_004339:part_35,2008_004339,car,side,side,0.15163147449493408,0.2633333206176758,0.6885812878608704,0.3868159055709839,1.0,1.0,0.99755859375
geometry_dropout,test_unseen,235,val:2008_004339:part_41,2008_004339,car,window,window,0.0,0.0,0.0,0.11567164212465286,0.99951171875,1.0,0.99365234375
geometry_dropout,test_unseen,236,val:2008_004345:part_79,2008_004345,motorbike,wheel,wheel,0.6474645733833313,0.7860133647918701,0.04559710621833801,0.34832963347435,1.0,1.0,0.9970703125
geometry_dropout,test_unseen,237,val:2008_004345:part_82,2008_004345,motorbike,headlight,headlight,0.0,0.0,0.0,0.02635486237704754,1.0,1.0,0.99755859375
geometry_dropout,test_unseen,238,val:2008_004453:part_100,2008_004453,sheep,head,head,0.7749999761581421,0.8732394576072693,0.09559434652328491,0.06784716993570328,1.0,1.0,1.0
geometry_dropout,test_unseen,239,val:2008_004453:part_101,2008_004453,sheep,eye,eye,0.018518518656492233,0.036363635212183,0.0,0.00038080732338130474,0.5927734375,0.99951171875,0.00018668174743652344
geometry_dropout,test_unseen,240,val:2008_004453:part_102,2008_004453,sheep,torso,torso,0.21163125336170197,0.3493327796459198,0.09129875898361206,0.1680629551410675,1.0,1.0,1.0
geometry_dropout,test_unseen,241,val:2008_004453:part_104,2008_004453,sheep,leg,leg,0.019338740035891533,0.03794369474053383,0.3018597960472107,0.029956841841340065,1.0,1.0,1.0
geometry_dropout,test_unseen,242,val:2008_004453:part_105,2008_004453,sheep,ear,ear,0.18192487955093384,0.3078450858592987,0.2936117947101593,0.012249302119016647,0.0033893585205078125,0.998046875,0.0
geometry_dropout,test_unseen,243,val:2008_004453:part_106,2008_004453,sheep,muzzle,muzzle,0.3233945071697235,0.4887348413467407,0.0,0.027671998366713524,0.95166015625,1.0,0.0015668869018554688
geometry_dropout,test_unseen,244,val:2008_004552:part_32,2008_004552,car,wheel,wheel,0.3039581775665283,0.46620848774909973,0.06040000170469284,0.13841216266155243,1.0,1.0,0.9970703125
geometry_dropout,test_unseen,245,val:2008_004552:part_35,2008_004552,car,side,side,0.4252822995185852,0.5967692136764526,0.09893569350242615,0.4252825379371643,1.0,1.0,0.99755859375
geometry_dropout,test_unseen,246,val:2008_004552:part_36,2008_004552,car,back,back,0.41198500990867615,0.5835543870925903,0.14003294706344604,0.12571507692337036,1.0,1.0,1.0
geometry_dropout,test_unseen,247,val:2008_004552:part_38,2008_004552,car,mirror,mirror,0.0,0.0,0.0,0.00516255060210824,0.05572509765625,0.9814453125,4.112720489501953e-06
geometry_dropout,test_unseen,248,val:2008_004552:part_39,2008_004552,car,license plate,license plate,0.0,0.0,0.0,0.0009766987059265375,1.0,1.0,0.99609375
geometry_dropout,test_unseen,249,val:2008_004552:part_40,2008_004552,car,door,door,0.0,0.0,0.0,0.14636528491973877,0.204833984375,0.9970703125,2.777576446533203e-05
geometry_dropout,test_unseen,250,val:2008_004552:part_41,2008_004552,car,window,window,0.0,0.0,0.0,0.1317148059606552,0.99951171875,1.0,0.99365234375
geometry_dropout,test_unseen,251,val:2008_004621:part_100,2008_004621,sheep,head,head,0.5506072640419006,0.710182785987854,0.17636986076831818,0.12140419334173203,1.0,1.0,1.0
geometry_dropout,test_unseen,252,val:2008_004621:part_101,2008_004621,sheep,eye,eye,0.0,0.0,0.0,0.0022753127850592136,0.5927734375,0.99951171875,0.00018668174743652344
geometry_dropout,test_unseen,253,val:2008_004621:part_102,2008_004621,sheep,torso,torso,0.7492705583572388,0.8566662669181824,0.12016493082046509,0.6338371634483337,1.0,1.0,1.0
geometry_dropout,test_unseen,254,val:2008_004621:part_103,2008_004621,sheep,neck,neck,0.42393162846565247,0.5954381823539734,0.07234042882919312,0.05899561196565628,1.0,1.0,1.0
geometry_dropout,test_unseen,255,val:2008_004621:part_104,2008_004621,sheep,leg,leg,0.5240101218223572,0.6876727342605591,0.2458442747592926,0.10823988169431686,1.0,1.0,1.0
geometry_dropout,test_unseen,256,val:2008_004621:part_105,2008_004621,sheep,ear,ear,0.27808472514152527,0.43515849113464355,0.3238770663738251,0.04404355585575104,0.0033893585205078125,0.998046875,0.0
geometry_dropout,test_unseen,257,val:2008_004621:part_106,2008_004621,sheep,muzzle,muzzle,0.0585365854203701,0.1105990782380104,0.0,0.010563952848315239,0.95166015625,1.0,0.0015668869018554688
geometry_dropout,test_unseen,258,val:2008_004854:part_100,2008_004854,sheep,head,head,0.33927348256111145,0.5066530108451843,0.15575465559959412,0.05361901596188545,1.0,1.0,1.0
geometry_dropout,test_unseen,259,val:2008_004854:part_101,2008_004854,sheep,eye,eye,0.0,0.0,0.0,0.0007994883344508708,0.5927734375,0.99951171875,0.00018668174743652344
geometry_dropout,test_unseen,260,val:2008_004854:part_102,2008_004854,sheep,torso,torso,0.49766969680786133,0.6645920276641846,0.07136351615190506,0.49525636434555054,1.0,1.0,1.0
geometry_dropout,test_unseen,261,val:2008_004854:part_103,2008_004854,sheep,neck,neck,0.3073471784591675,0.47018447518348694,0.0,0.07925594598054886,1.0,1.0,1.0
geometry_dropout,test_unseen,262,val:2008_004854:part_104,2008_004854,sheep,leg,leg,0.1488439291715622,0.25911951065063477,0.27272728085517883,0.0066091036424040794,1.0,1.0,1.0
geometry_dropout,test_unseen,263,val:2008_004854:part_105,2008_004854,sheep,ear,ear,0.20128479599952698,0.33511584997177124,0.06209849938750267,0.0050101266242563725,0.0033893585205078125,0.998046875,0.0
geometry_dropout,test_unseen,264,val:2008_004854:part_106,2008_004854,sheep,muzzle,muzzle,0.3261205554008484,0.49184149503707886,0.4015747904777527,0.01188572682440281,0.95166015625,1.0,0.0015668869018554688
geometry_dropout,test_unseen,265,val:2008_005049:part_79,2008_005049,motorbike,wheel,wheel,0.31478872895240784,0.4788430631160736,0.08912830799818039,0.2459302395582199,1.0,1.0,0.9970703125
geometry_dropout,test_unseen,266,val:2008_005197:part_63,2008_005197,dog,torso,torso,0.0042321644723415375,0.008428657427430153,0.15416666865348816,0.2784847617149353,1.0,1.0,1.0
geometry_dropout,test_unseen,267,val:2008_005197:part_65,2008_005197,dog,leg,leg,0.0,0.0,0.4689922332763672,0.14412547647953033,1.0,1.0,1.0
geometry_dropout,test_unseen,268,val:2008_005422:part_79,2008_005422,motorbike,wheel,wheel,0.5327659845352173,0.6951693296432495,0.15312843024730682,0.16635513305664062,1.0,1.0,0.9970703125
geometry_dropout,test_unseen,269,val:2008_005422:part_82,2008_005422,motorbike,headlight,headlight,0.0,0.0,0.0,0.014672896824777126,1.0,1.0,0.99755859375
geometry_dropout,test_unseen,270,val:2008_005633:part_99,2008_005633,sheep,tail,tail,0.14399999380111694,0.251748263835907,0.10619468986988068,0.008908686228096485,0.9697265625,1.0,0.0005617141723632812
geometry_dropout,test_unseen,271,val:2008_005633:part_100,2008_005633,sheep,head,head,0.4772475063800812,0.6461307406425476,0.18812990188598633,0.06503340601921082,1.0,1.0,1.0
geometry_dropout,test_unseen,272,val:2008_005633:part_101,2008_005633,sheep,eye,eye,0.08955223858356476,0.16438356041908264,0.0,0.0017817371990531683,0.5927734375,0.99951171875,0.00018668174743652344
geometry_dropout,test_unseen,273,val:2008_005633:part_102,2008_005633,sheep,torso,torso,0.7308846712112427,0.8445215225219727,0.14434629678726196,0.6149963140487671,1.0,1.0,1.0
geometry_dropout,test_unseen,274,val:2008_005633:part_103,2008_005633,sheep,neck,neck,0.6787401437759399,0.8086304068565369,0.08152174204587936,0.07631774246692657,1.0,1.0,1.0
geometry_dropout,test_unseen,275,val:2008_005633:part_104,2008_005633,sheep,leg,leg,0.4530160129070282,0.623552680015564,0.33944153785705566,0.18544915318489075,1.0,1.0,1.0
geometry_dropout,test_unseen,276,val:2008_005633:part_105,2008_005633,sheep,ear,ear,0.33773088455200195,0.5049309730529785,0.47999998927116394,0.023311061784625053,0.0033893585205078125,0.998046875,0.0
geometry_dropout,test_unseen,277,val:2008_005633:part_106,2008_005633,sheep,muzzle,muzzle,0.395061731338501,0.5663716793060303,0.43670886754989624,0.02019302174448967,0.95166015625,1.0,0.0015668869018554688
geometry_dropout,test_unseen,278,val:2008_005637:part_79,2008_005637,motorbike,wheel,wheel,0.7367211580276489,0.8484046459197998,0.17887087166309357,0.41938841342926025,1.0,1.0,0.9970703125
geometry_dropout,test_unseen,279,val:2008_005637:part_82,2008_005637,motorbike,headlight,headlight,0.0,0.0,0.0,0.014964216388761997,1.0,1.0,0.99755859375
geometry_dropout,test_unseen,280,val:2008_006130:part_61,2008_006130,dog,head,head,0.5775042176246643,0.7321745157241821,0.04600120335817337,0.25769057869911194,1.0,1.0,1.0
geometry_dropout,test_unseen,281,val:2008_006130:part_62,2008_006130,dog,eye,eye,0.07758620381355286,0.14399999380111694,0.0,0.0015604101354256272,0.5927734375,0.99951171875,0.00018668174743652344
geometry_dropout,test_unseen,282,val:2008_006130:part_63,2008_006130,dog,torso,torso,0.5882876515388489,0.7407822608947754,0.20919451117515564,0.4175211787223816,1.0,1.0,1.0
geometry_dropout,test_unseen,283,val:2008_006130:part_65,2008_006130,dog,leg,leg,0.39915966987609863,0.5705705881118774,0.21783295273780823,0.09942042082548141,1.0,1.0,1.0
geometry_dropout,test_unseen,284,val:2008_006130:part_66,2008_006130,dog,nose,nose,0.3054187297821045,0.4679245352745056,0.0,0.02262594737112522,0.08404541015625,0.99853515625,5.364418029785156e-07
geometry_dropout,test_unseen,285,val:2008_006130:part_67,2008_006130,dog,paw,paw,0.07055214792490005,0.1318051517009735,0.1355932205915451,0.012594738975167274,0.9912109375,1.0,0.0014209747314453125
geometry_dropout,test_unseen,286,val:2008_006130:part_68,2008_006130,dog,ear,ear,0.2853437066078186,0.44399595260620117,0.13636364042758942,0.049152921885252,0.0033893585205078125,0.998046875,0.0
geometry_dropout,test_unseen,287,val:2008_006130:part_69,2008_006130,dog,muzzle,muzzle,0.5272291898727417,0.6904388666152954,0.08978752791881561,0.12182345241308212,0.95166015625,1.0,0.0015668869018554688
geometry_dropout,test_unseen,288,val:2008_006143:part_13,2008_006143,bird,head,head,0.0,0.0,0.0,0.03333333507180214,1.0,1.0,1.0
geometry_dropout,test_unseen,289,val:2008_006143:part_16,2008_006143,bird,torso,torso,0.41436463594436646,0.5859375,0.34210526943206787,0.9466666579246521,1.0,1.0,1.0
geometry_dropout,test_unseen,290,val:2008_006254:part_32,2008_006254,car,wheel,wheel,0.0,0.0,0.23548386991024017,0.0008946830057539046,1.0,1.0,0.9970703125
geometry_dropout,test_unseen,291,val:2008_006327:part_100,2008_006327,sheep,head,head,0.45319464802742004,0.6237218976020813,0.07004471123218536,0.047354619950056076,1.0,1.0,1.0
geometry_dropout,test_unseen,292,val:2008_006327:part_101,2008_006327,sheep,eye,eye,0.0,0.0,0.0,0.00038562394911423326,0.5927734375,0.99951171875,0.00018668174743652344
geometry_dropout,test_unseen,293,val:2008_006327:part_102,2008_006327,sheep,torso,torso,0.222520112991333,0.36403509974479675,0.11874805390834808,0.17268240451812744,1.0,1.0,1.0
geometry_dropout,test_unseen,294,val:2008_006327:part_103,2008_006327,sheep,neck,neck,0.15336135029792786,0.26593807339668274,0.011037527583539486,0.007403979543596506,1.0,1.0,1.0
geometry_dropout,test_unseen,295,val:2008_006327:part_104,2008_006327,sheep,leg,leg,0.6251046061515808,0.7693099975585938,0.10748560726642609,0.06941230595111847,1.0,1.0,1.0
geometry_dropout,test_unseen,296,val:2008_006327:part_105,2008_006327,sheep,ear,ear,0.37959182262420654,0.5502958297729492,0.023560209199786186,0.022674687206745148,0.0033893585205078125,0.998046875,0.0
geometry_dropout,test_unseen,297,val:2008_006327:part_106,2008_006327,sheep,muzzle,muzzle,0.22647058963775635,0.3693045675754547,0.09302325546741486,0.015579206869006157,0.95166015625,1.0,0.0015668869018554688
geometry_dropout,test_unseen,298,val:2008_006526:part_36,2008_006526,car,back,back,0.10197368264198303,0.18507462739944458,0.8098159432411194,0.7288135886192322,1.0,1.0,1.0
geometry_dropout,test_unseen,299,val:2008_006722:part_61,2008_006722,dog,head,head,0.35338345170021057,0.5222222208976746,0.2015579342842102,0.08958785235881805,1.0,1.0,1.0
geometry_dropout,test_unseen,300,val:2008_006722:part_62,2008_006722,dog,eye,eye,0.0,0.0,0.0,0.0075921909883618355,0.5927734375,0.99951171875,0.00018668174743652344
geometry_dropout,test_unseen,301,val:2008_006722:part_63,2008_006722,dog,torso,torso,0.5935387015342712,0.7449316382408142,0.06959008425474167,0.46507591009140015,1.0,1.0,1.0
geometry_dropout,test_unseen,302,val:2008_006722:part_65,2008_006722,dog,leg,leg,0.26599496603012085,0.4202148914337158,0.14664457738399506,0.28329718112945557,1.0,1.0,1.0
geometry_dropout,test_unseen,303,val:2008_006722:part_66,2008_006722,dog,nose,nose,0.0,0.0,0.0,0.004772234242409468,0.08404541015625,0.99853515625,5.364418029785156e-07
geometry_dropout,test_unseen,304,val:2008_006722:part_67,2008_006722,dog,paw,paw,0.13084112107753754,0.23140496015548706,0.5753715634346008,0.02906724438071251,0.9912109375,1.0,0.0014209747314453125
geometry_dropout,test_unseen,305,val:2008_006722:part_68,2008_006722,dog,ear,ear,0.10572687536478043,0.19123506546020508,0.5402843356132507,0.06312364339828491,0.0033893585205078125,0.998046875,0.0
geometry_dropout,test_unseen,306,val:2008_006722:part_69,2008_006722,dog,muzzle,muzzle,0.37991267442703247,0.550632894039154,0.020618556067347527,0.04750542342662811,0.95166015625,1.0,0.0015668869018554688
geometry_dropout,test_unseen,307,val:2008_006835:part_100,2008_006835,sheep,head,head,0.45172029733657837,0.6223241686820984,0.04109589010477066,0.06239167973399162,1.0,1.0,1.0
geometry_dropout,test_unseen,308,val:2008_006835:part_102,2008_006835,sheep,torso,torso,0.45250701904296875,0.6230702996253967,0.14553111791610718,0.42128828167915344,1.0,1.0,1.0
geometry_dropout,test_unseen,309,val:2008_006835:part_103,2008_006835,sheep,neck,neck,0.36721310019493103,0.5371702909469604,0.00920245423913002,0.07336799800395966,1.0,1.0,1.0
geometry_dropout,test_unseen,310,val:2008_006835:part_104,2008_006835,sheep,leg,leg,0.3085384964942932,0.4715772569179535,0.3247503936290741,0.08593298494815826,1.0,1.0,1.0
geometry_dropout,test_unseen,311,val:2008_006835:part_105,2008_006835,sheep,ear,ear,0.08452950417995453,0.1558823585510254,0.43399637937545776,0.018341999500989914,0.0033893585205078125,0.998046875,0.0
geometry_dropout,test_unseen,312,val:2008_006874:part_79,2008_006874,motorbike,wheel,wheel,0.5413771271705627,0.7024590373039246,0.05549389496445656,0.4672676622867584,1.0,1.0,0.9970703125
geometry_dropout,test_unseen,313,val:2008_006874:part_81,2008_006874,motorbike,handlebar,handlebar,0.1357758641242981,0.23908919095993042,0.361623615026474,0.05494741350412369,1.0,1.0,0.9990234375
geometry_dropout,test_unseen,314,val:2008_006874:part_82,2008_006874,motorbike,headlight,headlight,0.08771929889917374,0.16129031777381897,0.6153846383094788,0.0525863915681839,1.0,1.0,0.99755859375
geometry_dropout,test_unseen,315,val:2008_006981:part_61,2008_006981,dog,head,head,0.5926697254180908,0.7442468404769897,0.08921611309051514,0.47882428765296936,1.0,1.0,1.0
geometry_dropout,test_unseen,316,val:2008_006981:part_62,2008_006981,dog,eye,eye,0.4819277226924896,0.6504064798355103,0.02500000037252903,0.013590391725301743,0.5927734375,0.99951171875,0.00018668174743652344
geometry_dropout,test_unseen,317,val:2008_006981:part_63,2008_006981,dog,torso,torso,0.48643648624420166,0.6545001864433289,0.22968435287475586,0.29140329360961914,1.0,1.0,1.0
geometry_dropout,test_unseen,318,val:2008_006981:part_66,2008_006981,dog,nose,nose,0.0,0.0,0.44117647409439087,0.018963336944580078,0.08404541015625,0.99853515625,5.364418029785156e-07
geometry_dropout,test_unseen,319,val:2008_006981:part_69,2008_006981,dog,muzzle,muzzle,0.11345218867063522,0.20378457009792328,0.012987012974917889,0.19279393553733826,0.95166015625,1.0,0.0015668869018554688
geometry_dropout,test_unseen,320,val:2008_006986:part_32,2008_006986,car,wheel,wheel,0.616428017616272,0.7627039551734924,0.078125,0.10757175087928772,1.0,1.0,0.9970703125
geometry_dropout,test_unseen,321,val:2008_006986:part_34,2008_006986,car,front,front,0.4540322721004486,0.6245146989822388,0.15095728635787964,0.22878079116344452,1.0,1.0,1.0
geometry_dropout,test_unseen,322,val:2008_006986:part_35,2008_006986,car,side,side,0.642163872718811,0.7820947170257568,0.04210999608039856,0.4917565584182739,1.0,1.0,0.99755859375
geometry_dropout,test_unseen,323,val:2008_006986:part_38,2008_006986,car,mirror,mirror,0.0,0.0,0.0,0.008446977473795414,0.05572509765625,0.9814453125,4.112720489501953e-06
geometry_dropout,test_unseen,324,val:2008_006986:part_41,2008_006986,car,window,window,0.03587736561894417,0.06926952302455902,0.0,0.15601465106010437,0.99951171875,1.0,0.99365234375
geometry_dropout,test_unseen,325,val:2008_007120:part_11,2008_007120,bird,wing,wing,0.20282626152038574,0.3372494876384735,0.4470924735069275,0.09844174981117249,0.7890625,1.0,0.0002472400665283203
geometry_dropout,test_unseen,326,val:2008_007120:part_12,2008_007120,bird,tail,tail,0.4055299460887909,0.577049195766449,0.1462264209985733,0.19688349962234497,0.9697265625,1.0,0.0005617141723632812
geometry_dropout,test_unseen,327,val:2008_007120:part_13,2008_007120,bird,head,head,0.27392739057540894,0.4300518035888672,0.3617161810398102,0.10264655202627182,1.0,1.0,1.0
geometry_dropout,test_unseen,328,val:2008_007120:part_14,2008_007120,bird,eye,eye,0.0476190485060215,0.09090909361839294,0.050632912665605545,0.002226069802418351,0.5927734375,0.99951171875,0.00018668174743652344
geometry_dropout,test_unseen,329,val:2008_007120:part_15,2008_007120,bird,beak,beak,0.17766498029232025,0.3017241358757019,0.07894736528396606,0.04798417165875435,0.67333984375,1.0,0.00011867284774780273
geometry_dropout,test_unseen,330,val:2008_007120:part_16,2008_007120,bird,torso,torso,0.5602359175682068,0.718142569065094,0.12820513546466827,0.4048973619937897,1.0,1.0,1.0
geometry_dropout,test_unseen,331,val:2008_007120:part_17,2008_007120,bird,neck,neck,0.4909090995788574,0.6585366129875183,0.009009009227156639,0.12045510858297348,1.0,1.0,1.0
geometry_dropout,test_unseen,332,val:2008_007120:part_18,2008_007120,bird,leg,leg,0.0038363172207027674,0.007643312215805054,0.31585678458213806,0.001484046457335353,1.0,1.0,1.0
geometry_dropout,test_unseen,333,val:2008_007120:part_19,2008_007120,bird,foot,foot,0.16202090680599213,0.27886056900024414,0.557692289352417,0.023497402667999268,1.0,1.0,0.81298828125
geometry_dropout,test_unseen,334,val:2008_007378:part_60,2008_007378,dog,tail,tail,0.23846153914928436,0.38509318232536316,0.6753246784210205,0.04609595611691475,0.9697265625,1.0,0.0005617141723632812
geometry_dropout,test_unseen,335,val:2008_007378:part_61,2008_007378,dog,head,head,0.5027100443840027,0.6690712571144104,0.03606102615594864,0.0912511795759201,1.0,1.0,1.0
geometry_dropout,test_unseen,336,val:2008_007378:part_62,2008_007378,dog,eye,eye,0.0,0.0,0.0,0.003998118452727795,0.5927734375,0.99951171875,0.00018668174743652344
geometry_dropout,test_unseen,337,val:2008_007378:part_63,2008_007378,dog,torso,torso,0.7246882915496826,0.8403701782226562,0.033842794597148895,0.3824082911014557,1.0,1.0,1.0
geometry_dropout,test_unseen,338,val:2008_007378:part_65,2008_007378,dog,leg,leg,0.3896437883377075,0.560782253742218,0.3057445287704468,0.26763877272605896,1.0,1.0,1.0
geometry_dropout,test_unseen,339,val:2008_007378:part_66,2008_007378,dog,nose,nose,0.0,0.0,0.0,0.005644402466714382,0.08404541015625,0.99853515625,5.364418029785156e-07
geometry_dropout,test_unseen,340,val:2008_007378:part_67,2008_007378,dog,paw,paw,0.2868525981903076,0.4458204209804535,0.5872156023979187,0.08678269386291504,0.9912109375,1.0,0.0014209747314453125
geometry_dropout,test_unseen,341,val:2008_007378:part_68,2008_007378,dog,ear,ear,0.1771058291196823,0.3009174168109894,0.07920791953802109,0.05691439285874367,0.0033893585205078125,0.998046875,0.0
geometry_dropout,test_unseen,342,val:2008_007378:part_69,2008_007378,dog,muzzle,muzzle,0.3333333432674408,0.5,0.0,0.039981186389923096,0.95166015625,1.0,0.0015668869018554688
geometry_dropout,test_unseen,343,val:2008_007497:part_99,2008_007497,sheep,tail,tail,0.0,0.0,1.0,0.000985221704468131,0.9697265625,1.0,0.0005617141723632812
geometry_dropout,test_unseen,344,val:2008_007497:part_100,2008_007497,sheep,head,head,0.31794872879981995,0.48249027132987976,0.2010309249162674,0.062068965286016464,1.0,1.0,1.0
geometry_dropout,test_unseen,345,val:2008_007497:part_101,2008_007497,sheep,eye,eye,0.0,0.0,0.0,0.000985221704468131,0.5927734375,0.99951171875,0.00018668174743652344
geometry_dropout,test_unseen,346,val:2008_007497:part_102,2008_007497,sheep,torso,torso,0.6289445161819458,0.7722110748291016,0.17493796348571777,0.6807881593704224,1.0,1.0,1.0
geometry_dropout,test_unseen,347,val:2008_007497:part_103,2008_007497,sheep,neck,neck,0.20481927692890167,0.3400000035762787,0.0,0.05911330133676529,1.0,1.0,1.0
geometry_dropout,test_unseen,348,val:2008_007497:part_104,2008_007497,sheep,leg,leg,0.18318966031074524,0.3096539080142975,0.6004565954208374,0.10935960710048676,1.0,1.0,1.0
geometry_dropout,test_unseen,349,val:2008_007497:part_105,2008_007497,sheep,ear,ear,0.0,0.0,0.0,0.004926108289510012,0.0033893585205078125,0.998046875,0.0
geometry_dropout,test_unseen,350,val:2008_007497:part_106,2008_007497,sheep,muzzle,muzzle,0.09090909361839294,0.1666666716337204,0.24880382418632507,0.018719211220741272,0.95166015625,1.0,0.0015668869018554688
geometry_dropout,test_unseen,351,val:2008_007497:part_107,2008_007497,sheep,horn,horn,0.0,0.0,0.0,0.05911330133676529,0.64208984375,1.0,8.821487426757812e-06
geometry_dropout,test_unseen,352,val:2008_007498:part_11,2008_007498,bird,wing,wing,0.006343906279653311,0.012607830576598644,0.2811715602874756,0.389090895652771,0.7890625,1.0,0.0002472400665283203
geometry_dropout,test_unseen,353,val:2008_007498:part_12,2008_007498,bird,tail,tail,0.15714286267757416,0.2716049253940582,0.5540540814399719,0.07229946553707123,0.9697265625,1.0,0.0005617141723632812
geometry_dropout,test_unseen,354,val:2008_007498:part_13,2008_007498,bird,head,head,0.34153005480766296,0.5091649889945984,0.16403785347938538,0.037219252437353134,1.0,1.0,1.0
geometry_dropout,test_unseen,355,val:2008_007498:part_14,2008_007498,bird,eye,eye,0.0,0.0,0.0,0.001497326185926795,0.5927734375,0.99951171875,0.00018668174743652344
geometry_dropout,test_unseen,356,val:2008_007498:part_16,2008_007498,bird,torso,torso,0.28582435846328735,0.4445776045322418,0.130557119846344,0.3108021318912506,1.0,1.0,1.0
geometry_dropout,test_unseen,357,val:2008_007498:part_17,2008_007498,bird,neck,neck,0.2090592384338379,0.3458213210105896,0.0,0.06139037385582924,1.0,1.0,1.0
geometry_dropout,test_unseen,358,val:2008_007498:part_18,2008_007498,bird,leg,leg,0.05453501641750336,0.10342950373888016,0.15425220131874084,0.028235293924808502,1.0,1.0,1.0
geometry_dropout,test_unseen,359,val:2008_007513:part_60,2008_007513,dog,tail,tail,0.44324323534965515,0.6142321825027466,0.5089820623397827,0.015805279836058617,0.9697265625,1.0,0.0005617141723632812
geometry_dropout,test_unseen,360,val:2008_007513:part_61,2008_007513,dog,head,head,0.6164178848266602,0.7626962065696716,0.00471327593550086,0.1411411464214325,1.0,1.0,1.0
geometry_dropout,test_unseen,361,val:2008_007513:part_62,2008_007513,dog,eye,eye,0.06666667014360428,0.125,0.0,0.0037932670675218105,0.5927734375,0.99951171875,0.00018668174743652344
geometry_dropout,test_unseen,362,val:2008_007513:part_63,2008_007513,dog,torso,torso,0.6972084641456604,0.8215943574905396,0.09618039429187775,0.5046625733375549,1.0,1.0,1.0
geometry_dropout,test_unseen,363,val:2008_007513:part_65,2008_007513,dog,leg,leg,0.3545621633529663,0.5235081315040588,0.30397966504096985,0.16295242309570312,1.0,1.0,1.0
geometry_dropout,test_unseen,364,val:2008_007513:part_66,2008_007513,dog,nose,nose,0.0,0.0,0.0,0.006006006151437759,0.08404541015625,0.99853515625,5.364418029785156e-07
geometry_dropout,test_unseen,365,val:2008_007513:part_67,2008_007513,dog,paw,paw,0.18409091234207153,0.3109405040740967,0.5567567348480225,0.05310573801398277,0.9912109375,1.0,0.0014209747314453125
geometry_dropout,test_unseen,366,val:2008_007513:part_68,2008_007513,dog,ear,ear,0.35840708017349243,0.5276873111724854,0.0,0.05895369127392769,0.0033893585205078125,0.998046875,0.0
geometry_dropout,test_unseen,367,val:2008_007513:part_69,2008_007513,dog,muzzle,muzzle,0.46304675936698914,0.6329897046089172,0.10708899050951004,0.048522207885980606,0.95166015625,1.0,0.0015668869018554688
geometry_dropout,test_unseen,368,val:2008_007677:part_100,2008_007677,sheep,head,head,0.4318673312664032,0.6032225489616394,0.19155354797840118,0.09005321562290192,1.0,1.0,1.0
geometry_dropout,test_unseen,369,val:2008_007677:part_101,2008_007677,sheep,eye,eye,0.05714285746216774,0.10810811072587967,0.0,0.0008186655468307436,0.5927734375,0.99951171875,0.00018668174743652344
geometry_dropout,test_unseen,370,val:2008_007677:part_102,2008_007677,sheep,torso,torso,0.4063211977481842,0.5778497457504272,0.17355740070343018,0.43034520745277405,1.0,1.0,1.0
geometry_dropout,test_unseen,371,val:2008_007677:part_103,2008_007677,sheep,neck,neck,0.2992874085903168,0.46069470047950745,0.09863673150539398,0.05375903844833374,1.0,1.0,1.0
geometry_dropout,test_unseen,372,val:2008_007677:part_105,2008_007677,sheep,ear,ear,0.07169811427593231,0.13380281627178192,0.19153225421905518,0.009823987260460854,0.0033893585205078125,0.998046875,0.0
geometry_dropout,test_unseen,373,val:2008_007677:part_106,2008_007677,sheep,muzzle,muzzle,0.30686694383621216,0.46962234377861023,0.17381973564624786,0.019511530175805092,0.95166015625,1.0,0.0015668869018554688
geometry_dropout,test_unseen,374,val:2008_007814:part_100,2008_007814,sheep,head,head,0.6030664443969727,0.7523910999298096,0.10939289629459381,0.15224766731262207,1.0,1.0,1.0
geometry_dropout,test_unseen,375,val:2008_007814:part_101,2008_007814,sheep,eye,eye,0.0260869562625885,0.050847455859184265,0.0,0.0036754312459379435,0.5927734375,0.99951171875,0.00018668174743652344
geometry_dropout,test_unseen,376,val:2008_007814:part_102,2008_007814,sheep,torso,torso,0.6473742723464966,0.7859468460083008,0.14260129630565643,0.41065874695777893,1.0,1.0,1.0
geometry_dropout,test_unseen,377,val:2008_007814:part_103,2008_007814,sheep,neck,neck,0.557692289352417,0.7160493731498718,0.0,0.09160305559635162,1.0,1.0,1.0
geometry_dropout,test_unseen,378,val:2008_007814:part_104,2008_007814,sheep,leg,leg,0.48724034428596497,0.6552274823188782,0.3987951874732971,0.11959287524223328,1.0,1.0,1.0
geometry_dropout,test_unseen,379,val:2008_007814:part_105,2008_007814,sheep,ear,ear,0.5382331013679504,0.6998069286346436,0.3991031348705292,0.1037602499127388,0.0033893585205078125,0.998046875,0.0
geometry_dropout,test_unseen,380,val:2008_007814:part_106,2008_007814,sheep,muzzle,muzzle,0.6257947087287903,0.7698323726654053,0.013306038454174995,0.11492790281772614,0.95166015625,1.0,0.0015668869018554688
geometry_dropout,test_unseen,381,val:2008_007994:part_12,2008_007994,bird,tail,tail,0.3803786635398865,0.5511221885681152,0.4835355281829834,0.11188463121652603,0.9697265625,1.0,0.0005617141723632812
geometry_dropout,test_unseen,382,val:2008_007994:part_13,2008_007994,bird,head,head,0.564846396446228,0.7219192981719971,0.13852813839912415,0.2262555956840515,1.0,1.0,1.0
geometry_dropout,test_unseen,383,val:2008_007994:part_14,2008_007994,bird,eye,eye,0.0,0.0,1.0,0.002983590355142951,0.5927734375,0.99951171875,0.00018668174743652344
geometry_dropout,test_unseen,384,val:2008_007994:part_15,2008_007994,bird,beak,beak,0.0,0.0,1.0,0.015415215864777565,0.67333984375,1.0,0.00011867284774780273
geometry_dropout,test_unseen,385,val:2008_007994:part_16,2008_007994,bird,torso,torso,0.0,0.0,0.0,0.6176031827926636,1.0,1.0,1.0
geometry_dropout,test_unseen,386,val:2008_007994:part_18,2008_007994,bird,leg,leg,0.005737234838306904,0.011409013532102108,0.1228473037481308,0.005469915457069874,1.0,1.0,1.0
geometry_dropout,test_unseen,387,val:2008_007994:part_19,2008_007994,bird,foot,foot,0.0,0.0,0.0,0.0034808553755283356,1.0,1.0,0.81298828125
geometry_dropout,test_unseen,388,val:2008_008127:part_34,2008_008127,car,front,front,0.0,0.0,0.0,0.3589743673801422,1.0,1.0,1.0
geometry_dropout,test_unseen,389,val:2008_008127:part_35,2008_008127,car,side,side,0.0,0.0,0.0,0.4871794879436493,1.0,1.0,0.99755859375
geometry_dropout,test_unseen,390,val:2008_008127:part_38,2008_008127,car,mirror,mirror,0.0,0.0,0.0,0.008547008968889713,0.05572509765625,0.9814453125,4.112720489501953e-06
geometry_dropout,test_unseen,391,val:2008_008127:part_41,2008_008127,car,window,window,0.0,0.0,0.0,0.1367521435022354,0.99951171875,1.0,0.99365234375
geometry_dropout,test_unseen,392,val:2008_008268:part_11,2008_008268,bird,wing,wing,0.11938775330781937,0.21330901980400085,0.35211268067359924,0.1625746488571167,0.7890625,1.0,0.0002472400665283203
geometry_dropout,test_unseen,393,val:2008_008268:part_12,2008_008268,bird,tail,tail,0.0,0.0,0.7272727489471436,0.02521566115319729,0.9697265625,1.0,0.0005617141723632812
geometry_dropout,test_unseen,394,val:2008_008268:part_13,2008_008268,bird,head,head,0.0,0.0,0.421875,0.0006635700119659305,1.0,1.0,1.0
geometry_dropout,test_unseen,395,val:2008_008268:part_15,2008_008268,bird,beak,beak,0.0,0.0,0.0,0.002654280047863722,0.67333984375,1.0,0.00011867284774780273
geometry_dropout,test_unseen,396,val:2008_008268:part_16,2008_008268,bird,torso,torso,0.12224108725786209,0.21785174310207367,0.1934065967798233,0.13669541478157043,1.0,1.0,1.0
geometry_dropout,test_unseen,397,val:2008_008268:part_17,2008_008268,bird,neck,neck,0.0,0.0,0.009009009227156639,0.005308560095727444,1.0,1.0,1.0
geometry_dropout,test_unseen,398,val:2008_008268:part_18,2008_008268,bird,leg,leg,0.003980099689215422,0.007928642444312572,0.2559760808944702,0.0033178499434143305,1.0,1.0,1.0
geometry_dropout,test_unseen,399,val:2008_008268:part_19,2008_008268,bird,foot,foot,0.0,0.0,0.0,0.013934969902038574,1.0,1.0,0.81298828125
geometry_dropout,test_unseen,400,val:2008_008746:part_12,2008_008746,bird,tail,tail,0.5146443247795105,0.6795580387115479,0.14716748893260956,0.17031630873680115,0.9697265625,1.0,0.0005617141723632812
geometry_dropout,test_unseen,401,val:2008_008746:part_13,2008_008746,bird,head,head,0.4544582962989807,0.6249176263809204,0.24127906560897827,0.09077297151088715,1.0,1.0,1.0
geometry_dropout,test_unseen,402,val:2008_008746:part_14,2008_008746,bird,eye,eye,0.25,0.4000000059604645,0.0,0.005053340923041105,0.5927734375,0.99951171875,0.00018668174743652344
geometry_dropout,test_unseen,403,val:2008_008746:part_15,2008_008746,bird,beak,beak,0.0476190485060215,0.09090909361839294,0.0,0.02283361367881298,0.67333984375,1.0,0.00011867284774780273
geometry_dropout,test_unseen,404,val:2008_008746:part_16,2008_008746,bird,torso,torso,0.17297980189323425,0.2949407994747162,0.3302151560783386,0.6692869067192078,1.0,1.0,1.0
geometry_dropout,test_unseen,405,val:2008_008746:part_18,2008_008746,bird,leg,leg,0.06485848873853683,0.12181616574525833,0.05766871199011803,0.01647014729678631,1.0,1.0,1.0
geometry_dropout,test_unseen,406,val:2009_000037:part_12,2009_000037,bird,tail,tail,0.013513513840734959,0.02666666731238365,0.8679245114326477,0.08122866600751877,0.9697265625,1.0,0.0005617141723632812
geometry_dropout,test_unseen,407,val:2009_000037:part_13,2009_000037,bird,head,head,0.24744898080825806,0.3967280089855194,0.48704662919044495,0.0703071653842926,1.0,1.0,1.0
geometry_dropout,test_unseen,408,val:2009_000037:part_14,2009_000037,bird,eye,eye,0.0,0.0,0.0,0.0006825938471592963,0.5927734375,0.99951171875,0.00018668174743652344
geometry_dropout,test_unseen,409,val:2009_000037:part_15,2009_000037,bird,beak,beak,0.0,0.0,0.0,0.03139931708574295,0.67333984375,1.0,0.00011867284774780273
geometry_dropout,test_unseen,410,val:2009_000037:part_16,2009_000037,bird,torso,torso,0.6095954775810242,0.7574517726898193,0.09955751895904541,0.5508532524108887,1.0,1.0,1.0
geometry_dropout,test_unseen,411,val:2009_000037:part_17,2009_000037,bird,neck,neck,0.2358490526676178,0.38167938590049744,0.0,0.12969283759593964,1.0,1.0,1.0
geometry_dropout,test_unseen,412,val:2009_000037:part_18,2009_000037,bird,leg,leg,0.08602150529623032,0.15841583907604218,0.12204724550247192,0.1003412976861,1.0,1.0,1.0
geometry_dropout,test_unseen,413,val:2009_000037:part_19,2009_000037,bird,foot,foot,0.05974842607975006,0.11275964230298996,0.8838709592819214,0.018430033698678017,1.0,1.0,0.81298828125
geometry_dropout,test_unseen,414,val:2009_000039:part_100,2009_000039,sheep,head,head,0.37011173367500305,0.5402650237083435,0.20388349890708923,0.16214334964752197,1.0,1.0,1.0
geometry_dropout,test_unseen,415,val:2009_000039:part_101,2009_000039,sheep,eye,eye,0.03448275849223137,0.06666667014360428,0.0,0.001043841359205544,0.5927734375,0.99951171875,0.00018668174743652344
geometry_dropout,test_unseen,416,val:2009_000039:part_102,2009_000039,sheep,torso,torso,0.5559872984886169,0.7146424651145935,0.17774617671966553,0.5539317727088928,1.0,1.0,1.0
geometry_dropout,test_unseen,417,val:2009_000039:part_103,2009_000039,sheep,neck,neck,0.179743230342865,0.3047158420085907,0.040963854640722275,0.14335420727729797,1.0,1.0,1.0
geometry_dropout,test_unseen,418,val:2009_000039:part_104,2009_000039,sheep,leg,leg,0.13498099148273468,0.2378559410572052,0.1958174854516983,0.04940849170088768,1.0,1.0,1.0
geometry_dropout,test_unseen,419,val:2009_000039:part_105,2009_000039,sheep,ear,ear,0.12543554604053497,0.22291021049022675,0.5263158082962036,0.01983298547565937,0.0033893585205078125,0.998046875,0.0
geometry_dropout,test_unseen,420,val:2009_000039:part_106,2009_000039,sheep,muzzle,muzzle,0.1983240246772766,0.3310023248195648,0.0,0.03792623430490494,0.95166015625,1.0,0.0015668869018554688
geometry_dropout,test_unseen,421,val:2009_000074:part_79,2009_000074,motorbike,wheel,wheel,0.40698307752609253,0.578518807888031,0.07673267275094986,0.4270557165145874,1.0,1.0,0.9970703125
geometry_dropout,test_unseen,422,val:2009_000156:part_60,2009_000156,dog,tail,tail,0.0,0.0,1.0,0.02085505798459053,0.9697265625,1.0,0.0005617141723632812
geometry_dropout,test_unseen,423,val:2009_000156:part_61,2009_000156,dog,head,head,0.14423076808452606,0.2521008551120758,0.36125653982162476,0.04900938645005226,1.0,1.0,1.0
geometry_dropout,test_unseen,424,val:2009_000156:part_62,2009_000156,dog,eye,eye,0.0,0.0,0.0,0.004171011503785849,0.5927734375,0.99951171875,0.00018668174743652344
geometry_dropout,test_unseen,425,val:2009_000156:part_63,2009_000156,dog,torso,torso,0.5193199515342712,0.6836215853691101,0.1171875,0.6246089935302734,1.0,1.0,1.0
geometry_dropout,test_unseen,426,val:2009_000156:part_65,2009_000156,dog,leg,leg,0.01034482754766941,0.020477816462516785,0.9624999761581421,0.22210636734962463,1.0,1.0,1.0
geometry_dropout,test_unseen,427,val:2009_000156:part_66,2009_000156,dog,nose,nose,0.0,0.0,0.0,0.004171011503785849,0.08404541015625,0.99853515625,5.364418029785156e-07
geometry_dropout,test_unseen,428,val:2009_000156:part_67,2009_000156,dog,paw,paw,0.0,0.0,0.0,0.01355578750371933,0.9912109375,1.0,0.0014209747314453125
geometry_dropout,test_unseen,429,val:2009_000156:part_68,2009_000156,dog,ear,ear,0.023255813866853714,0.04545454680919647,0.9375,0.029197080060839653,0.0033893585205078125,0.998046875,0.0
geometry_dropout,test_unseen,430,val:2009_000156:part_69,2009_000156,dog,muzzle,muzzle,0.0,0.0,0.2857142984867096,0.021897809579968452,0.95166015625,1.0,0.0015668869018554688
geometry_dropout,test_unseen,431,val:2009_000318:part_11,2009_000318,bird,wing,wing,0.0254924688488245,0.04971751570701599,0.2774566411972046,0.06920043379068375,0.7890625,1.0,0.0002472400665283203
geometry_dropout,test_unseen,432,val:2009_000318:part_13,2009_000318,bird,head,head,0.19540229439735413,0.32692307233810425,0.13623188436031342,0.025457153096795082,1.0,1.0,1.0
geometry_dropout,test_unseen,433,val:2009_000318:part_15,2009_000318,bird,beak,beak,0.0,0.0,0.0,0.005378271918743849,0.67333984375,1.0,0.00011867284774780273
geometry_dropout,test_unseen,434,val:2009_000318:part_16,2009_000318,bird,torso,torso,0.15231788158416748,0.26436781883239746,0.12083903700113297,0.14951595664024353,1.0,1.0,1.0
geometry_dropout,test_unseen,435,val:2009_000318:part_18,2009_000318,bird,leg,leg,0.0042553190141916275,0.008474576286971569,0.11142857372760773,0.002868411596864462,1.0,1.0,1.0
geometry_dropout,test_unseen,436,val:2009_000523:part_32,2009_000523,car,wheel,wheel,0.6139937043190002,0.7608377933502197,0.058700211346149445,0.07060713320970535,1.0,1.0,0.9970703125
geometry_dropout,test_unseen,437,val:2009_000523:part_33,2009_000523,car,headlight,headlight,0.0,0.0,0.0,0.0494699664413929,1.0,1.0,0.99755859375
geometry_dropout,test_unseen,438,val:2009_000523:part_34,2009_000523,car,front,front,0.4455760717391968,0.6164684891700745,0.034362416714429855,0.4902023673057556,1.0,1.0,1.0
geometry_dropout,test_unseen,439,val:2009_000523:part_35,2009_000523,car,side,side,0.4913744032382965,0.6589551568031311,0.08718058466911316,0.20623193681240082,1.0,1.0,0.99755859375
geometry_dropout,test_unseen,440,val:2009_000523:part_38,2009_000523,car,mirror,mirror,0.0,0.0,0.0,0.014327015727758408,0.05572509765625,0.9814453125,4.112720489501953e-06
geometry_dropout,test_unseen,441,val:2009_000523:part_41,2009_000523,car,window,window,0.5910873413085938,0.7429980039596558,0.018691588193178177,0.1629938930273056,0.99951171875,1.0,0.99365234375
geometry_dropout,test_unseen,442,val:2009_000619:part_12,2009_000619,bird,tail,tail,0.04430379718542099,0.08484848588705063,0.2222222238779068,0.056955091655254364,0.9697265625,1.0,0.0005617141723632812
geometry_dropout,test_unseen,443,val:2009_000619:part_13,2009_000619,bird,head,head,0.21212121844291687,0.3499999940395355,0.46590909361839294,0.02044541761279106,1.0,1.0,1.0
geometry_dropout,test_unseen,444,val:2009_000619:part_14,2009_000619,bird,eye,eye,0.0,0.0,0.0,0.0036509674973785877,0.5927734375,0.99951171875,0.00018668174743652344
geometry_dropout,test_unseen,445,val:2009_000619:part_15,2009_000619,bird,beak,beak,0.017241379246115685,0.033898305147886276,0.96875,0.009857612662017345,0.67333984375,1.0,0.00011867284774780273
geometry_dropout,test_unseen,446,val:2009_000619:part_16,2009_000619,bird,torso,torso,0.6913536787033081,0.8175151944160461,0.15572716295719147,0.891566276550293,1.0,1.0,1.0
geometry_dropout,test_unseen,447,val:2009_000619:part_18,2009_000619,bird,leg,leg,0.012182203121483326,0.024071166291832924,0.08373333513736725,0.013143482618033886,1.0,1.0,1.0
geometry_dropout,test_unseen,448,val:2009_000619:part_19,2009_000619,bird,foot,foot,0.0,0.0,0.050847455859184265,0.00036509675555862486,1.0,1.0,0.81298828125
geometry_dropout,test_unseen,449,val:2009_000664:part_12,2009_000664,bird,tail,tail,0.3539822995662689,0.5228758454322815,0.3731343150138855,0.014678272418677807,0.9697265625,1.0,0.0005617141723632812
geometry_dropout,test_unseen,450,val:2009_000664:part_13,2009_000664,bird,head,head,0.35667964816093445,0.5258126258850098,0.23162274062633514,0.055470217019319534,1.0,1.0,1.0
geometry_dropout,test_unseen,451,val:2009_000664:part_14,2009_000664,bird,eye,eye,0.0,0.0,0.0,0.00273084151558578,0.5927734375,0.99951171875,0.00018668174743652344
geometry_dropout,test_unseen,452,val:2009_000664:part_15,2009_000664,bird,beak,beak,0.0,0.0,0.0,0.006997781340032816,0.67333984375,1.0,0.00011867284774780273
geometry_dropout,test_unseen,453,val:2009_000664:part_16,2009_000664,bird,torso,torso,0.4546051323413849,0.6250563859939575,0.12337232381105423,0.36149513721466064,1.0,1.0,1.0
geometry_dropout,test_unseen,454,val:2009_000664:part_18,2009_000664,bird,leg,leg,0.005944517906755209,0.011818778701126575,0.13451267778873444,0.008533879183232784,1.0,1.0,1.0
geometry_dropout,test_unseen,455,val:2009_000664:part_19,2009_000664,bird,foot,foot,0.0,0.0,0.4591836631298065,0.0032428742852061987,1.0,1.0,0.81298828125
geometry_dropout,test_unseen,456,val:2009_000675:part_100,2009_000675,sheep,head,head,0.1025802418589592,0.18607306480407715,0.04639175161719322,0.03872966766357422,1.0,1.0,1.0
geometry_dropout,test_unseen,457,val:2009_000675:part_101,2009_000675,sheep,eye,eye,0.0,0.0,0.0,0.00038729666266590357,0.5927734375,0.99951171875,0.00018668174743652344
geometry_dropout,test_unseen,458,val:2009_000675:part_102,2009_000675,sheep,torso,torso,0.25888699293136597,0.4112950265407562,0.1939360797405243,0.2854376435279846,1.0,1.0,1.0
geometry_dropout,test_unseen,459,val:2009_000675:part_103,2009_000675,sheep,neck,neck,0.07678882777690887,0.1426256150007248,0.1111111119389534,0.054996125400066376,1.0,1.0,1.0
geometry_dropout,test_unseen,460,val:2009_000675:part_105,2009_000675,sheep,ear,ear,0.03632478788495064,0.07010309398174286,0.019955653697252274,0.006584043148905039,0.0033893585205078125,0.998046875,0.0
geometry_dropout,test_unseen,461,val:2009_000675:part_106,2009_000675,sheep,muzzle,muzzle,0.0535714291036129,0.10169491171836853,0.15315315127372742,0.002711076755076647,0.95166015625,1.0,0.0015668869018554688
geometry_dropout,test_unseen,462,val:2009_000730:part_79,2009_000730,motorbike,wheel,wheel,0.46942901611328125,0.6389271020889282,0.07424381375312805,0.4685404896736145,1.0,1.0,0.9970703125
geometry_dropout,test_unseen,463,val:2009_000825:part_32,2009_000825,car,wheel,wheel,0.14488635957241058,0.25310173630714417,0.25,0.034090910106897354,1.0,1.0,0.9970703125
geometry_dropout,test_unseen,464,val:2009_000825:part_33,2009_000825,car,headlight,headlight,0.0,0.0,0.0,0.06350267678499222,1.0,1.0,0.99755859375
geometry_dropout,test_unseen,465,val:2009_000825:part_34,2009_000825,car,front,front,0.0,0.0,0.0,0.2760695219039917,1.0,1.0,1.0
geometry_dropout,test_unseen,466,val:2009_000825:part_35,2009_000825,car,side,side,0.32285836338996887,0.4881223440170288,0.12961255013942719,0.3024732768535614,1.0,1.0,0.99755859375
geometry_dropout,test_unseen,467,val:2009_000825:part_38,2009_000825,car,mirror,mirror,0.0,0.0,0.0,0.011363636702299118,0.05572509765625,0.9814453125,4.112720489501953e-06
geometry_dropout,test_unseen,468,val:2009_000825:part_41,2009_000825,car,window,window,0.21375085413455963,0.35221537947654724,0.026096032932400703,0.2757352888584137,0.99951171875,1.0,0.99365234375
geometry_dropout,test_unseen,469,val:2009_000839:part_61,2009_000839,dog,head,head,0.45967504382133484,0.6298320293426514,0.003332494990900159,0.2937975823879242,1.0,1.0,1.0
geometry_dropout,test_unseen,470,val:2009_000839:part_62,2009_000839,dog,eye,eye,0.5589094161987305,0.7170518636703491,0.0,0.020596874877810478,0.5927734375,0.99951171875,0.00018668174743652344
geometry_dropout,test_unseen,471,val:2009_000839:part_63,2009_000839,dog,torso,torso,0.31805795431137085,0.48261603713035583,0.031180400401353836,0.11543597280979156,1.0,1.0,1.0
geometry_dropout,test_unseen,472,val:2009_000839:part_64,2009_000839,dog,neck,neck,0.5694267749786377,0.725649356842041,0.0,0.06055548042058945,1.0,1.0,1.0
geometry_dropout,test_unseen,473,val:2009_000839:part_66,2009_000839,dog,nose,nose,0.7808798551559448,0.8769596219062805,0.0,0.03588596731424332,0.08404541015625,0.99853515625,5.364418029785156e-07
geometry_dropout,test_unseen,474,val:2009_000839:part_68,2009_000839,dog,ear,ear,0.022075820714235306,0.043198008090257645,0.040441177785396576,0.28611963987350464,0.0033893585205078125,0.998046875,0.0
geometry_dropout,test_unseen,475,val:2009_000839:part_69,2009_000839,dog,muzzle,muzzle,0.5104841589927673,0.6759212613105774,0.0,0.18724128603935242,0.95166015625,1.0,0.0015668869018554688
geometry_dropout,test_unseen,476,val:2009_000879:part_12,2009_000879,bird,tail,tail,0.32380953431129456,0.4892086386680603,0.011904762126505375,0.08629893511533737,0.9697265625,1.0,0.0005617141723632812
geometry_dropout,test_unseen,477,val:2009_000879:part_13,2009_000879,bird,head,head,0.5891891717910767,0.7414966225624084,0.054597701877355576,0.10676156729459763,1.0,1.0,1.0
geometry_dropout,test_unseen,478,val:2009_000879:part_14,2009_000879,bird,eye,eye,0.0,0.0,0.0,0.002224199241027236,0.5927734375,0.99951171875,0.00018668174743652344
geometry_dropout,test_unseen,479,val:2009_000879:part_15,2009_000879,bird,beak,beak,0.0,0.0,1.0,0.02624555118381977,0.67333984375,1.0,0.00011867284774780273
geometry_dropout,test_unseen,480,val:2009_000879:part_16,2009_000879,bird,torso,torso,0.8274219036102295,0.9055619835853577,0.07657657563686371,0.745551586151123,1.0,1.0,1.0
geometry_dropout,test_unseen,481,val:2009_000892:part_60,2009_000892,dog,tail,tail,0.7011494040489197,0.8243243098258972,0.26369863748550415,0.14947089552879333,0.9697265625,1.0,0.0005617141723632812
geometry_dropout,test_unseen,482,val:2009_000892:part_61,2009_000892,dog,head,head,0.3664047122001648,0.5363048315048218,0.2210216075181961,0.12334655970335007,1.0,1.0,1.0
geometry_dropout,test_unseen,483,val:2009_000892:part_62,2009_000892,dog,eye,eye,0.0,0.0,0.0,0.004629629664123058,0.5927734375,0.99951171875,0.00018668174743652344
geometry_dropout,test_unseen,484,val:2009_000892:part_63,2009_000892,dog,torso,torso,0.5344387888908386,0.696591854095459,0.07692307978868484,0.32275131344795227,1.0,1.0,1.0
geometry_dropout,test_unseen,485,val:2009_000892:part_64,2009_000892,dog,neck,neck,0.22857142984867096,0.3720930218696594,0.030075188726186752,0.041335977613925934,1.0,1.0,1.0
geometry_dropout,test_unseen,486,val:2009_000892:part_65,2009_000892,dog,leg,leg,0.2869490087032318,0.4459368586540222,0.584629476070404,0.130952388048172,1.0,1.0,1.0
geometry_dropout,test_unseen,487,val:2009_000892:part_66,2009_000892,dog,nose,nose,0.1553398072719574,0.2689075767993927,0.23529411852359772,0.005621693097054958,0.08404541015625,0.99853515625,5.364418029785156e-07
geometry_dropout,test_unseen,488,val:2009_000892:part_67,2009_000892,dog,paw,paw,0.12422360479831696,0.2209944725036621,0.8519855737686157,0.028108466416597366,0.9912109375,1.0,0.0014209747314453125
geometry_dropout,test_unseen,489,val:2009_000892:part_68,2009_000892,dog,ear,ear,0.30845770239830017,0.47148290276527405,0.14676617085933685,0.04100529104471207,0.0033893585205078125,0.998046875,0.0
geometry_dropout,test_unseen,490,val:2009_000892:part_69,2009_000892,dog,muzzle,muzzle,0.37019968032836914,0.5403587222099304,0.26465365290641785,0.10879629850387573,0.95166015625,1.0,0.0015668869018554688
geometry_dropout,test_unseen,491,val:2009_000924:part_99,2009_000924,sheep,tail,tail,0.05167173221707344,0.09826589375734329,0.35494881868362427,0.007570347283035517,0.9697265625,1.0,0.0005617141723632812
geometry_dropout,test_unseen,492,val:2009_000924:part_100,2009_000924,sheep,head,head,0.5329411625862122,0.6953185200691223,0.06499999761581421,0.07184688001871109,1.0,1.0,1.0
geometry_dropout,test_unseen,493,val:2009_000924:part_101,2009_000924,sheep,eye,eye,0.0,0.0,0.0,0.0008570204372517765,0.5927734375,0.99951171875,0.00018668174743652344
geometry_dropout,test_unseen,494,val:2009_000924:part_102,2009_000924,sheep,torso,torso,0.6056787371635437,0.754420816898346,0.1118975430727005,0.5174974799156189,1.0,1.0,1.0
geometry_dropout,test_unseen,495,val:2009_000924:part_103,2009_000924,sheep,neck,neck,0.6094032526016235,0.7573033571243286,0.09068924188613892,0.1361234039068222,1.0,1.0,1.0
geometry_dropout,test_unseen,496,val:2009_000924:part_104,2009_000924,sheep,leg,leg,0.37110480666160583,0.5413222908973694,0.3583202660083771,0.18911583721637726,1.0,1.0,1.0
geometry_dropout,test_unseen,497,val:2009_000924:part_105,2009_000924,sheep,ear,ear,0.37163814902305603,0.541889488697052,0.4346666634082794,0.02656763233244419,0.0033893585205078125,0.998046875,0.0
geometry_dropout,test_unseen,498,val:2009_000924:part_106,2009_000924,sheep,muzzle,muzzle,0.4940119683742523,0.6613226532936096,0.0,0.032852448523044586,0.95166015625,1.0,0.0015668869018554688
geometry_dropout,test_unseen,499,val:2009_000935:part_61,2009_000935,dog,head,head,0.43249428272247314,0.6038338541984558,0.17936694622039795,0.1476137638092041,1.0,1.0,1.0
geometry_dropout,test_unseen,500,val:2009_000935:part_62,2009_000935,dog,eye,eye,0.1428571492433548,0.25,0.0,0.0014798372285440564,0.5927734375,0.99951171875,0.00018668174743652344
geometry_dropout,test_unseen,501,val:2009_000935:part_63,2009_000935,dog,torso,torso,0.63376784324646,0.7758358716964722,0.14205344021320343,0.4476507604122162,1.0,1.0,1.0
geometry_dropout,test_unseen,502,val:2009_000935:part_64,2009_000935,dog,neck,neck,0.1662125289440155,0.2850467264652252,0.2906976640224457,0.03107658214867115,1.0,1.0,1.0
geometry_dropout,test_unseen,503,val:2009_000935:part_65,2009_000935,dog,leg,leg,0.15492957830429077,0.26829269528388977,0.35596707463264465,0.24491305649280548,1.0,1.0,1.0
geometry_dropout,test_unseen,504,val:2009_000935:part_66,2009_000935,dog,nose,nose,0.0,0.0,0.0,0.005919348914176226,0.08404541015625,0.99853515625,5.364418029785156e-07
geometry_dropout,test_unseen,505,val:2009_000935:part_68,2009_000935,dog,ear,ear,0.0882352963089943,0.1621621549129486,0.8728813529014587,0.02478727325797081,0.0033893585205078125,0.998046875,0.0
geometry_dropout,test_unseen,506,val:2009_000935:part_69,2009_000935,dog,muzzle,muzzle,0.5034642219543457,0.6697388887405396,0.026570048183202744,0.08768035471439362,0.95166015625,1.0,0.0015668869018554688
geometry_dropout,test_unseen,507,val:2009_000989:part_60,2009_000989,dog,tail,tail,0.0,0.0,1.0,0.020460357889533043,0.9697265625,1.0,0.0005617141723632812
geometry_dropout,test_unseen,508,val:2009_000989:part_61,2009_000989,dog,head,head,0.01785714365541935,0.035087719559669495,0.6343283653259277,0.24040921032428741,1.0,1.0,1.0
geometry_dropout,test_unseen,509,val:2009_000989:part_62,2009_000989,dog,eye,eye,0.0,0.0,0.0,0.01534526888281107,0.5927734375,0.99951171875,0.00018668174743652344
geometry_dropout,test_unseen,510,val:2009_000989:part_63,2009_000989,dog,torso,torso,0.10762331634759903,0.19433198869228363,0.0,0.4117647111415863,1.0,1.0,1.0
geometry_dropout,test_unseen,511,val:2009_000989:part_64,2009_000989,dog,neck,neck,0.0,0.0,1.0,0.1355498731136322,1.0,1.0,1.0
geometry_dropout,test_unseen,512,val:2009_000989:part_66,2009_000989,dog,nose,nose,0.0,0.0,0.0,0.010230178944766521,0.08404541015625,0.99853515625,5.364418029785156e-07
geometry_dropout,test_unseen,513,val:2009_000989:part_68,2009_000989,dog,ear,ear,0.0,0.0,0.0,0.05882352963089943,0.0033893585205078125,0.998046875,0.0
geometry_dropout,test_unseen,514,val:2009_000989:part_69,2009_000989,dog,muzzle,muzzle,0.0,0.0,1.0,0.05370844155550003,0.95166015625,1.0,0.0015668869018554688
geometry_dropout,test_unseen,515,val:2009_000991:part_12,2009_000991,bird,tail,tail,0.0,0.0,0.0,0.027175484225153923,0.9697265625,1.0,0.0005617141723632812
geometry_dropout,test_unseen,516,val:2009_000991:part_13,2009_000991,bird,head,head,0.35555556416511536,0.5245901346206665,0.041575491428375244,0.03975137323141098,1.0,1.0,1.0
geometry_dropout,test_unseen,517,val:2009_000991:part_14,2009_000991,bird,eye,eye,0.0,0.0,0.0,0.0018791558686643839,0.5927734375,0.99951171875,0.00018668174743652344
geometry_dropout,test_unseen,518,val:2009_000991:part_15,2009_000991,bird,beak,beak,0.0,0.0,0.0,0.030789244920015335,0.67333984375,1.0,0.00011867284774780273
geometry_dropout,test_unseen,519,val:2009_000991:part_16,2009_000991,bird,torso,torso,0.6391400694847107,0.779848039150238,0.06553009897470474,0.5747326016426086,1.0,1.0,1.0
geometry_dropout,test_unseen,520,val:2009_000991:part_17,2009_000991,bird,neck,neck,0.3994038701057434,0.5708200335502625,0.0,0.0969933494925499,1.0,1.0,1.0
geometry_dropout,test_unseen,521,val:2009_000991:part_18,2009_000991,bird,leg,leg,0.17994505167007446,0.305005818605423,0.27381792664527893,0.04350968450307846,1.0,1.0,1.0
geometry_dropout,test_unseen,522,val:2009_000998:part_12,2009_000998,bird,tail,tail,0.012987012974917889,0.025641025975346565,0.0,0.07358580827713013,0.9697265625,1.0,0.0005617141723632812
geometry_dropout,test_unseen,523,val:2009_000998:part_13,2009_000998,bird,head,head,0.6579663157463074,0.7937028408050537,0.1857379823923111,0.29721954464912415,1.0,1.0,1.0
geometry_dropout,test_unseen,524,val:2009_000998:part_14,2009_000998,bird,eye,eye,0.257009357213974,0.4089219272136688,0.0,0.021812081336975098,0.5927734375,0.99951171875,0.00018668174743652344
geometry_dropout,test_unseen,525,val:2009_000998:part_15,2009_000998,bird,beak,beak,0.08547008782625198,0.15748031437397003,0.0,0.0023969318717718124,0.67333984375,1.0,0.00011867284774780273
geometry_dropout,test_unseen,526,val:2009_000998:part_16,2009_000998,bird,torso,torso,0.7644073963165283,0.8664749264717102,0.09305065125226974,0.5563278794288635,1.0,1.0,1.0
geometry_dropout,test_unseen,527,val:2009_000998:part_18,2009_000998,bird,leg,leg,0.21451613306999207,0.35325366258621216,0.24188311398029327,0.032837968319654465,1.0,1.0,1.0
geometry_dropout,test_unseen,528,val:2009_000998:part_19,2009_000998,bird,foot,foot,0.11917098611593246,0.21296297013759613,0.7493403553962708,0.01270373910665512,1.0,1.0,0.81298828125
geometry_dropout,test_unseen,529,val:2009_001108:part_13,2009_001108,bird,head,head,0.3199999928474426,0.4848484992980957,0.54666668176651,0.13129103183746338,1.0,1.0,1.0
geometry_dropout,test_unseen,530,val:2009_001108:part_14,2009_001108,bird,eye,eye,0.0,0.0,0.0,0.005470459349453449,0.5927734375,0.99951171875,0.00018668174743652344
geometry_dropout,test_unseen,531,val:2009_001108:part_15,2009_001108,bird,beak,beak,0.0,0.0,0.0,0.014223194681107998,0.67333984375,1.0,0.00011867284774780273
geometry_dropout,test_unseen,532,val:2009_001108:part_16,2009_001108,bird,torso,torso,0.4516128897666931,0.6222222447395325,0.0509977824985981,0.6881837844848633,1.0,1.0,1.0
geometry_dropout,test_unseen,533,val:2009_001108:part_17,2009_001108,bird,neck,neck,0.3333333432674408,0.5,0.0,0.1608315110206604,1.0,1.0,1.0
geometry_dropout,test_unseen,534,val:2009_001160:part_12,2009_001160,bird,tail,tail,0.43868395686149597,0.6098406314849854,0.20624999701976776,0.09823063015937805,0.9697265625,1.0,0.0005617141723632812
geometry_dropout,test_unseen,535,val:2009_001160:part_13,2009_001160,bird,head,head,0.6290956735610962,0.7723250389099121,0.13509933650493622,0.099247507750988,1.0,1.0,1.0
geometry_dropout,test_unseen,536,val:2009_001160:part_16,2009_001160,bird,torso,torso,0.7907151579856873,0.8831278085708618,0.03976477310061455,0.7250356078147888,1.0,1.0,1.0
geometry_dropout,test_unseen,537,val:2009_001160:part_17,2009_001160,bird,neck,neck,0.3556582033634186,0.5247018933296204,0.01133144460618496,0.047589994966983795,1.0,1.0,1.0
geometry_dropout,test_unseen,538,val:2009_001160:part_18,2009_001160,bird,leg,leg,0.03445946052670479,0.06662312150001526,0.2288828343153,0.012812690809369087,1.0,1.0,1.0
geometry_dropout,test_unseen,539,val:2009_001160:part_19,2009_001160,bird,foot,foot,0.00657894741743803,0.013071895577013493,0.24786324799060822,0.014643074944615364,1.0,1.0,0.81298828125
geometry_dropout,test_unseen,540,val:2009_001240:part_32,2009_001240,car,wheel,wheel,0.5285996198654175,0.6916128993034363,0.062337663024663925,0.11872146278619766,1.0,1.0,0.9970703125
geometry_dropout,test_unseen,541,val:2009_001240:part_34,2009_001240,car,front,front,0.0,0.0,0.0,0.04779299721121788,1.0,1.0,1.0
geometry_dropout,test_unseen,542,val:2009_001240:part_35,2009_001240,car,side,side,0.3511497676372528,0.5197792053222656,0.09462504088878632,0.3777777850627899,1.0,1.0,0.99755859375
geometry_dropout,test_unseen,543,val:2009_001240:part_36,2009_001240,car,back,back,0.0,0.0,0.0,0.0066971080377697945,1.0,1.0,1.0
geometry_dropout,test_unseen,544,val:2009_001240:part_37,2009_001240,car,roof,roof,0.18662519752979279,0.3145478367805481,0.05520995333790779,0.07305935770273209,1.0,1.0,1.0
geometry_dropout,test_unseen,545,val:2009_001240:part_40,2009_001240,car,door,door,0.0605158731341362,0.11412534862756729,0.2630208432674408,0.20852358639240265,0.204833984375,0.9970703125,2.777576446533203e-05
geometry_dropout,test_unseen,546,val:2009_001240:part_41,2009_001240,car,window,window,0.021367521956562996,0.04184100404381752,0.6172248721122742,0.15464231371879578,0.99951171875,1.0,0.99365234375
geometry_dropout,test_unseen,547,val:2009_001255:part_32,2009_001255,car,wheel,wheel,0.0161117073148489,0.031712472438812256,0.21820175647735596,0.0038452837616205215,1.0,1.0,0.9970703125
geometry_dropout,test_unseen,548,val:2009_001314:part_11,2009_001314,bird,wing,wing,0.5192224383354187,0.6835371255874634,0.2877384126186371,0.7328975796699524,0.7890625,1.0,0.0002472400665283203
geometry_dropout,test_unseen,549,val:2009_001314:part_12,2009_001314,bird,tail,tail,0.0,0.0,0.0,0.08583877980709076,0.9697265625,1.0,0.0005617141723632812
geometry_dropout,test_unseen,550,val:2009_001314:part_13,2009_001314,bird,head,head,0.0,0.0,0.1111111119389534,0.010893246158957481,1.0,1.0,1.0
geometry_dropout,test_unseen,551,val:2009_001314:part_16,2009_001314,bird,torso,torso,0.46572935581207275,0.6354916095733643,0.048728812485933304,0.1577342003583908,1.0,1.0,1.0
geometry_dropout,test_unseen,552,val:2009_001314:part_18,2009_001314,bird,leg,leg,0.0,0.0,0.2082514762878418,0.0021786491852253675,1.0,1.0,1.0
geometry_dropout,test_unseen,553,val:2009_001314:part_19,2009_001314,bird,foot,foot,0.06741572916507721,0.12631578743457794,0.0,0.00958605669438839,1.0,1.0,0.81298828125
geometry_dropout,test_unseen,554,val:2009_001505:part_100,2009_001505,sheep,head,head,0.12054794281721115,0.21515892446041107,0.39701491594314575,0.010201267898082733,1.0,1.0,1.0
geometry_dropout,test_unseen,555,val:2009_001505:part_102,2009_001505,sheep,torso,torso,0.0,0.0,0.25008225440979004,0.030052384361624718,1.0,1.0,1.0
geometry_dropout,test_unseen,556,val:2009_001505:part_103,2009_001505,sheep,neck,neck,0.0,0.0,0.1746031790971756,0.0034463743213564157,1.0,1.0,1.0
geometry_dropout,test_unseen,557,val:2009_001505:part_104,2009_001505,sheep,leg,leg,0.0,0.0,0.4292237460613251,0.019299697130918503,1.0,1.0,1.0
geometry_dropout,test_unseen,558,val:2009_001505:part_105,2009_001505,sheep,ear,ear,0.028301887214183807,0.055045872926712036,0.6151315569877625,0.0031706644222140312,0.0033893585205078125,0.998046875,0.0
geometry_dropout,test_unseen,559,val:2009_001505:part_106,2009_001505,sheep,muzzle,muzzle,0.0,0.0,0.0,0.005238489247858524,0.95166015625,1.0,0.0015668869018554688
geometry_dropout,test_unseen,560,val:2009_001535:part_61,2009_001535,dog,head,head,0.5696097612380981,0.7257978916168213,0.07997714728116989,0.17813166975975037,1.0,1.0,1.0
geometry_dropout,test_unseen,561,val:2009_001535:part_62,2009_001535,dog,eye,eye,0.14399999380111694,0.251748263835907,0.0,0.0014775898307561874,0.5927734375,0.99951171875,0.00018668174743652344
geometry_dropout,test_unseen,562,val:2009_001535:part_63,2009_001535,dog,torso,torso,0.6779377460479736,0.8080607056617737,0.07560627907514572,0.43835166096687317,1.0,1.0,1.0
geometry_dropout,test_unseen,563,val:2009_001535:part_64,2009_001535,dog,neck,neck,0.31117478013038635,0.4746503531932831,0.092877097427845,0.07026761025190353,1.0,1.0,1.0
geometry_dropout,test_unseen,564,val:2009_001535:part_65,2009_001535,dog,leg,leg,0.5120275020599365,0.6772727370262146,0.14076827466487885,0.17443770170211792,1.0,1.0,1.0
geometry_dropout,test_unseen,565,val:2009_001535:part_66,2009_001535,dog,nose,nose,0.0,0.0,0.0,0.008619274012744427,0.08404541015625,0.99853515625,5.364418029785156e-07
geometry_dropout,test_unseen,566,val:2009_001535:part_68,2009_001535,dog,ear,ear,0.7258641123771667,0.841160237789154,0.09608090668916702,0.053932029753923416,0.0033893585205078125,0.998046875,0.0
geometry_dropout,test_unseen,567,val:2009_001535:part_69,2009_001535,dog,muzzle,muzzle,0.5074971318244934,0.673297643661499,0.17691856622695923,0.07445411384105682,0.95166015625,1.0,0.0015668869018554688
geometry_dropout,test_unseen,568,val:2009_001536:part_32,2009_001536,car,wheel,wheel,0.11216617375612259,0.20170757174491882,0.3017142713069916,0.14421828091144562,1.0,1.0,0.9970703125
geometry_dropout,test_unseen,569,val:2009_001565:part_12,2009_001565,bird,tail,tail,0.529411792755127,0.692307710647583,0.1420118361711502,0.03190445154905319,0.9697265625,1.0,0.0005617141723632812
geometry_dropout,test_unseen,570,val:2009_001565:part_13,2009_001565,bird,head,head,0.762135922908783,0.8650137782096863,0.09609609842300415,0.1335078477859497,1.0,1.0,1.0
geometry_dropout,test_unseen,571,val:2009_001565:part_14,2009_001565,bird,eye,eye,0.0,0.0,0.04838709533214569,0.002454188419505954,0.5927734375,0.99951171875,0.00018668174743652344
geometry_dropout,test_unseen,572,val:2009_001565:part_15,2009_001565,bird,beak,beak,0.0,0.0,0.0,0.01685209386050701,0.67333984375,1.0,0.00011867284774780273
geometry_dropout,test_unseen,573,val:2009_001565:part_16,2009_001565,bird,torso,torso,0.7598816156387329,0.8635599613189697,0.09511745721101761,0.6518324613571167,1.0,1.0,1.0
geometry_dropout,test_unseen,574,val:2009_001565:part_17,2009_001565,bird,neck,neck,0.32523050904273987,0.49082860350608826,0.11483253538608551,0.15608638525009155,1.0,1.0,1.0
geometry_dropout,test_unseen,575,val:2009_001607:part_12,2009_001607,bird,tail,tail,0.44915252923965454,0.6198830604553223,0.36399999260902405,0.13013359904289246,0.9697265625,1.0,0.0005617141723632812
geometry_dropout,test_unseen,576,val:2009_001607:part_13,2009_001607,bird,head,head,0.3631284832954407,0.5327869057655334,0.4907975494861603,0.04007916897535324,1.0,1.0,1.0
geometry_dropout,test_unseen,577,val:2009_001607:part_14,2009_001607,bird,eye,eye,0.0,0.0,0.0,0.001484413631260395,0.5927734375,0.99951171875,0.00018668174743652344
geometry_dropout,test_unseen,578,val:2009_001607:part_15,2009_001607,bird,beak,beak,0.0,0.0,0.0,0.009401286952197552,0.67333984375,1.0,0.00011867284774780273
geometry_dropout,test_unseen,579,val:2009_001607:part_16,2009_001607,bird,torso,torso,0.7230902910232544,0.8392947316169739,0.011834319680929184,0.5640771985054016,1.0,1.0,1.0
geometry_dropout,test_unseen,580,val:2009_001607:part_17,2009_001607,bird,neck,neck,0.0,0.0,0.0,0.2300841212272644,1.0,1.0,1.0
geometry_dropout,test_unseen,581,val:2009_001607:part_18,2009_001607,bird,leg,leg,0.0,0.0,0.002710027154535055,0.007916872389614582,1.0,1.0,1.0
geometry_dropout,test_unseen,582,val:2009_001607:part_19,2009_001607,bird,foot,foot,0.0,0.0,0.837837815284729,0.00296882726252079,1.0,1.0,0.81298828125
geometry_dropout,test_unseen,583,val:2009_001683:part_12,2009_001683,bird,tail,tail,0.2863309383392334,0.4451901614665985,0.009302325546741486,0.11835454404354095,0.9697265625,1.0,0.0005617141723632812
geometry_dropout,test_unseen,584,val:2009_001683:part_13,2009_001683,bird,head,head,0.4759959280490875,0.6449826955795288,0.28586065769195557,0.0817500427365303,1.0,1.0,1.0
geometry_dropout,test_unseen,585,val:2009_001683:part_14,2009_001683,bird,eye,eye,0.0,0.0,0.0,0.004706292413175106,0.5927734375,0.99951171875,0.00018668174743652344
geometry_dropout,test_unseen,586,val:2009_001683:part_15,2009_001683,bird,beak,beak,0.26618704199790955,0.4204545319080353,0.125,0.020916854962706566,0.67333984375,1.0,0.00011867284774780273
geometry_dropout,test_unseen,587,val:2009_001683:part_16,2009_001683,bird,torso,torso,0.7746160626411438,0.8729956746101379,0.07731543481349945,0.7204113602638245,1.0,1.0,1.0
geometry_dropout,test_unseen,588,val:2009_001683:part_18,2009_001683,bird,leg,leg,0.00913241971284151,0.018099548295140266,0.030477285385131836,0.005054906941950321,1.0,1.0,1.0
geometry_dropout,test_unseen,589,val:2009_001683:part_19,2009_001683,bird,foot,foot,0.0047961631789803505,0.00954653974622488,0.10389610379934311,0.032769739627838135,1.0,1.0,0.81298828125
geometry_dropout,test_unseen,590,val:2009_001765:part_11,2009_001765,bird,wing,wing,0.5484745502471924,0.7084063291549683,0.3174486756324768,0.5789805054664612,0.7890625,1.0,0.0002472400665283203
geometry_dropout,test_unseen,591,val:2009_001765:part_12,2009_001765,bird,tail,tail,0.0,0.0,1.0,0.02894902415573597,0.9697265625,1.0,0.0005617141723632812
geometry_dropout,test_unseen,592,val:2009_001765:part_13,2009_001765,bird,head,head,0.1744185984134674,0.2970297038555145,0.23376622796058655,0.03020767867565155,1.0,1.0,1.0
geometry_dropout,test_unseen,593,val:2009_001765:part_14,2009_001765,bird,eye,eye,0.0,0.0,0.0,0.0025173064786940813,0.5927734375,0.99951171875,0.00018668174743652344
geometry_dropout,test_unseen,594,val:2009_001765:part_15,2009_001765,bird,beak,beak,0.0,0.0,0.0,0.016991818323731422,0.67333984375,1.0,0.00011867284774780273
geometry_dropout,test_unseen,595,val:2009_001765:part_16,2009_001765,bird,torso,torso,0.3919694125652313,0.5631868243217468,0.1304347813129425,0.26998111605644226,1.0,1.0,1.0
geometry_dropout,test_unseen,596,val:2009_001765:part_17,2009_001765,bird,neck,neck,0.0,0.0,0.0,0.05915670096874237,1.0,1.0,1.0
geometry_dropout,test_unseen,597,val:2009_001765:part_18,2009_001765,bird,leg,leg,0.0030935807153582573,0.006168080028146505,0.17082683742046356,0.00943989958614111,1.0,1.0,1.0
geometry_dropout,test_unseen,598,val:2009_001768:part_99,2009_001768,sheep,tail,tail,0.0,0.0,0.23333333432674408,0.031358346343040466,0.9697265625,1.0,0.0005617141723632812
geometry_dropout,test_unseen,599,val:2009_001768:part_100,2009_001768,sheep,head,head,0.17071610689163208,0.2916439175605774,0.15578539669513702,0.021881500259041786,1.0,1.0,1.0
geometry_dropout,test_unseen,600,val:2009_001768:part_102,2009_001768,sheep,torso,torso,0.232308030128479,0.377029150724411,0.08094672113656998,0.16988982260227203,1.0,1.0,1.0
geometry_dropout,test_unseen,601,val:2009_001768:part_103,2009_001768,sheep,neck,neck,0.018651362508535385,0.03661971911787987,0.0656934306025505,0.02303721383213997,1.0,1.0,1.0
geometry_dropout,test_unseen,602,val:2009_001768:part_105,2009_001768,sheep,ear,ear,0.25757575035095215,0.40963855385780334,0.2946859896183014,0.019261885434389114,0.0033893585205078125,0.998046875,0.0
geometry_dropout,test_unseen,603,val:2009_001991:part_100,2009_001991,sheep,head,head,0.5924504399299622,0.7440739274024963,0.027478648349642754,0.23521539568901062,1.0,1.0,1.0
geometry_dropout,test_unseen,604,val:2009_001991:part_101,2009_001991,sheep,eye,eye,0.14767932891845703,0.25735294818878174,0.0,0.002058778190985322,0.5927734375,0.99951171875,0.00018668174743652344
geometry_dropout,test_unseen,605,val:2009_001991:part_102,2009_001991,sheep,torso,torso,0.5859845280647278,0.7389536499977112,0.09759555757045746,0.49426114559173584,1.0,1.0,1.0
geometry_dropout,test_unseen,606,val:2009_001991:part_103,2009_001991,sheep,neck,neck,0.007799253799021244,0.015477792359888554,0.0,0.1463276594877243,1.0,1.0,1.0
geometry_dropout,test_unseen,607,val:2009_001991:part_105,2009_001991,sheep,ear,ear,0.40877193212509155,0.5803238153457642,0.2094288319349289,0.025889134034514427,0.0033893585205078125,0.998046875,0.0
geometry_dropout,test_unseen,608,val:2009_001991:part_106,2009_001991,sheep,muzzle,muzzle,0.4318181872367859,0.60317462682724,0.0,0.044006381183862686,0.95166015625,1.0,0.0015668869018554688
geometry_dropout,test_unseen,609,val:2009_002012:part_60,2009_002012,dog,tail,tail,0.040462426841259,0.07777778059244156,0.0,0.024643873795866966,0.9697265625,1.0,0.0005617141723632812
geometry_dropout,test_unseen,610,val:2009_002012:part_61,2009_002012,dog,head,head,0.18090452253818512,0.3063829839229584,0.2996108829975128,0.13076923787593842,1.0,1.0,1.0
geometry_dropout,test_unseen,611,val:2009_002012:part_63,2009_002012,dog,torso,torso,0.4430617392063141,0.6140578985214233,0.02391904406249523,0.5658119916915894,1.0,1.0,1.0
geometry_dropout,test_unseen,612,val:2009_002012:part_65,2009_002012,dog,leg,leg,0.08454810827970505,0.15591397881507874,0.07394365966320038,0.012535612098872662,1.0,1.0,1.0
geometry_dropout,test_unseen,613,val:2009_002012:part_67,2009_002012,dog,paw,paw,0.6569579243659973,0.79296875,0.24253731966018677,0.0347578339278698,0.9912109375,1.0,0.0014209747314453125
geometry_dropout,test_unseen,614,val:2009_002012:part_68,2009_002012,dog,ear,ear,0.0,0.0,0.0,0.22578348219394684,0.0033893585205078125,0.998046875,0.0
geometry_dropout,test_unseen,615,val:2009_002082:part_100,2009_002082,sheep,head,head,0.30689653754234314,0.4696570038795471,0.23076923191547394,0.03590786084532738,1.0,1.0,1.0
geometry_dropout,test_unseen,616,val:2009_002082:part_101,2009_002082,sheep,eye,eye,0.0,0.0,0.0,0.0006775067886337638,0.5927734375,0.99951171875,0.00018668174743652344
geometry_dropout,test_unseen,617,val:2009_002082:part_102,2009_002082,sheep,torso,torso,0.7223097085952759,0.8387686610221863,0.09566786885261536,0.5484417080879211,1.0,1.0,1.0
geometry_dropout,test_unseen,618,val:2009_002082:part_103,2009_002082,sheep,neck,neck,0.22697368264198303,0.36997318267822266,0.14912280440330505,0.08773712813854218,1.0,1.0,1.0
geometry_dropout,test_unseen,619,val:2009_002082:part_105,2009_002082,sheep,ear,ear,0.28346458077430725,0.44171780347824097,0.2661290466785431,0.013211382552981377,0.0033893585205078125,0.998046875,0.0
geometry_dropout,test_unseen,620,val:2009_002082:part_106,2009_002082,sheep,muzzle,muzzle,0.15833333134651184,0.2733812928199768,0.7816091775894165,0.017615176737308502,0.95166015625,1.0,0.0015668869018554688
geometry_dropout,test_unseen,621,val:2009_002155:part_61,2009_002155,dog,head,head,0.522994875907898,0.6867979764938354,0.10974477976560593,0.28489869832992554,1.0,1.0,1.0
geometry_dropout,test_unseen,622,val:2009_002155:part_62,2009_002155,dog,eye,eye,0.2049180269241333,0.3401360511779785,0.0,0.00850777979940176,0.5927734375,0.99951171875,0.00018668174743652344
geometry_dropout,test_unseen,623,val:2009_002155:part_63,2009_002155,dog,torso,torso,0.6405762434005737,0.780916154384613,0.18291760981082916,0.3206089735031128,1.0,1.0,1.0
geometry_dropout,test_unseen,624,val:2009_002155:part_65,2009_002155,dog,leg,leg,0.17133356630802155,0.2925444543361664,0.033461809158325195,0.11026530712842941,1.0,1.0,1.0
geometry_dropout,test_unseen,625,val:2009_002155:part_66,2009_002155,dog,nose,nose,0.1367521435022354,0.24060150980949402,0.0,0.007276390679180622,0.08404541015625,0.99853515625,5.364418029785156e-07
geometry_dropout,test_unseen,626,val:2009_002155:part_67,2009_002155,dog,paw,paw,0.45766589045524597,0.6279434561729431,0.011958146467804909,0.06772641092538834,0.9912109375,1.0,0.0014209747314453125
geometry_dropout,test_unseen,627,val:2009_002155:part_68,2009_002155,dog,ear,ear,0.0,0.0,0.0,0.10175752639770508,0.0033893585205078125,0.998046875,0.0
geometry_dropout,test_unseen,628,val:2009_002155:part_69,2009_002155,dog,muzzle,muzzle,0.1901993304491043,0.31960922479629517,0.2772572338581085,0.057987239211797714,0.95166015625,1.0,0.0015668869018554688
geometry_dropout,test_unseen,629,val:2009_002164:part_32,2009_002164,car,wheel,wheel,0.5592417120933533,0.7173252105712891,0.20079919695854187,0.1647477149963379,1.0,1.0,0.9970703125
geometry_dropout,test_unseen,630,val:2009_002164:part_33,2009_002164,car,headlight,headlight,0.0,0.0,0.0,0.012698950245976448,1.0,1.0,0.99755859375
geometry_dropout,test_unseen,631,val:2009_002164:part_34,2009_002164,car,front,front,0.3786936104297638,0.5493513941764832,0.09698492288589478,0.2634608745574951,1.0,1.0,1.0
geometry_dropout,test_unseen,632,val:2009_002164:part_35,2009_002164,car,side,side,0.4788961112499237,0.6476399302482605,0.15810920298099518,0.4029800295829773,1.0,1.0,0.99755859375
geometry_dropout,test_unseen,633,val:2009_002164:part_40,2009_002164,car,door,door,0.21685689687728882,0.3564213514328003,0.023383768275380135,0.11158144474029541,0.204833984375,0.9970703125,2.777576446533203e-05
geometry_dropout,test_unseen,634,val:2009_002164:part_41,2009_002164,car,window,window,0.1234140694141388,0.2197125256061554,0.3049817681312561,0.025567220523953438,0.99951171875,1.0,0.99365234375
geometry_dropout,test_unseen,635,val:2009_002239:part_35,2009_002239,car,side,side,0.0,0.0,0.0,0.054448872804641724,1.0,1.0,0.99755859375
geometry_dropout,test_unseen,636,val:2009_002239:part_36,2009_002239,car,back,back,0.0,0.0,0.0,0.9296149015426636,1.0,1.0,1.0
geometry_dropout,test_unseen,637,val:2009_002317:part_79,2009_002317,motorbike,wheel,wheel,0.5399797558784485,0.7012816071510315,0.1833137422800064,0.2629411816596985,1.0,1.0,0.9970703125
geometry_dropout,test_unseen,638,val:2009_002346:part_61,2009_002346,dog,head,head,0.0,0.0,1.0,0.21265378594398499,1.0,1.0,1.0
geometry_dropout,test_unseen,639,val:2009_002346:part_63,2009_002346,dog,torso,torso,0.0,0.0,0.0,0.5413005352020264,1.0,1.0,1.0
geometry_dropout,test_unseen,640,val:2009_002346:part_64,2009_002346,dog,neck,neck,0.0,0.0,0.0,0.08260105550289154,1.0,1.0,1.0
geometry_dropout,test_unseen,641,val:2009_002346:part_67,2009_002346,dog,paw,paw,0.0,0.0,0.9027522802352905,0.0667838305234909,0.9912109375,1.0,0.0014209747314453125
geometry_dropout,test_unseen,642,val:2009_002346:part_68,2009_002346,dog,ear,ear,0.0,0.0,1.0,0.09314586967229843,0.0033893585205078125,0.998046875,0.0
geometry_dropout,test_unseen,643,val:2009_002382:part_79,2009_002382,motorbike,wheel,wheel,0.4924866557121277,0.6599545478820801,0.1475655436515808,0.37023669481277466,1.0,1.0,0.9970703125
geometry_dropout,test_unseen,644,val:2009_002382:part_82,2009_002382,motorbike,headlight,headlight,0.0,0.0,0.0,0.03555885702371597,1.0,1.0,0.99755859375
geometry_dropout,test_unseen,645,val:2009_002445:part_61,2009_002445,dog,head,head,0.3301587402820587,0.4964200556278229,0.04285714402794838,0.36399218440055847,1.0,1.0,1.0
geometry_dropout,test_unseen,646,val:2009_002445:part_62,2009_002445,dog,eye,eye,0.0,0.0,0.0,0.0022831049282103777,0.5927734375,0.99951171875,0.00018668174743652344
geometry_dropout,test_unseen,647,val:2009_002445:part_63,2009_002445,dog,torso,torso,0.35852372646331787,0.527813732624054,0.09534270316362381,0.2661448121070862,1.0,1.0,1.0
geometry_dropout,test_unseen,648,val:2009_002445:part_65,2009_002445,dog,leg,leg,0.4334975481033325,0.6048110127449036,0.264581561088562,0.18362687528133392,1.0,1.0,1.0
geometry_dropout,test_unseen,649,val:2009_002445:part_66,2009_002445,dog,nose,nose,0.10000000149011612,0.1818181872367859,0.0,0.003587736515328288,0.08404541015625,0.99853515625,5.364418029785156e-07
geometry_dropout,test_unseen,650,val:2009_002445:part_67,2009_002445,dog,paw,paw,0.05000000074505806,0.095238097012043,0.6428571343421936,0.029680365696549416,0.9912109375,1.0,0.0014209747314453125
geometry_dropout,test_unseen,651,val:2009_002445:part_68,2009_002445,dog,ear,ear,0.0,0.0,0.0,0.024135680869221687,0.0033893585205078125,0.998046875,0.0
geometry_dropout,test_unseen,652,val:2009_002445:part_69,2009_002445,dog,muzzle,muzzle,0.29078012704849243,0.450549453496933,0.0,0.028701892122626305,0.95166015625,1.0,0.0015668869018554688
geometry_dropout,test_unseen,653,val:2009_002539:part_60,2009_002539,dog,tail,tail,0.4369369447231293,0.6081504821777344,0.382488489151001,0.06580644845962524,0.9697265625,1.0,0.0005617141723632812
geometry_dropout,test_unseen,654,val:2009_002539:part_61,2009_002539,dog,head,head,0.6113743782043457,0.7588235139846802,0.02199999988079071,0.11182795464992523,1.0,1.0,1.0
geometry_dropout,test_unseen,655,val:2009_002539:part_63,2009_002539,dog,torso,torso,0.7516617774963379,0.8582270741462708,0.061517614871263504,0.6232258081436157,1.0,1.0,1.0
geometry_dropout,test_unseen,656,val:2009_002539:part_65,2009_002539,dog,leg,leg,0.5058639645576477,0.6718587875366211,0.19301310181617737,0.16795699298381805,1.0,1.0,1.0
geometry_dropout,test_unseen,657,val:2009_002539:part_66,2009_002539,dog,nose,nose,0.0,0.0,0.0,0.0006451613153330982,0.08404541015625,0.99853515625,5.364418029785156e-07
geometry_dropout,test_unseen,658,val:2009_002539:part_69,2009_002539,dog,muzzle,muzzle,0.19148936867713928,0.3214285671710968,0.01652892492711544,0.022150536999106407,0.95166015625,1.0,0.0015668869018554688
geometry_dropout,test_unseen,659,val:2009_002604:part_11,2009_002604,bird,wing,wing,0.4393673241138458,0.6105006337165833,0.4886363744735718,0.6783216595649719,0.7890625,1.0,0.0002472400665283203
geometry_dropout,test_unseen,660,val:2009_002604:part_12,2009_002604,bird,tail,tail,0.031963471323251724,0.06194690242409706,0.5844748616218567,0.016317015513777733,0.9697265625,1.0,0.0005617141723632812
geometry_dropout,test_unseen,661,val:2009_002604:part_13,2009_002604,bird,head,head,0.0,0.0,0.0,0.04895104840397835,1.0,1.0,1.0
geometry_dropout,test_unseen,662,val:2009_002604:part_14,2009_002604,bird,eye,eye,0.0,0.0,0.0,0.0023310023825615644,0.5927734375,0.99951171875,0.00018668174743652344
geometry_dropout,test_unseen,663,val:2009_002604:part_15,2009_002604,bird,beak,beak,0.0,0.0,0.0,0.0023310023825615644,0.67333984375,1.0,0.00011867284774780273
geometry_dropout,test_unseen,664,val:2009_002604:part_16,2009_002604,bird,torso,torso,0.3393939435482025,0.5067873597145081,0.4336283206939697,0.251748263835907,1.0,1.0,1.0
geometry_dropout,test_unseen,665,val:2009_002618:part_32,2009_002618,car,wheel,wheel,0.3627190589904785,0.5323460698127747,0.06858406960964203,0.13015109300613403,1.0,1.0,0.9970703125
geometry_dropout,test_unseen,666,val:2009_002618:part_34,2009_002618,car,front,front,0.0,0.0,0.0317460335791111,0.020432692021131516,1.0,1.0,1.0
geometry_dropout,test_unseen,667,val:2009_002618:part_35,2009_002618,car,side,side,0.2720978856086731,0.427793949842453,0.07841239124536514,0.2924107015132904,1.0,1.0,0.99755859375
geometry_dropout,test_unseen,668,val:2009_002618:part_38,2009_002618,car,mirror,mirror,0.0,0.0,0.0,0.04069368168711662,0.05572509765625,0.9814453125,4.112720489501953e-06
geometry_dropout,test_unseen,669,val:2009_002618:part_40,2009_002618,car,door,door,0.29740259051322937,0.45845845341682434,0.0543089434504509,0.5012019276618958,0.204833984375,0.9970703125,2.777576446533203e-05
geometry_dropout,test_unseen,670,val:2009_002990:part_32,2009_002990,car,wheel,wheel,0.6482813954353333,0.7866149544715881,0.1444636732339859,0.08710701018571854,1.0,1.0,0.9970703125
geometry_dropout,test_unseen,671,val:2009_002990:part_33,2009_002990,car,headlight,headlight,0.0,0.0,0.0,0.015383136458694935,1.0,1.0,0.99755859375
geometry_dropout,test_unseen,672,val:2009_002990:part_34,2009_002990,car,front,front,0.33959731459617615,0.5070140361785889,0.0,0.18142485618591309,1.0,1.0,1.0
geometry_dropout,test_unseen,673,val:2009_002990:part_35,2009_002990,car,side,side,0.30442437529563904,0.466756671667099,0.05248495563864708,0.27670416235923767,1.0,1.0,0.99755859375
geometry_dropout,test_unseen,674,val:2009_002990:part_37,2009_002990,car,roof,roof,0.20615965127944946,0.34184470772743225,0.0441988967359066,0.04528410732746124,1.0,1.0,1.0
geometry_dropout,test_unseen,675,val:2009_002990:part_38,2009_002990,car,mirror,mirror,0.0,0.0,0.0,0.0030766271520406008,0.05572509765625,0.9814453125,4.112720489501953e-06
geometry_dropout,test_unseen,676,val:2009_002990:part_40,2009_002990,car,door,door,0.003395585808902979,0.006768189370632172,0.012422360479831696,0.15498510003089905,0.204833984375,0.9970703125,2.777576446533203e-05
geometry_dropout,test_unseen,677,val:2009_002990:part_41,2009_002990,car,window,window,0.294460654258728,0.45495495200157166,0.0,0.21276800334453583,0.99951171875,1.0,0.99365234375
geometry_dropout,test_unseen,678,val:2009_003063:part_60,2009_003063,dog,tail,tail,0.48767122626304626,0.6556169390678406,0.019685039296746254,0.10399424284696579,0.9697265625,1.0,0.0005617141723632812
geometry_dropout,test_unseen,679,val:2009_003063:part_61,2009_003063,dog,head,head,0.2921348214149475,0.4521739184856415,0.2135593146085739,0.059373874217271805,1.0,1.0,1.0
geometry_dropout,test_unseen,680,val:2009_003063:part_62,2009_003063,dog,eye,eye,0.0,0.0,0.0,0.00035984168061986566,0.5927734375,0.99951171875,0.00018668174743652344
geometry_dropout,test_unseen,681,val:2009_003063:part_63,2009_003063,dog,torso,torso,0.5747182965278625,0.7299315333366394,0.12432432174682617,0.42425331473350525,1.0,1.0,1.0
geometry_dropout,test_unseen,682,val:2009_003063:part_64,2009_003063,dog,neck,neck,0.4161490797996521,0.5877193212509155,0.05351170524954796,0.05649514123797417,1.0,1.0,1.0
geometry_dropout,test_unseen,683,val:2009_003063:part_65,2009_003063,dog,leg,leg,0.372071236371994,0.5423497557640076,0.3116011619567871,0.15149334073066711,1.0,1.0,1.0
geometry_dropout,test_unseen,684,val:2009_003063:part_66,2009_003063,dog,nose,nose,0.0,0.0,0.0,0.001079524983651936,0.08404541015625,0.99853515625,5.364418029785156e-07
geometry_dropout,test_unseen,685,val:2009_003063:part_68,2009_003063,dog,ear,ear,0.0,0.0,0.0,0.015113350003957748,0.0033893585205078125,0.998046875,0.0
geometry_dropout,test_unseen,686,val:2009_003063:part_69,2009_003063,dog,muzzle,muzzle,0.43689319491386414,0.6081081032752991,0.2804878056049347,0.02374955080449581,0.95166015625,1.0,0.0015668869018554688
geometry_dropout,test_unseen,687,val:2009_003196:part_79,2009_003196,motorbike,wheel,wheel,0.32983872294425964,0.49605822563171387,0.19213584065437317,0.14759120345115662,1.0,1.0,0.9970703125
geometry_dropout,test_unseen,688,val:2009_003217:part_60,2009_003217,dog,tail,tail,0.6442105174064636,0.7836107611656189,0.28138527274131775,0.041677553206682205,0.9697265625,1.0,0.0005617141723632812
geometry_dropout,test_unseen,689,val:2009_003217:part_61,2009_003217,dog,head,head,0.2943625748157501,0.4548379182815552,0.13558201491832733,0.13287170231342316,1.0,1.0,1.0
geometry_dropout,test_unseen,690,val:2009_003217:part_62,2009_003217,dog,eye,eye,0.20710058510303497,0.343137264251709,0.0,0.004572772420942783,0.5927734375,0.99951171875,0.00018668174743652344
geometry_dropout,test_unseen,691,val:2009_003217:part_63,2009_003217,dog,torso,torso,0.7891215085983276,0.8821329474449158,0.05199114978313446,0.4924222528934479,1.0,1.0,1.0
geometry_dropout,test_unseen,692,val:2009_003217:part_65,2009_003217,dog,leg,leg,0.21656565368175507,0.35602790117263794,0.20161616802215576,0.07002874463796616,1.0,1.0,1.0
geometry_dropout,test_unseen,693,val:2009_003217:part_66,2009_003217,dog,nose,nose,0.6190476417541504,0.7647058963775635,0.0,0.01071335282176733,0.08404541015625,0.99853515625,5.364418029785156e-07
geometry_dropout,test_unseen,694,val:2009_003217:part_67,2009_003217,dog,paw,paw,0.5652173757553101,0.7222222089767456,0.32300883531570435,0.022210609167814255,0.9912109375,1.0,0.0014209747314453125
geometry_dropout,test_unseen,695,val:2009_003217:part_68,2009_003217,dog,ear,ear,0.49484536051750183,0.6620689630508423,0.3578680157661438,0.043245360255241394,0.0033893585205078125,0.998046875,0.0
geometry_dropout,test_unseen,696,val:2009_003217:part_69,2009_003217,dog,muzzle,muzzle,0.4371335506439209,0.608340859413147,0.03775743767619133,0.17402665317058563,0.95166015625,1.0,0.0015668869018554688
geometry_dropout,test_unseen,697,val:2009_003241:part_61,2009_003241,dog,head,head,0.5261639356613159,0.68952476978302,0.002115158597007394,0.2512981593608856,1.0,1.0,1.0
geometry_dropout,test_unseen,698,val:2009_003241:part_62,2009_003241,dog,eye,eye,0.12068965286016464,0.2153846174478531,0.0,0.004919376689940691,0.5927734375,0.99951171875,0.00018668174743652344
geometry_dropout,test_unseen,699,val:2009_003241:part_63,2009_003241,dog,torso,torso,0.41173088550567627,0.5832993984222412,0.1488831341266632,0.2937277853488922,1.0,1.0,1.0
geometry_dropout,test_unseen,700,val:2009_003241:part_65,2009_003241,dog,leg,leg,0.28010138869285583,0.4376237690448761,0.06233062222599983,0.1313883513212204,1.0,1.0,1.0
geometry_dropout,test_unseen,701,val:2009_003241:part_66,2009_003241,dog,nose,nose,0.059139784425497055,0.11167512834072113,0.0,0.0058759222738444805,0.08404541015625,0.99853515625,5.364418029785156e-07
geometry_dropout,test_unseen,702,val:2009_003241:part_68,2009_003241,dog,ear,ear,0.029512403532862663,0.057332780212163925,0.11627907305955887,0.15858158469200134,0.0033893585205078125,0.998046875,0.0
geometry_dropout,test_unseen,703,val:2009_003241:part_69,2009_003241,dog,muzzle,muzzle,0.6023890972137451,0.7518636584281921,0.0,0.08636239171028137,0.95166015625,1.0,0.0015668869018554688
geometry_dropout,test_unseen,704,val:2009_003273:part_13,2009_003273,bird,head,head,0.47995704412460327,0.648609459400177,0.2310057133436203,0.12351259589195251,1.0,1.0,1.0
geometry_dropout,test_unseen,705,val:2009_003273:part_14,2009_003273,bird,eye,eye,0.1658986210823059,0.28458496928215027,0.11981566995382309,0.004786279518157244,0.5927734375,0.99951171875,0.00018668174743652344
geometry_dropout,test_unseen,706,val:2009_003273:part_15,2009_003273,bird,beak,beak,0.4580152630805969,0.6282722353935242,0.07377049326896667,0.0045868512243032455,0.67333984375,1.0,0.00011867284774780273
geometry_dropout,test_unseen,707,val:2009_003273:part_16,2009_003273,bird,torso,torso,0.7674636244773865,0.8684349656105042,0.1299920529127121,0.8388619422912598,1.0,1.0,1.0
geometry_dropout,test_unseen,708,val:2009_003378:part_11,2009_003378,bird,wing,wing,0.021137243136763573,0.04139941558241844,0.225773885846138,0.06848086416721344,0.7890625,1.0,0.0002472400665283203
geometry_dropout,test_unseen,709,val:2009_003378:part_12,2009_003378,bird,tail,tail,0.25923243165016174,0.41173088550567627,0.2342541366815567,0.12470095604658127,0.9697265625,1.0,0.0005617141723632812
geometry_dropout,test_unseen,710,val:2009_003378:part_13,2009_003378,bird,head,head,0.56640625,0.723192036151886,0.28632479906082153,0.07491029053926468,1.0,1.0,1.0
geometry_dropout,test_unseen,711,val:2009_003378:part_14,2009_003378,bird,eye,eye,0.0,0.0,0.0,0.0025418659206479788,0.5927734375,0.99951171875,0.00018668174743652344
geometry_dropout,test_unseen,712,val:2009_003378:part_15,2009_003378,bird,beak,beak,0.05714285746216774,0.10810811072587967,0.0,0.012858851812779903,0.67333984375,1.0,0.00011867284774780273
geometry_dropout,test_unseen,713,val:2009_003378:part_16,2009_003378,bird,torso,torso,0.5944511890411377,0.7456498742103577,0.22070379555225372,0.6972188949584961,1.0,1.0,1.0
geometry_dropout,test_unseen,714,val:2009_003378:part_18,2009_003378,bird,leg,leg,0.015013054944574833,0.02958199381828308,0.16813869774341583,0.007924641482532024,1.0,1.0,1.0
geometry_dropout,test_unseen,715,val:2009_003387:part_32,2009_003387,car,wheel,wheel,0.8358974456787109,0.910614550113678,0.0272873193025589,0.13138176500797272,1.0,1.0,0.9970703125
geometry_dropout,test_unseen,716,val:2009_003387:part_34,2009_003387,car,front,front,0.0,0.0,0.05107526853680611,0.022225044667720795,1.0,1.0,1.0
geometry_dropout,test_unseen,717,val:2009_003387:part_35,2009_003387,car,side,side,0.7421680688858032,0.852005124092102,0.09413591027259827,0.7469519972801208,1.0,1.0,0.99755859375
geometry_dropout,test_unseen,718,val:2009_003406:part_32,2009_003406,car,wheel,wheel,0.6514598727226257,0.7889502644538879,0.12147776782512665,0.12591508030891418,1.0,1.0,0.9970703125
geometry_dropout,test_unseen,719,val:2009_003406:part_35,2009_003406,car,side,side,0.36894679069519043,0.5390228629112244,0.07938582450151443,0.385741651058197,1.0,1.0,0.99755859375
geometry_dropout,test_unseen,720,val:2009_003406:part_36,2009_003406,car,back,back,0.14039261639118195,0.24621805548667908,0.11435522884130478,0.0307467058300972,1.0,1.0,1.0
geometry_dropout,test_unseen,721,val:2009_003406:part_38,2009_003406,car,mirror,mirror,0.0,0.0,0.0,0.004054510500282049,0.05572509765625,0.9814453125,4.112720489501953e-06
geometry_dropout,test_unseen,722,val:2009_003406:part_40,2009_003406,car,door,door,0.20963098108768463,0.3466032147407532,0.02942412719130516,0.25261855125427246,0.204833984375,0.9970703125,2.777576446533203e-05
geometry_dropout,test_unseen,723,val:2009_003406:part_41,2009_003406,car,window,window,0.3350050151348114,0.5018782615661621,0.03427065163850784,0.17164094746112823,0.99951171875,1.0,0.99365234375
geometry_dropout,test_unseen,724,val:2009_003450:part_11,2009_003450,bird,wing,wing,0.0,0.0,0.8588957190513611,0.3537072539329529,0.7890625,1.0,0.0002472400665283203
geometry_dropout,test_unseen,725,val:2009_003450:part_13,2009_003450,bird,head,head,0.46875,0.6382978558540344,0.22235871851444244,0.09532905369997025,1.0,1.0,1.0
geometry_dropout,test_unseen,726,val:2009_003450:part_14,2009_003450,bird,eye,eye,0.17894737422466278,0.3035714328289032,0.0,0.003820107551291585,0.5927734375,0.99951171875,0.00018668174743652344
geometry_dropout,test_unseen,727,val:2009_003450:part_15,2009_003450,bird,beak,beak,0.0,0.0,0.0,0.0074665741994977,0.67333984375,1.0,0.00011867284774780273
geometry_dropout,test_unseen,728,val:2009_003450:part_16,2009_003450,bird,torso,torso,0.540679931640625,0.7018718123435974,0.09455128014087677,0.5339468717575073,1.0,1.0,1.0
geometry_dropout,test_unseen,729,val:2009_003466:part_60,2009_003466,dog,tail,tail,0.6008771657943726,0.750684916973114,0.1685912311077118,0.030646992847323418,0.9697265625,1.0,0.0005617141723632812
geometry_dropout,test_unseen,730,val:2009_003466:part_61,2009_003466,dog,head,head,0.36804407835006714,0.5380588173866272,0.016687268391251564,0.08925807476043701,1.0,1.0,1.0
geometry_dropout,test_unseen,731,val:2009_003466:part_62,2009_003466,dog,eye,eye,0.15714286267757416,0.2716049253940582,0.0,0.004643483553081751,0.5927734375,0.99951171875,0.00018668174743652344
geometry_dropout,test_unseen,732,val:2009_003466:part_63,2009_003466,dog,torso,torso,0.7779850959777832,0.8751311898231506,0.01735357940196991,0.45691877603530884,1.0,1.0,1.0
geometry_dropout,test_unseen,733,val:2009_003466:part_64,2009_003466,dog,neck,neck,0.3322784900665283,0.49881234765052795,0.01690821163356304,0.044164687395095825,1.0,1.0,1.0
geometry_dropout,test_unseen,734,val:2009_003466:part_65,2009_003466,dog,leg,leg,0.2928813695907593,0.4530676603317261,0.18201133608818054,0.05107831954956055,1.0,1.0,1.0
geometry_dropout,test_unseen,735,val:2009_003466:part_66,2009_003466,dog,nose,nose,0.4444444477558136,0.6153846383094788,0.0,0.006397688761353493,0.08404541015625,0.99853515625,5.364418029785156e-07
geometry_dropout,test_unseen,736,val:2009_003466:part_67,2009_003466,dog,paw,paw,0.0,0.0,0.0,0.0373542457818985,0.9912109375,1.0,0.0014209747314453125
geometry_dropout,test_unseen,737,val:2009_003466:part_68,2009_003466,dog,ear,ear,0.0,0.0,0.0,0.11257868260145187,0.0033893585205078125,0.998046875,0.0
geometry_dropout,test_unseen,738,val:2009_003466:part_69,2009_003466,dog,muzzle,muzzle,0.0,0.0,1.0,0.06913631409406662,0.95166015625,1.0,0.0015668869018554688
geometry_dropout,test_unseen,739,val:2009_003498:part_11,2009_003498,bird,wing,wing,0.1764705926179886,0.30000001192092896,0.5102040767669678,0.16299821436405182,0.7890625,1.0,0.0002472400665283203
geometry_dropout,test_unseen,740,val:2009_003498:part_12,2009_003498,bird,tail,tail,0.0,0.0,0.0,0.09428911656141281,0.9697265625,1.0,0.0005617141723632812
geometry_dropout,test_unseen,741,val:2009_003498:part_13,2009_003498,bird,head,head,0.5638977885246277,0.7211440205574036,0.1483870893716812,0.10678167641162872,1.0,1.0,1.0
geometry_dropout,test_unseen,742,val:2009_003498:part_14,2009_003498,bird,eye,eye,0.016949152573943138,0.03333333507180214,0.05263157933950424,0.012195121496915817,0.5927734375,0.99951171875,0.00018668174743652344
geometry_dropout,test_unseen,743,val:2009_003498:part_15,2009_003498,bird,beak,beak,0.0,0.0,0.0,0.009220701642334461,0.67333984375,1.0,0.00011867284774780273
geometry_dropout,test_unseen,744,val:2009_003498:part_16,2009_003498,bird,torso,torso,0.5170556306838989,0.6816567778587341,0.13351134955883026,0.5883402824401855,1.0,1.0,1.0
geometry_dropout,test_unseen,745,val:2009_003498:part_18,2009_003498,bird,leg,leg,0.028669724240899086,0.055741358548402786,0.27713626623153687,0.009220701642334461,1.0,1.0,1.0
geometry_dropout,test_unseen,746,val:2009_003498:part_19,2009_003498,bird,foot,foot,0.02247191034257412,0.04395604506134987,0.9444444179534912,0.01635931059718132,1.0,1.0,0.81298828125
geometry_dropout,test_unseen,747,val:2009_003549:part_32,2009_003549,car,wheel,wheel,0.44204017519950867,0.6130760908126831,0.06692913174629211,0.13601993024349213,1.0,1.0,0.9970703125
geometry_dropout,test_unseen,748,val:2009_003549:part_33,2009_003549,car,headlight,headlight,0.0,0.0,0.0,0.01966017298400402,1.0,1.0,0.99755859375
geometry_dropout,test_unseen,749,val:2009_003549:part_34,2009_003549,car,front,front,0.57474285364151,0.7299513816833496,0.019037729129195213,0.3830620050430298,1.0,1.0,1.0
geometry_dropout,test_unseen,750,val:2009_003549:part_35,2009_003549,car,side,side,0.2557276487350464,0.4072979688644409,0.03641456738114357,0.15247753262519836,1.0,1.0,0.99755859375
geometry_dropout,test_unseen,751,val:2009_003549:part_38,2009_003549,car,mirror,mirror,0.0,0.0,0.0,0.0028467217925935984,0.05572509765625,0.9814453125,4.112720489501953e-06
geometry_dropout,test_unseen,752,val:2009_003549:part_40,2009_003549,car,door,door,0.0,0.0,0.13636364042758942,0.1852148324251175,0.204833984375,0.9970703125,2.777576446533203e-05
geometry_dropout,test_unseen,753,val:2009_003549:part_41,2009_003549,car,window,window,0.015094339847564697,0.029739776626229286,0.20895522832870483,0.11369094997644424,0.99951171875,1.0,0.99365234375
geometry_dropout,test_unseen,754,val:2009_003576:part_79,2009_003576,motorbike,wheel,wheel,0.4816513657569885,0.6501547694206238,0.21927966177463531,0.474204957485199,1.0,1.0,0.9970703125
geometry_dropout,test_unseen,755,val:2009_003576:part_82,2009_003576,motorbike,headlight,headlight,0.0,0.0,0.0,0.11095406115055084,1.0,1.0,0.99755859375
geometry_dropout,test_unseen,756,val:2009_003589:part_32,2009_003589,car,wheel,wheel,0.694059431552887,0.819403886795044,0.05119255557656288,0.1357080191373825,1.0,1.0,0.9970703125
geometry_dropout,test_unseen,757,val:2009_003589:part_33,2009_003589,car,headlight,headlight,0.004282655194401741,0.008528784848749638,0.0,0.037214118987321854,1.0,1.0,0.99755859375
geometry_dropout,test_unseen,758,val:2009_003589:part_34,2009_003589,car,front,front,0.45082196593284607,0.621471107006073,0.0356435626745224,0.25396445393562317,1.0,1.0,1.0
geometry_dropout,test_unseen,759,val:2009_003589:part_35,2009_003589,car,side,side,0.3174784481525421,0.481948584318161,0.060763437300920486,0.21396127343177795,1.0,1.0,0.99755859375
geometry_dropout,test_unseen,760,val:2009_003589:part_38,2009_003589,car,mirror,mirror,0.0,0.0,0.0,0.004064068663865328,0.05572509765625,0.9814453125,4.112720489501953e-06
geometry_dropout,test_unseen,761,val:2009_003589:part_40,2009_003589,car,door,door,0.03030303120613098,0.05882352963089943,0.0,0.17387840151786804,0.204833984375,0.9970703125,2.777576446533203e-05
geometry_dropout,test_unseen,762,val:2009_003589:part_41,2009_003589,car,window,window,0.4473235607147217,0.6181389689445496,0.1550387591123581,0.1635190099477768,0.99951171875,1.0,0.99365234375
geometry_dropout,test_unseen,763,val:2009_003640:part_12,2009_003640,bird,tail,tail,0.0,0.0,0.13013698160648346,0.15426339209079742,0.9697265625,1.0,0.0005617141723632812
geometry_dropout,test_unseen,764,val:2009_003640:part_13,2009_003640,bird,head,head,0.6270566582679749,0.7707865238189697,0.17699114978313446,0.19006292521953583,1.0,1.0,1.0
geometry_dropout,test_unseen,765,val:2009_003640:part_14,2009_003640,bird,eye,eye,0.1666666716337204,0.2857142984867096,0.0,0.00672597112134099,0.5927734375,0.99951171875,0.00018668174743652344
geometry_dropout,test_unseen,766,val:2009_003640:part_15,2009_003640,bird,beak,beak,0.0,0.0,0.0,0.021479712799191475,0.67333984375,1.0,0.00011867284774780273
geometry_dropout,test_unseen,767,val:2009_003640:part_16,2009_003640,bird,torso,torso,0.5493109822273254,0.7091035842895508,0.15955601632595062,0.6185723543167114,1.0,1.0,1.0
geometry_dropout,test_unseen,768,val:2009_003666:part_100,2009_003666,sheep,head,head,0.052281368523836136,0.0993676632642746,0.20594479143619537,0.021961933001875877,1.0,1.0,1.0
geometry_dropout,test_unseen,769,val:2009_003666:part_101,2009_003666,sheep,eye,eye,0.0,0.0,0.0,0.0009317183285020292,0.5927734375,0.99951171875,0.00018668174743652344
geometry_dropout,test_unseen,770,val:2009_003666:part_102,2009_003666,sheep,torso,torso,0.15868394076824188,0.2739037573337555,0.19784539937973022,0.14508186280727386,1.0,1.0,1.0
geometry_dropout,test_unseen,771,val:2009_003666:part_103,2009_003666,sheep,neck,neck,0.0,0.0,0.06165703386068344,0.018101956695318222,1.0,1.0,1.0
geometry_dropout,test_unseen,772,val:2009_003666:part_105,2009_003666,sheep,ear,ear,0.0017286085058003664,0.0034512511920183897,0.44946807622909546,0.004126181360334158,0.0033893585205078125,0.998046875,0.0
geometry_dropout,test_unseen,773,val:2009_003666:part_106,2009_003666,sheep,muzzle,muzzle,0.0,0.0,0.031963471323251724,0.010382004082202911,0.95166015625,1.0,0.0015668869018554688
geometry_dropout,test_unseen,774,val:2009_003666:part_107,2009_003666,sheep,horn,horn,0.025871766731142998,0.05043859779834747,0.5534442067146301,0.009317183867096901,0.64208984375,1.0,8.821487426757812e-06
geometry_dropout,test_unseen,775,val:2009_003756:part_61,2009_003756,dog,head,head,0.34602177143096924,0.5141399502754211,0.06625097244977951,0.44832757115364075,1.0,1.0,1.0
geometry_dropout,test_unseen,776,val:2009_003756:part_62,2009_003756,dog,eye,eye,0.4440000057220459,0.6149584650993347,0.0,0.017148073762655258,0.5927734375,0.99951171875,0.00018668174743652344
geometry_dropout,test_unseen,777,val:2009_003756:part_63,2009_003756,dog,torso,torso,0.6642003655433655,0.7982215881347656,0.11085450649261475,0.07772054523229599,1.0,1.0,1.0
geometry_dropout,test_unseen,778,val:2009_003756:part_66,2009_003756,dog,nose,nose,0.0,0.0,0.0,0.015192019753158092,0.08404541015625,0.99853515625,5.364418029785156e-07
geometry_dropout,test_unseen,779,val:2009_003756:part_69,2009_003756,dog,muzzle,muzzle,0.6783088445663452,0.8083242177963257,0.09515318274497986,0.4311794936656952,0.95166015625,1.0,0.0015668869018554688
geometry_dropout,test_unseen,780,val:2009_003810:part_60,2009_003810,dog,tail,tail,0.0,0.0,0.0,0.035996343940496445,0.9697265625,1.0,0.0005617141723632812
geometry_dropout,test_unseen,781,val:2009_003810:part_61,2009_003810,dog,head,head,0.0,0.0,0.0,0.02893008477985859,1.0,1.0,1.0
geometry_dropout,test_unseen,782,val:2009_003810:part_63,2009_003810,dog,torso,torso,0.49673283100128174,0.6637561917304993,0.08937915414571762,0.44043561816215515,1.0,1.0,1.0
geometry_dropout,test_unseen,783,val:2009_003810:part_64,2009_003810,dog,neck,neck,0.0,0.0,0.0,0.06268185377120972,1.0,1.0,1.0
geometry_dropout,test_unseen,784,val:2009_003810:part_65,2009_003810,dog,leg,leg,0.2675311267375946,0.42212948203086853,0.09023214876651764,0.28622496128082275,1.0,1.0,1.0
geometry_dropout,test_unseen,785,val:2009_003810:part_67,2009_003810,dog,paw,paw,0.36432844400405884,0.5340773463249207,0.2934472858905792,0.09186133742332458,0.9912109375,1.0,0.0014209747314453125
geometry_dropout,test_unseen,786,val:2009_003810:part_69,2009_003810,dog,muzzle,muzzle,0.0,0.0,0.5,0.04090115427970886,0.95166015625,1.0,0.0015668869018554688
geometry_dropout,test_unseen,787,val:2009_003858:part_11,2009_003858,bird,wing,wing,0.0,0.0,0.1300448477268219,0.07991360872983932,0.7890625,1.0,0.0002472400665283203
geometry_dropout,test_unseen,788,val:2009_003858:part_12,2009_003858,bird,tail,tail,0.40930232405662537,0.5808581113815308,0.5414634346961975,0.03527717664837837,0.9697265625,1.0,0.0005617141723632812
geometry_dropout,test_unseen,789,val:2009_003858:part_13,2009_003858,bird,head,head,0.5082159638404846,0.6739299893379211,0.19941775500774384,0.2152627855539322,1.0,1.0,1.0
geometry_dropout,test_unseen,790,val:2009_003858:part_14,2009_003858,bird,eye,eye,0.0,0.0,0.0,0.004679625853896141,0.5927734375,0.99951171875,0.00018668174743652344
geometry_dropout,test_unseen,791,val:2009_003858:part_15,2009_003858,bird,beak,beak,0.0,0.0,0.0,0.0025197984650731087,0.67333984375,1.0,0.00011867284774780273
geometry_dropout,test_unseen,792,val:2009_003858:part_16,2009_003858,bird,torso,torso,0.6380789279937744,0.7790575623512268,0.12118320912122726,0.620590329170227,1.0,1.0,1.0
geometry_dropout,test_unseen,793,val:2009_003858:part_18,2009_003858,bird,leg,leg,0.05781865864992142,0.10931677371263504,0.02964959479868412,0.022678185254335403,1.0,1.0,1.0
geometry_dropout,test_unseen,794,val:2009_003858:part_19,2009_003858,bird,foot,foot,0.04729729890823364,0.0903225839138031,0.7601351141929626,0.010079193860292435,1.0,1.0,0.81298828125
geometry_dropout,test_unseen,795,val:2009_003928:part_61,2009_003928,dog,head,head,0.23341946303844452,0.37849161028862,0.026152482256293297,0.1288408488035202,1.0,1.0,1.0
geometry_dropout,test_unseen,796,val:2009_003928:part_62,2009_003928,dog,eye,eye,0.1666666716337204,0.2857142984867096,0.0,0.006145369727164507,0.5927734375,0.99951171875,0.00018668174743652344
geometry_dropout,test_unseen,797,val:2009_003928:part_63,2009_003928,dog,torso,torso,0.08750934898853302,0.16093535721302032,0.07676130533218384,0.1065903827548027,1.0,1.0,1.0
geometry_dropout,test_unseen,798,val:2009_003928:part_64,2009_003928,dog,neck,neck,0.2586206793785095,0.4109589159488678,0.0,0.04089849442243576,1.0,1.0,1.0
geometry_dropout,test_unseen,799,val:2009_003928:part_65,2009_003928,dog,leg,leg,0.23786407709121704,0.3843137323856354,0.23069001734256744,0.0644204244017601,1.0,1.0,1.0
geometry_dropout,test_unseen,800,val:2009_003928:part_66,2009_003928,dog,nose,nose,0.0,0.0,0.0,0.019495656713843346,0.08404541015625,0.99853515625,5.364418029785156e-07
geometry_dropout,test_unseen,801,val:2009_003928:part_67,2009_003928,dog,paw,paw,0.22356827557086945,0.3654365539550781,0.3685847520828247,0.09917355328798294,0.9912109375,1.0,0.0014209747314453125
geometry_dropout,test_unseen,802,val:2009_003928:part_68,2009_003928,dog,ear,ear,0.0,0.0,0.12214983999729156,0.02776011824607849,0.0033893585205078125,0.998046875,0.0
geometry_dropout,test_unseen,803,val:2009_003928:part_69,2009_003928,dog,muzzle,muzzle,0.5251141786575317,0.688622772693634,0.0941176488995552,0.10425937920808792,0.95166015625,1.0,0.0015668869018554688
geometry_dropout,test_unseen,804,val:2009_004021:part_11,2009_004021,bird,wing,wing,0.4117647111415863,0.5833333134651184,0.2503373920917511,0.5486111044883728,0.7890625,1.0,0.0002472400665283203
geometry_dropout,test_unseen,805,val:2009_004021:part_12,2009_004021,bird,tail,tail,0.0,0.0,1.0,0.04899691417813301,0.9697265625,1.0,0.0005617141723632812
geometry_dropout,test_unseen,806,val:2009_004021:part_13,2009_004021,bird,head,head,0.4975000023841858,0.6644407510757446,0.2010178118944168,0.07947530597448349,1.0,1.0,1.0
geometry_dropout,test_unseen,807,val:2009_004021:part_14,2009_004021,bird,eye,eye,0.023255813866853714,0.04545454680919647,0.7692307829856873,0.0069444444961845875,0.5927734375,0.99951171875,0.00018668174743652344
geometry_dropout,test_unseen,808,val:2009_004021:part_15,2009_004021,bird,beak,beak,0.0,0.0,0.0,0.006558641791343689,0.67333984375,1.0,0.00011867284774780273
geometry_dropout,test_unseen,809,val:2009_004021:part_16,2009_004021,bird,torso,torso,0.2506009638309479,0.40076884627342224,0.13167938590049744,0.19637346267700195,1.0,1.0,1.0
geometry_dropout,test_unseen,810,val:2009_004021:part_17,2009_004021,bird,neck,neck,0.12264151126146317,0.21848739683628082,0.04123711213469505,0.054398149251937866,1.0,1.0,1.0
geometry_dropout,test_unseen,811,val:2009_004021:part_18,2009_004021,bird,leg,leg,0.05984766036272049,0.1129363477230072,0.170786514878273,0.032407406717538834,1.0,1.0,1.0
geometry_dropout,test_unseen,812,val:2009_004033:part_61,2009_004033,dog,head,head,0.3488371968269348,0.517241358757019,0.00749063678085804,0.3766617476940155,1.0,1.0,1.0
geometry_dropout,test_unseen,813,val:2009_004033:part_62,2009_004033,dog,eye,eye,0.0,0.0,0.0,0.004431314766407013,0.5927734375,0.99951171875,0.00018668174743652344
geometry_dropout,test_unseen,814,val:2009_004033:part_63,2009_004033,dog,torso,torso,0.3214285671710968,0.4864864945411682,0.09375,0.3441654443740845,1.0,1.0,1.0
geometry_dropout,test_unseen,815,val:2009_004033:part_65,2009_004033,dog,leg,leg,0.09285714477300644,0.16993464529514313,0.3091602921485901,0.06499261409044266,1.0,1.0,1.0
geometry_dropout,test_unseen,816,val:2009_004033:part_66,2009_004033,dog,nose,nose,0.0,0.0,0.0,0.011816838756203651,0.08404541015625,0.99853515625,5.364418029785156e-07
geometry_dropout,test_unseen,817,val:2009_004033:part_67,2009_004033,dog,paw,paw,0.17475728690624237,0.2975206673145294,0.800000011920929,0.04579025134444237,0.9912109375,1.0,0.0014209747314453125
geometry_dropout,test_unseen,818,val:2009_004033:part_69,2009_004033,dog,muzzle,muzzle,0.32699620723724365,0.49283668398857117,0.0,0.1491875946521759,0.95166015625,1.0,0.0015668869018554688
geometry_dropout,test_unseen,819,val:2009_004043:part_79,2009_004043,motorbike,wheel,wheel,0.3753637373447418,0.5458391904830933,0.22532467544078827,0.38567572832107544,1.0,1.0,0.9970703125
geometry_dropout,test_unseen,820,val:2009_004070:part_100,2009_004070,sheep,head,head,0.09505703300237656,0.1736111044883728,0.49809885025024414,0.08064515888690948,1.0,1.0,1.0
geometry_dropout,test_unseen,821,val:2009_004070:part_101,2009_004070,sheep,eye,eye,0.0,0.0,0.0,0.009677419438958168,0.5927734375,0.99951171875,0.00018668174743652344
geometry_dropout,test_unseen,822,val:2009_004070:part_102,2009_004070,sheep,torso,torso,0.6509804129600525,0.7885985970497131,0.12612612545490265,0.6419354677200317,1.0,1.0,1.0
geometry_dropout,test_unseen,823,val:2009_004070:part_103,2009_004070,sheep,neck,neck,0.2526315748691559,0.40336135029792786,0.0,0.19354838132858276,1.0,1.0,1.0
geometry_dropout,test_unseen,824,val:2009_004070:part_105,2009_004070,sheep,ear,ear,0.012820512987673283,0.025316456332802773,0.9589040875434875,0.019354838877916336,0.0033893585205078125,0.998046875,0.0
geometry_dropout,test_unseen,825,val:2009_004070:part_106,2009_004070,sheep,muzzle,muzzle,0.0,0.0,0.0,0.032258063554763794,0.95166015625,1.0,0.0015668869018554688
geometry_dropout,test_unseen,826,val:2009_004084:part_11,2009_004084,bird,wing,wing,0.21958456933498383,0.36009731888771057,0.2026515156030655,0.21189188957214355,0.7890625,1.0,0.0002472400665283203
geometry_dropout,test_unseen,827,val:2009_004084:part_12,2009_004084,bird,tail,tail,0.05353318899869919,0.10162601619958878,0.06666667014360428,0.1664864867925644,0.9697265625,1.0,0.0005617141723632812
geometry_dropout,test_unseen,828,val:2009_004084:part_13,2009_004084,bird,head,head,0.3325062096118927,0.4990689158439636,0.4490358233451843,0.06270270049571991,1.0,1.0,1.0
geometry_dropout,test_unseen,829,val:2009_004084:part_14,2009_004084,bird,eye,eye,0.0,0.0,1.0,0.009369369596242905,0.5927734375,0.99951171875,0.00018668174743652344
geometry_dropout,test_unseen,830,val:2009_004084:part_15,2009_004084,bird,beak,beak,0.0,0.0,0.0,0.014774775132536888,0.67333984375,1.0,0.00011867284774780273
geometry_dropout,test_unseen,831,val:2009_004084:part_16,2009_004084,bird,torso,torso,0.48193228244781494,0.6504106521606445,0.22190669178962708,0.5156756639480591,1.0,1.0,1.0
geometry_dropout,test_unseen,832,val:2009_004084:part_18,2009_004084,bird,leg,leg,0.0,0.0,0.234627828001976,0.0010810811072587967,1.0,1.0,1.0
geometry_dropout,test_unseen,833,val:2009_004084:part_19,2009_004084,bird,foot,foot,0.0,0.0,0.050847455859184265,0.00972972996532917,1.0,1.0,0.81298828125
geometry_dropout,test_unseen,834,val:2009_004455:part_32,2009_004455,car,wheel,wheel,0.0,0.0,0.027322404086589813,0.08032491058111191,1.0,1.0,0.9970703125
geometry_dropout,test_unseen,835,val:2009_004455:part_35,2009_004455,car,side,side,0.0,0.0,0.0,0.2635379135608673,1.0,1.0,0.99755859375
geometry_dropout,test_unseen,836,val:2009_004455:part_36,2009_004455,car,back,back,0.0,0.0,0.0,0.2193140834569931,1.0,1.0,1.0
geometry_dropout,test_unseen,837,val:2009_004455:part_37,2009_004455,car,roof,roof,0.0,0.0,0.0,0.008122744038701057,1.0,1.0,1.0
geometry_dropout,test_unseen,838,val:2009_004455:part_41,2009_004455,car,window,window,0.0,0.0,0.9512194991111755,0.08122743666172028,0.99951171875,1.0,0.99365234375
geometry_dropout,test_unseen,839,val:2009_004494:part_32,2009_004494,car,wheel,wheel,0.0,0.0,1.0,0.019889501854777336,1.0,1.0,0.9970703125
geometry_dropout,test_unseen,840,val:2009_004494:part_36,2009_004494,car,back,back,0.26456311345100403,0.4184260964393616,0.13670885562896729,0.1392265260219574,1.0,1.0,1.0
geometry_dropout,test_unseen,841,val:2009_004494:part_40,2009_004494,car,door,door,0.0,0.0,0.9428571462631226,0.33922651410102844,0.204833984375,0.9970703125,2.777576446533203e-05
geometry_dropout,test_unseen,842,val:2009_004494:part_41,2009_004494,car,window,window,0.3664122223854065,0.5363128781318665,0.12820513546466827,0.18011049926280975,0.99951171875,1.0,0.99365234375
geometry_dropout,test_unseen,843,val:2009_004507:part_60,2009_004507,dog,tail,tail,0.052356019616127014,0.09950248897075653,0.28155338764190674,0.010542168281972408,0.9697265625,1.0,0.0005617141723632812
geometry_dropout,test_unseen,844,val:2009_004507:part_61,2009_004507,dog,head,head,0.5442443490028381,0.7048681378364563,0.008643042296171188,0.08767211437225342,1.0,1.0,1.0
geometry_dropout,test_unseen,845,val:2009_004507:part_62,2009_004507,dog,eye,eye,0.0,0.0,0.0,0.0033347676508128643,0.5927734375,0.99951171875,0.00018668174743652344
geometry_dropout,test_unseen,846,val:2009_004507:part_63,2009_004507,dog,torso,torso,0.6978856325149536,0.8220643401145935,0.0796012282371521,0.5857357978820801,1.0,1.0,1.0
geometry_dropout,test_unseen,847,val:2009_004507:part_64,2009_004507,dog,neck,neck,0.6366366147994995,0.7779816389083862,0.07601572573184967,0.0938037857413292,1.0,1.0,1.0
geometry_dropout,test_unseen,848,val:2009_004507:part_65,2009_004507,dog,leg,leg,0.3058720529079437,0.4684563875198364,0.17935103178024292,0.11617900431156158,1.0,1.0,1.0
geometry_dropout,test_unseen,849,val:2009_004507:part_66,2009_004507,dog,nose,nose,0.3866666555404663,0.557692289352417,0.0,0.008067985996603966,0.08404541015625,0.99853515625,5.364418029785156e-07
geometry_dropout,test_unseen,850,val:2009_004507:part_67,2009_004507,dog,paw,paw,0.27175843715667725,0.42737430334091187,0.47975078225135803,0.04249139502644539,0.9912109375,1.0,0.0014209747314453125
geometry_dropout,test_unseen,851,val:2009_004507:part_68,2009_004507,dog,ear,ear,0.5588235259056091,0.7169811129570007,0.0,0.020438898354768753,0.0033893585205078125,0.998046875,0.0
geometry_dropout,test_unseen,852,val:2009_004507:part_69,2009_004507,dog,muzzle,muzzle,0.4655870497226715,0.6353591084480286,0.26552462577819824,0.027646299451589584,0.95166015625,1.0,0.0015668869018554688
geometry_dropout,test_unseen,853,val:2009_004540:part_13,2009_004540,bird,head,head,0.4399999976158142,0.6111111044883728,0.3636363744735718,0.06297419965267181,1.0,1.0,1.0
geometry_dropout,test_unseen,854,val:2009_004540:part_14,2009_004540,bird,eye,eye,0.0,0.0,0.0,0.0018968133954331279,0.5927734375,0.99951171875,0.00018668174743652344
geometry_dropout,test_unseen,855,val:2009_004540:part_15,2009_004540,bird,beak,beak,0.0,0.0,0.0,0.053490135818719864,0.67333984375,1.0,0.00011867284774780273
geometry_dropout,test_unseen,856,val:2009_004540:part_16,2009_004540,bird,torso,torso,0.609015166759491,0.757003664970398,0.08273380994796753,0.5075872540473938,1.0,1.0,1.0
geometry_dropout,test_unseen,857,val:2009_004540:part_17,2009_004540,bird,neck,neck,0.05170731619000435,0.09833024442195892,0.07024793326854706,0.3171471953392029,1.0,1.0,1.0
geometry_dropout,test_unseen,858,val:2009_004540:part_18,2009_004540,bird,leg,leg,0.030612245202064514,0.059405941516160965,0.18615984916687012,0.03224582597613335,1.0,1.0,1.0
geometry_dropout,test_unseen,859,val:2009_004540:part_19,2009_004540,bird,foot,foot,0.0,0.0,0.604651153087616,0.023520486429333687,1.0,1.0,0.81298828125
geometry_dropout,test_unseen,860,val:2009_004568:part_11,2009_004568,bird,wing,wing,0.0,0.0,0.38821953535079956,0.08076564222574234,0.7890625,1.0,0.0002472400665283203
geometry_dropout,test_unseen,861,val:2009_004568:part_12,2009_004568,bird,tail,tail,0.0,0.0,0.0,0.006069094408303499,0.9697265625,1.0,0.0005617141723632812
geometry_dropout,test_unseen,862,val:2009_004568:part_13,2009_004568,bird,head,head,0.0,0.0,0.6979591846466064,0.003267973894253373,1.0,1.0,1.0
geometry_dropout,test_unseen,863,val:2009_004568:part_14,2009_004568,bird,eye,eye,0.0,0.0,0.0,0.0004668534093070775,0.5927734375,0.99951171875,0.00018668174743652344
geometry_dropout,test_unseen,864,val:2009_004568:part_15,2009_004568,bird,beak,beak,0.0,0.0,0.0,0.0009328357991762459,0.67333984375,1.0,0.00011867284774780273
geometry_dropout,test_unseen,865,val:2009_004568:part_16,2009_004568,bird,torso,torso,0.0,0.0,0.2448979616165161,0.022875817492604256,1.0,1.0,1.0
geometry_dropout,test_unseen,866,val:2009_004568:part_18,2009_004568,bird,leg,leg,0.0,0.0,0.2722891569137573,0.002801120514050126,1.0,1.0,1.0
geometry_dropout,test_unseen,867,val:2009_004568:part_19,2009_004568,bird,foot,foot,0.0,0.0,0.42553192377090454,0.0004668534093070775,1.0,1.0,0.81298828125
geometry_dropout,test_unseen,868,val:2009_004581:part_60,2009_004581,dog,tail,tail,0.03614457696676254,0.06976744532585144,0.769911527633667,0.016931217163801193,0.9697265625,1.0,0.0005617141723632812
geometry_dropout,test_unseen,869,val:2009_004581:part_61,2009_004581,dog,head,head,0.5677655935287476,0.7242990732192993,0.0842490866780281,0.16402116417884827,1.0,1.0,1.0
geometry_dropout,test_unseen,870,val:2009_004581:part_62,2009_004581,dog,eye,eye,0.104347825050354,0.18897637724876404,0.0,0.010582010261714458,0.5927734375,0.99951171875,0.00018668174743652344
geometry_dropout,test_unseen,871,val:2009_004581:part_63,2009_004581,dog,torso,torso,0.6022058725357056,0.7517209649085999,0.17029862105846405,0.49735450744628906,1.0,1.0,1.0
geometry_dropout,test_unseen,872,val:2009_004581:part_64,2009_004581,dog,neck,neck,0.1071428582072258,0.19354838132858276,0.1268656700849533,0.043915342539548874,1.0,1.0,1.0
geometry_dropout,test_unseen,873,val:2009_004581:part_65,2009_004581,dog,leg,leg,0.3017127811908722,0.4635627567768097,0.2457067370414734,0.12222222238779068,1.0,1.0,1.0
geometry_dropout,test_unseen,874,val:2009_004581:part_66,2009_004581,dog,nose,nose,0.0,0.0,0.0,0.010052910074591637,0.08404541015625,0.99853515625,5.364418029785156e-07
geometry_dropout,test_unseen,875,val:2009_004581:part_68,2009_004581,dog,ear,ear,0.2585812211036682,0.41090908646583557,0.6230366230010986,0.08888889104127884,0.0033893585205078125,0.998046875,0.0
geometry_dropout,test_unseen,876,val:2009_004581:part_69,2009_004581,dog,muzzle,muzzle,0.2857142984867096,0.4444444477558136,0.3333333432674408,0.04444444552063942,0.95166015625,1.0,0.0015668869018554688
geometry_dropout,test_unseen,877,val:2009_004592:part_60,2009_004592,dog,tail,tail,0.19058823585510254,0.32015809416770935,0.5,0.03211907669901848,0.9697265625,1.0,0.0005617141723632812
geometry_dropout,test_unseen,878,val:2009_004592:part_61,2009_004592,dog,head,head,0.5220588445663452,0.6859903335571289,0.08472553640604019,0.23932628333568573,1.0,1.0,1.0
geometry_dropout,test_unseen,879,val:2009_004592:part_62,2009_004592,dog,eye,eye,0.0,0.0,0.0,0.0007833921117708087,0.5927734375,0.99951171875,0.00018668174743652344
geometry_dropout,test_unseen,880,val:2009_004592:part_63,2009_004592,dog,torso,torso,0.7030497789382935,0.8256362080574036,0.08029878884553909,0.41167253255844116,1.0,1.0,1.0
geometry_dropout,test_unseen,881,val:2009_004592:part_65,2009_004592,dog,leg,leg,0.12597402930259705,0.22376009821891785,0.4013015329837799,0.15902858972549438,1.0,1.0,1.0
geometry_dropout,test_unseen,882,val:2009_004592:part_66,2009_004592,dog,nose,nose,0.0,0.0,0.0,0.0011750881094485521,0.08404541015625,0.99853515625,5.364418029785156e-07
geometry_dropout,test_unseen,883,val:2009_004592:part_67,2009_004592,dog,paw,paw,0.0,0.0,0.04958677664399147,0.048962004482746124,0.9912109375,1.0,0.0014209747314453125
geometry_dropout,test_unseen,884,val:2009_004592:part_69,2009_004592,dog,muzzle,muzzle,0.5036764740943909,0.669926643371582,0.005235602147877216,0.08538974076509476,0.95166015625,1.0,0.0015668869018554688
geometry_dropout,test_unseen,885,val:2009_004594:part_32,2009_004594,car,wheel,wheel,0.32914572954177856,0.4952740967273712,0.10000000149011612,0.022467542439699173,1.0,1.0,0.9970703125
geometry_dropout,test_unseen,886,val:2009_004594:part_33,2009_004594,car,headlight,headlight,0.0,0.0,0.0,0.040970224887132645,1.0,1.0,0.99755859375
geometry_dropout,test_unseen,887,val:2009_004594:part_34,2009_004594,car,front,front,0.4263487756252289,0.5978184342384338,0.03637222573161125,0.6615097522735596,1.0,1.0,1.0
geometry_dropout,test_unseen,888,val:2009_004594:part_37,2009_004594,car,roof,roof,0.0,0.0,0.10318949073553085,0.03280727565288544,1.0,1.0,1.0
geometry_dropout,test_unseen,889,val:2009_004594:part_38,2009_004594,car,mirror,mirror,0.0,0.0,0.0,0.008707144297659397,0.05572509765625,0.9814453125,4.112720489501953e-06
geometry_dropout,test_unseen,890,val:2009_004594:part_41,2009_004594,car,window,window,0.6797752976417542,0.8093645572662354,0.03202328830957413,0.22109927237033844,0.99951171875,1.0,0.99365234375
geometry_dropout,test_unseen,891,val:2009_004748:part_32,2009_004748,car,wheel,wheel,0.7311294674873352,0.844684898853302,0.0697384774684906,0.13411332666873932,1.0,1.0,0.9970703125
geometry_dropout,test_unseen,892,val:2009_004748:part_33,2009_004748,car,headlight,headlight,0.0,0.0,0.0,0.042608924210071564,1.0,1.0,0.99755859375
geometry_dropout,test_unseen,893,val:2009_004748:part_34,2009_004748,car,front,front,0.17678099870681763,0.3004484176635742,0.008591065183281898,0.2607177197933197,1.0,1.0,1.0
geometry_dropout,test_unseen,894,val:2009_004748:part_35,2009_004748,car,side,side,0.35780802369117737,0.5270377397537231,0.03489626944065094,0.2649087607860565,1.0,1.0,0.99755859375
geometry_dropout,test_unseen,895,val:2009_004748:part_38,2009_004748,car,mirror,mirror,0.0,0.0,0.0,0.0002619400911498815,0.05572509765625,0.9814453125,4.112720489501953e-06
geometry_dropout,test_unseen,896,val:2009_004748:part_40,2009_004748,car,door,door,0.0,0.0,0.0,0.14790885150432587,0.204833984375,0.9970703125,2.777576446533203e-05
geometry_dropout,test_unseen,897,val:2009_004748:part_41,2009_004748,car,window,window,0.2440846860408783,0.3923923969268799,0.0,0.13315288722515106,0.99951171875,1.0,0.99365234375
geometry_dropout,test_unseen,898,val:2009_004801:part_79,2009_004801,motorbike,wheel,wheel,0.019138755276799202,0.03755868598818779,0.3642691373825073,0.3909774422645569,1.0,1.0,0.9970703125
geometry_dropout,test_unseen,899,val:2009_004886:part_11,2009_004886,bird,wing,wing,0.5138999223709106,0.6789087057113647,0.2300785630941391,0.518651008605957,0.7890625,1.0,0.0002472400665283203
geometry_dropout,test_unseen,900,val:2009_004886:part_12,2009_004886,bird,tail,tail,0.0,0.0,0.3333333432674408,0.11599386483430862,0.9697265625,1.0,0.0005617141723632812
geometry_dropout,test_unseen,901,val:2009_004886:part_13,2009_004886,bird,head,head,0.17175573110580444,0.2931596040725708,0.5045871734619141,0.10117527097463608,1.0,1.0,1.0
geometry_dropout,test_unseen,902,val:2009_004886:part_14,2009_004886,bird,eye,eye,0.0,0.0,0.0,0.004598875995725393,0.5927734375,0.99951171875,0.00018668174743652344
geometry_dropout,test_unseen,903,val:2009_004886:part_15,2009_004886,bird,beak,beak,0.0,0.0,0.0,0.003576903371140361,0.67333984375,1.0,0.00011867284774780273
geometry_dropout,test_unseen,904,val:2009_004886:part_16,2009_004886,bird,torso,torso,0.4376237690448761,0.6088154315948486,0.2063329964876175,0.24169647693634033,1.0,1.0,1.0
geometry_dropout,test_unseen,905,val:2009_004886:part_18,2009_004886,bird,leg,leg,0.002042205538600683,0.004076086916029453,0.12405237555503845,0.010730709880590439,1.0,1.0,1.0
geometry_dropout,test_unseen,906,val:2009_004895:part_13,2009_004895,bird,head,head,0.4631306529045105,0.6330680847167969,0.2811245024204254,0.07796954363584518,1.0,1.0,1.0
geometry_dropout,test_unseen,907,val:2009_004895:part_14,2009_004895,bird,eye,eye,0.14102564752101898,0.24719101190567017,0.0,0.003654822241514921,0.5927734375,0.99951171875,0.00018668174743652344
geometry_dropout,test_unseen,908,val:2009_004895:part_15,2009_004895,bird,beak,beak,0.0,0.0,0.0,0.010964467190206051,0.67333984375,1.0,0.00011867284774780273
geometry_dropout,test_unseen,909,val:2009_004895:part_16,2009_004895,bird,torso,torso,0.6577733159065247,0.7935624122619629,0.23537293076515198,0.7687309384346008,1.0,1.0,1.0
geometry_dropout,test_unseen,910,val:2009_004895:part_17,2009_004895,bird,neck,neck,0.14243759214878082,0.24935732781887054,0.15056179463863373,0.06761421263217926,1.0,1.0,1.0
geometry_dropout,test_unseen,911,val:2009_004895:part_18,2009_004895,bird,leg,leg,0.016848016530275345,0.0331377275288105,0.10802251845598221,0.011167512275278568,1.0,1.0,1.0
geometry_dropout,test_unseen,912,val:2009_004895:part_19,2009_004895,bird,foot,foot,0.0479704812169075,0.09154929220676422,0.9443339705467224,0.013197969645261765,1.0,1.0,0.81298828125
geometry_dropout,test_unseen,913,val:2009_004994:part_61,2009_004994,dog,head,head,0.3704225420951843,0.540596067905426,0.06546762585639954,0.16828086972236633,1.0,1.0,1.0
geometry_dropout,test_unseen,914,val:2009_004994:part_62,2009_004994,dog,eye,eye,0.07446808367967606,0.13861386477947235,0.0904255285859108,0.0042372881434857845,0.5927734375,0.99951171875,0.00018668174743652344
geometry_dropout,test_unseen,915,val:2009_004994:part_63,2009_004994,dog,torso,torso,0.6650902628898621,0.79886394739151,0.17402711510658264,0.48002421855926514,1.0,1.0,1.0
geometry_dropout,test_unseen,916,val:2009_004994:part_66,2009_004994,dog,nose,nose,0.0,0.0,0.0,0.025121064856648445,0.08404541015625,0.99853515625,5.364418029785156e-07
geometry_dropout,test_unseen,917,val:2009_004994:part_68,2009_004994,dog,ear,ear,0.38116592168807983,0.551948070526123,0.41873279213905334,0.07657384872436523,0.0033893585205078125,0.998046875,0.0
geometry_dropout,test_unseen,918,val:2009_004994:part_69,2009_004994,dog,muzzle,muzzle,0.5706214904785156,0.7266187071800232,0.008474576286971569,0.1452784538269043,0.95166015625,1.0,0.0015668869018554688
geometry_dropout,test_unseen,919,val:2009_005089:part_99,2009_005089,sheep,tail,tail,0.0,0.0,0.0,0.027027027681469917,0.9697265625,1.0,0.0005617141723632812
geometry_dropout,test_unseen,920,val:2009_005089:part_100,2009_005089,sheep,head,head,0.0,0.0,1.0,0.03439803421497345,1.0,1.0,1.0
geometry_dropout,test_unseen,921,val:2009_005089:part_101,2009_005089,sheep,eye,eye,0.0,0.0,0.0,0.0024570024106651545,0.5927734375,0.99951171875,0.00018668174743652344
geometry_dropout,test_unseen,922,val:2009_005089:part_102,2009_005089,sheep,torso,torso,0.5256849527359009,0.6891133785247803,0.42560553550720215,0.7690417766571045,1.0,1.0,1.0
geometry_dropout,test_unseen,923,val:2009_005089:part_103,2009_005089,sheep,neck,neck,0.0,0.0,0.0,0.09090909361839294,1.0,1.0,1.0
geometry_dropout,test_unseen,924,val:2009_005089:part_105,2009_005089,sheep,ear,ear,0.0,0.0,0.0,0.009828009642660618,0.0033893585205078125,0.998046875,0.0
geometry_dropout,test_unseen,925,val:2009_005089:part_106,2009_005089,sheep,muzzle,muzzle,0.025974025949835777,0.050632912665605545,0.8289473652839661,0.007371007464826107,0.95166015625,1.0,0.0015668869018554688
geometry_dropout,test_unseen,926,val:2009_005137:part_11,2009_005137,bird,wing,wing,0.4867584705352783,0.6547915935516357,0.08642809092998505,0.42015209794044495,0.7890625,1.0,0.0002472400665283203
geometry_dropout,test_unseen,927,val:2009_005137:part_12,2009_005137,bird,tail,tail,0.0,0.0,0.0,0.3317490518093109,0.9697265625,1.0,0.0005617141723632812
geometry_dropout,test_unseen,928,val:2009_005137:part_13,2009_005137,bird,head,head,0.5016778707504272,0.6681564450263977,0.2378854602575302,0.13973383605480194,1.0,1.0,1.0
geometry_dropout,test_unseen,929,val:2009_005137:part_14,2009_005137,bird,eye,eye,0.0,0.0,0.5964912176132202,0.006653992459177971,0.5927734375,0.99951171875,0.00018668174743652344
geometry_dropout,test_unseen,930,val:2009_005137:part_15,2009_005137,bird,beak,beak,0.10869564861059189,0.19607843458652496,0.47058823704719543,0.0107731306925416,0.67333984375,1.0,0.00011867284774780273
geometry_dropout,test_unseen,931,val:2009_005137:part_16,2009_005137,bird,torso,torso,0.15765509009361267,0.27236971259117126,0.09163346886634827,0.08776932954788208,1.0,1.0,1.0
geometry_dropout,test_unseen,932,val:2009_005137:part_19,2009_005137,bird,foot,foot,0.0,0.0,1.0,0.0019011406693607569,1.0,1.0,0.81298828125
geometry_dropout,test_unseen,933,val:2009_005260:part_12,2009_005260,bird,tail,tail,0.32549020648002625,0.4911242723464966,0.3684210479259491,0.04807184264063835,0.9697265625,1.0,0.0005617141723632812
geometry_dropout,test_unseen,934,val:2009_005260:part_13,2009_005260,bird,head,head,0.4292035400867462,0.6006191968917847,0.34972676634788513,0.0739566832780838,1.0,1.0,1.0
geometry_dropout,test_unseen,935,val:2009_005260:part_14,2009_005260,bird,eye,eye,0.0,0.0,0.0,0.0026413099840283394,0.5927734375,0.99951171875,0.00018668174743652344
geometry_dropout,test_unseen,936,val:2009_005260:part_15,2009_005260,bird,beak,beak,0.0,0.0,0.0,0.003697834210470319,0.67333984375,1.0,0.00011867284774780273
geometry_dropout,test_unseen,937,val:2009_005260:part_16,2009_005260,bird,torso,torso,0.5045703649520874,0.6707168817520142,0.12375249713659286,0.7749603986740112,1.0,1.0,1.0
geometry_dropout,test_unseen,938,val:2009_005260:part_17,2009_005260,bird,neck,neck,0.45408162474632263,0.6245614290237427,0.27272728085517883,0.07501320540904999,1.0,1.0,1.0
geometry_dropout,test_unseen,939,val:2009_005262:part_12,2009_005262,bird,tail,tail,0.09667360037565231,0.17630331218242645,0.4638655483722687,0.12665198743343353,0.9697265625,1.0,0.0005617141723632812
geometry_dropout,test_unseen,940,val:2009_005262:part_13,2009_005262,bird,head,head,0.06181202456355095,0.11642742902040482,0.28617364168167114,0.1740088164806366,1.0,1.0,1.0
geometry_dropout,test_unseen,941,val:2009_005262:part_14,2009_005262,bird,eye,eye,0.0,0.0,0.0,0.0022026430815458298,0.5927734375,0.99951171875,0.00018668174743652344
geometry_dropout,test_unseen,942,val:2009_005262:part_15,2009_005262,bird,beak,beak,0.0,0.0,1.0,0.11178413778543472,0.67333984375,1.0,0.00011867284774780273
geometry_dropout,test_unseen,943,val:2009_005262:part_16,2009_005262,bird,torso,torso,0.32856667041778564,0.4946182668209076,0.2436770498752594,0.5338656306266785,1.0,1.0,1.0
geometry_dropout,test_unseen,944,val:2009_005262:part_18,2009_005262,bird,leg,leg,0.004595060367137194,0.009148084558546543,0.2449822872877121,0.01514317188411951,1.0,1.0,1.0
geometry_dropout,test_unseen,945,val:2009_005262:part_19,2009_005262,bird,foot,foot,0.07303370535373688,0.13612565398216248,0.8357142806053162,0.014041850343346596,1.0,1.0,0.81298828125
geometry_dropout,test_unseen,946,val:2010_000003:part_61,2010_000003,dog,head,head,0.3787313401699066,0.5493910908699036,0.0,0.13866665959358215,1.0,1.0,1.0
geometry_dropout,test_unseen,947,val:2010_000003:part_62,2010_000003,dog,eye,eye,0.0,0.0,0.0,0.007555555552244186,0.5927734375,0.99951171875,0.00018668174743652344
geometry_dropout,test_unseen,948,val:2010_000003:part_63,2010_000003,dog,torso,torso,0.5726915597915649,0.7282947897911072,0.10457516461610794,0.30355554819107056,1.0,1.0,1.0
geometry_dropout,test_unseen,949,val:2010_000003:part_65,2010_000003,dog,leg,leg,0.37677985429763794,0.5473349094390869,0.021739130839705467,0.25200000405311584,1.0,1.0,1.0
geometry_dropout,test_unseen,950,val:2010_000003:part_66,2010_000003,dog,nose,nose,0.0,0.0,0.0,0.009777777828276157,0.08404541015625,0.99853515625,5.364418029785156e-07
geometry_dropout,test_unseen,951,val:2010_000003:part_67,2010_000003,dog,paw,paw,0.08620689809322357,0.1587301641702652,0.375,0.09777777642011642,0.9912109375,1.0,0.0014209747314453125
geometry_dropout,test_unseen,952,val:2010_000003:part_68,2010_000003,dog,ear,ear,0.45038166642189026,0.621052622795105,0.018987340852618217,0.09866666793823242,0.0033893585205078125,0.998046875,0.0
geometry_dropout,test_unseen,953,val:2010_000003:part_69,2010_000003,dog,muzzle,muzzle,0.2721518874168396,0.42786070704460144,0.0,0.08844444155693054,0.95166015625,1.0,0.0015668869018554688
geometry_dropout,test_unseen,954,val:2010_000087:part_79,2010_000087,motorbike,wheel,wheel,0.2998698651790619,0.46138444542884827,0.22387386858463287,0.3702956438064575,1.0,1.0,0.9970703125
geometry_dropout,test_unseen,955,val:2010_000087:part_82,2010_000087,motorbike,headlight,headlight,0.0,0.0,0.0,0.02071855403482914,1.0,1.0,0.99755859375
geometry_dropout,test_unseen,956,val:2010_000110:part_61,2010_000110,dog,head,head,0.33771106600761414,0.5049088597297668,0.14356087148189545,0.19650892913341522,1.0,1.0,1.0
geometry_dropout,test_unseen,957,val:2010_000110:part_62,2010_000110,dog,eye,eye,0.31340205669403076,0.4772370457649231,0.25,0.021955544129014015,0.5927734375,0.99951171875,0.00018668174743652344
geometry_dropout,test_unseen,958,val:2010_000110:part_63,2010_000110,dog,torso,torso,0.6800750494003296,0.8095769882202148,0.18257607519626617,0.44497478008270264,1.0,1.0,1.0
geometry_dropout,test_unseen,959,val:2010_000110:part_65,2010_000110,dog,leg,leg,0.0,0.0,0.0,0.0009545888169668615,1.0,1.0,1.0
geometry_dropout,test_unseen,960,val:2010_000110:part_66,2010_000110,dog,nose,nose,0.10043668001890182,0.1825396865606308,0.0,0.011591436341404915,0.08404541015625,0.99853515625,5.364418029785156e-07
geometry_dropout,test_unseen,961,val:2010_000110:part_67,2010_000110,dog,paw,paw,0.0,0.0,0.8453124761581421,0.018137188628315926,0.9912109375,1.0,0.0014209747314453125
geometry_dropout,test_unseen,962,val:2010_000110:part_68,2010_000110,dog,ear,ear,0.5277777910232544,0.6909090876579285,0.021052632480859756,0.058639030903577805,0.0033893585205078125,0.998046875,0.0
geometry_dropout,test_unseen,963,val:2010_000110:part_69,2010_000110,dog,muzzle,muzzle,0.5667788982391357,0.7234957218170166,0.09068627655506134,0.21382790803909302,0.95166015625,1.0,0.0015668869018554688
geometry_dropout,test_unseen,964,val:2010_000159:part_61,2010_000159,dog,head,head,0.22100667655467987,0.3620073199272156,0.029832538217306137,0.15733051300048828,1.0,1.0,1.0
geometry_dropout,test_unseen,965,val:2010_000159:part_62,2010_000159,dog,eye,eye,0.24631579220294952,0.3952702581882477,0.0,0.005955622065812349,0.5927734375,0.99951171875,0.00018668174743652344
geometry_dropout,test_unseen,966,val:2010_000159:part_63,2010_000159,dog,torso,torso,0.25710341334342957,0.40904098749160767,0.036874715238809586,0.13834059238433838,1.0,1.0,1.0
geometry_dropout,test_unseen,967,val:2010_000159:part_66,2010_000159,dog,nose,nose,0.5813953280448914,0.7352941036224365,0.0,0.00820174254477024,0.08404541015625,0.99853515625,5.364418029785156e-07
geometry_dropout,test_unseen,968,val:2010_000159:part_68,2010_000159,dog,ear,ear,0.238338440656662,0.38493263721466064,0.021063189953565598,0.08984481543302536,0.0033893585205078125,0.998046875,0.0
geometry_dropout,test_unseen,969,val:2010_000159:part_69,2010_000159,dog,muzzle,muzzle,0.2677576541900635,0.42241141200065613,0.0015690376749262214,0.05261366814374924,0.95166015625,1.0,0.0015668869018554688
geometry_dropout,test_unseen,970,val:2010_000160:part_32,2010_000160,car,wheel,wheel,0.11764705926179886,0.21052631735801697,0.06896551698446274,0.015666000545024872,1.0,1.0,0.9970703125
geometry_dropout,test_unseen,971,val:2010_000160:part_35,2010_000160,car,side,side,0.5755477547645569,0.7306001782417297,0.07903158664703369,0.2620922029018402,1.0,1.0,0.99755859375
geometry_dropout,test_unseen,972,val:2010_000160:part_36,2010_000160,car,back,back,0.5591571927070618,0.717255711555481,0.004643773660063744,0.5460776090621948,1.0,1.0,1.0
geometry_dropout,test_unseen,973,val:2010_000160:part_38,2010_000160,car,mirror,mirror,0.0,0.0,0.0,0.003916500136256218,0.05572509765625,0.9814453125,4.112720489501953e-06
geometry_dropout,test_unseen,974,val:2010_000160:part_41,2010_000160,car,window,window,0.40794920921325684,0.5794942378997803,0.28664496541023254,0.07954411953687668,0.99951171875,1.0,0.99365234375
geometry_dropout,test_unseen,975,val:2010_000216:part_60,2010_000216,dog,tail,tail,0.2792452871799469,0.4365781843662262,0.48288974165916443,0.010624912567436695,0.9697265625,1.0,0.0005617141723632812
geometry_dropout,test_unseen,976,val:2010_000216:part_61,2010_000216,dog,head,head,0.313080757856369,0.47686445713043213,0.002336448524147272,0.0773102194070816,1.0,1.0,1.0
geometry_dropout,test_unseen,977,val:2010_000216:part_62,2010_000216,dog,eye,eye,0.0,0.0,0.0,0.0069900741800665855,0.5927734375,0.99951171875,0.00018668174743652344
geometry_dropout,test_unseen,978,val:2010_000216:part_63,2010_000216,dog,torso,torso,0.47182977199554443,0.6411471962928772,0.12157005071640015,0.4103173613548279,1.0,1.0,1.0
geometry_dropout,test_unseen,979,val:2010_000216:part_65,2010_000216,dog,leg,leg,0.005518763791769743,0.010976948775351048,0.2967033088207245,0.07647141069173813,1.0,1.0,1.0
geometry_dropout,test_unseen,980,val:2010_000216:part_66,2010_000216,dog,nose,nose,0.0,0.0,0.0,0.007409478537738323,0.08404541015625,0.99853515625,5.364418029785156e-07
geometry_dropout,test_unseen,981,val:2010_000216:part_67,2010_000216,dog,paw,paw,0.13486842811107635,0.23768116533756256,0.4035874307155609,0.06528729200363159,0.9912109375,1.0,0.0014209747314453125
geometry_dropout,test_unseen,982,val:2010_000216:part_68,2010_000216,dog,ear,ear,0.0,0.0,0.0,0.2583531439304352,0.0033893585205078125,0.998046875,0.0
geometry_dropout,test_unseen,983,val:2010_000216:part_69,2010_000216,dog,muzzle,muzzle,0.6650640964508057,0.7988450527191162,0.0016977929044514894,0.06291066855192184,0.95166015625,1.0,0.0015668869018554688
geometry_dropout,test_unseen,984,val:2010_000241:part_12,2010_000241,bird,tail,tail,0.2326388955116272,0.37746480107307434,0.1878787875175476,0.1279643177986145,0.9697265625,1.0,0.0005617141723632812
geometry_dropout,test_unseen,985,val:2010_000241:part_13,2010_000241,bird,head,head,0.3646017611026764,0.5343709588050842,0.20744681358337402,0.048602957278490067,1.0,1.0,1.0
geometry_dropout,test_unseen,986,val:2010_000241:part_14,2010_000241,bird,eye,eye,0.0,0.0,0.0,0.003287156578153372,0.5927734375,0.99951171875,0.00018668174743652344
geometry_dropout,test_unseen,987,val:2010_000241:part_15,2010_000241,bird,beak,beak,0.1818181872367859,0.3076923191547394,0.7142857313156128,0.007043906953185797,0.67333984375,1.0,0.00011867284774780273
geometry_dropout,test_unseen,988,val:2010_000241:part_16,2010_000241,bird,torso,torso,0.7154996395111084,0.8341588973999023,0.09256329387426376,0.5914533734321594,1.0,1.0,1.0
geometry_dropout,test_unseen,989,val:2010_000241:part_17,2010_000241,bird,neck,neck,0.38723403215408325,0.558282196521759,0.016393441706895828,0.04789856821298599,1.0,1.0,1.0
geometry_dropout,test_unseen,990,val:2010_000241:part_18,2010_000241,bird,leg,leg,0.3139534890651703,0.47787609696388245,0.37815558910369873,0.15449635684490204,1.0,1.0,1.0
geometry_dropout,test_unseen,991,val:2010_000241:part_19,2010_000241,bird,foot,foot,0.1336633712053299,0.235807865858078,0.8292682766914368,0.015261798165738583,1.0,1.0,0.81298828125
geometry_dropout,test_unseen,992,val:2010_000309:part_100,2010_000309,sheep,head,head,0.01587301678955555,0.03125,0.7209302186965942,0.030701754614710808,1.0,1.0,1.0
geometry_dropout,test_unseen,993,val:2010_000309:part_101,2010_000309,sheep,eye,eye,0.0,0.0,0.0,0.001461988314986229,0.5927734375,0.99951171875,0.00018668174743652344
geometry_dropout,test_unseen,994,val:2010_000309:part_102,2010_000309,sheep,torso,torso,0.0,0.0,0.0,0.3801169693470001,1.0,1.0,1.0
geometry_dropout,test_unseen,995,val:2010_000309:part_103,2010_000309,sheep,neck,neck,0.0,0.0,0.2777777910232544,0.019005848094820976,1.0,1.0,1.0
geometry_dropout,test_unseen,996,val:2010_000309:part_105,2010_000309,sheep,ear,ear,0.0,0.0,0.0,0.002923976629972458,0.0033893585205078125,0.998046875,0.0
geometry_dropout,test_unseen,997,val:2010_000309:part_106,2010_000309,sheep,muzzle,muzzle,0.0,0.0,0.0,0.005847953259944916,0.95166015625,1.0,0.0015668869018554688
geometry_dropout,test_unseen,998,val:2010_000335:part_11,2010_000335,bird,wing,wing,0.20270270109176636,0.33707866072654724,0.5277777910232544,0.36301368474960327,0.7890625,1.0,0.0002472400665283203
geometry_dropout,test_unseen,999,val:2010_000335:part_12,2010_000335,bird,tail,tail,0.0,0.0,0.6909090876579285,0.02054794505238533,0.9697265625,1.0,0.0005617141723632812
geometry_dropout,test_unseen,1000,val:2010_000335:part_13,2010_000335,bird,head,head,0.03550295904278755,0.06857142597436905,0.6027397513389587,0.19863013923168182,1.0,1.0,1.0
geometry_dropout,test_unseen,1001,val:2010_000335:part_14,2010_000335,bird,eye,eye,0.0,0.0,0.0,0.013698630034923553,0.5927734375,0.99951171875,0.00018668174743652344
geometry_dropout,test_unseen,1002,val:2010_000335:part_15,2010_000335,bird,beak,beak,0.0,0.0,0.0,0.006849315017461777,0.67333984375,1.0,0.00011867284774780273
geometry_dropout,test_unseen,1003,val:2010_000335:part_16,2010_000335,bird,torso,torso,0.0,0.0,1.0,0.4109589159488678,1.0,1.0,1.0
geometry_dropout,test_unseen,1004,val:2010_000372:part_32,2010_000372,car,wheel,wheel,0.6656716465950012,0.7992831468582153,0.011668611317873001,0.12231454253196716,1.0,1.0,0.9970703125
geometry_dropout,test_unseen,1005,val:2010_000372:part_35,2010_000372,car,side,side,0.27677688002586365,0.43355560302734375,0.049847956746816635,0.2762182652950287,1.0,1.0,0.99755859375
geometry_dropout,test_unseen,1006,val:2010_000372:part_36,2010_000372,car,back,back,0.31038373708724976,0.47372955083847046,0.05140640214085579,0.09663897007703781,1.0,1.0,1.0
geometry_dropout,test_unseen,1007,val:2010_000372:part_38,2010_000372,car,mirror,mirror,0.0,0.0,0.0,0.0026948123704642057,0.05572509765625,0.9814453125,4.112720489501953e-06
geometry_dropout,test_unseen,1008,val:2010_000372:part_40,2010_000372,car,door,door,0.016953572630882263,0.03334188088774681,0.0,0.280485063791275,0.204833984375,0.9970703125,2.777576446533203e-05
geometry_dropout,test_unseen,1009,val:2010_000372:part_41,2010_000372,car,window,window,0.3549222946166992,0.52390056848526,0.006535947788506746,0.12036829441785812,0.99951171875,1.0,0.99365234375
geometry_dropout,test_unseen,1010,val:2010_000422:part_60,2010_000422,dog,tail,tail,0.315315306186676,0.4794520437717438,0.1505376398563385,0.06217411532998085,0.9697265625,1.0,0.0005617141723632812
geometry_dropout,test_unseen,1011,val:2010_000422:part_61,2010_000422,dog,head,head,0.1264910250902176,0.22457528114318848,0.011439465917646885,0.3595142364501953,1.0,1.0,1.0
geometry_dropout,test_unseen,1012,val:2010_000422:part_62,2010_000422,dog,eye,eye,0.0,0.0,0.0,0.007062240038067102,0.5927734375,0.99951171875,0.00018668174743652344
geometry_dropout,test_unseen,1013,val:2010_000422:part_63,2010_000422,dog,torso,torso,0.324444442987442,0.4899328947067261,0.12293852865695953,0.10487756878137589,1.0,1.0,1.0
geometry_dropout,test_unseen,1014,val:2010_000422:part_65,2010_000422,dog,leg,leg,0.4474872052669525,0.6182951927185059,0.23464912176132202,0.10679163038730621,1.0,1.0,1.0
geometry_dropout,test_unseen,1015,val:2010_000422:part_66,2010_000422,dog,nose,nose,0.0,0.0,0.0,0.009636327624320984,0.08404541015625,0.99853515625,5.364418029785156e-07
geometry_dropout,test_unseen,1016,val:2010_000422:part_67,2010_000422,dog,paw,paw,0.3301737904548645,0.49643704295158386,0.511600911617279,0.054253846406936646,0.9912109375,1.0,0.0014209747314453125
geometry_dropout,test_unseen,1017,val:2010_000422:part_68,2010_000422,dog,ear,ear,0.002044989727437496,0.004081632476300001,0.0,0.161375492811203,0.0033893585205078125,0.998046875,0.0
geometry_dropout,test_unseen,1018,val:2010_000422:part_69,2010_000422,dog,muzzle,muzzle,0.38742753863334656,0.5584833025932312,0.058953575789928436,0.11583393812179565,0.95166015625,1.0,0.0015668869018554688
geometry_dropout,test_unseen,1019,val:2010_000502:part_11,2010_000502,bird,wing,wing,0.0279720276594162,0.054421767592430115,0.9655172228813171,0.30693069100379944,0.7890625,1.0,0.0002472400665283203
geometry_dropout,test_unseen,1020,val:2010_000502:part_12,2010_000502,bird,tail,tail,0.028985507786273956,0.056338027119636536,0.95652174949646,0.019417475908994675,0.9697265625,1.0,0.0005617141723632812
geometry_dropout,test_unseen,1021,val:2010_000502:part_13,2010_000502,bird,head,head,0.0,0.0,0.0,0.049504950642585754,1.0,1.0,1.0
geometry_dropout,test_unseen,1022,val:2010_000502:part_14,2010_000502,bird,eye,eye,0.0,0.0,0.0,0.009803921915590763,0.5927734375,0.99951171875,0.00018668174743652344
geometry_dropout,test_unseen,1023,val:2010_000502:part_15,2010_000502,bird,beak,beak,0.0,0.0,0.0,0.029702970758080482,0.67333984375,1.0,0.00011867284774780273
geometry_dropout,test_unseen,1024,val:2010_000502:part_16,2010_000502,bird,torso,torso,0.0,0.0,1.0,0.5346534848213196,1.0,1.0,1.0
geometry_dropout,test_unseen,1025,val:2010_000502:part_17,2010_000502,bird,neck,neck,0.0,0.0,0.0,0.059405941516160965,1.0,1.0,1.0
geometry_dropout,test_unseen,1026,val:2010_000502:part_18,2010_000502,bird,leg,leg,0.0,0.0,1.0,0.019801979884505272,1.0,1.0,1.0
geometry_dropout,test_unseen,1027,val:2010_000530:part_32,2010_000530,car,wheel,wheel,0.2659175992012024,0.4201183319091797,0.3854961693286896,0.12881356477737427,1.0,1.0,0.9970703125
geometry_dropout,test_unseen,1028,val:2010_000530:part_33,2010_000530,car,headlight,headlight,0.0,0.0,1.0,0.014915253967046738,1.0,1.0,0.99755859375
geometry_dropout,test_unseen,1029,val:2010_000530:part_34,2010_000530,car,front,front,0.21449275314807892,0.35322195291519165,0.3070175349712372,0.06474576145410538,1.0,1.0,1.0
geometry_dropout,test_unseen,1030,val:2010_000530:part_35,2010_000530,car,side,side,0.2888815402984619,0.44826701283454895,0.15192899107933044,0.32745763659477234,1.0,1.0,0.99755859375
geometry_dropout,test_unseen,1031,val:2010_000530:part_37,2010_000530,car,roof,roof,0.0379146933555603,0.07305935770273209,0.4395604431629181,0.01932203397154808,1.0,1.0,1.0
geometry_dropout,test_unseen,1032,val:2010_000530:part_38,2010_000530,car,mirror,mirror,0.0,0.0,0.0,0.000677966105286032,0.05572509765625,0.9814453125,4.112720489501953e-06
geometry_dropout,test_unseen,1033,val:2010_000530:part_40,2010_000530,car,door,door,0.0,0.0,0.0,0.2322033941745758,0.204833984375,0.9970703125,2.777576446533203e-05
geometry_dropout,test_unseen,1034,val:2010_000530:part_41,2010_000530,car,window,window,0.06707317382097244,0.1257142871618271,0.0,0.16677966713905334,0.99951171875,1.0,0.99365234375
geometry_dropout,test_unseen,1035,val:2010_000628:part_32,2010_000628,car,wheel,wheel,0.3752969205379486,0.5457685589790344,0.15706805884838104,0.10753275454044342,1.0,1.0,0.9970703125
geometry_dropout,test_unseen,1036,val:2010_000628:part_35,2010_000628,car,side,side,0.22635561227798462,0.36915168166160583,0.16730768978595734,0.21015283465385437,1.0,1.0,0.99755859375
geometry_dropout,test_unseen,1037,val:2010_000628:part_36,2010_000628,car,back,back,0.6461538672447205,0.7850467562675476,0.08403361588716507,0.3111353814601898,1.0,1.0,1.0
geometry_dropout,test_unseen,1038,val:2010_000628:part_38,2010_000628,car,mirror,mirror,0.0,0.0,0.0,0.0043668122962117195,0.05572509765625,0.9814453125,4.112720489501953e-06
geometry_dropout,test_unseen,1039,val:2010_000628:part_40,2010_000628,car,door,door,0.0,0.0,0.0,0.19159388542175293,0.204833984375,0.9970703125,2.777576446533203e-05
geometry_dropout,test_unseen,1040,val:2010_000628:part_41,2010_000628,car,window,window,0.1767241358757019,0.3003663122653961,0.0972222238779068,0.14082969725131989,0.99951171875,1.0,0.99365234375
geometry_dropout,test_unseen,1041,val:2010_000639:part_60,2010_000639,dog,tail,tail,0.0,0.0,1.0,0.008683728985488415,0.9697265625,1.0,0.0005617141723632812
geometry_dropout,test_unseen,1042,val:2010_000639:part_61,2010_000639,dog,head,head,0.1764705926179886,0.30000001192092896,0.10659898817539215,0.0863802582025528,1.0,1.0,1.0
geometry_dropout,test_unseen,1043,val:2010_000639:part_62,2010_000639,dog,eye,eye,0.0,0.0,0.0,0.0018281536176800728,0.5927734375,0.99951171875,0.00018668174743652344
geometry_dropout,test_unseen,1044,val:2010_000639:part_63,2010_000639,dog,torso,torso,0.35478806495666504,0.523754358291626,0.21615949273109436,0.31215721368789673,1.0,1.0,1.0
geometry_dropout,test_unseen,1045,val:2010_000639:part_64,2010_000639,dog,neck,neck,0.21942445635795593,0.3598819971084595,0.0,0.03382084146142006,1.0,1.0,1.0
geometry_dropout,test_unseen,1046,val:2010_000639:part_65,2010_000639,dog,leg,leg,0.23923006653785706,0.38609468936920166,0.4135107398033142,0.1713894009590149,1.0,1.0,1.0
geometry_dropout,test_unseen,1047,val:2010_000639:part_66,2010_000639,dog,nose,nose,0.0,0.0,0.0,0.005484460853040218,0.08404541015625,0.99853515625,5.364418029785156e-07
geometry_dropout,test_unseen,1048,val:2010_000639:part_67,2010_000639,dog,paw,paw,0.2041884809732437,0.3391304314136505,0.7079365253448486,0.06627056747674942,0.9912109375,1.0,0.0014209747314453125
geometry_dropout,test_unseen,1049,val:2010_000639:part_68,2010_000639,dog,ear,ear,0.1358543485403061,0.239210844039917,0.19767442345619202,0.21343693137168884,0.0033893585205078125,0.998046875,0.0
geometry_dropout,test_unseen,1050,val:2010_000639:part_69,2010_000639,dog,muzzle,muzzle,0.23261390626430511,0.3774318993091583,0.14054054021835327,0.06581352651119232,0.95166015625,1.0,0.0015668869018554688
geometry_dropout,test_unseen,1051,val:2010_000682:part_32,2010_000682,car,wheel,wheel,0.0,0.0,1.0,0.06122449040412903,1.0,1.0,0.9970703125
geometry_dropout,test_unseen,1052,val:2010_000682:part_34,2010_000682,car,front,front,0.0,0.0,1.0,0.2857142984867096,1.0,1.0,1.0
geometry_dropout,test_unseen,1053,val:2010_000682:part_35,2010_000682,car,side,side,0.0,0.0,0.0,0.4897959232330322,1.0,1.0,0.99755859375
geometry_dropout,test_unseen,1054,val:2010_000682:part_41,2010_000682,car,window,window,0.0,0.0,1.0,0.10204081982374191,0.99951171875,1.0,0.99365234375
geometry_dropout,test_unseen,1055,val:2010_000788:part_61,2010_000788,dog,head,head,0.41240349411964417,0.5839740633964539,0.12282321602106094,0.45609307289123535,1.0,1.0,1.0
geometry_dropout,test_unseen,1056,val:2010_000788:part_62,2010_000788,dog,eye,eye,0.11726384609937668,0.20991253852844238,0.0,0.007944389246404171,0.5927734375,0.99951171875,0.00018668174743652344
geometry_dropout,test_unseen,1057,val:2010_000788:part_63,2010_000788,dog,torso,torso,0.49146756529808044,0.6590389013290405,0.2010398656129837,0.1264009028673172,1.0,1.0,1.0
geometry_dropout,test_unseen,1058,val:2010_000788:part_66,2010_000788,dog,nose,nose,0.4146341383457184,0.5862069129943848,0.0,0.03433110937476158,0.08404541015625,0.99853515625,5.364418029785156e-07
geometry_dropout,test_unseen,1059,val:2010_000788:part_68,2010_000788,dog,ear,ear,0.42433062195777893,0.5958316326141357,0.10020242631435394,0.20697970688343048,0.0033893585205078125,0.998046875,0.0
geometry_dropout,test_unseen,1060,val:2010_000788:part_69,2010_000788,dog,muzzle,muzzle,0.5210827589035034,0.6851471662521362,0.17795275151729584,0.14427578449249268,0.95166015625,1.0,0.0015668869018554688
geometry_dropout,test_unseen,1061,val:2010_000814:part_13,2010_000814,bird,head,head,0.5506072640419006,0.710182785987854,0.15142691135406494,0.05435273051261902,1.0,1.0,1.0
geometry_dropout,test_unseen,1062,val:2010_000814:part_14,2010_000814,bird,eye,eye,0.2554744482040405,0.40697672963142395,0.0,0.00202977005392313,0.5927734375,0.99951171875,0.00018668174743652344
geometry_dropout,test_unseen,1063,val:2010_000814:part_15,2010_000814,bird,beak,beak,0.0,0.0,0.0,0.013813712634146214,0.67333984375,1.0,0.00011867284774780273
geometry_dropout,test_unseen,1064,val:2010_000814:part_16,2010_000814,bird,torso,torso,0.558097779750824,0.7163835167884827,0.0791722908616066,0.4933468699455261,1.0,1.0,1.0
geometry_dropout,test_unseen,1065,val:2010_000814:part_17,2010_000814,bird,neck,neck,0.4529540538787842,0.6234939694404602,0.028169013559818268,0.05085701495409012,1.0,1.0,1.0
geometry_dropout,test_unseen,1066,val:2010_000836:part_11,2010_000836,bird,wing,wing,0.3948497772216797,0.5661538243293762,0.5548489689826965,0.7723214030265808,0.7890625,1.0,0.0002472400665283203
geometry_dropout,test_unseen,1067,val:2010_000836:part_12,2010_000836,bird,tail,tail,0.0,0.0,1.0,0.0915178582072258,0.9697265625,1.0,0.0005617141723632812
geometry_dropout,test_unseen,1068,val:2010_000836:part_13,2010_000836,bird,head,head,0.0,0.0,0.19696970283985138,0.004464285913854837,1.0,1.0,1.0
geometry_dropout,test_unseen,1069,val:2010_000836:part_16,2010_000836,bird,torso,torso,0.24742268025875092,0.39669421315193176,0.190476194024086,0.1294642835855484,1.0,1.0,1.0
geometry_dropout,test_unseen,1070,val:2010_000904:part_61,2010_000904,dog,head,head,0.7056999802589417,0.8274608850479126,0.036777663975954056,0.6022034287452698,1.0,1.0,1.0
geometry_dropout,test_unseen,1071,val:2010_000904:part_63,2010_000904,dog,torso,torso,0.21928374469280243,0.3596927225589752,0.07865013927221298,0.06264017522335052,1.0,1.0,1.0
geometry_dropout,test_unseen,1072,val:2010_000904:part_66,2010_000904,dog,nose,nose,0.7543624043464661,0.8599846959114075,0.0,0.026441078633069992,0.08404541015625,0.99853515625,5.364418029785156e-07
geometry_dropout,test_unseen,1073,val:2010_000904:part_68,2010_000904,dog,ear,ear,0.13156870007514954,0.23254214227199554,0.028207460418343544,0.2999016344547272,0.0033893585205078125,0.998046875,0.0
geometry_dropout,test_unseen,1074,val:2010_000918:part_12,2010_000918,bird,tail,tail,0.265625,0.4197530746459961,0.5526315569877625,0.1557970941066742,0.9697265625,1.0,0.0005617141723632812
geometry_dropout,test_unseen,1075,val:2010_000918:part_13,2010_000918,bird,head,head,0.0,0.0,0.1456310749053955,0.025362318381667137,1.0,1.0,1.0
geometry_dropout,test_unseen,1076,val:2010_000918:part_16,2010_000918,bird,torso,torso,0.6047430634498596,0.7536945939064026,0.15934066474437714,0.8115941882133484,1.0,1.0,1.0
geometry_dropout,test_unseen,1077,val:2010_000918:part_18,2010_000918,bird,leg,leg,0.0028901733458042145,0.005763688590377569,0.3913043439388275,0.007246376946568489,1.0,1.0,1.0
geometry_dropout,test_unseen,1078,val:2010_000952:part_32,2010_000952,car,wheel,wheel,0.6770126223564148,0.8074031472206116,0.054696790874004364,0.06821324676275253,1.0,1.0,0.9970703125
geometry_dropout,test_unseen,1079,val:2010_000952:part_33,2010_000952,car,headlight,headlight,0.0,0.0,0.0,0.024427715688943863,1.0,1.0,0.99755859375
geometry_dropout,test_unseen,1080,val:2010_000952:part_34,2010_000952,car,front,front,0.28123894333839417,0.4390109181404114,0.051087986677885056,0.3936856687068939,1.0,1.0,1.0
geometry_dropout,test_unseen,1081,val:2010_000952:part_35,2010_000952,car,side,side,0.29460078477859497,0.4551222324371338,0.07832133769989014,0.19365493953227997,1.0,1.0,0.99755859375
geometry_dropout,test_unseen,1082,val:2010_000952:part_37,2010_000952,car,roof,roof,0.012031139805912971,0.0237762238830328,0.0098566310480237,0.024120448157191277,1.0,1.0,1.0
geometry_dropout,test_unseen,1083,val:2010_000952:part_40,2010_000952,car,door,door,0.01762918010354042,0.03464755043387413,0.0,0.11699185520410538,0.204833984375,0.9970703125,2.777576446533203e-05
geometry_dropout,test_unseen,1084,val:2010_000952:part_41,2010_000952,car,window,window,0.6949213147163391,0.8200042247772217,0.010241704061627388,0.176524817943573,0.99951171875,1.0,0.99365234375
geometry_dropout,test_unseen,1085,val:2010_000961:part_11,2010_000961,bird,wing,wing,0.0,0.0,0.0873015895485878,0.04491555690765381,0.7890625,1.0,0.0002472400665283203
geometry_dropout,test_unseen,1086,val:2010_000961:part_12,2010_000961,bird,tail,tail,0.0,0.0,0.0,0.049946099519729614,0.9697265625,1.0,0.0005617141723632812
geometry_dropout,test_unseen,1087,val:2010_000961:part_13,2010_000961,bird,head,head,0.5811051726341248,0.7350620031356812,0.2572992742061615,0.12181099504232407,1.0,1.0,1.0
geometry_dropout,test_unseen,1088,val:2010_000961:part_14,2010_000961,bird,eye,eye,0.0,0.0,0.0,0.0046712183393538,0.5927734375,0.99951171875,0.00018668174743652344
geometry_dropout,test_unseen,1089,val:2010_000961:part_15,2010_000961,bird,beak,beak,0.16326530277729034,0.28070175647735596,0.0,0.0075458139181137085,0.67333984375,1.0,0.00011867284774780273
geometry_dropout,test_unseen,1090,val:2010_000961:part_16,2010_000961,bird,torso,torso,0.741972029209137,0.8518759608268738,0.14047987759113312,0.7283506989479065,1.0,1.0,1.0
geometry_dropout,test_unseen,1091,val:2010_000961:part_18,2010_000961,bird,leg,leg,0.0595533512532711,0.11241217702627182,0.11083123087882996,0.010779733769595623,1.0,1.0,1.0
geometry_dropout,test_unseen,1092,val:2010_000961:part_19,2010_000961,bird,foot,foot,0.12820513546466827,0.22727273404598236,0.5852842926979065,0.019044196233153343,1.0,1.0,0.81298828125
geometry_dropout,test_unseen,1093,val:2010_001011:part_100,2010_001011,sheep,head,head,0.0775969997048378,0.14401859045028687,0.3836477994918823,0.016304347664117813,1.0,1.0,1.0
geometry_dropout,test_unseen,1094,val:2010_001011:part_101,2010_001011,sheep,eye,eye,0.0,0.0,0.0,0.0009881423320621252,0.5927734375,0.99951171875,0.00018668174743652344
geometry_dropout,test_unseen,1095,val:2010_001011:part_102,2010_001011,sheep,torso,torso,0.19275975227355957,0.32321640849113464,0.21556603908538818,0.20602767169475555,1.0,1.0,1.0
geometry_dropout,test_unseen,1096,val:2010_001011:part_103,2010_001011,sheep,neck,neck,0.0,0.0,0.0,0.0207509882748127,1.0,1.0,1.0
geometry_dropout,test_unseen,1097,val:2010_001011:part_105,2010_001011,sheep,ear,ear,0.0,0.0,0.33521127700805664,0.00963438767939806,0.0033893585205078125,0.998046875,0.0
geometry_dropout,test_unseen,1098,val:2010_001011:part_106,2010_001011,sheep,muzzle,muzzle,0.0195258017629385,0.038303691893815994,0.38764044642448425,0.00469367578625679,0.95166015625,1.0,0.0015668869018554688
geometry_dropout,test_unseen,1099,val:2010_001016:part_12,2010_001016,bird,tail,tail,0.417391300201416,0.5889570713043213,0.45505619049072266,0.08471665531396866,0.9697265625,1.0,0.0005617141723632812
geometry_dropout,test_unseen,1100,val:2010_001016:part_13,2010_001016,bird,head,head,0.46766167879104614,0.6372881531715393,0.2789473831653595,0.06010303273797035,1.0,1.0,1.0
geometry_dropout,test_unseen,1101,val:2010_001016:part_14,2010_001016,bird,eye,eye,0.0,0.0,0.0,0.004579278640449047,0.5927734375,0.99951171875,0.00018668174743652344
geometry_dropout,test_unseen,1102,val:2010_001016:part_15,2010_001016,bird,beak,beak,0.37254902720451355,0.5428571701049805,0.1944444477558136,0.01946193538606167,0.67333984375,1.0,0.00011867284774780273
geometry_dropout,test_unseen,1103,val:2010_001016:part_16,2010_001016,bird,torso,torso,0.7184841632843018,0.8361836075782776,0.07729007303714752,0.6720091700553894,1.0,1.0,1.0
geometry_dropout,test_unseen,1104,val:2010_001016:part_17,2010_001016,bird,neck,neck,0.028735632076859474,0.05586592108011246,0.07692307978868484,0.09502003341913223,1.0,1.0,1.0
geometry_dropout,test_unseen,1105,val:2010_001016:part_18,2010_001016,bird,leg,leg,0.05323193967342377,0.10108303278684616,0.4615384638309479,0.05666857585310936,1.0,1.0,1.0
geometry_dropout,test_unseen,1106,val:2010_001061:part_11,2010_001061,bird,wing,wing,0.06112852692604065,0.11521418392658234,0.2063492089509964,0.11526986956596375,0.7890625,1.0,0.0002472400665283203
geometry_dropout,test_unseen,1107,val:2010_001061:part_12,2010_001061,bird,tail,tail,0.0,0.0,0.0,0.03688635677099228,0.9697265625,1.0,0.0005617141723632812
geometry_dropout,test_unseen,1108,val:2010_001061:part_13,2010_001061,bird,head,head,0.4318181872367859,0.60317462682724,0.07972665131092072,0.20558719336986542,1.0,1.0,1.0
geometry_dropout,test_unseen,1109,val:2010_001061:part_14,2010_001061,bird,eye,eye,0.0,0.0,0.0,0.0029834553133696318,0.5927734375,0.99951171875,0.00018668174743652344
geometry_dropout,test_unseen,1110,val:2010_001061:part_15,2010_001061,bird,beak,beak,0.0,0.0,0.0,0.018714401870965958,0.67333984375,1.0,0.00011867284774780273
geometry_dropout,test_unseen,1111,val:2010_001061:part_16,2010_001061,bird,torso,torso,0.6826421022415161,0.8113930821418762,0.10644862800836563,0.6064550876617432,1.0,1.0,1.0
geometry_dropout,test_unseen,1112,val:2010_001061:part_18,2010_001061,bird,leg,leg,0.06884057819843292,0.12881356477737427,0.3071160912513733,0.00759425014257431,1.0,1.0,1.0
geometry_dropout,test_unseen,1113,val:2010_001061:part_19,2010_001061,bird,foot,foot,0.0,0.0,0.0,0.000271223223535344,1.0,1.0,0.81298828125
geometry_dropout,test_unseen,1114,val:2010_001069:part_12,2010_001069,bird,tail,tail,0.19554848968982697,0.3271276652812958,0.12830188870429993,0.1013316661119461,0.9697265625,1.0,0.0005617141723632812
geometry_dropout,test_unseen,1115,val:2010_001069:part_13,2010_001069,bird,head,head,0.17209301888942719,0.2936508059501648,0.18483412265777588,0.060965459793806076,1.0,1.0,1.0
geometry_dropout,test_unseen,1116,val:2010_001069:part_14,2010_001069,bird,eye,eye,0.0,0.0,0.0,0.0047856844030320644,0.5927734375,0.99951171875,0.00018668174743652344
geometry_dropout,test_unseen,1117,val:2010_001069:part_15,2010_001069,bird,beak,beak,0.0,0.0,0.0,0.054931335151195526,0.67333984375,1.0,0.00011867284774780273
geometry_dropout,test_unseen,1118,val:2010_001069:part_16,2010_001069,bird,torso,torso,0.7132048010826111,0.8325972557067871,0.15051083266735077,0.6254681944847107,1.0,1.0,1.0
geometry_dropout,test_unseen,1119,val:2010_001069:part_17,2010_001069,bird,neck,neck,0.5358209013938904,0.6977648138999939,0.24546952545642853,0.08780691027641296,1.0,1.0,1.0
geometry_dropout,test_unseen,1120,val:2010_001069:part_18,2010_001069,bird,leg,leg,0.1217002272605896,0.21699242293834686,0.30862534046173096,0.05846858024597168,1.0,1.0,1.0
geometry_dropout,test_unseen,1121,val:2010_001079:part_99,2010_001079,sheep,tail,tail,0.0,0.0,0.5422534942626953,0.004889346193522215,0.9697265625,1.0,0.0005617141723632812
geometry_dropout,test_unseen,1122,val:2010_001079:part_102,2010_001079,sheep,torso,torso,0.011580216698348522,0.02289530262351036,0.2720239460468292,0.04786412790417671,1.0,1.0,1.0
geometry_dropout,test_unseen,1123,val:2010_001124:part_61,2010_001124,dog,head,head,0.0,0.0,0.0,0.5493333339691162,1.0,1.0,1.0
geometry_dropout,test_unseen,1124,val:2010_001124:part_63,2010_001124,dog,torso,torso,0.6312471628189087,0.7739442586898804,0.047927312552928925,0.3226666748523712,1.0,1.0,1.0
geometry_dropout,test_unseen,1125,val:2010_001124:part_65,2010_001124,dog,leg,leg,0.20158928632736206,0.33553776144981384,0.11267605423927307,0.09855318814516068,1.0,1.0,1.0
geometry_dropout,test_unseen,1126,val:2010_001251:part_79,2010_001251,motorbike,wheel,wheel,0.43139222264289856,0.6027589440345764,0.231909841299057,0.15329547226428986,1.0,1.0,0.9970703125
geometry_dropout,test_unseen,1127,val:2010_001256:part_99,2010_001256,sheep,tail,tail,0.2989690601825714,0.460317462682724,0.03030303120613098,0.01379208080470562,0.9697265625,1.0,0.0005617141723632812
geometry_dropout,test_unseen,1128,val:2010_001256:part_100,2010_001256,sheep,head,head,0.3645833432674408,0.5343511700630188,0.1764705926179886,0.035889070481061935,1.0,1.0,1.0
geometry_dropout,test_unseen,1129,val:2010_001256:part_101,2010_001256,sheep,eye,eye,0.0,0.0,0.0,0.0011864155530929565,0.5927734375,0.99951171875,0.00018668174743652344
geometry_dropout,test_unseen,1130,val:2010_001256:part_102,2010_001256,sheep,torso,torso,0.7248691916465759,0.8404918313026428,0.18284167349338531,0.7686489820480347,1.0,1.0,1.0
geometry_dropout,test_unseen,1131,val:2010_001256:part_103,2010_001256,sheep,neck,neck,0.48984771966934204,0.6575809121131897,0.2344428300857544,0.0716298371553421,1.0,1.0,1.0
geometry_dropout,test_unseen,1132,val:2010_001256:part_105,2010_001256,sheep,ear,ear,0.07954545319080353,0.1473684161901474,0.31590908765792847,0.005190568044781685,0.0033893585205078125,0.998046875,0.0
geometry_dropout,test_unseen,1133,val:2010_001256:part_106,2010_001256,sheep,muzzle,muzzle,0.05882352963089943,0.1111111119389534,0.21052631735801697,0.01052943803369999,0.95166015625,1.0,0.0015668869018554688
geometry_dropout,test_unseen,1134,val:2010_001264:part_61,2010_001264,dog,head,head,0.4104161560535431,0.5819787979125977,0.046715326607227325,0.15029853582382202,1.0,1.0,1.0
geometry_dropout,test_unseen,1135,val:2010_001264:part_63,2010_001264,dog,torso,torso,0.584716796875,0.7379448413848877,0.04397394135594368,0.3702388405799866,1.0,1.0,1.0
geometry_dropout,test_unseen,1136,val:2010_001264:part_64,2010_001264,dog,neck,neck,0.00913978461176157,0.018114011734724045,0.0,0.09573811292648315,1.0,1.0,1.0
geometry_dropout,test_unseen,1137,val:2010_001264:part_65,2010_001264,dog,leg,leg,0.5416436791419983,0.7026833891868591,0.11678321659564972,0.14051884412765503,1.0,1.0,1.0
geometry_dropout,test_unseen,1138,val:2010_001264:part_67,2010_001264,dog,paw,paw,0.573440670967102,0.7289002537727356,0.16755318641662598,0.020897673442959785,0.9912109375,1.0,0.0014209747314453125
geometry_dropout,test_unseen,1139,val:2010_001264:part_68,2010_001264,dog,ear,ear,0.02693156711757183,0.05245056003332138,0.0,0.11560633778572083,0.0033893585205078125,0.998046875,0.0
geometry_dropout,test_unseen,1140,val:2010_001264:part_69,2010_001264,dog,muzzle,muzzle,0.346917986869812,0.5151286125183105,0.0873563215136528,0.0913115069270134,0.95166015625,1.0,0.0015668869018554688
geometry_dropout,test_unseen,1141,val:2010_001376:part_60,2010_001376,dog,tail,tail,0.0,0.0,0.0,0.002103137783706188,0.9697265625,1.0,0.0005617141723632812
geometry_dropout,test_unseen,1142,val:2010_001376:part_61,2010_001376,dog,head,head,0.17717717587947845,0.30102041363716125,0.07384096831083298,0.08610246330499649,1.0,1.0,1.0
geometry_dropout,test_unseen,1143,val:2010_001376:part_62,2010_001376,dog,eye,eye,0.11010830104351044,0.19837398827075958,0.0,0.0026499538216739893,0.5927734375,0.99951171875,0.00018668174743652344
geometry_dropout,test_unseen,1144,val:2010_001376:part_63,2010_001376,dog,torso,torso,0.43608608841896057,0.6073258519172668,0.09965675324201584,0.18242618441581726,1.0,1.0,1.0
geometry_dropout,test_unseen,1145,val:2010_001376:part_65,2010_001376,dog,leg,leg,0.24908201396465302,0.3988240957260132,0.03714902698993683,0.07432489097118378,1.0,1.0,1.0
geometry_dropout,test_unseen,1146,val:2010_001376:part_66,2010_001376,dog,nose,nose,0.0,0.0,0.02994011901319027,0.0035332716070115566,0.08404541015625,0.99853515625,5.364418029785156e-07
geometry_dropout,test_unseen,1147,val:2010_001376:part_67,2010_001376,dog,paw,paw,0.13169920444488525,0.232745960354805,0.06565064191818237,0.04281988739967346,0.9912109375,1.0,0.0014209747314453125
geometry_dropout,test_unseen,1148,val:2010_001376:part_68,2010_001376,dog,ear,ear,0.18877938389778137,0.3176020383834839,0.19696970283985138,0.02153613232076168,0.0033893585205078125,0.998046875,0.0
geometry_dropout,test_unseen,1149,val:2010_001376:part_69,2010_001376,dog,muzzle,muzzle,0.28337427973747253,0.44160816073417664,0.0,0.04290401190519333,0.95166015625,1.0,0.0015668869018554688
geometry_dropout,test_unseen,1150,val:2010_001403:part_35,2010_001403,car,side,side,0.0,0.0,0.08461538702249527,0.0006373486248776317,1.0,1.0,0.99755859375
geometry_dropout,test_unseen,1151,val:2010_001522:part_100,2010_001522,sheep,head,head,0.43685299158096313,0.6080691814422607,0.11332634091377258,0.07283992320299149,1.0,1.0,1.0
geometry_dropout,test_unseen,1152,val:2010_001522:part_101,2010_001522,sheep,eye,eye,0.07981220632791519,0.14782609045505524,0.09139785170555115,0.007367716170847416,0.5927734375,0.99951171875,0.00018668174743652344
geometry_dropout,test_unseen,1153,val:2010_001522:part_102,2010_001522,sheep,torso,torso,0.7049983143806458,0.826978325843811,0.22216521203517914,0.7116543650627136,1.0,1.0,1.0
geometry_dropout,test_unseen,1154,val:2010_001522:part_103,2010_001522,sheep,neck,neck,0.5746164321899414,0.7298493981361389,0.1473684161901474,0.07769591361284256,1.0,1.0,1.0
geometry_dropout,test_unseen,1155,val:2010_001522:part_105,2010_001522,sheep,ear,ear,0.46408841013908386,0.6339622735977173,0.47735849022865295,0.04437374323606491,0.0033893585205078125,0.998046875,0.0
geometry_dropout,test_unseen,1156,val:2010_001522:part_106,2010_001522,sheep,muzzle,muzzle,0.5759599208831787,0.7309321761131287,0.0054151625372469425,0.06530475616455078,0.95166015625,1.0,0.0015668869018554688
geometry_dropout,test_unseen,1157,val:2010_001553:part_82,2010_001553,motorbike,headlight,headlight,0.0,0.0,1.0,0.5178830623626709,1.0,1.0,0.99755859375
geometry_dropout,test_unseen,1158,val:2010_001557:part_102,2010_001557,sheep,torso,torso,0.4886106848716736,0.6564653515815735,0.12203749269247055,0.4429376721382141,1.0,1.0,1.0
geometry_dropout,test_unseen,1159,val:2010_001557:part_105,2010_001557,sheep,ear,ear,0.0,0.0,0.024793388321995735,0.004266341682523489,0.0033893585205078125,0.998046875,0.0
geometry_dropout,test_unseen,1160,val:2010_001563:part_61,2010_001563,dog,head,head,0.045045044273138046,0.08620689809322357,0.7872340679168701,0.05140186846256256,1.0,1.0,1.0
geometry_dropout,test_unseen,1161,val:2010_001563:part_63,2010_001563,dog,torso,torso,0.3110367953777313,0.47448980808258057,0.25,0.4672897160053253,1.0,1.0,1.0
geometry_dropout,test_unseen,1162,val:2010_001563:part_64,2010_001563,dog,neck,neck,0.0,0.0,0.4000000059604645,0.02570093423128128,1.0,1.0,1.0
geometry_dropout,test_unseen,1163,val:2010_001563:part_65,2010_001563,dog,leg,leg,0.1090909093618393,0.19672131538391113,0.6617646813392639,0.07710280269384384,1.0,1.0,1.0
geometry_dropout,test_unseen,1164,val:2010_001563:part_67,2010_001563,dog,paw,paw,0.0,0.0,0.6666666865348816,0.004672897048294544,0.9912109375,1.0,0.0014209747314453125
geometry_dropout,test_unseen,1165,val:2010_001563:part_68,2010_001563,dog,ear,ear,0.0,0.0,0.0,0.018691588193178177,0.0033893585205078125,0.998046875,0.0
geometry_dropout,test_unseen,1166,val:2010_001563:part_69,2010_001563,dog,muzzle,muzzle,0.30000001192092896,0.4615384638309479,0.25,0.02102803811430931,0.95166015625,1.0,0.0015668869018554688
geometry_dropout,test_unseen,1167,val:2010_001577:part_100,2010_001577,sheep,head,head,0.3766965866088867,0.547247052192688,0.04961005225777626,0.15884621441364288,1.0,1.0,1.0
geometry_dropout,test_unseen,1168,val:2010_001577:part_101,2010_001577,sheep,eye,eye,0.08620689809322357,0.1587301641702652,0.04059040546417236,0.0035352723207324743,0.5927734375,0.99951171875,0.00018668174743652344
geometry_dropout,test_unseen,1169,val:2010_001577:part_102,2010_001577,sheep,torso,torso,0.519464910030365,0.6837471127510071,0.13797397911548615,0.3319942057132721,1.0,1.0,1.0
geometry_dropout,test_unseen,1170,val:2010_001577:part_105,2010_001577,sheep,ear,ear,0.2777777910232544,0.43478259444236755,0.21711365878582,0.03679897263646126,0.0033893585205078125,0.998046875,0.0
geometry_dropout,test_unseen,1171,val:2010_001577:part_106,2010_001577,sheep,muzzle,muzzle,0.5358546376228333,0.6977934241294861,0.1264999955892563,0.09055118262767792,0.95166015625,1.0,0.0015668869018554688
geometry_dropout,test_unseen,1172,val:2010_001767:part_32,2010_001767,car,wheel,wheel,0.5743243098258972,0.729613721370697,0.0,0.14799588918685913,1.0,1.0,0.9970703125
geometry_dropout,test_unseen,1173,val:2010_001767:part_35,2010_001767,car,side,side,0.13240741193294525,0.23385117948055267,0.5530838966369629,0.2404933124780655,1.0,1.0,0.99755859375
geometry_dropout,test_unseen,1174,val:2010_001767:part_38,2010_001767,car,mirror,mirror,0.0,0.0,0.0,0.011305241845548153,0.05572509765625,0.9814453125,4.112720489501953e-06
geometry_dropout,test_unseen,1175,val:2010_001767:part_40,2010_001767,car,door,door,0.0,0.0,0.0,0.3309352397918701,0.204833984375,0.9970703125,2.777576446533203e-05
geometry_dropout,test_unseen,1176,val:2010_001767:part_41,2010_001767,car,window,window,0.0,0.0,0.0,0.2281603217124939,0.99951171875,1.0,0.99365234375
geometry_dropout,test_unseen,1177,val:2010_001768:part_61,2010_001768,dog,head,head,0.0,0.0,0.5058823823928833,0.041871920228004456,1.0,1.0,1.0
geometry_dropout,test_unseen,1178,val:2010_001768:part_63,2010_001768,dog,torso,torso,0.0,0.0,0.6206896305084229,0.11822660267353058,1.0,1.0,1.0
geometry_dropout,test_unseen,1179,val:2010_001768:part_64,2010_001768,dog,neck,neck,0.0,0.0,0.0,0.009852216579020023,1.0,1.0,1.0
geometry_dropout,test_unseen,1180,val:2010_001768:part_65,2010_001768,dog,leg,leg,0.0,0.0,0.0,0.0911330059170723,1.0,1.0,1.0
geometry_dropout,test_unseen,1181,val:2010_001768:part_66,2010_001768,dog,nose,nose,0.0,0.0,0.0,0.002463054144755006,0.08404541015625,0.99853515625,5.364418029785156e-07
geometry_dropout,test_unseen,1182,val:2010_001768:part_67,2010_001768,dog,paw,paw,0.0,0.0,0.0,0.007389162667095661,0.9912109375,1.0,0.0014209747314453125
geometry_dropout,test_unseen,1183,val:2010_001768:part_69,2010_001768,dog,muzzle,muzzle,0.0,0.0,0.0,0.009852216579020023,0.95166015625,1.0,0.0015668869018554688
geometry_dropout,test_unseen,1184,val:2010_001820:part_12,2010_001820,bird,tail,tail,0.2535211145877838,0.40449437499046326,0.375,0.4074999988079071,0.9697265625,1.0,0.0005617141723632812
geometry_dropout,test_unseen,1185,val:2010_001820:part_13,2010_001820,bird,head,head,0.0,0.0,0.4521739184856415,0.027499999850988388,1.0,1.0,1.0
geometry_dropout,test_unseen,1186,val:2010_001820:part_16,2010_001820,bird,torso,torso,0.343137264251709,0.510948896408081,0.49695122241973877,0.550000011920929,1.0,1.0,1.0
geometry_dropout,test_unseen,1187,val:2010_001908:part_60,2010_001908,dog,tail,tail,0.2936936914920807,0.4540390074253082,0.5441441535949707,0.03125,0.9697265625,1.0,0.0005617141723632812
geometry_dropout,test_unseen,1188,val:2010_001908:part_61,2010_001908,dog,head,head,0.48368147015571594,0.6520017385482788,0.03493150696158409,0.1558665633201599,1.0,1.0,1.0
geometry_dropout,test_unseen,1189,val:2010_001908:part_62,2010_001908,dog,eye,eye,0.08130080997943878,0.15037593245506287,0.0,0.007285275962203741,0.5927734375,0.99951171875,0.00018668174743652344
geometry_dropout,test_unseen,1190,val:2010_001908:part_63,2010_001908,dog,torso,torso,0.6824381947517395,0.8112490773200989,0.09475218504667282,0.36215490102767944,1.0,1.0,1.0
geometry_dropout,test_unseen,1191,val:2010_001908:part_65,2010_001908,dog,leg,leg,0.37699803709983826,0.5475651025772095,0.48962149024009705,0.2060966193675995,1.0,1.0,1.0
geometry_dropout,test_unseen,1192,val:2010_001908:part_66,2010_001908,dog,nose,nose,0.3298968970775604,0.4961240291595459,0.0,0.010352760553359985,0.08404541015625,0.99853515625,5.364418029785156e-07
geometry_dropout,test_unseen,1193,val:2010_001908:part_67,2010_001908,dog,paw,paw,0.4203338325023651,0.5918803215026855,0.500805139541626,0.060391105711460114,0.9912109375,1.0,0.0014209747314453125
geometry_dropout,test_unseen,1194,val:2010_001908:part_68,2010_001908,dog,ear,ear,0.5970802903175354,0.7477148175239563,0.14820846915245056,0.0920245423913002,0.0033893585205078125,0.998046875,0.0
geometry_dropout,test_unseen,1195,val:2010_001908:part_69,2010_001908,dog,muzzle,muzzle,0.5959596037864685,0.746835470199585,0.0,0.062308281660079956,0.95166015625,1.0,0.0015668869018554688
geometry_dropout,test_unseen,1196,val:2010_001956:part_61,2010_001956,dog,head,head,0.47149571776390076,0.6408387422561646,0.040232058614492416,0.26145386695861816,1.0,1.0,1.0
geometry_dropout,test_unseen,1197,val:2010_001956:part_62,2010_001956,dog,eye,eye,0.1795918345451355,0.30449825525283813,0.0,0.00922419037669897,0.5927734375,0.99951171875,0.00018668174743652344
geometry_dropout,test_unseen,1198,val:2010_001956:part_63,2010_001956,dog,torso,torso,0.5380998253822327,0.6996942758560181,0.08687705546617508,0.27794745564460754,1.0,1.0,1.0
geometry_dropout,test_unseen,1199,val:2010_001956:part_65,2010_001956,dog,leg,leg,0.10567010194063187,0.19114218652248383,0.08950275927782059,0.017593158408999443,1.0,1.0,1.0
geometry_dropout,test_unseen,1200,val:2010_001956:part_66,2010_001956,dog,nose,nose,0.3689839541912079,0.5390625,0.0,0.010751374065876007,0.08404541015625,0.99853515625,5.364418029785156e-07
geometry_dropout,test_unseen,1201,val:2010_001956:part_67,2010_001956,dog,paw,paw,0.7491987347602844,0.8566193580627441,0.1503623127937317,0.06591325253248215,0.9912109375,1.0,0.0014209747314453125
geometry_dropout,test_unseen,1202,val:2010_001956:part_68,2010_001956,dog,ear,ear,0.0,0.0,0.0,0.10366524010896683,0.0033893585205078125,0.998046875,0.0
geometry_dropout,test_unseen,1203,val:2010_001956:part_69,2010_001956,dog,muzzle,muzzle,0.45849546790122986,0.6287238597869873,0.017591340467333794,0.18448381125926971,0.95166015625,1.0,0.0015668869018554688
geometry_dropout,test_unseen,1204,val:2010_001966:part_32,2010_001966,car,wheel,wheel,0.0,0.0,1.0,0.06167401000857353,1.0,1.0,0.9970703125
geometry_dropout,test_unseen,1205,val:2010_001966:part_36,2010_001966,car,back,back,0.3641618490219116,0.5338982939720154,0.20000000298023224,0.5550661087036133,1.0,1.0,1.0
geometry_dropout,test_unseen,1206,val:2010_001966:part_41,2010_001966,car,window,window,0.0,0.0,0.0,0.11013215780258179,0.99951171875,1.0,0.99365234375
geometry_dropout,test_unseen,1207,val:2010_001995:part_13,2010_001995,bird,head,head,0.38114210963249207,0.5519230961799622,0.1117730513215065,0.42139092087745667,1.0,1.0,1.0
geometry_dropout,test_unseen,1208,val:2010_001995:part_14,2010_001995,bird,eye,eye,0.12738853693008423,0.2259887009859085,0.0,0.009893840178847313,0.5927734375,0.99951171875,0.00018668174743652344
geometry_dropout,test_unseen,1209,val:2010_001995:part_15,2010_001995,bird,beak,beak,0.3874092102050781,0.5584642291069031,0.006172839552164078,0.02968151867389679,0.67333984375,1.0,0.00011867284774780273
geometry_dropout,test_unseen,1210,val:2010_001995:part_16,2010_001995,bird,torso,torso,0.609468400478363,0.757353663444519,0.09034319221973419,0.5373727083206177,1.0,1.0,1.0
geometry_dropout,test_unseen,1211,val:2010_002106:part_100,2010_002106,sheep,head,head,0.3216245770454407,0.48671096563339233,0.05022238567471504,0.11714944988489151,1.0,1.0,1.0
geometry_dropout,test_unseen,1212,val:2010_002106:part_101,2010_002106,sheep,eye,eye,0.09638553857803345,0.17582418024539948,0.0,0.002114842412993312,0.5927734375,0.99951171875,0.00018668174743652344
geometry_dropout,test_unseen,1213,val:2010_002106:part_102,2010_002106,sheep,torso,torso,0.5236371755599976,0.6873515248298645,0.1327568143606186,0.3418354392051697,1.0,1.0,1.0
geometry_dropout,test_unseen,1214,val:2010_002106:part_105,2010_002106,sheep,ear,ear,0.28176796436309814,0.4396551847457886,0.0347188264131546,0.0473596528172493,0.0033893585205078125,0.998046875,0.0
geometry_dropout,test_unseen,1215,val:2010_002106:part_106,2010_002106,sheep,muzzle,muzzle,0.5937367677688599,0.7450876235961914,0.21284081041812897,0.09561651200056076,0.95166015625,1.0,0.0015668869018554688
geometry_dropout,test_unseen,1216,val:2010_002142:part_11,2010_002142,bird,wing,wing,0.45026737451553345,0.6209439635276794,0.14591699838638306,0.5234206914901733,0.7890625,1.0,0.0002472400665283203
geometry_dropout,test_unseen,1217,val:2010_002142:part_13,2010_002142,bird,head,head,0.0,0.0,0.0,0.062311988323926926,1.0,1.0,1.0
geometry_dropout,test_unseen,1218,val:2010_002142:part_14,2010_002142,bird,eye,eye,0.0,0.0,0.0,0.0025784270837903023,0.5927734375,0.99951171875,0.00018668174743652344
geometry_dropout,test_unseen,1219,val:2010_002142:part_15,2010_002142,bird,beak,beak,0.0,0.0,0.0,0.005586592014878988,0.67333984375,1.0,0.00011867284774780273
geometry_dropout,test_unseen,1220,val:2010_002142:part_16,2010_002142,bird,torso,torso,0.7239819169044495,0.8398950099945068,0.018731988966464996,0.3566824197769165,1.0,1.0,1.0
geometry_dropout,test_unseen,1221,val:2010_002142:part_18,2010_002142,bird,leg,leg,0.014110429212450981,0.027828190475702286,0.1283489167690277,0.020627416670322418,1.0,1.0,1.0
geometry_dropout,test_unseen,1222,val:2010_002228:part_61,2010_002228,dog,head,head,0.6959492564201355,0.8207194209098816,0.017130620777606964,0.12624715268611908,1.0,1.0,1.0
geometry_dropout,test_unseen,1223,val:2010_002228:part_62,2010_002228,dog,eye,eye,0.06896551698446274,0.12903225421905518,0.0,0.004556524567306042,0.5927734375,0.99951171875,0.00018668174743652344
geometry_dropout,test_unseen,1224,val:2010_002228:part_63,2010_002228,dog,torso,torso,0.8211965560913086,0.9018208980560303,0.06882920861244202,0.5797784328460693,1.0,1.0,1.0
geometry_dropout,test_unseen,1225,val:2010_002228:part_65,2010_002228,dog,leg,leg,0.4689880311489105,0.6385185122489929,0.17564812302589417,0.15452903509140015,1.0,1.0,1.0
geometry_dropout,test_unseen,1226,val:2010_002228:part_66,2010_002228,dog,nose,nose,0.0,0.0,0.0,0.0043208422139286995,0.08404541015625,0.99853515625,5.364418029785156e-07
geometry_dropout,test_unseen,1227,val:2010_002228:part_67,2010_002228,dog,paw,paw,0.3023543953895569,0.46431970596313477,0.24561403691768646,0.055699583142995834,0.9912109375,1.0,0.0014209747314453125
geometry_dropout,test_unseen,1228,val:2010_002228:part_68,2010_002228,dog,ear,ear,0.2948403060436249,0.455407977104187,0.0060606058686971664,0.028438998386263847,0.0033893585205078125,0.998046875,0.0
geometry_dropout,test_unseen,1229,val:2010_002228:part_69,2010_002228,dog,muzzle,muzzle,0.3984575867652893,0.5698529481887817,0.09340188652276993,0.0365307554602623,0.95166015625,1.0,0.0015668869018554688
geometry_dropout,test_unseen,1230,val:2010_002232:part_99,2010_002232,sheep,tail,tail,0.28502416610717773,0.4436090290546417,0.0,0.04993845522403717,0.9697265625,1.0,0.0005617141723632812
geometry_dropout,test_unseen,1231,val:2010_002232:part_100,2010_002232,sheep,head,head,0.0,0.0,0.056179776787757874,0.0015825567534193397,1.0,1.0,1.0
geometry_dropout,test_unseen,1232,val:2010_002232:part_102,2010_002232,sheep,torso,torso,0.7030260562896729,0.8256198167800903,0.11803744733333588,0.5347283482551575,1.0,1.0,1.0
geometry_dropout,test_unseen,1233,val:2010_002271:part_79,2010_002271,motorbike,wheel,wheel,0.5411115884780884,0.7022354006767273,0.04677708074450493,0.4329283535480499,1.0,1.0,0.9970703125
geometry_dropout,test_unseen,1234,val:2010_002361:part_32,2010_002361,car,wheel,wheel,0.5051020383834839,0.6711864471435547,0.15085536241531372,0.027132174000144005,1.0,1.0,0.9970703125
geometry_dropout,test_unseen,1235,val:2010_002361:part_33,2010_002361,car,headlight,headlight,0.3192307651042938,0.4839650094509125,0.0,0.019957559183239937,1.0,1.0,0.99755859375
geometry_dropout,test_unseen,1236,val:2010_002361:part_34,2010_002361,car,front,front,0.47815099358558655,0.6469582319259644,0.014112113043665886,0.45149555802345276,1.0,1.0,1.0
geometry_dropout,test_unseen,1237,val:2010_002361:part_35,2010_002361,car,side,side,0.3920489251613617,0.5632688999176025,0.044328153133392334,0.13171988725662231,1.0,1.0,0.99755859375
geometry_dropout,test_unseen,1238,val:2010_002361:part_37,2010_002361,car,roof,roof,0.0,0.0,0.07656396180391312,0.011671382002532482,1.0,1.0,1.0
geometry_dropout,test_unseen,1239,val:2010_002361:part_40,2010_002361,car,door,door,0.010745466686785221,0.021262457594275475,0.05048076808452606,0.03400363773107529,0.204833984375,0.9970703125,2.777576446533203e-05
geometry_dropout,test_unseen,1240,val:2010_002361:part_41,2010_002361,car,window,window,0.32888394594192505,0.4949776828289032,0.06343283504247665,0.045675020664930344,0.99951171875,1.0,0.99365234375
geometry_dropout,test_unseen,1241,val:2010_002396:part_79,2010_002396,motorbike,wheel,wheel,0.5580357313156128,0.7163323760032654,0.1927374303340912,0.2147199958562851,1.0,1.0,0.9970703125
geometry_dropout,test_unseen,1242,val:2010_002396:part_82,2010_002396,motorbike,headlight,headlight,0.0,0.0,0.0,0.04447999969124794,1.0,1.0,0.99755859375
geometry_dropout,test_unseen,1243,val:2010_002450:part_11,2010_002450,bird,wing,wing,0.36915886402130127,0.5392491221427917,0.30243903398513794,0.24444444477558136,0.7890625,1.0,0.0002472400665283203
geometry_dropout,test_unseen,1244,val:2010_002450:part_12,2010_002450,bird,tail,tail,0.0,0.0,0.0,0.12222222238779068,0.9697265625,1.0,0.0005617141723632812
geometry_dropout,test_unseen,1245,val:2010_002450:part_13,2010_002450,bird,head,head,0.4057970941066742,0.5773195624351501,0.40875911712646484,0.15833333134651184,1.0,1.0,1.0
geometry_dropout,test_unseen,1246,val:2010_002450:part_15,2010_002450,bird,beak,beak,0.0,0.0,0.0,0.008333333767950535,0.67333984375,1.0,0.00011867284774780273
geometry_dropout,test_unseen,1247,val:2010_002450:part_16,2010_002450,bird,torso,torso,0.3458646535873413,0.5139665007591248,0.11940298229455948,0.43611112236976624,1.0,1.0,1.0
geometry_dropout,test_unseen,1248,val:2010_002480:part_61,2010_002480,dog,head,head,0.3735330104827881,0.5439010262489319,0.039098069071769714,0.21911850571632385,1.0,1.0,1.0
geometry_dropout,test_unseen,1249,val:2010_002480:part_62,2010_002480,dog,eye,eye,0.35145631432533264,0.5201149582862854,0.11974789947271347,0.009199632331728935,0.5927734375,0.99951171875,0.00018668174743652344
geometry_dropout,test_unseen,1250,val:2010_002480:part_63,2010_002480,dog,torso,torso,0.5357463359832764,0.697701632976532,0.09337127953767776,0.25955507159233093,1.0,1.0,1.0
geometry_dropout,test_unseen,1251,val:2010_002480:part_64,2010_002480,dog,neck,neck,0.38637325167655945,0.5573870539665222,0.010987209156155586,0.1559755802154541,1.0,1.0,1.0
geometry_dropout,test_unseen,1252,val:2010_002480:part_66,2010_002480,dog,nose,nose,0.5857843160629272,0.7387944459915161,0.0,0.034122273325920105,0.08404541015625,0.99853515625,5.364418029785156e-07
geometry_dropout,test_unseen,1253,val:2010_002480:part_68,2010_002480,dog,ear,ear,0.6492434740066528,0.7873227596282959,0.05825864151120186,0.08509659767150879,0.0033893585205078125,0.998046875,0.0
geometry_dropout,test_unseen,1254,val:2010_002480:part_69,2010_002480,dog,muzzle,muzzle,0.6595187187194824,0.7948312759399414,0.07249850034713745,0.2335451990365982,0.95166015625,1.0,0.0015668869018554688
geometry_dropout,test_unseen,1255,val:2010_002546:part_35,2010_002546,car,side,side,0.0,0.0,1.0,0.004608294926583767,1.0,1.0,0.99755859375
geometry_dropout,test_unseen,1256,val:2010_002902:part_33,2010_002902,car,headlight,headlight,0.06557376682758331,0.1230769231915474,0.0,0.05649355426430702,1.0,1.0,0.99755859375
geometry_dropout,test_unseen,1257,val:2010_002902:part_34,2010_002902,car,front,front,0.695235550403595,0.8202229142189026,0.008879631757736206,0.6986535787582397,1.0,1.0,1.0
geometry_dropout,test_unseen,1258,val:2010_002902:part_38,2010_002902,car,mirror,mirror,0.0,0.0,0.0,0.008691315539181232,0.05572509765625,0.9814453125,4.112720489501953e-06
geometry_dropout,test_unseen,1259,val:2010_002902:part_41,2010_002902,car,window,window,0.5025429129600525,0.6689231991767883,0.030653951689600945,0.12759137153625488,0.99951171875,1.0,0.99365234375
geometry_dropout,test_unseen,1260,val:2010_002988:part_32,2010_002988,car,wheel,wheel,0.2613636255264282,0.4144144058227539,0.2822580635547638,0.05158556252717972,1.0,1.0,0.9970703125
geometry_dropout,test_unseen,1261,val:2010_002988:part_33,2010_002988,car,headlight,headlight,0.015625,0.03076923079788685,0.0,0.017536168918013573,1.0,1.0,0.99755859375
geometry_dropout,test_unseen,1262,val:2010_002988:part_34,2010_002988,car,front,front,0.7133292555809021,0.8326820731163025,0.07000000029802322,0.19216717779636383,1.0,1.0,1.0
geometry_dropout,test_unseen,1263,val:2010_002988:part_35,2010_002988,car,side,side,0.23353543877601624,0.37864407896995544,0.18245989084243774,0.17901505529880524,1.0,1.0,0.99755859375
geometry_dropout,test_unseen,1264,val:2010_002988:part_38,2010_002988,car,mirror,mirror,0.0,0.0,0.0,0.0018997516017407179,0.05572509765625,0.9814453125,4.112720489501953e-06
geometry_dropout,test_unseen,1265,val:2010_002988:part_41,2010_002988,car,window,window,0.5015178918838501,0.6680145859718323,0.08921933174133301,0.1648399829864502,0.99951171875,1.0,0.99365234375
geometry_dropout,test_unseen,1266,val:2010_003060:part_61,2010_003060,dog,head,head,0.49733975529670715,0.6642978191375732,0.10745058208703995,0.21287664771080017,1.0,1.0,1.0
geometry_dropout,test_unseen,1267,val:2010_003060:part_62,2010_003060,dog,eye,eye,0.44376900792121887,0.6147368550300598,0.0,0.016366789117455482,0.5927734375,0.99951171875,0.00018668174743652344
geometry_dropout,test_unseen,1268,val:2010_003060:part_63,2010_003060,dog,torso,torso,0.5376814603805542,0.6993404626846313,0.13772204518318176,0.31953176856040955,1.0,1.0,1.0
geometry_dropout,test_unseen,1269,val:2010_003060:part_64,2010_003060,dog,neck,neck,0.31890812516212463,0.48359414935112,0.1649484485387802,0.15163667500019073,1.0,1.0,1.0
geometry_dropout,test_unseen,1270,val:2010_003060:part_65,2010_003060,dog,leg,leg,0.17885220050811768,0.30343449115753174,0.09591258317232132,0.05722956731915474,1.0,1.0,1.0
geometry_dropout,test_unseen,1271,val:2010_003060:part_66,2010_003060,dog,nose,nose,0.6556603908538818,0.7920227646827698,0.0,0.016800347715616226,0.08404541015625,0.99853515625,5.364418029785156e-07
geometry_dropout,test_unseen,1272,val:2010_003060:part_67,2010_003060,dog,paw,paw,0.30500757694244385,0.4674418568611145,0.21061092615127563,0.025796661153435707,0.9912109375,1.0,0.0014209747314453125
geometry_dropout,test_unseen,1273,val:2010_003060:part_68,2010_003060,dog,ear,ear,0.5954514145851135,0.7464362978935242,0.30492284893989563,0.10340342670679092,0.0033893585205078125,0.998046875,0.0
geometry_dropout,test_unseen,1274,val:2010_003060:part_69,2010_003060,dog,muzzle,muzzle,0.6092991232872009,0.7572229504585266,0.025104602798819542,0.09592456370592117,0.95166015625,1.0,0.0015668869018554688
geometry_dropout,test_unseen,1275,val:2010_003123:part_35,2010_003123,car,side,side,0.05371900647878647,0.10196078568696976,0.6644880175590515,0.060141511261463165,1.0,1.0,0.99755859375
geometry_dropout,test_unseen,1276,val:2010_003123:part_36,2010_003123,car,back,back,0.3104524314403534,0.47380951046943665,0.16220736503601074,0.2853773534297943,1.0,1.0,1.0
geometry_dropout,test_unseen,1277,val:2010_003123:part_37,2010_003123,car,roof,roof,0.0,0.0,0.0,0.05896226316690445,1.0,1.0,1.0
geometry_dropout,test_unseen,1278,val:2010_003123:part_38,2010_003123,car,mirror,mirror,0.0,0.0,0.0,0.003537735901772976,0.05572509765625,0.9814453125,4.112720489501953e-06
geometry_dropout,test_unseen,1279,val:2010_003123:part_41,2010_003123,car,window,window,0.0,0.0,0.5036231875419617,0.09551886469125748,0.99951171875,1.0,0.99365234375
geometry_dropout,test_unseen,1280,val:2010_003168:part_11,2010_003168,bird,wing,wing,0.29900988936424255,0.4603658616542816,0.30751174688339233,0.093533955514431,0.7890625,1.0,0.0002472400665283203
geometry_dropout,test_unseen,1281,val:2010_003168:part_12,2010_003168,bird,tail,tail,0.1705426424741745,0.29139071702957153,0.3579235076904297,0.03538023680448532,0.9697265625,1.0,0.0005617141723632812
geometry_dropout,test_unseen,1282,val:2010_003168:part_13,2010_003168,bird,head,head,0.0,0.0,0.46022728085517883,0.017486782744526863,1.0,1.0,1.0
geometry_dropout,test_unseen,1283,val:2010_003168:part_14,2010_003168,bird,eye,eye,0.0,0.0,0.0,0.0008133387309499085,0.5927734375,0.99951171875,0.00018668174743652344
geometry_dropout,test_unseen,1284,val:2010_003168:part_15,2010_003168,bird,beak,beak,0.0,0.0,0.0,0.0012200081255286932,0.67333984375,1.0,0.00011867284774780273
geometry_dropout,test_unseen,1285,val:2010_003168:part_16,2010_003168,bird,torso,torso,0.6893295645713806,0.8160983920097351,0.10871794819831848,0.6620577573776245,1.0,1.0,1.0
geometry_dropout,test_unseen,1286,val:2010_003168:part_18,2010_003168,bird,leg,leg,0.004464285913854837,0.008888889104127884,0.19157087802886963,0.03294022008776665,1.0,1.0,1.0
geometry_dropout,test_unseen,1287,val:2010_003168:part_19,2010_003168,bird,foot,foot,0.0,0.0,0.05970149114727974,0.013826758600771427,1.0,1.0,0.81298828125
geometry_dropout,test_unseen,1288,val:2010_003187:part_61,2010_003187,dog,head,head,0.4360158443450928,0.6072577238082886,0.05674871802330017,0.33770033717155457,1.0,1.0,1.0
geometry_dropout,test_unseen,1289,val:2010_003187:part_62,2010_003187,dog,eye,eye,0.3825242817401886,0.5533707737922668,0.0,0.01399135123938322,0.5927734375,0.99951171875,0.00018668174743652344
geometry_dropout,test_unseen,1290,val:2010_003187:part_63,2010_003187,dog,torso,torso,0.4018416106700897,0.5733053088188171,0.09671396762132645,0.07173746824264526,1.0,1.0,1.0
geometry_dropout,test_unseen,1291,val:2010_003187:part_65,2010_003187,dog,leg,leg,0.2866866886615753,0.44562003016471863,0.17995169758796692,0.09278809279203415,1.0,1.0,1.0
geometry_dropout,test_unseen,1292,val:2010_003187:part_66,2010_003187,dog,nose,nose,0.4690265357494354,0.6385542154312134,0.0,0.028682269155979156,0.08404541015625,0.99853515625,5.364418029785156e-07
geometry_dropout,test_unseen,1293,val:2010_003187:part_67,2010_003187,dog,paw,paw,0.3845730125904083,0.5555113554000854,0.2082957625389099,0.08929025381803513,0.9912109375,1.0,0.0014209747314453125
geometry_dropout,test_unseen,1294,val:2010_003187:part_68,2010_003187,dog,ear,ear,0.09000762552022934,0.165150448679924,0.0,0.16153649985790253,0.0033893585205078125,0.998046875,0.0
geometry_dropout,test_unseen,1295,val:2010_003187:part_69,2010_003187,dog,muzzle,muzzle,0.3020455241203308,0.4639554023742676,0.03706789016723633,0.1965784728527069,0.95166015625,1.0,0.0015668869018554688
geometry_dropout,test_unseen,1296,val:2010_003207:part_79,2010_003207,motorbike,wheel,wheel,0.34541910886764526,0.5134743452072144,0.12046331912279129,0.43696796894073486,1.0,1.0,0.9970703125
geometry_dropout,test_unseen,1297,val:2010_003207:part_82,2010_003207,motorbike,headlight,headlight,0.0,0.0,0.0,0.045399270951747894,1.0,1.0,0.99755859375
geometry_dropout,test_unseen,1298,val:2010_003231:part_32,2010_003231,car,wheel,wheel,0.1971014440059662,0.329297810792923,0.49344977736473083,0.03654048219323158,1.0,1.0,0.9970703125
geometry_dropout,test_unseen,1299,val:2010_003231:part_35,2010_003231,car,side,side,0.035915493965148926,0.06934058666229248,0.2868672013282776,0.028391167521476746,1.0,1.0,0.99755859375
geometry_dropout,test_unseen,1300,val:2010_003231:part_36,2010_003231,car,back,back,0.5953488349914551,0.7463557124137878,0.06571350246667862,0.5767613053321838,1.0,1.0,1.0
geometry_dropout,test_unseen,1301,val:2010_003231:part_37,2010_003231,car,roof,roof,0.0,0.0,0.4300000071525574,0.08096740394830704,1.0,1.0,1.0
geometry_dropout,test_unseen,1302,val:2010_003231:part_38,2010_003231,car,mirror,mirror,0.09302325546741486,0.1702127605676651,0.5271317958831787,0.0031545741949230433,0.05572509765625,0.9814453125,4.112720489501953e-06
geometry_dropout,test_unseen,1303,val:2010_003231:part_41,2010_003231,car,window,window,0.31255728006362915,0.47625699639320374,0.1105990782380104,0.26235541701316833,0.99951171875,1.0,0.99365234375
geometry_dropout,test_unseen,1304,val:2010_003276:part_32,2010_003276,car,wheel,wheel,0.6362007260322571,0.777656078338623,0.0064239827916026115,0.062338389456272125,1.0,1.0,0.9970703125
geometry_dropout,test_unseen,1305,val:2010_003276:part_33,2010_003276,car,headlight,headlight,0.0,0.0,0.0,0.03682996705174446,1.0,1.0,0.99755859375
geometry_dropout,test_unseen,1306,val:2010_003276:part_34,2010_003276,car,front,front,0.21914075314998627,0.35950031876564026,0.020347394049167633,0.390663206577301,1.0,1.0,1.0
geometry_dropout,test_unseen,1307,val:2010_003276:part_35,2010_003276,car,side,side,0.29095321893692017,0.4507572054862976,0.03877866640686989,0.16360332071781158,1.0,1.0,0.99755859375
geometry_dropout,test_unseen,1308,val:2010_003276:part_37,2010_003276,car,roof,roof,0.10877082496881485,0.19620074331760406,0.022975077852606773,0.06702075898647308,1.0,1.0,1.0
geometry_dropout,test_unseen,1309,val:2010_003276:part_38,2010_003276,car,mirror,mirror,0.0,0.0,0.0,0.008176672272384167,0.05572509765625,0.9814453125,4.112720489501953e-06
geometry_dropout,test_unseen,1310,val:2010_003276:part_40,2010_003276,car,door,door,0.0,0.0,0.0,0.08791669458150864,0.204833984375,0.9970703125,2.777576446533203e-05
geometry_dropout,test_unseen,1311,val:2010_003276:part_41,2010_003276,car,window,window,0.46135181188583374,0.6314041614532471,0.005906674545258284,0.1763225942850113,0.99951171875,1.0,0.99365234375
geometry_dropout,test_unseen,1312,val:2010_003362:part_13,2010_003362,bird,head,head,0.5145077705383301,0.6794389486312866,0.22538860142230988,0.08622785657644272,1.0,1.0,1.0
geometry_dropout,test_unseen,1313,val:2010_003362:part_14,2010_003362,bird,eye,eye,0.32758620381355286,0.4935064911842346,0.14912280440330505,0.003473428310826421,0.5927734375,0.99951171875,0.00018668174743652344
geometry_dropout,test_unseen,1314,val:2010_003362:part_15,2010_003362,bird,beak,beak,0.03846153989434242,0.07407407462596893,0.8695651888847351,0.0050364709459245205,0.67333984375,1.0,0.00011867284774780273
geometry_dropout,test_unseen,1315,val:2010_003362:part_16,2010_003362,bird,torso,torso,0.7441056370735168,0.8532804846763611,0.14745813608169556,0.8324070572853088,1.0,1.0,1.0
geometry_dropout,test_unseen,1316,val:2010_003362:part_18,2010_003362,bird,leg,leg,0.18790730834007263,0.316366970539093,0.17446500062942505,0.04550191015005112,1.0,1.0,1.0
geometry_dropout,test_unseen,1317,val:2010_003362:part_19,2010_003362,bird,foot,foot,0.16376306116580963,0.28143712878227234,0.6521739363670349,0.011028135195374489,1.0,1.0,0.81298828125
geometry_dropout,test_unseen,1318,val:2010_003418:part_11,2010_003418,bird,wing,wing,0.4895927608013153,0.6573511362075806,0.3154078423976898,0.6741200685501099,0.7890625,1.0,0.0002472400665283203
geometry_dropout,test_unseen,1319,val:2010_003418:part_12,2010_003418,bird,tail,tail,0.08832335472106934,0.1623108685016632,0.4415999948978424,0.042236026376485825,0.9697265625,1.0,0.0005617141723632812
geometry_dropout,test_unseen,1320,val:2010_003418:part_13,2010_003418,bird,head,head,0.01123595517128706,0.02222222276031971,0.5,0.036438923329114914,1.0,1.0,1.0
geometry_dropout,test_unseen,1321,val:2010_003418:part_14,2010_003418,bird,eye,eye,0.0,0.0,0.0,0.0016563147073611617,0.5927734375,0.99951171875,0.00018668174743652344
geometry_dropout,test_unseen,1322,val:2010_003418:part_15,2010_003418,bird,beak,beak,0.0,0.0,0.0,0.004968944005668163,0.67333984375,1.0,0.00011867284774780273
geometry_dropout,test_unseen,1323,val:2010_003418:part_16,2010_003418,bird,torso,torso,0.0,0.0,0.3181818127632141,0.2244306355714798,1.0,1.0,1.0
geometry_dropout,test_unseen,1324,val:2010_003453:part_32,2010_003453,car,wheel,wheel,0.5522836446762085,0.7115756869316101,0.06875477731227875,0.07037118822336197,1.0,1.0,0.9970703125
geometry_dropout,test_unseen,1325,val:2010_003453:part_33,2010_003453,car,headlight,headlight,0.13070540130138397,0.2311926633119583,0.0,0.021818382665514946,1.0,1.0,0.99755859375
geometry_dropout,test_unseen,1326,val:2010_003453:part_34,2010_003453,car,front,front,0.6924703121185303,0.8182953596115112,0.03852450102567673,0.4225585460662842,1.0,1.0,1.0
geometry_dropout,test_unseen,1327,val:2010_003453:part_35,2010_003453,car,side,side,0.2895061671733856,0.449018657207489,0.053949665278196335,0.1336168795824051,1.0,1.0,0.99755859375
geometry_dropout,test_unseen,1328,val:2010_003453:part_38,2010_003453,car,mirror,mirror,0.0,0.0,0.0,0.0011047282023355365,0.05572509765625,0.9814453125,4.112720489501953e-06
geometry_dropout,test_unseen,1329,val:2010_003453:part_40,2010_003453,car,door,door,0.04545454680919647,0.08695652335882187,0.0,0.0994255393743515,0.204833984375,0.9970703125,2.777576446533203e-05
geometry_dropout,test_unseen,1330,val:2010_003453:part_41,2010_003453,car,window,window,0.7171717286109924,0.8352941274642944,0.02089831605553627,0.13278833031654358,0.99951171875,1.0,0.99365234375
geometry_dropout,test_unseen,1331,val:2010_003473:part_11,2010_003473,bird,wing,wing,0.4047435522079468,0.5762525796890259,0.1538461595773697,0.29768824577331543,0.7890625,1.0,0.0002472400665283203
geometry_dropout,test_unseen,1332,val:2010_003473:part_13,2010_003473,bird,head,head,0.7261292338371277,0.8413382172584534,0.014361300505697727,0.22928214073181152,1.0,1.0,1.0
geometry_dropout,test_unseen,1333,val:2010_003473:part_14,2010_003473,bird,eye,eye,0.0,0.0,0.0,0.0025686088483780622,0.5927734375,0.99951171875,0.00018668174743652344
geometry_dropout,test_unseen,1334,val:2010_003473:part_15,2010_003473,bird,beak,beak,0.0,0.0,0.0,0.0020278492011129856,0.67333984375,1.0,0.00011867284774780273
geometry_dropout,test_unseen,1335,val:2010_003473:part_16,2010_003473,bird,torso,torso,0.4585931897163391,0.628815770149231,0.1561511754989624,0.46180883049964905,1.0,1.0,1.0
geometry_dropout,test_unseen,1336,val:2010_003506:part_61,2010_003506,dog,head,head,0.5228322148323059,0.6866576671600342,0.011324729770421982,0.19404880702495575,1.0,1.0,1.0
geometry_dropout,test_unseen,1337,val:2010_003506:part_62,2010_003506,dog,eye,eye,0.2151898741722107,0.3541666567325592,0.0,0.011521364562213421,0.5927734375,0.99951171875,0.00018668174743652344
geometry_dropout,test_unseen,1338,val:2010_003506:part_63,2010_003506,dog,torso,torso,0.7112274765968323,0.8312482833862305,0.10035043209791183,0.43844687938690186,1.0,1.0,1.0
geometry_dropout,test_unseen,1339,val:2010_003506:part_65,2010_003506,dog,leg,leg,0.0,0.0,0.3777777850627899,0.03792070969939232,1.0,1.0,1.0
geometry_dropout,test_unseen,1340,val:2010_003506:part_66,2010_003506,dog,nose,nose,0.41999998688697815,0.591549277305603,0.0,0.014152226969599724,0.08404541015625,0.99853515625,5.364418029785156e-07
geometry_dropout,test_unseen,1341,val:2010_003506:part_67,2010_003506,dog,paw,paw,0.418740838766098,0.5902992486953735,0.41745731234550476,0.040097977966070175,0.9912109375,1.0,0.0014209747314453125
geometry_dropout,test_unseen,1342,val:2010_003506:part_68,2010_003506,dog,ear,ear,0.092619389295578,0.16953642666339874,0.1428571492433548,0.18515831232070923,0.0033893585205078125,0.998046875,0.0
geometry_dropout,test_unseen,1343,val:2010_003506:part_69,2010_003506,dog,muzzle,muzzle,0.5200254321098328,0.6842325329780579,0.17396990954875946,0.07820012420415878,0.95166015625,1.0,0.0015668869018554688
geometry_dropout,test_unseen,1344,val:2010_003541:part_100,2010_003541,sheep,head,head,0.4130809009075165,0.584652841091156,0.10794863104820251,0.12649855017662048,1.0,1.0,1.0
geometry_dropout,test_unseen,1345,val:2010_003541:part_101,2010_003541,sheep,eye,eye,0.021472392603754997,0.042042043060064316,0.11650485545396805,0.002480363706126809,0.5927734375,0.99951171875,0.00018668174743652344
geometry_dropout,test_unseen,1346,val:2010_003541:part_102,2010_003541,sheep,torso,torso,0.7076054811477661,0.8287692666053772,0.13985437154769897,0.5610789656639099,1.0,1.0,1.0
geometry_dropout,test_unseen,1347,val:2010_003541:part_103,2010_003541,sheep,neck,neck,0.30358874797821045,0.4657738208770752,0.3050359785556793,0.06707317382097244,1.0,1.0,1.0
geometry_dropout,test_unseen,1348,val:2010_003541:part_105,2010_003541,sheep,ear,ear,0.06600910425186157,0.12384341657161713,0.19044005870819092,0.008991318754851818,0.0033893585205078125,0.998046875,0.0
geometry_dropout,test_unseen,1349,val:2010_003541:part_106,2010_003541,sheep,muzzle,muzzle,0.649738609790802,0.7876867651939392,0.06255076825618744,0.10107482224702835,0.95166015625,1.0,0.0015668869018554688
geometry_dropout,test_unseen,1350,val:2010_003541:part_107,2010_003541,sheep,horn,horn,0.3053204417228699,0.46780917048454285,0.20585842430591583,0.09611409902572632,0.64208984375,1.0,8.821487426757812e-06
geometry_dropout,test_unseen,1351,val:2010_003746:part_61,2010_003746,dog,head,head,0.6656891703605652,0.7992957830429077,0.01602756232023239,0.3689499795436859,1.0,1.0,1.0
geometry_dropout,test_unseen,1352,val:2010_003746:part_62,2010_003746,dog,eye,eye,0.5808510780334473,0.7348586916923523,0.0,0.01900196447968483,0.5927734375,0.99951171875,0.00018668174743652344
geometry_dropout,test_unseen,1353,val:2010_003746:part_63,2010_003746,dog,torso,torso,0.6599236726760864,0.7951253056526184,0.08381392061710358,0.10095876455307007,1.0,1.0,1.0
geometry_dropout,test_unseen,1354,val:2010_003746:part_65,2010_003746,dog,leg,leg,0.5908954739570618,0.7428463697433472,0.24265186488628387,0.12995263934135437,1.0,1.0,1.0
geometry_dropout,test_unseen,1355,val:2010_003746:part_66,2010_003746,dog,nose,nose,0.2696078419685364,0.4247104227542877,0.0,0.035347118973731995,0.08404541015625,0.99853515625,5.364418029785156e-07
geometry_dropout,test_unseen,1356,val:2010_003746:part_67,2010_003746,dog,paw,paw,0.0,0.0,0.0,0.012475453317165375,0.9912109375,1.0,0.0014209747314453125
geometry_dropout,test_unseen,1357,val:2010_003746:part_68,2010_003746,dog,ear,ear,0.7874885201454163,0.8811116814613342,0.033487893640995026,0.11233683675527573,0.0033893585205078125,0.998046875,0.0
geometry_dropout,test_unseen,1358,val:2010_003746:part_69,2010_003746,dog,muzzle,muzzle,0.08271864801645279,0.15279805660247803,0.022727273404598236,0.21196720004081726,0.95166015625,1.0,0.0015668869018554688
geometry_dropout,test_unseen,1359,val:2010_003768:part_32,2010_003768,car,wheel,wheel,0.14358974993228912,0.25112107396125793,0.12631578743457794,0.12623274326324463,1.0,1.0,0.9970703125
geometry_dropout,test_unseen,1360,val:2010_003768:part_35,2010_003768,car,side,side,0.5145374536514282,0.6794648170471191,0.29676786065101624,0.6883628964424133,1.0,1.0,0.99755859375
geometry_dropout,test_unseen,1361,val:2010_003771:part_11,2010_003771,bird,wing,wing,0.0,0.0,0.8834356069564819,0.20123755931854248,0.7890625,1.0,0.0002472400665283203
geometry_dropout,test_unseen,1362,val:2010_003771:part_13,2010_003771,bird,head,head,0.5342960357666016,0.6964705586433411,0.33712121844291687,0.0866290032863617,1.0,1.0,1.0
geometry_dropout,test_unseen,1363,val:2010_003771:part_14,2010_003771,bird,eye,eye,0.08888889104127884,0.16326530277729034,0.7837837934494019,0.0032284099142998457,0.5927734375,0.99951171875,0.00018668174743652344
geometry_dropout,test_unseen,1364,val:2010_003771:part_15,2010_003771,bird,beak,beak,0.0,0.0,0.0,0.002959375735372305,0.67333984375,1.0,0.00011867284774780273
geometry_dropout,test_unseen,1365,val:2010_003771:part_16,2010_003771,bird,torso,torso,0.6525130271911621,0.7897220849990845,0.07818294316530228,0.6685498952865601,1.0,1.0,1.0
geometry_dropout,test_unseen,1366,val:2010_003771:part_18,2010_003771,bird,leg,leg,0.12521441280841827,0.22256097197532654,0.06315789371728897,0.023136937990784645,1.0,1.0,1.0
geometry_dropout,test_unseen,1367,val:2010_003771:part_19,2010_003771,bird,foot,foot,0.07228915393352509,0.13483145833015442,0.9213973879814148,0.010223298333585262,1.0,1.0,0.81298828125
geometry_dropout,test_unseen,1368,val:2010_003813:part_32,2010_003813,car,wheel,wheel,0.5752979516983032,0.7303988933563232,0.04980595037341118,0.11588530242443085,1.0,1.0,0.9970703125
geometry_dropout,test_unseen,1369,val:2010_003813:part_34,2010_003813,car,front,front,0.17677325010299683,0.30043721199035645,0.04354136437177658,0.2138177454471588,1.0,1.0,1.0
geometry_dropout,test_unseen,1370,val:2010_003813:part_35,2010_003813,car,side,side,0.31504684686660767,0.47914162278175354,0.030030395835638046,0.29141494631767273,1.0,1.0,0.99755859375
geometry_dropout,test_unseen,1371,val:2010_003813:part_36,2010_003813,car,back,back,0.0,0.0,0.047217536717653275,0.025440312922000885,1.0,1.0,1.0
geometry_dropout,test_unseen,1372,val:2010_003813:part_37,2010_003813,car,roof,roof,0.02763713151216507,0.0537877231836319,0.0013155009364709258,0.02637624368071556,1.0,1.0,1.0
geometry_dropout,test_unseen,1373,val:2010_003813:part_38,2010_003813,car,mirror,mirror,0.0,0.0,0.0,0.00901897344738245,0.05572509765625,0.9814453125,4.112720489501953e-06
geometry_dropout,test_unseen,1374,val:2010_003813:part_39,2010_003813,car,license plate,license plate,0.0,0.0,0.0,8.507742313668132e-05,1.0,1.0,0.99609375
geometry_dropout,test_unseen,1375,val:2010_003813:part_40,2010_003813,car,door,door,0.05121830105781555,0.09744559973478317,0.01123595517128706,0.14957882463932037,0.204833984375,0.9970703125,2.777576446533203e-05
geometry_dropout,test_unseen,1376,val:2010_003813:part_41,2010_003813,car,window,window,0.23969683051109314,0.3867023289203644,0.014869888313114643,0.15400323271751404,0.99951171875,1.0,0.99365234375
geometry_dropout,test_unseen,1377,val:2010_003820:part_13,2010_003820,bird,head,head,0.6003159284591675,0.7502467632293701,0.052505966275930405,0.824999988079071,1.0,1.0,1.0
geometry_dropout,test_unseen,1378,val:2010_003820:part_15,2010_003820,bird,beak,beak,0.0,0.0,0.0,0.04583333432674408,0.67333984375,1.0,0.00011867284774780273
geometry_dropout,test_unseen,1379,val:2010_003820:part_16,2010_003820,bird,torso,torso,0.0,0.0,0.0,0.0833333358168602,1.0,1.0,1.0
geometry_dropout,test_unseen,1380,val:2010_003854:part_32,2010_003854,car,wheel,wheel,0.64133220911026,0.7814776301383972,0.1187782809138298,0.055635955184698105,1.0,1.0,0.9970703125
geometry_dropout,test_unseen,1381,val:2010_003854:part_35,2010_003854,car,side,side,0.5940494537353516,0.7453337907791138,0.043293412774801254,0.5493380427360535,1.0,1.0,0.99755859375
geometry_dropout,test_unseen,1382,val:2010_003854:part_36,2010_003854,car,back,back,0.17875145375728607,0.3032894730567932,0.009309967048466206,0.06506940722465515,1.0,1.0,1.0
geometry_dropout,test_unseen,1383,val:2010_003854:part_37,2010_003854,car,roof,roof,0.15187132358551025,0.2636949419975281,0.03350351005792618,0.03162351995706558,1.0,1.0,1.0
geometry_dropout,test_unseen,1384,val:2010_003854:part_38,2010_003854,car,mirror,mirror,0.0,0.0,1.0,0.0030551536474376917,0.05572509765625,0.9814453125,4.112720489501953e-06
geometry_dropout,test_unseen,1385,val:2010_003854:part_40,2010_003854,car,door,door,0.08303990960121155,0.1533459722995758,0.016588905826210976,0.09444176405668259,0.204833984375,0.9970703125,2.777576446533203e-05
geometry_dropout,test_unseen,1386,val:2010_003854:part_41,2010_003854,car,window,window,0.5825820565223694,0.7362424731254578,0.00779912481084466,0.1886691302061081,0.99951171875,1.0,0.99365234375
geometry_dropout,test_unseen,1387,val:2010_003947:part_79,2010_003947,motorbike,wheel,wheel,0.35950660705566406,0.5288780927658081,0.5043156743049622,0.4086189866065979,1.0,1.0,0.9970703125
geometry_dropout,test_unseen,1388,val:2010_003947:part_82,2010_003947,motorbike,headlight,headlight,0.0,0.0,0.0,0.014495592564344406,1.0,1.0,0.99755859375
geometry_dropout,test_unseen,1389,val:2010_004042:part_79,2010_004042,motorbike,wheel,wheel,0.35893648862838745,0.5282608866691589,0.2454293668270111,0.2638121545314789,1.0,1.0,0.9970703125
geometry_dropout,test_unseen,1390,val:2010_004042:part_82,2010_004042,motorbike,headlight,headlight,0.0,0.0,0.0,0.02845303900539875,1.0,1.0,0.99755859375
geometry_dropout,test_unseen,1391,val:2010_004165:part_61,2010_004165,dog,head,head,0.203407883644104,0.3380531072616577,0.3827893137931824,0.2460874319076538,1.0,1.0,1.0
geometry_dropout,test_unseen,1392,val:2010_004165:part_62,2010_004165,dog,eye,eye,0.0,0.0,0.0,0.002698326949030161,0.5927734375,0.99951171875,0.00018668174743652344
geometry_dropout,test_unseen,1393,val:2010_004165:part_63,2010_004165,dog,torso,torso,0.27751195430755615,0.4344569146633148,0.25168919563293457,0.3383702039718628,1.0,1.0,1.0
geometry_dropout,test_unseen,1394,val:2010_004165:part_65,2010_004165,dog,leg,leg,0.139400914311409,0.2446916103363037,0.2800982892513275,0.09444144368171692,1.0,1.0,1.0
geometry_dropout,test_unseen,1395,val:2010_004165:part_66,2010_004165,dog,nose,nose,0.0,0.0,1.0,0.011872638948261738,0.08404541015625,0.99853515625,5.364418029785156e-07
geometry_dropout,test_unseen,1396,val:2010_004165:part_67,2010_004165,dog,paw,paw,0.10249999910593033,0.18594104051589966,0.7681818008422852,0.11926605552434921,0.9912109375,1.0,0.0014209747314453125
geometry_dropout,test_unseen,1397,val:2010_004165:part_68,2010_004165,dog,ear,ear,0.0,0.0,0.0,0.08148947358131409,0.0033893585205078125,0.998046875,0.0
geometry_dropout,test_unseen,1398,val:2010_004165:part_69,2010_004165,dog,muzzle,muzzle,0.3221476376056671,0.48730963468551636,0.21463415026664734,0.1019967645406723,0.95166015625,1.0,0.0015668869018554688
geometry_dropout,test_unseen,1399,val:2010_004219:part_79,2010_004219,motorbike,wheel,wheel,0.550494372844696,0.7100887894630432,0.14340032637119293,0.28798916935920715,1.0,1.0,0.9970703125
geometry_dropout,test_unseen,1400,val:2010_004226:part_100,2010_004226,sheep,head,head,0.12719298899173737,0.22568093240261078,0.18645639717578888,0.019046742469072342,1.0,1.0,1.0
geometry_dropout,test_unseen,1401,val:2010_004226:part_101,2010_004226,sheep,eye,eye,0.0,0.0,0.0,0.00046006625052541494,0.5927734375,0.99951171875,0.00018668174743652344
geometry_dropout,test_unseen,1402,val:2010_004226:part_102,2010_004226,sheep,torso,torso,0.29373928904533386,0.45409345626831055,0.10778375715017319,0.2900257706642151,1.0,1.0,1.0
geometry_dropout,test_unseen,1403,val:2010_004226:part_103,2010_004226,sheep,neck,neck,0.0,0.0,0.07020056992769241,0.04177401587367058,1.0,1.0,1.0
geometry_dropout,test_unseen,1404,val:2010_004226:part_105,2010_004226,sheep,ear,ear,0.30693069100379944,0.469696968793869,0.6333333253860474,0.0077291131019592285,0.0033893585205078125,0.998046875,0.0
geometry_dropout,test_unseen,1405,val:2010_004226:part_106,2010_004226,sheep,muzzle,muzzle,0.24368230998516083,0.3918722867965698,0.0709812119603157,0.01932278275489807,0.95166015625,1.0,0.0015668869018554688
geometry_dropout,test_unseen,1406,val:2010_004337:part_34,2010_004337,car,front,front,0.03164556995034218,0.061349693685770035,0.9390243887901306,0.5547945499420166,1.0,1.0,1.0
geometry_dropout,test_unseen,1407,val:2010_004355:part_79,2010_004355,motorbike,wheel,wheel,0.46330776810646057,0.6332335472106934,0.14947368204593658,0.26976194977760315,1.0,1.0,0.9970703125
geometry_dropout,test_unseen,1408,val:2010_004355:part_82,2010_004355,motorbike,headlight,headlight,0.0,0.0,0.0,0.017445029690861702,1.0,1.0,0.99755859375
geometry_dropout,test_unseen,1409,val:2010_004550:part_61,2010_004550,dog,head,head,0.45504841208457947,0.625475287437439,0.025879396125674248,0.14543186128139496,1.0,1.0,1.0
geometry_dropout,test_unseen,1410,val:2010_004550:part_62,2010_004550,dog,eye,eye,0.1807909607887268,0.30622008442878723,0.02298850566148758,0.007608356885612011,0.5927734375,0.99951171875,0.00018668174743652344
geometry_dropout,test_unseen,1411,val:2010_004550:part_63,2010_004550,dog,torso,torso,0.6646735668182373,0.7985632419586182,0.028148148208856583,0.42768943309783936,1.0,1.0,1.0
geometry_dropout,test_unseen,1412,val:2010_004550:part_64,2010_004550,dog,neck,neck,0.5695187449455261,0.7257240414619446,0.0,0.11612098664045334,1.0,1.0,1.0
geometry_dropout,test_unseen,1413,val:2010_004550:part_65,2010_004550,dog,leg,leg,0.39908021688461304,0.5704894065856934,0.2587859332561493,0.05363268032670021,1.0,1.0,1.0
geometry_dropout,test_unseen,1414,val:2010_004550:part_66,2010_004550,dog,nose,nose,0.0,0.0,0.0,0.014031805098056793,0.08404541015625,0.99853515625,5.364418029785156e-07
geometry_dropout,test_unseen,1415,val:2010_004550:part_68,2010_004550,dog,ear,ear,0.3607068657875061,0.5301756858825684,0.054628223180770874,0.04053632542490959,0.0033893585205078125,0.998046875,0.0
geometry_dropout,test_unseen,1416,val:2010_004550:part_69,2010_004550,dog,muzzle,muzzle,0.5289957523345947,0.6919518709182739,0.05039313808083534,0.09516682475805283,0.95166015625,1.0,0.0015668869018554688
geometry_dropout,test_unseen,1417,val:2010_004556:part_11,2010_004556,bird,wing,wing,0.5181543231010437,0.6826108694076538,0.34455129504203796,0.4653586745262146,0.7890625,1.0,0.0002472400665283203
geometry_dropout,test_unseen,1418,val:2010_004556:part_12,2010_004556,bird,tail,tail,0.0,0.0,1.0,0.050275903195142746,0.9697265625,1.0,0.0005617141723632812
geometry_dropout,test_unseen,1419,val:2010_004556:part_13,2010_004556,bird,head,head,0.16740088164806366,0.28679245710372925,0.49339208006858826,0.023298589512705803,1.0,1.0,1.0
geometry_dropout,test_unseen,1420,val:2010_004556:part_14,2010_004556,bird,eye,eye,0.0,0.0,0.0,0.0012262415839359164,0.5927734375,0.99951171875,0.00018668174743652344
geometry_dropout,test_unseen,1421,val:2010_004556:part_15,2010_004556,bird,beak,beak,0.0,0.0,0.0,0.010423053056001663,0.67333984375,1.0,0.00011867284774780273
geometry_dropout,test_unseen,1422,val:2010_004556:part_16,2010_004556,bird,torso,torso,0.2775152027606964,0.4344608783721924,0.23307746648788452,0.2814224362373352,1.0,1.0,1.0
geometry_dropout,test_unseen,1423,val:2010_004556:part_17,2010_004556,bird,neck,neck,0.2215568870306015,0.36274510622024536,0.4375,0.06621704250574112,1.0,1.0,1.0
geometry_dropout,test_unseen,1424,val:2010_004556:part_18,2010_004556,bird,leg,leg,0.022093024104833603,0.043230943381786346,0.2953864634037018,0.05456775054335594,1.0,1.0,1.0
geometry_dropout,test_unseen,1425,val:2010_004559:part_12,2010_004559,bird,tail,tail,0.725132405757904,0.8406687378883362,0.1995263397693634,0.14345113933086395,0.9697265625,1.0,0.0005617141723632812
geometry_dropout,test_unseen,1426,val:2010_004559:part_13,2010_004559,bird,head,head,0.16337719559669495,0.2808670997619629,0.25822368264198303,0.052321553230285645,1.0,1.0,1.0
geometry_dropout,test_unseen,1427,val:2010_004559:part_14,2010_004559,bird,eye,eye,0.018518518656492233,0.036363635212183,0.0,0.0015015015378594398,0.5927734375,0.99951171875,0.00018668174743652344
geometry_dropout,test_unseen,1428,val:2010_004559:part_15,2010_004559,bird,beak,beak,0.0,0.0,1.0,0.0005775005556643009,0.67333984375,1.0,0.00011867284774780273
geometry_dropout,test_unseen,1429,val:2010_004559:part_16,2010_004559,bird,torso,torso,0.7025589346885681,0.8252976536750793,0.07509157806634903,0.7372372150421143,1.0,1.0,1.0
geometry_dropout,test_unseen,1430,val:2010_004559:part_17,2010_004559,bird,neck,neck,0.3683304786682129,0.5383647680282593,0.076171875,0.03268653154373169,1.0,1.0,1.0
geometry_dropout,test_unseen,1431,val:2010_004559:part_18,2010_004559,bird,leg,leg,0.013588635250926018,0.026812918484210968,0.09111040830612183,0.013975514099001884,1.0,1.0,1.0
geometry_dropout,test_unseen,1432,val:2010_004559:part_19,2010_004559,bird,foot,foot,0.25129982829093933,0.40166205167770386,0.6966490149497986,0.017902517691254616,1.0,1.0,0.81298828125
geometry_dropout,test_unseen,1433,val:2010_004628:part_60,2010_004628,dog,tail,tail,0.10882353037595749,0.19628646969795227,0.7692307829856873,0.06303030252456665,0.9697265625,1.0,0.0005617141723632812
geometry_dropout,test_unseen,1434,val:2010_004628:part_61,2010_004628,dog,head,head,0.0071428571827709675,0.014184396713972092,0.1024390235543251,0.046666666865348816,1.0,1.0,1.0
geometry_dropout,test_unseen,1435,val:2010_004628:part_63,2010_004628,dog,torso,torso,0.644444465637207,0.7837837934494019,0.14164648950099945,0.35151514410972595,1.0,1.0,1.0
geometry_dropout,test_unseen,1436,val:2010_004628:part_64,2010_004628,dog,neck,neck,0.03125,0.06060606241226196,0.4736842215061188,0.016969697549939156,1.0,1.0,1.0
geometry_dropout,test_unseen,1437,val:2010_004628:part_65,2010_004628,dog,leg,leg,0.3417431116104126,0.5094017386436462,0.3841269910335541,0.16363635659217834,1.0,1.0,1.0
geometry_dropout,test_unseen,1438,val:2010_004628:part_66,2010_004628,dog,nose,nose,0.0,0.0,0.0,0.000606060610152781,0.08404541015625,0.99853515625,5.364418029785156e-07
geometry_dropout,test_unseen,1439,val:2010_004628:part_68,2010_004628,dog,ear,ear,0.0,0.0,0.0,0.010909090749919415,0.0033893585205078125,0.998046875,0.0
geometry_dropout,test_unseen,1440,val:2010_004628:part_69,2010_004628,dog,muzzle,muzzle,0.0,0.0,0.10526315867900848,0.009696969762444496,0.95166015625,1.0,0.0015668869018554688
geometry_dropout,test_unseen,1441,val:2010_004697:part_79,2010_004697,motorbike,wheel,wheel,0.3835616409778595,0.5544554591178894,0.27819550037384033,0.21996232867240906,1.0,1.0,0.9970703125
geometry_dropout,test_unseen,1442,val:2010_004795:part_60,2010_004795,dog,tail,tail,0.017910446971654892,0.03519061580300331,0.7074626684188843,0.004691164940595627,0.9697265625,1.0,0.0005617141723632812
geometry_dropout,test_unseen,1443,val:2010_004795:part_61,2010_004795,dog,head,head,0.3651685416698456,0.5349794030189514,0.2957746386528015,0.1024237722158432,1.0,1.0,1.0
geometry_dropout,test_unseen,1444,val:2010_004795:part_62,2010_004795,dog,eye,eye,0.05128205195069313,0.09756097197532654,0.11538461595773697,0.0031274433713406324,0.5927734375,0.99951171875,0.00018668174743652344
geometry_dropout,test_unseen,1445,val:2010_004795:part_63,2010_004795,dog,torso,torso,0.5478547811508179,0.7078891396522522,0.2673349976539612,0.5308834910392761,1.0,1.0,1.0
geometry_dropout,test_unseen,1446,val:2010_004795:part_64,2010_004795,dog,neck,neck,0.10294117778539658,0.18666666746139526,0.0,0.03518373891711235,1.0,1.0,1.0
geometry_dropout,test_unseen,1447,val:2010_004795:part_65,2010_004795,dog,leg,leg,0.28605201840400696,0.44485294818878174,0.3916913866996765,0.16184519231319427,1.0,1.0,1.0
geometry_dropout,test_unseen,1448,val:2010_004795:part_66,2010_004795,dog,nose,nose,0.0,0.0,0.0,0.00703674741089344,0.08404541015625,0.99853515625,5.364418029785156e-07
geometry_dropout,test_unseen,1449,val:2010_004795:part_67,2010_004795,dog,paw,paw,0.1538461595773697,0.2666666805744171,0.0,0.040656764060258865,0.9912109375,1.0,0.0014209747314453125
geometry_dropout,test_unseen,1450,val:2010_004795:part_68,2010_004795,dog,ear,ear,0.17748917639255524,0.3014705777168274,0.7422680258750916,0.06098514422774315,0.0033893585205078125,0.998046875,0.0
geometry_dropout,test_unseen,1451,val:2010_004795:part_69,2010_004795,dog,muzzle,muzzle,0.0,0.0,0.0,0.037529319524765015,0.95166015625,1.0,0.0015668869018554688
geometry_dropout,test_unseen,1452,val:2010_004941:part_79,2010_004941,motorbike,wheel,wheel,0.5084280967712402,0.6741164326667786,0.06277056038379669,0.2814679443836212,1.0,1.0,0.9970703125
geometry_dropout,test_unseen,1453,val:2010_004941:part_82,2010_004941,motorbike,headlight,headlight,0.0,0.0,0.0,0.040585342794656754,1.0,1.0,0.99755859375
geometry_dropout,test_unseen,1454,val:2010_004946:part_32,2010_004946,car,wheel,wheel,0.3471177816390991,0.5153488516807556,0.07046979665756226,0.0686577707529068,1.0,1.0,0.9970703125
geometry_dropout,test_unseen,1455,val:2010_004946:part_36,2010_004946,car,back,back,0.5942076444625854,0.7454583048820496,0.09436909109354019,0.6469029188156128,1.0,1.0,1.0
geometry_dropout,test_unseen,1456,val:2010_004946:part_41,2010_004946,car,window,window,0.4634745121002197,0.6333892345428467,0.03089720755815506,0.2725987434387207,0.99951171875,1.0,0.99365234375
geometry_dropout,test_unseen,1457,val:2010_004994:part_12,2010_004994,bird,tail,tail,0.0,0.0,0.0,0.004621769301593304,0.9697265625,1.0,0.0005617141723632812
geometry_dropout,test_unseen,1458,val:2010_004994:part_13,2010_004994,bird,head,head,0.328364759683609,0.49438944458961487,0.14387211203575134,0.07338237762451172,1.0,1.0,1.0
geometry_dropout,test_unseen,1459,val:2010_004994:part_14,2010_004994,bird,eye,eye,0.0535714291036129,0.10169491171836853,0.0,0.0016977929044514894,0.5927734375,0.99951171875,0.00018668174743652344
geometry_dropout,test_unseen,1460,val:2010_004994:part_15,2010_004994,bird,beak,beak,0.0,0.0,0.0,0.0030182984191924334,0.67333984375,1.0,0.00011867284774780273
geometry_dropout,test_unseen,1461,val:2010_004994:part_16,2010_004994,bird,torso,torso,0.29412636160850525,0.454555869102478,0.1091402992606163,0.2326919436454773,1.0,1.0,1.0
geometry_dropout,test_unseen,1462,val:2010_004994:part_18,2010_004994,bird,leg,leg,0.0,0.0,0.19749422371387482,0.001980758272111416,1.0,1.0,1.0
geometry_dropout,test_unseen,1463,val:2010_004994:part_19,2010_004994,bird,foot,foot,0.09318996220827103,0.1704917997121811,0.7295082211494446,0.005753631237894297,1.0,1.0,0.81298828125
geometry_dropout,test_unseen,1464,val:2010_005013:part_32,2010_005013,car,wheel,wheel,0.14373089373111725,0.2513369023799896,0.16491228342056274,0.06412103772163391,1.0,1.0,0.9970703125
geometry_dropout,test_unseen,1465,val:2010_005013:part_34,2010_005013,car,front,front,0.0,0.0,1.0,0.1577809751033783,1.0,1.0,1.0
geometry_dropout,test_unseen,1466,val:2010_005013:part_35,2010_005013,car,side,side,0.26193249225616455,0.415129154920578,0.22580644488334656,0.37896254658699036,1.0,1.0,0.99755859375
geometry_dropout,test_unseen,1467,val:2010_005013:part_36,2010_005013,car,back,back,0.0,0.0,1.0,0.03962536156177521,1.0,1.0,1.0
geometry_dropout,test_unseen,1468,val:2010_005013:part_37,2010_005013,car,roof,roof,0.0,0.0,0.0,0.16786743700504303,1.0,1.0,1.0
geometry_dropout,test_unseen,1469,val:2010_005013:part_38,2010_005013,car,mirror,mirror,0.0,0.0,0.0,0.0036023054271936417,0.05572509765625,0.9814453125,4.112720489501953e-06
geometry_dropout,test_unseen,1470,val:2010_005013:part_41,2010_005013,car,window,window,0.28792569041252136,0.44711539149284363,0.15410958230495453,0.1786743551492691,0.99951171875,1.0,0.99365234375
geometry_dropout,test_unseen,1471,val:2010_005159:part_61,2010_005159,dog,head,head,0.5527009963989258,0.7119219899177551,0.03203577548265457,0.3241886794567108,1.0,1.0,1.0
geometry_dropout,test_unseen,1472,val:2010_005159:part_62,2010_005159,dog,eye,eye,0.4429223835468292,0.6139240264892578,0.0744047611951828,0.01100330799818039,0.5927734375,0.99951171875,0.00018668174743652344
geometry_dropout,test_unseen,1473,val:2010_005159:part_63,2010_005159,dog,torso,torso,0.4339819550514221,0.6052823066711426,0.026520611718297005,0.17471469938755035,1.0,1.0,1.0
geometry_dropout,test_unseen,1474,val:2010_005159:part_64,2010_005159,dog,neck,neck,0.6967311501502991,0.8212628364562988,0.005240174476057291,0.1557191163301468,1.0,1.0,1.0
geometry_dropout,test_unseen,1475,val:2010_005159:part_65,2010_005159,dog,leg,leg,0.5499116778373718,0.7096038460731506,0.2519422769546509,0.06345488876104355,1.0,1.0,1.0
geometry_dropout,test_unseen,1476,val:2010_005159:part_66,2010_005159,dog,nose,nose,0.15777261555194855,0.27254509925842285,0.0,0.016021709889173508,0.08404541015625,0.99853515625,5.364418029785156e-07
geometry_dropout,test_unseen,1477,val:2010_005159:part_68,2010_005159,dog,ear,ear,0.07959680259227753,0.14745654165744781,0.004597701132297516,0.09928999096155167,0.0033893585205078125,0.998046875,0.0
geometry_dropout,test_unseen,1478,val:2010_005159:part_69,2010_005159,dog,muzzle,muzzle,0.5834569334983826,0.7369406819343567,0.11632947623729706,0.1514441817998886,0.95166015625,1.0,0.0015668869018554688
geometry_dropout,test_unseen,1479,val:2010_005206:part_61,2010_005206,dog,head,head,0.3644541800022125,0.5342124104499817,0.057956013828516006,0.12179308384656906,1.0,1.0,1.0
geometry_dropout,test_unseen,1480,val:2010_005206:part_62,2010_005206,dog,eye,eye,0.44999998807907104,0.6206896305084229,0.0,0.0073201339691877365,0.5927734375,0.99951171875,0.00018668174743652344
geometry_dropout,test_unseen,1481,val:2010_005206:part_63,2010_005206,dog,torso,torso,0.7646692991256714,0.8666431903839111,0.05638941004872322,0.5178471803665161,1.0,1.0,1.0
geometry_dropout,test_unseen,1482,val:2010_005206:part_66,2010_005206,dog,nose,nose,0.0,0.0,0.0,0.012897378765046597,0.08404541015625,0.99853515625,5.364418029785156e-07
geometry_dropout,test_unseen,1483,val:2010_005206:part_68,2010_005206,dog,ear,ear,0.0,0.0,0.0,0.2205103188753128,0.0033893585205078125,0.998046875,0.0
geometry_dropout,test_unseen,1484,val:2010_005206:part_69,2010_005206,dog,muzzle,muzzle,0.6202938556671143,0.7656559944152832,0.08884073793888092,0.11733128875494003,0.95166015625,1.0,0.0015668869018554688
geometry_dropout,test_unseen,1485,val:2010_005245:part_60,2010_005245,dog,tail,tail,0.0,0.0,1.0,0.009345794096589088,0.9697265625,1.0,0.0005617141723632812
geometry_dropout,test_unseen,1486,val:2010_005245:part_61,2010_005245,dog,head,head,0.07182320207357407,0.1340206116437912,0.9015151262283325,0.14485980570316315,1.0,1.0,1.0
geometry_dropout,test_unseen,1487,val:2010_005245:part_62,2010_005245,dog,eye,eye,0.0,0.0,0.0,0.009345794096589088,0.5927734375,0.99951171875,0.00018668174743652344
geometry_dropout,test_unseen,1488,val:2010_005245:part_63,2010_005245,dog,torso,torso,0.08796296268701553,0.16170212626457214,0.0,0.49065420031547546,1.0,1.0,1.0
geometry_dropout,test_unseen,1489,val:2010_005245:part_64,2010_005245,dog,neck,neck,0.0,0.0,0.0,0.032710280269384384,1.0,1.0,1.0
geometry_dropout,test_unseen,1490,val:2010_005245:part_65,2010_005245,dog,leg,leg,0.10599078238010406,0.19166666269302368,0.8343558311462402,0.17990654706954956,1.0,1.0,1.0
geometry_dropout,test_unseen,1491,val:2010_005245:part_66,2010_005245,dog,nose,nose,0.0,0.0,0.0,0.014018691144883633,0.08404541015625,0.99853515625,5.364418029785156e-07
geometry_dropout,test_unseen,1492,val:2010_005245:part_67,2010_005245,dog,paw,paw,0.0,0.0,1.0,0.037383176386356354,0.9912109375,1.0,0.0014209747314453125
geometry_dropout,test_unseen,1493,val:2010_005245:part_68,2010_005245,dog,ear,ear,0.0,0.0,0.0,0.028037382289767265,0.0033893585205078125,0.998046875,0.0
geometry_dropout,test_unseen,1494,val:2010_005245:part_69,2010_005245,dog,muzzle,muzzle,0.0,0.0,0.0,0.04439252242445946,0.95166015625,1.0,0.0015668869018554688
geometry_dropout,test_unseen,1495,val:2010_005252:part_79,2010_005252,motorbike,wheel,wheel,0.21681416034698486,0.3563636243343353,0.3341067433357239,0.29939740896224976,1.0,1.0,0.9970703125
geometry_dropout,test_unseen,1496,val:2010_005252:part_82,2010_005252,motorbike,headlight,headlight,0.0,0.0,0.0,0.02220107801258564,1.0,1.0,0.99755859375
geometry_dropout,test_unseen,1497,val:2010_005353:part_11,2010_005353,bird,wing,wing,0.0,0.0,1.0,0.06956521421670914,0.7890625,1.0,0.0002472400665283203
geometry_dropout,test_unseen,1498,val:2010_005353:part_12,2010_005353,bird,tail,tail,0.0,0.0,0.37974682450294495,0.04782608523964882,0.9697265625,1.0,0.0005617141723632812
geometry_dropout,test_unseen,1499,val:2010_005353:part_13,2010_005353,bird,head,head,0.29483282566070557,0.4553990662097931,0.38532111048698425,0.21521739661693573,1.0,1.0,1.0
geometry_dropout,test_unseen,1500,val:2010_005353:part_14,2010_005353,bird,eye,eye,0.0,0.0,0.0,0.015217390842735767,0.5927734375,0.99951171875,0.00018668174743652344
geometry_dropout,test_unseen,1501,val:2010_005353:part_15,2010_005353,bird,beak,beak,0.0,0.0,0.0,0.06086956337094307,0.67333984375,1.0,0.00011867284774780273
geometry_dropout,test_unseen,1502,val:2010_005353:part_16,2010_005353,bird,torso,torso,0.5405405163764954,0.7017543911933899,0.2709030210971832,0.5891304612159729,1.0,1.0,1.0
geometry_dropout,test_unseen,1503,val:2010_005353:part_18,2010_005353,bird,leg,leg,0.010416666977107525,0.020618556067347527,0.875,0.0021739129442721605,1.0,1.0,1.0
geometry_dropout,test_unseen,1504,val:2010_005353:part_19,2010_005353,bird,foot,foot,0.0,0.0,1.0,0.004347825888544321,1.0,1.0,0.81298828125
geometry_dropout,test_unseen,1505,val:2010_005366:part_79,2010_005366,motorbike,wheel,wheel,0.3587551414966583,0.5280644297599792,0.42571818828582764,0.4355018734931946,1.0,1.0,0.9970703125
geometry_dropout,test_unseen,1506,val:2010_005366:part_82,2010_005366,motorbike,headlight,headlight,0.0,0.0,0.0,0.01583274081349373,1.0,1.0,0.99755859375
geometry_dropout,test_unseen,1507,val:2010_005428:part_12,2010_005428,bird,tail,tail,0.22418878972530365,0.36626505851745605,0.3919999897480011,0.05300676450133324,0.9697265625,1.0,0.0005617141723632812
geometry_dropout,test_unseen,1508,val:2010_005428:part_13,2010_005428,bird,head,head,0.016791045665740967,0.0330275222659111,0.3757225573062897,0.004752330482006073,1.0,1.0,1.0
geometry_dropout,test_unseen,1509,val:2010_005428:part_14,2010_005428,bird,eye,eye,0.0,0.0,0.0,0.0007311277440749109,0.5927734375,0.99951171875,0.00018668174743652344
geometry_dropout,test_unseen,1510,val:2010_005428:part_15,2010_005428,bird,beak,beak,0.0,0.0,0.0,0.0005483458517119288,0.67333984375,1.0,0.00011867284774780273
geometry_dropout,test_unseen,1511,val:2010_005428:part_16,2010_005428,bird,torso,torso,0.28819671273231506,0.44744208455085754,0.06086583808064461,0.2917199730873108,1.0,1.0,1.0
geometry_dropout,test_unseen,1512,val:2010_005428:part_17,2010_005428,bird,neck,neck,0.0,0.0,0.11515151709318161,0.01626759208738804,1.0,1.0,1.0
geometry_dropout,test_unseen,1513,val:2010_005428:part_18,2010_005428,bird,leg,leg,0.05657166987657547,0.10708534717559814,0.23550401628017426,0.044233229011297226,1.0,1.0,1.0
geometry_dropout,test_unseen,1514,val:2010_005432:part_32,2010_005432,car,wheel,wheel,0.4988623559474945,0.6656546592712402,0.05283018946647644,0.0659930557012558,1.0,1.0,0.9970703125
geometry_dropout,test_unseen,1515,val:2010_005432:part_35,2010_005432,car,side,side,0.4997578561306,0.6664513945579529,0.08295027166604996,0.28449636697769165,1.0,1.0,0.99755859375
geometry_dropout,test_unseen,1516,val:2010_005432:part_36,2010_005432,car,back,back,0.7973896861076355,0.887275218963623,0.029084298759698868,0.5399431586265564,1.0,1.0,1.0
geometry_dropout,test_unseen,1517,val:2010_005432:part_38,2010_005432,car,mirror,mirror,0.0,0.0,0.0,0.004104831255972385,0.05572509765625,0.9814453125,4.112720489501953e-06
geometry_dropout,test_unseen,1518,val:2010_005432:part_41,2010_005432,car,window,window,0.1503094583749771,0.26133742928504944,0.16607460379600525,0.09321124106645584,0.99951171875,1.0,0.99365234375
geometry_dropout,test_unseen,1519,val:2010_005433:part_79,2010_005433,motorbike,wheel,wheel,0.3701000213623047,0.5402525663375854,0.04513198882341385,0.1887599229812622,1.0,1.0,0.9970703125
geometry_dropout,test_unseen,1520,val:2010_005433:part_82,2010_005433,motorbike,headlight,headlight,0.0,0.0,0.0,0.019792303442955017,1.0,1.0,0.99755859375
geometry_dropout,test_unseen,1521,val:2010_005501:part_32,2010_005501,car,wheel,wheel,0.16603487730026245,0.2847854495048523,0.0,0.11681531369686127,1.0,1.0,0.9970703125
geometry_dropout,test_unseen,1522,val:2010_005501:part_34,2010_005501,car,front,front,0.0,0.0,0.0,0.08168371021747589,1.0,1.0,1.0
geometry_dropout,test_unseen,1523,val:2010_005501:part_35,2010_005501,car,side,side,0.2695363163948059,0.42462167143821716,0.08747650682926178,0.31933870911598206,1.0,1.0,0.99755859375
geometry_dropout,test_unseen,1524,val:2010_005501:part_36,2010_005501,car,back,back,0.0,0.0,0.0,0.023602349683642387,1.0,1.0,1.0
geometry_dropout,test_unseen,1525,val:2010_005501:part_37,2010_005501,car,roof,roof,0.0,0.0,0.0,0.05819012224674225,1.0,1.0,1.0
geometry_dropout,test_unseen,1526,val:2010_005501:part_38,2010_005501,car,mirror,mirror,0.0,0.0,0.0,0.0029366977978497744,0.05572509765625,0.9814453125,4.112720489501953e-06
geometry_dropout,test_unseen,1527,val:2010_005501:part_40,2010_005501,car,door,door,0.0,0.0,1.0,0.1631498783826828,0.204833984375,0.9970703125,2.777576446533203e-05
geometry_dropout,test_unseen,1528,val:2010_005501:part_41,2010_005501,car,window,window,0.2897040545940399,0.44925662875175476,0.020140986889600754,0.22851860523223877,0.99951171875,1.0,0.99365234375
geometry_dropout,test_unseen,1529,val:2010_005501:part_79,2010_005501,motorbike,wheel,wheel,0.0,0.0,0.2767474949359894,0.00020136931561864913,1.0,1.0,0.9970703125
geometry_dropout,test_unseen,1530,val:2010_005531:part_11,2010_005531,bird,wing,wing,0.026200873777270317,0.05106382817029953,0.4413580298423767,0.09785522520542145,0.7890625,1.0,0.0002472400665283203
geometry_dropout,test_unseen,1531,val:2010_005531:part_12,2010_005531,bird,tail,tail,0.0,0.0,0.0,0.04088471829891205,0.9697265625,1.0,0.0005617141723632812
geometry_dropout,test_unseen,1532,val:2010_005531:part_13,2010_005531,bird,head,head,0.47826087474823,0.6470588445663452,0.2805555462837219,0.21447721123695374,1.0,1.0,1.0
geometry_dropout,test_unseen,1533,val:2010_005531:part_14,2010_005531,bird,eye,eye,0.0,0.0,0.0,0.004691688809543848,0.5927734375,0.99951171875,0.00018668174743652344
geometry_dropout,test_unseen,1534,val:2010_005531:part_15,2010_005531,bird,beak,beak,0.0,0.0,0.0,0.051608577370643616,0.67333984375,1.0,0.00011867284774780273
geometry_dropout,test_unseen,1535,val:2010_005531:part_16,2010_005531,bird,torso,torso,0.5774027705192566,0.7320930361747742,0.182588592171669,0.5710455775260925,1.0,1.0,1.0
geometry_dropout,test_unseen,1536,val:2010_005531:part_18,2010_005531,bird,leg,leg,0.008928571827709675,0.017699114978313446,0.2841726541519165,0.006032171659171581,1.0,1.0,1.0
geometry_dropout,test_unseen,1537,val:2010_005531:part_19,2010_005531,bird,foot,foot,0.0,0.0,0.0,0.013404825702309608,1.0,1.0,0.81298828125
geometry_dropout,test_unseen,1538,val:2010_005575:part_61,2010_005575,dog,head,head,0.42836469411849976,0.5997973680496216,0.1150764748454094,0.19679109752178192,1.0,1.0,1.0
geometry_dropout,test_unseen,1539,val:2010_005575:part_62,2010_005575,dog,eye,eye,0.0,0.0,0.0,0.006221348885446787,0.5927734375,0.99951171875,0.00018668174743652344
geometry_dropout,test_unseen,1540,val:2010_005575:part_63,2010_005575,dog,torso,torso,0.2242424190044403,0.3663366436958313,0.056866951286792755,0.0916830375790596,1.0,1.0,1.0
geometry_dropout,test_unseen,1541,val:2010_005575:part_64,2010_005575,dog,neck,neck,0.0026041667442768812,0.005194805096834898,0.5769230723381042,0.083497054874897,1.0,1.0,1.0
geometry_dropout,test_unseen,1542,val:2010_005575:part_65,2010_005575,dog,leg,leg,0.40041208267211914,0.5718489289283752,0.12903225421905518,0.23117223381996155,1.0,1.0,1.0
geometry_dropout,test_unseen,1543,val:2010_005575:part_66,2010_005575,dog,nose,nose,0.7837837934494019,0.8787878751754761,0.0,0.042239684611558914,0.08404541015625,0.99853515625,5.364418029785156e-07
geometry_dropout,test_unseen,1544,val:2010_005575:part_67,2010_005575,dog,paw,paw,0.0,0.0,0.13235294818878174,0.14276358485221863,0.9912109375,1.0,0.0014209747314453125
geometry_dropout,test_unseen,1545,val:2010_005575:part_68,2010_005575,dog,ear,ear,0.23404255509376526,0.37931033968925476,0.49242424964904785,0.06548788398504257,0.0033893585205078125,0.998046875,0.0
geometry_dropout,test_unseen,1546,val:2010_005575:part_69,2010_005575,dog,muzzle,muzzle,0.0,0.0,1.0,0.13523247838020325,0.95166015625,1.0,0.0015668869018554688
geometry_dropout,test_unseen,1547,val:2010_005644:part_61,2010_005644,dog,head,head,0.4435403048992157,0.6145173907279968,0.0748622938990593,0.276106595993042,1.0,1.0,1.0
geometry_dropout,test_unseen,1548,val:2010_005644:part_62,2010_005644,dog,eye,eye,0.46178343892097473,0.6318082809448242,0.0,0.016754986718297005,0.5927734375,0.99951171875,0.00018668174743652344
geometry_dropout,test_unseen,1549,val:2010_005644:part_63,2010_005644,dog,torso,torso,0.6628067493438721,0.7972143888473511,0.10201249271631241,0.3785068690776825,1.0,1.0,1.0
geometry_dropout,test_unseen,1550,val:2010_005644:part_64,2010_005644,dog,neck,neck,0.2442985475063324,0.3926686942577362,0.057232048362493515,0.05595386400818825,1.0,1.0,1.0
geometry_dropout,test_unseen,1551,val:2010_005644:part_66,2010_005644,dog,nose,nose,0.31012657284736633,0.47342994809150696,0.4054054021835327,0.004597880411893129,0.08404541015625,0.99853515625,5.364418029785156e-07
geometry_dropout,test_unseen,1552,val:2010_005644:part_68,2010_005644,dog,ear,ear,0.6892109513282776,0.8160152435302734,0.07356564700603485,0.18734413385391235,0.0033893585205078125,0.998046875,0.0
geometry_dropout,test_unseen,1553,val:2010_005644:part_69,2010_005644,dog,muzzle,muzzle,0.33040422201156616,0.49669748544692993,0.231985941529274,0.043952617794275284,0.95166015625,1.0,0.0015668869018554688
geometry_dropout,test_unseen,1554,val:2010_005719:part_100,2010_005719,sheep,head,head,0.4091360569000244,0.5806906223297119,0.09095451980829239,0.05879873409867287,1.0,1.0,1.0
geometry_dropout,test_unseen,1555,val:2010_005719:part_101,2010_005719,sheep,eye,eye,0.05325443670153618,0.10112359374761581,0.0,0.0018264839891344309,0.5927734375,0.99951171875,0.00018668174743652344
geometry_dropout,test_unseen,1556,val:2010_005719:part_102,2010_005719,sheep,torso,torso,0.8895413875579834,0.9415420889854431,0.0678386315703392,0.8506498336791992,1.0,1.0,1.0
geometry_dropout,test_unseen,1557,val:2010_005719:part_105,2010_005719,sheep,ear,ear,0.1803482621908188,0.3055848181247711,0.5579078197479248,0.010256410576403141,0.0033893585205078125,0.998046875,0.0
geometry_dropout,test_unseen,1558,val:2010_005719:part_106,2010_005719,sheep,muzzle,muzzle,0.567307710647583,0.7239263653755188,0.0,0.04158763587474823,0.95166015625,1.0,0.0015668869018554688
geometry_dropout,test_unseen,1559,val:2010_005719:part_107,2010_005719,sheep,horn,horn,0.127296581864357,0.22584401071071625,0.5384615659713745,0.007376185618340969,0.64208984375,1.0,8.821487426757812e-06
geometry_dropout,test_unseen,1560,val:2010_005788:part_100,2010_005788,sheep,head,head,0.0,0.0,0.1736111044883728,0.006470165215432644,1.0,1.0,1.0
geometry_dropout,test_unseen,1561,val:2010_005788:part_102,2010_005788,sheep,torso,torso,0.06434006243944168,0.12090132385492325,0.1392362266778946,0.0743350088596344,1.0,1.0,1.0
geometry_dropout,test_unseen,1562,val:2010_005788:part_103,2010_005788,sheep,neck,neck,0.0,0.0,0.004694835748523474,0.008770668879151344,1.0,1.0,1.0
geometry_dropout,test_unseen,1563,val:2010_005788:part_105,2010_005788,sheep,ear,ear,0.0,0.0,0.2631579041481018,0.0012940330198034644,0.0033893585205078125,0.998046875,0.0
geometry_dropout,test_unseen,1564,val:2010_005788:part_106,2010_005788,sheep,muzzle,muzzle,0.0,0.0,0.23999999463558197,0.006901509594172239,0.95166015625,1.0,0.0015668869018554688
geometry_dropout,test_unseen,1565,val:2010_005991:part_61,2010_005991,dog,head,head,0.5381882786750793,0.6997690796852112,0.08986615389585495,0.0905013158917427,1.0,1.0,1.0
geometry_dropout,test_unseen,1566,val:2010_005991:part_62,2010_005991,dog,eye,eye,0.0,0.0,0.0,0.001583113451488316,0.5927734375,0.99951171875,0.00018668174743652344
geometry_dropout,test_unseen,1567,val:2010_005991:part_63,2010_005991,dog,torso,torso,0.6631158590316772,0.7974379658699036,0.0838407501578331,0.4253298044204712,1.0,1.0,1.0
geometry_dropout,test_unseen,1568,val:2010_005991:part_64,2010_005991,dog,neck,neck,0.3799391984939575,0.5506607890129089,0.22177419066429138,0.054353561252355576,1.0,1.0,1.0
geometry_dropout,test_unseen,1569,val:2010_005991:part_65,2010_005991,dog,leg,leg,0.23230241239070892,0.37702175974845886,0.19502867758274078,0.33509233593940735,1.0,1.0,1.0
geometry_dropout,test_unseen,1570,val:2010_005991:part_66,2010_005991,dog,nose,nose,0.0,0.0,0.0,0.0018469657516106963,0.08404541015625,0.99853515625,5.364418029785156e-07
geometry_dropout,test_unseen,1571,val:2010_005991:part_67,2010_005991,dog,paw,paw,0.06060606241226196,0.11428571492433548,0.46000000834465027,0.023746700957417488,0.9912109375,1.0,0.0014209747314453125
geometry_dropout,test_unseen,1572,val:2010_005991:part_68,2010_005991,dog,ear,ear,0.3606557250022888,0.5301204919815063,0.1719745248556137,0.02427440695464611,0.0033893585205078125,0.998046875,0.0
geometry_dropout,test_unseen,1573,val:2010_005991:part_69,2010_005991,dog,muzzle,muzzle,0.12857143580913544,0.2278480976819992,0.08294931054115295,0.02612137235701084,0.95166015625,1.0,0.0015668869018554688
geometry_dropout,test_unseen,1574,val:2010_005992:part_60,2010_005992,dog,tail,tail,0.2273152470588684,0.37042683362960815,0.6879162788391113,0.025867195799946785,0.9697265625,1.0,0.0005617141723632812
geometry_dropout,test_unseen,1575,val:2010_005992:part_61,2010_005992,dog,head,head,0.6877828240394592,0.8150134086608887,0.030715225264430046,0.1807730495929718,1.0,1.0,1.0
geometry_dropout,test_unseen,1576,val:2010_005992:part_62,2010_005992,dog,eye,eye,0.0,0.0,0.0,0.004658077377825975,0.5927734375,0.99951171875,0.00018668174743652344
geometry_dropout,test_unseen,1577,val:2010_005992:part_63,2010_005992,dog,torso,torso,0.7515352964401245,0.8581445813179016,0.05889281630516052,0.45688802003860474,1.0,1.0,1.0
geometry_dropout,test_unseen,1578,val:2010_005992:part_65,2010_005992,dog,leg,leg,0.5298234820365906,0.6926596164703369,0.177526593208313,0.20009911060333252,1.0,1.0,1.0
geometry_dropout,test_unseen,1579,val:2010_005992:part_66,2010_005992,dog,nose,nose,0.0,0.0,0.0,0.004261645022779703,0.08404541015625,0.99853515625,5.364418029785156e-07
geometry_dropout,test_unseen,1580,val:2010_005992:part_67,2010_005992,dog,paw,paw,0.2784150242805481,0.4355628192424774,0.37831857800483704,0.03191278502345085,0.9912109375,1.0,0.0014209747314453125
geometry_dropout,test_unseen,1581,val:2010_005992:part_68,2010_005992,dog,ear,ear,0.5282776355743408,0.6913372874259949,0.19069069623947144,0.05183349922299385,0.0033893585205078125,0.998046875,0.0
geometry_dropout,test_unseen,1582,val:2010_005992:part_69,2010_005992,dog,muzzle,muzzle,0.5521023869514465,0.7114251852035522,0.1769547313451767,0.035976212471723557,0.95166015625,1.0,0.0015668869018554688
geometry_dropout,test_unseen,1583,val:2010_006026:part_99,2010_006026,sheep,tail,tail,0.0,0.0,0.5454545617103577,0.13943354785442352,0.9697265625,1.0,0.0005617141723632812
geometry_dropout,test_unseen,1584,val:2010_006026:part_100,2010_006026,sheep,head,head,0.0,0.0,0.0,0.0021786491852253675,1.0,1.0,1.0
geometry_dropout,test_unseen,1585,val:2010_006026:part_102,2010_006026,sheep,torso,torso,0.4166666567325592,0.5882353186607361,0.18934911489486694,0.5206971764564514,1.0,1.0,1.0
