experiment,split,dataset_index,sample_id,image_id,object_name,part_name,query,iou,dice,leakage,part_ratio,gate_u,gate_v,gate_d
geometry_dropout,test_seen,0,val:2008_000009:part_51,2008_000009,cow,tail,tail,0.0,0.0,0.0,0.04308797046542168,0.986328125,1.0,6.556510925292969e-07
geometry_dropout,test_seen,1,val:2008_000009:part_54,2008_000009,cow,torso,torso,0.0,0.0,0.12264151126146317,0.17055656015872955,1.0,1.0,0.96630859375
geometry_dropout,test_seen,2,val:2008_000009:part_56,2008_000009,cow,leg,leg,0.0,0.0,0.6516393423080444,0.03770197555422783,0.9990234375,1.0,9.5367431640625e-07
geometry_dropout,test_seen,3,val:2008_000016:part_115,2008_000016,tvmonitor,screen,screen,0.7224814891815186,0.8388844728469849,0.011506276205182076,0.6137388944625854,1.0,1.0,0.98779296875
geometry_dropout,test_seen,4,val:2008_000073:part_52,2008_000073,cow,head,head,0.501118540763855,0.6676602363586426,0.2920560836791992,0.10253164917230606,1.0,1.0,0.95556640625
geometry_dropout,test_seen,5,val:2008_000073:part_53,2008_000073,cow,eye,eye,0.0,0.0,0.0,0.001687763724476099,0.95703125,1.0,3.516674041748047e-06
geometry_dropout,test_seen,6,val:2008_000073:part_54,2008_000073,cow,torso,torso,0.7064846158027649,0.828000009059906,0.10211267322301865,0.7291139364242554,1.0,1.0,0.96630859375
geometry_dropout,test_seen,7,val:2008_000073:part_56,2008_000073,cow,leg,leg,0.0012953367549926043,0.0025873221457004547,0.29886913299560547,0.06497890502214432,0.9990234375,1.0,9.5367431640625e-07
geometry_dropout,test_seen,8,val:2008_000073:part_57,2008_000073,cow,ear,ear,0.032407406717538834,0.06278026849031448,0.42241379618644714,0.04514767974615097,0.0006213188171386719,0.96728515625,0.0
geometry_dropout,test_seen,9,val:2008_000073:part_58,2008_000073,cow,muzzle,muzzle,0.0,0.0,1.0,0.03670886158943176,0.982421875,1.0,3.4570693969726562e-06
geometry_dropout,test_seen,10,val:2008_000075:part_22,2008_000075,bus,wheel,wheel,0.6392785310745239,0.7799510955810547,0.11173814535140991,0.05279459431767464,0.99853515625,1.0,8.881092071533203e-06
geometry_dropout,test_seen,11,val:2008_000075:part_23,2008_000075,bus,headlight,headlight,0.0,0.0,0.0,0.003378853900358081,1.0,1.0,0.137939453125
geometry_dropout,test_seen,12,val:2008_000075:part_24,2008_000075,bus,front,front,0.37921348214149475,0.5498981475830078,0.06242706999182701,0.05216106027364731,1.0,1.0,0.8779296875
geometry_dropout,test_seen,13,val:2008_000075:part_25,2008_000075,bus,side,side,0.5830696225166321,0.7366316914558411,0.09448040276765823,0.48465436697006226,1.0,1.0,0.0604248046875
geometry_dropout,test_seen,14,val:2008_000075:part_30,2008_000075,bus,door,door,0.6559440493583679,0.7922297120094299,0.0,0.07947345823049545,0.15771484375,0.998046875,0.0
geometry_dropout,test_seen,15,val:2008_000075:part_31,2008_000075,bus,window,window,0.6000832319259644,0.75006502866745,0.03325415775179863,0.308179646730423,1.0,1.0,0.327880859375
geometry_dropout,test_seen,16,val:2008_000182:part_42,2008_000182,cat,tail,tail,0.13215859234333038,0.23346303403377533,0.0,0.13493800163269043,0.986328125,1.0,6.556510925292969e-07
geometry_dropout,test_seen,17,val:2008_000182:part_43,2008_000182,cat,head,head,0.5418994426727295,0.7028985619544983,0.0,0.11743253469467163,1.0,1.0,0.95556640625
geometry_dropout,test_seen,18,val:2008_000182:part_44,2008_000182,cat,eye,eye,0.0,0.0,0.0,0.005835156887769699,0.95703125,1.0,3.516674041748047e-06
geometry_dropout,test_seen,19,val:2008_000182:part_45,2008_000182,cat,torso,torso,0.6089211702346802,0.7569310069084167,0.11631015688180923,0.5857038497924805,1.0,1.0,0.96630859375
geometry_dropout,test_seen,20,val:2008_000182:part_47,2008_000182,cat,leg,leg,0.23800383508205414,0.38449612259864807,0.19653178751468658,0.09190371632575989,0.9990234375,1.0,9.5367431640625e-07
geometry_dropout,test_seen,21,val:2008_000182:part_48,2008_000182,cat,nose,nose,0.0,0.0,0.0,0.0014587892219424248,0.026153564453125,0.994140625,0.0
geometry_dropout,test_seen,22,val:2008_000182:part_50,2008_000182,cat,ear,ear,0.13333334028720856,0.23529411852359772,0.7132866978645325,0.032093361020088196,0.0006213188171386719,0.96728515625,0.0
geometry_dropout,test_seen,23,val:2008_000213:part_83,2008_000213,person,head,head,0.5332778692245483,0.6956049799919128,0.03053874894976616,0.1612473577260971,1.0,1.0,0.95556640625
geometry_dropout,test_seen,24,val:2008_000213:part_84,2008_000213,person,eye,eye,0.06818182021379471,0.12765957415103912,0.05394190922379494,0.00321241095662117,0.95703125,1.0,3.516674041748047e-06
geometry_dropout,test_seen,25,val:2008_000213:part_85,2008_000213,person,torso,torso,0.8337748050689697,0.9093535542488098,0.058002691715955734,0.4017864167690277,1.0,1.0,0.96630859375
geometry_dropout,test_seen,26,val:2008_000213:part_89,2008_000213,person,nose,nose,0.5404624342918396,0.7016885280609131,0.0,0.014730079099535942,0.026153564453125,0.994140625,0.0
geometry_dropout,test_seen,27,val:2008_000213:part_90,2008_000213,person,ear,ear,0.3333333432674408,0.5,0.02283105067908764,0.005719658453017473,0.0006213188171386719,0.96728515625,0.0
geometry_dropout,test_seen,28,val:2008_000213:part_91,2008_000213,person,eyebrow,eyebrow,0.1170731708407402,0.20960699021816254,0.02926829271018505,0.0018804356222972274,0.0008230209350585938,0.5947265625,0.0
geometry_dropout,test_seen,29,val:2008_000213:part_93,2008_000213,person,hair,hair,0.653563916683197,0.7904912829399109,0.23571428656578064,0.104599229991436,1.0,1.0,0.927734375
geometry_dropout,test_seen,30,val:2008_000213:part_94,2008_000213,person,lower arm,lower arm,0.7651515007019043,0.8669527769088745,0.016572505235671997,0.175350621342659,0.525390625,1.0,0.0
geometry_dropout,test_seen,31,val:2008_000213:part_95,2008_000213,person,upper arm,upper arm,0.10776470601558685,0.19456245005130768,0.061494797468185425,0.018804356455802917,0.06964111328125,0.99853515625,0.0
geometry_dropout,test_seen,32,val:2008_000213:part_96,2008_000213,person,hand,hand,0.6783088445663452,0.8083242177963257,0.05712270736694336,0.1035023108124733,0.99755859375,1.0,4.756450653076172e-05
geometry_dropout,test_seen,33,val:2008_000215:part_83,2008_000215,person,head,head,0.20361146330833435,0.33833420276641846,0.010416666977107525,0.028837155550718307,1.0,1.0,0.95556640625
geometry_dropout,test_seen,34,val:2008_000215:part_84,2008_000215,person,eye,eye,0.03999999910593033,0.07692307978868484,0.0,0.0008189050131477416,0.95703125,1.0,3.516674041748047e-06
geometry_dropout,test_seen,35,val:2008_000215:part_85,2008_000215,person,torso,torso,0.002213279716670513,0.004416783805936575,0.028606964275240898,0.15026907622814178,1.0,1.0,0.96630859375
geometry_dropout,test_seen,36,val:2008_000215:part_86,2008_000215,person,neck,neck,0.3671497702598572,0.537102460861206,0.0,0.011698642745614052,1.0,1.0,0.96630859375
geometry_dropout,test_seen,37,val:2008_000215:part_89,2008_000215,person,nose,nose,0.056179776787757874,0.10638298094272614,0.0,0.004328497685492039,0.026153564453125,0.994140625,0.0
geometry_dropout,test_seen,38,val:2008_000215:part_91,2008_000215,person,eyebrow,eyebrow,0.0,0.0,0.0,5.849321314599365e-05,0.0008230209350585938,0.5947265625,0.0
geometry_dropout,test_seen,39,val:2008_000215:part_92,2008_000215,person,mouth,mouth,0.0,0.0,0.0,0.002924660686403513,1.0,1.0,0.48486328125
geometry_dropout,test_seen,40,val:2008_000215:part_93,2008_000215,person,hair,hair,0.558521568775177,0.7167325615882874,0.08560885488986969,0.05393074452877045,1.0,1.0,0.927734375
geometry_dropout,test_seen,41,val:2008_000215:part_95,2008_000215,person,upper arm,upper arm,0.1714089810848236,0.2926543653011322,0.025614218786358833,0.08797379583120346,0.06964111328125,0.99853515625,0.0
geometry_dropout,test_seen,42,val:2008_000223:part_83,2008_000223,person,head,head,0.3290322721004486,0.49514561891555786,0.2549019753932953,0.033930856734514236,1.0,1.0,0.95556640625
geometry_dropout,test_seen,43,val:2008_000223:part_85,2008_000223,person,torso,torso,0.7353630065917969,0.8475033640861511,0.04854368790984154,0.21062740683555603,1.0,1.0,0.96630859375
geometry_dropout,test_seen,44,val:2008_000223:part_86,2008_000223,person,neck,neck,0.3333333432674408,0.5,0.0,0.010883483104407787,1.0,1.0,0.96630859375
geometry_dropout,test_seen,45,val:2008_000223:part_87,2008_000223,person,leg,leg,0.38680925965309143,0.5578406453132629,0.4094594717025757,0.5224071741104126,0.9990234375,1.0,9.5367431640625e-07
geometry_dropout,test_seen,46,val:2008_000223:part_89,2008_000223,person,nose,nose,0.0,0.0,0.0,0.001280409749597311,0.026153564453125,0.994140625,0.0
geometry_dropout,test_seen,47,val:2008_000223:part_90,2008_000223,person,ear,ear,0.0,0.0,0.0,0.0006402048747986555,0.0006213188171386719,0.96728515625,0.0
geometry_dropout,test_seen,48,val:2008_000223:part_92,2008_000223,person,mouth,mouth,0.0,0.0,0.0,0.0019206146243959665,1.0,1.0,0.48486328125
geometry_dropout,test_seen,49,val:2008_000223:part_93,2008_000223,person,hair,hair,0.021008403971791267,0.041152264922857285,0.4789915978908539,0.0032010243739932775,1.0,1.0,0.927734375
geometry_dropout,test_seen,50,val:2008_000223:part_94,2008_000223,person,lower arm,lower arm,0.01287553645670414,0.025423727929592133,0.709876537322998,0.047375161200761795,0.525390625,1.0,0.0
geometry_dropout,test_seen,51,val:2008_000223:part_95,2008_000223,person,upper arm,upper arm,0.19466666877269745,0.3258928656578064,0.07258064299821854,0.12804096937179565,0.06964111328125,0.99853515625,0.0
geometry_dropout,test_seen,52,val:2008_000223:part_96,2008_000223,person,hand,hand,0.0,0.0,0.6895306706428528,0.03329065442085266,0.99755859375,1.0,4.756450653076172e-05
geometry_dropout,test_seen,53,val:2008_000233:part_83,2008_000233,person,head,head,0.6366559267044067,0.7779960632324219,0.09665427356958389,0.11701609194278717,1.0,1.0,0.95556640625
geometry_dropout,test_seen,54,val:2008_000233:part_84,2008_000233,person,eye,eye,0.0,0.0,0.0,0.0021127904765307903,0.95703125,1.0,3.516674041748047e-06
geometry_dropout,test_seen,55,val:2008_000233:part_85,2008_000233,person,torso,torso,0.8135370016098022,0.8971827030181885,0.04735833406448364,0.5254347324371338,1.0,1.0,0.96630859375
geometry_dropout,test_seen,56,val:2008_000233:part_86,2008_000233,person,neck,neck,0.4119718372821808,0.5835411548614502,0.0394265241920948,0.01982772722840309,1.0,1.0,0.96630859375
geometry_dropout,test_seen,57,val:2008_000233:part_89,2008_000233,person,nose,nose,0.5,0.6666666865348816,0.0,0.006013326812535524,0.026153564453125,0.994140625,0.0
geometry_dropout,test_seen,58,val:2008_000233:part_90,2008_000233,person,ear,ear,0.02631578966975212,0.05128205195069313,0.01075268816202879,0.003900536336004734,0.0006213188171386719,0.96728515625,0.0
geometry_dropout,test_seen,59,val:2008_000233:part_91,2008_000233,person,eyebrow,eyebrow,0.0,0.0,0.0,0.004225580953061581,0.0008230209350585938,0.5947265625,0.0
geometry_dropout,test_seen,60,val:2008_000233:part_92,2008_000233,person,mouth,mouth,0.125,0.2222222238779068,0.0,0.0029254022520035505,1.0,1.0,0.48486328125
geometry_dropout,test_seen,61,val:2008_000233:part_93,2008_000233,person,hair,hair,0.2867298722267151,0.4456721842288971,0.32828283309936523,0.02389078587293625,1.0,1.0,0.927734375
geometry_dropout,test_seen,62,val:2008_000233:part_94,2008_000233,person,lower arm,lower arm,0.4952879548072815,0.66246497631073,0.08648648858070374,0.11181537806987762,0.525390625,1.0,0.0
geometry_dropout,test_seen,63,val:2008_000233:part_95,2008_000233,person,upper arm,upper arm,0.5626805424690247,0.7201478481292725,0.054085832089185715,0.16317243874073029,0.06964111328125,0.99853515625,0.0
geometry_dropout,test_seen,64,val:2008_000233:part_96,2008_000233,person,hand,hand,0.13899613916873932,0.24406780302524567,0.48262548446655273,0.005850804504007101,0.99755859375,1.0,4.756450653076172e-05
geometry_dropout,test_seen,65,val:2008_000234:part_83,2008_000234,person,head,head,0.5086267590522766,0.6742910742759705,0.036983322352170944,0.14208590984344482,1.0,1.0,0.95556640625
geometry_dropout,test_seen,66,val:2008_000234:part_84,2008_000234,person,eye,eye,0.060150377452373505,0.11347517371177673,0.0,0.00209428952075541,0.95703125,1.0,3.516674041748047e-06
geometry_dropout,test_seen,67,val:2008_000234:part_85,2008_000234,person,torso,torso,0.4376908838748932,0.6088804006576538,0.05626051127910614,0.13370876014232635,1.0,1.0,0.96630859375
geometry_dropout,test_seen,68,val:2008_000234:part_86,2008_000234,person,neck,neck,0.5099667906761169,0.6754675507545471,0.0,0.01447386760264635,1.0,1.0,0.96630859375
geometry_dropout,test_seen,69,val:2008_000234:part_89,2008_000234,person,nose,nose,0.4677419364452362,0.6373626589775085,0.0,0.008702936582267284,0.026153564453125,0.994140625,0.0
geometry_dropout,test_seen,70,val:2008_000234:part_91,2008_000234,person,eyebrow,eyebrow,0.08898305147886276,0.16342411935329437,0.0,0.0021408293396234512,0.0008230209350585938,0.5947265625,0.0
geometry_dropout,test_seen,71,val:2008_000234:part_92,2008_000234,person,mouth,mouth,0.32679739594459534,0.4926108419895172,0.0,0.00977335125207901,1.0,1.0,0.48486328125
geometry_dropout,test_seen,72,val:2008_000234:part_93,2008_000234,person,hair,hair,0.19430871307849884,0.32539108395576477,0.16539812088012695,0.034392889589071274,1.0,1.0,0.927734375
geometry_dropout,test_seen,73,val:2008_000254:part_83,2008_000254,person,head,head,0.0,0.0,0.0,0.016091953963041306,1.0,1.0,0.95556640625
geometry_dropout,test_seen,74,val:2008_000254:part_85,2008_000254,person,torso,torso,0.006342494860291481,0.012605042196810246,0.6393805146217346,0.05517241358757019,1.0,1.0,0.96630859375
geometry_dropout,test_seen,75,val:2008_000254:part_87,2008_000254,person,leg,leg,0.05904059112071991,0.11149825900793076,0.6627907156944275,0.06666667014360428,0.9990234375,1.0,9.5367431640625e-07
geometry_dropout,test_seen,76,val:2008_000254:part_88,2008_000254,person,foot,foot,0.0,0.0,0.0,0.004597701132297516,0.99462890625,1.0,2.384185791015625e-07
geometry_dropout,test_seen,77,val:2008_000254:part_94,2008_000254,person,lower arm,lower arm,0.0,0.0,0.0,0.004597701132297516,0.525390625,1.0,0.0
geometry_dropout,test_seen,78,val:2008_000271:part_83,2008_000271,person,head,head,0.604134738445282,0.7532219290733337,0.018764659762382507,0.11219578981399536,1.0,1.0,0.95556640625
geometry_dropout,test_seen,79,val:2008_000271:part_84,2008_000271,person,eye,eye,0.0696864128112793,0.13029316067695618,0.0,0.003849855624139309,0.95703125,1.0,3.516674041748047e-06
geometry_dropout,test_seen,80,val:2008_000271:part_85,2008_000271,person,torso,torso,0.6020117402076721,0.7515697479248047,0.07265043258666992,0.477382093667984,1.0,1.0,0.96630859375
geometry_dropout,test_seen,81,val:2008_000271:part_86,2008_000271,person,neck,neck,0.6821345686912537,0.8110345005989075,0.0025575447361916304,0.045923277735710144,1.0,1.0,0.96630859375
geometry_dropout,test_seen,82,val:2008_000271:part_89,2008_000271,person,nose,nose,0.523809552192688,0.6875,0.0,0.01278702076524496,0.026153564453125,0.994140625,0.0
geometry_dropout,test_seen,83,val:2008_000271:part_90,2008_000271,person,ear,ear,0.0,0.0,0.0,0.0019249278120696545,0.0006213188171386719,0.96728515625,0.0
geometry_dropout,test_seen,84,val:2008_000271:part_91,2008_000271,person,eyebrow,eyebrow,0.0,0.0,0.0,0.0021999175660312176,0.0008230209350585938,0.5947265625,0.0
geometry_dropout,test_seen,85,val:2008_000271:part_92,2008_000271,person,mouth,mouth,0.522580623626709,0.6864407062530518,0.0,0.014711948111653328,1.0,1.0,0.48486328125
geometry_dropout,test_seen,86,val:2008_000271:part_93,2008_000271,person,hair,hair,0.5171624422073364,0.6817496418952942,0.1550387591123581,0.09610889852046967,1.0,1.0,0.927734375
geometry_dropout,test_seen,87,val:2008_000271:part_94,2008_000271,person,lower arm,lower arm,0.1744791716337204,0.29711753129959106,0.2503597140312195,0.028461432084441185,0.525390625,1.0,0.0
geometry_dropout,test_seen,88,val:2008_000271:part_95,2008_000271,person,upper arm,upper arm,0.3462374806404114,0.514378011226654,0.11914893984794617,0.19936752319335938,0.06964111328125,0.99853515625,0.0
geometry_dropout,test_seen,89,val:2008_000345:part_42,2008_000345,cat,tail,tail,0.41297298669815063,0.5845447778701782,0.4499349892139435,0.07060367614030838,0.986328125,1.0,6.556510925292969e-07
geometry_dropout,test_seen,90,val:2008_000345:part_43,2008_000345,cat,head,head,0.6970776915550232,0.8215035796165466,0.06200997903943062,0.12834645807743073,1.0,1.0,0.95556640625
geometry_dropout,test_seen,91,val:2008_000345:part_44,2008_000345,cat,eye,eye,0.17391304671764374,0.29629629850387573,0.0,0.008792650885879993,0.95703125,1.0,3.516674041748047e-06
geometry_dropout,test_seen,92,val:2008_000345:part_45,2008_000345,cat,torso,torso,0.8604311943054199,0.9249804019927979,0.06272637099027634,0.7090551257133484,1.0,1.0,0.96630859375
geometry_dropout,test_seen,93,val:2008_000345:part_46,2008_000345,cat,neck,neck,0.15355804562568665,0.26623377203941345,0.0,0.014304461888968945,1.0,1.0,0.96630859375
geometry_dropout,test_seen,94,val:2008_000345:part_47,2008_000345,cat,leg,leg,0.08946321904659271,0.16423358023166656,0.21106557548046112,0.007874015718698502,0.9990234375,1.0,9.5367431640625e-07
geometry_dropout,test_seen,95,val:2008_000345:part_48,2008_000345,cat,nose,nose,0.10569106042385101,0.19117647409439087,0.0,0.001706036739051342,0.026153564453125,0.994140625,0.0
geometry_dropout,test_seen,96,val:2008_000345:part_49,2008_000345,cat,paw,paw,0.26359832286834717,0.41721853613853455,0.6218487620353699,0.008398950099945068,0.99072265625,1.0,2.384185791015625e-07
geometry_dropout,test_seen,97,val:2008_000345:part_50,2008_000345,cat,ear,ear,0.4847908616065979,0.6530089378356934,0.3361344635486603,0.04002624750137329,0.0006213188171386719,0.96728515625,0.0
geometry_dropout,test_seen,98,val:2008_000359:part_83,2008_000359,person,head,head,0.3020731508731842,0.46398797631263733,0.03650609776377678,0.12666095793247223,1.0,1.0,0.95556640625
geometry_dropout,test_seen,99,val:2008_000359:part_84,2008_000359,person,eye,eye,0.08433734625577927,0.15555556118488312,0.0,0.0021960025187581778,0.95703125,1.0,3.516674041748047e-06
geometry_dropout,test_seen,100,val:2008_000359:part_85,2008_000359,person,torso,torso,0.17851251363754272,0.30294549465179443,0.03133619204163551,0.09926676005125046,1.0,1.0,0.96630859375
geometry_dropout,test_seen,101,val:2008_000359:part_86,2008_000359,person,neck,neck,0.4302620589733124,0.6016548275947571,0.0,0.025309858843684196,1.0,1.0,0.96630859375
geometry_dropout,test_seen,102,val:2008_000359:part_89,2008_000359,person,nose,nose,0.39524516463279724,0.5665601491928101,0.0,0.012022183276712894,0.026153564453125,0.994140625,0.0
geometry_dropout,test_seen,103,val:2008_000359:part_90,2008_000359,person,ear,ear,0.33564814925193787,0.5025996565818787,0.046620044857263565,0.00550861656665802,0.0006213188171386719,0.96728515625,0.0
geometry_dropout,test_seen,104,val:2008_000359:part_91,2008_000359,person,eyebrow,eyebrow,0.10673234611749649,0.1928783357143402,0.0,0.006066922098398209,0.0008230209350585938,0.5947265625,0.0
geometry_dropout,test_seen,105,val:2008_000359:part_92,2008_000359,person,mouth,mouth,0.4657980501651764,0.6355555653572083,0.0,0.008002381771802902,1.0,1.0,0.48486328125
geometry_dropout,test_seen,106,val:2008_000359:part_93,2008_000359,person,hair,hair,0.4431372582912445,0.614130437374115,0.1190953329205513,0.06174861267209053,1.0,1.0,0.927734375
geometry_dropout,test_seen,107,val:2008_000391:part_97,2008_000391,pottedplant,pot,pot,0.0945659875869751,0.1727917492389679,0.10746268928050995,0.10539538413286209,0.99755859375,1.0,4.76837158203125e-06
geometry_dropout,test_seen,108,val:2008_000391:part_98,2008_000391,pottedplant,plant,plant,0.26420506834983826,0.4179781675338745,0.3426177501678467,0.31546837091445923,1.0,1.0,0.6298828125
geometry_dropout,test_seen,109,val:2008_000401:part_43,2008_000401,cat,head,head,0.6162590384483337,0.7625746130943298,0.0691085010766983,0.132429838180542,1.0,1.0,0.95556640625
geometry_dropout,test_seen,110,val:2008_000401:part_44,2008_000401,cat,eye,eye,0.2710280418395996,0.4264705777168274,0.0,0.003535390831530094,0.95703125,1.0,3.516674041748047e-06
geometry_dropout,test_seen,111,val:2008_000401:part_45,2008_000401,cat,torso,torso,0.8597592711448669,0.9245919585227966,0.0323641411960125,0.7419164776802063,1.0,1.0,0.96630859375
geometry_dropout,test_seen,112,val:2008_000401:part_46,2008_000401,cat,neck,neck,0.4456114172935486,0.6165023446083069,0.0,0.05384105443954468,1.0,1.0,0.96630859375
geometry_dropout,test_seen,113,val:2008_000401:part_47,2008_000401,cat,leg,leg,0.0863039419054985,0.1588946431875229,0.0,0.03203947842121124,0.9990234375,1.0,9.5367431640625e-07
geometry_dropout,test_seen,114,val:2008_000401:part_48,2008_000401,cat,nose,nose,0.06521739065647125,0.12244898080825806,0.20000000298023224,0.000294615892926231,0.026153564453125,0.994140625,0.0
geometry_dropout,test_seen,115,val:2008_000401:part_50,2008_000401,cat,ear,ear,0.59375,0.7450980544090271,0.26557862758636475,0.03299697861075401,0.0006213188171386719,0.96728515625,0.0
geometry_dropout,test_seen,116,val:2008_000464:part_43,2008_000464,cat,head,head,0.7407407164573669,0.8510638475418091,0.024816175922751427,0.11420468986034393,1.0,1.0,0.95556640625
geometry_dropout,test_seen,117,val:2008_000464:part_44,2008_000464,cat,eye,eye,0.19491524994373322,0.326241135597229,0.012711863964796066,0.005929363425821066,0.95703125,1.0,3.516674041748047e-06
geometry_dropout,test_seen,118,val:2008_000464:part_45,2008_000464,cat,torso,torso,0.6152098178863525,0.7617707252502441,0.09984235465526581,0.455014169216156,1.0,1.0,0.96630859375
geometry_dropout,test_seen,119,val:2008_000464:part_46,2008_000464,cat,neck,neck,0.4748784303665161,0.6439560651779175,0.02217741869390011,0.05336426943540573,1.0,1.0,0.96630859375
geometry_dropout,test_seen,120,val:2008_000464:part_47,2008_000464,cat,leg,leg,0.5070000290870667,0.6728599667549133,0.14954876899719238,0.28280484676361084,0.9990234375,1.0,9.5367431640625e-07
geometry_dropout,test_seen,121,val:2008_000464:part_48,2008_000464,cat,nose,nose,0.16483516991138458,0.2830188572406769,0.0,0.0019334880635142326,0.026153564453125,0.994140625,0.0
geometry_dropout,test_seen,122,val:2008_000464:part_49,2008_000464,cat,paw,paw,0.2155919224023819,0.35471099615097046,0.5890868306159973,0.04704820737242699,0.99072265625,1.0,2.384185791015625e-07
geometry_dropout,test_seen,123,val:2008_000464:part_50,2008_000464,cat,ear,ear,0.4806763231754303,0.6492658853530884,0.21705426275730133,0.029131218791007996,0.0006213188171386719,0.96728515625,0.0
geometry_dropout,test_seen,124,val:2008_000469:part_83,2008_000469,person,head,head,0.0,0.0,1.0,0.026455026119947433,1.0,1.0,0.95556640625
geometry_dropout,test_seen,125,val:2008_000469:part_85,2008_000469,person,torso,torso,0.004201680887490511,0.008368200622498989,0.44720497727394104,0.2063492089509964,1.0,1.0,0.96630859375
geometry_dropout,test_seen,126,val:2008_000469:part_87,2008_000469,person,leg,leg,0.16862745583057404,0.28859061002731323,0.6047618985176086,0.23280423879623413,0.9990234375,1.0,9.5367431640625e-07
geometry_dropout,test_seen,127,val:2008_000469:part_88,2008_000469,person,foot,foot,0.0,0.0,1.0,0.013227513059973717,0.99462890625,1.0,2.384185791015625e-07
geometry_dropout,test_seen,128,val:2008_000469:part_94,2008_000469,person,lower arm,lower arm,0.0,0.0,0.0,0.026455026119947433,0.525390625,1.0,0.0
geometry_dropout,test_seen,129,val:2008_000469:part_95,2008_000469,person,upper arm,upper arm,0.0,0.0,0.0,0.05291005223989487,0.06964111328125,0.99853515625,0.0
geometry_dropout,test_seen,130,val:2008_000469:part_96,2008_000469,person,hand,hand,0.0,0.0,0.0,0.01587301678955555,0.99755859375,1.0,4.756450653076172e-05
geometry_dropout,test_seen,131,val:2008_000474:part_83,2008_000474,person,head,head,0.46568626165390015,0.6354514956474304,0.02469135820865631,0.04729029908776283,1.0,1.0,0.95556640625
geometry_dropout,test_seen,132,val:2008_000474:part_84,2008_000474,person,eye,eye,0.0,0.0,0.0,0.00034518467145971954,0.95703125,1.0,3.516674041748047e-06
geometry_dropout,test_seen,133,val:2008_000474:part_85,2008_000474,person,torso,torso,0.43263062834739685,0.6039667129516602,0.2877767086029053,0.18087676167488098,1.0,1.0,0.96630859375
geometry_dropout,test_seen,134,val:2008_000474:part_86,2008_000474,person,neck,neck,0.02985074557363987,0.05797101557254791,0.12121212482452393,0.012426648288965225,1.0,1.0,0.96630859375
geometry_dropout,test_seen,135,val:2008_000474:part_87,2008_000474,person,leg,leg,0.5860139727592468,0.7389770746231079,0.3126829266548157,0.46668967604637146,0.9990234375,1.0,9.5367431640625e-07
geometry_dropout,test_seen,136,val:2008_000474:part_88,2008_000474,person,foot,foot,0.5033783912658691,0.6696628928184509,0.19895288348197937,0.10942354053258896,0.99462890625,1.0,2.384185791015625e-07
geometry_dropout,test_seen,137,val:2008_000474:part_89,2008_000474,person,nose,nose,0.0,0.0,0.0,0.004487400874495506,0.026153564453125,0.994140625,0.0
geometry_dropout,test_seen,138,val:2008_000474:part_90,2008_000474,person,ear,ear,0.0,0.0,0.0,0.0020711079705506563,0.0006213188171386719,0.96728515625,0.0
geometry_dropout,test_seen,139,val:2008_000474:part_91,2008_000474,person,eyebrow,eyebrow,0.0,0.0,0.0,0.00034518467145971954,0.0008230209350585938,0.5947265625,0.0
geometry_dropout,test_seen,140,val:2008_000474:part_92,2008_000474,person,mouth,mouth,0.0,0.0,0.0,0.0006903693429194391,1.0,1.0,0.48486328125
geometry_dropout,test_seen,141,val:2008_000474:part_93,2008_000474,person,hair,hair,0.40140846371650696,0.572864294052124,0.13306452333927155,0.05177770182490349,1.0,1.0,0.927734375
geometry_dropout,test_seen,142,val:2008_000474:part_94,2008_000474,person,lower arm,lower arm,0.0,0.0,0.6595744490623474,0.01656886376440525,0.525390625,1.0,0.0
geometry_dropout,test_seen,143,val:2008_000474:part_95,2008_000474,person,upper arm,upper arm,0.33195021748542786,0.4984423816204071,0.48033708333969116,0.09872281551361084,0.06964111328125,0.99853515625,0.0
geometry_dropout,test_seen,144,val:2008_000510:part_83,2008_000510,person,head,head,0.5118110179901123,0.6770833134651184,0.4015747904777527,0.059605684131383896,1.0,1.0,0.95556640625
geometry_dropout,test_seen,145,val:2008_000510:part_84,2008_000510,person,eye,eye,0.0,0.0,0.0,0.0009170105331577361,0.95703125,1.0,3.516674041748047e-06
geometry_dropout,test_seen,146,val:2008_000510:part_85,2008_000510,person,torso,torso,0.7595908045768738,0.8633720874786377,0.09643328934907913,0.28381475806236267,1.0,1.0,0.96630859375
geometry_dropout,test_seen,147,val:2008_000510:part_87,2008_000510,person,leg,leg,0.48417508602142334,0.6524500846862793,0.21341463923454285,0.4089867174625397,0.9990234375,1.0,9.5367431640625e-07
geometry_dropout,test_seen,148,val:2008_000510:part_88,2008_000510,person,foot,foot,0.0,0.0,0.39603960514068604,0.03530490770936012,0.99462890625,1.0,2.384185791015625e-07
geometry_dropout,test_seen,149,val:2008_000510:part_89,2008_000510,person,nose,nose,0.0,0.0,1.0,0.0018340210663154721,0.026153564453125,0.994140625,0.0
geometry_dropout,test_seen,150,val:2008_000510:part_90,2008_000510,person,ear,ear,0.0,0.0,0.0,0.0009170105331577361,0.0006213188171386719,0.96728515625,0.0
geometry_dropout,test_seen,151,val:2008_000510:part_91,2008_000510,person,eyebrow,eyebrow,0.0,0.0,0.0,0.00045850526657886803,0.0008230209350585938,0.5947265625,0.0
geometry_dropout,test_seen,152,val:2008_000510:part_92,2008_000510,person,mouth,mouth,0.0,0.0,0.0,0.0013755158288404346,1.0,1.0,0.48486328125
geometry_dropout,test_seen,153,val:2008_000510:part_93,2008_000510,person,hair,hair,0.025316456332802773,0.04938271641731262,0.25806450843811035,0.008711599744856358,1.0,1.0,0.927734375
geometry_dropout,test_seen,154,val:2008_000510:part_94,2008_000510,person,lower arm,lower arm,0.2763419449329376,0.43302181363105774,0.3924843370914459,0.07473635673522949,0.525390625,1.0,0.0
geometry_dropout,test_seen,155,val:2008_000510:part_95,2008_000510,person,upper arm,upper arm,0.16143497824668884,0.27799227833747864,0.2884615361690521,0.07060981541872025,0.06964111328125,0.99853515625,0.0
geometry_dropout,test_seen,156,val:2008_000510:part_96,2008_000510,person,hand,hand,0.1444866955280304,0.25249168276786804,0.7038626670837402,0.03117835894227028,0.99755859375,1.0,4.756450653076172e-05
geometry_dropout,test_seen,157,val:2008_000573:part_83,2008_000573,person,head,head,0.5263736248016357,0.6897048354148865,0.12614679336547852,0.031071579083800316,1.0,1.0,0.95556640625
geometry_dropout,test_seen,158,val:2008_000573:part_84,2008_000573,person,eye,eye,0.0,0.0,0.44999998807907104,6.009976641507819e-05,0.95703125,1.0,3.516674041748047e-06
geometry_dropout,test_seen,159,val:2008_000573:part_85,2008_000573,person,torso,torso,0.43784376978874207,0.6090282797813416,0.17370547354221344,0.14399904012680054,1.0,1.0,0.96630859375
geometry_dropout,test_seen,160,val:2008_000573:part_86,2008_000573,person,neck,neck,0.5242915153503418,0.687915027141571,0.0022321429569274187,0.01833042874932289,1.0,1.0,0.96630859375
geometry_dropout,test_seen,161,val:2008_000573:part_89,2008_000573,person,nose,nose,0.0458715595304966,0.08771929889917374,0.6960784196853638,0.0007211971678771079,0.026153564453125,0.994140625,0.0
geometry_dropout,test_seen,162,val:2008_000573:part_90,2008_000573,person,ear,ear,0.24074074625968933,0.38805970549583435,0.0,0.0038463850505650043,0.0006213188171386719,0.96728515625,0.0
geometry_dropout,test_seen,163,val:2008_000573:part_91,2008_000573,person,eyebrow,eyebrow,0.0,0.0,0.0,0.00048079813132062554,0.0008230209350585938,0.5947265625,0.0
geometry_dropout,test_seen,164,val:2008_000573:part_92,2008_000573,person,mouth,mouth,0.013698630034923553,0.027027027681469917,0.5074626803398132,0.00042069837218150496,1.0,1.0,0.48486328125
geometry_dropout,test_seen,165,val:2008_000573:part_93,2008_000573,person,hair,hair,0.6037527322769165,0.7529249787330627,0.1304512768983841,0.10349179804325104,1.0,1.0,0.927734375
geometry_dropout,test_seen,166,val:2008_000573:part_94,2008_000573,person,lower arm,lower arm,0.0,0.0,0.7272727489471436,0.004868080839514732,0.525390625,1.0,0.0
geometry_dropout,test_seen,167,val:2008_000573:part_95,2008_000573,person,upper arm,upper arm,0.4844464659690857,0.652696430683136,0.22815534472465515,0.0835987776517868,0.06964111328125,0.99853515625,0.0
geometry_dropout,test_seen,168,val:2008_000602:part_71,2008_000602,horse,head,head,0.5268423557281494,0.6901070475578308,0.049702633172273636,0.3690231740474701,1.0,1.0,0.95556640625
geometry_dropout,test_seen,169,val:2008_000602:part_72,2008_000602,horse,eye,eye,0.46060606837272644,0.6307054162025452,0.0,0.008702454157173634,0.95703125,1.0,3.516674041748047e-06
geometry_dropout,test_seen,170,val:2008_000602:part_73,2008_000602,horse,torso,torso,0.012048192322254181,0.02380952425301075,0.1651630848646164,0.006942407228052616,1.0,1.0,0.96630859375
geometry_dropout,test_seen,171,val:2008_000602:part_74,2008_000602,horse,neck,neck,0.6043238043785095,0.7533688545227051,0.1852881759405136,0.23721522092819214,1.0,1.0,0.96630859375
geometry_dropout,test_seen,172,val:2008_000602:part_76,2008_000602,horse,ear,ear,0.4025806486606598,0.5740570425987244,0.43097642064094543,0.04820572957396507,0.0006213188171386719,0.96728515625,0.0
geometry_dropout,test_seen,173,val:2008_000602:part_77,2008_000602,horse,muzzle,muzzle,0.7564066648483276,0.8613115549087524,0.125035360455513,0.2642025947570801,0.982421875,1.0,3.4570693969726562e-06
geometry_dropout,test_seen,174,val:2008_000630:part_83,2008_000630,person,head,head,0.03191489353775978,0.06185567006468773,0.13829787075519562,0.0013723695883527398,1.0,1.0,0.95556640625
geometry_dropout,test_seen,175,val:2008_000630:part_85,2008_000630,person,torso,torso,0.5275049209594727,0.6906752586364746,0.23968565464019775,0.2456541657447815,1.0,1.0,0.96630859375
geometry_dropout,test_seen,176,val:2008_000630:part_86,2008_000630,person,neck,neck,0.018518518656492233,0.036363635212183,0.130952388048172,0.011893870308995247,1.0,1.0,0.96630859375
geometry_dropout,test_seen,177,val:2008_000630:part_87,2008_000630,person,leg,leg,0.4049520790576935,0.5764638781547546,0.2852112650871277,0.4149130880832672,0.9990234375,1.0,9.5367431640625e-07
geometry_dropout,test_seen,178,val:2008_000630:part_88,2008_000630,person,foot,foot,0.043478261679410934,0.0833333358168602,0.7142857313156128,0.0562671534717083,0.99462890625,1.0,2.384185791015625e-07
geometry_dropout,test_seen,179,val:2008_000630:part_90,2008_000630,person,ear,ear,0.0,0.0,0.0,0.0009149130783043802,0.0006213188171386719,0.96728515625,0.0
geometry_dropout,test_seen,180,val:2008_000630:part_93,2008_000630,person,hair,hair,0.5357142686843872,0.6976743936538696,0.3132530152797699,0.06175663322210312,1.0,1.0,0.927734375
geometry_dropout,test_seen,181,val:2008_000630:part_94,2008_000630,person,lower arm,lower arm,0.13058419525623322,0.2310030460357666,0.8277310729026794,0.04162854701280594,0.525390625,1.0,0.0
geometry_dropout,test_seen,182,val:2008_000630:part_95,2008_000630,person,upper arm,upper arm,0.14869888126850128,0.2588996887207031,0.6126315593719482,0.06541628390550613,0.06964111328125,0.99853515625,0.0
geometry_dropout,test_seen,183,val:2008_000630:part_96,2008_000630,person,hand,hand,0.1111111119389534,0.20000000298023224,0.768750011920929,0.018298260867595673,0.99755859375,1.0,4.756450653076172e-05
geometry_dropout,test_seen,184,val:2008_000657:part_109,2008_000657,train,head,head,0.021897809579968452,0.04285714402794838,0.19871795177459717,0.012728392146527767,1.0,1.0,0.95556640625
geometry_dropout,test_seen,185,val:2008_000657:part_110,2008_000657,train,front,front,0.8677432537078857,0.9291890263557434,0.06793402135372162,0.6427838206291199,1.0,1.0,0.8779296875
geometry_dropout,test_seen,186,val:2008_000657:part_111,2008_000657,train,side,side,0.7405063509941101,0.8509091138839722,0.06651108711957932,0.2973721921443939,1.0,1.0,0.0604248046875
geometry_dropout,test_seen,187,val:2008_000657:part_114,2008_000657,train,coach,coach,0.0,0.0,0.0,0.04229111224412918,1.0,1.0,0.90087890625
geometry_dropout,test_seen,188,val:2008_000661:part_85,2008_000661,person,torso,torso,0.0,0.0,0.0,0.00018532246758695692,1.0,1.0,0.96630859375
geometry_dropout,test_seen,189,val:2008_000662:part_83,2008_000662,person,head,head,0.6918518543243408,0.817863404750824,0.02987551875412464,0.2214241772890091,1.0,1.0,0.95556640625
geometry_dropout,test_seen,190,val:2008_000662:part_84,2008_000662,person,eye,eye,0.04371584579348564,0.08376963436603546,0.0,0.005540734622627497,0.95703125,1.0,3.516674041748047e-06
geometry_dropout,test_seen,191,val:2008_000662:part_85,2008_000662,person,torso,torso,0.2822014093399048,0.4401826560497284,0.40506330132484436,0.07880155742168427,1.0,1.0,0.96630859375
geometry_dropout,test_seen,192,val:2008_000662:part_87,2008_000662,person,leg,leg,0.4699292480945587,0.6393902897834778,0.4009245038032532,0.35727477073669434,0.9990234375,1.0,9.5367431640625e-07
geometry_dropout,test_seen,193,val:2008_000662:part_88,2008_000662,person,foot,foot,0.3499999940395355,0.5185185074806213,0.1713665872812271,0.10486353188753128,0.99462890625,1.0,2.384185791015625e-07
geometry_dropout,test_seen,194,val:2008_000662:part_89,2008_000662,person,nose,nose,0.4883720874786377,0.65625,0.0,0.009850194677710533,0.026153564453125,0.994140625,0.0
geometry_dropout,test_seen,195,val:2008_000662:part_90,2008_000662,person,ear,ear,0.4655172526836395,0.6352941393852234,0.3137255012989044,0.01395444292575121,0.0006213188171386719,0.96728515625,0.0
geometry_dropout,test_seen,196,val:2008_000662:part_91,2008_000662,person,eyebrow,eyebrow,0.0,0.0,0.0,0.0006156371673569083,0.0008230209350585938,0.5947265625,0.0
geometry_dropout,test_seen,197,val:2008_000662:part_92,2008_000662,person,mouth,mouth,0.1621621549129486,0.27906978130340576,0.0,0.004309460520744324,1.0,1.0,0.48486328125
geometry_dropout,test_seen,198,val:2008_000662:part_93,2008_000662,person,hair,hair,0.32625189423561096,0.4919908344745636,0.08562690764665604,0.045146726071834564,1.0,1.0,0.927734375
geometry_dropout,test_seen,199,val:2008_000662:part_94,2008_000662,person,lower arm,lower arm,0.6209813952445984,0.7661795616149902,0.11302682012319565,0.08947260677814484,0.525390625,1.0,0.0
geometry_dropout,test_seen,200,val:2008_000662:part_96,2008_000662,person,hand,hand,0.28125,0.4390243887901306,0.3349056541919708,0.05602298304438591,0.99755859375,1.0,4.756450653076172e-05
geometry_dropout,test_seen,201,val:2008_000666:part_83,2008_000666,person,head,head,0.5374149680137634,0.6991150379180908,0.09659090638160706,0.1531631499528885,1.0,1.0,0.95556640625
geometry_dropout,test_seen,202,val:2008_000666:part_84,2008_000666,person,eye,eye,0.0,0.0,0.0,0.0005549389752559364,0.95703125,1.0,3.516674041748047e-06
geometry_dropout,test_seen,203,val:2008_000666:part_85,2008_000666,person,torso,torso,0.6962864995002747,0.8209538459777832,0.05467626079916954,0.3240843415260315,1.0,1.0,0.96630859375
geometry_dropout,test_seen,204,val:2008_000666:part_87,2008_000666,person,leg,leg,0.49009010195732117,0.6577993035316467,0.10579345375299454,0.2386237531900406,0.9990234375,1.0,9.5367431640625e-07
geometry_dropout,test_seen,205,val:2008_000666:part_88,2008_000666,person,foot,foot,0.30136987566947937,0.46315789222717285,0.42268040776252747,0.05160932242870331,0.99462890625,1.0,2.384185791015625e-07
geometry_dropout,test_seen,206,val:2008_000666:part_89,2008_000666,person,nose,nose,0.0,0.0,0.0,0.0011098779505118728,0.026153564453125,0.994140625,0.0
geometry_dropout,test_seen,207,val:2008_000666:part_90,2008_000666,person,ear,ear,0.0,0.0,0.0,0.0005549389752559364,0.0006213188171386719,0.96728515625,0.0
geometry_dropout,test_seen,208,val:2008_000666:part_92,2008_000666,person,mouth,mouth,0.0,0.0,0.0,0.0011098779505118728,1.0,1.0,0.48486328125
geometry_dropout,test_seen,209,val:2008_000666:part_94,2008_000666,person,lower arm,lower arm,0.4305555522441864,0.6019417643547058,0.16759777069091797,0.07214206457138062,0.525390625,1.0,0.0
geometry_dropout,test_seen,210,val:2008_000666:part_95,2008_000666,person,upper arm,upper arm,0.2853773534297943,0.44403669238090515,0.13709677755832672,0.0960044413805008,0.06964111328125,0.99853515625,0.0
geometry_dropout,test_seen,211,val:2008_000666:part_96,2008_000666,person,hand,hand,0.18378378450870514,0.310502290725708,0.7577639818191528,0.03218645974993706,0.99755859375,1.0,4.756450653076172e-05
geometry_dropout,test_seen,212,val:2008_000673:part_83,2008_000673,person,head,head,0.2535392642021179,0.40451744198799133,0.03999999910593033,0.032422199845314026,1.0,1.0,0.95556640625
geometry_dropout,test_seen,213,val:2008_000673:part_84,2008_000673,person,eye,eye,0.0,0.0,0.0,0.00011832918971776962,0.95703125,1.0,3.516674041748047e-06
geometry_dropout,test_seen,214,val:2008_000673:part_85,2008_000673,person,torso,torso,0.2953419089317322,0.45600610971450806,0.11277806758880615,0.08058217912912369,1.0,1.0,0.96630859375
geometry_dropout,test_seen,215,val:2008_000673:part_87,2008_000673,person,leg,leg,0.012815378606319427,0.025306444615125656,0.158390074968338,0.007573068141937256,0.9990234375,1.0,9.5367431640625e-07
geometry_dropout,test_seen,216,val:2008_000673:part_88,2008_000673,person,foot,foot,0.0,0.0,0.3720472455024719,0.008401372469961643,0.99462890625,1.0,2.384185791015625e-07
geometry_dropout,test_seen,217,val:2008_000673:part_89,2008_000673,person,nose,nose,0.0,0.0,0.0,0.00023665837943553925,0.026153564453125,0.994140625,0.0
geometry_dropout,test_seen,218,val:2008_000673:part_90,2008_000673,person,ear,ear,0.0,0.0,0.4000000059604645,0.00023665837943553925,0.0006213188171386719,0.96728515625,0.0
geometry_dropout,test_seen,219,val:2008_000673:part_93,2008_000673,person,hair,hair,0.0,0.0,0.21359223127365112,0.0014199502766132355,1.0,1.0,0.927734375
geometry_dropout,test_seen,220,val:2008_000673:part_94,2008_000673,person,lower arm,lower arm,0.0,0.0,0.22760041058063507,0.0004733167588710785,0.525390625,1.0,0.0
geometry_dropout,test_seen,221,val:2008_000673:part_95,2008_000673,person,upper arm,upper arm,0.006707317195832729,0.01332525722682476,0.10683229565620422,0.0048514967784285545,0.06964111328125,0.99853515625,0.0
geometry_dropout,test_seen,222,val:2008_000673:part_96,2008_000673,person,hand,hand,0.0,0.0,0.35653650760650635,0.0008283043280243874,0.99755859375,1.0,4.756450653076172e-05
geometry_dropout,test_seen,223,val:2008_000700:part_83,2008_000700,person,head,head,0.5023923516273499,0.668789803981781,0.08379888534545898,0.08533501625061035,1.0,1.0,0.95556640625
geometry_dropout,test_seen,224,val:2008_000700:part_84,2008_000700,person,eye,eye,0.0,0.0,0.0,0.0022123893722891808,0.95703125,1.0,3.516674041748047e-06
geometry_dropout,test_seen,225,val:2008_000700:part_85,2008_000700,person,torso,torso,0.3475567698478699,0.5158324837684631,0.18961788713932037,0.18046776950359344,1.0,1.0,0.96630859375
geometry_dropout,test_seen,226,val:2008_000700:part_86,2008_000700,person,neck,neck,0.42222222685813904,0.59375,0.0,0.04329961910843849,1.0,1.0,0.96630859375
geometry_dropout,test_seen,227,val:2008_000700:part_87,2008_000700,person,leg,leg,0.5952985882759094,0.7463161945343018,0.32782718539237976,0.29614412784576416,0.9990234375,1.0,9.5367431640625e-07
geometry_dropout,test_seen,228,val:2008_000700:part_88,2008_000700,person,foot,foot,0.4821428656578064,0.650602400302887,0.41532257199287415,0.05278129130601883,0.99462890625,1.0,2.384185791015625e-07
geometry_dropout,test_seen,229,val:2008_000700:part_89,2008_000700,person,nose,nose,0.1388888955116272,0.24390244483947754,0.009523809887468815,0.005689001176506281,0.026153564453125,0.994140625,0.0
geometry_dropout,test_seen,230,val:2008_000700:part_90,2008_000700,person,ear,ear,0.0,0.0,0.0,0.0028445005882531404,0.0006213188171386719,0.96728515625,0.0
geometry_dropout,test_seen,231,val:2008_000700:part_91,2008_000700,person,eyebrow,eyebrow,0.0,0.0,0.0,0.0006321112741716206,0.0008230209350585938,0.5947265625,0.0
geometry_dropout,test_seen,232,val:2008_000700:part_92,2008_000700,person,mouth,mouth,0.09836065769195557,0.17910447716712952,0.0,0.003792667528614402,1.0,1.0,0.48486328125
geometry_dropout,test_seen,233,val:2008_000700:part_93,2008_000700,person,hair,hair,0.3730407655239105,0.543379008769989,0.168789803981781,0.03919089585542679,1.0,1.0,0.927734375
geometry_dropout,test_seen,234,val:2008_000700:part_94,2008_000700,person,lower arm,lower arm,0.2565266788005829,0.40831074118614197,0.4959159791469574,0.07901390641927719,0.525390625,1.0,0.0
geometry_dropout,test_seen,235,val:2008_000700:part_95,2008_000700,person,upper arm,upper arm,0.3256756663322449,0.49133536219596863,0.3854166567325592,0.16498103737831116,0.06964111328125,0.99853515625,0.0
geometry_dropout,test_seen,236,val:2008_000700:part_96,2008_000700,person,hand,hand,0.2542372941970825,0.4054054021835327,0.7044335007667542,0.02939317375421524,0.99755859375,1.0,4.756450653076172e-05
geometry_dropout,test_seen,237,val:2008_000725:part_6,2008_000725,bicycle,wheel,wheel,0.31528663635253906,0.47941887378692627,0.5360824465751648,0.47584789991378784,0.99853515625,1.0,8.881092071533203e-06
geometry_dropout,test_seen,238,val:2008_000725:part_7,2008_000725,bicycle,saddle,saddle,0.0,0.0,0.0,0.08530318737030029,1.0,1.0,0.1939697265625
geometry_dropout,test_seen,239,val:2008_000725:part_8,2008_000725,bicycle,handlebar,handlebar,0.1875,0.31578946113586426,0.5027933120727539,0.10071942210197449,0.99951171875,1.0,0.076416015625
geometry_dropout,test_seen,240,val:2008_000725:part_9,2008_000725,bicycle,chainwheel,chainwheel,0.0,0.0,0.640625,0.010277491994202137,0.8896484375,1.0,5.960464477539063e-08
geometry_dropout,test_seen,241,val:2008_000731:part_83,2008_000731,person,head,head,0.7115384340286255,0.8314606547355652,0.10783553123474121,0.17196398973464966,1.0,1.0,0.95556640625
geometry_dropout,test_seen,242,val:2008_000731:part_84,2008_000731,person,eye,eye,0.1180555522441864,0.21118012070655823,0.0,0.005695388652384281,0.95703125,1.0,3.516674041748047e-06
geometry_dropout,test_seen,243,val:2008_000731:part_85,2008_000731,person,torso,torso,0.742828905582428,0.8524404168128967,0.13144059479236603,0.1489987075328827,1.0,1.0,0.96630859375
geometry_dropout,test_seen,244,val:2008_000731:part_87,2008_000731,person,leg,leg,0.4771192669868469,0.6460132002830505,0.294758677482605,0.3771817088127136,0.9990234375,1.0,9.5367431640625e-07
geometry_dropout,test_seen,245,val:2008_000731:part_88,2008_000731,person,foot,foot,0.6741673946380615,0.8053763508796692,0.1697341501712799,0.1620429903268814,0.99462890625,1.0,2.384185791015625e-07
geometry_dropout,test_seen,246,val:2008_000731:part_89,2008_000731,person,nose,nose,0.18431372940540314,0.3112582862377167,0.0,0.008634943515062332,0.026153564453125,0.994140625,0.0
geometry_dropout,test_seen,247,val:2008_000731:part_90,2008_000731,person,ear,ear,0.0,0.0,0.2380952388048172,0.0007348888320848346,0.0006213188171386719,0.96728515625,0.0
geometry_dropout,test_seen,248,val:2008_000731:part_92,2008_000731,person,mouth,mouth,0.37948718667030334,0.5501858592033386,0.0,0.020393164828419685,1.0,1.0,0.48486328125
geometry_dropout,test_seen,249,val:2008_000731:part_94,2008_000731,person,lower arm,lower arm,0.012239902280271053,0.02418379671871662,0.4251968562602997,0.03527466580271721,0.525390625,1.0,0.0
geometry_dropout,test_seen,250,val:2008_000731:part_95,2008_000731,person,upper arm,upper arm,0.008421052247285843,0.016701461747288704,0.5563063025474548,0.0064302776008844376,0.06964111328125,0.99853515625,0.0
geometry_dropout,test_seen,251,val:2008_000731:part_96,2008_000731,person,hand,hand,0.42486339807510376,0.5963566899299622,0.43916085362434387,0.06026088446378708,0.99755859375,1.0,4.756450653076172e-05
geometry_dropout,test_seen,252,val:2008_000765:part_71,2008_000765,horse,head,head,0.5334206819534302,0.6957265138626099,0.0681520327925682,0.23808130621910095,1.0,1.0,0.95556640625
geometry_dropout,test_seen,253,val:2008_000765:part_72,2008_000765,horse,eye,eye,0.13461539149284363,0.23728813230991364,0.0,0.006434630136936903,0.95703125,1.0,3.516674041748047e-06
geometry_dropout,test_seen,254,val:2008_000765:part_73,2008_000765,horse,torso,torso,0.2109375,0.34838709235191345,0.09719370305538177,0.11670079082250595,1.0,1.0,0.96630859375
geometry_dropout,test_seen,255,val:2008_000765:part_74,2008_000765,horse,neck,neck,0.7170099020004272,0.8351843357086182,0.0910596027970314,0.3050599694252014,1.0,1.0,0.96630859375
geometry_dropout,test_seen,256,val:2008_000765:part_76,2008_000765,horse,ear,ear,0.477142870426178,0.646034836769104,0.42767295241355896,0.058204151690006256,0.0006213188171386719,0.96728515625,0.0
geometry_dropout,test_seen,257,val:2008_000765:part_77,2008_000765,horse,muzzle,muzzle,0.6778042912483215,0.807965874671936,0.2242225855588913,0.2594325840473175,0.982421875,1.0,3.4570693969726562e-06
geometry_dropout,test_seen,258,val:2008_000795:part_20,2008_000795,bottle,body,body,0.4651162922382355,0.6349206566810608,0.3684210479259491,0.9306930899620056,1.0,1.0,0.94677734375
geometry_dropout,test_seen,259,val:2008_000795:part_21,2008_000795,bottle,cap,cap,0.0,0.0,0.0,0.06930693238973618,1.0,1.0,0.453125
geometry_dropout,test_seen,260,val:2008_000853:part_42,2008_000853,cat,tail,tail,0.21568627655506134,0.35483869910240173,0.6811594367027283,0.09717314690351486,0.986328125,1.0,6.556510925292969e-07
geometry_dropout,test_seen,261,val:2008_000853:part_43,2008_000853,cat,head,head,0.13483145833015442,0.23762376606464386,0.12648221850395203,0.2667844593524933,1.0,1.0,0.95556640625
geometry_dropout,test_seen,262,val:2008_000853:part_45,2008_000853,cat,torso,torso,0.17073170840740204,0.2916666567325592,0.15805470943450928,0.351590096950531,1.0,1.0,0.96630859375
geometry_dropout,test_seen,263,val:2008_000853:part_46,2008_000853,cat,neck,neck,0.0,0.0,0.18721461296081543,0.02120141312479973,1.0,1.0,0.96630859375
geometry_dropout,test_seen,264,val:2008_000853:part_47,2008_000853,cat,leg,leg,0.05295950174331665,0.10059171915054321,0.37454545497894287,0.11130741983652115,0.9990234375,1.0,9.5367431640625e-07
geometry_dropout,test_seen,265,val:2008_000853:part_48,2008_000853,cat,nose,nose,0.0,0.0,0.0,0.0035335689317435026,0.026153564453125,0.994140625,0.0
geometry_dropout,test_seen,266,val:2008_000853:part_49,2008_000853,cat,paw,paw,0.06692913174629211,0.12546125054359436,0.45258620381355286,0.06890459358692169,0.99072265625,1.0,2.384185791015625e-07
geometry_dropout,test_seen,267,val:2008_000853:part_50,2008_000853,cat,ear,ear,0.0,0.0,0.027027027681469917,0.0795053020119667,0.0006213188171386719,0.96728515625,0.0
geometry_dropout,test_seen,268,val:2008_000911:part_20,2008_000911,bottle,body,body,0.7024818658828735,0.8252444267272949,0.2899515628814697,0.9642708897590637,1.0,1.0,0.94677734375
geometry_dropout,test_seen,269,val:2008_000911:part_21,2008_000911,bottle,cap,cap,0.19750000536441803,0.3298538625240326,0.7786259651184082,0.03572912514209747,1.0,1.0,0.453125
geometry_dropout,test_seen,270,val:2008_000919:part_51,2008_000919,cow,tail,tail,0.27736008167266846,0.4342707693576813,0.2745762765407562,0.022519035264849663,0.986328125,1.0,6.556510925292969e-07
geometry_dropout,test_seen,271,val:2008_000919:part_54,2008_000919,cow,torso,torso,0.8915755748748779,0.9426803588867188,0.04114990308880806,0.8413988947868347,1.0,1.0,0.96630859375
geometry_dropout,test_seen,272,val:2008_000919:part_56,2008_000919,cow,leg,leg,0.4362475275993347,0.607482373714447,0.0663129985332489,0.12891985476016998,0.9990234375,1.0,9.5367431640625e-07
geometry_dropout,test_seen,273,val:2008_000992:part_83,2008_000992,person,head,head,0.5963499546051025,0.7471418976783752,0.05972602590918541,0.11922797560691833,1.0,1.0,0.95556640625
geometry_dropout,test_seen,274,val:2008_000992:part_84,2008_000992,person,eye,eye,0.42487046122550964,0.5963636636734009,0.0,0.008716405369341373,0.95703125,1.0,3.516674041748047e-06
geometry_dropout,test_seen,275,val:2008_000992:part_85,2008_000992,person,torso,torso,0.5286847352981567,0.6916857957839966,0.1321382373571396,0.2984331250190735,1.0,1.0,0.96630859375
geometry_dropout,test_seen,276,val:2008_000992:part_86,2008_000992,person,neck,neck,0.2521008551120758,0.4026845693588257,0.0,0.0071599045768380165,1.0,1.0,0.96630859375
geometry_dropout,test_seen,277,val:2008_000992:part_89,2008_000992,person,nose,nose,0.44324323534965515,0.6142321825027466,0.0,0.009442772716283798,0.026153564453125,0.994140625,0.0
geometry_dropout,test_seen,278,val:2008_000992:part_90,2008_000992,person,ear,ear,0.16374269127845764,0.28140702843666077,0.7666666507720947,0.008197572082281113,0.0006213188171386719,0.96728515625,0.0
geometry_dropout,test_seen,279,val:2008_000992:part_91,2008_000992,person,eyebrow,eyebrow,0.16532258689403534,0.28373703360557556,0.0,0.005395870190113783,0.0008230209350585938,0.5947265625,0.0
geometry_dropout,test_seen,280,val:2008_000992:part_92,2008_000992,person,mouth,mouth,0.26153847575187683,0.4146341383457184,0.0,0.007056138012558222,1.0,1.0,0.48486328125
geometry_dropout,test_seen,281,val:2008_000992:part_93,2008_000992,person,hair,hair,0.6590257883071899,0.7944732308387756,0.21924197673797607,0.12244474142789841,1.0,1.0,0.927734375
geometry_dropout,test_seen,282,val:2008_000992:part_94,2008_000992,person,lower arm,lower arm,0.5803981423377991,0.7344961166381836,0.1098288893699646,0.16758327186107635,0.525390625,1.0,0.0
geometry_dropout,test_seen,283,val:2008_000992:part_95,2008_000992,person,upper arm,upper arm,0.5783752799034119,0.7328742146492004,0.19916518032550812,0.1122756078839302,0.06964111328125,0.99853515625,0.0
geometry_dropout,test_seen,284,val:2008_000992:part_96,2008_000992,person,hand,hand,0.5885012745857239,0.7409515976905823,0.0,0.12669917941093445,0.99755859375,1.0,4.756450653076172e-05
geometry_dropout,test_seen,285,val:2008_001013:part_83,2008_001013,person,head,head,0.21052631735801697,0.3478260934352875,0.5089285969734192,0.029988465830683708,1.0,1.0,0.95556640625
geometry_dropout,test_seen,286,val:2008_001013:part_84,2008_001013,person,eye,eye,0.0,0.0,0.0,0.0011534024961292744,0.95703125,1.0,3.516674041748047e-06
geometry_dropout,test_seen,287,val:2008_001013:part_85,2008_001013,person,torso,torso,0.29880478978157043,0.4601227045059204,0.1818181872367859,0.32064589858055115,1.0,1.0,0.96630859375
geometry_dropout,test_seen,288,val:2008_001013:part_87,2008_001013,person,leg,leg,0.2604166567325592,0.41322314739227295,0.5750707983970642,0.15109573304653168,0.9990234375,1.0,9.5367431640625e-07
geometry_dropout,test_seen,289,val:2008_001013:part_90,2008_001013,person,ear,ear,0.0,0.0,0.0,0.0069204154424369335,0.0006213188171386719,0.96728515625,0.0
geometry_dropout,test_seen,290,val:2008_001013:part_93,2008_001013,person,hair,hair,0.06402438879013062,0.12034384161233902,0.5945122241973877,0.024221453815698624,1.0,1.0,0.927734375
geometry_dropout,test_seen,291,val:2008_001013:part_94,2008_001013,person,lower arm,lower arm,0.0,0.0,0.0,0.03690887987613678,0.525390625,1.0,0.0
geometry_dropout,test_seen,292,val:2008_001013:part_95,2008_001013,person,upper arm,upper arm,0.4000000059604645,0.5714285969734192,0.36627906560897827,0.1407151073217392,0.06964111328125,0.99853515625,0.0
geometry_dropout,test_seen,293,val:2008_001013:part_96,2008_001013,person,hand,hand,0.0,0.0,0.0,0.0219146478921175,0.99755859375,1.0,4.756450653076172e-05
geometry_dropout,test_seen,294,val:2008_001028:part_83,2008_001028,person,head,head,0.329341322183609,0.4954954981803894,0.020202020183205605,0.0743202418088913,1.0,1.0,0.95556640625
geometry_dropout,test_seen,295,val:2008_001028:part_84,2008_001028,person,eye,eye,0.0,0.0,0.0,0.002416918519884348,0.95703125,1.0,3.516674041748047e-06
geometry_dropout,test_seen,296,val:2008_001028:part_85,2008_001028,person,torso,torso,0.6744487881660461,0.8055770993232727,0.0,0.3287009000778198,1.0,1.0,0.96630859375
geometry_dropout,test_seen,297,val:2008_001028:part_86,2008_001028,person,neck,neck,0.24528302252292633,0.39393940567970276,0.0,0.016314199194312096,1.0,1.0,0.96630859375
geometry_dropout,test_seen,298,val:2008_001028:part_87,2008_001028,person,leg,leg,0.6800000071525574,0.8095238208770752,0.10810811072587967,0.2797583043575287,0.9990234375,1.0,9.5367431640625e-07
geometry_dropout,test_seen,299,val:2008_001028:part_88,2008_001028,person,foot,foot,0.5263158082962036,0.6896551847457886,0.3484848439693451,0.07311177998781204,0.99462890625,1.0,2.384185791015625e-07
geometry_dropout,test_seen,300,val:2008_001028:part_89,2008_001028,person,nose,nose,0.19230769574642181,0.32258063554763794,0.0,0.0036253775469958782,0.026153564453125,0.994140625,0.0
geometry_dropout,test_seen,301,val:2008_001028:part_92,2008_001028,person,mouth,mouth,0.0,0.0,0.0,0.002416918519884348,1.0,1.0,0.48486328125
geometry_dropout,test_seen,302,val:2008_001028:part_93,2008_001028,person,hair,hair,0.09883721172809601,0.17989417910575867,0.18292683362960815,0.015105740167200565,1.0,1.0,0.927734375
geometry_dropout,test_seen,303,val:2008_001028:part_94,2008_001028,person,lower arm,lower arm,0.10098522156476974,0.18344518542289734,0.0,0.06465256959199905,0.525390625,1.0,0.0
geometry_dropout,test_seen,304,val:2008_001028:part_95,2008_001028,person,upper arm,upper arm,0.26101142168045044,0.41397154331207275,0.11917098611593246,0.11722054332494736,0.06964111328125,0.99853515625,0.0
geometry_dropout,test_seen,305,val:2008_001028:part_96,2008_001028,person,hand,hand,0.00699300691485405,0.013888888992369175,0.0,0.010876133106648922,0.99755859375,1.0,4.756450653076172e-05
geometry_dropout,test_seen,306,val:2008_001074:part_83,2008_001074,person,head,head,0.49898579716682434,0.665764570236206,0.06294415891170502,0.052738554775714874,1.0,1.0,0.95556640625
geometry_dropout,test_seen,307,val:2008_001074:part_84,2008_001074,person,eye,eye,0.015384615398943424,0.03030303120613098,0.06779661029577255,0.0007488232804462314,0.95703125,1.0,3.516674041748047e-06
geometry_dropout,test_seen,308,val:2008_001074:part_85,2008_001074,person,torso,torso,0.6639159917831421,0.7980162501335144,0.09704574197530746,0.5128369927406311,1.0,1.0,0.96630859375
geometry_dropout,test_seen,309,val:2008_001074:part_86,2008_001074,person,neck,neck,0.41333332657814026,0.5849056839942932,0.0,0.013585793785750866,1.0,1.0,0.96630859375
geometry_dropout,test_seen,310,val:2008_001074:part_87,2008_001074,person,leg,leg,0.15007849037647247,0.2609882652759552,0.1598116159439087,0.051133930683135986,0.9990234375,1.0,9.5367431640625e-07
geometry_dropout,test_seen,311,val:2008_001074:part_89,2008_001074,person,nose,nose,0.2641509473323822,0.41791045665740967,0.03921568766236305,0.0017115960363298655,0.026153564453125,0.994140625,0.0
geometry_dropout,test_seen,312,val:2008_001074:part_90,2008_001074,person,ear,ear,0.10596026480197906,0.19161677360534668,0.0,0.003958065994083881,0.0006213188171386719,0.96728515625,0.0
geometry_dropout,test_seen,313,val:2008_001074:part_91,2008_001074,person,eyebrow,eyebrow,0.0,0.0,0.0,0.0005348737468011677,0.0008230209350585938,0.5947265625,0.0
geometry_dropout,test_seen,314,val:2008_001074:part_92,2008_001074,person,mouth,mouth,0.0,0.0,0.0,0.0010697474936023355,1.0,1.0,0.48486328125
geometry_dropout,test_seen,315,val:2008_001074:part_93,2008_001074,person,hair,hair,0.7016021609306335,0.8246371150016785,0.1484745740890503,0.11489088833332062,1.0,1.0,0.927734375
geometry_dropout,test_seen,316,val:2008_001074:part_94,2008_001074,person,lower arm,lower arm,0.5907553434371948,0.7427356243133545,0.144343301653862,0.06867779046297073,0.525390625,1.0,0.0
geometry_dropout,test_seen,317,val:2008_001074:part_95,2008_001074,person,upper arm,upper arm,0.6683971285820007,0.8012446761131287,0.17079704999923706,0.11531878262758255,0.06964111328125,0.99853515625,0.0
geometry_dropout,test_seen,318,val:2008_001074:part_96,2008_001074,person,hand,hand,0.48627451062202454,0.6543535590171814,0.2765217423439026,0.060119811445474625,0.99755859375,1.0,4.756450653076172e-05
geometry_dropout,test_seen,319,val:2008_001076:part_83,2008_001076,person,head,head,0.5,0.6666666865348816,0.016025641933083534,0.1024237722158432,1.0,1.0,0.95556640625
geometry_dropout,test_seen,320,val:2008_001076:part_84,2008_001076,person,eye,eye,0.014705882407724857,0.028985507786273956,0.0,0.004169924650341272,0.95703125,1.0,3.516674041748047e-06
geometry_dropout,test_seen,321,val:2008_001076:part_85,2008_001076,person,torso,torso,0.6508244276046753,0.7884841561317444,0.1739552915096283,0.35079488158226013,1.0,1.0,0.96630859375
geometry_dropout,test_seen,322,val:2008_001076:part_86,2008_001076,person,neck,neck,0.3854166567325592,0.5563910007476807,0.0,0.011727912351489067,1.0,1.0,0.96630859375
geometry_dropout,test_seen,323,val:2008_001076:part_89,2008_001076,person,nose,nose,0.4000000059604645,0.5714285969734192,0.0,0.005473025608807802,0.026153564453125,0.994140625,0.0
geometry_dropout,test_seen,324,val:2008_001076:part_91,2008_001076,person,eyebrow,eyebrow,0.0,0.0,0.0,0.0023455824702978134,0.0008230209350585938,0.5947265625,0.0
geometry_dropout,test_seen,325,val:2008_001076:part_92,2008_001076,person,mouth,mouth,0.1388888955116272,0.24390244483947754,0.0,0.006776127032935619,1.0,1.0,0.48486328125
geometry_dropout,test_seen,326,val:2008_001076:part_93,2008_001076,person,hair,hair,0.3509485125541687,0.5195586681365967,0.2081967145204544,0.10086004436016083,1.0,1.0,0.927734375
geometry_dropout,test_seen,327,val:2008_001076:part_94,2008_001076,person,lower arm,lower arm,0.17941953241825104,0.304250568151474,0.22641509771347046,0.061245765537023544,0.525390625,1.0,0.0
geometry_dropout,test_seen,328,val:2008_001076:part_95,2008_001076,person,upper arm,upper arm,0.3075861930847168,0.47046414017677307,0.038532111793756485,0.10502997040748596,0.06964111328125,0.99853515625,0.0
geometry_dropout,test_seen,329,val:2008_001076:part_96,2008_001076,person,hand,hand,0.17898832261562347,0.30363035202026367,0.5911111235618591,0.020328382030129433,0.99755859375,1.0,4.756450653076172e-05
geometry_dropout,test_seen,330,val:2008_001078:part_42,2008_001078,cat,tail,tail,0.25999999046325684,0.4126984179019928,0.695652186870575,0.017611447721719742,0.986328125,1.0,6.556510925292969e-07
geometry_dropout,test_seen,331,val:2008_001078:part_43,2008_001078,cat,head,head,0.6436285376548767,0.7831799983978271,0.11037036776542664,0.1711612492799759,1.0,1.0,0.95556640625
geometry_dropout,test_seen,332,val:2008_001078:part_44,2008_001078,cat,eye,eye,0.09302325546741486,0.1702127605676651,0.0,0.008438818156719208,0.95703125,1.0,3.516674041748047e-06
geometry_dropout,test_seen,333,val:2008_001078:part_45,2008_001078,cat,torso,torso,0.6471449732780457,0.7857778072357178,0.19111484289169312,0.5692533254623413,1.0,1.0,0.96630859375
geometry_dropout,test_seen,334,val:2008_001078:part_46,2008_001078,cat,neck,neck,0.11917098611593246,0.21296297013759613,0.0,0.011190607212483883,1.0,1.0,0.96630859375
geometry_dropout,test_seen,335,val:2008_001078:part_47,2008_001078,cat,leg,leg,0.40999463200569153,0.5815548896789551,0.258611261844635,0.14584480226039886,0.9990234375,1.0,9.5367431640625e-07
geometry_dropout,test_seen,336,val:2008_001078:part_48,2008_001078,cat,nose,nose,0.0,0.0,0.0,0.0025683359708637,0.026153564453125,0.994140625,0.0
geometry_dropout,test_seen,337,val:2008_001078:part_49,2008_001078,cat,paw,paw,0.15555556118488312,0.26923078298568726,0.6835106611251831,0.016877636313438416,0.99072265625,1.0,2.384185791015625e-07
geometry_dropout,test_seen,338,val:2008_001078:part_50,2008_001078,cat,ear,ear,0.31578946113586426,0.47999998927116394,0.13996316492557526,0.04256099835038185,0.0006213188171386719,0.96728515625,0.0
geometry_dropout,test_seen,339,val:2008_001170:part_83,2008_001170,person,head,head,0.5663390755653381,0.7231372594833374,0.1146496832370758,0.10395244508981705,1.0,1.0,0.95556640625
geometry_dropout,test_seen,340,val:2008_001170:part_84,2008_001170,person,eye,eye,0.12857143580913544,0.2278480976819992,0.0,0.002731362357735634,0.95703125,1.0,3.516674041748047e-06
geometry_dropout,test_seen,341,val:2008_001170:part_85,2008_001170,person,torso,torso,0.5586533546447754,0.7168410420417786,0.09736841917037964,0.34158098697662354,1.0,1.0,0.96630859375
geometry_dropout,test_seen,342,val:2008_001170:part_86,2008_001170,person,neck,neck,0.2921052575111389,0.4521384835243225,0.05714285746216774,0.02265424095094204,1.0,1.0,0.96630859375
geometry_dropout,test_seen,343,val:2008_001170:part_87,2008_001170,person,leg,leg,0.47749197483062744,0.6463547348976135,0.13528138399124146,0.14604756236076355,0.9990234375,1.0,9.5367431640625e-07
geometry_dropout,test_seen,344,val:2008_001170:part_89,2008_001170,person,nose,nose,0.3333333432674408,0.5,0.0,0.00578406173735857,0.026153564453125,0.994140625,0.0
geometry_dropout,test_seen,345,val:2008_001170:part_91,2008_001170,person,eyebrow,eyebrow,0.0,0.0,0.0,0.0024100258015096188,0.0008230209350585938,0.5947265625,0.0
geometry_dropout,test_seen,346,val:2008_001170:part_92,2008_001170,person,mouth,mouth,0.0,0.0,0.0,0.004338046070188284,1.0,1.0,0.48486328125
geometry_dropout,test_seen,347,val:2008_001170:part_94,2008_001170,person,lower arm,lower arm,0.5229268074035645,0.6867392659187317,0.06463414430618286,0.11905527114868164,0.525390625,1.0,0.0
geometry_dropout,test_seen,348,val:2008_001170:part_95,2008_001170,person,upper arm,upper arm,0.6246312856674194,0.768951416015625,0.14371258020401,0.16613110899925232,0.06964111328125,0.99853515625,0.0
geometry_dropout,test_seen,349,val:2008_001170:part_96,2008_001170,person,hand,hand,0.2335958033800125,0.3787234127521515,0.07744874805212021,0.08049485832452774,0.99755859375,1.0,4.756450653076172e-05
geometry_dropout,test_seen,350,val:2008_001231:part_83,2008_001231,person,head,head,0.0,0.0,0.8055555820465088,0.003722084453329444,1.0,1.0,0.95556640625
geometry_dropout,test_seen,351,val:2008_001231:part_85,2008_001231,person,torso,torso,0.6505101919174194,0.7882534861564636,0.05904059112071991,0.46650123596191406,1.0,1.0,0.96630859375
geometry_dropout,test_seen,352,val:2008_001231:part_86,2008_001231,person,neck,neck,0.0,0.0,0.0,0.012406948022544384,1.0,1.0,0.96630859375
geometry_dropout,test_seen,353,val:2008_001231:part_87,2008_001231,person,leg,leg,0.4552057981491089,0.6256239414215088,0.33141210675239563,0.31513646245002747,0.9990234375,1.0,9.5367431640625e-07
geometry_dropout,test_seen,354,val:2008_001231:part_88,2008_001231,person,foot,foot,0.0,0.0,1.0,0.0459057055413723,0.99462890625,1.0,2.384185791015625e-07
geometry_dropout,test_seen,355,val:2008_001231:part_93,2008_001231,person,hair,hair,0.03125,0.06060606241226196,0.936170220375061,0.06451612710952759,1.0,1.0,0.927734375
geometry_dropout,test_seen,356,val:2008_001231:part_94,2008_001231,person,lower arm,lower arm,0.08666666597127914,0.15950919687747955,0.8333333134651184,0.016129031777381897,0.525390625,1.0,0.0
geometry_dropout,test_seen,357,val:2008_001231:part_95,2008_001231,person,upper arm,upper arm,0.22826087474822998,0.37168142199516296,0.6502732038497925,0.053349874913692474,0.06964111328125,0.99853515625,0.0
geometry_dropout,test_seen,358,val:2008_001231:part_96,2008_001231,person,hand,hand,0.03311258181929588,0.06410256773233414,0.9337748289108276,0.006203474011272192,0.99755859375,1.0,4.756450653076172e-05
geometry_dropout,test_seen,359,val:2008_001249:part_83,2008_001249,person,head,head,0.5724637508392334,0.7281106114387512,0.2028985470533371,0.06101956591010094,1.0,1.0,0.95556640625
geometry_dropout,test_seen,360,val:2008_001249:part_84,2008_001249,person,eye,eye,0.0,0.0,0.0,0.0006436663097701967,0.95703125,1.0,3.516674041748047e-06
geometry_dropout,test_seen,361,val:2008_001249:part_85,2008_001249,person,torso,torso,0.7894431352615356,0.8823338747024536,0.025321543216705322,0.5508496165275574,1.0,1.0,0.96630859375
geometry_dropout,test_seen,362,val:2008_001249:part_87,2008_001249,person,leg,leg,0.33804476261138916,0.5052816867828369,0.11189635097980499,0.07389289140701294,0.9990234375,1.0,9.5367431640625e-07
geometry_dropout,test_seen,363,val:2008_001249:part_89,2008_001249,person,nose,nose,0.2380952388048172,0.38461539149284363,0.0,0.00347579806111753,0.026153564453125,0.994140625,0.0
geometry_dropout,test_seen,364,val:2008_001249:part_90,2008_001249,person,ear,ear,0.0,0.0,1.0,0.0010298661654815078,0.0006213188171386719,0.96728515625,0.0
geometry_dropout,test_seen,365,val:2008_001249:part_92,2008_001249,person,mouth,mouth,0.09433962404727936,0.17241379618644714,0.0,0.004119464661926031,1.0,1.0,0.48486328125
geometry_dropout,test_seen,366,val:2008_001249:part_93,2008_001249,person,hair,hair,0.0,0.0,1.0,0.00012873327068518847,1.0,1.0,0.927734375
geometry_dropout,test_seen,367,val:2008_001249:part_94,2008_001249,person,lower arm,lower arm,0.6439306139945984,0.7834036350250244,0.12652067840099335,0.07723996043205261,0.525390625,1.0,0.0
geometry_dropout,test_seen,368,val:2008_001249:part_95,2008_001249,person,upper arm,upper arm,0.6484962701797485,0.7867730855941772,0.15671642124652863,0.14894439280033112,0.06964111328125,0.99853515625,0.0
geometry_dropout,test_seen,369,val:2008_001249:part_96,2008_001249,person,hand,hand,0.5615650415420532,0.7192336320877075,0.22262774407863617,0.06887229532003403,0.99755859375,1.0,4.756450653076172e-05
geometry_dropout,test_seen,370,val:2008_001283:part_97,2008_001283,pottedplant,pot,pot,0.6185818910598755,0.7643504738807678,0.1876876950263977,0.4464043378829956,0.99755859375,1.0,4.76837158203125e-06
geometry_dropout,test_seen,371,val:2008_001283:part_98,2008_001283,pottedplant,plant,plant,0.027744270861148834,0.05399060994386673,0.5490196347236633,0.5434192419052124,1.0,1.0,0.6298828125
geometry_dropout,test_seen,372,val:2008_001308:part_83,2008_001308,person,head,head,0.0,0.0,0.0,0.025201380252838135,1.0,1.0,0.95556640625
geometry_dropout,test_seen,373,val:2008_001308:part_84,2008_001308,person,eye,eye,0.0,0.0,0.0,0.000690448796376586,0.95703125,1.0,3.516674041748047e-06
geometry_dropout,test_seen,374,val:2008_001308:part_85,2008_001308,person,torso,torso,0.7425880432128906,0.8522818088531494,0.033797215670347214,0.28550058603286743,1.0,1.0,0.96630859375
geometry_dropout,test_seen,375,val:2008_001308:part_87,2008_001308,person,leg,leg,0.668124258518219,0.8010485768318176,0.14734821021556854,0.3545454442501068,0.9990234375,1.0,9.5367431640625e-07
geometry_dropout,test_seen,376,val:2008_001308:part_89,2008_001308,person,nose,nose,0.0,0.0,0.0,0.004142692778259516,0.026153564453125,0.994140625,0.0
geometry_dropout,test_seen,377,val:2008_001308:part_90,2008_001308,person,ear,ear,0.0,0.0,0.0,0.0016110471915453672,0.0006213188171386719,0.96728515625,0.0
geometry_dropout,test_seen,378,val:2008_001308:part_91,2008_001308,person,eyebrow,eyebrow,0.0,0.0,0.0,0.0008055235957726836,0.0008230209350585938,0.5947265625,0.0
geometry_dropout,test_seen,379,val:2008_001308:part_92,2008_001308,person,mouth,mouth,0.0,0.0,0.0,0.003912542946636677,1.0,1.0,0.48486328125
geometry_dropout,test_seen,380,val:2008_001308:part_93,2008_001308,person,hair,hair,0.0,0.0,0.0,0.007479861844331026,1.0,1.0,0.927734375
geometry_dropout,test_seen,381,val:2008_001308:part_94,2008_001308,person,lower arm,lower arm,0.377217173576355,0.5477962493896484,0.15070421993732452,0.15696202218532562,0.525390625,1.0,0.0
geometry_dropout,test_seen,382,val:2008_001308:part_95,2008_001308,person,upper arm,upper arm,0.3466871976852417,0.5148741602897644,0.010452961549162865,0.13509781658649445,0.06964111328125,0.99853515625,0.0
geometry_dropout,test_seen,383,val:2008_001308:part_96,2008_001308,person,hand,hand,0.15576694905757904,0.26954731345176697,0.2225031554698944,0.02082853764295578,0.99755859375,1.0,4.756450653076172e-05
geometry_dropout,test_seen,384,val:2008_001404:part_83,2008_001404,person,head,head,0.7647637724876404,0.8667038679122925,0.07938144356012344,0.1900692880153656,1.0,1.0,0.95556640625
geometry_dropout,test_seen,385,val:2008_001404:part_84,2008_001404,person,eye,eye,0.0,0.0,0.0,0.0027713626623153687,0.95703125,1.0,3.516674041748047e-06
geometry_dropout,test_seen,386,val:2008_001404:part_85,2008_001404,person,torso,torso,0.5152158737182617,0.6800560355186462,0.047581903636455536,0.1983833760023117,1.0,1.0,0.96630859375
geometry_dropout,test_seen,387,val:2008_001404:part_87,2008_001404,person,leg,leg,0.24626006186008453,0.3951985239982605,0.17594432830810547,0.2678983807563782,0.9990234375,1.0,9.5367431640625e-07
geometry_dropout,test_seen,388,val:2008_001404:part_88,2008_001404,person,foot,foot,0.07076922804117203,0.13218390941619873,0.47826087474823,0.06974595785140991,0.99462890625,1.0,2.384185791015625e-07
geometry_dropout,test_seen,389,val:2008_001404:part_89,2008_001404,person,nose,nose,0.16883116960525513,0.2888889014720917,0.0,0.006928406655788422,0.026153564453125,0.994140625,0.0
geometry_dropout,test_seen,390,val:2008_001404:part_91,2008_001404,person,eyebrow,eyebrow,0.0,0.0,0.0,0.005542725324630737,0.0008230209350585938,0.5947265625,0.0
geometry_dropout,test_seen,391,val:2008_001404:part_92,2008_001404,person,mouth,mouth,0.050632912665605545,0.09638553857803345,0.0,0.0062355659902095795,1.0,1.0,0.48486328125
geometry_dropout,test_seen,392,val:2008_001404:part_94,2008_001404,person,lower arm,lower arm,0.04196519777178764,0.08055009692907333,0.2006543129682541,0.023325635120272636,0.525390625,1.0,0.0
geometry_dropout,test_seen,393,val:2008_001404:part_95,2008_001404,person,upper arm,upper arm,0.5033222436904907,0.669613242149353,0.1558164358139038,0.20161662995815277,0.06964111328125,0.99853515625,0.0
geometry_dropout,test_seen,394,val:2008_001404:part_96,2008_001404,person,hand,hand,0.09574468433856964,0.17475728690624237,0.35478806495666504,0.01939953863620758,0.99755859375,1.0,4.756450653076172e-05
geometry_dropout,test_seen,395,val:2008_001433:part_43,2008_001433,cat,head,head,0.6540040969848633,0.790813148021698,0.0711311623454094,0.19316831231117249,1.0,1.0,0.95556640625
geometry_dropout,test_seen,396,val:2008_001433:part_44,2008_001433,cat,eye,eye,0.2809523940086365,0.43866172432899475,0.0,0.00900990143418312,0.95703125,1.0,3.516674041748047e-06
geometry_dropout,test_seen,397,val:2008_001433:part_45,2008_001433,cat,torso,torso,0.8027880787849426,0.8906072378158569,0.057116106152534485,0.6554455161094666,1.0,1.0,0.96630859375
geometry_dropout,test_seen,398,val:2008_001433:part_47,2008_001433,cat,leg,leg,0.45497629046440125,0.6254071593284607,0.2298739105463028,0.04990098997950554,0.9990234375,1.0,9.5367431640625e-07
geometry_dropout,test_seen,399,val:2008_001433:part_48,2008_001433,cat,nose,nose,0.06060606241226196,0.11428571492433548,0.0,0.002772277221083641,0.026153564453125,0.994140625,0.0
geometry_dropout,test_seen,400,val:2008_001433:part_49,2008_001433,cat,paw,paw,0.4292452931404114,0.6006600856781006,0.28804346919059753,0.011782178655266762,0.99072265625,1.0,2.384185791015625e-07
geometry_dropout,test_seen,401,val:2008_001433:part_50,2008_001433,cat,ear,ear,0.4879377484321594,0.6558577418327332,0.19071729481220245,0.07198020070791245,0.0006213188171386719,0.96728515625,0.0
geometry_dropout,test_seen,402,val:2008_001491:part_83,2008_001491,person,head,head,0.2756410241127014,0.43216079473495483,0.007299270015209913,0.02570480853319168,1.0,1.0,0.95556640625
geometry_dropout,test_seen,403,val:2008_001491:part_84,2008_001491,person,eye,eye,0.0,0.0,0.0,0.003454947378486395,0.95703125,1.0,3.516674041748047e-06
geometry_dropout,test_seen,404,val:2008_001491:part_85,2008_001491,person,torso,torso,0.2715674340724945,0.427138090133667,0.26863572001457214,0.19098949432373047,1.0,1.0,0.96630859375
geometry_dropout,test_seen,405,val:2008_001491:part_87,2008_001491,person,leg,leg,0.14739178121089935,0.25691622495651245,0.12977957725524902,0.09991708397865295,0.9990234375,1.0,9.5367431640625e-07
geometry_dropout,test_seen,406,val:2008_001491:part_88,2008_001491,person,foot,foot,0.21549636125564575,0.35458168387413025,0.25196078419685364,0.06716418266296387,0.99462890625,1.0,2.384185791015625e-07
geometry_dropout,test_seen,407,val:2008_001491:part_89,2008_001491,person,nose,nose,0.2650602459907532,0.41904762387275696,0.0,0.005389717873185873,0.026153564453125,0.994140625,0.0
geometry_dropout,test_seen,408,val:2008_001491:part_90,2008_001491,person,ear,ear,0.0,0.0,0.0,0.00013819789455737919,0.0006213188171386719,0.96728515625,0.0
geometry_dropout,test_seen,409,val:2008_001491:part_91,2008_001491,person,eyebrow,eyebrow,0.0,0.0,0.0,0.0009673853055574,0.0008230209350585938,0.5947265625,0.0
geometry_dropout,test_seen,410,val:2008_001491:part_92,2008_001491,person,mouth,mouth,0.0,0.0,0.0,0.002902155974879861,1.0,1.0,0.48486328125
geometry_dropout,test_seen,411,val:2008_001491:part_93,2008_001491,person,hair,hair,0.7770034670829773,0.8745098114013672,0.08510638028383255,0.10751796513795853,1.0,1.0,0.927734375
geometry_dropout,test_seen,412,val:2008_001491:part_94,2008_001491,person,lower arm,lower arm,0.36640211939811707,0.5363020300865173,0.16335877776145935,0.05223880708217621,0.525390625,1.0,0.0
geometry_dropout,test_seen,413,val:2008_001491:part_95,2008_001491,person,upper arm,upper arm,0.5107758641242981,0.676176905632019,0.10489510744810104,0.07517965883016586,0.06964111328125,0.99853515625,0.0
geometry_dropout,test_seen,414,val:2008_001491:part_96,2008_001491,person,hand,hand,0.2454545497894287,0.39416059851646423,0.04748603329062462,0.026257600635290146,0.99755859375,1.0,4.756450653076172e-05
geometry_dropout,test_seen,415,val:2008_001504:part_83,2008_001504,person,head,head,0.4600355327129364,0.6301703453063965,0.23175182938575745,0.027088481932878494,1.0,1.0,0.95556640625
geometry_dropout,test_seen,416,val:2008_001504:part_84,2008_001504,person,eye,eye,0.08024691045284271,0.1485714316368103,0.21383647620677948,0.001581809250637889,0.95703125,1.0,3.516674041748047e-06
geometry_dropout,test_seen,417,val:2008_001504:part_85,2008_001504,person,torso,torso,0.7865465879440308,0.8805217742919922,0.07062993943691254,0.30439940094947815,1.0,1.0,0.96630859375
geometry_dropout,test_seen,418,val:2008_001504:part_86,2008_001504,person,neck,neck,0.605555534362793,0.754325270652771,0.03546099364757538,0.029263470321893692,1.0,1.0,0.96630859375
geometry_dropout,test_seen,419,val:2008_001504:part_87,2008_001504,person,leg,leg,0.7895824909210205,0.8824208974838257,0.08495648205280304,0.3788433074951172,0.9990234375,1.0,9.5367431640625e-07
geometry_dropout,test_seen,420,val:2008_001504:part_89,2008_001504,person,nose,nose,0.19526627659797668,0.32673266530036926,0.24260355532169342,0.0032624814193695784,0.026153564453125,0.994140625,0.0
geometry_dropout,test_seen,421,val:2008_001504:part_91,2008_001504,person,eyebrow,eyebrow,0.0,0.0,0.0,0.0003954523126594722,0.0008230209350585938,0.5947265625,0.0
geometry_dropout,test_seen,422,val:2008_001504:part_92,2008_001504,person,mouth,mouth,0.2199999988079071,0.3606557250022888,0.2929292917251587,0.0022738506086170673,1.0,1.0,0.48486328125
geometry_dropout,test_seen,423,val:2008_001504:part_93,2008_001504,person,hair,hair,0.5682302713394165,0.7246770858764648,0.1540154069662094,0.05556104704737663,1.0,1.0,0.927734375
geometry_dropout,test_seen,424,val:2008_001504:part_94,2008_001504,person,lower arm,lower arm,0.3283582031726837,0.49438202381134033,0.2963576018810272,0.047750864177942276,0.525390625,1.0,0.0
geometry_dropout,test_seen,425,val:2008_001504:part_95,2008_001504,person,upper arm,upper arm,0.5466893315315247,0.7069154977798462,0.1861734390258789,0.1071675717830658,0.06964111328125,0.99853515625,0.0
geometry_dropout,test_seen,426,val:2008_001504:part_96,2008_001504,person,hand,hand,0.6497175097465515,0.7876712083816528,0.21085594594478607,0.039248641580343246,0.99755859375,1.0,4.756450653076172e-05
geometry_dropout,test_seen,427,val:2008_001513:part_42,2008_001513,cat,tail,tail,0.443866491317749,0.6148303747177124,0.030235661193728447,0.212323397397995,0.986328125,1.0,6.556510925292969e-07
geometry_dropout,test_seen,428,val:2008_001513:part_43,2008_001513,cat,head,head,0.4534534513950348,0.6239669322967529,0.04945904016494751,0.06299058347940445,1.0,1.0,0.95556640625
geometry_dropout,test_seen,429,val:2008_001513:part_45,2008_001513,cat,torso,torso,0.6646706461906433,0.798561155796051,0.07251503318548203,0.42719781398773193,1.0,1.0,0.96630859375
geometry_dropout,test_seen,430,val:2008_001513:part_46,2008_001513,cat,neck,neck,0.22532188892364502,0.3677758276462555,0.004830917809158564,0.030808476731181145,1.0,1.0,0.96630859375
geometry_dropout,test_seen,431,val:2008_001513:part_47,2008_001513,cat,leg,leg,0.01766437664628029,0.034715525805950165,0.7464788556098938,0.1895604431629181,0.9990234375,1.0,9.5367431640625e-07
geometry_dropout,test_seen,432,val:2008_001513:part_49,2008_001513,cat,paw,paw,0.020710058510303497,0.04057971015572548,0.9396551847457886,0.04493720456957817,0.99072265625,1.0,2.384185791015625e-07
geometry_dropout,test_seen,433,val:2008_001513:part_50,2008_001513,cat,ear,ear,0.302325576543808,0.4642857015132904,0.5392156839370728,0.01295133400708437,0.0006213188171386719,0.96728515625,0.0
geometry_dropout,test_seen,434,val:2008_001531:part_83,2008_001531,person,head,head,0.591891884803772,0.7436332702636719,0.0,0.18042117357254028,1.0,1.0,0.95556640625
geometry_dropout,test_seen,435,val:2008_001531:part_85,2008_001531,person,torso,torso,0.36946702003479004,0.539577841758728,0.021253984421491623,0.16363118588924408,1.0,1.0,0.96630859375
geometry_dropout,test_seen,436,val:2008_001531:part_86,2008_001531,person,neck,neck,0.14499999582767487,0.2532750964164734,0.0,0.008252703584730625,1.0,1.0,0.96630859375
geometry_dropout,test_seen,437,val:2008_001531:part_87,2008_001531,person,leg,leg,0.45053955912590027,0.6212027072906494,0.2069486379623413,0.2706317603588104,0.9990234375,1.0,9.5367431640625e-07
geometry_dropout,test_seen,438,val:2008_001531:part_88,2008_001531,person,foot,foot,0.19471947848796844,0.32596686482429504,0.74349445104599,0.02646556682884693,0.99462890625,1.0,2.384185791015625e-07
geometry_dropout,test_seen,439,val:2008_001531:part_89,2008_001531,person,nose,nose,0.2978723347187042,0.4590163826942444,0.0,0.009675583802163601,0.026153564453125,0.994140625,0.0
geometry_dropout,test_seen,440,val:2008_001531:part_92,2008_001531,person,mouth,mouth,0.0,0.0,0.0,0.0008537279209122062,1.0,1.0,0.48486328125
geometry_dropout,test_seen,441,val:2008_001531:part_94,2008_001531,person,lower arm,lower arm,0.2963917553424835,0.4572564661502838,0.4326530694961548,0.07342060655355453,0.525390625,1.0,0.0
geometry_dropout,test_seen,442,val:2008_001531:part_95,2008_001531,person,upper arm,upper arm,0.465160071849823,0.6349614262580872,0.2420634925365448,0.22766079008579254,0.06964111328125,0.99853515625,0.0
geometry_dropout,test_seen,443,val:2008_001531:part_96,2008_001531,person,hand,hand,0.23966942727565765,0.3866666555404663,0.6629213690757751,0.03471827134490013,0.99755859375,1.0,4.756450653076172e-05
geometry_dropout,test_seen,444,val:2008_001546:part_0,2008_001546,aeroplane,body,body,0.7419610023498535,0.8518686890602112,0.06095288693904877,0.536594569683075,1.0,1.0,0.94677734375
geometry_dropout,test_seen,445,val:2008_001546:part_1,2008_001546,aeroplane,stern,stern,0.738818347454071,0.8497936129570007,0.083960622549057,0.267544686794281,1.0,1.0,0.11859130859375
geometry_dropout,test_seen,446,val:2008_001546:part_2,2008_001546,aeroplane,wing,wing,0.38228699564933777,0.5531224608421326,0.0,0.06509877741336823,0.98779296875,1.0,1.3649463653564453e-05
geometry_dropout,test_seen,447,val:2008_001546:part_4,2008_001546,aeroplane,engine,engine,0.5506216883659363,0.7101947069168091,0.13533835113048553,0.06415804475545883,0.9951171875,1.0,2.300739288330078e-05
geometry_dropout,test_seen,448,val:2008_001546:part_5,2008_001546,aeroplane,wheel,wheel,0.29449838399887085,0.45500001311302185,0.5105485320091248,0.030667921528220177,0.99853515625,1.0,8.881092071533203e-06
geometry_dropout,test_seen,449,val:2008_001547:part_83,2008_001547,person,head,head,0.641791045665741,0.7818182110786438,0.130952388048172,0.06037251278758049,1.0,1.0,0.95556640625
geometry_dropout,test_seen,450,val:2008_001547:part_84,2008_001547,person,eye,eye,0.0,0.0,0.0,0.001605651923455298,0.95703125,1.0,3.516674041748047e-06
geometry_dropout,test_seen,451,val:2008_001547:part_85,2008_001547,person,torso,torso,0.34092825651168823,0.5084959268569946,0.04283054172992706,0.16538214683532715,1.0,1.0,0.96630859375
geometry_dropout,test_seen,452,val:2008_001547:part_86,2008_001547,person,neck,neck,0.12844036519527435,0.22764228284358978,0.0,0.005780346691608429,1.0,1.0,0.96630859375
geometry_dropout,test_seen,453,val:2008_001547:part_87,2008_001547,person,leg,leg,0.6327043771743774,0.7750385403633118,0.0788579210639,0.3612716794013977,0.9990234375,1.0,9.5367431640625e-07
geometry_dropout,test_seen,454,val:2008_001547:part_88,2008_001547,person,foot,foot,0.2991803288459778,0.460567831993103,0.6122881174087524,0.05202312022447586,0.99462890625,1.0,2.384185791015625e-07
geometry_dropout,test_seen,455,val:2008_001547:part_89,2008_001547,person,nose,nose,0.0,0.0,0.0,0.0019267823081463575,0.026153564453125,0.994140625,0.0
geometry_dropout,test_seen,456,val:2008_001547:part_90,2008_001547,person,ear,ear,0.0,0.0,0.0,0.0006422607693821192,0.0006213188171386719,0.96728515625,0.0
geometry_dropout,test_seen,457,val:2008_001547:part_91,2008_001547,person,eyebrow,eyebrow,0.0,0.0,0.0,0.0012845215387642384,0.0008230209350585938,0.5947265625,0.0
geometry_dropout,test_seen,458,val:2008_001547:part_92,2008_001547,person,mouth,mouth,0.0,0.0,0.0,0.0006422607693821192,1.0,1.0,0.48486328125
geometry_dropout,test_seen,459,val:2008_001547:part_93,2008_001547,person,hair,hair,0.24267782270908356,0.3905723989009857,0.22033898532390594,0.019588952884078026,1.0,1.0,0.927734375
geometry_dropout,test_seen,460,val:2008_001547:part_94,2008_001547,person,lower arm,lower arm,0.30558857321739197,0.4681238532066345,0.057500001043081284,0.09569685161113739,0.525390625,1.0,0.0
geometry_dropout,test_seen,461,val:2008_001547:part_95,2008_001547,person,upper arm,upper arm,0.4621710479259491,0.6321709752082825,0.18087318539619446,0.13102120161056519,0.06964111328125,0.99853515625,0.0
geometry_dropout,test_seen,462,val:2008_001547:part_96,2008_001547,person,hand,hand,0.12019230425357819,0.21459227800369263,0.0,0.05427103489637375,0.99755859375,1.0,4.756450653076172e-05
geometry_dropout,test_seen,463,val:2008_001629:part_83,2008_001629,person,head,head,0.0,0.0,0.15490375459194183,0.02155251055955887,1.0,1.0,0.95556640625
geometry_dropout,test_seen,464,val:2008_001629:part_84,2008_001629,person,eye,eye,0.0,0.0,0.0,0.0010045662056654692,0.95703125,1.0,3.516674041748047e-06
geometry_dropout,test_seen,465,val:2008_001629:part_89,2008_001629,person,nose,nose,0.0,0.0,0.5365853905677795,0.003105022944509983,0.026153564453125,0.994140625,0.0
geometry_dropout,test_seen,466,val:2008_001629:part_91,2008_001629,person,eyebrow,eyebrow,0.0,0.0,0.0,0.0018264839891344309,0.0008230209350585938,0.5947265625,0.0
geometry_dropout,test_seen,467,val:2008_001629:part_92,2008_001629,person,mouth,mouth,0.0,0.0,0.488095223903656,0.001095890416763723,1.0,1.0,0.48486328125
geometry_dropout,test_seen,468,val:2008_001629:part_93,2008_001629,person,hair,hair,0.0753583014011383,0.14015477895736694,0.1651993840932846,0.03607305884361267,1.0,1.0,0.927734375
geometry_dropout,test_seen,469,val:2008_001629:part_94,2008_001629,person,lower arm,lower arm,0.0,0.0,0.07841328531503677,0.019817352294921875,0.525390625,1.0,0.0
geometry_dropout,test_seen,470,val:2008_001629:part_96,2008_001629,person,hand,hand,0.2956298291683197,0.4563491940498352,0.45205479860305786,0.02602739818394184,0.99755859375,1.0,4.756450653076172e-05
geometry_dropout,test_seen,471,val:2008_001640:part_42,2008_001640,cat,tail,tail,0.48571428656578064,0.6538461446762085,0.47756409645080566,0.06565656512975693,0.986328125,1.0,6.556510925292969e-07
geometry_dropout,test_seen,472,val:2008_001640:part_43,2008_001640,cat,head,head,0.6391883492469788,0.7798839211463928,0.1631716936826706,0.19101731479167938,1.0,1.0,0.95556640625
geometry_dropout,test_seen,473,val:2008_001640:part_44,2008_001640,cat,eye,eye,0.2760181128978729,0.43262410163879395,0.004854368977248669,0.013708514161407948,0.95703125,1.0,3.516674041748047e-06
geometry_dropout,test_seen,474,val:2008_001640:part_45,2008_001640,cat,torso,torso,0.7765050530433655,0.8741940259933472,0.09517279267311096,0.5452741980552673,1.0,1.0,0.96630859375
geometry_dropout,test_seen,475,val:2008_001640:part_46,2008_001640,cat,neck,neck,0.45372459292411804,0.6242235898971558,0.0023923444095999002,0.040764790028333664,1.0,1.0,0.96630859375
geometry_dropout,test_seen,476,val:2008_001640:part_47,2008_001640,cat,leg,leg,0.11367673426866531,0.20414672791957855,0.06595365703105927,0.02380952425301075,0.9990234375,1.0,9.5367431640625e-07
geometry_dropout,test_seen,477,val:2008_001640:part_48,2008_001640,cat,nose,nose,0.21739129722118378,0.3571428656578064,0.0,0.0037878789007663727,0.026153564453125,0.994140625,0.0
geometry_dropout,test_seen,478,val:2008_001640:part_49,2008_001640,cat,paw,paw,0.28684210777282715,0.4458077847957611,0.4694960117340088,0.04040404036641121,0.99072265625,1.0,2.384185791015625e-07
geometry_dropout,test_seen,479,val:2008_001640:part_50,2008_001640,cat,ear,ear,0.5655853152275085,0.722522497177124,0.28223496675491333,0.07431457191705704,0.0006213188171386719,0.96728515625,0.0
geometry_dropout,test_seen,480,val:2008_001682:part_70,2008_001682,horse,tail,tail,0.23037974536418915,0.374485582113266,0.3726235628128052,0.10040522366762161,0.986328125,1.0,6.556510925292969e-07
geometry_dropout,test_seen,481,val:2008_001682:part_71,2008_001682,horse,head,head,0.5,0.6666666865348816,0.17499999701976776,0.03962179273366928,1.0,1.0,0.95556640625
geometry_dropout,test_seen,482,val:2008_001682:part_72,2008_001682,horse,eye,eye,0.0,0.0,0.0,0.000450247636763379,0.95703125,1.0,3.516674041748047e-06
geometry_dropout,test_seen,483,val:2008_001682:part_73,2008_001682,horse,torso,torso,0.6598173379898071,0.7950481176376343,0.11907582730054855,0.5493021011352539,1.0,1.0,0.96630859375
geometry_dropout,test_seen,484,val:2008_001682:part_74,2008_001682,horse,neck,neck,0.6133333444595337,0.7603305578231812,0.0,0.08734804391860962,1.0,1.0,0.96630859375
geometry_dropout,test_seen,485,val:2008_001682:part_75,2008_001682,horse,leg,leg,0.37099024653434753,0.5412003993988037,0.44745221734046936,0.15983791649341583,0.9990234375,1.0,9.5367431640625e-07
geometry_dropout,test_seen,486,val:2008_001682:part_76,2008_001682,horse,ear,ear,0.11249999701976776,0.20224718749523163,0.5571428537368774,0.008554705418646336,0.0006213188171386719,0.96728515625,0.0
geometry_dropout,test_seen,487,val:2008_001682:part_77,2008_001682,horse,muzzle,muzzle,0.036363635212183,0.07017543911933899,0.0,0.01981089636683464,0.982421875,1.0,3.4570693969726562e-06
geometry_dropout,test_seen,488,val:2008_001688:part_97,2008_001688,pottedplant,pot,pot,0.0,0.0,0.957446813583374,0.17227722704410553,0.99755859375,1.0,4.76837158203125e-06
geometry_dropout,test_seen,489,val:2008_001688:part_98,2008_001688,pottedplant,plant,plant,0.0,0.0,0.47787609696388245,0.18613861501216888,1.0,1.0,0.6298828125
geometry_dropout,test_seen,490,val:2008_001821:part_83,2008_001821,person,head,head,0.7066409587860107,0.8281073570251465,0.034750912338495255,0.5627787709236145,1.0,1.0,0.95556640625
geometry_dropout,test_seen,491,val:2008_001821:part_84,2008_001821,person,eye,eye,0.22187499701976776,0.36317136883735657,0.0,0.0074024866335093975,0.95703125,1.0,3.516674041748047e-06
geometry_dropout,test_seen,492,val:2008_001821:part_85,2008_001821,person,torso,torso,0.22174590826034546,0.3629983961582184,0.3055005967617035,0.05770143121480942,1.0,1.0,0.96630859375
geometry_dropout,test_seen,493,val:2008_001821:part_86,2008_001821,person,neck,neck,0.6184882521629333,0.7642789483070374,0.04290220886468887,0.1503274142742157,1.0,1.0,0.96630859375
geometry_dropout,test_seen,494,val:2008_001821:part_89,2008_001821,person,nose,nose,0.6666666865348816,0.800000011920929,0.0,0.039195217192173004,0.026153564453125,0.994140625,0.0
geometry_dropout,test_seen,495,val:2008_001821:part_90,2008_001821,person,ear,ear,0.6476426720619202,0.7861445546150208,0.2654639184474945,0.026193413883447647,0.0006213188171386719,0.96728515625,0.0
geometry_dropout,test_seen,496,val:2008_001821:part_91,2008_001821,person,eyebrow,eyebrow,0.21755027770996094,0.35735735297203064,0.0,0.015754010528326035,0.0008230209350585938,0.5947265625,0.0
geometry_dropout,test_seen,497,val:2008_001821:part_92,2008_001821,person,mouth,mouth,0.41534391045570374,0.586915910243988,0.0,0.017177565023303032,1.0,1.0,0.48486328125
geometry_dropout,test_seen,498,val:2008_001821:part_93,2008_001821,person,hair,hair,0.6163645386695862,0.7626553773880005,0.12215627729892731,0.12119199335575104,1.0,1.0,0.927734375
geometry_dropout,test_seen,499,val:2008_001874:part_83,2008_001874,person,head,head,0.4545454680919647,0.625,0.0,0.037968676537275314,1.0,1.0,0.95556640625
geometry_dropout,test_seen,500,val:2008_001874:part_84,2008_001874,person,eye,eye,0.0,0.0,0.0,0.0009492168901488185,0.95703125,1.0,3.516674041748047e-06
geometry_dropout,test_seen,501,val:2008_001874:part_85,2008_001874,person,torso,torso,0.7046904563903809,0.8267664313316345,0.07948929071426392,0.33459895849227905,1.0,1.0,0.96630859375
geometry_dropout,test_seen,502,val:2008_001874:part_86,2008_001874,person,neck,neck,0.1901140660047531,0.3194888234138489,0.02238805964589119,0.02831830456852913,1.0,1.0,0.96630859375
geometry_dropout,test_seen,503,val:2008_001874:part_87,2008_001874,person,leg,leg,0.0,0.0,0.5053763389587402,0.006960923783481121,0.9990234375,1.0,9.5367431640625e-07
geometry_dropout,test_seen,504,val:2008_001874:part_89,2008_001874,person,nose,nose,0.06060606241226196,0.11428571492433548,0.0,0.0028476507868617773,0.026153564453125,0.994140625,0.0
geometry_dropout,test_seen,505,val:2008_001874:part_90,2008_001874,person,ear,ear,0.0,0.0,0.0,0.0034804618917405605,0.0006213188171386719,0.96728515625,0.0
geometry_dropout,test_seen,506,val:2008_001874:part_91,2008_001874,person,eyebrow,eyebrow,0.0,0.0,0.0,0.0015820281114429235,0.0008230209350585938,0.5947265625,0.0
geometry_dropout,test_seen,507,val:2008_001874:part_92,2008_001874,person,mouth,mouth,0.0,0.0,0.0,0.0020566366147249937,1.0,1.0,0.48486328125
geometry_dropout,test_seen,508,val:2008_001874:part_93,2008_001874,person,hair,hair,0.6549707651138306,0.7915194630622864,0.16153846681118011,0.07625375688076019,1.0,1.0,0.927734375
geometry_dropout,test_seen,509,val:2008_001874:part_94,2008_001874,person,lower arm,lower arm,0.25206610560417175,0.4026402533054352,0.3252173960208893,0.0528397411108017,0.525390625,1.0,0.0
geometry_dropout,test_seen,510,val:2008_001874:part_95,2008_001874,person,upper arm,upper arm,0.35191255807876587,0.5206143856048584,0.18070444464683533,0.09239044785499573,0.06964111328125,0.99853515625,0.0
geometry_dropout,test_seen,511,val:2008_001874:part_96,2008_001874,person,hand,hand,0.40430107712745667,0.5758039951324463,0.40568476915359497,0.04208194836974144,0.99755859375,1.0,4.756450653076172e-05
geometry_dropout,test_seen,512,val:2008_001885:part_43,2008_001885,cat,head,head,0.6677535176277161,0.8007820248603821,0.13433322310447693,0.15162508189678192,1.0,1.0,0.95556640625
geometry_dropout,test_seen,513,val:2008_001885:part_45,2008_001885,cat,torso,torso,0.8250924348831177,0.9041650891304016,0.02095652185380459,0.7199230194091797,1.0,1.0,0.96630859375
geometry_dropout,test_seen,514,val:2008_001885:part_46,2008_001885,cat,neck,neck,0.20992963016033173,0.3470112979412079,0.012905748561024666,0.03983119875192642,1.0,1.0,0.96630859375
geometry_dropout,test_seen,515,val:2008_001885:part_47,2008_001885,cat,leg,leg,0.3165644109249115,0.48089468479156494,0.04118993133306503,0.06181979551911354,0.9990234375,1.0,9.5367431640625e-07
geometry_dropout,test_seen,516,val:2008_001885:part_48,2008_001885,cat,nose,nose,0.0,0.0,0.8947368264198303,7.403568451991305e-05,0.026153564453125,0.994140625,0.0
geometry_dropout,test_seen,517,val:2008_001885:part_50,2008_001885,cat,ear,ear,0.44393593072891235,0.6148970127105713,0.2219570428133011,0.015695564448833466,0.0006213188171386719,0.96728515625,0.0
geometry_dropout,test_seen,518,val:2008_001895:part_85,2008_001895,person,torso,torso,0.0007405579090118408,0.001480019767768681,0.22587016224861145,0.00020454080367926508,1.0,1.0,0.96630859375
geometry_dropout,test_seen,519,val:2008_001966:part_97,2008_001966,pottedplant,pot,pot,0.8279395699501038,0.9058719277381897,0.08913974463939667,0.9562654495239258,0.99755859375,1.0,4.76837158203125e-06
geometry_dropout,test_seen,520,val:2008_001971:part_0,2008_001971,aeroplane,body,body,0.40760868787765503,0.5791505575180054,0.40426868200302124,0.5843230485916138,1.0,1.0,0.94677734375
geometry_dropout,test_seen,521,val:2008_001971:part_1,2008_001971,aeroplane,stern,stern,0.3127962052822113,0.47653430700302124,0.43111830949783325,0.16943784058094025,1.0,1.0,0.11859130859375
geometry_dropout,test_seen,522,val:2008_001971:part_2,2008_001971,aeroplane,wing,wing,0.12087912112474442,0.21568627655506134,0.0,0.07046714425086975,0.98779296875,1.0,1.3649463653564453e-05
geometry_dropout,test_seen,523,val:2008_001971:part_4,2008_001971,aeroplane,engine,engine,0.1515151560306549,0.2631579041481018,0.4340277910232544,0.04275534301996231,0.9951171875,1.0,2.300739288330078e-05
geometry_dropout,test_seen,524,val:2008_001992:part_71,2008_001992,horse,head,head,0.3827160596847534,0.5535714030265808,0.09597484022378922,0.4337726831436157,1.0,1.0,0.95556640625
geometry_dropout,test_seen,525,val:2008_001992:part_72,2008_001992,horse,eye,eye,0.0,0.0,0.0,0.005346114747226238,0.95703125,1.0,3.516674041748047e-06
geometry_dropout,test_seen,526,val:2008_001992:part_76,2008_001992,horse,ear,ear,0.16739319264888763,0.2867811918258667,0.23555956780910492,0.02129228413105011,0.0006213188171386719,0.96728515625,0.0
geometry_dropout,test_seen,527,val:2008_002152:part_42,2008_002152,cat,tail,tail,0.0,0.0,0.0,0.006732327863574028,0.986328125,1.0,6.556510925292969e-07
geometry_dropout,test_seen,528,val:2008_002152:part_43,2008_002152,cat,head,head,0.13473564386367798,0.2374749481678009,0.06760203838348389,0.05335992947220802,1.0,1.0,0.95556640625
geometry_dropout,test_seen,529,val:2008_002152:part_44,2008_002152,cat,eye,eye,0.0,0.0,0.0,0.0011220546439290047,0.95703125,1.0,3.516674041748047e-06
geometry_dropout,test_seen,530,val:2008_002152:part_45,2008_002152,cat,torso,torso,0.15752384066581726,0.27217382192611694,0.11916954815387726,0.1436229944229126,1.0,1.0,0.96630859375
geometry_dropout,test_seen,531,val:2008_002152:part_46,2008_002152,cat,neck,neck,0.1611417979001999,0.27755749225616455,0.033426184207201004,0.022939782589673996,1.0,1.0,0.96630859375
geometry_dropout,test_seen,532,val:2008_002152:part_47,2008_002152,cat,leg,leg,0.1285403072834015,0.2277992218732834,0.05567685514688492,0.014960727654397488,0.9990234375,1.0,9.5367431640625e-07
geometry_dropout,test_seen,533,val:2008_002152:part_48,2008_002152,cat,nose,nose,0.0,0.0,0.0,0.0007480364292860031,0.026153564453125,0.994140625,0.0
geometry_dropout,test_seen,534,val:2008_002152:part_49,2008_002152,cat,paw,paw,0.15028901398181915,0.2613065242767334,0.13636364042758942,0.00835307314991951,0.99072265625,1.0,2.384185791015625e-07
geometry_dropout,test_seen,535,val:2008_002152:part_50,2008_002152,cat,ear,ear,0.09452736377716064,0.17272727191448212,0.6007194519042969,0.020196983590722084,0.0006213188171386719,0.96728515625,0.0
geometry_dropout,test_seen,536,val:2008_002205:part_22,2008_002205,bus,wheel,wheel,0.7535277605056763,0.8594420552253723,0.04339250549674034,0.05105411633849144,0.99853515625,1.0,8.881092071533203e-06
geometry_dropout,test_seen,537,val:2008_002205:part_25,2008_002205,bus,side,side,0.6760590076446533,0.8067246079444885,0.06099199876189232,0.6513904929161072,1.0,1.0,0.0604248046875
geometry_dropout,test_seen,538,val:2008_002205:part_28,2008_002205,bus,mirror,mirror,0.0,0.0,0.0,0.002042164793238044,0.84912109375,1.0,4.231929779052734e-06
geometry_dropout,test_seen,539,val:2008_002205:part_30,2008_002205,bus,door,door,0.6316514015197754,0.774247944355011,0.012670108117163181,0.08565078675746918,0.15771484375,0.998046875,0.0
geometry_dropout,test_seen,540,val:2008_002205:part_31,2008_002205,bus,window,window,0.5854130387306213,0.738499104976654,0.007372914347797632,0.18265360593795776,1.0,1.0,0.327880859375
geometry_dropout,test_seen,541,val:2008_002212:part_83,2008_002212,person,head,head,0.0,0.0,0.3513513505458832,0.024706609547138214,1.0,1.0,0.95556640625
geometry_dropout,test_seen,542,val:2008_002212:part_84,2008_002212,person,eye,eye,0.0,0.0,0.0,0.0012353304773569107,0.95703125,1.0,3.516674041748047e-06
geometry_dropout,test_seen,543,val:2008_002212:part_85,2008_002212,person,torso,torso,0.2432795763015747,0.3913513422012329,0.0638655498623848,0.20382952690124512,1.0,1.0,0.96630859375
geometry_dropout,test_seen,544,val:2008_002212:part_89,2008_002212,person,nose,nose,0.0,0.0,0.0,0.0006176652386784554,0.026153564453125,0.994140625,0.0
geometry_dropout,test_seen,545,val:2008_002212:part_90,2008_002212,person,ear,ear,0.0,0.0,0.0,0.0043236566707491875,0.0006213188171386719,0.96728515625,0.0
geometry_dropout,test_seen,546,val:2008_002212:part_92,2008_002212,person,mouth,mouth,0.0,0.0,0.0,0.0012353304773569107,1.0,1.0,0.48486328125
geometry_dropout,test_seen,547,val:2008_002212:part_93,2008_002212,person,hair,hair,0.15918366611003876,0.27464789152145386,0.34239131212234497,0.061766523867845535,1.0,1.0,0.927734375
geometry_dropout,test_seen,548,val:2008_002212:part_94,2008_002212,person,lower arm,lower arm,0.0,0.0,0.3333333432674408,0.045089561492204666,0.525390625,1.0,0.0
geometry_dropout,test_seen,549,val:2008_002212:part_95,2008_002212,person,upper arm,upper arm,0.10869564861059189,0.19607843458652496,0.19911503791809082,0.13032735884189606,0.06964111328125,0.99853515625,0.0
geometry_dropout,test_seen,550,val:2008_002212:part_96,2008_002212,person,hand,hand,0.0,0.0,0.0,0.029030265286564827,0.99755859375,1.0,4.756450653076172e-05
geometry_dropout,test_seen,551,val:2008_002241:part_85,2008_002241,person,torso,torso,0.5849999785423279,0.738170325756073,0.04789271950721741,0.1853131800889969,1.0,1.0,0.96630859375
geometry_dropout,test_seen,552,val:2008_002241:part_86,2008_002241,person,neck,neck,0.20000000298023224,0.3333333432674408,0.5757575631141663,0.003887688973918557,1.0,1.0,0.96630859375
geometry_dropout,test_seen,553,val:2008_002241:part_87,2008_002241,person,leg,leg,0.012269938364624977,0.024242423474788666,0.0,0.1308855265378952,0.9990234375,1.0,9.5367431640625e-07
geometry_dropout,test_seen,554,val:2008_002241:part_88,2008_002241,person,foot,foot,0.0,0.0,0.0,0.006911447271704674,0.99462890625,1.0,2.384185791015625e-07
geometry_dropout,test_seen,555,val:2008_002241:part_93,2008_002241,person,hair,hair,0.1111111119389534,0.20000000298023224,0.7102272510528564,0.019006479531526566,1.0,1.0,0.927734375
geometry_dropout,test_seen,556,val:2008_002241:part_94,2008_002241,person,lower arm,lower arm,0.0,0.0,0.0,0.008639308623969555,0.525390625,1.0,0.0
geometry_dropout,test_seen,557,val:2008_002241:part_95,2008_002241,person,upper arm,upper arm,0.015306122601032257,0.030150754377245903,0.0,0.039308853447437286,0.06964111328125,0.99853515625,0.0
geometry_dropout,test_seen,558,val:2008_002241:part_96,2008_002241,person,hand,hand,0.0,0.0,0.0,0.0004319654544815421,0.99755859375,1.0,4.756450653076172e-05
geometry_dropout,test_seen,559,val:2008_002269:part_6,2008_002269,bicycle,wheel,wheel,0.22750960290431976,0.37068483233451843,0.5848104953765869,0.45329567790031433,0.99853515625,1.0,8.881092071533203e-06
geometry_dropout,test_seen,560,val:2008_002269:part_7,2008_002269,bicycle,saddle,saddle,0.03957783803343773,0.07614213228225708,0.5904255509376526,0.03879472613334656,1.0,1.0,0.1939697265625
geometry_dropout,test_seen,561,val:2008_002269:part_8,2008_002269,bicycle,handlebar,handlebar,0.13435474038124084,0.23688311874866486,0.6013513803482056,0.05593220517039299,0.99951171875,1.0,0.076416015625
geometry_dropout,test_seen,562,val:2008_002269:part_9,2008_002269,bicycle,chainwheel,chainwheel,0.25077399611473083,0.4009900987148285,0.0,0.06082862615585327,0.8896484375,1.0,5.960464477539063e-08
geometry_dropout,test_seen,563,val:2008_002273:part_97,2008_002273,pottedplant,pot,pot,0.7325646281242371,0.8456419110298157,0.15776698291301727,0.8737863898277283,0.99755859375,1.0,4.76837158203125e-06
geometry_dropout,test_seen,564,val:2008_002273:part_98,2008_002273,pottedplant,plant,plant,0.22952182590961456,0.3733513653278351,0.05478879064321518,0.12488967180252075,1.0,1.0,0.6298828125
geometry_dropout,test_seen,565,val:2008_002358:part_0,2008_002358,aeroplane,body,body,0.7763992547988892,0.8741269707679749,0.08328446000814438,0.5868808031082153,1.0,1.0,0.94677734375
geometry_dropout,test_seen,566,val:2008_002358:part_1,2008_002358,aeroplane,stern,stern,0.5331279039382935,0.6954773664474487,0.16557016968727112,0.22465170919895172,1.0,1.0,0.11859130859375
geometry_dropout,test_seen,567,val:2008_002358:part_2,2008_002358,aeroplane,wing,wing,0.24472050368785858,0.39321357011795044,0.0027027027681469917,0.05069659277796745,0.98779296875,1.0,1.3649463653564453e-05
geometry_dropout,test_seen,568,val:2008_002358:part_3,2008_002358,aeroplane,tail,tail,0.0,0.0,0.0,0.0001934984466060996,0.986328125,1.0,6.556510925292969e-07
geometry_dropout,test_seen,569,val:2008_002358:part_5,2008_002358,aeroplane,wheel,wheel,0.20796459913253784,0.3443223536014557,0.7064220309257507,0.010642414912581444,0.99853515625,1.0,8.881092071533203e-06
geometry_dropout,test_seen,570,val:2008_002379:part_97,2008_002379,pottedplant,pot,pot,0.7866880297660828,0.8806104063987732,0.12795594334602356,0.6507666110992432,0.99755859375,1.0,4.76837158203125e-06
geometry_dropout,test_seen,571,val:2008_002379:part_98,2008_002379,pottedplant,plant,plant,0.34429195523262024,0.5122279524803162,0.33285555243492126,0.3453020453453064,1.0,1.0,0.6298828125
geometry_dropout,test_seen,572,val:2008_002464:part_115,2008_002464,tvmonitor,screen,screen,0.8515579700469971,0.9198285937309265,0.000774293439462781,0.5586797595024109,1.0,1.0,0.98779296875
geometry_dropout,test_seen,573,val:2008_002467:part_20,2008_002467,bottle,body,body,0.3609549403190613,0.5304436087608337,0.1317647099494934,0.3964073061943054,1.0,1.0,0.94677734375
geometry_dropout,test_seen,574,val:2008_002467:part_21,2008_002467,bottle,cap,cap,0.2158273309469223,0.3550295829772949,0.3130659759044647,0.03816083446145058,1.0,1.0,0.453125
geometry_dropout,test_seen,575,val:2008_002495:part_83,2008_002495,person,head,head,0.07210031151771545,0.13450291752815247,0.4119601249694824,0.01335070002824068,1.0,1.0,0.95556640625
geometry_dropout,test_seen,576,val:2008_002495:part_84,2008_002495,person,eye,eye,0.0,0.0,0.0,0.0013025073567405343,0.95703125,1.0,3.516674041748047e-06
geometry_dropout,test_seen,577,val:2008_002495:part_85,2008_002495,person,torso,torso,0.21983715891838074,0.36043688654899597,0.18208734691143036,0.096711166203022,1.0,1.0,0.96630859375
geometry_dropout,test_seen,578,val:2008_002495:part_87,2008_002495,person,leg,leg,0.4735986888408661,0.6427783966064453,0.410819947719574,0.20547053217887878,0.9990234375,1.0,9.5367431640625e-07
geometry_dropout,test_seen,579,val:2008_002495:part_88,2008_002495,person,foot,foot,0.11702127754688263,0.20952381193637848,0.5363636612892151,0.03256268426775932,0.99462890625,1.0,2.384185791015625e-07
geometry_dropout,test_seen,580,val:2008_002495:part_89,2008_002495,person,nose,nose,0.0,0.0,0.0,0.0009768805466592312,0.026153564453125,0.994140625,0.0
geometry_dropout,test_seen,581,val:2008_002495:part_92,2008_002495,person,mouth,mouth,0.0,0.0,0.0,0.0009768805466592312,1.0,1.0,0.48486328125
geometry_dropout,test_seen,582,val:2008_002495:part_93,2008_002495,person,hair,hair,0.06756756454706192,0.1265822798013687,0.4794520437717438,0.031585801392793655,1.0,1.0,0.927734375
geometry_dropout,test_seen,583,val:2008_002495:part_94,2008_002495,person,lower arm,lower arm,0.0,0.0,0.11602210253477097,0.011396938934922218,0.525390625,1.0,0.0
geometry_dropout,test_seen,584,val:2008_002495:part_95,2008_002495,person,upper arm,upper arm,0.11993769556283951,0.21418637037277222,0.23575949668884277,0.028329534456133842,0.06964111328125,0.99853515625,0.0
geometry_dropout,test_seen,585,val:2008_002495:part_96,2008_002495,person,hand,hand,0.034934498369693756,0.06751054525375366,0.4399999976158142,0.003907522186636925,0.99755859375,1.0,4.756450653076172e-05
geometry_dropout,test_seen,586,val:2008_002588:part_83,2008_002588,person,head,head,0.5895816683769226,0.7418073415756226,0.02675585262477398,0.24958080053329468,1.0,1.0,0.95556640625
geometry_dropout,test_seen,587,val:2008_002588:part_85,2008_002588,person,torso,torso,0.25971144437789917,0.4123347997665405,0.05829596519470215,0.03134270757436752,1.0,1.0,0.96630859375
geometry_dropout,test_seen,588,val:2008_002588:part_86,2008_002588,person,neck,neck,0.7799443006515503,0.876369297504425,0.0006825938471592963,0.2231394350528717,1.0,1.0,0.96630859375
geometry_dropout,test_seen,589,val:2008_002588:part_90,2008_002588,person,ear,ear,0.49497488141059875,0.6621848940849304,0.0,0.03160066902637482,0.0006213188171386719,0.96728515625,0.0
geometry_dropout,test_seen,590,val:2008_002588:part_91,2008_002588,person,eyebrow,eyebrow,0.0,0.0,0.0,0.0009028763161040843,0.0008230209350585938,0.5947265625,0.0
geometry_dropout,test_seen,591,val:2008_002588:part_93,2008_002588,person,hair,hair,0.8691125512123108,0.9299734830856323,0.02944136969745159,0.4599509835243225,1.0,1.0,0.927734375
geometry_dropout,test_seen,592,val:2008_002623:part_43,2008_002623,cat,head,head,0.6015037298202515,0.751173734664917,0.16342411935329437,0.11176470667123795,1.0,1.0,0.95556640625
geometry_dropout,test_seen,593,val:2008_002623:part_45,2008_002623,cat,torso,torso,0.774181604385376,0.8727197051048279,0.17327377200126648,0.8559837937355042,1.0,1.0,0.96630859375
geometry_dropout,test_seen,594,val:2008_002623:part_50,2008_002623,cat,ear,ear,0.2102564126253128,0.347457617521286,0.6320754885673523,0.031237322837114334,0.0006213188171386719,0.96728515625,0.0
geometry_dropout,test_seen,595,val:2008_002680:part_115,2008_002680,tvmonitor,screen,screen,0.8884412050247192,0.9409254789352417,0.0,0.617047131061554,1.0,1.0,0.98779296875
geometry_dropout,test_seen,596,val:2008_002681:part_43,2008_002681,cat,head,head,0.6130154132843018,0.7600862383842468,0.0015090543311089277,0.2127048522233963,1.0,1.0,0.95556640625
geometry_dropout,test_seen,597,val:2008_002681:part_44,2008_002681,cat,eye,eye,0.13600000739097595,0.23943662643432617,0.0,0.00996789988130331,0.95703125,1.0,3.516674041748047e-06
geometry_dropout,test_seen,598,val:2008_002681:part_45,2008_002681,cat,torso,torso,0.7067335844039917,0.8281709551811218,0.08437200635671616,0.4477107524871826,1.0,1.0,0.96630859375
geometry_dropout,test_seen,599,val:2008_002681:part_47,2008_002681,cat,leg,leg,0.5145348906517029,0.6794625520706177,0.11867007613182068,0.1978374719619751,0.9990234375,1.0,9.5367431640625e-07
geometry_dropout,test_seen,600,val:2008_002681:part_48,2008_002681,cat,nose,nose,0.12871287763118744,0.22807016968727112,0.0,0.004223686642944813,0.026153564453125,0.994140625,0.0
geometry_dropout,test_seen,601,val:2008_002681:part_49,2008_002681,cat,paw,paw,0.31640625,0.4807121753692627,0.45750001072883606,0.04629160463809967,0.99072265625,1.0,2.384185791015625e-07
geometry_dropout,test_seen,602,val:2008_002681:part_50,2008_002681,cat,ear,ear,0.5183727145195007,0.6828003525733948,0.1380753070116043,0.07433687895536423,0.0006213188171386719,0.96728515625,0.0
geometry_dropout,test_seen,603,val:2008_002775:part_20,2008_002775,bottle,body,body,0.8832279443740845,0.9379937052726746,0.05958447605371475,0.9362891316413879,1.0,1.0,0.94677734375
geometry_dropout,test_seen,604,val:2008_002775:part_21,2008_002775,bottle,cap,cap,0.5036231875419617,0.6698794960975647,0.020325202494859695,0.06296572089195251,1.0,1.0,0.453125
geometry_dropout,test_seen,605,val:2008_002778:part_51,2008_002778,cow,tail,tail,0.21243523061275482,0.3504273593425751,0.4042145609855652,0.028373265638947487,0.986328125,1.0,6.556510925292969e-07
geometry_dropout,test_seen,606,val:2008_002778:part_52,2008_002778,cow,head,head,0.48577681183815,0.6539027690887451,0.14879649877548218,0.06998738646507263,1.0,1.0,0.95556640625
geometry_dropout,test_seen,607,val:2008_002778:part_53,2008_002778,cow,eye,eye,0.0,0.0,0.0,0.0022068095859140158,0.95703125,1.0,3.516674041748047e-06
geometry_dropout,test_seen,608,val:2008_002778:part_54,2008_002778,cow,torso,torso,0.7546972632408142,0.8602022528648376,0.09503872692584991,0.571878969669342,1.0,1.0,0.96630859375
geometry_dropout,test_seen,609,val:2008_002778:part_56,2008_002778,cow,leg,leg,0.5002307295799255,0.6668717265129089,0.291151762008667,0.19356872141361237,0.9990234375,1.0,9.5367431640625e-07
geometry_dropout,test_seen,610,val:2008_002778:part_57,2008_002778,cow,ear,ear,0.34169885516166687,0.5093525052070618,0.25691699981689453,0.029791928827762604,0.0006213188171386719,0.96728515625,0.0
geometry_dropout,test_seen,611,val:2008_002778:part_58,2008_002778,cow,muzzle,muzzle,0.5934718251228333,0.7448789477348328,0.2805280387401581,0.03688524663448334,0.982421875,1.0,3.4570693969726562e-06
geometry_dropout,test_seen,612,val:2008_002835:part_75,2008_002835,horse,leg,leg,0.0,0.0,0.1766349971294403,0.002872646087780595,0.9990234375,1.0,9.5367431640625e-07
geometry_dropout,test_seen,613,val:2008_002835:part_83,2008_002835,person,head,head,0.5345744490623474,0.6967071294784546,0.007246376946568489,0.1431969553232193,1.0,1.0,0.95556640625
geometry_dropout,test_seen,614,val:2008_002835:part_84,2008_002835,person,eye,eye,0.0,0.0,0.0,0.0019029495306313038,0.95703125,1.0,3.516674041748047e-06
geometry_dropout,test_seen,615,val:2008_002835:part_85,2008_002835,person,torso,torso,0.2063492089509964,0.34210526943206787,0.1840873658657074,0.25784966349601746,1.0,1.0,0.96630859375
geometry_dropout,test_seen,616,val:2008_002835:part_87,2008_002835,person,leg,leg,0.48712870478630066,0.6551265120506287,0.23294858634471893,0.2611798346042633,0.9990234375,1.0,9.5367431640625e-07
geometry_dropout,test_seen,617,val:2008_002835:part_88,2008_002835,person,foot,foot,0.41208791732788086,0.5836575627326965,0.2710280418395996,0.07136061042547226,0.99462890625,1.0,2.384185791015625e-07
geometry_dropout,test_seen,618,val:2008_002835:part_89,2008_002835,person,nose,nose,0.0,0.0,0.0,0.0023786870297044516,0.026153564453125,0.994140625,0.0
geometry_dropout,test_seen,619,val:2008_002835:part_90,2008_002835,person,ear,ear,0.0,0.0,0.0,0.0033301617950201035,0.0006213188171386719,0.96728515625,0.0
geometry_dropout,test_seen,620,val:2008_002835:part_91,2008_002835,person,eyebrow,eyebrow,0.0,0.0,0.0,0.00047573738265782595,0.0008230209350585938,0.5947265625,0.0
geometry_dropout,test_seen,621,val:2008_002835:part_92,2008_002835,person,mouth,mouth,0.0,0.0,0.0,0.0023786870297044516,1.0,1.0,0.48486328125
geometry_dropout,test_seen,622,val:2008_002835:part_94,2008_002835,person,lower arm,lower arm,0.30041152238845825,0.46202531456947327,0.018691588193178177,0.048525214195251465,0.525390625,1.0,0.0
geometry_dropout,test_seen,623,val:2008_002835:part_95,2008_002835,person,upper arm,upper arm,0.4250764548778534,0.5965664982795715,0.0036900369450449944,0.09276878833770752,0.06964111328125,0.99853515625,0.0
geometry_dropout,test_seen,624,val:2008_002835:part_96,2008_002835,person,hand,hand,0.1882352977991104,0.31683167815208435,0.10563380271196365,0.028544243425130844,0.99755859375,1.0,4.756450653076172e-05
geometry_dropout,test_seen,625,val:2008_002864:part_20,2008_002864,bottle,body,body,0.0,0.0,0.4403534531593323,0.21512386202812195,1.0,1.0,0.94677734375
geometry_dropout,test_seen,626,val:2008_002864:part_21,2008_002864,bottle,cap,cap,0.0,0.0,0.0,0.00782268587499857,1.0,1.0,0.453125
geometry_dropout,test_seen,627,val:2008_002900:part_114,2008_002900,train,coach,coach,0.8023781180381775,0.8903549313545227,0.17514124512672424,0.9783046841621399,1.0,1.0,0.90087890625
geometry_dropout,test_seen,628,val:2008_002929:part_83,2008_002929,person,head,head,0.3303167521953583,0.49659863114356995,0.2740384638309479,0.020803095772862434,1.0,1.0,0.95556640625
geometry_dropout,test_seen,629,val:2008_002929:part_84,2008_002929,person,eye,eye,0.0,0.0,0.0,0.001209482317790389,0.95703125,1.0,3.516674041748047e-06
geometry_dropout,test_seen,630,val:2008_002929:part_85,2008_002929,person,torso,torso,0.2726244330406189,0.42844444513320923,0.07382550090551376,0.09192065894603729,1.0,1.0,0.96630859375
geometry_dropout,test_seen,631,val:2008_002929:part_86,2008_002929,person,neck,neck,0.15270936489105225,0.2649572789669037,0.12807881832122803,0.007498790509998798,1.0,1.0,0.96630859375
geometry_dropout,test_seen,632,val:2008_002929:part_87,2008_002929,person,leg,leg,0.12388917803764343,0.22046512365341187,0.13847501575946808,0.2440735399723053,0.9990234375,1.0,9.5367431640625e-07
geometry_dropout,test_seen,633,val:2008_002929:part_89,2008_002929,person,nose,nose,0.0,0.0,0.4000000059604645,0.001209482317790389,0.026153564453125,0.994140625,0.0
geometry_dropout,test_seen,634,val:2008_002929:part_91,2008_002929,person,eyebrow,eyebrow,0.0,0.0,0.0,0.0016932752914726734,0.0008230209350585938,0.5947265625,0.0
geometry_dropout,test_seen,635,val:2008_002929:part_92,2008_002929,person,mouth,mouth,0.0,0.0,0.0,0.0009675858891569078,1.0,1.0,0.48486328125
geometry_dropout,test_seen,636,val:2008_002929:part_93,2008_002929,person,hair,hair,0.029411764815449715,0.05714285746216774,0.20000000298023224,0.006047411821782589,1.0,1.0,0.927734375
geometry_dropout,test_seen,637,val:2008_002929:part_94,2008_002929,person,lower arm,lower arm,0.1259259283542633,0.22368420660495758,0.18840579688549042,0.026850508525967598,0.525390625,1.0,0.0
geometry_dropout,test_seen,638,val:2008_002929:part_95,2008_002929,person,upper arm,upper arm,0.13939394056797028,0.24468085169792175,0.08433734625577927,0.05611998215317726,0.06964111328125,0.99853515625,0.0
geometry_dropout,test_seen,639,val:2008_002929:part_96,2008_002929,person,hand,hand,0.0,0.0,0.40909090638160706,0.02031930349767208,0.99755859375,1.0,4.756450653076172e-05
geometry_dropout,test_seen,640,val:2008_002942:part_83,2008_002942,person,head,head,0.4914765954017639,0.65904700756073,0.04801037907600403,0.3624279797077179,1.0,1.0,0.95556640625
geometry_dropout,test_seen,641,val:2008_002942:part_84,2008_002942,person,eye,eye,0.5637773275375366,0.7210454940795898,0.0,0.02980167604982853,0.95703125,1.0,3.516674041748047e-06
geometry_dropout,test_seen,642,val:2008_002942:part_85,2008_002942,person,torso,torso,0.4054752290248871,0.5769937634468079,0.13299232721328735,0.21384382247924805,1.0,1.0,0.96630859375
geometry_dropout,test_seen,643,val:2008_002942:part_89,2008_002942,person,nose,nose,0.8194906115531921,0.9007912278175354,0.0,0.0546540804207325,0.026153564453125,0.994140625,0.0
geometry_dropout,test_seen,644,val:2008_002942:part_91,2008_002942,person,eyebrow,eyebrow,0.0941176488995552,0.17204301059246063,0.0,0.00650475500151515,0.0008230209350585938,0.5947265625,0.0
geometry_dropout,test_seen,645,val:2008_002942:part_92,2008_002942,person,mouth,mouth,0.42550143599510193,0.5969849228858948,0.008902077563107014,0.011347969062626362,1.0,1.0,0.48486328125
geometry_dropout,test_seen,646,val:2008_002942:part_93,2008_002942,person,hair,hair,0.4775123596191406,0.6463733911514282,0.10788622498512268,0.20779862999916077,1.0,1.0,0.927734375
geometry_dropout,test_seen,647,val:2008_002942:part_95,2008_002942,person,upper arm,upper arm,0.27675166726112366,0.43352463841438293,0.06740657985210419,0.10244988650083542,0.06964111328125,0.99853515625,0.0
geometry_dropout,test_seen,648,val:2008_003003:part_97,2008_003003,pottedplant,pot,pot,0.0,0.0,1.0,0.6057692170143127,0.99755859375,1.0,4.76837158203125e-06
geometry_dropout,test_seen,649,val:2008_003003:part_98,2008_003003,pottedplant,plant,plant,0.19587628543376923,0.32758620381355286,0.561855673789978,0.36538460850715637,1.0,1.0,0.6298828125
geometry_dropout,test_seen,650,val:2008_003026:part_115,2008_003026,tvmonitor,screen,screen,0.9081343412399292,0.9518557786941528,0.007150596007704735,0.7833089232444763,1.0,1.0,0.98779296875
geometry_dropout,test_seen,651,val:2008_003034:part_83,2008_003034,person,head,head,0.1616666615009308,0.27833572030067444,0.2016666680574417,0.02233993634581566,1.0,1.0,0.95556640625
geometry_dropout,test_seen,652,val:2008_003034:part_84,2008_003034,person,eye,eye,0.0,0.0,0.0,0.0009212344302795827,0.95703125,1.0,3.516674041748047e-06
geometry_dropout,test_seen,653,val:2008_003034:part_85,2008_003034,person,torso,torso,0.1537749022245407,0.2665596008300781,0.11949976533651352,0.07646246254444122,1.0,1.0,0.96630859375
geometry_dropout,test_seen,654,val:2008_003034:part_86,2008_003034,person,neck,neck,0.17307692766189575,0.2950819730758667,0.019672131165862083,0.014048825018107891,1.0,1.0,0.96630859375
geometry_dropout,test_seen,655,val:2008_003034:part_87,2008_003034,person,leg,leg,0.3073047995567322,0.4701348841190338,0.13219615817070007,0.1540764570236206,0.9990234375,1.0,9.5367431640625e-07
geometry_dropout,test_seen,656,val:2008_003034:part_88,2008_003034,person,foot,foot,0.0,0.0,0.12121212482452393,0.004836481064558029,0.99462890625,1.0,2.384185791015625e-07
geometry_dropout,test_seen,657,val:2008_003034:part_89,2008_003034,person,nose,nose,0.0,0.0,0.0,0.0018424688605591655,0.026153564453125,0.994140625,0.0
geometry_dropout,test_seen,658,val:2008_003034:part_90,2008_003034,person,ear,ear,0.0,0.0,0.0,0.0039152465760707855,0.0006213188171386719,0.96728515625,0.0
geometry_dropout,test_seen,659,val:2008_003034:part_91,2008_003034,person,eyebrow,eyebrow,0.0,0.0,0.0,0.00023030860756989568,0.0008230209350585938,0.5947265625,0.0
geometry_dropout,test_seen,660,val:2008_003034:part_92,2008_003034,person,mouth,mouth,0.0,0.0,0.0,0.0011515431106090546,1.0,1.0,0.48486328125
geometry_dropout,test_seen,661,val:2008_003034:part_93,2008_003034,person,hair,hair,0.4834024906158447,0.6517482399940491,0.2781609296798706,0.06448641419410706,1.0,1.0,0.927734375
geometry_dropout,test_seen,662,val:2008_003034:part_94,2008_003034,person,lower arm,lower arm,0.11466372758150101,0.2057368904352188,0.1340450793504715,0.03869184851646423,0.525390625,1.0,0.0
geometry_dropout,test_seen,663,val:2008_003034:part_95,2008_003034,person,upper arm,upper arm,0.3742331266403198,0.5446428656578064,0.26932084560394287,0.11768770217895508,0.06964111328125,0.99853515625,0.0
geometry_dropout,test_seen,664,val:2008_003034:part_96,2008_003034,person,hand,hand,0.0,0.0,0.05429864302277565,0.007139566820114851,0.99755859375,1.0,4.756450653076172e-05
geometry_dropout,test_seen,665,val:2008_003076:part_20,2008_003076,bottle,body,body,0.006242197472602129,0.012406948022544384,0.5805310010910034,0.4608030617237091,1.0,1.0,0.94677734375
geometry_dropout,test_seen,666,val:2008_003076:part_21,2008_003076,bottle,cap,cap,0.0,0.0,0.0,0.009560229256749153,1.0,1.0,0.453125
geometry_dropout,test_seen,667,val:2008_003105:part_109,2008_003105,train,head,head,0.25295108556747437,0.40376850962638855,0.21242153644561768,0.21748699247837067,1.0,1.0,0.95556640625
geometry_dropout,test_seen,668,val:2008_003105:part_111,2008_003105,train,side,side,0.6457765698432922,0.7847682237625122,0.1013258695602417,0.5673269033432007,1.0,1.0,0.0604248046875
geometry_dropout,test_seen,669,val:2008_003105:part_112,2008_003105,train,back,back,0.6264801025390625,0.7703507542610168,0.08295454829931259,0.18937574326992035,1.0,1.0,0.90283203125
geometry_dropout,test_seen,670,val:2008_003108:part_83,2008_003108,person,head,head,0.49514561891555786,0.6623376607894897,0.18581418693065643,0.07468476891517639,1.0,1.0,0.95556640625
geometry_dropout,test_seen,671,val:2008_003108:part_84,2008_003108,person,eye,eye,0.0,0.0,0.0,0.0009699321235530078,0.95703125,1.0,3.516674041748047e-06
geometry_dropout,test_seen,672,val:2008_003108:part_85,2008_003108,person,torso,torso,0.3743760287761688,0.5447942018508911,0.15728245675563812,0.1600387990474701,1.0,1.0,0.96630859375
geometry_dropout,test_seen,673,val:2008_003108:part_86,2008_003108,person,neck,neck,0.4202898442745209,0.5918367505073547,0.10000000149011612,0.015796037390828133,1.0,1.0,0.96630859375
geometry_dropout,test_seen,674,val:2008_003108:part_87,2008_003108,person,leg,leg,0.7245733737945557,0.8402928709983826,0.09219357371330261,0.307884156703949,0.9990234375,1.0,9.5367431640625e-07
geometry_dropout,test_seen,675,val:2008_003108:part_88,2008_003108,person,foot,foot,0.15561959147453308,0.26932668685913086,0.23410405218601227,0.007620895281434059,0.99462890625,1.0,2.384185791015625e-07
geometry_dropout,test_seen,676,val:2008_003108:part_89,2008_003108,person,nose,nose,0.0,0.0,0.0,0.0026326728984713554,0.026153564453125,0.994140625,0.0
geometry_dropout,test_seen,677,val:2008_003108:part_90,2008_003108,person,ear,ear,0.22826087474822998,0.37168142199516296,0.2222222238779068,0.005681030917912722,0.0006213188171386719,0.96728515625,0.0
geometry_dropout,test_seen,678,val:2008_003108:part_91,2008_003108,person,eyebrow,eyebrow,0.0,0.0,0.0,0.0009699321235530078,0.0008230209350585938,0.5947265625,0.0
geometry_dropout,test_seen,679,val:2008_003108:part_92,2008_003108,person,mouth,mouth,0.0,0.0,0.0,0.0013856173027306795,1.0,1.0,0.48486328125
geometry_dropout,test_seen,680,val:2008_003108:part_93,2008_003108,person,hair,hair,0.40645161271095276,0.5779816508293152,0.06451612710952759,0.017458777874708176,1.0,1.0,0.927734375
geometry_dropout,test_seen,681,val:2008_003108:part_94,2008_003108,person,lower arm,lower arm,0.31743118166923523,0.4818941652774811,0.09514925628900528,0.025218235328793526,0.525390625,1.0,0.0
geometry_dropout,test_seen,682,val:2008_003108:part_95,2008_003108,person,upper arm,upper arm,0.6059730052947998,0.7546490430831909,0.04338153451681137,0.10641540586948395,0.06964111328125,0.99853515625,0.0
geometry_dropout,test_seen,683,val:2008_003108:part_96,2008_003108,person,hand,hand,0.5601851940155029,0.718100905418396,0.190476194024086,0.02050713635981083,0.99755859375,1.0,4.756450653076172e-05
geometry_dropout,test_seen,684,val:2008_003135:part_97,2008_003135,pottedplant,pot,pot,0.5770393013954163,0.7318007946014404,0.2336874008178711,0.2810218930244446,0.99755859375,1.0,4.76837158203125e-06
geometry_dropout,test_seen,685,val:2008_003135:part_98,2008_003135,pottedplant,plant,plant,0.10956790298223495,0.19749651849269867,0.5889244079589844,0.3642335832118988,1.0,1.0,0.6298828125
geometry_dropout,test_seen,686,val:2008_003155:part_0,2008_003155,aeroplane,body,body,0.671901524066925,0.8037573099136353,0.15767814218997955,0.5299853682518005,1.0,1.0,0.94677734375
geometry_dropout,test_seen,687,val:2008_003155:part_1,2008_003155,aeroplane,stern,stern,0.3397790193557739,0.5072165131568909,0.24483470618724823,0.15797172486782074,1.0,1.0,0.11859130859375
geometry_dropout,test_seen,688,val:2008_003155:part_2,2008_003155,aeroplane,wing,wing,0.46779900789260864,0.6374156475067139,0.3201655447483063,0.24215829372406006,0.98779296875,1.0,1.3649463653564453e-05
geometry_dropout,test_seen,689,val:2008_003155:part_5,2008_003155,aeroplane,wheel,wheel,0.38609111309051514,0.5570934414863586,0.5616797804832458,0.032016903162002563,0.99853515625,1.0,8.881092071533203e-06
geometry_dropout,test_seen,690,val:2008_003210:part_83,2008_003210,person,head,head,0.15007375180721283,0.26098108291625977,0.07150796800851822,0.02080443874001503,1.0,1.0,0.95556640625
geometry_dropout,test_seen,691,val:2008_003210:part_84,2008_003210,person,eye,eye,0.0,0.0,0.0,0.00029720625025220215,0.95703125,1.0,3.516674041748047e-06
geometry_dropout,test_seen,692,val:2008_003210:part_89,2008_003210,person,nose,nose,0.04977375641465187,0.09482758492231369,0.0,0.000544878130313009,0.026153564453125,0.994140625,0.0
geometry_dropout,test_seen,693,val:2008_003210:part_90,2008_003210,person,ear,ear,0.0,0.0,0.009803921915590763,0.002229047007858753,0.0006213188171386719,0.96728515625,0.0
geometry_dropout,test_seen,694,val:2008_003210:part_93,2008_003210,person,hair,hair,0.0,0.0,0.15550756454467773,0.011392906308174133,1.0,1.0,0.927734375
geometry_dropout,test_seen,695,val:2008_003238:part_83,2008_003238,person,head,head,0.0,0.0,0.016615385189652443,0.00016123830573633313,1.0,1.0,0.95556640625
geometry_dropout,test_seen,696,val:2008_003238:part_85,2008_003238,person,torso,torso,0.0,0.0,0.07708553224802017,0.00032247661147266626,1.0,1.0,0.96630859375
geometry_dropout,test_seen,697,val:2008_003238:part_86,2008_003238,person,neck,neck,0.0,0.0,0.14885495603084564,0.0006449532229453325,1.0,1.0,0.96630859375
geometry_dropout,test_seen,698,val:2008_003238:part_87,2008_003238,person,leg,leg,0.0017094017239287496,0.0034129691775888205,0.008547008968889713,0.0004837149172089994,0.9990234375,1.0,9.5367431640625e-07
geometry_dropout,test_seen,699,val:2008_003270:part_6,2008_003270,bicycle,wheel,wheel,0.3232323229312897,0.4885496199131012,0.610471785068512,0.685249924659729,0.99853515625,1.0,8.881092071533203e-06
geometry_dropout,test_seen,700,val:2008_003270:part_7,2008_003270,bicycle,saddle,saddle,0.48123618960380554,0.6497764587402344,0.45205479860305786,0.040720026940107346,1.0,1.0,0.1939697265625
geometry_dropout,test_seen,701,val:2008_003270:part_8,2008_003270,bicycle,handlebar,handlebar,0.22312138974666595,0.3648393154144287,0.7297297120094299,0.04264243319630623,0.99951171875,1.0,0.076416015625
geometry_dropout,test_seen,702,val:2008_003270:part_9,2008_003270,bicycle,chainwheel,chainwheel,0.4260563254356384,0.5975308418273926,0.5435992479324341,0.04736106097698212,0.8896484375,1.0,5.960464477539063e-08
geometry_dropout,test_seen,703,val:2008_003330:part_83,2008_003330,person,head,head,0.6831966638565063,0.8117846846580505,0.0,0.17441968619823456,1.0,1.0,0.95556640625
geometry_dropout,test_seen,704,val:2008_003330:part_84,2008_003330,person,eye,eye,0.27402135729789734,0.4301675856113434,0.0,0.00435230229049921,0.95703125,1.0,3.516674041748047e-06
geometry_dropout,test_seen,705,val:2008_003330:part_85,2008_003330,person,torso,torso,0.39979198575019836,0.5712162852287292,0.06984558701515198,0.23385436832904816,1.0,1.0,0.96630859375
geometry_dropout,test_seen,706,val:2008_003330:part_86,2008_003330,person,neck,neck,0.4598425328731537,0.6299892067909241,0.0,0.027377387508749962,1.0,1.0,0.96630859375
geometry_dropout,test_seen,707,val:2008_003330:part_89,2008_003330,person,nose,nose,0.6776315569877625,0.8078431487083435,0.0,0.009827779605984688,0.026153564453125,0.994140625,0.0
geometry_dropout,test_seen,708,val:2008_003330:part_91,2008_003330,person,eyebrow,eyebrow,0.0886426568031311,0.16284987330436707,0.0,0.0019655560608953238,0.0008230209350585938,0.5947265625,0.0
geometry_dropout,test_seen,709,val:2008_003330:part_92,2008_003330,person,mouth,mouth,0.6903553009033203,0.8168168067932129,0.0,0.0066922502592206,1.0,1.0,0.48486328125
geometry_dropout,test_seen,710,val:2008_003330:part_93,2008_003330,person,hair,hair,0.6831239461898804,0.8117334246635437,0.1747228354215622,0.29899850487709045,1.0,1.0,0.927734375
geometry_dropout,test_seen,711,val:2008_003330:part_95,2008_003330,person,upper arm,upper arm,0.7350356578826904,0.8472859263420105,0.16543787717819214,0.22945526242256165,0.06964111328125,0.99853515625,0.0
geometry_dropout,test_seen,712,val:2008_003333:part_83,2008_003333,person,head,head,0.6666666865348816,0.800000011920929,0.09554140269756317,0.08628904074430466,1.0,1.0,0.95556640625
geometry_dropout,test_seen,713,val:2008_003333:part_84,2008_003333,person,eye,eye,0.0,0.0,0.0,0.0010587612632662058,0.95703125,1.0,3.516674041748047e-06
geometry_dropout,test_seen,714,val:2008_003333:part_85,2008_003333,person,torso,torso,0.4075471758842468,0.5790884494781494,0.0796460211277008,0.17363683879375458,1.0,1.0,0.96630859375
geometry_dropout,test_seen,715,val:2008_003333:part_86,2008_003333,person,neck,neck,0.23648647964000702,0.3825136721134186,0.0810810774564743,0.018528321757912636,1.0,1.0,0.96630859375
geometry_dropout,test_seen,716,val:2008_003333:part_87,2008_003333,person,leg,leg,0.5526705980300903,0.7118967771530151,0.22520506381988525,0.3980942368507385,0.9990234375,1.0,9.5367431640625e-07
geometry_dropout,test_seen,717,val:2008_003333:part_88,2008_003333,person,foot,foot,0.0,0.0,1.0,0.029645314440131187,0.99462890625,1.0,2.384185791015625e-07
geometry_dropout,test_seen,718,val:2008_003333:part_89,2008_003333,person,nose,nose,0.0,0.0,0.0,0.0015881418948993087,0.026153564453125,0.994140625,0.0
geometry_dropout,test_seen,719,val:2008_003333:part_90,2008_003333,person,ear,ear,0.0,0.0,0.0,0.005293806083500385,0.0006213188171386719,0.96728515625,0.0
geometry_dropout,test_seen,720,val:2008_003333:part_91,2008_003333,person,eyebrow,eyebrow,0.0,0.0,0.0,0.0005293806316331029,0.0008230209350585938,0.5947265625,0.0
geometry_dropout,test_seen,721,val:2008_003333:part_92,2008_003333,person,mouth,mouth,0.0,0.0,0.0,0.0010587612632662058,1.0,1.0,0.48486328125
geometry_dropout,test_seen,722,val:2008_003333:part_94,2008_003333,person,lower arm,lower arm,0.42574256658554077,0.5972222089767456,0.1195652186870575,0.08258337527513504,0.525390625,1.0,0.0
geometry_dropout,test_seen,723,val:2008_003333:part_95,2008_003333,person,upper arm,upper arm,0.4057970941066742,0.5773195624351501,0.13446970283985138,0.1312863975763321,0.06964111328125,0.99853515625,0.0
geometry_dropout,test_seen,724,val:2008_003333:part_96,2008_003333,person,hand,hand,0.14746543765068054,0.25702810287475586,0.6384976506233215,0.019057702273130417,0.99755859375,1.0,4.756450653076172e-05
geometry_dropout,test_seen,725,val:2008_003369:part_0,2008_003369,aeroplane,body,body,0.7191399931907654,0.8366276025772095,0.09361746907234192,0.7284144163131714,1.0,1.0,0.94677734375
geometry_dropout,test_seen,726,val:2008_003369:part_2,2008_003369,aeroplane,wing,wing,0.5246853828430176,0.6882539391517639,0.06093544140458107,0.17676609754562378,0.98779296875,1.0,1.3649463653564453e-05
geometry_dropout,test_seen,727,val:2008_003369:part_4,2008_003369,aeroplane,engine,engine,0.0,0.0,0.597122311592102,0.0075353216379880905,0.9951171875,1.0,2.300739288330078e-05
geometry_dropout,test_seen,728,val:2008_003369:part_5,2008_003369,aeroplane,wheel,wheel,0.42401501536369324,0.5955204367637634,0.35083532333374023,0.035583462566137314,0.99853515625,1.0,8.881092071533203e-06
geometry_dropout,test_seen,729,val:2008_003379:part_75,2008_003379,horse,leg,leg,0.0,0.0,0.5929648280143738,0.0005824111867696047,0.9990234375,1.0,9.5367431640625e-07
geometry_dropout,test_seen,730,val:2008_003379:part_83,2008_003379,person,head,head,0.34210526943206787,0.5098039507865906,0.2747252881526947,0.0921248123049736,1.0,1.0,0.95556640625
geometry_dropout,test_seen,731,val:2008_003379:part_85,2008_003379,person,torso,torso,0.2370370328426361,0.38323354721069336,0.41124585270881653,0.3893016278743744,1.0,1.0,0.96630859375
geometry_dropout,test_seen,732,val:2008_003379:part_87,2008_003379,person,leg,leg,0.18134714663028717,0.3070175349712372,0.4674796760082245,0.2852897346019745,0.9990234375,1.0,9.5367431640625e-07
geometry_dropout,test_seen,733,val:2008_003379:part_88,2008_003379,person,foot,foot,0.08791209012269974,0.16161616146564484,0.859375,0.05200594291090965,0.99462890625,1.0,2.384185791015625e-07
geometry_dropout,test_seen,734,val:2008_003379:part_90,2008_003379,person,ear,ear,0.0,0.0,0.0,0.005943536292761564,0.0006213188171386719,0.96728515625,0.0
geometry_dropout,test_seen,735,val:2008_003379:part_93,2008_003379,person,hair,hair,0.13333334028720856,0.23529411852359772,0.1666666716337204,0.016344724223017693,1.0,1.0,0.927734375
geometry_dropout,test_seen,736,val:2008_003379:part_94,2008_003379,person,lower arm,lower arm,0.1538461595773697,0.2666666805744171,0.1794871836900711,0.03120356611907482,0.525390625,1.0,0.0
geometry_dropout,test_seen,737,val:2008_003379:part_95,2008_003379,person,upper arm,upper arm,0.2160000056028366,0.3552631437778473,0.2024291455745697,0.08469539135694504,0.06964111328125,0.99853515625,0.0
geometry_dropout,test_seen,738,val:2008_003379:part_96,2008_003379,person,hand,hand,0.0,0.0,1.0,0.008915304206311703,0.99755859375,1.0,4.756450653076172e-05
geometry_dropout,test_seen,739,val:2008_003451:part_83,2008_003451,person,head,head,0.6604823470115662,0.7955307364463806,0.09109731018543243,0.10034096240997314,1.0,1.0,0.95556640625
geometry_dropout,test_seen,740,val:2008_003451:part_84,2008_003451,person,eye,eye,0.0,0.0,0.0,0.00024354603374376893,0.95703125,1.0,3.516674041748047e-06
geometry_dropout,test_seen,741,val:2008_003451:part_85,2008_003451,person,torso,torso,0.3616834580898285,0.5312298536300659,0.23114247620105743,0.20433512330055237,1.0,1.0,0.96630859375
geometry_dropout,test_seen,742,val:2008_003451:part_87,2008_003451,person,leg,leg,0.6850523948669434,0.8130933046340942,0.1269565224647522,0.3239162266254425,0.9990234375,1.0,9.5367431640625e-07
geometry_dropout,test_seen,743,val:2008_003451:part_88,2008_003451,person,foot,foot,0.546875,0.7070707082748413,0.07894736528396606,0.044568922370672226,0.99462890625,1.0,2.384185791015625e-07
geometry_dropout,test_seen,744,val:2008_003451:part_89,2008_003451,person,nose,nose,0.0,0.0,0.0,0.003409644355997443,0.026153564453125,0.994140625,0.0
geometry_dropout,test_seen,745,val:2008_003451:part_90,2008_003451,person,ear,ear,0.0,0.0,0.0,0.00048709206748753786,0.0006213188171386719,0.96728515625,0.0
geometry_dropout,test_seen,746,val:2008_003451:part_91,2008_003451,person,eyebrow,eyebrow,0.0,0.0,0.0,0.0012177301105111837,0.0008230209350585938,0.5947265625,0.0
geometry_dropout,test_seen,747,val:2008_003451:part_92,2008_003451,person,mouth,mouth,0.0,0.0,0.0,0.0009741841349750757,1.0,1.0,0.48486328125
geometry_dropout,test_seen,748,val:2008_003451:part_94,2008_003451,person,lower arm,lower arm,0.38983049988746643,0.5609756112098694,0.19562575221061707,0.09912323206663132,0.525390625,1.0,0.0
geometry_dropout,test_seen,749,val:2008_003451:part_95,2008_003451,person,upper arm,upper arm,0.392789363861084,0.5640326738357544,0.1428571492433548,0.19191427528858185,0.06964111328125,0.99853515625,0.0
geometry_dropout,test_seen,750,val:2008_003451:part_96,2008_003451,person,hand,hand,0.23160763084888458,0.3761062026023865,0.22857142984867096,0.02484169416129589,0.99755859375,1.0,4.756450653076172e-05
geometry_dropout,test_seen,751,val:2008_003461:part_83,2008_003461,person,head,head,0.4420289993286133,0.6130653023719788,0.4661835730075836,0.07436001300811768,1.0,1.0,0.95556640625
geometry_dropout,test_seen,752,val:2008_003461:part_84,2008_003461,person,eye,eye,0.0,0.0,0.0,0.00040633889148011804,0.95703125,1.0,3.516674041748047e-06
geometry_dropout,test_seen,753,val:2008_003461:part_85,2008_003461,person,torso,torso,0.17986798286437988,0.3048951029777527,0.26700252294540405,0.1292157620191574,1.0,1.0,0.96630859375
geometry_dropout,test_seen,754,val:2008_003461:part_86,2008_003461,person,neck,neck,0.10227272659540176,0.1855670064687729,0.4683544337749481,0.007314099930226803,1.0,1.0,0.96630859375
geometry_dropout,test_seen,755,val:2008_003461:part_87,2008_003461,person,leg,leg,0.516595721244812,0.6812570095062256,0.3557858467102051,0.2535554766654968,0.9990234375,1.0,9.5367431640625e-07
geometry_dropout,test_seen,756,val:2008_003461:part_88,2008_003461,person,foot,foot,0.19565217196941376,0.3272727131843567,0.508474588394165,0.0430719219148159,0.99462890625,1.0,2.384185791015625e-07
geometry_dropout,test_seen,757,val:2008_003461:part_89,2008_003461,person,nose,nose,0.0,0.0,0.0,0.0012190166162326932,0.026153564453125,0.994140625,0.0
geometry_dropout,test_seen,758,val:2008_003461:part_90,2008_003461,person,ear,ear,0.0,0.0,0.0,0.0032507111318409443,0.0006213188171386719,0.96728515625,0.0
geometry_dropout,test_seen,759,val:2008_003461:part_91,2008_003461,person,eyebrow,eyebrow,0.0,0.0,0.0,0.0008126777829602361,0.0008230209350585938,0.5947265625,0.0
geometry_dropout,test_seen,760,val:2008_003461:part_92,2008_003461,person,mouth,mouth,0.0,0.0,0.0,0.0016253555659204721,1.0,1.0,0.48486328125
geometry_dropout,test_seen,761,val:2008_003461:part_93,2008_003461,person,hair,hair,0.027559055015444756,0.05363984778523445,0.4763779640197754,0.002844372298568487,1.0,1.0,0.927734375
geometry_dropout,test_seen,762,val:2008_003461:part_94,2008_003461,person,lower arm,lower arm,0.23433242738246918,0.379690945148468,0.10451977699995041,0.04022755101323128,0.525390625,1.0,0.0
geometry_dropout,test_seen,763,val:2008_003461:part_95,2008_003461,person,upper arm,upper arm,0.4602510333061218,0.6303724646568298,0.07505518943071365,0.09955302625894547,0.06964111328125,0.99853515625,0.0
geometry_dropout,test_seen,764,val:2008_003461:part_96,2008_003461,person,hand,hand,0.1527777761220932,0.2650602459907532,0.5347222089767456,0.008939455263316631,0.99755859375,1.0,4.756450653076172e-05
geometry_dropout,test_seen,765,val:2008_003492:part_83,2008_003492,person,head,head,0.6634920835494995,0.7977099418640137,0.02250351570546627,0.09307543188333511,1.0,1.0,0.95556640625
geometry_dropout,test_seen,766,val:2008_003492:part_84,2008_003492,person,eye,eye,0.13333334028720856,0.23529411852359772,0.0060606058686971664,0.0013339801225811243,0.95703125,1.0,3.516674041748047e-06
geometry_dropout,test_seen,767,val:2008_003492:part_85,2008_003492,person,torso,torso,0.46469050645828247,0.6345238089561462,0.09328683465719223,0.323186993598938,1.0,1.0,0.96630859375
geometry_dropout,test_seen,768,val:2008_003492:part_87,2008_003492,person,leg,leg,0.2661566734313965,0.4204166531562805,0.0867844894528389,0.06118118017911911,0.9990234375,1.0,9.5367431640625e-07
geometry_dropout,test_seen,769,val:2008_003492:part_89,2008_003492,person,nose,nose,0.40909090638160706,0.5806451439857483,0.0,0.0060635460540652275,0.026153564453125,0.994140625,0.0
geometry_dropout,test_seen,770,val:2008_003492:part_90,2008_003492,person,ear,ear,0.1644444465637207,0.28244274854660034,0.0,0.002243512077257037,0.0006213188171386719,0.96728515625,0.0
geometry_dropout,test_seen,771,val:2008_003492:part_91,2008_003492,person,eyebrow,eyebrow,0.07172995805740356,0.13385826349258423,0.004291845485568047,0.0012733446201309562,0.0008230209350585938,0.5947265625,0.0
geometry_dropout,test_seen,772,val:2008_003492:part_92,2008_003492,person,mouth,mouth,0.19512194395065308,0.3265306055545807,0.04219409450888634,0.003456221194937825,1.0,1.0,0.48486328125
geometry_dropout,test_seen,773,val:2008_003492:part_93,2008_003492,person,hair,hair,0.6304599046707153,0.7733522057533264,0.1449679434299469,0.2102837711572647,1.0,1.0,0.927734375
geometry_dropout,test_seen,774,val:2008_003492:part_94,2008_003492,person,lower arm,lower arm,0.19341668486595154,0.32413941621780396,0.0783563032746315,0.046022314578294754,0.525390625,1.0,0.0
geometry_dropout,test_seen,775,val:2008_003492:part_95,2008_003492,person,upper arm,upper arm,0.48038235306739807,0.6489976644515991,0.0014423769898712635,0.20876789093017578,0.06964111328125,0.99853515625,0.0
geometry_dropout,test_seen,776,val:2008_003492:part_96,2008_003492,person,hand,hand,0.7538859844207764,0.8596750497817993,0.09481481462717056,0.04117147624492645,0.99755859375,1.0,4.756450653076172e-05
geometry_dropout,test_seen,777,val:2008_003499:part_42,2008_003499,cat,tail,tail,0.47174933552742004,0.6410729289054871,0.1750703901052475,0.14340464770793915,0.986328125,1.0,6.556510925292969e-07
geometry_dropout,test_seen,778,val:2008_003499:part_43,2008_003499,cat,head,head,0.7018564939498901,0.8248127698898315,0.08728387951850891,0.17810605466365814,1.0,1.0,0.95556640625
geometry_dropout,test_seen,779,val:2008_003499:part_44,2008_003499,cat,eye,eye,0.25,0.4000000059604645,0.0,0.008013378828763962,0.95703125,1.0,3.516674041748047e-06
geometry_dropout,test_seen,780,val:2008_003499:part_45,2008_003499,cat,torso,torso,0.7128217816352844,0.8323361873626709,0.04315628111362457,0.409309446811676,1.0,1.0,0.96630859375
geometry_dropout,test_seen,781,val:2008_003499:part_46,2008_003499,cat,neck,neck,0.23450292646884918,0.3799147307872772,0.0,0.028639119118452072,1.0,1.0,0.96630859375
geometry_dropout,test_seen,782,val:2008_003499:part_47,2008_003499,cat,leg,leg,0.4111816883087158,0.5827480554580688,0.09347300231456757,0.12751725316047668,0.9990234375,1.0,9.5367431640625e-07
geometry_dropout,test_seen,783,val:2008_003499:part_48,2008_003499,cat,nose,nose,0.30188679695129395,0.4637681245803833,0.0,0.0022298097610473633,0.026153564453125,0.994140625,0.0
geometry_dropout,test_seen,784,val:2008_003499:part_49,2008_003499,cat,paw,paw,0.2004321962594986,0.33393338322639465,0.13035018742084503,0.04738345742225647,0.99072265625,1.0,2.384185791015625e-07
geometry_dropout,test_seen,785,val:2008_003499:part_50,2008_003499,cat,ear,ear,0.49605056643486023,0.6631467938423157,0.31194868683815,0.045083966106176376,0.0006213188171386719,0.96728515625,0.0
geometry_dropout,test_seen,786,val:2008_003546:part_83,2008_003546,person,head,head,0.10628019273281097,0.19213974475860596,0.15000000596046448,0.01843910850584507,1.0,1.0,0.95556640625
geometry_dropout,test_seen,787,val:2008_003546:part_84,2008_003546,person,eye,eye,0.0,0.0,0.0,0.00042881647823378444,0.95703125,1.0,3.516674041748047e-06
geometry_dropout,test_seen,788,val:2008_003546:part_85,2008_003546,person,torso,torso,0.15415020287036896,0.267123281955719,0.19293078780174255,0.111635223031044,1.0,1.0,0.96630859375
geometry_dropout,test_seen,789,val:2008_003546:part_86,2008_003546,person,neck,neck,0.0,0.0,0.0,0.00414522597566247,1.0,1.0,0.96630859375
geometry_dropout,test_seen,790,val:2008_003546:part_87,2008_003546,person,leg,leg,0.12154232710599899,0.2167413979768753,0.2599118947982788,0.1588050276041031,0.9990234375,1.0,9.5367431640625e-07
geometry_dropout,test_seen,791,val:2008_003546:part_88,2008_003546,person,foot,foot,0.0,0.0,0.5700483322143555,0.009148084558546543,0.99462890625,1.0,2.384185791015625e-07
geometry_dropout,test_seen,792,val:2008_003546:part_89,2008_003546,person,nose,nose,0.0,0.0,0.0,0.0005717552849091589,0.026153564453125,0.994140625,0.0
geometry_dropout,test_seen,793,val:2008_003546:part_90,2008_003546,person,ear,ear,0.0,0.0,0.0,0.00028587764245457947,0.0006213188171386719,0.96728515625,0.0
geometry_dropout,test_seen,794,val:2008_003546:part_91,2008_003546,person,eyebrow,eyebrow,0.0,0.0,0.0,0.00028587764245457947,0.0008230209350585938,0.5947265625,0.0
geometry_dropout,test_seen,795,val:2008_003546:part_92,2008_003546,person,mouth,mouth,0.0,0.0,0.0,0.0015723269898444414,1.0,1.0,0.48486328125
geometry_dropout,test_seen,796,val:2008_003546:part_93,2008_003546,person,hair,hair,0.033530570566654205,0.06488549709320068,0.18623481690883636,0.039594054222106934,1.0,1.0,0.927734375
geometry_dropout,test_seen,797,val:2008_003546:part_94,2008_003546,person,lower arm,lower arm,0.0,0.0,0.8656716346740723,0.007575757801532745,0.525390625,1.0,0.0
geometry_dropout,test_seen,798,val:2008_003546:part_95,2008_003546,person,upper arm,upper arm,0.0,0.0,0.7904040217399597,0.01658090390264988,0.06964111328125,0.99853515625,0.0
geometry_dropout,test_seen,799,val:2008_003546:part_96,2008_003546,person,hand,hand,0.0,0.0,0.8241042494773865,0.006718124728649855,0.99755859375,1.0,4.756450653076172e-05
geometry_dropout,test_seen,800,val:2008_003676:part_97,2008_003676,pottedplant,pot,pot,0.14785991609096527,0.25762712955474854,0.3035019338130951,0.023072252050042152,0.99755859375,1.0,4.76837158203125e-06
geometry_dropout,test_seen,801,val:2008_003676:part_98,2008_003676,pottedplant,plant,plant,0.27280065417289734,0.4286620020866394,0.49374479055404663,0.4590163826942444,1.0,1.0,0.6298828125
geometry_dropout,test_seen,802,val:2008_003733:part_83,2008_003733,person,head,head,0.501177191734314,0.6677122116088867,0.07926065474748611,0.10924802720546722,1.0,1.0,0.95556640625
geometry_dropout,test_seen,803,val:2008_003733:part_84,2008_003733,person,eye,eye,0.04318936914205551,0.08280254900455475,0.0,0.0009728739969432354,0.95703125,1.0,3.516674041748047e-06
geometry_dropout,test_seen,804,val:2008_003733:part_85,2008_003733,person,torso,torso,0.255297988653183,0.4067527949810028,0.051331572234630585,0.1590362787246704,1.0,1.0,0.96630859375
geometry_dropout,test_seen,805,val:2008_003733:part_86,2008_003733,person,neck,neck,0.10437710583209991,0.18902438879013062,0.0,0.006695662159472704,1.0,1.0,0.96630859375
geometry_dropout,test_seen,806,val:2008_003733:part_89,2008_003733,person,nose,nose,0.09505703300237656,0.1736111044883728,0.0,0.0028041661716997623,0.026153564453125,0.994140625,0.0
geometry_dropout,test_seen,807,val:2008_003733:part_90,2008_003733,person,ear,ear,0.008928571827709675,0.017699114978313446,0.375,0.001487924950197339,0.0006213188171386719,0.96728515625,0.0
geometry_dropout,test_seen,808,val:2008_003733:part_91,2008_003733,person,eyebrow,eyebrow,0.0,0.0,0.0,0.0012017855187878013,0.0008230209350585938,0.5947265625,0.0
geometry_dropout,test_seen,809,val:2008_003733:part_92,2008_003733,person,mouth,mouth,0.13698630034923553,0.2409638613462448,0.0,0.0012590134283527732,1.0,1.0,0.48486328125
geometry_dropout,test_seen,810,val:2008_003733:part_93,2008_003733,person,hair,hair,0.03565505892038345,0.06885508447885513,0.2222222238779068,0.005436648614704609,1.0,1.0,0.927734375
geometry_dropout,test_seen,811,val:2008_003733:part_94,2008_003733,person,lower arm,lower arm,0.02432432398200035,0.047493401914834976,0.011949216015636921,0.05350806936621666,0.525390625,1.0,0.0
geometry_dropout,test_seen,812,val:2008_003733:part_95,2008_003733,person,upper arm,upper arm,0.0,0.0,0.0830993801355362,0.06936018913984299,0.06964111328125,0.99853515625,0.0
geometry_dropout,test_seen,813,val:2008_003733:part_96,2008_003733,person,hand,hand,0.22898031771183014,0.3726346492767334,0.06946983188390732,0.016023807227611542,0.99755859375,1.0,4.756450653076172e-05
geometry_dropout,test_seen,814,val:2008_003777:part_22,2008_003777,bus,wheel,wheel,0.38205644488334656,0.552881121635437,0.3252525329589844,0.01965031772851944,0.99853515625,1.0,8.881092071533203e-06
geometry_dropout,test_seen,815,val:2008_003777:part_25,2008_003777,bus,side,side,0.6639446020126343,0.7980369329452515,0.11179091036319733,0.5819794535636902,1.0,1.0,0.0604248046875
geometry_dropout,test_seen,816,val:2008_003777:part_28,2008_003777,bus,mirror,mirror,0.0,0.0,0.0,0.006601681467145681,0.84912109375,1.0,4.231929779052734e-06
geometry_dropout,test_seen,817,val:2008_003777:part_31,2008_003777,bus,window,window,0.531697154045105,0.6942588686943054,0.1002260074019432,0.3176027536392212,1.0,1.0,0.327880859375
geometry_dropout,test_seen,818,val:2008_003782:part_70,2008_003782,horse,tail,tail,0.10341261327266693,0.18744142353534698,0.17700113356113434,0.03379012644290924,0.986328125,1.0,6.556510925292969e-07
geometry_dropout,test_seen,819,val:2008_003782:part_71,2008_003782,horse,head,head,0.4545454680919647,0.625,0.25,0.0495588518679142,1.0,1.0,0.95556640625
geometry_dropout,test_seen,820,val:2008_003782:part_72,2008_003782,horse,eye,eye,0.0,0.0,0.0,0.0007508916896767914,0.95703125,1.0,3.516674041748047e-06
geometry_dropout,test_seen,821,val:2008_003782:part_73,2008_003782,horse,torso,torso,0.6812187433242798,0.8103867769241333,0.11390361934900284,0.573868989944458,1.0,1.0,0.96630859375
geometry_dropout,test_seen,822,val:2008_003782:part_74,2008_003782,horse,neck,neck,0.7049180269241333,0.8269230723381042,0.25632184743881226,0.12952882051467896,1.0,1.0,0.96630859375
geometry_dropout,test_seen,823,val:2008_003782:part_75,2008_003782,horse,leg,leg,0.41716328263282776,0.5887300372123718,0.46073299646377563,0.15956448018550873,0.9990234375,1.0,9.5367431640625e-07
geometry_dropout,test_seen,824,val:2008_003782:part_76,2008_003782,horse,ear,ear,0.014492753893136978,0.02857142873108387,0.9833333492279053,0.0037544583901762962,0.0006213188171386719,0.96728515625,0.0
geometry_dropout,test_seen,825,val:2008_003782:part_77,2008_003782,horse,muzzle,muzzle,0.4683907926082611,0.6379647850990295,0.268608421087265,0.037920031696558,0.982421875,1.0,3.4570693969726562e-06
geometry_dropout,test_seen,826,val:2008_003856:part_83,2008_003856,person,head,head,0.5928705334663391,0.744405210018158,0.0,0.10176531970500946,1.0,1.0,0.95556640625
geometry_dropout,test_seen,827,val:2008_003856:part_84,2008_003856,person,eye,eye,0.0,0.0,0.0,0.002076843287795782,0.95703125,1.0,3.516674041748047e-06
geometry_dropout,test_seen,828,val:2008_003856:part_85,2008_003856,person,torso,torso,0.7917969822883606,0.8838021159172058,0.014181523583829403,0.5580477714538574,1.0,1.0,0.96630859375
geometry_dropout,test_seen,829,val:2008_003856:part_86,2008_003856,person,neck,neck,0.40109890699386597,0.572549045085907,0.0,0.024922117590904236,1.0,1.0,0.96630859375
geometry_dropout,test_seen,830,val:2008_003856:part_89,2008_003856,person,nose,nose,0.18309858441352844,0.3095238208770752,0.0,0.005192107986658812,0.026153564453125,0.994140625,0.0
geometry_dropout,test_seen,831,val:2008_003856:part_90,2008_003856,person,ear,ear,0.0,0.0,0.0,0.004984423518180847,0.0006213188171386719,0.96728515625,0.0
geometry_dropout,test_seen,832,val:2008_003856:part_91,2008_003856,person,eyebrow,eyebrow,0.0,0.0,0.0,0.0006230529397726059,0.0008230209350585938,0.5947265625,0.0
geometry_dropout,test_seen,833,val:2008_003856:part_92,2008_003856,person,mouth,mouth,0.0,0.0,0.0,0.001661474583670497,1.0,1.0,0.48486328125
geometry_dropout,test_seen,834,val:2008_003856:part_94,2008_003856,person,lower arm,lower arm,0.4138486385345459,0.5854213833808899,0.19602978229522705,0.09865005314350128,0.525390625,1.0,0.0
geometry_dropout,test_seen,835,val:2008_003856:part_95,2008_003856,person,upper arm,upper arm,0.6169491410255432,0.7631027102470398,0.048757169395685196,0.179023876786232,0.06964111328125,0.99853515625,0.0
geometry_dropout,test_seen,836,val:2008_003856:part_96,2008_003856,person,hand,hand,0.1111111119389534,0.20000000298023224,0.8205128312110901,0.012876427732408047,0.99755859375,1.0,4.756450653076172e-05
geometry_dropout,test_seen,837,val:2008_003874:part_83,2008_003874,person,head,head,0.2505285441875458,0.40067625045776367,0.069257952272892,0.025159213691949844,1.0,1.0,0.95556640625
geometry_dropout,test_seen,838,val:2008_003874:part_84,2008_003874,person,eye,eye,0.05263157933950424,0.10000000149011612,0.0,0.001224718289449811,0.95703125,1.0,3.516674041748047e-06
geometry_dropout,test_seen,839,val:2008_003874:part_85,2008_003874,person,torso,torso,0.37942981719970703,0.5501255989074707,0.018757862970232964,0.23805025219917297,1.0,1.0,0.96630859375
geometry_dropout,test_seen,840,val:2008_003874:part_86,2008_003874,person,neck,neck,0.2541353404521942,0.40527579188346863,0.07373965531587601,0.011862271465361118,1.0,1.0,0.96630859375
geometry_dropout,test_seen,841,val:2008_003874:part_87,2008_003874,person,leg,leg,0.3229697048664093,0.48824959993362427,0.014669926837086678,0.12978515028953552,0.9990234375,1.0,9.5367431640625e-07
geometry_dropout,test_seen,842,val:2008_003874:part_89,2008_003874,person,nose,nose,0.2850467264652252,0.44363635778427124,0.0,0.002379452809691429,0.026153564453125,0.994140625,0.0
geometry_dropout,test_seen,843,val:2008_003874:part_90,2008_003874,person,ear,ear,0.043902438133955,0.08411215245723724,0.0,0.0009097907459363341,0.0006213188171386719,0.96728515625,0.0
geometry_dropout,test_seen,844,val:2008_003874:part_91,2008_003874,person,eyebrow,eyebrow,0.14049586653709412,0.24637681245803833,0.0,0.0007348309736698866,0.0008230209350585938,0.5947265625,0.0
geometry_dropout,test_seen,845,val:2008_003874:part_92,2008_003874,person,mouth,mouth,0.09122806787490845,0.16720257699489594,0.0,0.0017146056052297354,1.0,1.0,0.48486328125
geometry_dropout,test_seen,846,val:2008_003874:part_93,2008_003874,person,hair,hair,0.3234579861164093,0.48880735039711,0.2341678887605667,0.024074463173747063,1.0,1.0,0.927734375
geometry_dropout,test_seen,847,val:2008_003874:part_94,2008_003874,person,lower arm,lower arm,0.24960443377494812,0.3994935154914856,0.15656109154224396,0.03320736065506935,0.525390625,1.0,0.0
geometry_dropout,test_seen,848,val:2008_003874:part_95,2008_003874,person,upper arm,upper arm,0.24531835317611694,0.39398497343063354,0.1039402186870575,0.05987123027443886,0.06964111328125,0.99853515625,0.0
geometry_dropout,test_seen,849,val:2008_003874:part_96,2008_003874,person,hand,hand,0.13613013923168182,0.2396382838487625,0.07849133759737015,0.012107214890420437,0.99755859375,1.0,4.756450653076172e-05
geometry_dropout,test_seen,850,val:2008_003876:part_0,2008_003876,aeroplane,body,body,0.6436919569969177,0.7832269668579102,0.19670602679252625,0.5989431738853455,1.0,1.0,0.94677734375
geometry_dropout,test_seen,851,val:2008_003876:part_1,2008_003876,aeroplane,stern,stern,0.5682781934738159,0.724716067314148,0.3513745665550232,0.18097753822803497,1.0,1.0,0.11859130859375
geometry_dropout,test_seen,852,val:2008_003876:part_2,2008_003876,aeroplane,wing,wing,0.1989295333623886,0.331845223903656,0.18906809389591217,0.06023778021335602,0.98779296875,1.0,1.3649463653564453e-05
geometry_dropout,test_seen,853,val:2008_003876:part_4,2008_003876,aeroplane,engine,engine,0.4703504145145416,0.6397800445556641,0.09925925731658936,0.10990753024816513,0.9951171875,1.0,2.300739288330078e-05
geometry_dropout,test_seen,854,val:2008_003885:part_115,2008_003885,tvmonitor,screen,screen,0.8252835869789124,0.9042798280715942,0.0028175627812743187,0.5828675031661987,1.0,1.0,0.98779296875
geometry_dropout,test_seen,855,val:2008_003926:part_0,2008_003926,aeroplane,body,body,0.748958945274353,0.8564625978469849,0.09706732630729675,0.6453601717948914,1.0,1.0,0.94677734375
geometry_dropout,test_seen,856,val:2008_003926:part_1,2008_003926,aeroplane,stern,stern,0.6843501329421997,0.8125984072685242,0.15558801591396332,0.18997403979301453,1.0,1.0,0.11859130859375
geometry_dropout,test_seen,857,val:2008_003926:part_2,2008_003926,aeroplane,wing,wing,0.08387096971273422,0.1547619104385376,0.05246913433074951,0.03309539332985878,0.98779296875,1.0,1.3649463653564453e-05
geometry_dropout,test_seen,858,val:2008_003926:part_3,2008_003926,aeroplane,tail,tail,0.0,0.0,0.0,0.0003243593964725733,0.986328125,1.0,6.556510925292969e-07
geometry_dropout,test_seen,859,val:2008_003926:part_4,2008_003926,aeroplane,engine,engine,0.6159999966621399,0.7623762488365173,0.15778250992298126,0.10999350994825363,0.9951171875,1.0,2.300739288330078e-05
geometry_dropout,test_seen,860,val:2008_003926:part_5,2008_003926,aeroplane,wheel,wheel,0.15988372266292572,0.2756892144680023,0.2996633052825928,0.01654769666492939,0.99853515625,1.0,8.881092071533203e-06
geometry_dropout,test_seen,861,val:2008_003976:part_0,2008_003976,aeroplane,body,body,0.706468939781189,0.8279892206192017,0.21675007045269012,0.6386237740516663,1.0,1.0,0.94677734375
geometry_dropout,test_seen,862,val:2008_003976:part_1,2008_003976,aeroplane,stern,stern,0.616121768951416,0.762469470500946,0.2764603793621063,0.25260820984840393,1.0,1.0,0.11859130859375
geometry_dropout,test_seen,863,val:2008_003976:part_3,2008_003976,aeroplane,tail,tail,0.0,0.0,0.0,0.0004439511685632169,0.986328125,1.0,6.556510925292969e-07
geometry_dropout,test_seen,864,val:2008_003976:part_4,2008_003976,aeroplane,engine,engine,0.2336655557155609,0.37881508469581604,0.19930070638656616,0.056825749576091766,0.9951171875,1.0,2.300739288330078e-05
geometry_dropout,test_seen,865,val:2008_003976:part_5,2008_003976,aeroplane,wheel,wheel,0.0,0.0,0.40860214829444885,0.0015538290608674288,0.99853515625,1.0,8.881092071533203e-06
geometry_dropout,test_seen,866,val:2008_004101:part_83,2008_004101,person,head,head,0.6882776618003845,0.8153607249259949,0.1520991027355194,0.08527249097824097,1.0,1.0,0.95556640625
geometry_dropout,test_seen,867,val:2008_004101:part_84,2008_004101,person,eye,eye,0.0,0.0,0.010989011265337467,0.001212764298543334,0.95703125,1.0,3.516674041748047e-06
geometry_dropout,test_seen,868,val:2008_004101:part_85,2008_004101,person,torso,torso,0.7628605365753174,0.8654803037643433,0.04521476849913597,0.39581596851348877,1.0,1.0,0.96630859375
geometry_dropout,test_seen,869,val:2008_004101:part_86,2008_004101,person,neck,neck,0.46685880422592163,0.6365422606468201,0.1559322029352188,0.01622072234749794,1.0,1.0,0.96630859375
geometry_dropout,test_seen,870,val:2008_004101:part_89,2008_004101,person,nose,nose,0.5857142806053162,0.7387387156486511,0.0,0.0034866975620388985,0.026153564453125,0.994140625,0.0
geometry_dropout,test_seen,871,val:2008_004101:part_90,2008_004101,person,ear,ear,0.25,0.4000000059604645,0.4312500059604645,0.003031910862773657,0.0006213188171386719,0.96728515625,0.0
geometry_dropout,test_seen,872,val:2008_004101:part_91,2008_004101,person,eyebrow,eyebrow,0.0,0.0,0.0,0.0015159554313868284,0.0008230209350585938,0.5947265625,0.0
geometry_dropout,test_seen,873,val:2008_004101:part_92,2008_004101,person,mouth,mouth,0.13333334028720856,0.23529411852359772,0.0,0.0014401576481759548,1.0,1.0,0.48486328125
geometry_dropout,test_seen,874,val:2008_004101:part_93,2008_004101,person,hair,hair,0.2150537669658661,0.3539822995662689,0.0,0.0043204729445278645,1.0,1.0,0.927734375
geometry_dropout,test_seen,875,val:2008_004101:part_94,2008_004101,person,lower arm,lower arm,0.4827008843421936,0.6511102914810181,0.19248826801776886,0.07223527878522873,0.525390625,1.0,0.0
geometry_dropout,test_seen,876,val:2008_004101:part_95,2008_004101,person,upper arm,upper arm,0.504325270652771,0.6705002784729004,0.21425409615039825,0.09239748120307922,0.06964111328125,0.99853515625,0.0
geometry_dropout,test_seen,877,val:2008_004101:part_96,2008_004101,person,hand,hand,0.7106227278709412,0.8308351039886475,0.04713114723563194,0.06761161237955093,0.99755859375,1.0,4.756450653076172e-05
geometry_dropout,test_seen,878,val:2008_004140:part_83,2008_004140,person,head,head,0.5748865604400635,0.730067253112793,0.0,0.03774617239832878,1.0,1.0,0.95556640625
geometry_dropout,test_seen,879,val:2008_004140:part_84,2008_004140,person,eye,eye,0.0,0.0,0.0,0.00041028446867130697,0.95703125,1.0,3.516674041748047e-06
geometry_dropout,test_seen,880,val:2008_004140:part_85,2008_004140,person,torso,torso,0.6136554479598999,0.7605780363082886,0.06848739832639694,0.19974015653133392,1.0,1.0,0.96630859375
geometry_dropout,test_seen,881,val:2008_004140:part_87,2008_004140,person,leg,leg,0.8660860061645508,0.928238034248352,0.0699339210987091,0.22045952081680298,0.9990234375,1.0,9.5367431640625e-07
geometry_dropout,test_seen,882,val:2008_004140:part_89,2008_004140,person,nose,nose,0.0,0.0,0.0,0.0014359955675899982,0.026153564453125,0.994140625,0.0
geometry_dropout,test_seen,883,val:2008_004140:part_90,2008_004140,person,ear,ear,0.296875,0.45783132314682007,0.0,0.00321389501914382,0.0006213188171386719,0.96728515625,0.0
geometry_dropout,test_seen,884,val:2008_004140:part_91,2008_004140,person,eyebrow,eyebrow,0.0,0.0,0.0,0.0008205689373426139,0.0008230209350585938,0.5947265625,0.0
geometry_dropout,test_seen,885,val:2008_004140:part_92,2008_004140,person,mouth,mouth,0.0,0.0,0.0,0.00041028446867130697,1.0,1.0,0.48486328125
geometry_dropout,test_seen,886,val:2008_004140:part_93,2008_004140,person,hair,hair,0.7110016345977783,0.8310940265655518,0.1767955869436264,0.03412199020385742,1.0,1.0,0.927734375
geometry_dropout,test_seen,887,val:2008_004140:part_94,2008_004140,person,lower arm,lower arm,0.6139037609100342,0.760768711566925,0.08968058973550797,0.04752461612224579,0.525390625,1.0,0.0
geometry_dropout,test_seen,888,val:2008_004140:part_95,2008_004140,person,upper arm,upper arm,0.6945663094520569,0.8197570443153381,0.017337031662464142,0.14612965285778046,0.06964111328125,0.99853515625,0.0
geometry_dropout,test_seen,889,val:2008_004140:part_96,2008_004140,person,hand,hand,0.3147208094596863,0.47876447439193726,0.47638604044914246,0.01983041502535343,0.99755859375,1.0,4.756450653076172e-05
geometry_dropout,test_seen,890,val:2008_004175:part_70,2008_004175,horse,tail,tail,0.22543352842330933,0.3679245412349701,0.761904776096344,0.059863947331905365,0.986328125,1.0,6.556510925292969e-07
geometry_dropout,test_seen,891,val:2008_004175:part_71,2008_004175,horse,head,head,0.22522522509098053,0.36764705181121826,0.5,0.05170068144798279,1.0,1.0,0.95556640625
geometry_dropout,test_seen,892,val:2008_004175:part_72,2008_004175,horse,eye,eye,0.0,0.0,0.0,0.004081632476300001,0.95703125,1.0,3.516674041748047e-06
geometry_dropout,test_seen,893,val:2008_004175:part_73,2008_004175,horse,torso,torso,0.6516329646110535,0.7890772223472595,0.11496063321828842,0.5809524059295654,1.0,1.0,0.96630859375
geometry_dropout,test_seen,894,val:2008_004175:part_74,2008_004175,horse,neck,neck,0.5042372941970825,0.6704225540161133,0.3212669789791107,0.18231292068958282,1.0,1.0,0.96630859375
geometry_dropout,test_seen,895,val:2008_004175:part_75,2008_004175,horse,leg,leg,0.22404371201992035,0.3660714328289032,0.6424242258071899,0.08027210831642151,0.9990234375,1.0,9.5367431640625e-07
geometry_dropout,test_seen,896,val:2008_004175:part_76,2008_004175,horse,ear,ear,0.0,0.0,0.0,0.004081632476300001,0.0006213188171386719,0.96728515625,0.0
geometry_dropout,test_seen,897,val:2008_004175:part_77,2008_004175,horse,muzzle,muzzle,0.3384615480899811,0.5057471394538879,0.578125,0.031292516738176346,0.982421875,1.0,3.4570693969726562e-06
geometry_dropout,test_seen,898,val:2008_004212:part_109,2008_004212,train,head,head,0.0,0.0,0.2711864411830902,0.05027933046221733,1.0,1.0,0.95556640625
geometry_dropout,test_seen,899,val:2008_004212:part_110,2008_004212,train,front,front,0.734415590763092,0.8468738198280334,0.07055961340665817,0.3651599884033203,1.0,1.0,0.8779296875
geometry_dropout,test_seen,900,val:2008_004212:part_111,2008_004212,train,side,side,0.6139896512031555,0.7608346939086914,0.13472706079483032,0.549263596534729,1.0,1.0,0.0604248046875
geometry_dropout,test_seen,901,val:2008_004212:part_114,2008_004212,train,coach,coach,0.005877743009477854,0.011686793528497219,0.01385589875280857,0.010411376133561134,1.0,1.0,0.90087890625
geometry_dropout,test_seen,902,val:2008_004279:part_115,2008_004279,tvmonitor,screen,screen,0.814436137676239,0.8977291584014893,0.0,0.6554293632507324,1.0,1.0,0.98779296875
geometry_dropout,test_seen,903,val:2008_004363:part_6,2008_004363,bicycle,wheel,wheel,0.2888818383216858,0.44826740026474,0.6713193655014038,0.557601273059845,0.99853515625,1.0,8.881092071533203e-06
geometry_dropout,test_seen,904,val:2008_004363:part_7,2008_004363,bicycle,saddle,saddle,0.27142858505249023,0.42696627974510193,0.42424243688583374,0.0294581800699234,1.0,1.0,0.1939697265625
geometry_dropout,test_seen,905,val:2008_004363:part_8,2008_004363,bicycle,handlebar,handlebar,0.09532710164785385,0.17406143248081207,0.517110288143158,0.031562335789203644,0.99951171875,1.0,0.076416015625
geometry_dropout,test_seen,906,val:2008_004363:part_9,2008_004363,bicycle,chainwheel,chainwheel,0.1574344038963318,0.27204030752182007,0.6686747074127197,0.0341925285756588,0.8896484375,1.0,5.960464477539063e-08
geometry_dropout,test_seen,907,val:2008_004367:part_109,2008_004367,train,head,head,0.06602641195058823,0.12387387454509735,0.31761443614959717,0.010703070089221,1.0,1.0,0.95556640625
geometry_dropout,test_seen,908,val:2008_004367:part_110,2008_004367,train,front,front,0.8413072824478149,0.9138152003288269,0.05338739603757858,0.32115617394447327,1.0,1.0,0.8779296875
geometry_dropout,test_seen,909,val:2008_004367:part_111,2008_004367,train,side,side,0.3566057085990906,0.5257322788238525,0.05475623533129692,0.31731078028678894,1.0,1.0,0.0604248046875
geometry_dropout,test_seen,910,val:2008_004367:part_114,2008_004367,train,coach,coach,0.01695568487048149,0.033345963805913925,0.05526544898748398,0.021854771301150322,1.0,1.0,0.90087890625
geometry_dropout,test_seen,911,val:2008_004396:part_71,2008_004396,horse,head,head,0.6624352335929871,0.7969456315040588,0.08617345243692398,0.24406780302524567,1.0,1.0,0.95556640625
geometry_dropout,test_seen,912,val:2008_004396:part_72,2008_004396,horse,eye,eye,0.35406699776649475,0.5229681730270386,0.1456310749053955,0.006692742463201284,0.95703125,1.0,3.516674041748047e-06
geometry_dropout,test_seen,913,val:2008_004396:part_73,2008_004396,horse,torso,torso,0.45645764470100403,0.6268052458763123,0.2308753877878189,0.20312906801700592,1.0,1.0,0.96630859375
geometry_dropout,test_seen,914,val:2008_004396:part_76,2008_004396,horse,ear,ear,0.6450304388999939,0.7842170000076294,0.25578832626342773,0.06214689090847969,0.0006213188171386719,0.96728515625,0.0
geometry_dropout,test_seen,915,val:2008_004396:part_77,2008_004396,horse,muzzle,muzzle,0.8351628184318542,0.9101784229278564,0.039513107389211655,0.40773576498031616,0.982421875,1.0,3.4570693969726562e-06
geometry_dropout,test_seen,916,val:2008_004399:part_83,2008_004399,person,head,head,0.4000000059604645,0.5714285969734192,0.3617021143436432,0.20900900661945343,1.0,1.0,0.95556640625
geometry_dropout,test_seen,917,val:2008_004399:part_84,2008_004399,person,eye,eye,0.0,0.0,0.0,0.007207207381725311,0.95703125,1.0,3.516674041748047e-06
geometry_dropout,test_seen,918,val:2008_004399:part_85,2008_004399,person,torso,torso,0.5384615659713745,0.699999988079071,0.13983051478862762,0.2594594657421112,1.0,1.0,0.96630859375
geometry_dropout,test_seen,919,val:2008_004399:part_87,2008_004399,person,leg,leg,0.06956521421670914,0.13008129596710205,0.7349397540092468,0.14414414763450623,0.9990234375,1.0,9.5367431640625e-07
geometry_dropout,test_seen,920,val:2008_004399:part_88,2008_004399,person,foot,foot,0.17391304671764374,0.29629629850387573,0.20000000298023224,0.03963964059948921,0.99462890625,1.0,2.384185791015625e-07
geometry_dropout,test_seen,921,val:2008_004399:part_89,2008_004399,person,nose,nose,0.0,0.0,0.0,0.007207207381725311,0.026153564453125,0.994140625,0.0
geometry_dropout,test_seen,922,val:2008_004399:part_94,2008_004399,person,lower arm,lower arm,0.11616161465644836,0.20814479887485504,0.5947368144989014,0.05585585534572601,0.525390625,1.0,0.0
geometry_dropout,test_seen,923,val:2008_004399:part_95,2008_004399,person,upper arm,upper arm,0.16153846681118011,0.2781457006931305,0.11483253538608551,0.16756756603717804,0.06964111328125,0.99853515625,0.0
geometry_dropout,test_seen,924,val:2008_004399:part_96,2008_004399,person,hand,hand,0.012861736118793488,0.02539682574570179,0.8135048151016235,0.007207207381725311,0.99755859375,1.0,4.756450653076172e-05
geometry_dropout,test_seen,925,val:2008_004477:part_97,2008_004477,pottedplant,pot,pot,0.0,0.0,0.08791209012269974,0.06299212574958801,0.99755859375,1.0,4.76837158203125e-06
geometry_dropout,test_seen,926,val:2008_004477:part_98,2008_004477,pottedplant,plant,plant,0.2006220817565918,0.33419689536094666,0.5673640370368958,0.9315944910049438,1.0,1.0,0.6298828125
geometry_dropout,test_seen,927,val:2008_004575:part_83,2008_004575,person,head,head,0.0,0.0,0.1587301641702652,0.04368932172656059,1.0,1.0,0.95556640625
geometry_dropout,test_seen,928,val:2008_004575:part_84,2008_004575,person,eye,eye,0.0,0.0,0.0,0.0007925500394776464,0.95703125,1.0,3.516674041748047e-06
geometry_dropout,test_seen,929,val:2008_004575:part_85,2008_004575,person,torso,torso,0.0,0.0,0.12829525768756866,0.26827818155288696,1.0,1.0,0.96630859375
geometry_dropout,test_seen,930,val:2008_004575:part_86,2008_004575,person,neck,neck,0.0,0.0,0.09701492637395859,0.012878937646746635,1.0,1.0,0.96630859375
geometry_dropout,test_seen,931,val:2008_004575:part_87,2008_004575,person,leg,leg,0.0,0.0,0.38461539149284363,0.10818307846784592,0.9990234375,1.0,9.5367431640625e-07
geometry_dropout,test_seen,932,val:2008_004575:part_89,2008_004575,person,nose,nose,0.0,0.0,0.0,0.0026748564559966326,0.026153564453125,0.994140625,0.0
geometry_dropout,test_seen,933,val:2008_004575:part_90,2008_004575,person,ear,ear,0.0,0.0,0.0,0.0025757874827831984,0.0006213188171386719,0.96728515625,0.0
geometry_dropout,test_seen,934,val:2008_004575:part_91,2008_004575,person,eyebrow,eyebrow,0.0,0.0,0.0,0.0009906875202432275,0.0008230209350585938,0.5947265625,0.0
geometry_dropout,test_seen,935,val:2008_004575:part_92,2008_004575,person,mouth,mouth,0.0,0.0,0.0,0.0020804437808692455,1.0,1.0,0.48486328125
geometry_dropout,test_seen,936,val:2008_004575:part_93,2008_004575,person,hair,hair,0.008784772828221321,0.017416546121239662,0.21042470633983612,0.016940757632255554,1.0,1.0,0.927734375
geometry_dropout,test_seen,937,val:2008_004575:part_94,2008_004575,person,lower arm,lower arm,0.0,0.0,0.18965516984462738,0.013473350554704666,0.525390625,1.0,0.0
geometry_dropout,test_seen,938,val:2008_004575:part_95,2008_004575,person,upper arm,upper arm,0.0,0.0,0.0,0.07568852603435516,0.06964111328125,0.99853515625,0.0
geometry_dropout,test_seen,939,val:2008_004575:part_96,2008_004575,person,hand,hand,0.33269599080085754,0.4992826282978058,0.1547619104385376,0.03576381877064705,0.99755859375,1.0,4.756450653076172e-05
geometry_dropout,test_seen,940,val:2008_004610:part_109,2008_004610,train,head,head,0.059183672070503235,0.11175337433815002,0.539893627166748,0.012852777726948261,1.0,1.0,0.95556640625
geometry_dropout,test_seen,941,val:2008_004610:part_110,2008_004610,train,front,front,0.8291481733322144,0.9065948724746704,0.09762565046548843,0.6225957274436951,1.0,1.0,0.8779296875
geometry_dropout,test_seen,942,val:2008_004610:part_111,2008_004610,train,side,side,0.7724421620368958,0.8716133832931519,0.07349714636802673,0.3268020749092102,1.0,1.0,0.0604248046875
geometry_dropout,test_seen,943,val:2008_004624:part_70,2008_004624,horse,tail,tail,0.24025973677635193,0.38743454217910767,0.7175572514533997,0.01678321696817875,0.986328125,1.0,6.556510925292969e-07
geometry_dropout,test_seen,944,val:2008_004624:part_71,2008_004624,horse,head,head,0.37728938460350037,0.5478723645210266,0.4327731132507324,0.03860139846801758,1.0,1.0,0.95556640625
geometry_dropout,test_seen,945,val:2008_004624:part_72,2008_004624,horse,eye,eye,0.0,0.0,0.0,0.0005591277731582522,0.95703125,1.0,3.516674041748047e-06
geometry_dropout,test_seen,946,val:2008_004624:part_73,2008_004624,horse,torso,torso,0.7578259110450745,0.8622308969497681,0.16256499290466309,0.6223776340484619,1.0,1.0,0.96630859375
geometry_dropout,test_seen,947,val:2008_004624:part_74,2008_004624,horse,neck,neck,0.4403470754623413,0.6114457845687866,0.30226701498031616,0.07468531280755997,1.0,1.0,0.96630859375
geometry_dropout,test_seen,948,val:2008_004624:part_75,2008_004624,horse,leg,leg,0.41818180680274963,0.5897436141967773,0.42826855182647705,0.17146852612495422,0.9990234375,1.0,9.5367431640625e-07
geometry_dropout,test_seen,949,val:2008_004624:part_76,2008_004624,horse,ear,ear,0.0,0.0,0.0,0.002797202905640006,0.0006213188171386719,0.96728515625,0.0
geometry_dropout,test_seen,950,val:2008_004624:part_77,2008_004624,horse,muzzle,muzzle,0.07017543911933899,0.13114753365516663,0.40361446142196655,0.02181818149983883,0.982421875,1.0,3.4570693969726562e-06
geometry_dropout,test_seen,951,val:2008_004624:part_78,2008_004624,horse,hoof,hoof,0.03908794745802879,0.07523510605096817,0.7215189933776855,0.02293706312775612,0.560546875,1.0,0.0
geometry_dropout,test_seen,952,val:2008_004654:part_83,2008_004654,person,head,head,0.5820433497428894,0.7358121275901794,0.018633540719747543,0.06274900585412979,1.0,1.0,0.95556640625
geometry_dropout,test_seen,953,val:2008_004654:part_84,2008_004654,person,eye,eye,0.0,0.0,0.0,0.0009960159659385681,0.95703125,1.0,3.516674041748047e-06
geometry_dropout,test_seen,954,val:2008_004654:part_85,2008_004654,person,torso,torso,0.44548872113227844,0.6163849234580994,0.21667718887329102,0.24037185311317444,1.0,1.0,0.96630859375
geometry_dropout,test_seen,955,val:2008_004654:part_86,2008_004654,person,neck,neck,0.14913958311080933,0.25956737995147705,0.38383838534355164,0.03519256412982941,1.0,1.0,0.96630859375
geometry_dropout,test_seen,956,val:2008_004654:part_87,2008_004654,person,leg,leg,0.29587629437446594,0.4566428065299988,0.4992038309574127,0.41766268014907837,0.9990234375,1.0,9.5367431640625e-07
geometry_dropout,test_seen,957,val:2008_004654:part_88,2008_004654,person,foot,foot,0.3056603670120239,0.46820810437202454,0.38532111048698425,0.042496681213378906,0.99462890625,1.0,2.384185791015625e-07
geometry_dropout,test_seen,958,val:2008_004654:part_89,2008_004654,person,nose,nose,0.010416666977107525,0.020618556067347527,0.0,0.0016600266098976135,0.026153564453125,0.994140625,0.0
geometry_dropout,test_seen,959,val:2008_004654:part_90,2008_004654,person,ear,ear,0.0,0.0,0.0,0.0006640106439590454,0.0006213188171386719,0.96728515625,0.0
geometry_dropout,test_seen,960,val:2008_004654:part_91,2008_004654,person,eyebrow,eyebrow,0.0,0.0,0.0,0.0026560425758361816,0.0008230209350585938,0.5947265625,0.0
geometry_dropout,test_seen,961,val:2008_004654:part_92,2008_004654,person,mouth,mouth,0.0,0.0,0.0,0.0019920319318771362,1.0,1.0,0.48486328125
geometry_dropout,test_seen,962,val:2008_004654:part_93,2008_004654,person,hair,hair,0.20123839378356934,0.3350515365600586,0.2473498284816742,0.034860558807849884,1.0,1.0,0.927734375
geometry_dropout,test_seen,963,val:2008_004654:part_94,2008_004654,person,lower arm,lower arm,0.32590529322624207,0.49159663915634155,0.4491018056869507,0.047144755721092224,0.525390625,1.0,0.0
geometry_dropout,test_seen,964,val:2008_004654:part_95,2008_004654,person,upper arm,upper arm,0.32482269406318665,0.4903640151023865,0.41832059621810913,0.09262948483228683,0.06964111328125,0.99853515625,0.0
geometry_dropout,test_seen,965,val:2008_004654:part_96,2008_004654,person,hand,hand,0.06779661029577255,0.1269841343164444,0.8491525650024414,0.013280212879180908,0.99755859375,1.0,4.756450653076172e-05
geometry_dropout,test_seen,966,val:2008_004659:part_20,2008_004659,bottle,body,body,0.8249885439872742,0.9041026830673218,0.06948918849229813,0.8871365189552307,1.0,1.0,0.94677734375
geometry_dropout,test_seen,967,val:2008_004659:part_21,2008_004659,bottle,cap,cap,0.7258968353271484,0.8411821722984314,0.07546012103557587,0.10202070325613022,1.0,1.0,0.453125
geometry_dropout,test_seen,968,val:2008_004687:part_70,2008_004687,horse,tail,tail,0.5370370149612427,0.6987951993942261,0.32420089840888977,0.15858352184295654,0.986328125,1.0,6.556510925292969e-07
geometry_dropout,test_seen,969,val:2008_004687:part_71,2008_004687,horse,head,head,0.26721763610839844,0.4217391312122345,0.5389407873153687,0.03566846251487732,1.0,1.0,0.95556640625
geometry_dropout,test_seen,970,val:2008_004687:part_72,2008_004687,horse,eye,eye,0.0,0.0,0.0,0.0023094688076525927,0.95703125,1.0,3.516674041748047e-06
geometry_dropout,test_seen,971,val:2008_004687:part_73,2008_004687,horse,torso,torso,0.4252491593360901,0.5967366099357605,0.34169653058052063,0.4672825336456299,1.0,1.0,0.96630859375
geometry_dropout,test_seen,972,val:2008_004687:part_74,2008_004687,horse,neck,neck,0.42977526783943176,0.601178765296936,0.3210586905479431,0.16884782910346985,1.0,1.0,0.96630859375
geometry_dropout,test_seen,973,val:2008_004687:part_75,2008_004687,horse,leg,leg,0.21549421548843384,0.35457876324653625,0.5107212662696838,0.08698999136686325,0.9990234375,1.0,9.5367431640625e-07
geometry_dropout,test_seen,974,val:2008_004687:part_77,2008_004687,horse,muzzle,muzzle,0.21357285976409912,0.35197368264198303,0.5967742204666138,0.028740055859088898,0.982421875,1.0,3.4570693969726562e-06
geometry_dropout,test_seen,975,val:2008_004687:part_78,2008_004687,horse,hoof,hoof,0.06410256773233414,0.1204819306731224,0.1846153885126114,0.006415191106498241,0.560546875,1.0,0.0
geometry_dropout,test_seen,976,val:2008_004701:part_52,2008_004701,cow,head,head,0.6825377941131592,0.8113194108009338,0.05625307559967041,0.27347323298454285,1.0,1.0,0.95556640625
geometry_dropout,test_seen,977,val:2008_004701:part_53,2008_004701,cow,eye,eye,0.4330708682537079,0.6043956279754639,0.0,0.003112473525106907,0.95703125,1.0,3.516674041748047e-06
geometry_dropout,test_seen,978,val:2008_004701:part_54,2008_004701,cow,torso,torso,0.8515486121177673,0.9198231101036072,0.041128721088171005,0.5204904675483704,1.0,1.0,0.96630859375
geometry_dropout,test_seen,979,val:2008_004701:part_58,2008_004701,cow,muzzle,muzzle,0.6662986278533936,0.7997349500656128,0.1340378224849701,0.11511436104774475,0.982421875,1.0,3.4570693969726562e-06
geometry_dropout,test_seen,980,val:2008_004701:part_59,2008_004701,cow,horn,horn,0.6753947138786316,0.8062514066696167,0.14028777182102203,0.08719641715288162,0.0299224853515625,0.9990234375,0.0
geometry_dropout,test_seen,981,val:2008_004704:part_0,2008_004704,aeroplane,body,body,0.7996928095817566,0.8886992335319519,0.09234828501939774,0.5245962738990784,1.0,1.0,0.94677734375
geometry_dropout,test_seen,982,val:2008_004704:part_1,2008_004704,aeroplane,stern,stern,0.09536082297563553,0.17411763966083527,0.38867509365081787,0.028401708230376244,1.0,1.0,0.11859130859375
geometry_dropout,test_seen,983,val:2008_004704:part_2,2008_004704,aeroplane,wing,wing,0.48303714394569397,0.6514161229133606,0.2628650963306427,0.1406162977218628,0.98779296875,1.0,1.3649463653564453e-05
geometry_dropout,test_seen,984,val:2008_004704:part_4,2008_004704,aeroplane,engine,engine,0.7088451981544495,0.8296189904212952,0.21452964842319489,0.21746797859668732,0.9951171875,1.0,2.300739288330078e-05
geometry_dropout,test_seen,985,val:2008_004704:part_5,2008_004704,aeroplane,wheel,wheel,0.4166666567325592,0.5882353186607361,0.4077448844909668,0.051048822700977325,0.99853515625,1.0,8.881092071533203e-06
geometry_dropout,test_seen,986,val:2008_004705:part_71,2008_004705,horse,head,head,0.49438562989234924,0.6616573929786682,0.06660231947898865,0.15465974807739258,1.0,1.0,0.95556640625
geometry_dropout,test_seen,987,val:2008_004705:part_72,2008_004705,horse,eye,eye,0.11038961261510849,0.19883041083812714,0.0,0.005388146266341209,0.95703125,1.0,3.516674041748047e-06
geometry_dropout,test_seen,988,val:2008_004705:part_73,2008_004705,horse,torso,torso,0.6143211722373962,0.7610891461372375,0.26802536845207214,0.38984236121177673,1.0,1.0,0.96630859375
geometry_dropout,test_seen,989,val:2008_004705:part_76,2008_004705,horse,ear,ear,0.5489549040794373,0.7088068127632141,0.41881299018859863,0.05138694867491722,0.0006213188171386719,0.96728515625,0.0
geometry_dropout,test_seen,990,val:2008_004705:part_77,2008_004705,horse,muzzle,muzzle,0.812202513217926,0.8963705897331238,0.061348363757133484,0.3754739463329315,0.982421875,1.0,3.4570693969726562e-06
geometry_dropout,test_seen,991,val:2008_004754:part_115,2008_004754,tvmonitor,screen,screen,0.8575336933135986,0.9233035445213318,0.00041254126699641347,0.5940051078796387,1.0,1.0,0.98779296875
geometry_dropout,test_seen,992,val:2008_004758:part_6,2008_004758,bicycle,wheel,wheel,0.2301754355430603,0.37421563267707825,0.6621708273887634,0.5495772361755371,0.99853515625,1.0,8.881092071533203e-06
geometry_dropout,test_seen,993,val:2008_004758:part_7,2008_004758,bicycle,saddle,saddle,0.5088967680931091,0.6745283007621765,0.2393617033958435,0.060466308146715164,1.0,1.0,0.1939697265625
geometry_dropout,test_seen,994,val:2008_004758:part_8,2008_004758,bicycle,handlebar,handlebar,0.15059222280979156,0.2617647051811218,0.7005494236946106,0.08096335828304291,0.99951171875,1.0,0.076416015625
geometry_dropout,test_seen,995,val:2008_004758:part_9,2008_004758,bicycle,chainwheel,chainwheel,0.0,0.0,1.0,0.06661542505025864,0.8896484375,1.0,5.960464477539063e-08
geometry_dropout,test_seen,996,val:2008_004910:part_115,2008_004910,tvmonitor,screen,screen,0.8347613215446472,0.9099399447441101,0.0,0.4633720815181732,1.0,1.0,0.98779296875
geometry_dropout,test_seen,997,val:2008_004995:part_6,2008_004995,bicycle,wheel,wheel,0.285953164100647,0.4447334110736847,0.392011821269989,0.5515035390853882,0.99853515625,1.0,8.881092071533203e-06
geometry_dropout,test_seen,998,val:2008_004995:part_7,2008_004995,bicycle,saddle,saddle,0.5396825671195984,0.7010309100151062,0.35087719559669495,0.05118362233042717,1.0,1.0,0.1939697265625
geometry_dropout,test_seen,999,val:2008_004995:part_8,2008_004995,bicycle,handlebar,handlebar,0.17622950673103333,0.299651563167572,0.7684210538864136,0.06206014007329941,0.99951171875,1.0,0.076416015625
geometry_dropout,test_seen,1000,val:2008_004995:part_9,2008_004995,bicycle,chainwheel,chainwheel,0.3632478713989258,0.5329153537750244,0.3674698770046234,0.09788867831230164,0.8896484375,1.0,5.960464477539063e-08
geometry_dropout,test_seen,1001,val:2008_005089:part_20,2008_005089,bottle,body,body,0.4702194333076477,0.6396588683128357,0.4124513566493988,0.4335378408432007,1.0,1.0,0.94677734375
geometry_dropout,test_seen,1002,val:2008_005089:part_21,2008_005089,bottle,cap,cap,0.0,0.0,0.6666666865348816,0.0061349691823124886,1.0,1.0,0.453125
geometry_dropout,test_seen,1003,val:2008_005097:part_52,2008_005097,cow,head,head,0.23224274814128876,0.3769431710243225,0.013641858473420143,0.055900152772665024,1.0,1.0,0.95556640625
geometry_dropout,test_seen,1004,val:2008_005097:part_53,2008_005097,cow,eye,eye,0.029197080060839653,0.05673758685588837,0.021108180284500122,0.0016641452675685287,0.95703125,1.0,3.516674041748047e-06
geometry_dropout,test_seen,1005,val:2008_005097:part_54,2008_005097,cow,torso,torso,0.20944544672966003,0.3463495671749115,0.03513382747769356,0.13695159554481506,1.0,1.0,0.96630859375
geometry_dropout,test_seen,1006,val:2008_005097:part_57,2008_005097,cow,ear,ear,0.2823813259601593,0.44040149450302124,0.05920206010341644,0.03241300955414772,0.0006213188171386719,0.96728515625,0.0
geometry_dropout,test_seen,1007,val:2008_005097:part_58,2008_005097,cow,muzzle,muzzle,0.3053315281867981,0.46782219409942627,0.0009070294909179211,0.05359303951263428,0.982421875,1.0,3.4570693969726562e-06
geometry_dropout,test_seen,1008,val:2008_005105:part_51,2008_005105,cow,tail,tail,0.2569444477558136,0.40883979201316833,0.052749719470739365,0.04264972731471062,0.986328125,1.0,6.556510925292969e-07
geometry_dropout,test_seen,1009,val:2008_005105:part_52,2008_005105,cow,head,head,0.45266273617744446,0.6232179403305054,0.15088757872581482,0.034709617495536804,1.0,1.0,0.95556640625
geometry_dropout,test_seen,1010,val:2008_005105:part_53,2008_005105,cow,eye,eye,0.0,0.0,0.0,0.0012477313866838813,0.95703125,1.0,3.516674041748047e-06
geometry_dropout,test_seen,1011,val:2008_005105:part_54,2008_005105,cow,torso,torso,0.8456483483314514,0.9163699746131897,0.08250037580728531,0.6733212471008301,1.0,1.0,0.96630859375
geometry_dropout,test_seen,1012,val:2008_005105:part_56,2008_005105,cow,leg,leg,0.4325699806213379,0.6039076447486877,0.40440699458122253,0.16084392368793488,0.9990234375,1.0,9.5367431640625e-07
geometry_dropout,test_seen,1013,val:2008_005105:part_57,2008_005105,cow,ear,ear,0.095343679189682,0.17408907413482666,0.5,0.025181489065289497,0.0006213188171386719,0.96728515625,0.0
geometry_dropout,test_seen,1014,val:2008_005105:part_58,2008_005105,cow,muzzle,muzzle,0.5613682270050049,0.719072163105011,0.0422535203397274,0.031647004187107086,0.982421875,1.0,3.4570693969726562e-06
geometry_dropout,test_seen,1015,val:2008_005105:part_59,2008_005105,cow,horn,horn,0.2304147481918335,0.3745318353176117,0.5147058963775635,0.01485934667289257,0.0299224853515625,0.9990234375,0.0
geometry_dropout,test_seen,1016,val:2008_005217:part_97,2008_005217,pottedplant,pot,pot,0.5429999828338623,0.7038237452507019,0.11668974906206131,0.22283373773097992,0.99755859375,1.0,4.76837158203125e-06
geometry_dropout,test_seen,1017,val:2008_005217:part_98,2008_005217,pottedplant,plant,plant,0.39026257395744324,0.5614228248596191,0.4029083549976349,0.6054012775421143,1.0,1.0,0.6298828125
geometry_dropout,test_seen,1018,val:2008_005242:part_97,2008_005242,pottedplant,pot,pot,0.560218334197998,0.7181281447410583,0.18871450424194336,0.21070754528045654,0.99755859375,1.0,4.76837158203125e-06
geometry_dropout,test_seen,1019,val:2008_005242:part_98,2008_005242,pottedplant,plant,plant,0.5962885022163391,0.7470936179161072,0.08613894879817963,0.6091302633285522,1.0,1.0,0.6298828125
geometry_dropout,test_seen,1020,val:2008_005245:part_83,2008_005245,person,head,head,0.6740506291389465,0.8052930235862732,0.19108280539512634,0.08833196014165878,1.0,1.0,0.95556640625
geometry_dropout,test_seen,1021,val:2008_005245:part_85,2008_005245,person,torso,torso,0.5249344110488892,0.6884681582450867,0.10330578684806824,0.1791290044784546,1.0,1.0,0.96630859375
geometry_dropout,test_seen,1022,val:2008_005245:part_87,2008_005245,person,leg,leg,0.560169517993927,0.7180879712104797,0.2378854602575302,0.290057510137558,0.9990234375,1.0,9.5367431640625e-07
geometry_dropout,test_seen,1023,val:2008_005245:part_88,2008_005245,person,foot,foot,0.11881188303232193,0.21238937973976135,0.6666666865348816,0.03163516893982887,0.99462890625,1.0,2.384185791015625e-07
geometry_dropout,test_seen,1024,val:2008_005245:part_94,2008_005245,person,lower arm,lower arm,0.15697674453258514,0.2713567912578583,0.3074204921722412,0.047247327864170074,0.525390625,1.0,0.0
geometry_dropout,test_seen,1025,val:2008_005245:part_95,2008_005245,person,upper arm,upper arm,0.27441859245300293,0.43065693974494934,0.16610169410705566,0.10394412279129028,0.06964111328125,0.99853515625,0.0
geometry_dropout,test_seen,1026,val:2008_005245:part_96,2008_005245,person,hand,hand,0.0,0.0,0.24528302252292633,0.01848808489739895,0.99755859375,1.0,4.756450653076172e-05
geometry_dropout,test_seen,1027,val:2008_005254:part_115,2008_005254,tvmonitor,screen,screen,0.8490542769432068,0.918366014957428,0.0,0.5196326971054077,1.0,1.0,0.98779296875
geometry_dropout,test_seen,1028,val:2008_005338:part_83,2008_005338,person,head,head,0.0,0.0,1.0,0.05588235333561897,1.0,1.0,0.95556640625
geometry_dropout,test_seen,1029,val:2008_005338:part_84,2008_005338,person,eye,eye,0.0,0.0,0.0,0.0029411765281111,0.95703125,1.0,3.516674041748047e-06
geometry_dropout,test_seen,1030,val:2008_005338:part_85,2008_005338,person,torso,torso,0.3529411852359772,0.52173912525177,0.056603774428367615,0.385294109582901,1.0,1.0,0.96630859375
geometry_dropout,test_seen,1031,val:2008_005338:part_87,2008_005338,person,leg,leg,0.0,0.0,1.0,0.4000000059604645,0.9990234375,1.0,9.5367431640625e-07
geometry_dropout,test_seen,1032,val:2008_005338:part_88,2008_005338,person,foot,foot,0.0,0.0,1.0,0.026470588520169258,0.99462890625,1.0,2.384185791015625e-07
geometry_dropout,test_seen,1033,val:2008_005338:part_89,2008_005338,person,nose,nose,0.0,0.0,0.0,0.0029411765281111,0.026153564453125,0.994140625,0.0
geometry_dropout,test_seen,1034,val:2008_005338:part_91,2008_005338,person,eyebrow,eyebrow,0.0,0.0,0.0,0.0029411765281111,0.0008230209350585938,0.5947265625,0.0
geometry_dropout,test_seen,1035,val:2008_005338:part_92,2008_005338,person,mouth,mouth,0.0,0.0,0.0,0.0058823530562222,1.0,1.0,0.48486328125
geometry_dropout,test_seen,1036,val:2008_005338:part_94,2008_005338,person,lower arm,lower arm,0.0,0.0,0.0,0.01764705963432789,0.525390625,1.0,0.0
geometry_dropout,test_seen,1037,val:2008_005338:part_95,2008_005338,person,upper arm,upper arm,0.11594203114509583,0.20779220759868622,0.08510638028383255,0.0882352963089943,0.06964111328125,0.99853515625,0.0
geometry_dropout,test_seen,1038,val:2008_005399:part_20,2008_005399,bottle,body,body,0.05857740715146065,0.11067193746566772,0.414503812789917,0.19781264662742615,1.0,1.0,0.94677734375
geometry_dropout,test_seen,1039,val:2008_005399:part_21,2008_005399,bottle,cap,cap,0.0,0.0,0.8928571343421936,0.0033285783138126135,1.0,1.0,0.453125
geometry_dropout,test_seen,1040,val:2008_005439:part_115,2008_005439,tvmonitor,screen,screen,0.7551713585853577,0.8605101108551025,0.0,0.1750725507736206,1.0,1.0,0.98779296875
geometry_dropout,test_seen,1041,val:2008_005445:part_83,2008_005445,person,head,head,0.0,0.0,0.0,0.01946394331753254,1.0,1.0,0.95556640625
geometry_dropout,test_seen,1042,val:2008_005445:part_84,2008_005445,person,eye,eye,0.0,0.0,0.0,0.00047862157225608826,0.95703125,1.0,3.516674041748047e-06
geometry_dropout,test_seen,1043,val:2008_005445:part_85,2008_005445,person,torso,torso,0.38734176754951477,0.5583941340446472,0.07441860437393188,0.10625398904085159,1.0,1.0,0.96630859375
geometry_dropout,test_seen,1044,val:2008_005445:part_87,2008_005445,person,leg,leg,0.5745749473571777,0.7298159599304199,0.30909091234207153,0.25526484847068787,0.9990234375,1.0,9.5367431640625e-07
geometry_dropout,test_seen,1045,val:2008_005445:part_88,2008_005445,person,foot,foot,0.19578313827514648,0.32745590806007385,0.6884058117866516,0.03860880807042122,0.99462890625,1.0,2.384185791015625e-07
geometry_dropout,test_seen,1046,val:2008_005445:part_89,2008_005445,person,nose,nose,0.0,0.0,0.0,0.0023931078612804413,0.026153564453125,0.994140625,0.0
geometry_dropout,test_seen,1047,val:2008_005445:part_90,2008_005445,person,ear,ear,0.0,0.0,0.0,0.0014358647167682648,0.0006213188171386719,0.96728515625,0.0
geometry_dropout,test_seen,1048,val:2008_005445:part_91,2008_005445,person,eyebrow,eyebrow,0.0,0.0,0.0,0.00015954051923472434,0.0008230209350585938,0.5947265625,0.0
geometry_dropout,test_seen,1049,val:2008_005445:part_93,2008_005445,person,hair,hair,0.0,0.0,0.0,0.007977026514708996,1.0,1.0,0.927734375
geometry_dropout,test_seen,1050,val:2008_005445:part_94,2008_005445,person,lower arm,lower arm,0.27182045578956604,0.4274509847164154,0.15853658318519592,0.07115507125854492,0.525390625,1.0,0.0
geometry_dropout,test_seen,1051,val:2008_005445:part_95,2008_005445,person,upper arm,upper arm,0.4492254853248596,0.6199524998664856,0.3708086907863617,0.053446076810359955,0.06964111328125,0.99853515625,0.0
geometry_dropout,test_seen,1052,val:2008_005445:part_96,2008_005445,person,hand,hand,0.1335877925157547,0.23569023609161377,0.05932203307747841,0.028557753190398216,0.99755859375,1.0,4.756450653076172e-05
geometry_dropout,test_seen,1053,val:2008_005525:part_71,2008_005525,horse,head,head,0.580966591835022,0.7349511384963989,0.030287733301520348,0.20428448915481567,1.0,1.0,0.95556640625
geometry_dropout,test_seen,1054,val:2008_005525:part_72,2008_005525,horse,eye,eye,0.0,0.0,0.0,0.0035989717580378056,0.95703125,1.0,3.516674041748047e-06
geometry_dropout,test_seen,1055,val:2008_005525:part_73,2008_005525,horse,torso,torso,0.22827081382274628,0.3716945946216583,0.12050534784793854,0.10745501518249512,1.0,1.0,0.96630859375
geometry_dropout,test_seen,1056,val:2008_005525:part_75,2008_005525,horse,leg,leg,0.1967136114835739,0.3287563621997833,0.22995461523532867,0.0970008596777916,0.9990234375,1.0,9.5367431640625e-07
geometry_dropout,test_seen,1057,val:2008_005525:part_76,2008_005525,horse,ear,ear,0.5662100315093994,0.7230320572853088,0.27377521991729736,0.05809768661856651,0.0006213188171386719,0.96728515625,0.0
geometry_dropout,test_seen,1058,val:2008_005525:part_77,2008_005525,horse,muzzle,muzzle,0.6759142279624939,0.8066214919090271,0.0,0.2623821794986725,0.982421875,1.0,3.4570693969726562e-06
geometry_dropout,test_seen,1059,val:2008_005525:part_78,2008_005525,horse,hoof,hoof,0.0,0.0,0.21195651590824127,0.0037703514099121094,0.560546875,1.0,0.0
geometry_dropout,test_seen,1060,val:2008_005544:part_112,2008_005544,train,back,back,0.906944990158081,0.9512020349502563,0.07688416540622711,1.0,1.0,1.0,0.90283203125
geometry_dropout,test_seen,1061,val:2008_005544:part_114,2008_005544,train,coach,coach,0.0,0.0,0.07381903380155563,0.0002687088563106954,1.0,1.0,0.90087890625
geometry_dropout,test_seen,1062,val:2008_005642:part_70,2008_005642,horse,tail,tail,0.21301774680614471,0.35121950507164,0.08974359184503555,0.026174772530794144,0.986328125,1.0,6.556510925292969e-07
geometry_dropout,test_seen,1063,val:2008_005642:part_71,2008_005642,horse,head,head,0.4739583432674408,0.6431095600128174,0.24564459919929504,0.05667765811085701,1.0,1.0,0.95556640625
geometry_dropout,test_seen,1064,val:2008_005642:part_72,2008_005642,horse,eye,eye,0.0,0.0,0.0,0.0020610056817531586,0.95703125,1.0,3.516674041748047e-06
geometry_dropout,test_seen,1065,val:2008_005642:part_73,2008_005642,horse,torso,torso,0.6927312612533569,0.8184775710105896,0.11182375997304916,0.5280296802520752,1.0,1.0,0.96630859375
geometry_dropout,test_seen,1066,val:2008_005642:part_74,2008_005642,horse,neck,neck,0.5269461274147034,0.6901960968971252,0.0,0.05770816281437874,1.0,1.0,0.96630859375
geometry_dropout,test_seen,1067,val:2008_005642:part_75,2008_005642,horse,leg,leg,0.3471926152706146,0.51543128490448,0.4660564363002777,0.24093157052993774,0.9990234375,1.0,9.5367431640625e-07
geometry_dropout,test_seen,1068,val:2008_005642:part_76,2008_005642,horse,ear,ear,0.1606425642967224,0.27681660652160645,0.7008032202720642,0.01648804545402527,0.0006213188171386719,0.96728515625,0.0
geometry_dropout,test_seen,1069,val:2008_005642:part_77,2008_005642,horse,muzzle,muzzle,0.5649202466011047,0.7219796180725098,0.044083528220653534,0.0527617484331131,0.982421875,1.0,3.4570693969726562e-06
geometry_dropout,test_seen,1070,val:2008_005676:part_22,2008_005676,bus,wheel,wheel,0.24125874042510986,0.3887324035167694,0.6069868803024292,0.09071274101734161,0.99853515625,1.0,8.881092071533203e-06
geometry_dropout,test_seen,1071,val:2008_005676:part_25,2008_005676,bus,side,side,0.4220532178878784,0.5935828685760498,0.3733719289302826,0.6616270542144775,1.0,1.0,0.0604248046875
geometry_dropout,test_seen,1072,val:2008_005676:part_30,2008_005676,bus,door,door,0.1617647111415863,0.27848100662231445,0.4789915978908539,0.0849532037973404,0.15771484375,0.998046875,0.0
geometry_dropout,test_seen,1073,val:2008_005676:part_31,2008_005676,bus,window,window,0.02049180306494236,0.0401606410741806,0.03773584961891174,0.1411087065935135,1.0,1.0,0.327880859375
geometry_dropout,test_seen,1074,val:2008_005680:part_97,2008_005680,pottedplant,pot,pot,0.17810331284999847,0.3023560345172882,0.17227722704410553,0.12457912415266037,0.99755859375,1.0,4.76837158203125e-06
geometry_dropout,test_seen,1075,val:2008_005680:part_98,2008_005680,pottedplant,plant,plant,0.10615171492099762,0.19192975759506226,0.3151041567325592,0.1344396322965622,1.0,1.0,0.6298828125
geometry_dropout,test_seen,1076,val:2008_005691:part_71,2008_005691,horse,head,head,0.6008163094520569,0.750637412071228,0.13996627926826477,0.08154461532831192,1.0,1.0,0.95556640625
geometry_dropout,test_seen,1077,val:2008_005691:part_73,2008_005691,horse,torso,torso,0.6686754822731018,0.8014445900917053,0.10970296710729599,0.5431397557258606,1.0,1.0,0.96630859375
geometry_dropout,test_seen,1078,val:2008_005691:part_74,2008_005691,horse,neck,neck,0.7874810695648193,0.8811070322990417,0.1000552773475647,0.18223905563354492,1.0,1.0,0.96630859375
geometry_dropout,test_seen,1079,val:2008_005691:part_75,2008_005691,horse,leg,leg,0.5301151275634766,0.6929088234901428,0.31842488050460815,0.1470959633588791,0.9990234375,1.0,9.5367431640625e-07
geometry_dropout,test_seen,1080,val:2008_005691:part_76,2008_005691,horse,ear,ear,0.05574912950396538,0.10561056435108185,0.5265306234359741,0.006102693732827902,0.0006213188171386719,0.96728515625,0.0
geometry_dropout,test_seen,1081,val:2008_005691:part_77,2008_005691,horse,muzzle,muzzle,0.5204917788505554,0.684636116027832,0.1844262331724167,0.026725588366389275,0.982421875,1.0,3.4570693969726562e-06
geometry_dropout,test_seen,1082,val:2008_005691:part_78,2008_005691,horse,hoof,hoof,0.2247191071510315,0.3669724762439728,0.4553571343421936,0.010521885938942432,0.560546875,1.0,0.0
geometry_dropout,test_seen,1083,val:2008_005727:part_6,2008_005727,bicycle,wheel,wheel,0.1413419395685196,0.2476767748594284,0.80961012840271,0.6561375260353088,0.99853515625,1.0,8.881092071533203e-06
geometry_dropout,test_seen,1084,val:2008_005727:part_7,2008_005727,bicycle,saddle,saddle,0.34220531582832336,0.5099149942398071,0.6305220723152161,0.04158336669206619,1.0,1.0,0.1939697265625
geometry_dropout,test_seen,1085,val:2008_005727:part_8,2008_005727,bicycle,handlebar,handlebar,0.08875739574432373,0.16304348409175873,0.8526315689086914,0.03318672627210617,0.99951171875,1.0,0.076416015625
geometry_dropout,test_seen,1086,val:2008_005727:part_9,2008_005727,bicycle,chainwheel,chainwheel,0.0,0.0,0.0,0.08396641165018082,0.8896484375,1.0,5.960464477539063e-08
geometry_dropout,test_seen,1087,val:2008_005738:part_6,2008_005738,bicycle,wheel,wheel,0.056801196187734604,0.1074964627623558,0.9247524738311768,0.8015872836112976,0.99853515625,1.0,8.881092071533203e-06
geometry_dropout,test_seen,1088,val:2008_005738:part_8,2008_005738,bicycle,handlebar,handlebar,0.0,0.0,1.0,0.075396828353405,0.99951171875,1.0,0.076416015625
geometry_dropout,test_seen,1089,val:2008_005738:part_9,2008_005738,bicycle,chainwheel,chainwheel,0.0,0.0,0.0,0.003968254197388887,0.8896484375,1.0,5.960464477539063e-08
geometry_dropout,test_seen,1090,val:2008_005812:part_20,2008_005812,bottle,body,body,0.5235791802406311,0.6873015761375427,0.4655380845069885,0.9774266481399536,1.0,1.0,0.94677734375
geometry_dropout,test_seen,1091,val:2008_005812:part_21,2008_005812,bottle,cap,cap,0.16393442451953888,0.28169015049934387,0.7049180269241333,0.011286681517958641,1.0,1.0,0.453125
geometry_dropout,test_seen,1092,val:2008_005904:part_20,2008_005904,bottle,body,body,0.8763911724090576,0.9341241717338562,0.11882752925157547,0.9953434467315674,1.0,1.0,0.94677734375
geometry_dropout,test_seen,1093,val:2008_006036:part_70,2008_006036,horse,tail,tail,0.008733624592423439,0.017316017299890518,0.6704545617103577,0.069182388484478,0.986328125,1.0,6.556510925292969e-07
geometry_dropout,test_seen,1094,val:2008_006036:part_71,2008_006036,horse,head,head,0.0,0.0,0.0,0.04779874160885811,1.0,1.0,0.95556640625
geometry_dropout,test_seen,1095,val:2008_006036:part_73,2008_006036,horse,torso,torso,0.6018099784851074,0.7514124512672424,0.10314685106277466,0.6163522005081177,1.0,1.0,0.96630859375
geometry_dropout,test_seen,1096,val:2008_006036:part_74,2008_006036,horse,neck,neck,0.0,0.0,0.0,0.13962264358997345,1.0,1.0,0.96630859375
geometry_dropout,test_seen,1097,val:2008_006036:part_75,2008_006036,horse,leg,leg,0.17676767706871033,0.30042919516563416,0.7374301552772522,0.06792452931404114,0.9990234375,1.0,9.5367431640625e-07
geometry_dropout,test_seen,1098,val:2008_006036:part_77,2008_006036,horse,muzzle,muzzle,0.0,0.0,0.0,0.025157231837511063,0.982421875,1.0,3.4570693969726562e-06
geometry_dropout,test_seen,1099,val:2008_006055:part_109,2008_006055,train,head,head,0.026239067316055298,0.05113636329770088,0.6014760136604309,0.01797802746295929,1.0,1.0,0.95556640625
geometry_dropout,test_seen,1100,val:2008_006055:part_110,2008_006055,train,front,front,0.7883252501487732,0.8816351890563965,0.12966525554656982,0.4872933030128479,1.0,1.0,0.8779296875
geometry_dropout,test_seen,1101,val:2008_006055:part_111,2008_006055,train,side,side,0.6128484606742859,0.7599579095840454,0.11963754892349243,0.4810786843299866,1.0,1.0,0.0604248046875
geometry_dropout,test_seen,1102,val:2008_006055:part_114,2008_006055,train,coach,coach,0.005376344081014395,0.010695187374949455,0.09269662946462631,0.001997558632865548,1.0,1.0,0.90087890625
geometry_dropout,test_seen,1103,val:2008_006063:part_52,2008_006063,cow,head,head,0.6917758584022522,0.8178102970123291,0.055524811148643494,0.19754406809806824,1.0,1.0,0.95556640625
geometry_dropout,test_seen,1104,val:2008_006063:part_53,2008_006063,cow,eye,eye,0.2181818187236786,0.35820895433425903,0.0,0.00535004585981369,0.95703125,1.0,3.516674041748047e-06
geometry_dropout,test_seen,1105,val:2008_006063:part_54,2008_006063,cow,torso,torso,0.7063769102096558,0.827925980091095,0.07215847820043564,0.40369918942451477,1.0,1.0,0.96630859375
geometry_dropout,test_seen,1106,val:2008_006063:part_56,2008_006063,cow,leg,leg,0.6610169410705566,0.795918345451355,0.20151515305042267,0.09018648415803909,0.9990234375,1.0,9.5367431640625e-07
geometry_dropout,test_seen,1107,val:2008_006063:part_57,2008_006063,cow,ear,ear,0.7361995577812195,0.8480587005615234,0.08276714384555817,0.08417405188083649,0.0006213188171386719,0.96728515625,0.0
geometry_dropout,test_seen,1108,val:2008_006063:part_58,2008_006063,cow,muzzle,muzzle,0.8236429691314697,0.9032941460609436,0.0422026626765728,0.2073270082473755,0.982421875,1.0,3.4570693969726562e-06
geometry_dropout,test_seen,1109,val:2008_006108:part_83,2008_006108,person,head,head,0.26726409792900085,0.4217970073223114,0.05385029688477516,0.0463402234017849,1.0,1.0,0.95556640625
geometry_dropout,test_seen,1110,val:2008_006108:part_84,2008_006108,person,eye,eye,0.09477124363183975,0.17313432693481445,0.0,0.002880379557609558,0.95703125,1.0,3.516674041748047e-06
geometry_dropout,test_seen,1111,val:2008_006108:part_85,2008_006108,person,torso,torso,0.32783448696136475,0.4937881529331207,0.08014623075723648,0.2021348625421524,1.0,1.0,0.96630859375
geometry_dropout,test_seen,1112,val:2008_006108:part_86,2008_006108,person,neck,neck,0.13243243098258972,0.23389022052288055,0.0,0.009657743386924267,1.0,1.0,0.96630859375
geometry_dropout,test_seen,1113,val:2008_006108:part_89,2008_006108,person,nose,nose,0.10358566045761108,0.18772563338279724,0.0,0.002541511319577694,0.026153564453125,0.994140625,0.0
geometry_dropout,test_seen,1114,val:2008_006108:part_90,2008_006108,person,ear,ear,0.0,0.0,0.8461538553237915,0.0017790579004213214,0.0006213188171386719,0.96728515625,0.0
geometry_dropout,test_seen,1115,val:2008_006108:part_91,2008_006108,person,eyebrow,eyebrow,0.006493506487458944,0.012903225608170033,0.0,8.471704495605081e-05,0.0008230209350585938,0.5947265625,0.0
geometry_dropout,test_seen,1116,val:2008_006108:part_92,2008_006108,person,mouth,mouth,0.1314285695552826,0.23232322931289673,0.0,0.0019484920194372535,1.0,1.0,0.48486328125
geometry_dropout,test_seen,1117,val:2008_006108:part_93,2008_006108,person,hair,hair,0.22375479340553284,0.36568567156791687,0.28455284237861633,0.031091155484318733,1.0,1.0,0.927734375
geometry_dropout,test_seen,1118,val:2008_006108:part_95,2008_006108,person,upper arm,upper arm,0.28620773553848267,0.4450412392616272,0.1761966347694397,0.11419858038425446,0.06964111328125,0.99853515625,0.0
geometry_dropout,test_seen,1119,val:2008_006159:part_115,2008_006159,tvmonitor,screen,screen,0.6881616711616516,0.8152793645858765,0.0,0.5246666669845581,1.0,1.0,0.98779296875
geometry_dropout,test_seen,1120,val:2008_006216:part_83,2008_006216,person,head,head,0.07096774131059647,0.1325301229953766,0.8333333134651184,0.020968908444046974,1.0,1.0,0.95556640625
geometry_dropout,test_seen,1121,val:2008_006216:part_84,2008_006216,person,eye,eye,0.0,0.0,0.0,0.0014461316168308258,0.95703125,1.0,3.516674041748047e-06
geometry_dropout,test_seen,1122,val:2008_006216:part_85,2008_006216,person,torso,torso,0.16060127317905426,0.27675527334213257,0.11910377442836761,0.22378885746002197,1.0,1.0,0.96630859375
geometry_dropout,test_seen,1123,val:2008_006216:part_86,2008_006216,person,neck,neck,0.0,0.0,0.0,0.008315256796777248,1.0,1.0,0.96630859375
geometry_dropout,test_seen,1124,val:2008_006216:part_87,2008_006216,person,leg,leg,0.34252670407295227,0.5102717280387878,0.21806854009628296,0.19739696383476257,0.9990234375,1.0,9.5367431640625e-07
geometry_dropout,test_seen,1125,val:2008_006216:part_88,2008_006216,person,foot,foot,0.0,0.0,1.0,0.0112075200304389,0.99462890625,1.0,2.384185791015625e-07
geometry_dropout,test_seen,1126,val:2008_006216:part_89,2008_006216,person,nose,nose,0.0,0.0,0.0,0.0010845987126231194,0.026153564453125,0.994140625,0.0
geometry_dropout,test_seen,1127,val:2008_006216:part_91,2008_006216,person,eyebrow,eyebrow,0.0,0.0,0.0,0.00036153290420770645,0.0008230209350585938,0.5947265625,0.0
geometry_dropout,test_seen,1128,val:2008_006216:part_92,2008_006216,person,mouth,mouth,0.0,0.0,0.0,0.0010845987126231194,1.0,1.0,0.48486328125
geometry_dropout,test_seen,1129,val:2008_006216:part_93,2008_006216,person,hair,hair,0.0,0.0,0.9722222089767456,0.0021691974252462387,1.0,1.0,0.927734375
geometry_dropout,test_seen,1130,val:2008_006216:part_94,2008_006216,person,lower arm,lower arm,0.15740740299224854,0.2720000147819519,0.0,0.023499637842178345,0.525390625,1.0,0.0
geometry_dropout,test_seen,1131,val:2008_006216:part_95,2008_006216,person,upper arm,upper arm,0.13636364042758942,0.23999999463558197,0.028985507786273956,0.03759942203760147,0.06964111328125,0.99853515625,0.0
geometry_dropout,test_seen,1132,val:2008_006216:part_96,2008_006216,person,hand,hand,0.07777778059244156,0.14432989060878754,0.0555555559694767,0.00506146065890789,0.99755859375,1.0,4.756450653076172e-05
geometry_dropout,test_seen,1133,val:2008_006219:part_71,2008_006219,horse,head,head,0.31588447093963623,0.4801097512245178,0.15711645781993866,0.06045015901327133,1.0,1.0,0.95556640625
geometry_dropout,test_seen,1134,val:2008_006219:part_72,2008_006219,horse,eye,eye,0.0,0.0,0.0,0.0009646302205510437,0.95703125,1.0,3.516674041748047e-06
geometry_dropout,test_seen,1135,val:2008_006219:part_73,2008_006219,horse,torso,torso,0.2442922443151474,0.39266055822372437,0.09123867005109787,0.16881029307842255,1.0,1.0,0.96630859375
geometry_dropout,test_seen,1136,val:2008_006219:part_74,2008_006219,horse,neck,neck,0.22623345255851746,0.3689891993999481,0.13377483189105988,0.08488745987415314,1.0,1.0,0.96630859375
geometry_dropout,test_seen,1137,val:2008_006219:part_75,2008_006219,horse,leg,leg,0.11852502077817917,0.21193093061447144,0.7484662532806396,0.09517684578895569,0.9990234375,1.0,9.5367431640625e-07
geometry_dropout,test_seen,1138,val:2008_006219:part_76,2008_006219,horse,ear,ear,0.1320754736661911,0.23333333432674408,0.6310679316520691,0.005466238129884005,0.0006213188171386719,0.96728515625,0.0
geometry_dropout,test_seen,1139,val:2008_006219:part_77,2008_006219,horse,muzzle,muzzle,0.19230769574642181,0.32258063554763794,0.47324416041374207,0.03697749227285385,0.982421875,1.0,3.4570693969726562e-06
geometry_dropout,test_seen,1140,val:2008_006219:part_78,2008_006219,horse,hoof,hoof,0.0,0.0,1.0,0.010610932484269142,0.560546875,1.0,0.0
geometry_dropout,test_seen,1141,val:2008_006254:part_6,2008_006254,bicycle,wheel,wheel,0.0,0.0,1.0,0.161594957113266,0.99853515625,1.0,8.881092071533203e-06
geometry_dropout,test_seen,1142,val:2008_006254:part_8,2008_006254,bicycle,handlebar,handlebar,0.00794223789125681,0.015759311616420746,0.7370753288269043,0.04407135397195816,0.99951171875,1.0,0.076416015625
geometry_dropout,test_seen,1143,val:2008_006275:part_83,2008_006275,person,head,head,0.32034632563591003,0.4852459132671356,0.22076502442359924,0.021291447803378105,1.0,1.0,0.95556640625
geometry_dropout,test_seen,1144,val:2008_006275:part_85,2008_006275,person,torso,torso,0.1640397012233734,0.2818455398082733,0.1368909478187561,0.10910994559526443,1.0,1.0,0.96630859375
geometry_dropout,test_seen,1145,val:2008_006275:part_86,2008_006275,person,neck,neck,0.06457925587892532,0.12132352590560913,0.035225048661231995,0.002303664805367589,1.0,1.0,0.96630859375
geometry_dropout,test_seen,1146,val:2008_006275:part_87,2008_006275,person,leg,leg,0.23705530166625977,0.3832573890686035,0.07501903921365738,0.061849914491176605,0.9990234375,1.0,9.5367431640625e-07
geometry_dropout,test_seen,1147,val:2008_006275:part_89,2008_006275,person,nose,nose,0.0,0.0,0.43661972880363464,0.0011867365101352334,0.026153564453125,0.994140625,0.0
geometry_dropout,test_seen,1148,val:2008_006275:part_90,2008_006275,person,ear,ear,0.0,0.0,0.0,0.0005584642058238387,0.0006213188171386719,0.96728515625,0.0
geometry_dropout,test_seen,1149,val:2008_006275:part_92,2008_006275,person,mouth,mouth,0.0,0.0,0.75,0.0006282722461037338,1.0,1.0,0.48486328125
geometry_dropout,test_seen,1150,val:2008_006275:part_93,2008_006275,person,hair,hair,0.04093567281961441,0.07865168899297714,0.2916666567325592,0.0013961605727672577,1.0,1.0,0.927734375
geometry_dropout,test_seen,1151,val:2008_006275:part_94,2008_006275,person,lower arm,lower arm,0.12333966046571732,0.21959459781646729,0.2216981202363968,0.03825479745864868,0.525390625,1.0,0.0
geometry_dropout,test_seen,1152,val:2008_006275:part_95,2008_006275,person,upper arm,upper arm,0.5244479775428772,0.6880496740341187,0.0,0.05766143277287483,0.06964111328125,0.99853515625,0.0
geometry_dropout,test_seen,1153,val:2008_006275:part_96,2008_006275,person,hand,hand,0.15811966359615326,0.27306273579597473,0.13566739857196808,0.005933682434260845,0.99755859375,1.0,4.756450653076172e-05
geometry_dropout,test_seen,1154,val:2008_006325:part_42,2008_006325,cat,tail,tail,0.5821596384048462,0.7359050512313843,0.38576626777648926,0.0989730954170227,0.986328125,1.0,6.556510925292969e-07
geometry_dropout,test_seen,1155,val:2008_006325:part_43,2008_006325,cat,head,head,0.6973033547401428,0.8216602802276611,0.09889115393161774,0.1974422037601471,1.0,1.0,0.95556640625
geometry_dropout,test_seen,1156,val:2008_006325:part_44,2008_006325,cat,eye,eye,0.173728808760643,0.29602888226509094,0.0,0.00434700446203351,0.95703125,1.0,3.516674041748047e-06
geometry_dropout,test_seen,1157,val:2008_006325:part_45,2008_006325,cat,torso,torso,0.6330274939537048,0.7752808928489685,0.10118638724088669,0.4227934181690216,1.0,1.0,0.96630859375
geometry_dropout,test_seen,1158,val:2008_006325:part_46,2008_006325,cat,neck,neck,0.5283148884773254,0.6913691759109497,0.06410256773233414,0.05588105693459511,1.0,1.0,0.96630859375
geometry_dropout,test_seen,1159,val:2008_006325:part_47,2008_006325,cat,leg,leg,0.372753769159317,0.5430744886398315,0.0603540763258934,0.12127511948347092,0.9990234375,1.0,9.5367431640625e-07
geometry_dropout,test_seen,1160,val:2008_006325:part_48,2008_006325,cat,nose,nose,0.38461539149284363,0.5555555820465088,0.0,0.003465003566816449,0.026153564453125,0.994140625,0.0
geometry_dropout,test_seen,1161,val:2008_006325:part_49,2008_006325,cat,paw,paw,0.5199063420295715,0.6841294169425964,0.14000000059604645,0.04391104355454445,0.99072265625,1.0,2.384185791015625e-07
geometry_dropout,test_seen,1162,val:2008_006325:part_50,2008_006325,cat,ear,ear,0.450764536857605,0.6214165091514587,0.2754601240158081,0.04674604535102844,0.0006213188171386719,0.96728515625,0.0
geometry_dropout,test_seen,1163,val:2008_006341:part_42,2008_006341,cat,tail,tail,0.35942667722702026,0.5287915468215942,0.23723939061164856,0.14542749524116516,0.986328125,1.0,6.556510925292969e-07
geometry_dropout,test_seen,1164,val:2008_006341:part_43,2008_006341,cat,head,head,0.6975643038749695,0.8218413591384888,0.016335226595401764,0.14894481003284454,1.0,1.0,0.95556640625
geometry_dropout,test_seen,1165,val:2008_006341:part_44,2008_006341,cat,eye,eye,0.0,0.0,0.9090909361839294,0.000405844155466184,0.95703125,1.0,3.516674041748047e-06
geometry_dropout,test_seen,1166,val:2008_006341:part_45,2008_006341,cat,torso,torso,0.6771984696388245,0.8075352907180786,0.09158995002508163,0.5907738208770752,1.0,1.0,0.96630859375
geometry_dropout,test_seen,1167,val:2008_006341:part_46,2008_006341,cat,neck,neck,0.07708779722452164,0.14314115047454834,0.4457142949104309,0.04437229409813881,1.0,1.0,0.96630859375
geometry_dropout,test_seen,1168,val:2008_006341:part_47,2008_006341,cat,leg,leg,0.05665887892246246,0.10724157094955444,0.21741706132888794,0.0163690485060215,0.9990234375,1.0,9.5367431640625e-07
geometry_dropout,test_seen,1169,val:2008_006341:part_48,2008_006341,cat,nose,nose,0.07017543911933899,0.13114753365516663,0.0,0.0006764069548808038,0.026153564453125,0.994140625,0.0
geometry_dropout,test_seen,1170,val:2008_006341:part_49,2008_006341,cat,paw,paw,0.17884615063667297,0.30342578887939453,0.5405405163764954,0.01785714365541935,0.99072265625,1.0,2.384185791015625e-07
geometry_dropout,test_seen,1171,val:2008_006341:part_50,2008_006341,cat,ear,ear,0.21341463923454285,0.35175880789756775,0.0,0.023403679952025414,0.0006213188171386719,0.96728515625,0.0
geometry_dropout,test_seen,1172,val:2008_006408:part_83,2008_006408,person,head,head,0.6017820239067078,0.7513906955718994,0.0,0.113189697265625,1.0,1.0,0.95556640625
geometry_dropout,test_seen,1173,val:2008_006408:part_84,2008_006408,person,eye,eye,0.0,0.0,0.0,0.0002101944264722988,0.95703125,1.0,3.516674041748047e-06
geometry_dropout,test_seen,1174,val:2008_006408:part_85,2008_006408,person,torso,torso,0.5765808820724487,0.7314320206642151,0.1178915873169899,0.4108250141143799,1.0,1.0,0.96630859375
geometry_dropout,test_seen,1175,val:2008_006408:part_89,2008_006408,person,nose,nose,0.2857142984867096,0.4444444477558136,0.0,0.010825012810528278,0.026153564453125,0.994140625,0.0
geometry_dropout,test_seen,1176,val:2008_006408:part_90,2008_006408,person,ear,ear,0.1807228922843933,0.30612245202064514,0.0,0.005570152308791876,0.0006213188171386719,0.96728515625,0.0
geometry_dropout,test_seen,1177,val:2008_006408:part_91,2008_006408,person,eyebrow,eyebrow,0.0,0.0,0.0,0.0003152916324324906,0.0008230209350585938,0.5947265625,0.0
geometry_dropout,test_seen,1178,val:2008_006408:part_92,2008_006408,person,mouth,mouth,0.0,0.0,0.0,0.003047819249331951,1.0,1.0,0.48486328125
geometry_dropout,test_seen,1179,val:2008_006408:part_93,2008_006408,person,hair,hair,0.8343079686164856,0.9096705913543701,0.08874566107988358,0.18360483646392822,1.0,1.0,0.927734375
geometry_dropout,test_seen,1180,val:2008_006408:part_94,2008_006408,person,lower arm,lower arm,0.44711264967918396,0.6179375648498535,0.2269861251115799,0.09931686520576477,0.525390625,1.0,0.0
geometry_dropout,test_seen,1181,val:2008_006408:part_95,2008_006408,person,upper arm,upper arm,0.41216546297073364,0.5837353467941284,0.14371258020401,0.094377301633358,0.06964111328125,0.99853515625,0.0
geometry_dropout,test_seen,1182,val:2008_006408:part_96,2008_006408,person,hand,hand,0.5828819274902344,0.7364818453788757,0.08168316632509232,0.06862848252058029,0.99755859375,1.0,4.756450653076172e-05
geometry_dropout,test_seen,1183,val:2008_006480:part_43,2008_006480,cat,head,head,0.7593571543693542,0.8632211685180664,0.14721570909023285,0.23112156987190247,1.0,1.0,0.95556640625
geometry_dropout,test_seen,1184,val:2008_006480:part_45,2008_006480,cat,torso,torso,0.5629247426986694,0.7203478813171387,0.1045900359749794,0.4619886875152588,1.0,1.0,0.96630859375
geometry_dropout,test_seen,1185,val:2008_006480:part_46,2008_006480,cat,neck,neck,0.26101288199424744,0.4139733910560608,0.10579710453748703,0.17990966141223907,1.0,1.0,0.96630859375
geometry_dropout,test_seen,1186,val:2008_006480:part_47,2008_006480,cat,leg,leg,0.3634321689605713,0.5331136584281921,0.08662131428718567,0.05280234292149544,0.9990234375,1.0,9.5367431640625e-07
geometry_dropout,test_seen,1187,val:2008_006480:part_49,2008_006480,cat,paw,paw,0.5727956295013428,0.72837895154953,0.2222222238779068,0.054201919585466385,0.99072265625,1.0,2.384185791015625e-07
geometry_dropout,test_seen,1188,val:2008_006480:part_50,2008_006480,cat,ear,ear,0.27841633558273315,0.43556442856788635,0.448586106300354,0.014186653308570385,0.0006213188171386719,0.96728515625,0.0
geometry_dropout,test_seen,1189,val:2008_006523:part_114,2008_006523,train,coach,coach,0.9152966141700745,0.9557753205299377,0.07969284802675247,0.9964622855186462,1.0,1.0,0.90087890625
geometry_dropout,test_seen,1190,val:2008_006528:part_51,2008_006528,cow,tail,tail,0.0,0.0,0.0,0.009876543655991554,0.986328125,1.0,6.556510925292969e-07
geometry_dropout,test_seen,1191,val:2008_006528:part_52,2008_006528,cow,head,head,0.4823151230812073,0.650759220123291,0.2916145324707031,0.1441975235939026,1.0,1.0,0.95556640625
geometry_dropout,test_seen,1192,val:2008_006528:part_53,2008_006528,cow,eye,eye,0.0,0.0,0.0,0.003703703638166189,0.95703125,1.0,3.516674041748047e-06
geometry_dropout,test_seen,1193,val:2008_006528:part_54,2008_006528,cow,torso,torso,0.7410776615142822,0.8512861728668213,0.11047755181789398,0.5358024835586548,1.0,1.0,0.96630859375
geometry_dropout,test_seen,1194,val:2008_006528:part_56,2008_006528,cow,leg,leg,0.2879417836666107,0.447134792804718,0.5160441994667053,0.1424691379070282,0.9990234375,1.0,9.5367431640625e-07
geometry_dropout,test_seen,1195,val:2008_006528:part_57,2008_006528,cow,ear,ear,0.2750929296016693,0.4314868748188019,0.3262955844402313,0.040740739554166794,0.0006213188171386719,0.96728515625,0.0
geometry_dropout,test_seen,1196,val:2008_006528:part_58,2008_006528,cow,muzzle,muzzle,0.4982014298439026,0.6650660037994385,0.4746716618537903,0.07407407462596893,0.982421875,1.0,3.4570693969726562e-06
geometry_dropout,test_seen,1197,val:2008_006528:part_59,2008_006528,cow,horn,horn,0.14182938635349274,0.24842484295368195,0.5522703528404236,0.04049382731318474,0.0299224853515625,0.9990234375,0.0
geometry_dropout,test_seen,1198,val:2008_006553:part_109,2008_006553,train,head,head,0.014697236940264702,0.02896871417760849,0.3970315456390381,0.012221100740134716,1.0,1.0,0.95556640625
geometry_dropout,test_seen,1199,val:2008_006553:part_110,2008_006553,train,front,front,0.7095081806182861,0.8300728797912598,0.1973770558834076,0.7278842926025391,1.0,1.0,0.8779296875
geometry_dropout,test_seen,1200,val:2008_006553:part_111,2008_006553,train,side,side,0.6596006155014038,0.7948907613754272,0.19212891161441803,0.24386142194271088,1.0,1.0,0.0604248046875
geometry_dropout,test_seen,1201,val:2008_006553:part_114,2008_006553,train,coach,coach,0.0005822416278533638,0.001163805602118373,0.0953630805015564,0.0008969615446403623,1.0,1.0,0.90087890625
geometry_dropout,test_seen,1202,val:2008_006554:part_22,2008_006554,bus,wheel,wheel,0.8936743140220642,0.9438521862030029,0.028129395097494125,0.07443850487470627,0.99853515625,1.0,8.881092071533203e-06
geometry_dropout,test_seen,1203,val:2008_006554:part_23,2008_006554,bus,headlight,headlight,0.33125001192092896,0.4976525902748108,0.0,0.008663102053105831,1.0,1.0,0.137939453125
geometry_dropout,test_seen,1204,val:2008_006554:part_24,2008_006554,bus,front,front,0.2860863208770752,0.444894403219223,0.1602734476327896,0.08812834322452545,1.0,1.0,0.8779296875
geometry_dropout,test_seen,1205,val:2008_006554:part_25,2008_006554,bus,side,side,0.5278841853141785,0.6910002827644348,0.18121957778930664,0.4043850302696228,1.0,1.0,0.0604248046875
geometry_dropout,test_seen,1206,val:2008_006554:part_28,2008_006554,bus,mirror,mirror,0.0,0.0,0.0,0.0019251336343586445,0.84912109375,1.0,4.231929779052734e-06
geometry_dropout,test_seen,1207,val:2008_006554:part_31,2008_006554,bus,window,window,0.7434602975845337,0.8528560400009155,0.03289303183555603,0.39967915415763855,1.0,1.0,0.327880859375
geometry_dropout,test_seen,1208,val:2008_006703:part_0,2008_006703,aeroplane,body,body,0.5412843823432922,0.7023809552192688,0.2977566421031952,0.5179306268692017,1.0,1.0,0.94677734375
geometry_dropout,test_seen,1209,val:2008_006703:part_1,2008_006703,aeroplane,stern,stern,0.6629213690757751,0.7972972989082336,0.15673574805259705,0.3292181193828583,1.0,1.0,0.11859130859375
geometry_dropout,test_seen,1210,val:2008_006703:part_2,2008_006703,aeroplane,wing,wing,0.2585969865322113,0.41092896461486816,0.14442916214466095,0.11052322387695312,0.98779296875,1.0,1.3649463653564453e-05
geometry_dropout,test_seen,1211,val:2008_006703:part_5,2008_006703,aeroplane,wheel,wheel,0.4333333373069763,0.604651153087616,0.522522509098053,0.03586125746369362,0.99853515625,1.0,8.881092071533203e-06
geometry_dropout,test_seen,1212,val:2008_006722:part_83,2008_006722,person,head,head,0.0020000000949949026,0.003992015961557627,0.3778234124183655,0.001453941222280264,1.0,1.0,0.95556640625
geometry_dropout,test_seen,1213,val:2008_006722:part_85,2008_006722,person,torso,torso,0.0,0.0,0.9324324131011963,0.005815764889121056,1.0,1.0,0.96630859375
geometry_dropout,test_seen,1214,val:2008_006722:part_87,2008_006722,person,leg,leg,0.0037807184271514416,0.0075329565443098545,0.4580152630805969,0.000726970611140132,0.9990234375,1.0,9.5367431640625e-07
geometry_dropout,test_seen,1215,val:2008_006722:part_90,2008_006722,person,ear,ear,0.00804289523512125,0.01595744676887989,0.15789473056793213,0.0015577941667288542,0.0006213188171386719,0.96728515625,0.0
geometry_dropout,test_seen,1216,val:2008_006752:part_109,2008_006752,train,head,head,0.0,0.0,0.29032257199287415,0.0024598229210823774,1.0,1.0,0.95556640625
geometry_dropout,test_seen,1217,val:2008_006752:part_111,2008_006752,train,side,side,0.699076235294342,0.8228898048400879,0.062225013971328735,0.7359790205955505,1.0,1.0,0.0604248046875
geometry_dropout,test_seen,1218,val:2008_006752:part_113,2008_006752,train,roof,roof,0.6371027231216431,0.7783295512199402,0.13675957918167114,0.17497539520263672,1.0,1.0,0.99267578125
geometry_dropout,test_seen,1219,val:2008_006752:part_114,2008_006752,train,coach,coach,0.061999157071113586,0.11675933003425598,0.02206985279917717,0.060511644929647446,1.0,1.0,0.90087890625
geometry_dropout,test_seen,1220,val:2008_007025:part_51,2008_007025,cow,tail,tail,0.0,0.0,0.5769230723381042,0.007230320479720831,0.986328125,1.0,6.556510925292969e-07
geometry_dropout,test_seen,1221,val:2008_007025:part_52,2008_007025,cow,head,head,0.18565815687179565,0.3131731450557709,0.06666667014360428,0.02530612237751484,1.0,1.0,0.95556640625
geometry_dropout,test_seen,1222,val:2008_007025:part_54,2008_007025,cow,torso,torso,0.5012406706809998,0.6677685976028442,0.044189851731061935,0.4156268239021301,1.0,1.0,0.96630859375
geometry_dropout,test_seen,1223,val:2008_007025:part_55,2008_007025,cow,neck,neck,0.11410459876060486,0.2048364132642746,0.04490777850151062,0.018542274832725525,1.0,1.0,0.96630859375
geometry_dropout,test_seen,1224,val:2008_007025:part_56,2008_007025,cow,leg,leg,0.27112463116645813,0.4265901446342468,0.3887788653373718,0.06717201322317123,0.9990234375,1.0,9.5367431640625e-07
geometry_dropout,test_seen,1225,val:2008_007025:part_57,2008_007025,cow,ear,ear,0.0,0.0,0.3855421543121338,0.005597667768597603,0.0006213188171386719,0.96728515625,0.0
geometry_dropout,test_seen,1226,val:2008_007025:part_58,2008_007025,cow,muzzle,muzzle,0.14173229038715363,0.24827586114406586,0.10963454842567444,0.015626821666955948,0.982421875,1.0,3.4570693969726562e-06
geometry_dropout,test_seen,1227,val:2008_007025:part_59,2008_007025,cow,horn,horn,0.0,0.0,0.3055555522441864,0.0027988338842988014,0.0299224853515625,0.9990234375,0.0
geometry_dropout,test_seen,1228,val:2008_007031:part_51,2008_007031,cow,tail,tail,0.10736196488142014,0.1939058154821396,0.21943573653697968,0.008810572326183319,0.986328125,1.0,6.556510925292969e-07
geometry_dropout,test_seen,1229,val:2008_007031:part_52,2008_007031,cow,head,head,0.4526515007019043,0.6232073307037354,0.13680154085159302,0.05202433466911316,1.0,1.0,0.95556640625
geometry_dropout,test_seen,1230,val:2008_007031:part_53,2008_007031,cow,eye,eye,0.0,0.0,0.0,0.0006293266196735203,0.95703125,1.0,3.516674041748047e-06
geometry_dropout,test_seen,1231,val:2008_007031:part_54,2008_007031,cow,torso,torso,0.7406619191169739,0.8510118126869202,0.09713603556156158,0.6656177639961243,1.0,1.0,0.96630859375
geometry_dropout,test_seen,1232,val:2008_007031:part_55,2008_007031,cow,neck,neck,0.32147395610809326,0.48653846979141235,0.01679389365017414,0.08076358586549759,1.0,1.0,0.96630859375
geometry_dropout,test_seen,1233,val:2008_007031:part_56,2008_007031,cow,leg,leg,0.4822485148906708,0.6506986021995544,0.23474177718162537,0.13656388223171234,0.9990234375,1.0,9.5367431640625e-07
geometry_dropout,test_seen,1234,val:2008_007031:part_57,2008_007031,cow,ear,ear,0.14741036295890808,0.2569444477558136,0.04780876636505127,0.007761694956570864,0.0006213188171386719,0.96728515625,0.0
geometry_dropout,test_seen,1235,val:2008_007031:part_58,2008_007031,cow,muzzle,muzzle,0.4826589524745941,0.6510721445083618,0.23699422180652618,0.03503251448273659,0.982421875,1.0,3.4570693969726562e-06
geometry_dropout,test_seen,1236,val:2008_007123:part_51,2008_007123,cow,tail,tail,0.19696970283985138,0.3291139304637909,0.6274510025978088,0.017225468531250954,0.986328125,1.0,6.556510925292969e-07
geometry_dropout,test_seen,1237,val:2008_007123:part_52,2008_007123,cow,head,head,0.33723652362823486,0.5043782591819763,0.2539682686328888,0.05936634913086891,1.0,1.0,0.95556640625
geometry_dropout,test_seen,1238,val:2008_007123:part_54,2008_007123,cow,torso,torso,0.7644394040107727,0.8664954900741577,0.09384042769670486,0.6936327219009399,1.0,1.0,0.96630859375
geometry_dropout,test_seen,1239,val:2008_007123:part_55,2008_007123,cow,neck,neck,0.29906541109085083,0.46043166518211365,0.032786883413791656,0.029221778735518456,1.0,1.0,0.96630859375
geometry_dropout,test_seen,1240,val:2008_007123:part_56,2008_007123,cow,leg,leg,0.4359949231147766,0.6072373986244202,0.3038673996925354,0.12580744922161102,0.9990234375,1.0,9.5367431640625e-07
geometry_dropout,test_seen,1241,val:2008_007123:part_57,2008_007123,cow,ear,ear,0.10091742873191833,0.18333333730697632,0.4457831382751465,0.011381113901734352,0.0006213188171386719,0.96728515625,0.0
geometry_dropout,test_seen,1242,val:2008_007123:part_58,2008_007123,cow,muzzle,muzzle,0.4472573697566986,0.6180757880210876,0.3375527560710907,0.032605353742837906,0.982421875,1.0,3.4570693969726562e-06
geometry_dropout,test_seen,1243,val:2008_007123:part_59,2008_007123,cow,horn,horn,0.0,0.0,0.1437908560037613,0.0049215625040233135,0.0299224853515625,0.9990234375,0.0
geometry_dropout,test_seen,1244,val:2008_007219:part_20,2008_007219,bottle,body,body,0.6325253844261169,0.774904191493988,0.23894637823104858,0.8193445205688477,1.0,1.0,0.94677734375
geometry_dropout,test_seen,1245,val:2008_007219:part_21,2008_007219,bottle,cap,cap,0.0,0.0,0.0,0.05595523491501808,1.0,1.0,0.453125
geometry_dropout,test_seen,1246,val:2008_007273:part_51,2008_007273,cow,tail,tail,0.09428951144218445,0.1723300963640213,0.5186246633529663,0.02558375708758831,0.986328125,1.0,6.556510925292969e-07
geometry_dropout,test_seen,1247,val:2008_007273:part_52,2008_007273,cow,head,head,0.550000011920929,0.7096773982048035,0.28318583965301514,0.038172587752342224,1.0,1.0,0.95556640625
geometry_dropout,test_seen,1248,val:2008_007273:part_53,2008_007273,cow,eye,eye,0.0,0.0,0.0,0.0006091370596550405,0.95703125,1.0,3.516674041748047e-06
geometry_dropout,test_seen,1249,val:2008_007273:part_54,2008_007273,cow,torso,torso,0.8182281255722046,0.9000279903411865,0.07674112915992737,0.6775634288787842,1.0,1.0,0.96630859375
geometry_dropout,test_seen,1250,val:2008_007273:part_55,2008_007273,cow,neck,neck,0.3190661370754242,0.4837758243083954,0.014492753893136978,0.026802031323313713,1.0,1.0,0.96630859375
geometry_dropout,test_seen,1251,val:2008_007273:part_56,2008_007273,cow,leg,leg,0.2855726182460785,0.44427305459976196,0.5015075206756592,0.12243654578924179,0.9990234375,1.0,9.5367431640625e-07
geometry_dropout,test_seen,1252,val:2008_007273:part_57,2008_007273,cow,ear,ear,0.24390244483947754,0.3921568691730499,0.12230215966701508,0.013197969645261765,0.0006213188171386719,0.96728515625,0.0
geometry_dropout,test_seen,1253,val:2008_007273:part_58,2008_007273,cow,muzzle,muzzle,0.5186567306518555,0.6830466985702515,0.2744360864162445,0.028629440814256668,0.982421875,1.0,3.4570693969726562e-06
geometry_dropout,test_seen,1254,val:2008_007350:part_0,2008_007350,aeroplane,body,body,0.7253826260566711,0.8408368229866028,0.09324758499860764,0.5809826850891113,1.0,1.0,0.94677734375
geometry_dropout,test_seen,1255,val:2008_007350:part_1,2008_007350,aeroplane,stern,stern,0.5983889698982239,0.7487400770187378,0.2830299437046051,0.2445404976606369,1.0,1.0,0.11859130859375
geometry_dropout,test_seen,1256,val:2008_007350:part_2,2008_007350,aeroplane,wing,wing,0.3522167503833771,0.5209471583366394,0.0,0.07620564103126526,0.98779296875,1.0,1.3649463653564453e-05
geometry_dropout,test_seen,1257,val:2008_007350:part_4,2008_007350,aeroplane,engine,engine,0.6534446477890015,0.7904040217399597,0.20454545319080353,0.0800727903842926,0.9951171875,1.0,2.300739288330078e-05
geometry_dropout,test_seen,1258,val:2008_007350:part_5,2008_007350,aeroplane,wheel,wheel,0.15463916957378387,0.2678571343421936,0.7037037014961243,0.007961783558130264,0.99853515625,1.0,8.881092071533203e-06
geometry_dropout,test_seen,1259,val:2008_007392:part_70,2008_007392,horse,tail,tail,0.06382978707551956,0.11999999731779099,0.0138248847797513,0.012118986807763577,0.986328125,1.0,6.556510925292969e-07
geometry_dropout,test_seen,1260,val:2008_007392:part_71,2008_007392,horse,head,head,0.4202127754688263,0.5917602777481079,0.21808511018753052,0.08703635632991791,1.0,1.0,0.95556640625
geometry_dropout,test_seen,1261,val:2008_007392:part_73,2008_007392,horse,torso,torso,0.5311427116394043,0.6937860250473022,0.20474262535572052,0.5115681290626526,1.0,1.0,0.96630859375
geometry_dropout,test_seen,1262,val:2008_007392:part_74,2008_007392,horse,neck,neck,0.5056910514831543,0.6717062592506409,0.09302325546741486,0.11898641288280487,1.0,1.0,0.96630859375
geometry_dropout,test_seen,1263,val:2008_007392:part_75,2008_007392,horse,leg,leg,0.29221853613853455,0.4522741734981537,0.44526219367980957,0.17407271265983582,0.9990234375,1.0,9.5367431640625e-07
geometry_dropout,test_seen,1264,val:2008_007392:part_76,2008_007392,horse,ear,ear,0.0,0.0,1.0,0.019831068813800812,0.0006213188171386719,0.96728515625,0.0
geometry_dropout,test_seen,1265,val:2008_007392:part_77,2008_007392,horse,muzzle,muzzle,0.4982078969478607,0.6650717854499817,0.4423076808452606,0.05802423879504204,0.982421875,1.0,3.4570693969726562e-06
geometry_dropout,test_seen,1266,val:2008_007392:part_85,2008_007392,person,torso,torso,0.03206650912761688,0.062140390276908875,0.4523424804210663,0.31969308853149414,1.0,1.0,0.96630859375
geometry_dropout,test_seen,1267,val:2008_007402:part_83,2008_007402,person,head,head,0.35596707463264465,0.525037944316864,0.09030836820602417,0.02343124896287918,1.0,1.0,0.95556640625
geometry_dropout,test_seen,1268,val:2008_007402:part_84,2008_007402,person,eye,eye,0.0,0.0,0.0,0.0005714938743039966,0.95703125,1.0,3.516674041748047e-06
geometry_dropout,test_seen,1269,val:2008_007402:part_85,2008_007402,person,torso,torso,0.3680468499660492,0.5380617380142212,0.07104413211345673,0.21682478487491608,1.0,1.0,0.96630859375
geometry_dropout,test_seen,1270,val:2008_007402:part_88,2008_007402,person,foot,foot,0.15808823704719543,0.2730158865451813,0.5150214433670044,0.009372499771416187,0.99462890625,1.0,2.384185791015625e-07
geometry_dropout,test_seen,1271,val:2008_007402:part_89,2008_007402,person,nose,nose,0.0,0.0,1.0,0.0019430791726335883,0.026153564453125,0.994140625,0.0
geometry_dropout,test_seen,1272,val:2008_007402:part_90,2008_007402,person,ear,ear,0.0,0.0,0.0,0.0020573779474943876,0.0006213188171386719,0.96728515625,0.0
geometry_dropout,test_seen,1273,val:2008_007402:part_91,2008_007402,person,eyebrow,eyebrow,0.0,0.0,0.0,0.00022859754972159863,0.0008230209350585938,0.5947265625,0.0
geometry_dropout,test_seen,1274,val:2008_007402:part_92,2008_007402,person,mouth,mouth,0.0,0.0,0.0,0.00045719509944319725,1.0,1.0,0.48486328125
geometry_dropout,test_seen,1275,val:2008_007402:part_93,2008_007402,person,hair,hair,0.6173912882804871,0.7634408473968506,0.18418079614639282,0.06892216205596924,1.0,1.0,0.927734375
geometry_dropout,test_seen,1276,val:2008_007402:part_94,2008_007402,person,lower arm,lower arm,0.34140127897262573,0.5090218186378479,0.2735166549682617,0.041376158595085144,0.525390625,1.0,0.0
geometry_dropout,test_seen,1277,val:2008_007402:part_95,2008_007402,person,upper arm,upper arm,0.5390738248825073,0.7005171775817871,0.06754772365093231,0.08743856102228165,0.06964111328125,0.99853515625,0.0
geometry_dropout,test_seen,1278,val:2008_007402:part_96,2008_007402,person,hand,hand,0.4679144322872162,0.6375227570533752,0.17270195484161377,0.0217167679220438,0.99755859375,1.0,4.756450653076172e-05
geometry_dropout,test_seen,1279,val:2008_007507:part_0,2008_007507,aeroplane,body,body,0.13189448416233063,0.2330508530139923,0.5486284494400024,0.32568806409835815,1.0,1.0,0.94677734375
geometry_dropout,test_seen,1280,val:2008_007507:part_1,2008_007507,aeroplane,stern,stern,0.0,0.0,1.0,0.12844036519527435,1.0,1.0,0.11859130859375
geometry_dropout,test_seen,1281,val:2008_007507:part_2,2008_007507,aeroplane,wing,wing,0.2445141077041626,0.39294710755348206,0.525083601474762,0.44954127073287964,0.98779296875,1.0,1.3649463653564453e-05
geometry_dropout,test_seen,1282,val:2008_007507:part_5,2008_007507,aeroplane,wheel,wheel,0.07692307978868484,0.1428571492433548,0.0,0.059633027762174606,0.99853515625,1.0,8.881092071533203e-06
geometry_dropout,test_seen,1283,val:2008_007527:part_115,2008_007527,tvmonitor,screen,screen,0.7862644195556641,0.8803449273109436,0.054814815521240234,0.8297625780105591,1.0,1.0,0.98779296875
geometry_dropout,test_seen,1284,val:2008_007548:part_42,2008_007548,cat,tail,tail,0.4772447645664215,0.646128237247467,0.3881579041481018,0.10371589660644531,0.986328125,1.0,6.556510925292969e-07
geometry_dropout,test_seen,1285,val:2008_007548:part_43,2008_007548,cat,head,head,0.51408451795578,0.6790697574615479,0.14009661972522736,0.05432737618684769,1.0,1.0,0.95556640625
geometry_dropout,test_seen,1286,val:2008_007548:part_45,2008_007548,cat,torso,torso,0.7062726020812988,0.8278543949127197,0.07509046792984009,0.5507996082305908,1.0,1.0,0.96630859375
geometry_dropout,test_seen,1287,val:2008_007548:part_47,2008_007548,cat,leg,leg,0.5260039567947388,0.6893873810768127,0.30146491527557373,0.24012228846549988,0.9990234375,1.0,9.5367431640625e-07
geometry_dropout,test_seen,1288,val:2008_007548:part_49,2008_007548,cat,paw,paw,0.28740158677101135,0.44648319482803345,0.584645688533783,0.03433678299188614,0.99072265625,1.0,2.384185791015625e-07
geometry_dropout,test_seen,1289,val:2008_007548:part_50,2008_007548,cat,ear,ear,0.0,0.0,0.0,0.009642520919442177,0.0006213188171386719,0.96728515625,0.0
geometry_dropout,test_seen,1290,val:2008_007596:part_51,2008_007596,cow,tail,tail,0.07361963391304016,0.1371428519487381,0.44171780347824097,0.011928429827094078,0.986328125,1.0,6.556510925292969e-07
geometry_dropout,test_seen,1291,val:2008_007596:part_52,2008_007596,cow,head,head,0.5,0.6666666865348816,0.27272728085517883,0.05069582536816597,1.0,1.0,0.95556640625
geometry_dropout,test_seen,1292,val:2008_007596:part_54,2008_007596,cow,torso,torso,0.7237623929977417,0.8397472500801086,0.1664910465478897,0.7872763276100159,1.0,1.0,0.96630859375
geometry_dropout,test_seen,1293,val:2008_007596:part_55,2008_007596,cow,neck,neck,0.2451612949371338,0.393782377243042,0.02666666731238365,0.042743537575006485,1.0,1.0,0.96630859375
geometry_dropout,test_seen,1294,val:2008_007596:part_56,2008_007596,cow,leg,leg,0.20999999344348907,0.3471074402332306,0.3040935695171356,0.07057654112577438,0.9990234375,1.0,9.5367431640625e-07
geometry_dropout,test_seen,1295,val:2008_007596:part_57,2008_007596,cow,ear,ear,0.0,0.0,0.0,0.000994035741314292,0.0006213188171386719,0.96728515625,0.0
geometry_dropout,test_seen,1296,val:2008_007596:part_58,2008_007596,cow,muzzle,muzzle,0.15199999511241913,0.2638888955116272,0.2222222238779068,0.026838965713977814,0.982421875,1.0,3.4570693969726562e-06
geometry_dropout,test_seen,1297,val:2008_007737:part_20,2008_007737,bottle,body,body,0.2081967145204544,0.34464043378829956,0.4631901979446411,0.5629965662956238,1.0,1.0,0.94677734375
geometry_dropout,test_seen,1298,val:2008_007797:part_22,2008_007797,bus,wheel,wheel,0.4029850661754608,0.5744680762290955,0.2986767590045929,0.01324228011071682,0.99853515625,1.0,8.881092071533203e-06
geometry_dropout,test_seen,1299,val:2008_007797:part_25,2008_007797,bus,side,side,0.5922642946243286,0.7439271211624146,0.060905348509550095,0.13557006418704987,1.0,1.0,0.0604248046875
geometry_dropout,test_seen,1300,val:2008_007797:part_26,2008_007797,bus,back,back,0.7579112648963928,0.8622861504554749,0.07005355507135391,0.6407957077026367,1.0,1.0,0.90283203125
geometry_dropout,test_seen,1301,val:2008_007797:part_31,2008_007797,bus,window,window,0.6739643812179565,0.8052314519882202,0.011299435049295425,0.18984560668468475,1.0,1.0,0.327880859375
geometry_dropout,test_seen,1302,val:2008_007804:part_22,2008_007804,bus,wheel,wheel,0.0,0.0,0.0,0.018518518656492233,0.99853515625,1.0,8.881092071533203e-06
geometry_dropout,test_seen,1303,val:2008_007804:part_24,2008_007804,bus,front,front,0.2211538404226303,0.36220473051071167,0.012048192322254181,0.32592591643333435,1.0,1.0,0.8779296875
geometry_dropout,test_seen,1304,val:2008_007804:part_25,2008_007804,bus,side,side,0.014925372786819935,0.029411764815449715,0.1599999964237213,0.385185182094574,1.0,1.0,0.0604248046875
geometry_dropout,test_seen,1305,val:2008_007804:part_31,2008_007804,bus,window,window,0.0,0.0,0.0,0.27037036418914795,1.0,1.0,0.327880859375
geometry_dropout,test_seen,1306,val:2008_007811:part_20,2008_007811,bottle,body,body,0.863862156867981,0.9269592761993408,0.09639690816402435,0.9536304473876953,1.0,1.0,0.94677734375
geometry_dropout,test_seen,1307,val:2008_007811:part_21,2008_007811,bottle,cap,cap,0.42276424169540405,0.5942857265472412,0.44349679350852966,0.016034984961152077,1.0,1.0,0.453125
geometry_dropout,test_seen,1308,val:2008_007828:part_115,2008_007828,tvmonitor,screen,screen,0.1672932356595993,0.2866344749927521,0.5,0.25470513105392456,1.0,1.0,0.98779296875
geometry_dropout,test_seen,1309,val:2008_007836:part_0,2008_007836,aeroplane,body,body,0.2509652376174927,0.40123456716537476,0.43824702501296997,0.37244898080825806,1.0,1.0,0.94677734375
geometry_dropout,test_seen,1310,val:2008_007836:part_1,2008_007836,aeroplane,stern,stern,0.0,0.0,0.48466256260871887,0.21938775479793549,1.0,1.0,0.11859130859375
geometry_dropout,test_seen,1311,val:2008_007836:part_2,2008_007836,aeroplane,wing,wing,0.23948219418525696,0.3864229619503021,0.4951139986515045,0.3877550959587097,0.98779296875,1.0,1.3649463653564453e-05
geometry_dropout,test_seen,1312,val:2008_007945:part_70,2008_007945,horse,tail,tail,0.3922942280769348,0.5635220408439636,0.130707249045372,0.08860316872596741,0.986328125,1.0,6.556510925292969e-07
geometry_dropout,test_seen,1313,val:2008_007945:part_71,2008_007945,horse,head,head,0.06467662006616592,0.1214953288435936,0.11778291314840317,0.07441827654838562,1.0,1.0,0.95556640625
geometry_dropout,test_seen,1314,val:2008_007945:part_73,2008_007945,horse,torso,torso,0.22908130288124084,0.3727683424949646,0.06746488809585571,0.3462371528148651,1.0,1.0,0.96630859375
geometry_dropout,test_seen,1315,val:2008_007945:part_74,2008_007945,horse,neck,neck,0.491929829120636,0.659454345703125,0.016748769208788872,0.0776325911283493,1.0,1.0,0.96630859375
geometry_dropout,test_seen,1316,val:2008_007945:part_75,2008_007945,horse,leg,leg,0.09067652374505997,0.1662757396697998,0.34794774651527405,0.11830060929059982,0.9990234375,1.0,9.5367431640625e-07
geometry_dropout,test_seen,1317,val:2008_007945:part_76,2008_007945,horse,ear,ear,0.02777777798473835,0.054054055362939835,0.02298850566148758,0.004262455273419619,0.0006213188171386719,0.96728515625,0.0
geometry_dropout,test_seen,1318,val:2008_007994:part_87,2008_007994,person,leg,leg,0.0,0.0,0.0,0.00011156356049468741,0.9990234375,1.0,9.5367431640625e-07
geometry_dropout,test_seen,1319,val:2008_007994:part_88,2008_007994,person,foot,foot,0.0,0.0,0.0,0.00011157600965816528,0.99462890625,1.0,2.384185791015625e-07
geometry_dropout,test_seen,1320,val:2008_008221:part_83,2008_008221,person,head,head,0.09090909361839294,0.1666666716337204,0.7971014380455017,0.05757776275277138,1.0,1.0,0.95556640625
geometry_dropout,test_seen,1321,val:2008_008221:part_85,2008_008221,person,torso,torso,0.7100130319595337,0.8304182291030884,0.04692082107067108,0.4189278483390808,1.0,1.0,0.96630859375
geometry_dropout,test_seen,1322,val:2008_008221:part_87,2008_008221,person,leg,leg,0.40228572487831116,0.5737571120262146,0.46875,0.3461284041404724,0.9990234375,1.0,9.5367431640625e-07
geometry_dropout,test_seen,1323,val:2008_008221:part_90,2008_008221,person,ear,ear,0.0,0.0,0.0,0.001985440030694008,0.0006213188171386719,0.96728515625,0.0
geometry_dropout,test_seen,1324,val:2008_008221:part_93,2008_008221,person,hair,hair,0.10204081982374191,0.18518517911434174,0.3979591727256775,0.006618133746087551,1.0,1.0,0.927734375
geometry_dropout,test_seen,1325,val:2008_008221:part_94,2008_008221,person,lower arm,lower arm,0.30158731341362,0.46341463923454285,0.22857142984867096,0.046988748013973236,0.525390625,1.0,0.0
geometry_dropout,test_seen,1326,val:2008_008221:part_95,2008_008221,person,upper arm,upper arm,0.23039215803146362,0.3745020031929016,0.22413793206214905,0.1019192561507225,0.06964111328125,0.99853515625,0.0
geometry_dropout,test_seen,1327,val:2008_008221:part_96,2008_008221,person,hand,hand,0.03809523954987526,0.07339449226856232,0.4000000059604645,0.0026472534518688917,0.99755859375,1.0,4.756450653076172e-05
geometry_dropout,test_seen,1328,val:2008_008221:part_109,2008_008221,train,head,head,0.0010204081190750003,0.0020387358963489532,0.4714285731315613,7.641754200449213e-05,1.0,1.0,0.95556640625
geometry_dropout,test_seen,1329,val:2008_008252:part_23,2008_008252,bus,headlight,headlight,0.27218934893608093,0.42790699005126953,0.0,0.016414746642112732,1.0,1.0,0.137939453125
geometry_dropout,test_seen,1330,val:2008_008252:part_24,2008_008252,bus,front,front,0.7619674801826477,0.8649052977561951,0.10899452120065689,0.6108337044715881,1.0,1.0,0.8779296875
geometry_dropout,test_seen,1331,val:2008_008252:part_28,2008_008252,bus,mirror,mirror,0.2064896821975708,0.342298299074173,0.49815496802330017,0.00943847931921482,0.84912109375,1.0,4.231929779052734e-06
geometry_dropout,test_seen,1332,val:2008_008252:part_30,2008_008252,bus,door,door,0.028248587623238564,0.05494505539536476,0.09836065769195557,0.03310307115316391,0.15771484375,0.998046875,0.0
geometry_dropout,test_seen,1333,val:2008_008252:part_31,2008_008252,bus,window,window,0.7603864669799805,0.8638858199119568,0.04476650431752205,0.32296013832092285,1.0,1.0,0.327880859375
geometry_dropout,test_seen,1334,val:2008_008296:part_70,2008_008296,horse,tail,tail,0.0,0.0,1.0,0.17272727191448212,0.986328125,1.0,6.556510925292969e-07
geometry_dropout,test_seen,1335,val:2008_008296:part_71,2008_008296,horse,head,head,0.0,0.0,0.11874999850988388,0.05454545468091965,1.0,1.0,0.95556640625
geometry_dropout,test_seen,1336,val:2008_008296:part_73,2008_008296,horse,torso,torso,0.20975609123706818,0.3467741906642914,0.2638888955116272,0.5333333611488342,1.0,1.0,0.96630859375
geometry_dropout,test_seen,1337,val:2008_008296:part_74,2008_008296,horse,neck,neck,0.0,0.0,0.17142857611179352,0.08787878602743149,1.0,1.0,0.96630859375
geometry_dropout,test_seen,1338,val:2008_008296:part_75,2008_008296,horse,leg,leg,0.0,0.0,0.0,0.08787878602743149,0.9990234375,1.0,9.5367431640625e-07
geometry_dropout,test_seen,1339,val:2008_008296:part_77,2008_008296,horse,muzzle,muzzle,0.0,0.0,0.0,0.03333333507180214,0.982421875,1.0,3.4570693969726562e-06
geometry_dropout,test_seen,1340,val:2008_008301:part_22,2008_008301,bus,wheel,wheel,0.5233730673789978,0.6871239542961121,0.04007820039987564,0.04435651749372482,0.99853515625,1.0,8.881092071533203e-06
geometry_dropout,test_seen,1341,val:2008_008301:part_25,2008_008301,bus,side,side,0.9176775217056274,0.9570717811584473,0.03562534600496292,0.9498819708824158,1.0,1.0,0.0604248046875
geometry_dropout,test_seen,1342,val:2008_008335:part_83,2008_008335,person,head,head,0.5726770758628845,0.7282831072807312,0.05129389837384224,0.08209052681922913,1.0,1.0,0.95556640625
geometry_dropout,test_seen,1343,val:2008_008335:part_84,2008_008335,person,eye,eye,0.08135592937469482,0.15047021210193634,0.0,0.00399005739018321,0.95703125,1.0,3.516674041748047e-06
geometry_dropout,test_seen,1344,val:2008_008335:part_85,2008_008335,person,torso,torso,0.7390310764312744,0.8499342799186707,0.05475899949669838,0.31783097982406616,1.0,1.0,0.96630859375
geometry_dropout,test_seen,1345,val:2008_008335:part_86,2008_008335,person,neck,neck,0.4398496150970459,0.6109660863876343,0.031496062874794006,0.01687598042190075,1.0,1.0,0.96630859375
geometry_dropout,test_seen,1346,val:2008_008335:part_89,2008_008335,person,nose,nose,0.3632287085056305,0.5328947305679321,0.0,0.008830455131828785,0.026153564453125,0.994140625,0.0
geometry_dropout,test_seen,1347,val:2008_008335:part_90,2008_008335,person,ear,ear,0.5590550899505615,0.7171717286109924,0.0,0.007718471810221672,0.0006213188171386719,0.96728515625,0.0
geometry_dropout,test_seen,1348,val:2008_008335:part_91,2008_008335,person,eyebrow,eyebrow,0.11442785710096359,0.2053571492433548,0.0,0.0031397175043821335,0.0008230209350585938,0.5947265625,0.0
geometry_dropout,test_seen,1349,val:2008_008335:part_92,2008_008335,person,mouth,mouth,0.43795621395111084,0.6091370582580566,0.0,0.004120879340916872,1.0,1.0,0.48486328125
geometry_dropout,test_seen,1350,val:2008_008335:part_93,2008_008335,person,hair,hair,0.7376985549926758,0.849052369594574,0.1647615283727646,0.12742020189762115,1.0,1.0,0.927734375
geometry_dropout,test_seen,1351,val:2008_008335:part_94,2008_008335,person,lower arm,lower arm,0.45835328102111816,0.6285901665687561,0.10231424868106842,0.1300366371870041,0.525390625,1.0,0.0
geometry_dropout,test_seen,1352,val:2008_008335:part_95,2008_008335,person,upper arm,upper arm,0.6052398085594177,0.7540802359580994,0.04811250790953636,0.20781004428863525,0.06964111328125,0.99853515625,0.0
geometry_dropout,test_seen,1353,val:2008_008335:part_96,2008_008335,person,hand,hand,0.4947839081287384,0.6620139479637146,0.18209408223628998,0.067503921687603,0.99755859375,1.0,4.756450653076172e-05
geometry_dropout,test_seen,1354,val:2008_008362:part_20,2008_008362,bottle,body,body,0.0,0.0,0.0,0.269565224647522,1.0,1.0,0.94677734375
geometry_dropout,test_seen,1355,val:2008_008362:part_21,2008_008362,bottle,cap,cap,0.0,0.0,0.0,0.008695651777088642,1.0,1.0,0.453125
geometry_dropout,test_seen,1356,val:2008_008392:part_70,2008_008392,horse,tail,tail,0.0,0.0,0.0,0.005654632579535246,0.986328125,1.0,6.556510925292969e-07
geometry_dropout,test_seen,1357,val:2008_008392:part_71,2008_008392,horse,head,head,0.5262096524238586,0.689564049243927,0.0670241266489029,0.08351457118988037,1.0,1.0,0.95556640625
geometry_dropout,test_seen,1358,val:2008_008392:part_72,2008_008392,horse,eye,eye,0.0,0.0,0.0,0.0010874293511733413,0.95703125,1.0,3.516674041748047e-06
geometry_dropout,test_seen,1359,val:2008_008392:part_73,2008_008392,horse,torso,torso,0.6183745861053467,0.7641921639442444,0.14401212334632874,0.5337103009223938,1.0,1.0,0.96630859375
geometry_dropout,test_seen,1360,val:2008_008392:part_74,2008_008392,horse,neck,neck,0.6529883742332458,0.7900701761245728,0.16516245901584625,0.16202697157859802,1.0,1.0,0.96630859375
geometry_dropout,test_seen,1361,val:2008_008392:part_75,2008_008392,horse,leg,leg,0.4041835367679596,0.5756847858428955,0.44627508521080017,0.14897781610488892,0.9990234375,1.0,9.5367431640625e-07
geometry_dropout,test_seen,1362,val:2008_008392:part_77,2008_008392,horse,muzzle,muzzle,0.6025640964508057,0.7519999742507935,0.20325203239917755,0.027620704844594002,0.982421875,1.0,3.4570693969726562e-06
geometry_dropout,test_seen,1363,val:2008_008392:part_78,2008_008392,horse,hoof,hoof,0.10596026480197906,0.19161677360534668,0.8518518805503845,0.012831665575504303,0.560546875,1.0,0.0
geometry_dropout,test_seen,1364,val:2008_008393:part_71,2008_008393,horse,head,head,0.5929054021835327,0.7444326877593994,0.019436584785580635,0.37401852011680603,1.0,1.0,0.95556640625
geometry_dropout,test_seen,1365,val:2008_008393:part_72,2008_008393,horse,eye,eye,0.18244802951812744,0.30859375,0.0,0.006193091627210379,0.95703125,1.0,3.516674041748047e-06
geometry_dropout,test_seen,1366,val:2008_008393:part_73,2008_008393,horse,torso,torso,0.8532253503799438,0.9208004474639893,0.03730826452374458,0.32753345370292664,1.0,1.0,0.96630859375
geometry_dropout,test_seen,1367,val:2008_008393:part_77,2008_008393,horse,muzzle,muzzle,0.8125203251838684,0.8965641260147095,0.005473637022078037,0.2858406901359558,0.982421875,1.0,3.4570693969726562e-06
geometry_dropout,test_seen,1368,val:2008_008421:part_71,2008_008421,horse,head,head,0.6399809122085571,0.7804736495018005,0.10380998253822327,0.4062059223651886,1.0,1.0,0.95556640625
geometry_dropout,test_seen,1369,val:2008_008421:part_72,2008_008421,horse,eye,eye,0.3199999928474426,0.4848484992980957,0.0,0.004454012494534254,0.95703125,1.0,3.516674041748047e-06
geometry_dropout,test_seen,1370,val:2008_008421:part_73,2008_008421,horse,torso,torso,0.04915165156126022,0.09369789808988571,0.15098966658115387,0.02145349234342575,1.0,1.0,0.96630859375
geometry_dropout,test_seen,1371,val:2008_008421:part_74,2008_008421,horse,neck,neck,0.6756756901741028,0.8064516186714172,0.11869196593761444,0.2535817623138428,1.0,1.0,0.96630859375
geometry_dropout,test_seen,1372,val:2008_008421:part_76,2008_008421,horse,ear,ear,0.5343099236488342,0.6964824199676514,0.2535771131515503,0.05433895066380501,0.0006213188171386719,0.96728515625,0.0
geometry_dropout,test_seen,1373,val:2008_008421:part_77,2008_008421,horse,muzzle,muzzle,0.6901882886886597,0.8166999220848083,0.10649711638689041,0.2593719959259033,0.982421875,1.0,3.4570693969726562e-06
geometry_dropout,test_seen,1374,val:2008_008434:part_97,2008_008434,pottedplant,pot,pot,0.32995831966400146,0.49619346857070923,0.09126297384500504,0.2325415164232254,0.99755859375,1.0,4.76837158203125e-06
geometry_dropout,test_seen,1375,val:2008_008434:part_98,2008_008434,pottedplant,plant,plant,0.6913580298423767,0.8175182342529297,0.12228260934352875,0.7505773901939392,1.0,1.0,0.6298828125
geometry_dropout,test_seen,1376,val:2008_008469:part_22,2008_008469,bus,wheel,wheel,0.0,0.0,1.0,0.003787684952840209,0.99853515625,1.0,8.881092071533203e-06
geometry_dropout,test_seen,1377,val:2008_008469:part_23,2008_008469,bus,headlight,headlight,0.18574108183383942,0.31329113245010376,0.15217390656471252,0.011158314533531666,1.0,1.0,0.137939453125
geometry_dropout,test_seen,1378,val:2008_008469:part_24,2008_008469,bus,front,front,0.35527437925338745,0.5242840647697449,0.17358046770095825,0.13999079167842865,1.0,1.0,0.8779296875
geometry_dropout,test_seen,1379,val:2008_008469:part_25,2008_008469,bus,side,side,0.3861507773399353,0.5571554899215698,0.1727980524301529,0.3818395733833313,1.0,1.0,0.0604248046875
geometry_dropout,test_seen,1380,val:2008_008469:part_28,2008_008469,bus,mirror,mirror,0.03030303120613098,0.05882352963089943,0.0,0.004811383318156004,0.84912109375,1.0,4.231929779052734e-06
geometry_dropout,test_seen,1381,val:2008_008469:part_30,2008_008469,bus,door,door,0.35003966093063354,0.5185620784759521,0.049802254885435104,0.17310743033885956,0.15771484375,0.998046875,0.0
geometry_dropout,test_seen,1382,val:2008_008469:part_31,2008_008469,bus,window,window,0.4896065294742584,0.6573635935783386,0.030723117291927338,0.2751701772212982,1.0,1.0,0.327880859375
geometry_dropout,test_seen,1383,val:2008_008629:part_6,2008_008629,bicycle,wheel,wheel,0.0,0.0,0.5644985437393188,0.05879899859428406,0.99853515625,1.0,8.881092071533203e-06
geometry_dropout,test_seen,1384,val:2008_008629:part_7,2008_008629,bicycle,saddle,saddle,0.0,0.0,0.764976978302002,0.0033361134119331837,1.0,1.0,0.1939697265625
geometry_dropout,test_seen,1385,val:2008_008629:part_8,2008_008629,bicycle,handlebar,handlebar,0.0029761905316263437,0.005934718064963818,0.8856275081634521,0.004795663058757782,0.99951171875,1.0,0.076416015625
geometry_dropout,test_seen,1386,val:2008_008629:part_9,2008_008629,bicycle,chainwheel,chainwheel,0.0,0.0,0.47231268882751465,0.00917431153357029,0.8896484375,1.0,5.960464477539063e-08
geometry_dropout,test_seen,1387,val:2008_008682:part_22,2008_008682,bus,wheel,wheel,0.16910569369792938,0.2892906963825226,0.09150326997041702,0.013153042644262314,0.99853515625,1.0,8.881092071533203e-06
geometry_dropout,test_seen,1388,val:2008_008682:part_23,2008_008682,bus,headlight,headlight,0.0,0.0,0.0,0.001598033239133656,1.0,1.0,0.137939453125
geometry_dropout,test_seen,1389,val:2008_008682:part_24,2008_008682,bus,front,front,0.3851650357246399,0.556128740310669,0.11644318699836731,0.15205900371074677,1.0,1.0,0.8779296875
geometry_dropout,test_seen,1390,val:2008_008682:part_25,2008_008682,bus,side,side,0.3945416808128357,0.5658370852470398,0.016750948503613472,0.18893669545650482,1.0,1.0,0.0604248046875
geometry_dropout,test_seen,1391,val:2008_008682:part_28,2008_008682,bus,mirror,mirror,0.0,0.0,0.0,0.0027043637819588184,0.84912109375,1.0,4.231929779052734e-06
geometry_dropout,test_seen,1392,val:2008_008682:part_29,2008_008682,bus,license plate,license plate,0.0,0.0,0.0,0.0004917025216855109,0.99951171875,1.0,0.116943359375
geometry_dropout,test_seen,1393,val:2008_008682:part_30,2008_008682,bus,door,door,0.0,0.0,0.0,0.00774431461468339,0.15771484375,0.998046875,0.0
geometry_dropout,test_seen,1394,val:2008_008682:part_31,2008_008682,bus,window,window,0.09698996692895889,0.1768292635679245,0.06924565136432648,0.08543331176042557,1.0,1.0,0.327880859375
geometry_dropout,test_seen,1395,val:2008_008711:part_6,2008_008711,bicycle,wheel,wheel,0.10991379618644714,0.19805824756622314,0.7170542478561401,0.5820444822311401,0.99853515625,1.0,8.881092071533203e-06
geometry_dropout,test_seen,1396,val:2008_008711:part_7,2008_008711,bicycle,saddle,saddle,0.4839857518672943,0.6522781848907471,0.4315352737903595,0.06639004498720169,1.0,1.0,0.1939697265625
geometry_dropout,test_seen,1397,val:2008_008711:part_8,2008_008711,bicycle,handlebar,handlebar,0.007619047537446022,0.015122873708605766,0.7873303294181824,0.03281780332326889,0.99951171875,1.0,0.076416015625
geometry_dropout,test_seen,1398,val:2008_008711:part_9,2008_008711,bicycle,chainwheel,chainwheel,0.30177515745162964,0.4636363685131073,0.6645569801330566,0.07016219943761826,0.8896484375,1.0,5.960464477539063e-08
geometry_dropout,test_seen,1399,val:2009_000012:part_70,2009_000012,horse,tail,tail,0.6375227570533752,0.7786429524421692,0.041580040007829666,0.0804310142993927,0.986328125,1.0,6.556510925292969e-07
geometry_dropout,test_seen,1400,val:2009_000012:part_71,2009_000012,horse,head,head,0.3759647309780121,0.5464743375778198,0.1730981320142746,0.06561477482318878,1.0,1.0,0.95556640625
geometry_dropout,test_seen,1401,val:2009_000012:part_72,2009_000012,horse,eye,eye,0.0,0.0,0.0,0.0005772560834884644,0.95703125,1.0,3.516674041748047e-06
geometry_dropout,test_seen,1402,val:2009_000012:part_73,2009_000012,horse,torso,torso,0.7484463453292847,0.8561273217201233,0.10759493708610535,0.5458918809890747,1.0,1.0,0.96630859375
geometry_dropout,test_seen,1403,val:2009_000012:part_74,2009_000012,horse,neck,neck,0.7089743614196777,0.8297074437141418,0.13636364042758942,0.10833173245191574,1.0,1.0,0.96630859375
geometry_dropout,test_seen,1404,val:2009_000012:part_75,2009_000012,horse,leg,leg,0.4372093081474304,0.6084142327308655,0.20087020099163055,0.15085625648498535,0.9990234375,1.0,9.5367431640625e-07
geometry_dropout,test_seen,1405,val:2009_000012:part_76,2009_000012,horse,ear,ear,0.0,0.0,0.0,0.002501443028450012,0.0006213188171386719,0.96728515625,0.0
geometry_dropout,test_seen,1406,val:2009_000012:part_77,2009_000012,horse,muzzle,muzzle,0.1349693238735199,0.23783783614635468,0.07575757801532745,0.02289782650768757,0.982421875,1.0,3.4570693969726562e-06
geometry_dropout,test_seen,1407,val:2009_000013:part_43,2009_000013,cat,head,head,0.22958579659461975,0.37343600392341614,0.09649122506380081,0.06890527904033661,1.0,1.0,0.95556640625
geometry_dropout,test_seen,1408,val:2009_000013:part_44,2009_000013,cat,eye,eye,0.0,0.0,0.0,0.000776397529989481,0.95703125,1.0,3.516674041748047e-06
geometry_dropout,test_seen,1409,val:2009_000013:part_45,2009_000013,cat,torso,torso,0.2383776158094406,0.38498371839523315,0.19488736987113953,0.2465062141418457,1.0,1.0,0.96630859375
geometry_dropout,test_seen,1410,val:2009_000013:part_46,2009_000013,cat,neck,neck,0.0,0.0,0.0,0.011840062215924263,1.0,1.0,0.96630859375
geometry_dropout,test_seen,1411,val:2009_000013:part_47,2009_000013,cat,leg,leg,0.13464052975177765,0.2373271882534027,0.3969002664089203,0.04891304299235344,0.9990234375,1.0,9.5367431640625e-07
geometry_dropout,test_seen,1412,val:2009_000013:part_48,2009_000013,cat,nose,nose,0.0,0.0,0.0,0.000776397529989481,0.026153564453125,0.994140625,0.0
geometry_dropout,test_seen,1413,val:2009_000013:part_49,2009_000013,cat,paw,paw,0.046875,0.08955223858356476,0.9318181872367859,0.008928571827709675,0.99072265625,1.0,2.384185791015625e-07
geometry_dropout,test_seen,1414,val:2009_000013:part_50,2009_000013,cat,ear,ear,0.3010033369064331,0.4627249240875244,0.19433198869228363,0.027562111616134644,0.0006213188171386719,0.96728515625,0.0
geometry_dropout,test_seen,1415,val:2009_000022:part_109,2009_000022,train,head,head,0.0,0.0,0.8355262875556946,0.016877636313438416,1.0,1.0,0.95556640625
geometry_dropout,test_seen,1416,val:2009_000022:part_110,2009_000022,train,front,front,0.40429505705833435,0.5757978558540344,0.2018691599369049,0.22890295088291168,1.0,1.0,0.8779296875
geometry_dropout,test_seen,1417,val:2009_000022:part_111,2009_000022,train,side,side,0.6531086564064026,0.7901581525802612,0.08689655363559723,0.7357594966888428,1.0,1.0,0.0604248046875
geometry_dropout,test_seen,1418,val:2009_000022:part_114,2009_000022,train,coach,coach,0.002597402548417449,0.005181347019970417,0.03496503457427025,0.007383966352790594,1.0,1.0,0.90087890625
geometry_dropout,test_seen,1419,val:2009_000080:part_42,2009_000080,cat,tail,tail,0.4942381680011749,0.6615252494812012,0.34521880745887756,0.1401630938053131,0.986328125,1.0,6.556510925292969e-07
geometry_dropout,test_seen,1420,val:2009_000080:part_43,2009_000080,cat,head,head,0.5516483783721924,0.7110481858253479,0.06728538125753403,0.07008154690265656,1.0,1.0,0.95556640625
geometry_dropout,test_seen,1421,val:2009_000080:part_44,2009_000080,cat,eye,eye,0.0,0.0,0.0,0.0007645260193385184,0.95703125,1.0,3.516674041748047e-06
geometry_dropout,test_seen,1422,val:2009_000080:part_45,2009_000080,cat,torso,torso,0.8070306777954102,0.8932119011878967,0.10292397439479828,0.5777267813682556,1.0,1.0,0.96630859375
geometry_dropout,test_seen,1423,val:2009_000080:part_46,2009_000080,cat,neck,neck,0.4015151560306549,0.5729729533195496,0.019886363297700882,0.051732923835515976,1.0,1.0,0.96630859375
geometry_dropout,test_seen,1424,val:2009_000080:part_47,2009_000080,cat,leg,leg,0.5711835622787476,0.7270742654800415,0.2059859186410904,0.08868501335382462,0.9990234375,1.0,9.5367431640625e-07
geometry_dropout,test_seen,1425,val:2009_000080:part_49,2009_000080,cat,paw,paw,0.1764705926179886,0.30000001192092896,0.7215909361839294,0.031600408256053925,0.99072265625,1.0,2.384185791015625e-07
geometry_dropout,test_seen,1426,val:2009_000080:part_50,2009_000080,cat,ear,ear,0.2163265347480774,0.3557046949863434,0.4083769619464874,0.027268093079328537,0.0006213188171386719,0.96728515625,0.0
geometry_dropout,test_seen,1427,val:2009_000121:part_20,2009_000121,bottle,body,body,0.11490461230278015,0.20612455904483795,0.14049823582172394,0.163834810256958,1.0,1.0,0.94677734375
geometry_dropout,test_seen,1428,val:2009_000136:part_115,2009_000136,tvmonitor,screen,screen,0.7058823704719543,0.8275862336158752,0.0,0.45504993200302124,1.0,1.0,0.98779296875
geometry_dropout,test_seen,1429,val:2009_000149:part_6,2009_000149,bicycle,wheel,wheel,0.09472422301769257,0.17305585741996765,0.8399209380149841,0.4960390031337738,0.99853515625,1.0,8.881092071533203e-06
geometry_dropout,test_seen,1430,val:2009_000149:part_7,2009_000149,bicycle,saddle,saddle,0.34117648005485535,0.5087719559669495,0.0,0.10237660259008408,1.0,1.0,0.1939697265625
geometry_dropout,test_seen,1431,val:2009_000149:part_8,2009_000149,bicycle,handlebar,handlebar,0.036866359412670135,0.07111111283302307,0.8275862336158752,0.10176721215248108,0.99951171875,1.0,0.076416015625
geometry_dropout,test_seen,1432,val:2009_000149:part_9,2009_000149,bicycle,chainwheel,chainwheel,0.0,0.0,0.6428571343421936,0.07190737128257751,0.8896484375,1.0,5.960464477539063e-08
geometry_dropout,test_seen,1433,val:2009_000201:part_20,2009_000201,bottle,body,body,0.7564966082572937,0.8613698482513428,0.1976384073495865,0.9297792315483093,1.0,1.0,0.94677734375
geometry_dropout,test_seen,1434,val:2009_000201:part_21,2009_000201,bottle,cap,cap,0.5022830963134766,0.6686930060386658,0.4300518035888672,0.031939879059791565,1.0,1.0,0.453125
geometry_dropout,test_seen,1435,val:2009_000205:part_0,2009_000205,aeroplane,body,body,0.40550458431243896,0.5770235061645508,0.5243353843688965,0.6069237589836121,1.0,1.0,0.94677734375
geometry_dropout,test_seen,1436,val:2009_000205:part_1,2009_000205,aeroplane,stern,stern,0.48734939098358154,0.6553260684013367,0.2849397659301758,0.35451358556747437,1.0,1.0,0.11859130859375
geometry_dropout,test_seen,1437,val:2009_000205:part_4,2009_000205,aeroplane,engine,engine,0.008403361774981022,0.01666666753590107,0.6086956262588501,0.022348817437887192,0.9951171875,1.0,2.300739288330078e-05
geometry_dropout,test_seen,1438,val:2009_000219:part_52,2009_000219,cow,head,head,0.5371792316436768,0.6989155411720276,0.07528786361217499,0.21213926374912262,1.0,1.0,0.95556640625
geometry_dropout,test_seen,1439,val:2009_000219:part_53,2009_000219,cow,eye,eye,0.4806201457977295,0.6492146849632263,0.0,0.00859794020652771,0.95703125,1.0,3.516674041748047e-06
geometry_dropout,test_seen,1440,val:2009_000219:part_54,2009_000219,cow,torso,torso,0.7640449404716492,0.8662420511245728,0.0937664583325386,0.4106580317020416,1.0,1.0,0.96630859375
geometry_dropout,test_seen,1441,val:2009_000219:part_57,2009_000219,cow,ear,ear,0.3730814754962921,0.5434221625328064,0.0018656715983524919,0.053375329822301865,0.0006213188171386719,0.96728515625,0.0
geometry_dropout,test_seen,1442,val:2009_000219:part_58,2009_000219,cow,muzzle,muzzle,0.7419114708900452,0.8518360257148743,0.073288694024086,0.16991572082042694,0.982421875,1.0,3.4570693969726562e-06
geometry_dropout,test_seen,1443,val:2009_000219:part_83,2009_000219,person,head,head,0.0,0.0,0.14131897687911987,0.00012868356134276837,1.0,1.0,0.95556640625
geometry_dropout,test_seen,1444,val:2009_000309:part_52,2009_000309,cow,head,head,0.5408970713615417,0.7020547986030579,0.10492845624685287,0.17553101480007172,1.0,1.0,0.95556640625
geometry_dropout,test_seen,1445,val:2009_000309:part_53,2009_000309,cow,eye,eye,0.10000000149011612,0.1818181872367859,0.0,0.003228547051548958,0.95703125,1.0,3.516674041748047e-06
geometry_dropout,test_seen,1446,val:2009_000309:part_54,2009_000309,cow,torso,torso,0.25295382738113403,0.4037719666957855,0.2083333283662796,0.16805437207221985,1.0,1.0,0.96630859375
geometry_dropout,test_seen,1447,val:2009_000309:part_55,2009_000309,cow,neck,neck,0.32485875487327576,0.4904051125049591,0.319612592458725,0.08920985460281372,1.0,1.0,0.96630859375
geometry_dropout,test_seen,1448,val:2009_000309:part_56,2009_000309,cow,leg,leg,0.0,0.0,0.0,0.015293118543922901,0.9990234375,1.0,9.5367431640625e-07
geometry_dropout,test_seen,1449,val:2009_000309:part_57,2009_000309,cow,ear,ear,0.3586776852607727,0.5279805064201355,0.01652892492711544,0.036873407661914825,0.0006213188171386719,0.96728515625,0.0
geometry_dropout,test_seen,1450,val:2009_000309:part_58,2009_000309,cow,muzzle,muzzle,0.605031430721283,0.753918468952179,0.11616954207420349,0.10858114063739777,0.982421875,1.0,3.4570693969726562e-06
geometry_dropout,test_seen,1451,val:2009_000309:part_83,2009_000309,person,head,head,0.0,0.0,0.17391304671764374,0.00019743337179534137,1.0,1.0,0.95556640625
geometry_dropout,test_seen,1452,val:2009_000335:part_22,2009_000335,bus,wheel,wheel,0.2604651153087616,0.4132841229438782,0.07017543911933899,0.011387163773179054,0.99853515625,1.0,8.881092071533203e-06
geometry_dropout,test_seen,1453,val:2009_000335:part_23,2009_000335,bus,headlight,headlight,0.08609271794557571,0.15853658318519592,0.043478261679410934,0.0020703934133052826,1.0,1.0,0.137939453125
geometry_dropout,test_seen,1454,val:2009_000335:part_24,2009_000335,bus,front,front,0.5497008562088013,0.7094283103942871,0.09444444626569748,0.23801560699939728,1.0,1.0,0.8779296875
geometry_dropout,test_seen,1455,val:2009_000335:part_25,2009_000335,bus,side,side,0.4020053744316101,0.5734719038009644,0.09860802441835403,0.2767956554889679,1.0,1.0,0.0604248046875
geometry_dropout,test_seen,1456,val:2009_000335:part_28,2009_000335,bus,mirror,mirror,0.3928571343421936,0.5641025900840759,0.0,0.0025481765624135733,0.84912109375,1.0,4.231929779052734e-06
geometry_dropout,test_seen,1457,val:2009_000335:part_29,2009_000335,bus,license plate,license plate,0.0,0.0,0.0,0.0005574136157520115,0.99951171875,1.0,0.116943359375
geometry_dropout,test_seen,1458,val:2009_000335:part_30,2009_000335,bus,door,door,0.5482388734817505,0.7082096934318542,0.0,0.034878164529800415,0.15771484375,0.998046875,0.0
geometry_dropout,test_seen,1459,val:2009_000335:part_31,2009_000335,bus,window,window,0.41261735558509827,0.5841884613037109,0.03344982489943504,0.20441153645515442,1.0,1.0,0.327880859375
geometry_dropout,test_seen,1460,val:2009_000351:part_7,2009_000351,bicycle,saddle,saddle,0.20819491147994995,0.3446379601955414,0.6611295938491821,0.30176565051078796,1.0,1.0,0.1939697265625
geometry_dropout,test_seen,1461,val:2009_000351:part_8,2009_000351,bicycle,handlebar,handlebar,0.17869415879249573,0.30320701003074646,0.5855855941772461,0.210272878408432,0.99951171875,1.0,0.076416015625
geometry_dropout,test_seen,1462,val:2009_000354:part_6,2009_000354,bicycle,wheel,wheel,0.3264424800872803,0.49220749735832214,0.4424567222595215,0.4305504560470581,0.99853515625,1.0,8.881092071533203e-06
geometry_dropout,test_seen,1463,val:2009_000354:part_9,2009_000354,bicycle,chainwheel,chainwheel,0.4965432584285736,0.6635869145393372,0.3547428548336029,0.3423733711242676,0.8896484375,1.0,5.960464477539063e-08
geometry_dropout,test_seen,1464,val:2009_000387:part_0,2009_000387,aeroplane,body,body,0.596814751625061,0.7475065588951111,0.17971429228782654,0.5012446045875549,1.0,1.0,0.94677734375
geometry_dropout,test_seen,1465,val:2009_000387:part_1,2009_000387,aeroplane,stern,stern,0.6071649193763733,0.7555726170539856,0.15859323740005493,0.24779361486434937,1.0,1.0,0.11859130859375
geometry_dropout,test_seen,1466,val:2009_000387:part_2,2009_000387,aeroplane,wing,wing,0.559540867805481,0.7175713181495667,0.07471264153718948,0.12785698473453522,0.98779296875,1.0,1.3649463653564453e-05
geometry_dropout,test_seen,1467,val:2009_000387:part_3,2009_000387,aeroplane,tail,tail,0.0,0.0,0.0,0.0002262955385958776,0.986328125,1.0,6.556510925292969e-07
geometry_dropout,test_seen,1468,val:2009_000387:part_4,2009_000387,aeroplane,engine,engine,0.5308924317359924,0.6935725212097168,0.19073569774627686,0.06834125518798828,0.9951171875,1.0,2.300739288330078e-05
geometry_dropout,test_seen,1469,val:2009_000387:part_5,2009_000387,aeroplane,wheel,wheel,0.08518518507480621,0.15699659287929535,0.5046728849411011,0.017877347767353058,0.99853515625,1.0,8.881092071533203e-06
geometry_dropout,test_seen,1470,val:2009_000391:part_115,2009_000391,tvmonitor,screen,screen,0.7667034864425659,0.8679481148719788,0.034588564187288284,0.6332133412361145,1.0,1.0,0.98779296875
geometry_dropout,test_seen,1471,val:2009_000412:part_71,2009_000412,horse,head,head,0.17025862634181976,0.29097604751586914,0.08286038786172867,0.019525669515132904,1.0,1.0,0.95556640625
geometry_dropout,test_seen,1472,val:2009_000412:part_72,2009_000412,horse,eye,eye,0.0,0.0,0.0,0.0004762358439620584,0.95703125,1.0,3.516674041748047e-06
geometry_dropout,test_seen,1473,val:2009_000412:part_73,2009_000412,horse,torso,torso,0.22410042583942413,0.36614710092544556,0.06793376058340073,0.1904943287372589,1.0,1.0,0.96630859375
geometry_dropout,test_seen,1474,val:2009_000412:part_74,2009_000412,horse,neck,neck,0.3541300594806671,0.5230370163917542,0.044745057821273804,0.0552433580160141,1.0,1.0,0.96630859375
geometry_dropout,test_seen,1475,val:2009_000412:part_75,2009_000412,horse,leg,leg,0.21597632765769958,0.3552311360836029,0.3950795829296112,0.05162396281957626,0.9990234375,1.0,9.5367431640625e-07
geometry_dropout,test_seen,1476,val:2009_000412:part_76,2009_000412,horse,ear,ear,0.11711711436510086,0.20967741310596466,0.8292682766914368,0.004000381100922823,0.0006213188171386719,0.96728515625,0.0
geometry_dropout,test_seen,1477,val:2009_000412:part_77,2009_000412,horse,muzzle,muzzle,0.14861461520195007,0.2587719261646271,0.22522522509098053,0.011715401895344257,0.982421875,1.0,3.4570693969726562e-06
geometry_dropout,test_seen,1478,val:2009_000412:part_78,2009_000412,horse,hoof,hoof,0.0,0.0,1.0,0.0012382131535559893,0.560546875,1.0,0.0
geometry_dropout,test_seen,1479,val:2009_000418:part_97,2009_000418,pottedplant,pot,pot,0.42446044087409973,0.5959596037864685,0.4424460530281067,0.2802850306034088,0.99755859375,1.0,4.76837158203125e-06
geometry_dropout,test_seen,1480,val:2009_000418:part_98,2009_000418,pottedplant,plant,plant,0.416967511177063,0.5885350108146667,0.3102746605873108,0.6971496343612671,1.0,1.0,0.6298828125
geometry_dropout,test_seen,1481,val:2009_000421:part_83,2009_000421,person,head,head,0.0,0.0,0.2857142984867096,0.00187265919521451,1.0,1.0,0.95556640625
geometry_dropout,test_seen,1482,val:2009_000421:part_85,2009_000421,person,torso,torso,0.0,0.0,0.6494845151901245,0.05337078496813774,1.0,1.0,0.96630859375
geometry_dropout,test_seen,1483,val:2009_000421:part_86,2009_000421,person,neck,neck,0.0,0.0,0.0,0.00749063678085804,1.0,1.0,0.96630859375
geometry_dropout,test_seen,1484,val:2009_000421:part_87,2009_000421,person,leg,leg,0.0,0.0,0.7123894095420837,0.014044944196939468,0.9990234375,1.0,9.5367431640625e-07
geometry_dropout,test_seen,1485,val:2009_000421:part_88,2009_000421,person,foot,foot,0.0,0.0,0.0,0.018726591020822525,0.99462890625,1.0,2.384185791015625e-07
geometry_dropout,test_seen,1486,val:2009_000421:part_93,2009_000421,person,hair,hair,0.0,0.0,0.36666667461395264,0.033707864582538605,1.0,1.0,0.927734375
geometry_dropout,test_seen,1487,val:2009_000421:part_94,2009_000421,person,lower arm,lower arm,0.0,0.0,0.9113923907279968,0.008426966145634651,0.525390625,1.0,0.0
geometry_dropout,test_seen,1488,val:2009_000421:part_95,2009_000421,person,upper arm,upper arm,0.0,0.0,0.9487179517745972,0.02340823970735073,0.06964111328125,0.99853515625,0.0
geometry_dropout,test_seen,1489,val:2009_000421:part_96,2009_000421,person,hand,hand,0.0,0.0,1.0,0.000936329597607255,0.99755859375,1.0,4.756450653076172e-05
geometry_dropout,test_seen,1490,val:2009_000426:part_22,2009_000426,bus,wheel,wheel,0.0,0.0,0.20000000298023224,0.002787289908155799,0.99853515625,1.0,8.881092071533203e-06
geometry_dropout,test_seen,1491,val:2009_000426:part_23,2009_000426,bus,headlight,headlight,0.1650671809911728,0.2833607792854309,0.11717171967029572,0.008919327519834042,1.0,1.0,0.137939453125
geometry_dropout,test_seen,1492,val:2009_000426:part_24,2009_000426,bus,front,front,0.4078156352043152,0.5793594121932983,0.12670789659023285,0.22951342165470123,1.0,1.0,0.8779296875
geometry_dropout,test_seen,1493,val:2009_000426:part_25,2009_000426,bus,side,side,0.3014833331108093,0.46329188346862793,0.12639842927455902,0.13227681815624237,1.0,1.0,0.0604248046875
geometry_dropout,test_seen,1494,val:2009_000426:part_28,2009_000426,bus,mirror,mirror,0.0,0.0,0.0,0.00565421674400568,0.84912109375,1.0,4.231929779052734e-06
geometry_dropout,test_seen,1495,val:2009_000426:part_31,2009_000426,bus,window,window,0.42382630705833435,0.5953342914581299,0.01574212871491909,0.18611133098602295,1.0,1.0,0.327880859375
geometry_dropout,test_seen,1496,val:2009_000440:part_0,2009_000440,aeroplane,body,body,0.6233599781990051,0.7679873704910278,0.212495818734169,0.6580196022987366,1.0,1.0,0.94677734375
geometry_dropout,test_seen,1497,val:2009_000440:part_1,2009_000440,aeroplane,stern,stern,0.4940374791622162,0.6613454818725586,0.3558596968650818,0.1850680112838745,1.0,1.0,0.11859130859375
geometry_dropout,test_seen,1498,val:2009_000440:part_2,2009_000440,aeroplane,wing,wing,0.4750623404979706,0.6441251039505005,0.10863874107599258,0.13255299627780914,0.98779296875,1.0,1.3649463653564453e-05
geometry_dropout,test_seen,1499,val:2009_000440:part_5,2009_000440,aeroplane,wheel,wheel,0.1805555522441864,0.30588236451148987,0.804651141166687,0.01265422347933054,0.99853515625,1.0,8.881092071533203e-06
geometry_dropout,test_seen,1500,val:2009_000455:part_22,2009_000455,bus,wheel,wheel,0.07004830986261368,0.1309255063533783,0.12439024448394775,0.0096859410405159,0.99853515625,1.0,8.881092071533203e-06
geometry_dropout,test_seen,1501,val:2009_000455:part_23,2009_000455,bus,headlight,headlight,0.0,0.0,0.20000000298023224,0.0038156735245138407,1.0,1.0,0.137939453125
geometry_dropout,test_seen,1502,val:2009_000455:part_24,2009_000455,bus,front,front,0.39965277910232544,0.5710741877555847,0.22396378219127655,0.34047549962997437,1.0,1.0,0.8779296875
geometry_dropout,test_seen,1503,val:2009_000455:part_25,2009_000455,bus,side,side,0.3998686671257019,0.5712945461273193,0.12060967832803726,0.18285882472991943,1.0,1.0,0.0604248046875
geometry_dropout,test_seen,1504,val:2009_000455:part_28,2009_000455,bus,mirror,mirror,0.0,0.0,0.0,0.0008805400575511158,0.84912109375,1.0,4.231929779052734e-06
geometry_dropout,test_seen,1505,val:2009_000455:part_30,2009_000455,bus,door,door,0.25653207302093506,0.40831756591796875,0.0,0.04167889803647995,0.15771484375,0.998046875,0.0
geometry_dropout,test_seen,1506,val:2009_000455:part_31,2009_000455,bus,window,window,0.543900191783905,0.7045794725418091,0.18443050980567932,0.4188435673713684,1.0,1.0,0.327880859375
geometry_dropout,test_seen,1507,val:2009_000457:part_6,2009_000457,bicycle,wheel,wheel,0.18026795983314514,0.3054695427417755,0.7443554401397705,0.6932515501976013,0.99853515625,1.0,8.881092071533203e-06
geometry_dropout,test_seen,1508,val:2009_000457:part_8,2009_000457,bicycle,handlebar,handlebar,0.06896551698446274,0.12903225421905518,0.930232584476471,0.017177913337945938,0.99951171875,1.0,0.076416015625
geometry_dropout,test_seen,1509,val:2009_000457:part_9,2009_000457,bicycle,chainwheel,chainwheel,0.28787878155708313,0.4470588266849518,0.5116279125213623,0.10061349719762802,0.8896484375,1.0,5.960464477539063e-08
geometry_dropout,test_seen,1510,val:2009_000488:part_42,2009_000488,cat,tail,tail,0.0,0.0,0.2631579041481018,0.020642202347517014,0.986328125,1.0,6.556510925292969e-07
geometry_dropout,test_seen,1511,val:2009_000488:part_43,2009_000488,cat,head,head,0.0,0.0,0.0,0.18577980995178223,1.0,1.0,0.95556640625
geometry_dropout,test_seen,1512,val:2009_000488:part_44,2009_000488,cat,eye,eye,0.0,0.0,0.0,0.0068807341158390045,0.95703125,1.0,3.516674041748047e-06
geometry_dropout,test_seen,1513,val:2009_000488:part_45,2009_000488,cat,torso,torso,0.5246753096580505,0.6882452964782715,0.11006288975477219,0.6169725060462952,1.0,1.0,0.96630859375
geometry_dropout,test_seen,1514,val:2009_000488:part_47,2009_000488,cat,leg,leg,0.0,0.0,0.0,0.07110092043876648,0.9990234375,1.0,9.5367431640625e-07
geometry_dropout,test_seen,1515,val:2009_000488:part_48,2009_000488,cat,nose,nose,0.0,0.0,0.0,0.0022935778833925724,0.026153564453125,0.994140625,0.0
geometry_dropout,test_seen,1516,val:2009_000488:part_49,2009_000488,cat,paw,paw,0.03879310190677643,0.07468879967927933,0.2331838607788086,0.04128440469503403,0.99072265625,1.0,2.384185791015625e-07
geometry_dropout,test_seen,1517,val:2009_000488:part_50,2009_000488,cat,ear,ear,0.0,0.0,0.0,0.05045871436595917,0.0006213188171386719,0.96728515625,0.0
geometry_dropout,test_seen,1518,val:2009_000573:part_6,2009_000573,bicycle,wheel,wheel,0.25312021374702454,0.4039839208126068,0.648952305316925,0.6329773664474487,0.99853515625,1.0,8.881092071533203e-06
geometry_dropout,test_seen,1519,val:2009_000573:part_7,2009_000573,bicycle,saddle,saddle,0.15168538689613342,0.2634146213531494,0.8064516186714172,0.03412346914410591,1.0,1.0,0.1939697265625
geometry_dropout,test_seen,1520,val:2009_000573:part_8,2009_000573,bicycle,handlebar,handlebar,0.3044692873954773,0.4668094217777252,0.553505539894104,0.05105496197938919,0.99951171875,1.0,0.076416015625
geometry_dropout,test_seen,1521,val:2009_000573:part_9,2009_000573,bicycle,chainwheel,chainwheel,0.4135977327823639,0.585170328617096,0.1483870893716812,0.04923157021403313,0.8896484375,1.0,5.960464477539063e-08
geometry_dropout,test_seen,1522,val:2009_000628:part_109,2009_000628,train,head,head,0.008163264952600002,0.016194332391023636,0.26771652698516846,0.03252032399177551,1.0,1.0,0.95556640625
geometry_dropout,test_seen,1523,val:2009_000628:part_110,2009_000628,train,front,front,0.6785334944725037,0.8084837198257446,0.09009008854627609,0.40487805008888245,1.0,1.0,0.8779296875
geometry_dropout,test_seen,1524,val:2009_000628:part_111,2009_000628,train,side,side,0.5490809679031372,0.7089118957519531,0.13255032896995544,0.4273712635040283,1.0,1.0,0.0604248046875
geometry_dropout,test_seen,1525,val:2009_000628:part_113,2009_000628,train,roof,roof,0.3205791115760803,0.485512912273407,0.2381465584039688,0.09457994252443314,1.0,1.0,0.99267578125
geometry_dropout,test_seen,1526,val:2009_000628:part_114,2009_000628,train,coach,coach,0.04995374754071236,0.09515418857336044,0.21176470816135406,0.031165311112999916,1.0,1.0,0.90087890625
geometry_dropout,test_seen,1527,val:2009_000641:part_52,2009_000641,cow,head,head,0.4261603355407715,0.5976331233978271,0.03971631079912186,0.05646929889917374,1.0,1.0,0.95556640625
geometry_dropout,test_seen,1528,val:2009_000641:part_53,2009_000641,cow,eye,eye,0.0,0.0,0.0,0.0007309941574931145,0.95703125,1.0,3.516674041748047e-06
geometry_dropout,test_seen,1529,val:2009_000641:part_54,2009_000641,cow,torso,torso,0.2865365445613861,0.4454386234283447,0.05900948494672775,0.2457967847585678,1.0,1.0,0.96630859375
geometry_dropout,test_seen,1530,val:2009_000641:part_56,2009_000641,cow,leg,leg,0.24038460850715637,0.38759690523147583,0.4172588884830475,0.05573830381035805,0.9990234375,1.0,9.5367431640625e-07
geometry_dropout,test_seen,1531,val:2009_000641:part_57,2009_000641,cow,ear,ear,0.3311688303947449,0.497560977935791,0.0,0.016447369009256363,0.0006213188171386719,0.96728515625,0.0
geometry_dropout,test_seen,1532,val:2009_000641:part_58,2009_000641,cow,muzzle,muzzle,0.35114502906799316,0.5197740197181702,0.2671755850315094,0.025219298899173737,0.982421875,1.0,3.4570693969726562e-06
geometry_dropout,test_seen,1533,val:2009_000704:part_115,2009_000704,tvmonitor,screen,screen,0.6747182011604309,0.8057692050933838,0.1588628739118576,0.5068807601928711,1.0,1.0,0.98779296875
geometry_dropout,test_seen,1534,val:2009_000705:part_70,2009_000705,horse,tail,tail,0.20963172614574432,0.34660422801971436,0.6142857074737549,0.05895865336060524,0.986328125,1.0,6.556510925292969e-07
geometry_dropout,test_seen,1535,val:2009_000705:part_71,2009_000705,horse,head,head,0.22159090638160706,0.36279070377349854,0.47727271914482117,0.02986217476427555,1.0,1.0,0.95556640625
geometry_dropout,test_seen,1536,val:2009_000705:part_72,2009_000705,horse,eye,eye,0.0,0.0,0.0,0.0007656968082301319,0.95703125,1.0,3.516674041748047e-06
geometry_dropout,test_seen,1537,val:2009_000705:part_73,2009_000705,horse,torso,torso,0.5876205563545227,0.7402531504631042,0.2747068703174591,0.5980091691017151,1.0,1.0,0.96630859375
geometry_dropout,test_seen,1538,val:2009_000705:part_74,2009_000705,horse,neck,neck,0.5775193572044373,0.7321867346763611,0.2719298303127289,0.13705971837043762,1.0,1.0,0.96630859375
geometry_dropout,test_seen,1539,val:2009_000705:part_75,2009_000705,horse,leg,leg,0.17133620381355286,0.2925482988357544,0.8133484125137329,0.1554364413022995,0.9990234375,1.0,9.5367431640625e-07
geometry_dropout,test_seen,1540,val:2009_000705:part_76,2009_000705,horse,ear,ear,0.032786883413791656,0.0634920671582222,0.5737704634666443,0.0015313936164602637,0.0006213188171386719,0.96728515625,0.0
geometry_dropout,test_seen,1541,val:2009_000705:part_77,2009_000705,horse,muzzle,muzzle,0.09022556245326996,0.16551724076271057,0.7906976938247681,0.01225114893168211,0.982421875,1.0,3.4570693969726562e-06
geometry_dropout,test_seen,1542,val:2009_000705:part_78,2009_000705,horse,hoof,hoof,0.0,0.0,1.0,0.004594180732965469,0.560546875,1.0,0.0
geometry_dropout,test_seen,1543,val:2009_000712:part_109,2009_000712,train,head,head,0.0,0.0,0.3507108986377716,0.0008205368649214506,1.0,1.0,0.95556640625
geometry_dropout,test_seen,1544,val:2009_000712:part_111,2009_000712,train,side,side,0.8695334792137146,0.9302144050598145,0.11007832735776901,0.9772593975067139,1.0,1.0,0.0604248046875
geometry_dropout,test_seen,1545,val:2009_000712:part_114,2009_000712,train,coach,coach,0.007626310922205448,0.01513718068599701,0.14410057663917542,0.005392099265009165,1.0,1.0,0.90087890625
geometry_dropout,test_seen,1546,val:2009_000716:part_42,2009_000716,cat,tail,tail,0.6277827024459839,0.7713347673416138,0.27783453464508057,0.07683257758617401,0.986328125,1.0,6.556510925292969e-07
geometry_dropout,test_seen,1547,val:2009_000716:part_43,2009_000716,cat,head,head,0.7234935164451599,0.8395662903785706,0.04902723804116249,0.17638009786605835,1.0,1.0,0.95556640625
geometry_dropout,test_seen,1548,val:2009_000716:part_44,2009_000716,cat,eye,eye,0.35904255509376526,0.5283757448196411,0.0,0.016108596697449684,0.95703125,1.0,3.516674041748047e-06
geometry_dropout,test_seen,1549,val:2009_000716:part_45,2009_000716,cat,torso,torso,0.679238498210907,0.8089839816093445,0.12252534925937653,0.5195475220680237,1.0,1.0,0.96630859375
geometry_dropout,test_seen,1550,val:2009_000716:part_46,2009_000716,cat,neck,neck,0.4063926935195923,0.5779221057891846,0.021645022556185722,0.0696832612156868,1.0,1.0,0.96630859375
geometry_dropout,test_seen,1551,val:2009_000716:part_47,2009_000716,cat,leg,leg,0.2252812385559082,0.36772167682647705,0.2320726215839386,0.07547511160373688,0.9990234375,1.0,9.5367431640625e-07
geometry_dropout,test_seen,1552,val:2009_000716:part_48,2009_000716,cat,nose,nose,0.2866241931915283,0.4455445408821106,0.0,0.006334841717034578,0.026153564453125,0.994140625,0.0
geometry_dropout,test_seen,1553,val:2009_000716:part_49,2009_000716,cat,paw,paw,0.21799308061599731,0.3579545319080353,0.3528319299221039,0.029954751953482628,0.99072265625,1.0,2.384185791015625e-07
geometry_dropout,test_seen,1554,val:2009_000716:part_50,2009_000716,cat,ear,ear,0.2458745837211609,0.3947019875049591,0.31211498379707336,0.024253394454717636,0.0006213188171386719,0.96728515625,0.0
geometry_dropout,test_seen,1555,val:2009_000727:part_70,2009_000727,horse,tail,tail,0.5104602575302124,0.6759002804756165,0.4231678545475006,0.18066465854644775,0.986328125,1.0,6.556510925292969e-07
geometry_dropout,test_seen,1556,val:2009_000727:part_71,2009_000727,horse,head,head,0.0,0.0,0.0,0.05800604075193405,1.0,1.0,0.95556640625
geometry_dropout,test_seen,1557,val:2009_000727:part_72,2009_000727,horse,eye,eye,0.0,0.0,0.0,0.001208459259942174,0.95703125,1.0,3.516674041748047e-06
geometry_dropout,test_seen,1558,val:2009_000727:part_73,2009_000727,horse,torso,torso,0.28102564811706543,0.4387510120868683,0.24696356058120728,0.45619335770606995,1.0,1.0,0.96630859375
geometry_dropout,test_seen,1559,val:2009_000727:part_74,2009_000727,horse,neck,neck,0.2567567527294159,0.40860214829444885,0.23999999463558197,0.12326283752918243,1.0,1.0,0.96630859375
geometry_dropout,test_seen,1560,val:2009_000727:part_75,2009_000727,horse,leg,leg,0.12585365772247314,0.22357019782066345,0.49425286054611206,0.11903323233127594,0.9990234375,1.0,9.5367431640625e-07
geometry_dropout,test_seen,1561,val:2009_000727:part_76,2009_000727,horse,ear,ear,0.0,0.0,0.0,0.002416918519884348,0.0006213188171386719,0.96728515625,0.0
geometry_dropout,test_seen,1562,val:2009_000727:part_77,2009_000727,horse,muzzle,muzzle,0.0,0.0,0.5625,0.03262839838862419,0.982421875,1.0,3.4570693969726562e-06
geometry_dropout,test_seen,1563,val:2009_000727:part_78,2009_000727,horse,hoof,hoof,0.0,0.0,0.739130437374115,0.0072507550939917564,0.560546875,1.0,0.0
geometry_dropout,test_seen,1564,val:2009_000727:part_85,2009_000727,person,torso,torso,0.0,0.0,0.072727270424366,0.026128266006708145,1.0,1.0,0.96630859375
geometry_dropout,test_seen,1565,val:2009_000727:part_86,2009_000727,person,neck,neck,0.0,0.0,0.0,0.01425178162753582,1.0,1.0,0.96630859375
geometry_dropout,test_seen,1566,val:2009_000731:part_52,2009_000731,cow,head,head,0.7475134134292603,0.8555166125297546,0.07548285275697708,0.23910996317863464,1.0,1.0,0.95556640625
geometry_dropout,test_seen,1567,val:2009_000731:part_53,2009_000731,cow,eye,eye,0.13584905862808228,0.23920266330242157,0.016949152573943138,0.0038262302987277508,0.95703125,1.0,3.516674041748047e-06
geometry_dropout,test_seen,1568,val:2009_000731:part_54,2009_000731,cow,torso,torso,0.49568843841552734,0.6628231406211853,0.30226364731788635,0.5383211970329285,1.0,1.0,0.96630859375
geometry_dropout,test_seen,1569,val:2009_000731:part_57,2009_000731,cow,ear,ear,0.5649847388267517,0.7220322489738464,0.17963607609272003,0.08894513547420502,0.0006213188171386719,0.96728515625,0.0
geometry_dropout,test_seen,1570,val:2009_000731:part_58,2009_000731,cow,muzzle,muzzle,0.5568862557411194,0.7153846025466919,0.26362088322639465,0.12926772236824036,0.982421875,1.0,3.4570693969726562e-06
geometry_dropout,test_seen,1571,val:2009_000771:part_52,2009_000771,cow,head,head,0.6412525773048401,0.78141850233078,0.13200722634792328,0.11627381294965744,1.0,1.0,0.95556640625
geometry_dropout,test_seen,1572,val:2009_000771:part_53,2009_000771,cow,eye,eye,0.04605263099074364,0.08805031329393387,0.0,0.002826295793056488,0.95703125,1.0,3.516674041748047e-06
geometry_dropout,test_seen,1573,val:2009_000771:part_54,2009_000771,cow,torso,torso,0.3530246913433075,0.5218303799629211,0.048192769289016724,0.26126277446746826,1.0,1.0,0.96630859375
geometry_dropout,test_seen,1574,val:2009_000771:part_57,2009_000771,cow,ear,ear,0.5762473940849304,0.7311636209487915,0.28005656599998474,0.0468599870800972,0.0006213188171386719,0.96728515625,0.0
geometry_dropout,test_seen,1575,val:2009_000771:part_58,2009_000771,cow,muzzle,muzzle,0.7740778923034668,0.8726537823677063,0.003632589476183057,0.08682380616664886,0.982421875,1.0,3.4570693969726562e-06
geometry_dropout,test_seen,1576,val:2009_000771:part_59,2009_000771,cow,horn,horn,0.111774742603302,0.20107443630695343,0.30044445395469666,0.010061613284051418,0.0299224853515625,0.9990234375,0.0
geometry_dropout,test_seen,1577,val:2009_000840:part_20,2009_000840,bottle,body,body,0.594495415687561,0.7456846833229065,0.3803407549858093,0.9593908786773682,1.0,1.0,0.94677734375
geometry_dropout,test_seen,1578,val:2009_000840:part_21,2009_000840,bottle,cap,cap,0.24590164422988892,0.3947368562221527,0.7196261882781982,0.03807106614112854,1.0,1.0,0.453125
geometry_dropout,test_seen,1579,val:2009_000845:part_109,2009_000845,train,head,head,0.011737089604139328,0.02320185676217079,0.4672454595565796,0.010956594720482826,1.0,1.0,0.95556640625
geometry_dropout,test_seen,1580,val:2009_000845:part_110,2009_000845,train,front,front,0.3285984992980957,0.4946542978286743,0.17440758645534515,0.1466498076915741,1.0,1.0,0.8779296875
geometry_dropout,test_seen,1581,val:2009_000845:part_111,2009_000845,train,side,side,0.6420664191246033,0.7820224761962891,0.29510825872421265,0.8242730498313904,1.0,1.0,0.0604248046875
geometry_dropout,test_seen,1582,val:2009_000931:part_71,2009_000931,horse,head,head,0.17073170840740204,0.2916666567325592,0.2785388231277466,0.02141527086496353,1.0,1.0,0.95556640625
geometry_dropout,test_seen,1583,val:2009_000931:part_72,2009_000931,horse,eye,eye,0.0,0.0,0.0,0.00031036624568514526,0.95703125,1.0,3.516674041748047e-06
geometry_dropout,test_seen,1584,val:2009_000931:part_73,2009_000931,horse,torso,torso,0.35207921266555786,0.5207967162132263,0.1759554147720337,0.279950350522995,1.0,1.0,0.96630859375
geometry_dropout,test_seen,1585,val:2009_000931:part_74,2009_000931,horse,neck,neck,0.3980891704559326,0.5694760680198669,0.17973856627941132,0.04127870872616768,1.0,1.0,0.96630859375
geometry_dropout,test_seen,1586,val:2009_000931:part_75,2009_000931,horse,leg,leg,0.0818619579076767,0.15133531391620636,0.6754460334777832,0.053072623908519745,0.9990234375,1.0,9.5367431640625e-07
geometry_dropout,test_seen,1587,val:2009_000931:part_76,2009_000931,horse,ear,ear,0.0,0.0,1.0,0.0006207324913702905,0.0006213188171386719,0.96728515625,0.0
geometry_dropout,test_seen,1588,val:2009_000931:part_77,2009_000931,horse,muzzle,muzzle,0.0,0.0,0.7962962985038757,0.014897579327225685,0.982421875,1.0,3.4570693969726562e-06
geometry_dropout,test_seen,1589,val:2009_000931:part_78,2009_000931,horse,hoof,hoof,0.0,0.0,0.6037735939025879,0.002482929965481162,0.560546875,1.0,0.0
geometry_dropout,test_seen,1590,val:2009_000964:part_43,2009_000964,cat,head,head,0.49618321657180786,0.6632652878761292,0.20353981852531433,0.14722837507724762,1.0,1.0,0.95556640625
geometry_dropout,test_seen,1591,val:2009_000964:part_44,2009_000964,cat,eye,eye,0.0,0.0,0.0,0.0008869179873727262,0.95703125,1.0,3.516674041748047e-06
geometry_dropout,test_seen,1592,val:2009_000964:part_45,2009_000964,cat,torso,torso,0.7203290462493896,0.8374316692352295,0.11280487477779388,0.5711751580238342,1.0,1.0,0.96630859375
geometry_dropout,test_seen,1593,val:2009_000964:part_46,2009_000964,cat,neck,neck,0.0,0.0,0.5925925970077515,0.07583148777484894,1.0,1.0,0.96630859375
geometry_dropout,test_seen,1594,val:2009_000964:part_47,2009_000964,cat,leg,leg,0.05775688216090202,0.10920634865760803,0.2247774451971054,0.10066518932580948,0.9990234375,1.0,9.5367431640625e-07
geometry_dropout,test_seen,1595,val:2009_000964:part_48,2009_000964,cat,nose,nose,0.0,0.0,0.0,0.0004434589936863631,0.026153564453125,0.994140625,0.0
geometry_dropout,test_seen,1596,val:2009_000964:part_49,2009_000964,cat,paw,paw,0.02734375,0.05323193967342377,0.38671875,0.0062084258534014225,0.99072265625,1.0,2.384185791015625e-07
geometry_dropout,test_seen,1597,val:2009_000964:part_50,2009_000964,cat,ear,ear,0.3040935695171356,0.4663677215576172,0.4615384638309479,0.05277162045240402,0.0006213188171386719,0.96728515625,0.0
geometry_dropout,test_seen,1598,val:2009_001008:part_42,2009_001008,cat,tail,tail,0.0,0.0,0.0,0.04778778925538063,0.986328125,1.0,6.556510925292969e-07
geometry_dropout,test_seen,1599,val:2009_001008:part_43,2009_001008,cat,head,head,0.7573933601379395,0.8619508743286133,0.04954954981803894,0.2977624833583832,1.0,1.0,0.95556640625
geometry_dropout,test_seen,1600,val:2009_001008:part_44,2009_001008,cat,eye,eye,0.20983606576919556,0.34688347578048706,0.0,0.007188417483121157,0.95703125,1.0,3.516674041748047e-06
geometry_dropout,test_seen,1601,val:2009_001008:part_45,2009_001008,cat,torso,torso,0.5438565611839294,0.704542875289917,0.0735137090086937,0.32044142484664917,1.0,1.0,0.96630859375
geometry_dropout,test_seen,1602,val:2009_001008:part_46,2009_001008,cat,neck,neck,0.3900907039642334,0.5612449645996094,0.015384615398943424,0.08980459719896317,1.0,1.0,0.96630859375
geometry_dropout,test_seen,1603,val:2009_001008:part_47,2009_001008,cat,leg,leg,0.4029095470905304,0.5743913650512695,0.11047618836164474,0.06510073691606522,0.9990234375,1.0,9.5367431640625e-07
geometry_dropout,test_seen,1604,val:2009_001008:part_48,2009_001008,cat,nose,nose,0.143968865275383,0.25170066952705383,0.0,0.018224157392978668,0.026153564453125,0.994140625,0.0
geometry_dropout,test_seen,1605,val:2009_001008:part_49,2009_001008,cat,paw,paw,0.2955031991004944,0.4561983346939087,0.19593147933483124,0.02794370800256729,0.99072265625,1.0,2.384185791015625e-07
geometry_dropout,test_seen,1606,val:2009_001008:part_50,2009_001008,cat,ear,ear,0.6413910984992981,0.7815213799476624,0.25315696001052856,0.12311430275440216,0.0006213188171386719,0.96728515625,0.0
geometry_dropout,test_seen,1607,val:2009_001082:part_22,2009_001082,bus,wheel,wheel,0.0,0.0,0.0,0.00454038567841053,0.99853515625,1.0,8.881092071533203e-06
geometry_dropout,test_seen,1608,val:2009_001082:part_23,2009_001082,bus,headlight,headlight,0.13670411705970764,0.2405271828174591,0.0,0.005018320865929127,1.0,1.0,0.137939453125
geometry_dropout,test_seen,1609,val:2009_001082:part_24,2009_001082,bus,front,front,0.39936140179634094,0.570776641368866,0.09660284221172333,0.2628644108772278,1.0,1.0,0.8779296875
geometry_dropout,test_seen,1610,val:2009_001082:part_25,2009_001082,bus,side,side,0.025591634213924408,0.04990608990192413,0.06488216668367386,0.02310020662844181,1.0,1.0,0.0604248046875
geometry_dropout,test_seen,1611,val:2009_001082:part_28,2009_001082,bus,mirror,mirror,0.0,0.0,0.0,0.0027879560366272926,0.84912109375,1.0,4.231929779052734e-06
geometry_dropout,test_seen,1612,val:2009_001082:part_30,2009_001082,bus,door,door,0.0008684324566274881,0.0017353579169139266,0.037120867520570755,0.0038234826643019915,0.15771484375,0.998046875,0.0
geometry_dropout,test_seen,1613,val:2009_001082:part_31,2009_001082,bus,window,window,0.273359477519989,0.4293516278266907,0.05100658908486366,0.12764856219291687,1.0,1.0,0.327880859375
geometry_dropout,test_seen,1614,val:2009_001215:part_94,2009_001215,person,lower arm,lower arm,0.7912746071815491,0.8834766149520874,0.08209607005119324,0.6095054745674133,0.525390625,1.0,0.0
geometry_dropout,test_seen,1615,val:2009_001215:part_96,2009_001215,person,hand,hand,0.6104417443275452,0.7581047415733337,0.31013616919517517,0.3481053411960602,0.99755859375,1.0,4.756450653076172e-05
geometry_dropout,test_seen,1616,val:2009_001255:part_6,2009_001255,bicycle,wheel,wheel,0.011063829995691776,0.021885521709918976,0.9480000138282776,0.315082311630249,0.99853515625,1.0,8.881092071533203e-06
geometry_dropout,test_seen,1617,val:2009_001255:part_7,2009_001255,bicycle,saddle,saddle,0.5950413346290588,0.7461140155792236,0.1420118361711502,0.07289217412471771,1.0,1.0,0.1939697265625
geometry_dropout,test_seen,1618,val:2009_001255:part_8,2009_001255,bicycle,handlebar,handlebar,0.03792569786310196,0.07307979464530945,0.6677740812301636,0.04601948335766792,0.99951171875,1.0,0.076416015625
geometry_dropout,test_seen,1619,val:2009_001255:part_9,2009_001255,bicycle,chainwheel,chainwheel,0.1796407252550125,0.3045685291290283,0.7428571581840515,0.05005038529634476,0.8896484375,1.0,5.960464477539063e-08
geometry_dropout,test_seen,1620,val:2009_001278:part_20,2009_001278,bottle,body,body,0.5839267373085022,0.7373153567314148,0.33794695138931274,0.9718309640884399,1.0,1.0,0.94677734375
geometry_dropout,test_seen,1621,val:2009_001278:part_21,2009_001278,bottle,cap,cap,0.22058823704719543,0.3614457845687866,0.6984127163887024,0.028169013559818268,1.0,1.0,0.453125
geometry_dropout,test_seen,1622,val:2009_001299:part_83,2009_001299,person,head,head,0.5763688683509827,0.7312614321708679,0.07987220585346222,0.07010185718536377,1.0,1.0,0.95556640625
geometry_dropout,test_seen,1623,val:2009_001299:part_84,2009_001299,person,eye,eye,0.0,0.0,0.0,0.0026962251868098974,0.95703125,1.0,3.516674041748047e-06
geometry_dropout,test_seen,1624,val:2009_001299:part_85,2009_001299,person,torso,torso,0.4326750338077545,0.6040100455284119,0.13891726732254028,0.18484121561050415,1.0,1.0,0.96630859375
geometry_dropout,test_seen,1625,val:2009_001299:part_86,2009_001299,person,neck,neck,0.2786885201931,0.43589743971824646,0.03448275849223137,0.017974834889173508,1.0,1.0,0.96630859375
geometry_dropout,test_seen,1626,val:2009_001299:part_87,2009_001299,person,leg,leg,0.5864130258560181,0.7392942905426025,0.20683661103248596,0.3573996424674988,0.9990234375,1.0,9.5367431640625e-07
geometry_dropout,test_seen,1627,val:2009_001299:part_88,2009_001299,person,foot,foot,0.0,0.0,1.0,0.07849011570215225,0.99462890625,1.0,2.384185791015625e-07
geometry_dropout,test_seen,1628,val:2009_001299:part_89,2009_001299,person,nose,nose,0.4375,0.6086956262588501,0.0,0.0068903532810509205,0.026153564453125,0.994140625,0.0
geometry_dropout,test_seen,1629,val:2009_001299:part_90,2009_001299,person,ear,ear,0.0,0.0,0.0,0.005092869978398085,0.0006213188171386719,0.96728515625,0.0
geometry_dropout,test_seen,1630,val:2009_001299:part_91,2009_001299,person,eyebrow,eyebrow,0.0,0.0,0.0,0.003594967070966959,0.0008230209350585938,0.5947265625,0.0
geometry_dropout,test_seen,1631,val:2009_001299:part_92,2009_001299,person,mouth,mouth,0.03125,0.06060606241226196,0.0,0.004194128327071667,1.0,1.0,0.48486328125
geometry_dropout,test_seen,1632,val:2009_001299:part_93,2009_001299,person,hair,hair,0.3384615480899811,0.5057471394538879,0.21387283504009247,0.02636309154331684,1.0,1.0,0.927734375
geometry_dropout,test_seen,1633,val:2009_001299:part_94,2009_001299,person,lower arm,lower arm,0.06031746044754982,0.113772451877594,0.012422360479831696,0.05182744190096855,0.525390625,1.0,0.0
geometry_dropout,test_seen,1634,val:2009_001299:part_95,2009_001299,person,upper arm,upper arm,0.3392539918422699,0.5066313147544861,0.35433071851730347,0.11174356192350388,0.06964111328125,0.99853515625,0.0
geometry_dropout,test_seen,1635,val:2009_001299:part_96,2009_001299,person,hand,hand,0.32216495275497437,0.4873294234275818,0.0,0.05542241036891937,0.99755859375,1.0,4.756450653076172e-05
geometry_dropout,test_seen,1636,val:2009_001300:part_109,2009_001300,train,head,head,0.003944773226976395,0.007858546450734138,0.3492063581943512,0.0016425756039097905,1.0,1.0,0.95556640625
geometry_dropout,test_seen,1637,val:2009_001300:part_110,2009_001300,train,front,front,0.756984293460846,0.8616859316825867,0.17764165997505188,0.6501314043998718,1.0,1.0,0.8779296875
geometry_dropout,test_seen,1638,val:2009_001300:part_111,2009_001300,train,side,side,0.4802342653274536,0.6488625407218933,0.2719033360481262,0.34395530819892883,1.0,1.0,0.0604248046875
geometry_dropout,test_seen,1639,val:2009_001332:part_0,2009_001332,aeroplane,body,body,0.6754883527755737,0.8063181638717651,0.0854557603597641,0.5561115145683289,1.0,1.0,0.94677734375
geometry_dropout,test_seen,1640,val:2009_001332:part_1,2009_001332,aeroplane,stern,stern,0.729692816734314,0.843725323677063,0.1727062463760376,0.29473432898521423,1.0,1.0,0.11859130859375
geometry_dropout,test_seen,1641,val:2009_001332:part_2,2009_001332,aeroplane,wing,wing,0.5149051547050476,0.6797853112220764,0.07452574372291565,0.09054086357355118,0.98779296875,1.0,1.3649463653564453e-05
geometry_dropout,test_seen,1642,val:2009_001332:part_4,2009_001332,aeroplane,engine,engine,0.21902655065059662,0.3593466281890869,0.0,0.023588277399539948,0.9951171875,1.0,2.300739288330078e-05
geometry_dropout,test_seen,1643,val:2009_001332:part_5,2009_001332,aeroplane,wheel,wheel,0.1872340440750122,0.3154121935367584,0.7677724957466125,0.0162020493298769,0.99853515625,1.0,8.881092071533203e-06
geometry_dropout,test_seen,1644,val:2009_001333:part_109,2009_001333,train,head,head,0.19818799197673798,0.33081284165382385,0.25194400548934937,0.035104043781757355,1.0,1.0,0.95556640625
geometry_dropout,test_seen,1645,val:2009_001333:part_110,2009_001333,train,front,front,0.8642659187316895,0.9271916747093201,0.07887416332960129,0.4508543312549591,1.0,1.0,0.8779296875
geometry_dropout,test_seen,1646,val:2009_001333:part_111,2009_001333,train,side,side,0.8118135929107666,0.8961336612701416,0.06625784933567047,0.4670952558517456,1.0,1.0,0.0604248046875
geometry_dropout,test_seen,1647,val:2009_001333:part_114,2009_001333,train,coach,coach,0.008146639913320541,0.016161616891622543,0.15265600383281708,0.0034681102260947227,1.0,1.0,0.90087890625
geometry_dropout,test_seen,1648,val:2009_001363:part_115,2009_001363,tvmonitor,screen,screen,0.6843003630638123,0.8125633001327515,0.06418338418006897,0.6555256247520447,1.0,1.0,0.98779296875
geometry_dropout,test_seen,1649,val:2009_001391:part_43,2009_001391,cat,head,head,0.6143322587013245,0.7610976696014404,0.14267100393772125,0.09641140699386597,1.0,1.0,0.95556640625
geometry_dropout,test_seen,1650,val:2009_001391:part_44,2009_001391,cat,eye,eye,0.13978494703769684,0.24528302252292633,0.0,0.005009712651371956,0.95703125,1.0,3.516674041748047e-06
geometry_dropout,test_seen,1651,val:2009_001391:part_45,2009_001391,cat,torso,torso,0.4703230559825897,0.6397547125816345,0.0798589214682579,0.3888150453567505,1.0,1.0,0.96630859375
geometry_dropout,test_seen,1652,val:2009_001391:part_46,2009_001391,cat,neck,neck,0.6485225558280945,0.7867924571037292,0.008992806077003479,0.05152847245335579,1.0,1.0,0.96630859375
geometry_dropout,test_seen,1653,val:2009_001391:part_47,2009_001391,cat,leg,leg,0.5627139210700989,0.7201752066612244,0.05973171442747116,0.3896329700946808,0.9990234375,1.0,9.5367431640625e-07
geometry_dropout,test_seen,1654,val:2009_001391:part_48,2009_001391,cat,nose,nose,0.1882352977991104,0.31683167815208435,0.0,0.0018403026042506099,0.026153564453125,0.994140625,0.0
geometry_dropout,test_seen,1655,val:2009_001391:part_49,2009_001391,cat,paw,paw,0.24183006584644318,0.38947367668151855,0.27731093764305115,0.0168694406747818,0.99072265625,1.0,2.384185791015625e-07
geometry_dropout,test_seen,1656,val:2009_001391:part_50,2009_001391,cat,ear,ear,0.4231332242488861,0.5946502089500427,0.46980854868888855,0.029956037178635597,0.0006213188171386719,0.96728515625,0.0
geometry_dropout,test_seen,1657,val:2009_001411:part_42,2009_001411,cat,tail,tail,0.0,0.0,0.0,0.03222532197833061,0.986328125,1.0,6.556510925292969e-07
geometry_dropout,test_seen,1658,val:2009_001411:part_43,2009_001411,cat,head,head,0.7167802453041077,0.8350285291671753,0.068891741335392,0.2149200737476349,1.0,1.0,0.95556640625
geometry_dropout,test_seen,1659,val:2009_001411:part_44,2009_001411,cat,eye,eye,0.16500000655651093,0.28326180577278137,0.0,0.008880994282662868,0.95703125,1.0,3.516674041748047e-06
geometry_dropout,test_seen,1660,val:2009_001411:part_45,2009_001411,cat,torso,torso,0.5852035284042358,0.7383323311805725,0.06889951974153519,0.39456990361213684,1.0,1.0,0.96630859375
geometry_dropout,test_seen,1661,val:2009_001411:part_46,2009_001411,cat,neck,neck,0.533414363861084,0.6957210898399353,0.08613727986812592,0.06584623456001282,1.0,1.0,0.96630859375
geometry_dropout,test_seen,1662,val:2009_001411:part_47,2009_001411,cat,leg,leg,0.4663284122943878,0.6360490918159485,0.04900533705949783,0.14184217154979706,0.9990234375,1.0,9.5367431640625e-07
geometry_dropout,test_seen,1663,val:2009_001411:part_48,2009_001411,cat,nose,nose,0.2526315748691559,0.40336135029792786,0.0,0.0030449123587459326,0.026153564453125,0.994140625,0.0
geometry_dropout,test_seen,1664,val:2009_001411:part_49,2009_001411,cat,paw,paw,0.3647686839103699,0.5345501899719238,0.21195651590824127,0.05062166973948479,0.99072265625,1.0,2.384185791015625e-07
geometry_dropout,test_seen,1665,val:2009_001411:part_50,2009_001411,cat,ear,ear,0.5544840693473816,0.7133995294570923,0.24513618648052216,0.07409287244081497,0.0006213188171386719,0.96728515625,0.0
geometry_dropout,test_seen,1666,val:2009_001433:part_75,2009_001433,horse,leg,leg,0.0,0.0,0.9921259880065918,0.0002840909000951797,0.9990234375,1.0,9.5367431640625e-07
geometry_dropout,test_seen,1667,val:2009_001433:part_83,2009_001433,person,head,head,0.19504643976688385,0.32642486691474915,0.5514705777168274,0.076975017786026,1.0,1.0,0.95556640625
geometry_dropout,test_seen,1668,val:2009_001433:part_84,2009_001433,person,eye,eye,0.0,0.0,0.0,0.004051316529512405,0.95703125,1.0,3.516674041748047e-06
geometry_dropout,test_seen,1669,val:2009_001433:part_85,2009_001433,person,torso,torso,0.3319838047027588,0.4984802305698395,0.1071428582072258,0.307224839925766,1.0,1.0,0.96630859375
geometry_dropout,test_seen,1670,val:2009_001433:part_86,2009_001433,person,neck,neck,0.0,0.0,0.7272727489471436,0.026333559304475784,1.0,1.0,0.96630859375
geometry_dropout,test_seen,1671,val:2009_001433:part_87,2009_001433,person,leg,leg,0.11699779331684113,0.20948617160320282,0.673652708530426,0.11613774299621582,0.9990234375,1.0,9.5367431640625e-07
geometry_dropout,test_seen,1672,val:2009_001433:part_88,2009_001433,person,foot,foot,0.20202019810676575,0.3361344635486603,0.6774193644523621,0.038487508893013,0.99462890625,1.0,2.384185791015625e-07
geometry_dropout,test_seen,1673,val:2009_001433:part_89,2009_001433,person,nose,nose,0.0,0.0,0.0,0.004051316529512405,0.026153564453125,0.994140625,0.0
geometry_dropout,test_seen,1674,val:2009_001433:part_91,2009_001433,person,eyebrow,eyebrow,0.0,0.0,0.0,0.004726536106318235,0.0008230209350585938,0.5947265625,0.0
geometry_dropout,test_seen,1675,val:2009_001433:part_92,2009_001433,person,mouth,mouth,0.0,0.0,0.0,0.004726536106318235,1.0,1.0,0.48486328125
geometry_dropout,test_seen,1676,val:2009_001433:part_93,2009_001433,person,hair,hair,0.029126213863492012,0.056603774428367615,0.6534653306007385,0.003376097185537219,1.0,1.0,0.927734375
geometry_dropout,test_seen,1677,val:2009_001433:part_94,2009_001433,person,lower arm,lower arm,0.0,0.0,0.10606060922145844,0.03241053223609924,0.525390625,1.0,0.0
geometry_dropout,test_seen,1678,val:2009_001433:part_95,2009_001433,person,upper arm,upper arm,0.13856813311576843,0.2434077113866806,0.11960133165121078,0.12964212894439697,0.06964111328125,0.99853515625,0.0
geometry_dropout,test_seen,1679,val:2009_001433:part_96,2009_001433,person,hand,hand,0.06849315017461777,0.12820513546466827,0.19148936867713928,0.020931802690029144,0.99755859375,1.0,4.756450653076172e-05
geometry_dropout,test_seen,1680,val:2009_001644:part_98,2009_001644,pottedplant,plant,plant,0.18414050340652466,0.3110112249851227,0.2104683220386505,0.254184752702713,1.0,1.0,0.6298828125
geometry_dropout,test_seen,1681,val:2009_001663:part_6,2009_001663,bicycle,wheel,wheel,0.1875862032175064,0.31591174006462097,0.7317554354667664,0.7051792740821838,0.99853515625,1.0,8.881092071533203e-06
geometry_dropout,test_seen,1682,val:2009_001663:part_7,2009_001663,bicycle,saddle,saddle,0.0,0.0,0.0,0.04581673443317413,1.0,1.0,0.1939697265625
geometry_dropout,test_seen,1683,val:2009_001663:part_8,2009_001663,bicycle,handlebar,handlebar,0.24137930572032928,0.3888888955116272,0.6888889074325562,0.05378486216068268,0.99951171875,1.0,0.076416015625
geometry_dropout,test_seen,1684,val:2009_001663:part_9,2009_001663,bicycle,chainwheel,chainwheel,0.0,0.0,0.0,0.04780876636505127,0.8896484375,1.0,5.960464477539063e-08
geometry_dropout,test_seen,1685,val:2009_001684:part_97,2009_001684,pottedplant,pot,pot,0.7191678881645203,0.8366464972496033,0.10518292337656021,0.357474148273468,0.99755859375,1.0,4.76837158203125e-06
geometry_dropout,test_seen,1686,val:2009_001684:part_98,2009_001684,pottedplant,plant,plant,0.31502214074134827,0.47911304235458374,0.414327472448349,0.5818765759468079,1.0,1.0,0.6298828125
geometry_dropout,test_seen,1687,val:2009_001687:part_96,2009_001687,person,hand,hand,0.08647707849740982,0.15918803215026855,0.12352941185235977,0.998630940914154,0.99755859375,1.0,4.756450653076172e-05
geometry_dropout,test_seen,1688,val:2009_001718:part_83,2009_001718,person,head,head,0.5601217746734619,0.7180487513542175,0.0,0.07163742929697037,1.0,1.0,0.95556640625
geometry_dropout,test_seen,1689,val:2009_001718:part_84,2009_001718,person,eye,eye,0.1428571492433548,0.25,0.0,0.0033625729847699404,0.95703125,1.0,3.516674041748047e-06
geometry_dropout,test_seen,1690,val:2009_001718:part_85,2009_001718,person,torso,torso,0.6384708285331726,0.7793496251106262,0.1318715214729309,0.32236841320991516,1.0,1.0,0.96630859375
geometry_dropout,test_seen,1691,val:2009_001718:part_86,2009_001718,person,neck,neck,0.07853402942419052,0.1456310749053955,0.0,0.0024853800423443317,1.0,1.0,0.96630859375
geometry_dropout,test_seen,1692,val:2009_001718:part_87,2009_001718,person,leg,leg,0.5913848876953125,0.7432329654693604,0.29460763931274414,0.24444444477558136,0.9990234375,1.0,9.5367431640625e-07
geometry_dropout,test_seen,1693,val:2009_001718:part_88,2009_001718,person,foot,foot,0.3765586018562317,0.5471014380455017,0.3651452362537384,0.045467834919691086,0.99462890625,1.0,2.384185791015625e-07
geometry_dropout,test_seen,1694,val:2009_001718:part_89,2009_001718,person,nose,nose,0.24358974397182465,0.39175257086753845,0.0,0.0049707600846886635,0.026153564453125,0.994140625,0.0
geometry_dropout,test_seen,1695,val:2009_001718:part_90,2009_001718,person,ear,ear,0.0,0.0,0.8947368264198303,0.0013157895300537348,0.0006213188171386719,0.96728515625,0.0
geometry_dropout,test_seen,1696,val:2009_001718:part_91,2009_001718,person,eyebrow,eyebrow,0.0,0.0,0.0,0.003070175414904952,0.0008230209350585938,0.5947265625,0.0
geometry_dropout,test_seen,1697,val:2009_001718:part_92,2009_001718,person,mouth,mouth,0.01923076994717121,0.03773584961891174,0.0,0.0021929824724793434,1.0,1.0,0.48486328125
geometry_dropout,test_seen,1698,val:2009_001718:part_93,2009_001718,person,hair,hair,0.47549018263816833,0.644518256187439,0.25333333015441895,0.08859649300575256,1.0,1.0,0.927734375
geometry_dropout,test_seen,1699,val:2009_001718:part_94,2009_001718,person,lower arm,lower arm,0.4384816884994507,0.6096451282501221,0.20211361348628998,0.05000000074505806,0.525390625,1.0,0.0
geometry_dropout,test_seen,1700,val:2009_001718:part_95,2009_001718,person,upper arm,upper arm,0.5798922777175903,0.7340909242630005,0.21789473295211792,0.1184210553765297,0.06964111328125,0.99853515625,0.0
geometry_dropout,test_seen,1701,val:2009_001718:part_96,2009_001718,person,hand,hand,0.2890932857990265,0.4485219120979309,0.46010637283325195,0.03347953036427498,0.99755859375,1.0,4.756450653076172e-05
geometry_dropout,test_seen,1702,val:2009_001775:part_97,2009_001775,pottedplant,pot,pot,0.22051887214183807,0.3613526523113251,0.400943398475647,0.052542850375175476,0.99755859375,1.0,4.76837158203125e-06
geometry_dropout,test_seen,1703,val:2009_001775:part_98,2009_001775,pottedplant,plant,plant,0.4109031856060028,0.5824682712554932,0.13687783479690552,0.46810901165008545,1.0,1.0,0.6298828125
geometry_dropout,test_seen,1704,val:2009_001804:part_22,2009_001804,bus,wheel,wheel,0.5590969324111938,0.7172061204910278,0.07771261036396027,0.04319199547171593,0.99853515625,1.0,8.881092071533203e-06
geometry_dropout,test_seen,1705,val:2009_001804:part_23,2009_001804,bus,headlight,headlight,0.1472868174314499,0.2567567527294159,0.25853657722473145,0.0079887630417943,1.0,1.0,0.137939453125
geometry_dropout,test_seen,1706,val:2009_001804:part_24,2009_001804,bus,front,front,0.5163173079490662,0.681014895439148,0.1093582883477211,0.1733824908733368,1.0,1.0,0.8779296875
geometry_dropout,test_seen,1707,val:2009_001804:part_25,2009_001804,bus,side,side,0.4244315028190613,0.5959310531616211,0.06462918967008591,0.27565622329711914,1.0,1.0,0.0604248046875
geometry_dropout,test_seen,1708,val:2009_001804:part_28,2009_001804,bus,mirror,mirror,0.2823529541492462,0.4403669834136963,0.0,0.003511544317007065,0.84912109375,1.0,4.231929779052734e-06
geometry_dropout,test_seen,1709,val:2009_001804:part_30,2009_001804,bus,door,door,0.29411765933036804,0.4545454680919647,0.0,0.051444120705127716,0.15771484375,0.998046875,0.0
geometry_dropout,test_seen,1710,val:2009_001804:part_31,2009_001804,bus,window,window,0.7004789710044861,0.823860764503479,0.03937475383281708,0.4290229082107544,1.0,1.0,0.327880859375
geometry_dropout,test_seen,1711,val:2009_001816:part_22,2009_001816,bus,wheel,wheel,0.5637342929840088,0.7210103273391724,0.06387225538492203,0.02965218760073185,0.99853515625,1.0,8.881092071533203e-06
geometry_dropout,test_seen,1712,val:2009_001816:part_23,2009_001816,bus,headlight,headlight,0.18131868541240692,0.3069767355918884,0.0891089141368866,0.00913607981055975,1.0,1.0,0.137939453125
geometry_dropout,test_seen,1713,val:2009_001816:part_24,2009_001816,bus,front,front,0.6202455759048462,0.7656192183494568,0.12577256560325623,0.17422664165496826,1.0,1.0,0.8779296875
geometry_dropout,test_seen,1714,val:2009_001816:part_25,2009_001816,bus,side,side,0.6816017627716064,0.810657799243927,0.07570242881774902,0.41200512647628784,1.0,1.0,0.0604248046875
geometry_dropout,test_seen,1715,val:2009_001816:part_28,2009_001816,bus,mirror,mirror,0.4352078139781952,0.6064735651016235,0.0,0.028530213981866837,0.84912109375,1.0,4.231929779052734e-06
geometry_dropout,test_seen,1716,val:2009_001816:part_31,2009_001816,bus,window,window,0.6664013862609863,0.7998089790344238,0.08793888241052628,0.346049040555954,1.0,1.0,0.327880859375
geometry_dropout,test_seen,1717,val:2009_001818:part_20,2009_001818,bottle,body,body,0.8428197503089905,0.9147067070007324,0.14410263299942017,0.976197361946106,1.0,1.0,0.94677734375
geometry_dropout,test_seen,1718,val:2009_001818:part_21,2009_001818,bottle,cap,cap,0.32698413729667664,0.4928229749202728,0.5620689392089844,0.018465088680386543,1.0,1.0,0.453125
geometry_dropout,test_seen,1719,val:2009_001850:part_0,2009_001850,aeroplane,body,body,0.5055153965950012,0.6715512871742249,0.1986863762140274,0.48891744017601013,1.0,1.0,0.94677734375
geometry_dropout,test_seen,1720,val:2009_001850:part_1,2009_001850,aeroplane,stern,stern,0.5914567112922668,0.7432897686958313,0.2998885214328766,0.1786058396100998,1.0,1.0,0.11859130859375
geometry_dropout,test_seen,1721,val:2009_001850:part_2,2009_001850,aeroplane,wing,wing,0.30040159821510315,0.4620136022567749,0.20563846826553345,0.13266944885253906,0.98779296875,1.0,1.3649463653564453e-05
geometry_dropout,test_seen,1722,val:2009_001850:part_4,2009_001850,aeroplane,engine,engine,0.4601989984512329,0.6303237080574036,0.03761348873376846,0.12945711612701416,0.9951171875,1.0,2.300739288330078e-05
geometry_dropout,test_seen,1723,val:2009_001850:part_5,2009_001850,aeroplane,wheel,wheel,0.0,0.0,0.6650943160057068,0.001284934114664793,0.99853515625,1.0,8.881092071533203e-06
geometry_dropout,test_seen,1724,val:2009_001851:part_0,2009_001851,aeroplane,body,body,0.4952540397644043,0.6624346375465393,0.12787437438964844,0.36242154240608215,1.0,1.0,0.94677734375
geometry_dropout,test_seen,1725,val:2009_001851:part_1,2009_001851,aeroplane,stern,stern,0.8440073132514954,0.9154056310653687,0.10379146784543991,0.3889451324939728,1.0,1.0,0.11859130859375
geometry_dropout,test_seen,1726,val:2009_001851:part_2,2009_001851,aeroplane,wing,wing,0.378742516040802,0.5494028329849243,0.21290323138237,0.09232638031244278,0.98779296875,1.0,1.3649463653564453e-05
geometry_dropout,test_seen,1727,val:2009_001851:part_4,2009_001851,aeroplane,engine,engine,0.032534245401620865,0.06301824003458023,0.0,0.11824256181716919,0.9951171875,1.0,2.300739288330078e-05
geometry_dropout,test_seen,1728,val:2009_001851:part_5,2009_001851,aeroplane,wheel,wheel,0.24242424964904785,0.39024388790130615,0.695652186870575,0.008908686228096485,0.99853515625,1.0,8.881092071533203e-06
geometry_dropout,test_seen,1729,val:2009_001854:part_83,2009_001854,person,head,head,0.0,0.0,1.0,0.02600472792983055,1.0,1.0,0.95556640625
geometry_dropout,test_seen,1730,val:2009_001854:part_85,2009_001854,person,torso,torso,0.6437246799468994,0.7832512259483337,0.019900497049093246,0.48463356494903564,1.0,1.0,0.96630859375
geometry_dropout,test_seen,1731,val:2009_001854:part_87,2009_001854,person,leg,leg,0.3486238420009613,0.5170068144798279,0.3446153700351715,0.2742316722869873,0.9990234375,1.0,9.5367431640625e-07
geometry_dropout,test_seen,1732,val:2009_001854:part_88,2009_001854,person,foot,foot,0.0,0.0,0.8977272510528564,0.016548464074730873,0.99462890625,1.0,2.384185791015625e-07
geometry_dropout,test_seen,1733,val:2009_001854:part_93,2009_001854,person,hair,hair,0.0,0.0,0.0,0.007092198356986046,1.0,1.0,0.927734375
geometry_dropout,test_seen,1734,val:2009_001854:part_94,2009_001854,person,lower arm,lower arm,0.0,0.0,0.0,0.042553190141916275,0.525390625,1.0,0.0
geometry_dropout,test_seen,1735,val:2009_001854:part_95,2009_001854,person,upper arm,upper arm,0.0,0.0,0.0,0.1252955049276352,0.06964111328125,0.99853515625,0.0
geometry_dropout,test_seen,1736,val:2009_001854:part_96,2009_001854,person,hand,hand,0.0,0.0,0.0,0.014184396713972092,0.99755859375,1.0,4.756450653076172e-05
geometry_dropout,test_seen,1737,val:2009_002035:part_52,2009_002035,cow,head,head,0.633234977722168,0.7754364609718323,0.2484210580587387,0.33537736535072327,1.0,1.0,0.95556640625
geometry_dropout,test_seen,1738,val:2009_002035:part_53,2009_002035,cow,eye,eye,0.0,0.0,0.0,0.005188679322600365,0.95703125,1.0,3.516674041748047e-06
geometry_dropout,test_seen,1739,val:2009_002035:part_54,2009_002035,cow,torso,torso,0.2847290635108948,0.44325152039527893,0.5060728788375854,0.1490565985441208,1.0,1.0,0.96630859375
geometry_dropout,test_seen,1740,val:2009_002035:part_57,2009_002035,cow,ear,ear,0.385185182094574,0.5561497211456299,0.5288461446762085,0.14669811725616455,0.0006213188171386719,0.96728515625,0.0
geometry_dropout,test_seen,1741,val:2009_002035:part_58,2009_002035,cow,muzzle,muzzle,0.7170900702476501,0.8352387547492981,0.053503185510635376,0.33113208413124084,0.982421875,1.0,3.4570693969726562e-06
geometry_dropout,test_seen,1742,val:2009_002035:part_59,2009_002035,cow,horn,horn,0.11711711436510086,0.20967741310596466,0.6370023488998413,0.03254716843366623,0.0299224853515625,0.9990234375,0.0
geometry_dropout,test_seen,1743,val:2009_002042:part_83,2009_002042,person,head,head,0.3194444477558136,0.4842105209827423,0.24651162326335907,0.04154302552342415,1.0,1.0,0.95556640625
geometry_dropout,test_seen,1744,val:2009_002042:part_85,2009_002042,person,torso,torso,0.6682577729225159,0.8011444807052612,0.11725955456495285,0.37922847270965576,1.0,1.0,0.96630859375
geometry_dropout,test_seen,1745,val:2009_002042:part_86,2009_002042,person,neck,neck,0.23255814611911774,0.37735849618911743,0.2083333283662796,0.0231453999876976,1.0,1.0,0.96630859375
geometry_dropout,test_seen,1746,val:2009_002042:part_87,2009_002042,person,leg,leg,0.656798243522644,0.7928524017333984,0.19955654442310333,0.3614243268966675,0.9990234375,1.0,9.5367431640625e-07
geometry_dropout,test_seen,1747,val:2009_002042:part_89,2009_002042,person,nose,nose,0.0,0.0,0.0,0.004747774451971054,0.026153564453125,0.994140625,0.0
geometry_dropout,test_seen,1748,val:2009_002042:part_92,2009_002042,person,mouth,mouth,0.0,0.0,0.0,0.0035608308389782906,1.0,1.0,0.48486328125
geometry_dropout,test_seen,1749,val:2009_002042:part_93,2009_002042,person,hair,hair,0.23765432834625244,0.38403990864753723,0.4613003134727478,0.0462907999753952,1.0,1.0,0.927734375
geometry_dropout,test_seen,1750,val:2009_002042:part_94,2009_002042,person,lower arm,lower arm,0.12385321408510208,0.22040815651416779,0.7914692163467407,0.020178042352199554,0.525390625,1.0,0.0
geometry_dropout,test_seen,1751,val:2009_002042:part_95,2009_002042,person,upper arm,upper arm,0.19209039211273193,0.3222748935222626,0.469696968793869,0.09376854449510574,0.06964111328125,0.99853515625,0.0
geometry_dropout,test_seen,1752,val:2009_002042:part_96,2009_002042,person,hand,hand,0.09815950691699982,0.17877094447612762,0.8571428656578064,0.0231453999876976,0.99755859375,1.0,4.756450653076172e-05
geometry_dropout,test_seen,1753,val:2009_002094:part_115,2009_002094,tvmonitor,screen,screen,0.5738789439201355,0.7292542457580566,0.08185053616762161,0.5041522979736328,1.0,1.0,0.98779296875
geometry_dropout,test_seen,1754,val:2009_002097:part_70,2009_002097,horse,tail,tail,0.16181229054927826,0.27855151891708374,0.7824561595916748,0.05696689710021019,0.986328125,1.0,6.556510925292969e-07
geometry_dropout,test_seen,1755,val:2009_002097:part_71,2009_002097,horse,head,head,0.30612245202064514,0.46875,0.1492537260055542,0.046959199011325836,1.0,1.0,0.95556640625
geometry_dropout,test_seen,1756,val:2009_002097:part_73,2009_002097,horse,torso,torso,0.6949495077133179,0.8200238347053528,0.17724289000034332,0.5881447196006775,1.0,1.0,0.96630859375
geometry_dropout,test_seen,1757,val:2009_002097:part_74,2009_002097,horse,neck,neck,0.7135134935379028,0.8328076004981995,0.19428572058677673,0.10931485891342163,1.0,1.0,0.96630859375
geometry_dropout,test_seen,1758,val:2009_002097:part_75,2009_002097,horse,leg,leg,0.21625766158103943,0.3556115925312042,0.7380136847496033,0.16089299321174622,0.9990234375,1.0,9.5367431640625e-07
geometry_dropout,test_seen,1759,val:2009_002097:part_77,2009_002097,horse,muzzle,muzzle,0.0,0.0,0.0,0.0192455742508173,0.982421875,1.0,3.4570693969726562e-06
geometry_dropout,test_seen,1760,val:2009_002097:part_78,2009_002097,horse,hoof,hoof,0.0731707289814949,0.13636364042758942,0.8928571343421936,0.012317166663706303,0.560546875,1.0,0.0
geometry_dropout,test_seen,1761,val:2009_002122:part_51,2009_002122,cow,tail,tail,0.24014337360858917,0.38728323578834534,0.07425742596387863,0.02589462324976921,0.986328125,1.0,6.556510925292969e-07
geometry_dropout,test_seen,1762,val:2009_002122:part_52,2009_002122,cow,head,head,0.35593220591545105,0.5249999761581421,0.10285714268684387,0.04675418138504028,1.0,1.0,0.95556640625
geometry_dropout,test_seen,1763,val:2009_002122:part_53,2009_002122,cow,eye,eye,0.0,0.0,0.0,0.0012587663950398564,0.95703125,1.0,3.516674041748047e-06
geometry_dropout,test_seen,1764,val:2009_002122:part_54,2009_002122,cow,torso,torso,0.5677655935287476,0.7242990732192993,0.0518345944583416,0.3830246329307556,1.0,1.0,0.96630859375
geometry_dropout,test_seen,1765,val:2009_002122:part_55,2009_002122,cow,neck,neck,0.35427573323249817,0.5231958627700806,0.05653710290789604,0.03776299208402634,1.0,1.0,0.96630859375
geometry_dropout,test_seen,1766,val:2009_002122:part_56,2009_002122,cow,leg,leg,0.3741829991340637,0.5445897579193115,0.28111588954925537,0.0674339160323143,0.9990234375,1.0,9.5367431640625e-07
geometry_dropout,test_seen,1767,val:2009_002122:part_57,2009_002122,cow,ear,ear,0.1258741319179535,0.22360248863697052,0.17073170840740204,0.0068333032540977,0.0006213188171386719,0.96728515625,0.0
geometry_dropout,test_seen,1768,val:2009_002122:part_58,2009_002122,cow,muzzle,muzzle,0.372307687997818,0.5426008701324463,0.24679486453533173,0.024096384644508362,0.982421875,1.0,3.4570693969726562e-06
geometry_dropout,test_seen,1769,val:2009_002122:part_59,2009_002122,cow,horn,horn,0.1568627506494522,0.2711864411830902,0.1111111119389534,0.00737277464941144,0.0299224853515625,0.9990234375,0.0
geometry_dropout,test_seen,1770,val:2009_002150:part_52,2009_002150,cow,head,head,0.6691104769706726,0.8017569780349731,0.05600900575518608,0.3118576407432556,1.0,1.0,0.95556640625
geometry_dropout,test_seen,1771,val:2009_002150:part_53,2009_002150,cow,eye,eye,0.15596330165863037,0.2698412835597992,0.0,0.004187285900115967,0.95703125,1.0,3.516674041748047e-06
geometry_dropout,test_seen,1772,val:2009_002150:part_54,2009_002150,cow,torso,torso,0.40088996291160583,0.5723361372947693,0.2754693031311035,0.20793680846691132,1.0,1.0,0.96630859375
geometry_dropout,test_seen,1773,val:2009_002150:part_56,2009_002150,cow,leg,leg,0.3389626145362854,0.5063062906265259,0.39958158135414124,0.13494479656219482,0.9990234375,1.0,9.5367431640625e-07
geometry_dropout,test_seen,1774,val:2009_002150:part_57,2009_002150,cow,ear,ear,0.6309117674827576,0.7736920714378357,0.17024390399456024,0.1232394352555275,0.0006213188171386719,0.96728515625,0.0
geometry_dropout,test_seen,1775,val:2009_002150:part_58,2009_002150,cow,muzzle,muzzle,0.7591986656188965,0.8631187677383423,0.04137648642063141,0.17719832062721252,0.982421875,1.0,3.4570693969726562e-06
geometry_dropout,test_seen,1776,val:2009_002150:part_59,2009_002150,cow,horn,horn,0.0,0.0,0.22107969224452972,0.032356299459934235,0.0299224853515625,0.9990234375,0.0
geometry_dropout,test_seen,1777,val:2009_002165:part_70,2009_002165,horse,tail,tail,0.4568210244178772,0.6271477937698364,0.469833105802536,0.07383966445922852,0.986328125,1.0,6.556510925292969e-07
geometry_dropout,test_seen,1778,val:2009_002165:part_71,2009_002165,horse,head,head,0.6456834673881531,0.7846994400024414,0.12230215966701508,0.06885308772325516,1.0,1.0,0.95556640625
geometry_dropout,test_seen,1779,val:2009_002165:part_72,2009_002165,horse,eye,eye,0.0,0.0,0.0,0.001342539326287806,0.95703125,1.0,3.516674041748047e-06
geometry_dropout,test_seen,1780,val:2009_002165:part_73,2009_002165,horse,torso,torso,0.6931684613227844,0.81878262758255,0.04969512298703194,0.4737245738506317,1.0,1.0,0.96630859375
geometry_dropout,test_seen,1781,val:2009_002165:part_74,2009_002165,horse,neck,neck,0.49770641326904297,0.664624810218811,0.128463476896286,0.049098581075668335,1.0,1.0,0.96630859375
geometry_dropout,test_seen,1782,val:2009_002165:part_75,2009_002165,horse,leg,leg,0.44431138038635254,0.6152570247650146,0.2247043401002884,0.08534714579582214,0.9990234375,1.0,9.5367431640625e-07
geometry_dropout,test_seen,1783,val:2009_002165:part_77,2009_002165,horse,muzzle,muzzle,0.19519519805908203,0.32663315534591675,0.22535210847854614,0.035481397062540054,0.982421875,1.0,3.4570693969726562e-06
geometry_dropout,test_seen,1784,val:2009_002165:part_78,2009_002165,horse,hoof,hoof,0.15625,0.2702702581882477,0.7190082669258118,0.012274645268917084,0.560546875,1.0,0.0
geometry_dropout,test_seen,1785,val:2009_002171:part_52,2009_002171,cow,head,head,0.317241370677948,0.481675386428833,0.13076923787593842,0.07128944247961044,1.0,1.0,0.95556640625
geometry_dropout,test_seen,1786,val:2009_002171:part_53,2009_002171,cow,eye,eye,0.0,0.0,0.0,0.0023373588919639587,0.95703125,1.0,3.516674041748047e-06
geometry_dropout,test_seen,1787,val:2009_002171:part_54,2009_002171,cow,torso,torso,0.747178316116333,0.8552971482276917,0.04448506981134415,0.5668095350265503,1.0,1.0,0.96630859375
geometry_dropout,test_seen,1788,val:2009_002171:part_55,2009_002171,cow,neck,neck,0.3579545319080353,0.5271966457366943,0.0,0.07674328237771988,1.0,1.0,0.96630859375
geometry_dropout,test_seen,1789,val:2009_002171:part_56,2009_002171,cow,leg,leg,0.21171633899211884,0.34944868087768555,0.5785877108573914,0.1172574982047081,0.9990234375,1.0,9.5367431640625e-07
geometry_dropout,test_seen,1790,val:2009_002171:part_57,2009_002171,cow,ear,ear,0.1355932205915451,0.23880596458911896,0.7976190447807312,0.01947798952460289,0.0006213188171386719,0.96728515625,0.0
geometry_dropout,test_seen,1791,val:2009_002171:part_58,2009_002171,cow,muzzle,muzzle,0.709956705570221,0.8303797245025635,0.0625,0.0853135958313942,0.982421875,1.0,3.4570693969726562e-06
geometry_dropout,test_seen,1792,val:2009_002185:part_20,2009_002185,bottle,body,body,0.44544708728790283,0.6163450479507446,0.5198938846588135,0.7947103381156921,1.0,1.0,0.94677734375
geometry_dropout,test_seen,1793,val:2009_002185:part_21,2009_002185,bottle,cap,cap,0.0782608687877655,0.14516128599643707,0.800000011920929,0.011335012502968311,1.0,1.0,0.453125
geometry_dropout,test_seen,1794,val:2009_002202:part_109,2009_002202,train,head,head,0.25660377740859985,0.40840840339660645,0.18315018713474274,0.05580800771713257,1.0,1.0,0.95556640625
geometry_dropout,test_seen,1795,val:2009_002202:part_110,2009_002202,train,front,front,0.773059070110321,0.8720059990882874,0.12200000137090683,0.16642999649047852,1.0,1.0,0.8779296875
geometry_dropout,test_seen,1796,val:2009_002202:part_111,2009_002202,train,side,side,0.7996925711631775,0.8886990547180176,0.11184819787740707,0.7419767379760742,1.0,1.0,0.0604248046875
geometry_dropout,test_seen,1797,val:2009_002202:part_114,2009_002202,train,coach,coach,0.0625,0.11764705926179886,0.1111932024359703,0.028401022776961327,1.0,1.0,0.90087890625
geometry_dropout,test_seen,1798,val:2009_002221:part_52,2009_002221,cow,head,head,0.35947713255882263,0.5288461446762085,0.07202072441577911,0.10031317919492722,1.0,1.0,0.95556640625
geometry_dropout,test_seen,1799,val:2009_002221:part_53,2009_002221,cow,eye,eye,0.5730336904525757,0.7285714149475098,0.0,0.003274176735430956,0.95703125,1.0,3.516674041748047e-06
geometry_dropout,test_seen,1800,val:2009_002221:part_54,2009_002221,cow,torso,torso,0.5499069094657898,0.7095999121665955,0.06024419516324997,0.4384549558162689,1.0,1.0,0.96630859375
geometry_dropout,test_seen,1801,val:2009_002221:part_57,2009_002221,cow,ear,ear,0.282583624124527,0.4406474828720093,0.1778291016817093,0.011673151515424252,0.0006213188171386719,0.96728515625,0.0
geometry_dropout,test_seen,1802,val:2009_002221:part_58,2009_002221,cow,muzzle,muzzle,0.4122176468372345,0.583787739276886,0.05213269963860512,0.050441302359104156,0.982421875,1.0,3.4570693969726562e-06
geometry_dropout,test_seen,1803,val:2009_002221:part_59,2009_002221,cow,horn,horn,0.3158953785896301,0.48012232780456543,0.469854474067688,0.00820916797965765,0.0299224853515625,0.9990234375,0.0
geometry_dropout,test_seen,1804,val:2009_002265:part_109,2009_002265,train,head,head,0.0390625,0.07518796622753143,0.75,0.021465236321091652,1.0,1.0,0.95556640625
geometry_dropout,test_seen,1805,val:2009_002265:part_110,2009_002265,train,front,front,0.7215803265571594,0.8382766842842102,0.1628773808479309,0.30113548040390015,1.0,1.0,0.8779296875
geometry_dropout,test_seen,1806,val:2009_002265:part_111,2009_002265,train,side,side,0.6229916214942932,0.7677077651023865,0.13724105060100555,0.4548141360282898,1.0,1.0,0.0604248046875
geometry_dropout,test_seen,1807,val:2009_002265:part_113,2009_002265,train,roof,roof,0.4392922520637512,0.6104281544685364,0.32722336053848267,0.1378130316734314,1.0,1.0,0.99267578125
geometry_dropout,test_seen,1808,val:2009_002265:part_114,2009_002265,train,coach,coach,0.0031880978494882584,0.006355931982398033,0.1661272943019867,0.002644268097355962,1.0,1.0,0.90087890625
geometry_dropout,test_seen,1809,val:2009_002268:part_43,2009_002268,cat,head,head,0.8047916293144226,0.891838788986206,0.06850715726613998,0.6303555965423584,1.0,1.0,0.95556640625
geometry_dropout,test_seen,1810,val:2009_002268:part_44,2009_002268,cat,eye,eye,0.38363170623779297,0.5545286536216736,0.0,0.018958868458867073,0.95703125,1.0,3.516674041748047e-06
geometry_dropout,test_seen,1811,val:2009_002268:part_45,2009_002268,cat,torso,torso,0.12629468739032745,0.22426579892635345,0.1399933248758316,0.040488433092832565,1.0,1.0,0.96630859375
geometry_dropout,test_seen,1812,val:2009_002268:part_46,2009_002268,cat,neck,neck,0.5003765225410461,0.6670012474060059,0.07686395198106766,0.14813624322414398,1.0,1.0,0.96630859375
geometry_dropout,test_seen,1813,val:2009_002268:part_48,2009_002268,cat,nose,nose,0.4350000023841858,0.6062718033790588,0.0,0.01403170544654131,0.026153564453125,0.994140625,0.0
geometry_dropout,test_seen,1814,val:2009_002268:part_50,2009_002268,cat,ear,ear,0.5458031296730042,0.7061741948127747,0.39939290285110474,0.14160239696502686,0.0006213188171386719,0.96728515625,0.0
geometry_dropout,test_seen,1815,val:2009_002291:part_109,2009_002291,train,head,head,0.010617760941386223,0.02101241610944271,0.1252455860376358,0.004503455013036728,1.0,1.0,0.95556640625
geometry_dropout,test_seen,1816,val:2009_002291:part_110,2009_002291,train,front,front,0.40415018796920776,0.5756509304046631,0.06134236231446266,0.16181381046772003,1.0,1.0,0.8779296875
geometry_dropout,test_seen,1817,val:2009_002291:part_111,2009_002291,train,side,side,0.801588773727417,0.8898687362670898,0.07777674496173859,0.6994332075119019,1.0,1.0,0.0604248046875
geometry_dropout,test_seen,1818,val:2009_002291:part_114,2009_002291,train,coach,coach,0.032715097069740295,0.06335744261741638,0.06134020537137985,0.01001630537211895,1.0,1.0,0.90087890625
geometry_dropout,test_seen,1819,val:2009_002295:part_6,2009_002295,bicycle,wheel,wheel,0.11549295485019684,0.2070707082748413,0.8435114622116089,0.5726495981216431,0.99853515625,1.0,8.881092071533203e-06
geometry_dropout,test_seen,1820,val:2009_002295:part_7,2009_002295,bicycle,saddle,saddle,0.12396693974733353,0.22058823704719543,0.7339449524879456,0.03846153989434242,1.0,1.0,0.1939697265625
geometry_dropout,test_seen,1821,val:2009_002295:part_8,2009_002295,bicycle,handlebar,handlebar,0.10062892735004425,0.18285714089870453,0.6292135119438171,0.061253562569618225,0.99951171875,1.0,0.076416015625
geometry_dropout,test_seen,1822,val:2009_002295:part_9,2009_002295,bicycle,chainwheel,chainwheel,0.0,0.0,0.0,0.19515669345855713,0.8896484375,1.0,5.960464477539063e-08
geometry_dropout,test_seen,1823,val:2009_002320:part_0,2009_002320,aeroplane,body,body,0.583791196346283,0.737207293510437,0.25637394189834595,0.40896615386009216,1.0,1.0,0.94677734375
geometry_dropout,test_seen,1824,val:2009_002320:part_1,2009_002320,aeroplane,stern,stern,0.4051094949245453,0.5766233801841736,0.29795917868614197,0.1280878335237503,1.0,1.0,0.11859130859375
geometry_dropout,test_seen,1825,val:2009_002320:part_2,2009_002320,aeroplane,wing,wing,0.441610723733902,0.6126629710197449,0.06543624401092529,0.4373284578323364,0.98779296875,1.0,1.3649463653564453e-05
geometry_dropout,test_seen,1826,val:2009_002320:part_5,2009_002320,aeroplane,wheel,wheel,0.08695652335882187,0.1599999964237213,0.8780487775802612,0.008234217762947083,0.99853515625,1.0,8.881092071533203e-06
geometry_dropout,test_seen,1827,val:2009_002346:part_85,2009_002346,person,torso,torso,0.002770083025097847,0.005524862091988325,0.17876268923282623,0.0016538037452846766,1.0,1.0,0.96630859375
geometry_dropout,test_seen,1828,val:2009_002366:part_115,2009_002366,tvmonitor,screen,screen,0.8960415124893188,0.9451707601547241,0.0066225165501236916,0.8807066679000854,1.0,1.0,0.98779296875
geometry_dropout,test_seen,1829,val:2009_002372:part_20,2009_002372,bottle,body,body,0.13571429252624512,0.23899370431900024,0.6503642201423645,0.27191412448883057,1.0,1.0,0.94677734375
geometry_dropout,test_seen,1830,val:2009_002372:part_21,2009_002372,bottle,cap,cap,0.0,0.0,0.0,0.010733452625572681,1.0,1.0,0.453125
geometry_dropout,test_seen,1831,val:2009_002487:part_98,2009_002487,pottedplant,plant,plant,0.524848461151123,0.6883942484855652,0.4168514311313629,0.9431589245796204,1.0,1.0,0.6298828125
geometry_dropout,test_seen,1832,val:2009_002521:part_20,2009_002521,bottle,body,body,0.7427358627319336,0.8523791432380676,0.22641201317310333,0.9566863179206848,1.0,1.0,0.94677734375
geometry_dropout,test_seen,1833,val:2009_002521:part_21,2009_002521,bottle,cap,cap,0.7540983557701111,0.8598130941390991,0.13596491515636444,0.042052146047353745,1.0,1.0,0.453125
geometry_dropout,test_seen,1834,val:2009_002527:part_42,2009_002527,cat,tail,tail,0.1137409582734108,0.2042502909898758,0.07167629897594452,0.09990359097719193,0.986328125,1.0,6.556510925292969e-07
geometry_dropout,test_seen,1835,val:2009_002527:part_43,2009_002527,cat,head,head,0.6784741282463074,0.8084415793418884,0.042944785207509995,0.1550976186990738,1.0,1.0,0.95556640625
geometry_dropout,test_seen,1836,val:2009_002527:part_44,2009_002527,cat,eye,eye,0.0390625,0.07518796622753143,0.0,0.006748613901436329,0.95703125,1.0,3.516674041748047e-06
geometry_dropout,test_seen,1837,val:2009_002527:part_45,2009_002527,cat,torso,torso,0.36006128787994385,0.5294780135154724,0.2558775246143341,0.40202459692955017,1.0,1.0,0.96630859375
geometry_dropout,test_seen,1838,val:2009_002527:part_46,2009_002527,cat,neck,neck,0.5185840725898743,0.6829836964607239,0.054561715573072433,0.0720655545592308,1.0,1.0,0.96630859375
geometry_dropout,test_seen,1839,val:2009_002527:part_47,2009_002527,cat,leg,leg,0.2520705759525299,0.40264594554901123,0.17244559526443481,0.18462279438972473,0.9990234375,1.0,9.5367431640625e-07
geometry_dropout,test_seen,1840,val:2009_002527:part_48,2009_002527,cat,nose,nose,0.0,0.0,0.0,0.002410219283774495,0.026153564453125,0.994140625,0.0
geometry_dropout,test_seen,1841,val:2009_002527:part_49,2009_002527,cat,paw,paw,0.32952380180358887,0.49570199847221375,0.10854503512382507,0.03193540498614311,0.99072265625,1.0,2.384185791015625e-07
geometry_dropout,test_seen,1842,val:2009_002527:part_50,2009_002527,cat,ear,ear,0.48195329308509827,0.6504297852516174,0.21173469722270966,0.03687635436654091,0.0006213188171386719,0.96728515625,0.0
geometry_dropout,test_seen,1843,val:2009_002535:part_22,2009_002535,bus,wheel,wheel,0.4354838728904724,0.6067415475845337,0.10061601549386978,0.02390565164387226,0.99853515625,1.0,8.881092071533203e-06
geometry_dropout,test_seen,1844,val:2009_002535:part_23,2009_002535,bus,headlight,headlight,0.046875,0.08955223858356476,0.0,0.006693582516163588,1.0,1.0,0.137939453125
geometry_dropout,test_seen,1845,val:2009_002535:part_24,2009_002535,bus,front,front,0.5642310976982117,0.7214165329933167,0.22930648922920227,0.25010624527931213,1.0,1.0,0.8779296875
geometry_dropout,test_seen,1846,val:2009_002535:part_25,2009_002535,bus,side,side,0.6224506497383118,0.7672968506813049,0.08728590607643127,0.41138970851898193,1.0,1.0,0.0604248046875
geometry_dropout,test_seen,1847,val:2009_002535:part_31,2009_002535,bus,window,window,0.5196748375892639,0.6839290261268616,0.06570573151111603,0.3064173460006714,1.0,1.0,0.327880859375
geometry_dropout,test_seen,1848,val:2009_002549:part_52,2009_002549,cow,head,head,0.04216867312788963,0.080924853682518,0.06172839552164078,0.02382604591548443,1.0,1.0,0.95556640625
geometry_dropout,test_seen,1849,val:2009_002549:part_53,2009_002549,cow,eye,eye,0.0,0.0,0.0,0.00023132083879318088,0.95703125,1.0,3.516674041748047e-06
geometry_dropout,test_seen,1850,val:2009_002549:part_54,2009_002549,cow,torso,torso,0.34388577938079834,0.5117782950401306,0.13176237046718597,0.30464956164360046,1.0,1.0,0.96630859375
geometry_dropout,test_seen,1851,val:2009_002549:part_55,2009_002549,cow,neck,neck,0.13966479897499084,0.2450980395078659,0.043624162673950195,0.02544529177248478,1.0,1.0,0.96630859375
geometry_dropout,test_seen,1852,val:2009_002549:part_56,2009_002549,cow,leg,leg,0.11814556270837784,0.21132412552833557,0.5120256543159485,0.08605135232210159,0.9990234375,1.0,9.5367431640625e-07
geometry_dropout,test_seen,1853,val:2009_002549:part_57,2009_002549,cow,ear,ear,0.0,0.0,0.11173184216022491,0.00346981268376112,0.0006213188171386719,0.96728515625,0.0
geometry_dropout,test_seen,1854,val:2009_002549:part_58,2009_002549,cow,muzzle,muzzle,0.0,0.0,0.0,0.003238491714000702,0.982421875,1.0,3.4570693969726562e-06
geometry_dropout,test_seen,1855,val:2009_002562:part_115,2009_002562,tvmonitor,screen,screen,0.8898394703865051,0.941709041595459,0.0,0.49155789613723755,1.0,1.0,0.98779296875
geometry_dropout,test_seen,1856,val:2009_002568:part_109,2009_002568,train,head,head,0.008893829770386219,0.01763085462152958,0.30616864562034607,0.003613097593188286,1.0,1.0,0.95556640625
geometry_dropout,test_seen,1857,val:2009_002568:part_110,2009_002568,train,front,front,0.8181477189064026,0.8999793529510498,0.12072893232107162,0.5001881718635559,1.0,1.0,0.8779296875
geometry_dropout,test_seen,1858,val:2009_002568:part_111,2009_002568,train,side,side,0.8193876147270203,0.9007290005683899,0.03678678721189499,0.46925103664398193,1.0,1.0,0.0604248046875
geometry_dropout,test_seen,1859,val:2009_002568:part_114,2009_002568,train,coach,coach,0.005651491228491068,0.011239463463425636,0.04552590101957321,0.0013549115974456072,1.0,1.0,0.90087890625
geometry_dropout,test_seen,1860,val:2009_002571:part_97,2009_002571,pottedplant,pot,pot,0.0,0.0,0.0,0.06451612710952759,0.99755859375,1.0,4.76837158203125e-06
geometry_dropout,test_seen,1861,val:2009_002571:part_98,2009_002571,pottedplant,plant,plant,0.0,0.0,0.8741135001182556,0.08602150529623032,1.0,1.0,0.6298828125
geometry_dropout,test_seen,1862,val:2009_002573:part_20,2009_002573,bottle,body,body,0.0,0.0,1.0,0.9152542352676392,1.0,1.0,0.94677734375
geometry_dropout,test_seen,1863,val:2009_002573:part_21,2009_002573,bottle,cap,cap,0.0,0.0,0.0,0.06779661029577255,1.0,1.0,0.453125
geometry_dropout,test_seen,1864,val:2009_002584:part_97,2009_002584,pottedplant,pot,pot,0.0,0.0,0.0,0.03216374292969704,0.99755859375,1.0,4.76837158203125e-06
geometry_dropout,test_seen,1865,val:2009_002584:part_98,2009_002584,pottedplant,plant,plant,0.06064630299806595,0.11435726284980774,0.225315123796463,0.179824560880661,1.0,1.0,0.6298828125
geometry_dropout,test_seen,1866,val:2009_002594:part_20,2009_002594,bottle,body,body,0.5020796060562134,0.6685126423835754,0.4643288850784302,0.9209694266319275,1.0,1.0,0.94677734375
geometry_dropout,test_seen,1867,val:2009_002594:part_21,2009_002594,bottle,cap,cap,0.24782608449459076,0.39721253514289856,0.41860464215278625,0.07586933672428131,1.0,1.0,0.453125
geometry_dropout,test_seen,1868,val:2009_002635:part_51,2009_002635,cow,tail,tail,0.08553971350193024,0.15759849548339844,0.4938524663448334,0.021603455767035484,0.986328125,1.0,6.556510925292969e-07
geometry_dropout,test_seen,1869,val:2009_002635:part_52,2009_002635,cow,head,head,0.24528302252292633,0.39393940567970276,0.4757281541824341,0.02784445509314537,1.0,1.0,0.95556640625
geometry_dropout,test_seen,1870,val:2009_002635:part_54,2009_002635,cow,torso,torso,0.7134268283843994,0.832748532295227,0.106451615691185,0.3744599223136902,1.0,1.0,0.96630859375
geometry_dropout,test_seen,1871,val:2009_002635:part_55,2009_002635,cow,neck,neck,0.25517240166664124,0.4065934121608734,0.5038759708404541,0.025444071739912033,1.0,1.0,0.96630859375
geometry_dropout,test_seen,1872,val:2009_002635:part_56,2009_002635,cow,leg,leg,0.21352313458919525,0.3519061505794525,0.5412843823432922,0.059049446135759354,0.9990234375,1.0,9.5367431640625e-07
geometry_dropout,test_seen,1873,val:2009_002635:part_57,2009_002635,cow,ear,ear,0.0,0.0,0.753731369972229,0.0033605375792831182,0.0006213188171386719,0.96728515625,0.0
geometry_dropout,test_seen,1874,val:2009_002635:part_58,2009_002635,cow,muzzle,muzzle,0.06779661029577255,0.1269841343164444,0.6892655491828918,0.005760921631008387,0.982421875,1.0,3.4570693969726562e-06
geometry_dropout,test_seen,1875,val:2009_002638:part_109,2009_002638,train,head,head,0.0042553190141916275,0.008474576286971569,0.3818589150905609,0.0036735576577484608,1.0,1.0,0.95556640625
geometry_dropout,test_seen,1876,val:2009_002638:part_110,2009_002638,train,front,front,0.8622515201568604,0.926031231880188,0.07312019169330597,0.7141827940940857,1.0,1.0,0.8779296875
geometry_dropout,test_seen,1877,val:2009_002638:part_111,2009_002638,train,side,side,0.40160050988197327,0.5730598568916321,0.1050189808011055,0.2756608724594116,1.0,1.0,0.0604248046875
geometry_dropout,test_seen,1878,val:2009_002649:part_20,2009_002649,bottle,body,body,0.8425204157829285,0.914530336856842,0.12558048963546753,0.9632907509803772,1.0,1.0,0.94677734375
geometry_dropout,test_seen,1879,val:2009_002649:part_21,2009_002649,bottle,cap,cap,0.43291592597961426,0.6042447090148926,0.479657381772995,0.03649076819419861,1.0,1.0,0.453125
geometry_dropout,test_seen,1880,val:2009_002651:part_83,2009_002651,person,head,head,0.5284090638160706,0.6914498209953308,0.37308868765830994,0.1926940679550171,1.0,1.0,0.95556640625
geometry_dropout,test_seen,1881,val:2009_002651:part_85,2009_002651,person,torso,torso,0.19123506546020508,0.32107022404670715,0.20353981852531433,0.13333334028720856,1.0,1.0,0.96630859375
geometry_dropout,test_seen,1882,val:2009_002651:part_87,2009_002651,person,leg,leg,0.5121042728424072,0.6773399114608765,0.24236252903938293,0.2931506931781769,0.9990234375,1.0,9.5367431640625e-07
geometry_dropout,test_seen,1883,val:2009_002651:part_88,2009_002651,person,foot,foot,0.0,0.0,1.0,0.056621003895998,0.99462890625,1.0,2.384185791015625e-07
geometry_dropout,test_seen,1884,val:2009_002651:part_94,2009_002651,person,lower arm,lower arm,0.0060240961611270905,0.011976048350334167,0.07246376574039459,0.05296803638339043,0.525390625,1.0,0.0
geometry_dropout,test_seen,1885,val:2009_002651:part_95,2009_002651,person,upper arm,upper arm,0.11345646530389786,0.20379146933555603,0.34090909361839294,0.06392694264650345,0.06964111328125,0.99853515625,0.0
geometry_dropout,test_seen,1886,val:2009_002651:part_96,2009_002651,person,hand,hand,0.0,0.0,1.0,0.03378995507955551,0.99755859375,1.0,4.756450653076172e-05
geometry_dropout,test_seen,1887,val:2009_002732:part_20,2009_002732,bottle,body,body,0.39943939447402954,0.5708562731742859,0.4204973578453064,0.7613636255264282,1.0,1.0,0.94677734375
geometry_dropout,test_seen,1888,val:2009_002732:part_21,2009_002732,bottle,cap,cap,0.23487544059753418,0.38040345907211304,0.0,0.20454545319080353,1.0,1.0,0.453125
geometry_dropout,test_seen,1889,val:2009_002749:part_20,2009_002749,bottle,body,body,0.7390291690826416,0.8499330282211304,0.23704500496387482,0.9562601447105408,1.0,1.0,0.94677734375
geometry_dropout,test_seen,1890,val:2009_002749:part_21,2009_002749,bottle,cap,cap,0.49166667461395264,0.659217894077301,0.3055555522441864,0.040962740778923035,1.0,1.0,0.453125
geometry_dropout,test_seen,1891,val:2009_002753:part_43,2009_002753,cat,head,head,0.7298172116279602,0.8438084721565247,0.08996251225471497,0.6411676406860352,1.0,1.0,0.95556640625
geometry_dropout,test_seen,1892,val:2009_002753:part_44,2009_002753,cat,eye,eye,0.5953177213668823,0.7463312149047852,0.0,0.02709580771625042,0.95703125,1.0,3.516674041748047e-06
geometry_dropout,test_seen,1893,val:2009_002753:part_47,2009_002753,cat,leg,leg,0.3473154306411743,0.5155666470527649,0.2362685203552246,0.06871257722377777,0.9990234375,1.0,9.5367431640625e-07
geometry_dropout,test_seen,1894,val:2009_002753:part_48,2009_002753,cat,nose,nose,0.5625,0.7200000286102295,0.0,0.018263472244143486,0.026153564453125,0.994140625,0.0
geometry_dropout,test_seen,1895,val:2009_002753:part_49,2009_002753,cat,paw,paw,0.4886031448841095,0.6564585566520691,0.3473748564720154,0.1360778510570526,0.99072265625,1.0,2.384185791015625e-07
geometry_dropout,test_seen,1896,val:2009_002753:part_50,2009_002753,cat,ear,ear,0.4684484004974365,0.6380181908607483,0.27100682258605957,0.0983532965183258,0.0006213188171386719,0.96728515625,0.0
geometry_dropout,test_seen,1897,val:2009_002771:part_97,2009_002771,pottedplant,pot,pot,0.5573033690452576,0.7157287001609802,0.3655172288417816,0.609929084777832,0.99755859375,1.0,4.76837158203125e-06
geometry_dropout,test_seen,1898,val:2009_002771:part_98,2009_002771,pottedplant,plant,plant,0.0361216738820076,0.06972476840019226,0.9505208134651184,0.38061466813087463,1.0,1.0,0.6298828125
geometry_dropout,test_seen,1899,val:2009_002808:part_0,2009_002808,aeroplane,body,body,0.44910678267478943,0.6198394298553467,0.22722992300987244,0.8577183485031128,1.0,1.0,0.94677734375
geometry_dropout,test_seen,1900,val:2009_002808:part_1,2009_002808,aeroplane,stern,stern,0.06778591126203537,0.12696535885334015,0.1344236135482788,0.08039770275354385,1.0,1.0,0.11859130859375
geometry_dropout,test_seen,1901,val:2009_002808:part_2,2009_002808,aeroplane,wing,wing,0.04760041832923889,0.09087514132261276,0.13022950291633606,0.03497042879462242,0.98779296875,1.0,1.3649463653564453e-05
geometry_dropout,test_seen,1902,val:2009_002856:part_20,2009_002856,bottle,body,body,0.7810901403427124,0.877092182636261,0.19668371975421906,0.9712656140327454,1.0,1.0,0.94677734375
geometry_dropout,test_seen,1903,val:2009_002856:part_21,2009_002856,bottle,cap,cap,0.4171779155731201,0.588744580745697,0.43870967626571655,0.01667032204568386,1.0,1.0,0.453125
geometry_dropout,test_seen,1904,val:2009_002887:part_114,2009_002887,train,coach,coach,0.8634977340698242,0.9267494082450867,0.04181331768631935,0.9963094592094421,1.0,1.0,0.90087890625
geometry_dropout,test_seen,1905,val:2009_002888:part_0,2009_002888,aeroplane,body,body,0.13509748876094818,0.23803681135177612,0.19170579314231873,0.1321321278810501,1.0,1.0,0.94677734375
geometry_dropout,test_seen,1906,val:2009_002888:part_1,2009_002888,aeroplane,stern,stern,0.12933024764060974,0.22903884947299957,0.5248227119445801,0.07770270109176636,1.0,1.0,0.11859130859375
geometry_dropout,test_seen,1907,val:2009_002888:part_2,2009_002888,aeroplane,wing,wing,0.015442403964698315,0.0304151251912117,0.7009995579719543,0.04954954981803894,0.98779296875,1.0,1.3649463653564453e-05
geometry_dropout,test_seen,1908,val:2009_002888:part_5,2009_002888,aeroplane,wheel,wheel,0.0,0.0,0.9473684430122375,0.010510510765016079,0.99853515625,1.0,8.881092071533203e-06
geometry_dropout,test_seen,1909,val:2009_002928:part_6,2009_002928,bicycle,wheel,wheel,0.10205795615911484,0.18521341681480408,0.7164527177810669,0.5351302027702332,0.99853515625,1.0,8.881092071533203e-06
geometry_dropout,test_seen,1910,val:2009_002928:part_7,2009_002928,bicycle,saddle,saddle,0.018292682245373726,0.0359281450510025,0.90625,0.040884312242269516,1.0,1.0,0.1939697265625
geometry_dropout,test_seen,1911,val:2009_002928:part_8,2009_002928,bicycle,handlebar,handlebar,0.2142857164144516,0.3529411852359772,0.7737069129943848,0.07419745624065399,0.99951171875,1.0,0.076416015625
geometry_dropout,test_seen,1912,val:2009_002928:part_9,2009_002928,bicycle,chainwheel,chainwheel,0.28947368264198303,0.44897958636283875,0.6590389013290405,0.06056935340166092,0.8896484375,1.0,5.960464477539063e-08
geometry_dropout,test_seen,1913,val:2009_002936:part_43,2009_002936,cat,head,head,0.642246663570404,0.7821561098098755,0.21284635365009308,0.16301774978637695,1.0,1.0,0.95556640625
geometry_dropout,test_seen,1914,val:2009_002936:part_44,2009_002936,cat,eye,eye,0.1340206116437912,0.23636363446712494,0.0,0.007100591901689768,0.95703125,1.0,3.516674041748047e-06
geometry_dropout,test_seen,1915,val:2009_002936:part_45,2009_002936,cat,torso,torso,0.6381035447120667,0.7790759205818176,0.05844155699014664,0.47633135318756104,1.0,1.0,0.96630859375
geometry_dropout,test_seen,1916,val:2009_002936:part_46,2009_002936,cat,neck,neck,0.4938875436782837,0.6612111330032349,0.05263157933950424,0.06834319233894348,1.0,1.0,0.96630859375
geometry_dropout,test_seen,1917,val:2009_002936:part_47,2009_002936,cat,leg,leg,0.3356216549873352,0.5025699734687805,0.0,0.19230769574642181,0.9990234375,1.0,9.5367431640625e-07
geometry_dropout,test_seen,1918,val:2009_002936:part_48,2009_002936,cat,nose,nose,0.0,0.0,0.0,0.004142011981457472,0.026153564453125,0.994140625,0.0
geometry_dropout,test_seen,1919,val:2009_002936:part_49,2009_002936,cat,paw,paw,0.21461187303066254,0.35338345170021057,0.0595238097012043,0.028994083404541016,0.99072265625,1.0,2.384185791015625e-07
geometry_dropout,test_seen,1920,val:2009_002936:part_50,2009_002936,cat,ear,ear,0.26877471804618835,0.4236760139465332,0.5130434632301331,0.026923077180981636,0.0006213188171386719,0.96728515625,0.0
geometry_dropout,test_seen,1921,val:2009_002975:part_70,2009_002975,horse,tail,tail,0.11045943200588226,0.19894365966320038,0.5650048851966858,0.014707796275615692,0.986328125,1.0,6.556510925292969e-07
geometry_dropout,test_seen,1922,val:2009_002975:part_71,2009_002975,horse,head,head,0.5451807379722595,0.7056530117988586,0.1197097972035408,0.11857347190380096,1.0,1.0,0.95556640625
geometry_dropout,test_seen,1923,val:2009_002975:part_72,2009_002975,horse,eye,eye,0.23863635957241058,0.38532111048698425,0.0,0.0027333071921020746,0.95703125,1.0,3.516674041748047e-06
geometry_dropout,test_seen,1924,val:2009_002975:part_73,2009_002975,horse,torso,torso,0.7783831357955933,0.8753829598426819,0.10620100051164627,0.5866197943687439,1.0,1.0,0.96630859375
geometry_dropout,test_seen,1925,val:2009_002975:part_75,2009_002975,horse,leg,leg,0.39058318734169006,0.5617545247077942,0.3677419424057007,0.13653521239757538,0.9990234375,1.0,9.5367431640625e-07
geometry_dropout,test_seen,1926,val:2009_002975:part_76,2009_002975,horse,ear,ear,0.2028469741344452,0.3372780978679657,0.09712230414152145,0.007809449452906847,0.0006213188171386719,0.96728515625,0.0
geometry_dropout,test_seen,1927,val:2009_002975:part_77,2009_002975,horse,muzzle,muzzle,0.7117646932601929,0.831615149974823,0.14714714884757996,0.06481842696666718,0.982421875,1.0,3.4570693969726562e-06
geometry_dropout,test_seen,1928,val:2009_002975:part_78,2009_002975,horse,hoof,hoof,0.0,0.0,1.0,0.0019523623632267118,0.560546875,1.0,0.0
geometry_dropout,test_seen,1929,val:2009_002982:part_108,2009_002982,train,headlight,headlight,0.0,0.0,1.0,0.00023367215180769563,1.0,1.0,0.137939453125
geometry_dropout,test_seen,1930,val:2009_002982:part_109,2009_002982,train,head,head,0.1060267835855484,0.19172553718090057,0.4421326518058777,0.02594367228448391,1.0,1.0,0.95556640625
geometry_dropout,test_seen,1931,val:2009_002982:part_110,2009_002982,train,front,front,0.844336748123169,0.9155993461608887,0.04920405149459839,0.5022788643836975,1.0,1.0,0.8779296875
geometry_dropout,test_seen,1932,val:2009_002982:part_111,2009_002982,train,side,side,0.815800666809082,0.8985575437545776,0.07015278935432434,0.4534299373626709,1.0,1.0,0.0604248046875
geometry_dropout,test_seen,1933,val:2009_002982:part_114,2009_002982,train,coach,coach,0.0,0.0,0.10917721688747406,0.00023372677969746292,1.0,1.0,0.90087890625
geometry_dropout,test_seen,1934,val:2009_003003:part_20,2009_003003,bottle,body,body,0.8047906756401062,0.8918382525444031,0.160744309425354,0.952525794506073,1.0,1.0,0.94677734375
geometry_dropout,test_seen,1935,val:2009_003003:part_21,2009_003003,bottle,cap,cap,0.5274725556373596,0.6906474828720093,0.1504424810409546,0.043639250099658966,1.0,1.0,0.453125
geometry_dropout,test_seen,1936,val:2009_003005:part_0,2009_003005,aeroplane,body,body,0.6078606247901917,0.7561110854148865,0.17562557756900787,0.42361927032470703,1.0,1.0,0.94677734375
geometry_dropout,test_seen,1937,val:2009_003005:part_1,2009_003005,aeroplane,stern,stern,0.45677122473716736,0.6271008253097534,0.4052339494228363,0.18889541923999786,1.0,1.0,0.11859130859375
geometry_dropout,test_seen,1938,val:2009_003005:part_2,2009_003005,aeroplane,wing,wing,0.3061056137084961,0.46873027086257935,0.31226295232772827,0.2326674461364746,0.98779296875,1.0,1.3649463653564453e-05
geometry_dropout,test_seen,1939,val:2009_003005:part_4,2009_003005,aeroplane,engine,engine,0.43640607595443726,0.6076360940933228,0.16028708219528198,0.1160399541258812,0.9951171875,1.0,2.300739288330078e-05
geometry_dropout,test_seen,1940,val:2009_003005:part_5,2009_003005,aeroplane,wheel,wheel,0.158620685338974,0.2738095223903656,0.6551724076271057,0.023795533925294876,0.99853515625,1.0,8.881092071533203e-06
geometry_dropout,test_seen,1941,val:2009_003043:part_85,2009_003043,person,torso,torso,0.0,0.0,0.0,0.2857142984867096,1.0,1.0,0.96630859375
geometry_dropout,test_seen,1942,val:2009_003043:part_87,2009_003043,person,leg,leg,0.0,0.0,0.0,0.2142857164144516,0.9990234375,1.0,9.5367431640625e-07
geometry_dropout,test_seen,1943,val:2009_003043:part_95,2009_003043,person,upper arm,upper arm,0.0,0.0,0.0,0.2857142984867096,0.06964111328125,0.99853515625,0.0
geometry_dropout,test_seen,1944,val:2009_003059:part_52,2009_003059,cow,head,head,0.1715761423110962,0.2928979694843292,0.10326168686151505,0.381247878074646,1.0,1.0,0.95556640625
geometry_dropout,test_seen,1945,val:2009_003059:part_53,2009_003059,cow,eye,eye,0.0,0.0,0.0,0.004169292747974396,0.95703125,1.0,3.516674041748047e-06
geometry_dropout,test_seen,1946,val:2009_003059:part_54,2009_003059,cow,torso,torso,0.0,0.0,0.10022087395191193,0.01313812006264925,1.0,1.0,0.96630859375
geometry_dropout,test_seen,1947,val:2009_003059:part_57,2009_003059,cow,ear,ear,0.2602832019329071,0.4130551218986511,0.0,0.11882483959197998,0.0006213188171386719,0.96728515625,0.0
geometry_dropout,test_seen,1948,val:2009_003059:part_58,2009_003059,cow,muzzle,muzzle,0.038683127611875534,0.0744849443435669,0.14881516993045807,0.02007078193128109,0.982421875,1.0,3.4570693969726562e-06
geometry_dropout,test_seen,1949,val:2009_003065:part_6,2009_003065,bicycle,wheel,wheel,0.057364340871572495,0.10850439965724945,0.8979057669639587,0.6109979748725891,0.99853515625,1.0,8.881092071533203e-06
geometry_dropout,test_seen,1950,val:2009_003065:part_8,2009_003065,bicycle,handlebar,handlebar,0.0583501011133194,0.11026615649461746,0.936170220375061,0.11405295133590698,0.99951171875,1.0,0.076416015625
geometry_dropout,test_seen,1951,val:2009_003065:part_9,2009_003065,bicycle,chainwheel,chainwheel,0.1388102024793625,0.24378108978271484,0.6997166872024536,0.09979633241891861,0.8896484375,1.0,5.960464477539063e-08
geometry_dropout,test_seen,1952,val:2009_003071:part_83,2009_003071,person,head,head,0.7197986841201782,0.8370731472969055,0.051369864493608475,0.20578628778457642,1.0,1.0,0.95556640625
geometry_dropout,test_seen,1953,val:2009_003071:part_84,2009_003071,person,eye,eye,0.06603773683309555,0.12389380484819412,0.1340206116437912,0.007466169074177742,0.95703125,1.0,3.516674041748047e-06
geometry_dropout,test_seen,1954,val:2009_003071:part_85,2009_003071,person,torso,torso,0.5083857178688049,0.6740792393684387,0.07302708923816681,0.27531498670578003,1.0,1.0,0.96630859375
geometry_dropout,test_seen,1955,val:2009_003071:part_89,2009_003071,person,nose,nose,0.27272728085517883,0.4285714328289032,0.15094339847564697,0.014465702697634697,0.026153564453125,0.994140625,0.0
geometry_dropout,test_seen,1956,val:2009_003071:part_90,2009_003071,person,ear,ear,0.1875,0.31578946113586426,0.7540983557701111,0.006999533157795668,0.0006213188171386719,0.96728515625,0.0
geometry_dropout,test_seen,1957,val:2009_003071:part_91,2009_003071,person,eyebrow,eyebrow,0.0,0.0,0.0,0.0009332711342722178,0.0008230209350585938,0.5947265625,0.0
geometry_dropout,test_seen,1958,val:2009_003071:part_92,2009_003071,person,mouth,mouth,0.0,0.0,0.0,0.004199719987809658,1.0,1.0,0.48486328125
geometry_dropout,test_seen,1959,val:2009_003071:part_93,2009_003071,person,hair,hair,0.6162790656089783,0.7625899314880371,0.22038979828357697,0.20765282213687897,1.0,1.0,0.927734375
geometry_dropout,test_seen,1960,val:2009_003071:part_94,2009_003071,person,lower arm,lower arm,0.0476190485060215,0.09090909361839294,0.05999999865889549,0.03266448900103569,0.525390625,1.0,0.0
geometry_dropout,test_seen,1961,val:2009_003071:part_95,2009_003071,person,upper arm,upper arm,0.4802919626235962,0.64891517162323,0.19809825718402863,0.17872141301631927,0.06964111328125,0.99853515625,0.0
geometry_dropout,test_seen,1962,val:2009_003071:part_96,2009_003071,person,hand,hand,0.0,0.0,0.6712328791618347,0.03639757260680199,0.99755859375,1.0,4.756450653076172e-05
geometry_dropout,test_seen,1963,val:2009_003105:part_109,2009_003105,train,head,head,0.0,0.0,0.89552241563797,0.00469583785161376,1.0,1.0,0.95556640625
geometry_dropout,test_seen,1964,val:2009_003105:part_110,2009_003105,train,front,front,0.7356435656547546,0.847689688205719,0.09429530054330826,0.24322305619716644,1.0,1.0,0.8779296875
geometry_dropout,test_seen,1965,val:2009_003105:part_111,2009_003105,train,side,side,0.8401449918746948,0.9131290912628174,0.11558425426483154,0.7282817363739014,1.0,1.0,0.0604248046875
geometry_dropout,test_seen,1966,val:2009_003193:part_6,2009_003193,bicycle,wheel,wheel,0.09314495325088501,0.1704164743423462,0.7878426909446716,0.5741846561431885,0.99853515625,1.0,8.881092071533203e-06
geometry_dropout,test_seen,1967,val:2009_003193:part_7,2009_003193,bicycle,saddle,saddle,0.28458496928215027,0.4430769085884094,0.6548672318458557,0.04547542333602905,1.0,1.0,0.1939697265625
geometry_dropout,test_seen,1968,val:2009_003193:part_8,2009_003193,bicycle,handlebar,handlebar,0.1878172606229782,0.3162393271923065,0.688622772693634,0.06155259534716606,0.99951171875,1.0,0.076416015625
geometry_dropout,test_seen,1969,val:2009_003193:part_9,2009_003193,bicycle,chainwheel,chainwheel,0.08771929889917374,0.16129031777381897,0.7272727489471436,0.060174550861120224,0.8896484375,1.0,5.960464477539063e-08
geometry_dropout,test_seen,1970,val:2009_003224:part_6,2009_003224,bicycle,wheel,wheel,0.3496115505695343,0.5180920958518982,0.6113466620445251,0.6830903887748718,0.99853515625,1.0,8.881092071533203e-06
geometry_dropout,test_seen,1971,val:2009_003224:part_7,2009_003224,bicycle,saddle,saddle,0.3003300428390503,0.46192893385887146,0.6866666674613953,0.02740524709224701,1.0,1.0,0.1939697265625
geometry_dropout,test_seen,1972,val:2009_003224:part_8,2009_003224,bicycle,handlebar,handlebar,0.2021709680557251,0.33634310960769653,0.7670300006866455,0.04431486874818802,0.99951171875,1.0,0.076416015625
geometry_dropout,test_seen,1973,val:2009_003224:part_9,2009_003224,bicycle,chainwheel,chainwheel,0.06467662006616592,0.1214953288435936,0.5714285969734192,0.023615160956978798,0.8896484375,1.0,5.960464477539063e-08
geometry_dropout,test_seen,1974,val:2009_003269:part_20,2009_003269,bottle,body,body,0.7407912611961365,0.8510971665382385,0.23582924902439117,0.9689387679100037,1.0,1.0,0.94677734375
geometry_dropout,test_seen,1975,val:2009_003269:part_21,2009_003269,bottle,cap,cap,0.1927710771560669,0.3232323229312897,0.6349206566810608,0.031061260029673576,1.0,1.0,0.453125
geometry_dropout,test_seen,1976,val:2009_003299:part_109,2009_003299,train,head,head,0.022036926820874214,0.04312354326248169,0.43448275327682495,0.01821466162800789,1.0,1.0,0.95556640625
geometry_dropout,test_seen,1977,val:2009_003299:part_110,2009_003299,train,front,front,0.48607107996940613,0.6541693806648254,0.21793903410434723,0.33403581380844116,1.0,1.0,0.8779296875
geometry_dropout,test_seen,1978,val:2009_003299:part_111,2009_003299,train,side,side,0.6357822418212891,0.7773433923721313,0.12754607200622559,0.6474484205245972,1.0,1.0,0.0604248046875
geometry_dropout,test_seen,1979,val:2009_003304:part_22,2009_003304,bus,wheel,wheel,0.4378698170185089,0.6090534925460815,0.18036071956157684,0.01529967412352562,0.99853515625,1.0,8.881092071533203e-06
geometry_dropout,test_seen,1980,val:2009_003304:part_23,2009_003304,bus,headlight,headlight,0.19499999284744263,0.3263598382472992,0.0,0.015233153477311134,1.0,1.0,0.137939453125
geometry_dropout,test_seen,1981,val:2009_003304:part_24,2009_003304,bus,front,front,0.6740242838859558,0.805274248123169,0.15263675153255463,0.2900286018848419,1.0,1.0,0.8779296875
geometry_dropout,test_seen,1982,val:2009_003304:part_25,2009_003304,bus,side,side,0.5370480418205261,0.698804497718811,0.0937274694442749,0.3088538646697998,1.0,1.0,0.0604248046875
geometry_dropout,test_seen,1983,val:2009_003304:part_28,2009_003304,bus,mirror,mirror,0.0,0.0,0.0,0.003858178621158004,0.84912109375,1.0,4.231929779052734e-06
geometry_dropout,test_seen,1984,val:2009_003304:part_30,2009_003304,bus,door,door,0.7723840475082397,0.8715763688087463,0.014843320474028587,0.09758531302213669,0.15771484375,0.998046875,0.0
geometry_dropout,test_seen,1985,val:2009_003304:part_31,2009_003304,bus,window,window,0.5848830342292786,0.7380772233009338,0.01711197756230831,0.2598283886909485,1.0,1.0,0.327880859375
geometry_dropout,test_seen,1986,val:2009_003311:part_109,2009_003311,train,head,head,0.02599009871482849,0.05066344887018204,0.27603304386138916,0.024545256048440933,1.0,1.0,0.95556640625
geometry_dropout,test_seen,1987,val:2009_003311:part_110,2009_003311,train,front,front,0.4894110858440399,0.6571874022483826,0.051806844770908356,0.21992109715938568,1.0,1.0,0.8779296875
geometry_dropout,test_seen,1988,val:2009_003311:part_111,2009_003311,train,side,side,0.4096613824367523,0.5812195539474487,0.05858633667230606,0.38067060708999634,1.0,1.0,0.0604248046875
geometry_dropout,test_seen,1989,val:2009_003311:part_114,2009_003311,train,coach,coach,0.006020469591021538,0.011968880891799927,0.09057187288999557,0.011724742129445076,1.0,1.0,0.90087890625
geometry_dropout,test_seen,1990,val:2009_003323:part_70,2009_003323,horse,tail,tail,0.5289099812507629,0.6918784976005554,0.07593122869729996,0.26185518503189087,0.986328125,1.0,6.556510925292969e-07
geometry_dropout,test_seen,1991,val:2009_003323:part_71,2009_003323,horse,head,head,0.07692307978868484,0.1428571492433548,0.7572815418243408,0.04418228194117546,1.0,1.0,0.95556640625
geometry_dropout,test_seen,1992,val:2009_003323:part_73,2009_003323,horse,torso,torso,0.56976318359375,0.7259224653244019,0.08109226077795029,0.43765902519226074,1.0,1.0,0.96630859375
geometry_dropout,test_seen,1993,val:2009_003323:part_74,2009_003323,horse,neck,neck,0.415778249502182,0.5873494148254395,0.06265060603618622,0.057598888874053955,1.0,1.0,0.96630859375
geometry_dropout,test_seen,1994,val:2009_003323:part_75,2009_003323,horse,leg,leg,0.46776083111763,0.6373801827430725,0.07988587766885757,0.12745778262615204,0.9990234375,1.0,9.5367431640625e-07
geometry_dropout,test_seen,1995,val:2009_003323:part_76,2009_003323,horse,ear,ear,0.0,0.0,0.0,0.003932454157620668,0.0006213188171386719,0.96728515625,0.0
geometry_dropout,test_seen,1996,val:2009_003323:part_77,2009_003323,horse,muzzle,muzzle,0.0,0.0,0.0,0.021512838080525398,0.982421875,1.0,3.4570693969726562e-06
geometry_dropout,test_seen,1997,val:2009_003323:part_78,2009_003323,horse,hoof,hoof,0.06410256773233414,0.1204819306731224,0.0,0.02313208393752575,0.560546875,1.0,0.0
geometry_dropout,test_seen,1998,val:2009_003343:part_6,2009_003343,bicycle,wheel,wheel,0.17421084642410278,0.29672837257385254,0.7668059468269348,0.6905640363693237,0.99853515625,1.0,8.881092071533203e-06
geometry_dropout,test_seen,1999,val:2009_003343:part_8,2009_003343,bicycle,handlebar,handlebar,0.0,0.0,0.5357142686843872,0.030047442764043808,0.99951171875,1.0,0.076416015625
geometry_dropout,test_seen,2000,val:2009_003343:part_9,2009_003343,bicycle,chainwheel,chainwheel,0.0,0.0,0.739130437374115,0.005271481350064278,0.8896484375,1.0,5.960464477539063e-08
geometry_dropout,test_seen,2001,val:2009_003433:part_114,2009_003433,train,coach,coach,0.6075569987297058,0.7558761239051819,0.11038365960121155,0.9148521423339844,1.0,1.0,0.90087890625
geometry_dropout,test_seen,2002,val:2009_003481:part_71,2009_003481,horse,head,head,0.4403893053531647,0.6114864945411682,0.11184210330247879,0.06171761453151703,1.0,1.0,0.95556640625
geometry_dropout,test_seen,2003,val:2009_003481:part_72,2009_003481,horse,eye,eye,0.0,0.0,0.0,0.0021834061481058598,0.95703125,1.0,3.516674041748047e-06
geometry_dropout,test_seen,2004,val:2009_003481:part_73,2009_003481,horse,torso,torso,0.49095505475997925,0.6585779786109924,0.14589068293571472,0.3754003047943115,1.0,1.0,0.96630859375
geometry_dropout,test_seen,2005,val:2009_003481:part_74,2009_003481,horse,neck,neck,0.3419322073459625,0.5096117854118347,0.15095584094524384,0.1653566211462021,1.0,1.0,0.96630859375
geometry_dropout,test_seen,2006,val:2009_003481:part_75,2009_003481,horse,leg,leg,0.035433072596788406,0.06844106316566467,0.2574257552623749,0.00887918472290039,0.9990234375,1.0,9.5367431640625e-07
geometry_dropout,test_seen,2007,val:2009_003481:part_76,2009_003481,horse,ear,ear,0.05970149114727974,0.11267605423927307,0.2702702581882477,0.009898107498884201,0.0006213188171386719,0.96728515625,0.0
geometry_dropout,test_seen,2008,val:2009_003481:part_77,2009_003481,horse,muzzle,muzzle,0.5415019989013672,0.7025641202926636,0.3419483006000519,0.04032023251056671,0.982421875,1.0,3.4570693969726562e-06
geometry_dropout,test_seen,2009,val:2009_003494:part_83,2009_003494,person,head,head,0.013698630034923553,0.027027027681469917,0.582524299621582,0.002452483167871833,1.0,1.0,0.95556640625
geometry_dropout,test_seen,2010,val:2009_003494:part_85,2009_003494,person,torso,torso,0.3026794493198395,0.46470290422439575,0.014023732393980026,0.1773451864719391,1.0,1.0,0.96630859375
geometry_dropout,test_seen,2011,val:2009_003494:part_87,2009_003494,person,leg,leg,0.23614387214183807,0.3820653557777405,0.30343979597091675,0.14362354576587677,0.9990234375,1.0,9.5367431640625e-07
geometry_dropout,test_seen,2012,val:2009_003494:part_88,2009_003494,person,foot,foot,0.28631874918937683,0.445175439119339,0.5467075109481812,0.03969956934452057,0.99462890625,1.0,2.384185791015625e-07
geometry_dropout,test_seen,2013,val:2009_003494:part_93,2009_003494,person,hair,hair,0.47210031747817993,0.6413969397544861,0.41880878806114197,0.11541999131441116,1.0,1.0,0.927734375
geometry_dropout,test_seen,2014,val:2009_003494:part_94,2009_003494,person,lower arm,lower arm,0.4190140962600708,0.5905707478523254,0.10185185074806213,0.04077253118157387,0.525390625,1.0,0.0
geometry_dropout,test_seen,2015,val:2009_003494:part_95,2009_003494,person,upper arm,upper arm,0.05234159901738167,0.09947644174098969,0.2816092073917389,0.03709380701184273,0.06964111328125,0.99853515625,0.0
geometry_dropout,test_seen,2016,val:2009_003494:part_96,2009_003494,person,hand,hand,0.2300885021686554,0.3741007149219513,0.36185383796691895,0.020539546385407448,0.99755859375,1.0,4.756450653076172e-05
geometry_dropout,test_seen,2017,val:2009_003507:part_97,2009_003507,pottedplant,pot,pot,0.0,0.0,0.0,0.28260868787765503,0.99755859375,1.0,4.76837158203125e-06
geometry_dropout,test_seen,2018,val:2009_003507:part_98,2009_003507,pottedplant,plant,plant,0.0476190485060215,0.09090909361839294,0.90625,0.3695652186870575,1.0,1.0,0.6298828125
geometry_dropout,test_seen,2019,val:2009_003517:part_20,2009_003517,bottle,body,body,0.8245273232460022,0.9038257002830505,0.15493102371692657,0.9669223427772522,1.0,1.0,0.94677734375
geometry_dropout,test_seen,2020,val:2009_003517:part_21,2009_003517,bottle,cap,cap,0.4691357910633087,0.6386554837226868,0.07407407462596893,0.022770853713154793,1.0,1.0,0.453125
geometry_dropout,test_seen,2021,val:2009_003523:part_115,2009_003523,tvmonitor,screen,screen,0.7515454292297363,0.8581512570381165,0.0,0.5440605282783508,1.0,1.0,0.98779296875
geometry_dropout,test_seen,2022,val:2009_003542:part_52,2009_003542,cow,head,head,0.5271666646003723,0.6903852224349976,0.11420514434576035,0.31392836570739746,1.0,1.0,0.95556640625
geometry_dropout,test_seen,2023,val:2009_003542:part_53,2009_003542,cow,eye,eye,0.4098360538482666,0.5813953280448914,0.0,0.004678783472627401,0.95703125,1.0,3.516674041748047e-06
geometry_dropout,test_seen,2024,val:2009_003542:part_54,2009_003542,cow,torso,torso,0.4313526153564453,0.6027202606201172,0.07573550939559937,0.26867014169692993,1.0,1.0,0.96630859375
geometry_dropout,test_seen,2025,val:2009_003542:part_55,2009_003542,cow,neck,neck,0.34703904390335083,0.5152620673179626,0.0513562373816967,0.21990282833576202,1.0,1.0,0.96630859375
geometry_dropout,test_seen,2026,val:2009_003542:part_57,2009_003542,cow,ear,ear,0.2426213175058365,0.39049920439720154,0.1717277467250824,0.05164657160639763,0.0006213188171386719,0.96728515625,0.0
geometry_dropout,test_seen,2027,val:2009_003542:part_58,2009_003542,cow,muzzle,muzzle,0.6607142686843872,0.7956989407539368,0.17915493249893188,0.10806190222501755,0.982421875,1.0,3.4570693969726562e-06
geometry_dropout,test_seen,2028,val:2009_003542:part_59,2009_003542,cow,horn,horn,0.24532535672187805,0.393994003534317,0.2659984529018402,0.033111389726400375,0.0299224853515625,0.9990234375,0.0
geometry_dropout,test_seen,2029,val:2009_003551:part_115,2009_003551,tvmonitor,screen,screen,0.4835866689682007,0.6519156098365784,0.0,0.14373576641082764,1.0,1.0,0.98779296875
geometry_dropout,test_seen,2030,val:2009_003564:part_97,2009_003564,pottedplant,pot,pot,0.23897911608219147,0.38576778769493103,0.6952662467956543,0.4170212745666504,0.99755859375,1.0,4.76837158203125e-06
geometry_dropout,test_seen,2031,val:2009_003564:part_98,2009_003564,pottedplant,plant,plant,0.2053941935300827,0.3407917320728302,0.6049107313156128,0.5659574270248413,1.0,1.0,0.6298828125
geometry_dropout,test_seen,2032,val:2009_003569:part_52,2009_003569,cow,head,head,0.20283019542694092,0.33725491166114807,0.32575756311416626,0.043142758309841156,1.0,1.0,0.95556640625
geometry_dropout,test_seen,2033,val:2009_003569:part_53,2009_003569,cow,eye,eye,0.0,0.0,0.0,0.001753770629875362,0.95703125,1.0,3.516674041748047e-06
geometry_dropout,test_seen,2034,val:2009_003569:part_54,2009_003569,cow,torso,torso,0.4968354403972626,0.663847804069519,0.16398866474628448,0.4191511869430542,1.0,1.0,0.96630859375
geometry_dropout,test_seen,2035,val:2009_003569:part_55,2009_003569,cow,neck,neck,0.26938775181770325,0.4244372844696045,0.009433962404727936,0.034724656492471695,1.0,1.0,0.96630859375
geometry_dropout,test_seen,2036,val:2009_003569:part_56,2009_003569,cow,leg,leg,0.23905108869075775,0.3858615756034851,0.4927184581756592,0.09365134686231613,0.9990234375,1.0,9.5367431640625e-07
geometry_dropout,test_seen,2037,val:2009_003569:part_57,2009_003569,cow,ear,ear,0.0,0.0,0.7857142686843872,0.00491055753082037,0.0006213188171386719,0.96728515625,0.0
geometry_dropout,test_seen,2038,val:2009_003569:part_58,2009_003569,cow,muzzle,muzzle,0.47826087474823,0.6470588445663452,0.38333332538604736,0.014731673523783684,0.982421875,1.0,3.4570693969726562e-06
geometry_dropout,test_seen,2039,val:2009_003696:part_0,2009_003696,aeroplane,body,body,0.6281468272209167,0.7716095447540283,0.15880358219146729,0.5064346790313721,1.0,1.0,0.94677734375
geometry_dropout,test_seen,2040,val:2009_003696:part_1,2009_003696,aeroplane,stern,stern,0.4543761610984802,0.6248399615287781,0.46305882930755615,0.2380838841199875,1.0,1.0,0.11859130859375
geometry_dropout,test_seen,2041,val:2009_003696:part_2,2009_003696,aeroplane,wing,wing,0.1213793084025383,0.21648216247558594,0.5125418305397034,0.10247854888439178,0.98779296875,1.0,1.3649463653564453e-05
geometry_dropout,test_seen,2042,val:2009_003696:part_4,2009_003696,aeroplane,engine,engine,0.38062283396720886,0.5513784289360046,0.295945942401886,0.10891325026750565,0.9951171875,1.0,2.300739288330078e-05
geometry_dropout,test_seen,2043,val:2009_003696:part_5,2009_003696,aeroplane,wheel,wheel,0.03846153989434242,0.07407407462596893,0.8813559412956238,0.018112488090991974,0.99853515625,1.0,8.881092071533203e-06
geometry_dropout,test_seen,2044,val:2009_003703:part_22,2009_003703,bus,wheel,wheel,0.49732619524002075,0.6642857193946838,0.1354466825723648,0.02723088674247265,0.99853515625,1.0,8.881092071533203e-06
geometry_dropout,test_seen,2045,val:2009_003703:part_23,2009_003703,bus,headlight,headlight,0.27149322628974915,0.4270462691783905,0.0,0.006136537995189428,1.0,1.0,0.137939453125
geometry_dropout,test_seen,2046,val:2009_003703:part_24,2009_003703,bus,front,front,0.5120440721511841,0.677287220954895,0.0850154384970665,0.1521349996328354,1.0,1.0,0.8779296875
geometry_dropout,test_seen,2047,val:2009_003703:part_25,2009_003703,bus,side,side,0.4902269244194031,0.6579225063323975,0.10323017835617065,0.2820250689983368,1.0,1.0,0.0604248046875
geometry_dropout,test_seen,2048,val:2009_003703:part_28,2009_003703,bus,mirror,mirror,0.037931036204099655,0.07308970391750336,0.006369426846504211,0.009204806759953499,0.84912109375,1.0,4.231929779052734e-06
geometry_dropout,test_seen,2049,val:2009_003703:part_30,2009_003703,bus,door,door,0.3823964595794678,0.5532370209693909,0.0,0.05759396404027939,0.15771484375,0.998046875,0.0
geometry_dropout,test_seen,2050,val:2009_003703:part_31,2009_003703,bus,window,window,0.6959118843078613,0.8206934928894043,0.019249163568019867,0.39082077145576477,1.0,1.0,0.327880859375
geometry_dropout,test_seen,2051,val:2009_003771:part_42,2009_003771,cat,tail,tail,0.3405994474887848,0.5081300735473633,0.35694822669029236,0.016397744417190552,0.986328125,1.0,6.556510925292969e-07
geometry_dropout,test_seen,2052,val:2009_003771:part_43,2009_003771,cat,head,head,0.651249349117279,0.7887958884239197,0.08586762100458145,0.18745900690555573,1.0,1.0,0.95556640625
geometry_dropout,test_seen,2053,val:2009_003771:part_44,2009_003771,cat,eye,eye,0.06574394553899765,0.12337662279605865,0.0,0.009182736277580261,0.95703125,1.0,3.516674041748047e-06
geometry_dropout,test_seen,2054,val:2009_003771:part_45,2009_003771,cat,torso,torso,0.6279933452606201,0.7714937329292297,0.0792137011885643,0.4764528274536133,1.0,1.0,0.96630859375
geometry_dropout,test_seen,2055,val:2009_003771:part_47,2009_003771,cat,leg,leg,0.4576271176338196,0.6279069781303406,0.03064391016960144,0.19205036759376526,0.9990234375,1.0,9.5367431640625e-07
geometry_dropout,test_seen,2056,val:2009_003771:part_48,2009_003771,cat,nose,nose,0.0,0.0,0.0,0.0026236390694975853,0.026153564453125,0.994140625,0.0
geometry_dropout,test_seen,2057,val:2009_003771:part_49,2009_003771,cat,paw,paw,0.5339547395706177,0.6961805820465088,0.20759837329387665,0.05444050952792168,0.99072265625,1.0,2.384185791015625e-07
geometry_dropout,test_seen,2058,val:2009_003771:part_50,2009_003771,cat,ear,ear,0.5281065106391907,0.6911907196044922,0.34196892380714417,0.05955660343170166,0.0006213188171386719,0.96728515625,0.0
geometry_dropout,test_seen,2059,val:2009_003773:part_52,2009_003773,cow,head,head,0.48909690976142883,0.6569040417671204,0.05875501409173012,0.40145939588546753,1.0,1.0,0.95556640625
geometry_dropout,test_seen,2060,val:2009_003773:part_53,2009_003773,cow,eye,eye,0.4921259880065918,0.6596305966377258,0.07480315119028091,0.008001023903489113,0.95703125,1.0,3.516674041748047e-06
geometry_dropout,test_seen,2061,val:2009_003773:part_54,2009_003773,cow,torso,torso,0.12494345754384995,0.2221328616142273,0.14756174385547638,0.08839531242847443,1.0,1.0,0.96630859375
geometry_dropout,test_seen,2062,val:2009_003773:part_55,2009_003773,cow,neck,neck,0.07723996043205261,0.14340344071388245,0.08389662206172943,0.24073481559753418,1.0,1.0,0.96630859375
geometry_dropout,test_seen,2063,val:2009_003773:part_57,2009_003773,cow,ear,ear,0.40742233395576477,0.5789624452590942,0.05435684695839882,0.06906484067440033,0.0006213188171386719,0.96728515625,0.0
geometry_dropout,test_seen,2064,val:2009_003773:part_58,2009_003773,cow,muzzle,muzzle,0.5797573328018188,0.7339827418327332,0.29353585839271545,0.16046853363513947,0.982421875,1.0,3.4570693969726562e-06
geometry_dropout,test_seen,2065,val:2009_003773:part_59,2009_003773,cow,horn,horn,0.336140900850296,0.5031518340110779,0.08249027281999588,0.0294437687844038,0.0299224853515625,0.9990234375,0.0
geometry_dropout,test_seen,2066,val:2009_003804:part_70,2009_003804,horse,tail,tail,0.0,0.0,0.0,0.008193186484277248,0.986328125,1.0,6.556510925292969e-07
geometry_dropout,test_seen,2067,val:2009_003804:part_71,2009_003804,horse,head,head,0.6101568341255188,0.7578849792480469,0.02850356325507164,0.12835992872714996,1.0,1.0,0.95556640625
geometry_dropout,test_seen,2068,val:2009_003804:part_72,2009_003804,horse,eye,eye,0.0,0.0,0.0,0.001724881469272077,0.95703125,1.0,3.516674041748047e-06
geometry_dropout,test_seen,2069,val:2009_003804:part_73,2009_003804,horse,torso,torso,0.5860886573791504,0.7390364408493042,0.1406051367521286,0.3655311167240143,1.0,1.0,0.96630859375
geometry_dropout,test_seen,2070,val:2009_003804:part_74,2009_003804,horse,neck,neck,0.328840970993042,0.4949290156364441,0.2328190803527832,0.11010493338108063,1.0,1.0,0.96630859375
geometry_dropout,test_seen,2071,val:2009_003804:part_75,2009_003804,horse,leg,leg,0.3347915709018707,0.5016387104988098,0.38372093439102173,0.20166738331317902,0.9990234375,1.0,9.5367431640625e-07
geometry_dropout,test_seen,2072,val:2009_003804:part_76,2009_003804,horse,ear,ear,0.3061594069004059,0.4687933325767517,0.1763085424900055,0.05145896226167679,0.0006213188171386719,0.96728515625,0.0
geometry_dropout,test_seen,2073,val:2009_003804:part_77,2009_003804,horse,muzzle,muzzle,0.6136631369590759,0.7605839371681213,0.25444597005844116,0.09184993803501129,0.982421875,1.0,3.4570693969726562e-06
geometry_dropout,test_seen,2074,val:2009_003804:part_78,2009_003804,horse,hoof,hoof,0.39411765336990356,0.5654008388519287,0.4637224078178406,0.022567197680473328,0.560546875,1.0,0.0
geometry_dropout,test_seen,2075,val:2009_003806:part_0,2009_003806,aeroplane,body,body,0.7912167310714722,0.8834404945373535,0.1212797611951828,0.6503695249557495,1.0,1.0,0.94677734375
geometry_dropout,test_seen,2076,val:2009_003806:part_1,2009_003806,aeroplane,stern,stern,0.6269662976264954,0.7707182168960571,0.29961976408958435,0.24360431730747223,1.0,1.0,0.11859130859375
geometry_dropout,test_seen,2077,val:2009_003806:part_2,2009_003806,aeroplane,wing,wing,0.3503401279449463,0.5188916921615601,0.1666666716337204,0.06708356738090515,0.98779296875,1.0,1.3649463653564453e-05
geometry_dropout,test_seen,2078,val:2009_003806:part_4,2009_003806,aeroplane,engine,engine,0.08571428805589676,0.15789473056793213,0.14725275337696075,0.011085844598710537,0.9951171875,1.0,2.300739288330078e-05
geometry_dropout,test_seen,2079,val:2009_003806:part_5,2009_003806,aeroplane,wheel,wheel,0.09459459781646729,0.17283950746059418,0.751748263835907,0.010801591910421848,0.99853515625,1.0,8.881092071533203e-06
geometry_dropout,test_seen,2080,val:2009_003849:part_83,2009_003849,person,head,head,0.743022620677948,0.8525679707527161,0.11478910595178604,0.14420472085475922,1.0,1.0,0.95556640625
geometry_dropout,test_seen,2081,val:2009_003849:part_84,2009_003849,person,eye,eye,0.09216590225696564,0.16877637803554535,0.0,0.003010536776855588,0.95703125,1.0,3.516674041748047e-06
geometry_dropout,test_seen,2082,val:2009_003849:part_85,2009_003849,person,torso,torso,0.8741288781166077,0.9328375458717346,0.06583072245121002,0.61806321144104,1.0,1.0,0.96630859375
geometry_dropout,test_seen,2083,val:2009_003849:part_86,2009_003849,person,neck,neck,0.38823530077934265,0.5593220591545105,0.0,0.020270949229598045,1.0,1.0,0.96630859375
geometry_dropout,test_seen,2084,val:2009_003849:part_89,2009_003849,person,nose,nose,0.45390069484710693,0.6243902444839478,0.0,0.0078273955732584,0.026153564453125,0.994140625,0.0
geometry_dropout,test_seen,2085,val:2009_003849:part_90,2009_003849,person,ear,ear,0.10404624044895172,0.1884816735982895,0.46052631735801697,0.0039136977866292,0.0006213188171386719,0.96728515625,0.0
geometry_dropout,test_seen,2086,val:2009_003849:part_91,2009_003849,person,eyebrow,eyebrow,0.09859155118465424,0.1794871836900711,0.0,0.0026091318577528,0.0008230209350585938,0.5947265625,0.0
geometry_dropout,test_seen,2087,val:2009_003849:part_92,2009_003849,person,mouth,mouth,0.09782608598470688,0.1782178282737732,0.0,0.0009031610679812729,1.0,1.0,0.48486328125
geometry_dropout,test_seen,2088,val:2009_003849:part_94,2009_003849,person,lower arm,lower arm,0.3608490526676178,0.5303292870521545,0.12303980439901352,0.032614149153232574,0.525390625,1.0,0.0
geometry_dropout,test_seen,2089,val:2009_003849:part_95,2009_003849,person,upper arm,upper arm,0.525299608707428,0.6887822151184082,0.13430805504322052,0.16467636823654175,0.06964111328125,0.99853515625,0.0
geometry_dropout,test_seen,2090,val:2009_003857:part_115,2009_003857,tvmonitor,screen,screen,0.8668041229248047,0.9286503195762634,0.05012531206011772,0.8113350868225098,1.0,1.0,0.98779296875
geometry_dropout,test_seen,2091,val:2009_003895:part_115,2009_003895,tvmonitor,screen,screen,0.3288986384868622,0.49499431252479553,0.08566699177026749,0.3048856556415558,1.0,1.0,0.98779296875
geometry_dropout,test_seen,2092,val:2009_003904:part_43,2009_003904,cat,head,head,0.6064544916152954,0.7550223469734192,0.11735611408948898,0.14669398963451385,1.0,1.0,0.95556640625
geometry_dropout,test_seen,2093,val:2009_003904:part_44,2009_003904,cat,eye,eye,0.18007662892341614,0.30519479513168335,0.0,0.011541365645825863,0.95703125,1.0,3.516674041748047e-06
geometry_dropout,test_seen,2094,val:2009_003904:part_45,2009_003904,cat,torso,torso,0.4663212299346924,0.6360424160957336,0.07134822756052017,0.33610183000564575,1.0,1.0,0.96630859375
geometry_dropout,test_seen,2095,val:2009_003904:part_46,2009_003904,cat,neck,neck,0.2176724076271057,0.3575221300125122,0.0,0.03753640502691269,1.0,1.0,0.96630859375
geometry_dropout,test_seen,2096,val:2009_003904:part_47,2009_003904,cat,leg,leg,0.6310173869132996,0.7737714648246765,0.13759279251098633,0.30212491750717163,0.9990234375,1.0,9.5367431640625e-07
geometry_dropout,test_seen,2097,val:2009_003904:part_48,2009_003904,cat,nose,nose,0.2708333432674408,0.4262295067310333,0.0,0.00420666579157114,0.026153564453125,0.994140625,0.0
geometry_dropout,test_seen,2098,val:2009_003904:part_49,2009_003904,cat,paw,paw,0.5865880846977234,0.7394333481788635,0.326135516166687,0.08736921846866608,0.99072265625,1.0,2.384185791015625e-07
geometry_dropout,test_seen,2099,val:2009_003904:part_50,2009_003904,cat,ear,ear,0.5079575777053833,0.6737027168273926,0.2877906858921051,0.04843059182167053,0.0006213188171386719,0.96728515625,0.0
geometry_dropout,test_seen,2100,val:2009_003938:part_109,2009_003938,train,head,head,0.08213552087545395,0.151802659034729,0.3874066174030304,0.02929394133388996,1.0,1.0,0.95556640625
geometry_dropout,test_seen,2101,val:2009_003938:part_110,2009_003938,train,front,front,0.6157587766647339,0.7621914744377136,0.19319428503513336,0.1877816766500473,1.0,1.0,0.8779296875
geometry_dropout,test_seen,2102,val:2009_003938:part_111,2009_003938,train,side,side,0.5427528619766235,0.7036160826683044,0.16323336958885193,0.5215322971343994,1.0,1.0,0.0604248046875
geometry_dropout,test_seen,2103,val:2009_003938:part_113,2009_003938,train,roof,roof,0.030825022608041763,0.05980650708079338,0.430355429649353,0.02403605356812477,1.0,1.0,0.99267578125
geometry_dropout,test_seen,2104,val:2009_003938:part_114,2009_003938,train,coach,coach,0.007657945156097412,0.015199493616819382,0.08905202895402908,0.006259389221668243,1.0,1.0,0.90087890625
geometry_dropout,test_seen,2105,val:2009_003971:part_6,2009_003971,bicycle,wheel,wheel,0.19827300310134888,0.33093127608299255,0.4611719846725464,0.36921948194503784,0.99853515625,1.0,8.881092071533203e-06
geometry_dropout,test_seen,2106,val:2009_003971:part_8,2009_003971,bicycle,handlebar,handlebar,0.3334794044494629,0.5001643300056458,0.5071315169334412,0.40836799144744873,0.99951171875,1.0,0.076416015625
geometry_dropout,test_seen,2107,val:2009_003991:part_83,2009_003991,person,head,head,0.31313130259513855,0.4769230782985687,0.24054983258247375,0.031220436096191406,1.0,1.0,0.95556640625
geometry_dropout,test_seen,2108,val:2009_003991:part_84,2009_003991,person,eye,eye,0.0,0.0,0.0,0.005045726895332336,0.95703125,1.0,3.516674041748047e-06
geometry_dropout,test_seen,2109,val:2009_003991:part_85,2009_003991,person,torso,torso,0.4107142984867096,0.5822784900665283,0.03843364864587784,0.18795332312583923,1.0,1.0,0.96630859375
geometry_dropout,test_seen,2110,val:2009_003991:part_87,2009_003991,person,leg,leg,0.703986406326294,0.826281726360321,0.055913977324962616,0.3402712047100067,0.9990234375,1.0,9.5367431640625e-07
geometry_dropout,test_seen,2111,val:2009_003991:part_88,2009_003991,person,foot,foot,0.26607540249824524,0.4203152358531952,0.6010498404502869,0.059918008744716644,0.99462890625,1.0,2.384185791015625e-07
geometry_dropout,test_seen,2112,val:2009_003991:part_89,2009_003991,person,nose,nose,0.0,0.0,1.0,0.002522863447666168,0.026153564453125,0.994140625,0.0
geometry_dropout,test_seen,2113,val:2009_003991:part_90,2009_003991,person,ear,ear,0.0,0.0,0.0,0.002207505516707897,0.0006213188171386719,0.96728515625,0.0
geometry_dropout,test_seen,2114,val:2009_003991:part_93,2009_003991,person,hair,hair,0.5692124366760254,0.7254753112792969,0.30181819200515747,0.15452538430690765,1.0,1.0,0.927734375
geometry_dropout,test_seen,2115,val:2009_003991:part_94,2009_003991,person,lower arm,lower arm,0.37843137979507446,0.5490753650665283,0.030368763953447342,0.07631661742925644,0.525390625,1.0,0.0
geometry_dropout,test_seen,2116,val:2009_003991:part_95,2009_003991,person,upper arm,upper arm,0.4235880374908447,0.5950992107391357,0.013840830884873867,0.08798485994338989,0.06964111328125,0.99853515625,0.0
geometry_dropout,test_seen,2117,val:2009_003991:part_96,2009_003991,person,hand,hand,0.07816711813211441,0.14499999582767487,0.3229166567325592,0.035320088267326355,0.99755859375,1.0,4.756450653076172e-05
geometry_dropout,test_seen,2118,val:2009_004072:part_22,2009_004072,bus,wheel,wheel,0.21991701424121857,0.36054420471191406,0.07234042882919312,0.0023757752496749163,0.99853515625,1.0,8.881092071533203e-06
geometry_dropout,test_seen,2119,val:2009_004072:part_23,2009_004072,bus,headlight,headlight,0.4906367063522339,0.6582914590835571,0.1376146823167801,0.007248127367347479,1.0,1.0,0.137939453125
geometry_dropout,test_seen,2120,val:2009_004072:part_24,2009_004072,bus,front,front,0.6741113066673279,0.8053362965583801,0.06147424504160881,0.2999516725540161,1.0,1.0,0.8779296875
geometry_dropout,test_seen,2121,val:2009_004072:part_25,2009_004072,bus,side,side,0.41918784379959106,0.5907433032989502,0.028010185807943344,0.16469356417655945,1.0,1.0,0.0604248046875
geometry_dropout,test_seen,2122,val:2009_004072:part_28,2009_004072,bus,mirror,mirror,0.0,0.0,0.0,0.00785213802009821,0.84912109375,1.0,4.231929779052734e-06
geometry_dropout,test_seen,2123,val:2009_004072:part_30,2009_004072,bus,door,door,0.3411591947078705,0.5087527632713318,0.011256689205765724,0.076226145029068,0.15771484375,0.998046875,0.0
geometry_dropout,test_seen,2124,val:2009_004072:part_31,2009_004072,bus,window,window,0.6606833934783936,0.7956765294075012,0.043306559324264526,0.441531777381897,1.0,1.0,0.327880859375
geometry_dropout,test_seen,2125,val:2009_004099:part_43,2009_004099,cat,head,head,0.17227722704410553,0.2939189076423645,0.07476635277271271,0.6811797618865967,1.0,1.0,0.95556640625
geometry_dropout,test_seen,2126,val:2009_004099:part_44,2009_004099,cat,eye,eye,0.0,0.0,0.0,0.05477528274059296,0.95703125,1.0,3.516674041748047e-06
geometry_dropout,test_seen,2127,val:2009_004099:part_48,2009_004099,cat,nose,nose,0.0,0.0,0.0,0.009831461124122143,0.026153564453125,0.994140625,0.0
geometry_dropout,test_seen,2128,val:2009_004099:part_50,2009_004099,cat,ear,ear,0.15609756112098694,0.27004218101501465,0.4576271176338196,0.25,0.0006213188171386719,0.96728515625,0.0
geometry_dropout,test_seen,2129,val:2009_004125:part_83,2009_004125,person,head,head,0.0,0.0,0.0,0.06122449040412903,1.0,1.0,0.95556640625
geometry_dropout,test_seen,2130,val:2009_004125:part_85,2009_004125,person,torso,torso,0.0,0.0,1.0,0.17006802558898926,1.0,1.0,0.96630859375
geometry_dropout,test_seen,2131,val:2009_004125:part_94,2009_004125,person,lower arm,lower arm,0.0,0.0,0.0,0.013605441898107529,0.525390625,1.0,0.0
geometry_dropout,test_seen,2132,val:2009_004125:part_95,2009_004125,person,upper arm,upper arm,0.0,0.0,0.0,0.06802721321582794,0.06964111328125,0.99853515625,0.0
geometry_dropout,test_seen,2133,val:2009_004221:part_83,2009_004221,person,head,head,0.4602917432785034,0.6304106712341309,0.27876824140548706,0.07091136276721954,1.0,1.0,0.95556640625
geometry_dropout,test_seen,2134,val:2009_004221:part_85,2009_004221,person,torso,torso,0.6952767968177795,0.8202516436576843,0.02382185310125351,0.3513108491897583,1.0,1.0,0.96630859375
geometry_dropout,test_seen,2135,val:2009_004221:part_86,2009_004221,person,neck,neck,0.27402135729789734,0.4301675856113434,0.0882352963089943,0.02147315815091133,1.0,1.0,0.96630859375
geometry_dropout,test_seen,2136,val:2009_004221:part_87,2009_004221,person,leg,leg,0.5819875597953796,0.7357675433158875,0.3199490010738373,0.24419476091861725,0.9990234375,1.0,9.5367431640625e-07
geometry_dropout,test_seen,2137,val:2009_004221:part_88,2009_004221,person,foot,foot,0.0,0.0,0.0,0.024719100445508957,0.99462890625,1.0,2.384185791015625e-07
geometry_dropout,test_seen,2138,val:2009_004221:part_89,2009_004221,person,nose,nose,0.0,0.0,0.06451612710952759,0.005243445746600628,0.026153564453125,0.994140625,0.0
geometry_dropout,test_seen,2139,val:2009_004221:part_90,2009_004221,person,ear,ear,0.0,0.0,0.7028571367263794,0.001498127356171608,0.0006213188171386719,0.96728515625,0.0
geometry_dropout,test_seen,2140,val:2009_004221:part_91,2009_004221,person,eyebrow,eyebrow,0.0,0.0,0.0,0.0002496879023965448,0.0008230209350585938,0.5947265625,0.0
geometry_dropout,test_seen,2141,val:2009_004221:part_92,2009_004221,person,mouth,mouth,0.0,0.0,0.0,0.004244694020599127,1.0,1.0,0.48486328125
geometry_dropout,test_seen,2142,val:2009_004221:part_93,2009_004221,person,hair,hair,0.2467811107635498,0.3958691954612732,0.491150438785553,0.032209739089012146,1.0,1.0,0.927734375
geometry_dropout,test_seen,2143,val:2009_004221:part_94,2009_004221,person,lower arm,lower arm,0.1974317878484726,0.3297587037086487,0.09930313378572464,0.04294631630182266,0.525390625,1.0,0.0
geometry_dropout,test_seen,2144,val:2009_004221:part_95,2009_004221,person,upper arm,upper arm,0.5672797560691833,0.7239036560058594,0.09484536200761795,0.16204744577407837,0.06964111328125,0.99853515625,0.0
geometry_dropout,test_seen,2145,val:2009_004221:part_96,2009_004221,person,hand,hand,0.16022099554538727,0.27619048953056335,0.6282051205635071,0.013483146205544472,0.99755859375,1.0,4.756450653076172e-05
geometry_dropout,test_seen,2146,val:2009_004247:part_20,2009_004247,bottle,body,body,0.3835403621196747,0.5544332265853882,0.6105072498321533,0.9548969268798828,1.0,1.0,0.94677734375
geometry_dropout,test_seen,2147,val:2009_004247:part_21,2009_004247,bottle,cap,cap,0.04740406200289726,0.09051723778247833,0.6237373948097229,0.04381443187594414,1.0,1.0,0.453125
geometry_dropout,test_seen,2148,val:2009_004248:part_43,2009_004248,cat,head,head,0.7427141070365906,0.8523648381233215,0.038065843284130096,0.3943949341773987,1.0,1.0,0.95556640625
geometry_dropout,test_seen,2149,val:2009_004248:part_44,2009_004248,cat,eye,eye,0.631654679775238,0.7742504477500916,0.0,0.03421536087989807,0.95703125,1.0,3.516674041748047e-06
geometry_dropout,test_seen,2150,val:2009_004248:part_45,2009_004248,cat,torso,torso,0.6716214418411255,0.8035568594932556,0.18609586358070374,0.37296783924102783,1.0,1.0,0.96630859375
geometry_dropout,test_seen,2151,val:2009_004248:part_46,2009_004248,cat,neck,neck,0.27328139543533325,0.42925530672073364,0.03789689391851425,0.05652676522731781,1.0,1.0,0.96630859375
geometry_dropout,test_seen,2152,val:2009_004248:part_48,2009_004248,cat,nose,nose,0.28989362716674805,0.44948452711105347,0.0,0.007414461579173803,0.026153564453125,0.994140625,0.0
geometry_dropout,test_seen,2153,val:2009_004248:part_50,2009_004248,cat,ear,ear,0.5593939423561096,0.7174504399299622,0.19993922114372253,0.12618188560009003,0.0006213188171386719,0.96728515625,0.0
geometry_dropout,test_seen,2154,val:2009_004255:part_109,2009_004255,train,head,head,0.0176085177809,0.034607645124197006,0.3344302773475647,0.004253643099218607,1.0,1.0,0.95556640625
geometry_dropout,test_seen,2155,val:2009_004255:part_110,2009_004255,train,front,front,0.8189921975135803,0.9004900455474854,0.10994813591241837,0.6916108727455139,1.0,1.0,0.8779296875
geometry_dropout,test_seen,2156,val:2009_004255:part_111,2009_004255,train,side,side,0.7012127637863159,0.8243681192398071,0.1645149439573288,0.3021661937236786,1.0,1.0,0.0604248046875
geometry_dropout,test_seen,2157,val:2009_004324:part_20,2009_004324,bottle,body,body,0.8063470125198364,0.8927929997444153,0.14749695360660553,0.9948952198028564,1.0,1.0,0.94677734375
geometry_dropout,test_seen,2158,val:2009_004324:part_21,2009_004324,bottle,cap,cap,0.0,0.0,0.0,0.0016120364889502525,1.0,1.0,0.453125
geometry_dropout,test_seen,2159,val:2009_004497:part_70,2009_004497,horse,tail,tail,0.1008695662021637,0.18325434625148773,0.3426573574542999,0.005469135474413633,0.986328125,1.0,6.556510925292969e-07
geometry_dropout,test_seen,2160,val:2009_004497:part_71,2009_004497,horse,head,head,0.7545410990715027,0.8601008057594299,0.022867949679493904,0.228582963347435,1.0,1.0,0.95556640625
geometry_dropout,test_seen,2161,val:2009_004497:part_72,2009_004497,horse,eye,eye,0.4066985547542572,0.5782312750816345,0.0,0.0039001209661364555,0.95703125,1.0,3.516674041748047e-06
geometry_dropout,test_seen,2162,val:2009_004497:part_73,2009_004497,horse,torso,torso,0.4157126545906067,0.5872839093208313,0.029633892700076103,0.26372888684272766,1.0,1.0,0.96630859375
geometry_dropout,test_seen,2163,val:2009_004497:part_74,2009_004497,horse,neck,neck,0.5749313831329346,0.7301034331321716,0.01285092905163765,0.1590980440378189,1.0,1.0,0.96630859375
geometry_dropout,test_seen,2164,val:2009_004497:part_76,2009_004497,horse,ear,ear,0.5386138558387756,0.7001286745071411,0.0599755197763443,0.03303895518183708,0.0006213188171386719,0.96728515625,0.0
geometry_dropout,test_seen,2165,val:2009_004497:part_77,2009_004497,horse,muzzle,muzzle,0.46422338485717773,0.6340882182121277,0.10069534182548523,0.0892096683382988,0.982421875,1.0,3.4570693969726562e-06
geometry_dropout,test_seen,2166,val:2009_004504:part_43,2009_004504,cat,head,head,0.7951871752738953,0.8859100341796875,0.07822580635547638,0.39535191655158997,1.0,1.0,0.95556640625
geometry_dropout,test_seen,2167,val:2009_004504:part_44,2009_004504,cat,eye,eye,0.11032028496265411,0.19871795177459717,0.0,0.005017826333642006,0.95703125,1.0,3.516674041748047e-06
geometry_dropout,test_seen,2168,val:2009_004504:part_45,2009_004504,cat,torso,torso,0.6574694514274597,0.7933412790298462,0.08798713982105255,0.226594477891922,1.0,1.0,0.96630859375
geometry_dropout,test_seen,2169,val:2009_004504:part_47,2009_004504,cat,leg,leg,0.460852712392807,0.6309365630149841,0.09234508126974106,0.17166247963905334,0.9990234375,1.0,9.5367431640625e-07
geometry_dropout,test_seen,2170,val:2009_004504:part_48,2009_004504,cat,nose,nose,0.22807016968727112,0.37142857909202576,0.0,0.0039614420384168625,0.026153564453125,0.994140625,0.0
geometry_dropout,test_seen,2171,val:2009_004504:part_49,2009_004504,cat,paw,paw,0.41863980889320374,0.5901988744735718,0.2862190902233124,0.11026013642549515,0.99072265625,1.0,2.384185791015625e-07
geometry_dropout,test_seen,2172,val:2009_004504:part_50,2009_004504,cat,ear,ear,0.5269841551780701,0.6902287006378174,0.17706012725830078,0.07196619361639023,0.0006213188171386719,0.96728515625,0.0
geometry_dropout,test_seen,2173,val:2009_004507:part_85,2009_004507,person,torso,torso,0.0,0.0,1.0,0.0005640158196911216,1.0,1.0,0.96630859375
geometry_dropout,test_seen,2174,val:2009_004579:part_20,2009_004579,bottle,body,body,0.42942163348197937,0.6008327007293701,0.1585240513086319,0.482903391122818,1.0,1.0,0.94677734375
geometry_dropout,test_seen,2175,val:2009_004579:part_21,2009_004579,bottle,cap,cap,0.26502731442451477,0.41900646686553955,0.008810572326183319,0.01435872446745634,1.0,1.0,0.453125
geometry_dropout,test_seen,2176,val:2009_004590:part_22,2009_004590,bus,wheel,wheel,0.0033613445702940226,0.006700167432427406,0.29015979170799255,0.00041600799886509776,0.99853515625,1.0,8.881092071533203e-06
geometry_dropout,test_seen,2177,val:2009_004590:part_23,2009_004590,bus,headlight,headlight,0.0,0.0,0.0,0.0027456528041511774,1.0,1.0,0.137939453125
geometry_dropout,test_seen,2178,val:2009_004590:part_24,2009_004590,bus,front,front,0.15773896872997284,0.2724948823451996,0.1939520388841629,0.09243697673082352,1.0,1.0,0.8779296875
geometry_dropout,test_seen,2179,val:2009_004590:part_28,2009_004590,bus,mirror,mirror,0.0,0.0,0.0,0.00041600799886509776,0.84912109375,1.0,4.231929779052734e-06
geometry_dropout,test_seen,2180,val:2009_004590:part_31,2009_004590,bus,window,window,0.030009526759386063,0.05827038735151291,0.11541016399860382,0.038688741624355316,1.0,1.0,0.327880859375
geometry_dropout,test_seen,2181,val:2009_004653:part_0,2009_004653,aeroplane,body,body,0.5145228505134583,0.6794520616531372,0.23188406229019165,0.6306620240211487,1.0,1.0,0.94677734375
geometry_dropout,test_seen,2182,val:2009_004653:part_1,2009_004653,aeroplane,stern,stern,0.5307855606079102,0.6934812664985657,0.2921108603477478,0.2926829159259796,1.0,1.0,0.11859130859375
geometry_dropout,test_seen,2183,val:2009_004653:part_2,2009_004653,aeroplane,wing,wing,0.32692307233810425,0.49275362491607666,0.4285714328289032,0.023228803649544716,0.98779296875,1.0,1.3649463653564453e-05
geometry_dropout,test_seen,2184,val:2009_004653:part_4,2009_004653,aeroplane,engine,engine,0.0,0.0,0.25,0.04065040498971939,0.9951171875,1.0,2.300739288330078e-05
geometry_dropout,test_seen,2185,val:2009_004653:part_5,2009_004653,aeroplane,wheel,wheel,0.0,0.0,0.30434781312942505,0.0011614401591941714,0.99853515625,1.0,8.881092071533203e-06
geometry_dropout,test_seen,2186,val:2009_004721:part_42,2009_004721,cat,tail,tail,0.41931578516960144,0.5908703207969666,0.23471073806285858,0.1077980175614357,0.986328125,1.0,6.556510925292969e-07
geometry_dropout,test_seen,2187,val:2009_004721:part_43,2009_004721,cat,head,head,0.6025994420051575,0.7520275115966797,0.16502560675144196,0.09917676448822021,1.0,1.0,0.95556640625
geometry_dropout,test_seen,2188,val:2009_004721:part_44,2009_004721,cat,eye,eye,0.0,0.0,0.0,0.0006482141907326877,0.95703125,1.0,3.516674041748047e-06
geometry_dropout,test_seen,2189,val:2009_004721:part_45,2009_004721,cat,torso,torso,0.49108752608299255,0.6586971282958984,0.08756919950246811,0.32119011878967285,1.0,1.0,0.96630859375
geometry_dropout,test_seen,2190,val:2009_004721:part_46,2009_004721,cat,neck,neck,0.545945942401886,0.7062937021255493,0.024460431188344955,0.047643739730119705,1.0,1.0,0.96630859375
geometry_dropout,test_seen,2191,val:2009_004721:part_47,2009_004721,cat,leg,leg,0.48316553235054016,0.6515328288078308,0.04064670205116272,0.31872689723968506,0.9990234375,1.0,9.5367431640625e-07
geometry_dropout,test_seen,2192,val:2009_004721:part_48,2009_004721,cat,nose,nose,0.0,0.0,0.03846153989434242,0.0012316069332882762,0.026153564453125,0.994140625,0.0
geometry_dropout,test_seen,2193,val:2009_004721:part_49,2009_004721,cat,paw,paw,0.5082339644432068,0.6739457845687866,0.19336670637130737,0.06858105957508087,0.99072265625,1.0,2.384185791015625e-07
geometry_dropout,test_seen,2194,val:2009_004721:part_50,2009_004721,cat,ear,ear,0.5207468867301941,0.6848567724227905,0.28838175535202026,0.016270175576210022,0.0006213188171386719,0.96728515625,0.0
geometry_dropout,test_seen,2195,val:2009_004730:part_109,2009_004730,train,head,head,0.0,0.0,0.41898149251937866,0.0009270704467780888,1.0,1.0,0.95556640625
geometry_dropout,test_seen,2196,val:2009_004730:part_111,2009_004730,train,side,side,0.6931663155555725,0.8187811374664307,0.27594396471977234,0.995673656463623,1.0,1.0,0.0604248046875
geometry_dropout,test_seen,2197,val:2009_004730:part_114,2009_004730,train,coach,coach,0.0,0.0,0.2101636528968811,0.0006180469645187259,1.0,1.0,0.90087890625
geometry_dropout,test_seen,2198,val:2009_004732:part_22,2009_004732,bus,wheel,wheel,0.5569620132446289,0.7154471278190613,0.1654929518699646,0.01648961380124092,0.99853515625,1.0,8.881092071533203e-06
geometry_dropout,test_seen,2199,val:2009_004732:part_23,2009_004732,bus,headlight,headlight,0.032608695328235626,0.06315789371728897,0.20661157369613647,0.00340891070663929,1.0,1.0,0.137939453125
geometry_dropout,test_seen,2200,val:2009_004732:part_24,2009_004732,bus,front,front,0.5404607057571411,0.7016870975494385,0.09142515808343887,0.14816869795322418,1.0,1.0,0.8779296875
geometry_dropout,test_seen,2201,val:2009_004732:part_25,2009_004732,bus,side,side,0.5163442492485046,0.6810382604598999,0.15907274186611176,0.3240843415260315,1.0,1.0,0.0604248046875
geometry_dropout,test_seen,2202,val:2009_004732:part_28,2009_004732,bus,mirror,mirror,0.0,0.0,0.0,0.01704455353319645,0.84912109375,1.0,4.231929779052734e-06
geometry_dropout,test_seen,2203,val:2009_004732:part_30,2009_004732,bus,door,door,0.2606382966041565,0.4135020971298218,0.0036416605580598116,0.07903916388750076,0.15771484375,0.998046875,0.0
geometry_dropout,test_seen,2204,val:2009_004732:part_31,2009_004732,bus,window,window,0.4046842157840729,0.5761924386024475,0.04308797046542168,0.29332488775253296,1.0,1.0,0.327880859375
geometry_dropout,test_seen,2205,val:2009_004738:part_83,2009_004738,person,head,head,0.5169660449028015,0.6815789341926575,0.23759791254997253,0.24512353539466858,1.0,1.0,0.95556640625
geometry_dropout,test_seen,2206,val:2009_004738:part_85,2009_004738,person,torso,torso,0.42352941632270813,0.5950413346290588,0.04973822087049484,0.30234071612358093,1.0,1.0,0.96630859375
geometry_dropout,test_seen,2207,val:2009_004738:part_87,2009_004738,person,leg,leg,0.19675925374031067,0.3288201093673706,0.17464424669742584,0.16970090568065643,0.9990234375,1.0,9.5367431640625e-07
geometry_dropout,test_seen,2208,val:2009_004738:part_88,2009_004738,person,foot,foot,0.028901733458042145,0.056179776787757874,0.3692307770252228,0.031209362670779228,0.99462890625,1.0,2.384185791015625e-07
geometry_dropout,test_seen,2209,val:2009_004738:part_94,2009_004738,person,lower arm,lower arm,0.045627377927303314,0.08727272599935532,0.27411168813705444,0.10143043100833893,0.525390625,1.0,0.0
geometry_dropout,test_seen,2210,val:2009_004738:part_95,2009_004738,person,upper arm,upper arm,0.21921922266483307,0.35960590839385986,0.12608695030212402,0.11443433165550232,0.06964111328125,0.99853515625,0.0
geometry_dropout,test_seen,2211,val:2009_004738:part_96,2009_004738,person,hand,hand,0.0,0.0,0.1018867939710617,0.020806241780519485,0.99755859375,1.0,4.756450653076172e-05
geometry_dropout,test_seen,2212,val:2009_004789:part_22,2009_004789,bus,wheel,wheel,0.7579461932182312,0.8623087406158447,0.025018395856022835,0.06446266919374466,0.99853515625,1.0,8.881092071533203e-06
geometry_dropout,test_seen,2213,val:2009_004789:part_23,2009_004789,bus,headlight,headlight,0.0,0.0,0.11711711436510086,0.004419325850903988,1.0,1.0,0.137939453125
geometry_dropout,test_seen,2214,val:2009_004789:part_24,2009_004789,bus,front,front,0.34511059522628784,0.5131334066390991,0.07544543594121933,0.10563889145851135,1.0,1.0,0.8779296875
geometry_dropout,test_seen,2215,val:2009_004789:part_25,2009_004789,bus,side,side,0.7012965679168701,0.824425995349884,0.08232654631137848,0.3885607421398163,1.0,1.0,0.0604248046875
geometry_dropout,test_seen,2216,val:2009_004789:part_28,2009_004789,bus,mirror,mirror,0.18709677457809448,0.31521740555763245,0.0,0.003909403923898935,0.84912109375,1.0,4.231929779052734e-06
geometry_dropout,test_seen,2217,val:2009_004789:part_31,2009_004789,bus,window,window,0.4299846887588501,0.601383626461029,0.01886347495019436,0.1555262804031372,1.0,1.0,0.327880859375
geometry_dropout,test_seen,2218,val:2009_004799:part_108,2009_004799,train,headlight,headlight,0.0,0.0,0.0,0.014257939532399178,1.0,1.0,0.137939453125
geometry_dropout,test_seen,2219,val:2009_004799:part_114,2009_004799,train,coach,coach,0.48996415734291077,0.6576858162879944,0.10113780200481415,0.5562756657600403,1.0,1.0,0.90087890625
geometry_dropout,test_seen,2220,val:2009_004848:part_6,2009_004848,bicycle,wheel,wheel,0.0762711837887764,0.14173229038715363,0.8732919096946716,0.594629168510437,0.99853515625,1.0,8.881092071533203e-06
geometry_dropout,test_seen,2221,val:2009_004848:part_7,2009_004848,bicycle,saddle,saddle,0.13750000298023224,0.24175824224948883,0.8493150472640991,0.023017901927232742,1.0,1.0,0.1939697265625
geometry_dropout,test_seen,2222,val:2009_004848:part_8,2009_004848,bicycle,handlebar,handlebar,0.10726643353700638,0.19374999403953552,0.8107143044471741,0.10230179131031036,0.99951171875,1.0,0.076416015625
geometry_dropout,test_seen,2223,val:2009_004848:part_9,2009_004848,bicycle,chainwheel,chainwheel,0.1195652186870575,0.21359223127365112,0.7563636302947998,0.043478261679410934,0.8896484375,1.0,5.960464477539063e-08
geometry_dropout,test_seen,2224,val:2009_004859:part_83,2009_004859,person,head,head,0.6051762104034424,0.7540308833122253,0.0011080332333222032,0.16304348409175873,1.0,1.0,0.95556640625
geometry_dropout,test_seen,2225,val:2009_004859:part_84,2009_004859,person,eye,eye,0.1818181872367859,0.3076923191547394,0.0,0.007638073060661554,0.95703125,1.0,3.516674041748047e-06
geometry_dropout,test_seen,2226,val:2009_004859:part_85,2009_004859,person,torso,torso,0.5068387389183044,0.6727179288864136,0.14387895166873932,0.3237367868423462,1.0,1.0,0.96630859375
geometry_dropout,test_seen,2227,val:2009_004859:part_87,2009_004859,person,leg,leg,0.7129533886909485,0.8324258923530579,0.04328523948788643,0.11045828461647034,0.9990234375,1.0,9.5367431640625e-07
geometry_dropout,test_seen,2228,val:2009_004859:part_89,2009_004859,person,nose,nose,0.2638036906719208,0.41747573018074036,0.0,0.0064629847183823586,0.026153564453125,0.994140625,0.0
geometry_dropout,test_seen,2229,val:2009_004859:part_90,2009_004859,person,ear,ear,0.367441862821579,0.5374149680137634,0.37560975551605225,0.013072855770587921,0.0006213188171386719,0.96728515625,0.0
geometry_dropout,test_seen,2230,val:2009_004859:part_91,2009_004859,person,eyebrow,eyebrow,0.06338027864694595,0.1192052960395813,0.0,0.0017626321641728282,0.0008230209350585938,0.5947265625,0.0
geometry_dropout,test_seen,2231,val:2009_004859:part_92,2009_004859,person,mouth,mouth,0.125,0.2222222238779068,0.0,0.0022032903507351875,1.0,1.0,0.48486328125
geometry_dropout,test_seen,2232,val:2009_004859:part_93,2009_004859,person,hair,hair,0.594245433807373,0.7454880475997925,0.23354430496692657,0.1667156219482422,1.0,1.0,0.927734375
geometry_dropout,test_seen,2233,val:2009_004859:part_94,2009_004859,person,lower arm,lower arm,0.6568889021873474,0.7929184436798096,0.00749063678085804,0.11692126840353012,0.525390625,1.0,0.0
geometry_dropout,test_seen,2234,val:2009_004859:part_95,2009_004859,person,upper arm,upper arm,0.2938816547393799,0.4542635679244995,0.1411042958498001,0.0458284355700016,0.06964111328125,0.99853515625,0.0
geometry_dropout,test_seen,2235,val:2009_004859:part_96,2009_004859,person,hand,hand,0.47589099407196045,0.6448863744735718,0.07127882540225983,0.0333431251347065,0.99755859375,1.0,4.756450653076172e-05
geometry_dropout,test_seen,2236,val:2009_004867:part_22,2009_004867,bus,wheel,wheel,0.45226916670799255,0.6228448152542114,0.12794612348079681,0.021508146077394485,0.99853515625,1.0,8.881092071533203e-06
geometry_dropout,test_seen,2237,val:2009_004867:part_23,2009_004867,bus,headlight,headlight,0.07158351689577103,0.13360324501991272,0.009146341122686863,0.01068967767059803,1.0,1.0,0.137939453125
geometry_dropout,test_seen,2238,val:2009_004867:part_24,2009_004867,bus,front,front,0.6631609797477722,0.7974705696105957,0.09414870291948318,0.29409492015838623,1.0,1.0,0.8779296875
geometry_dropout,test_seen,2239,val:2009_004867:part_25,2009_004867,bus,side,side,0.4378430247306824,0.6090275645256042,0.08365242928266525,0.23755554854869843,1.0,1.0,0.0604248046875
geometry_dropout,test_seen,2240,val:2009_004867:part_28,2009_004867,bus,mirror,mirror,0.5314685106277466,0.6940639019012451,0.03978779911994934,0.01803078129887581,0.84912109375,1.0,4.231929779052734e-06
geometry_dropout,test_seen,2241,val:2009_004867:part_30,2009_004867,bus,door,door,0.4974164664745331,0.6643662452697754,0.04384426400065422,0.09633588790893555,0.15771484375,0.998046875,0.0
geometry_dropout,test_seen,2242,val:2009_004867:part_31,2009_004867,bus,window,window,0.6526803374290466,0.7898446321487427,0.022127432748675346,0.32094791531562805,1.0,1.0,0.327880859375
geometry_dropout,test_seen,2243,val:2009_004882:part_6,2009_004882,bicycle,wheel,wheel,0.13569039106369019,0.23895667493343353,0.7981029748916626,0.6042923927307129,0.99853515625,1.0,8.881092071533203e-06
geometry_dropout,test_seen,2244,val:2009_004882:part_7,2009_004882,bicycle,saddle,saddle,0.07999999821186066,0.14814814925193787,0.7916666865348816,0.02012072503566742,1.0,1.0,0.1939697265625
geometry_dropout,test_seen,2245,val:2009_004882:part_8,2009_004882,bicycle,handlebar,handlebar,0.0,0.0,1.0,0.04292421042919159,0.99951171875,1.0,0.076416015625
geometry_dropout,test_seen,2246,val:2009_004882:part_9,2009_004882,bicycle,chainwheel,chainwheel,0.21794871985912323,0.35789474844932556,0.5853658318519592,0.036217302083969116,0.8896484375,1.0,5.960464477539063e-08
geometry_dropout,test_seen,2247,val:2009_004942:part_70,2009_004942,horse,tail,tail,0.19880715012550354,0.3316749632358551,0.4670846462249756,0.02221032977104187,0.986328125,1.0,6.556510925292969e-07
geometry_dropout,test_seen,2248,val:2009_004942:part_71,2009_004942,horse,head,head,0.5142857432365417,0.6792452931404114,0.027619047090411186,0.05762197822332382,1.0,1.0,0.95556640625
geometry_dropout,test_seen,2249,val:2009_004942:part_72,2009_004942,horse,eye,eye,0.1666666716337204,0.2857142984867096,0.3103448152542114,0.002319150837138295,0.95703125,1.0,3.516674041748047e-06
geometry_dropout,test_seen,2250,val:2009_004942:part_73,2009_004942,horse,torso,torso,0.7883366346359253,0.8816423416137695,0.06536650657653809,0.5403621196746826,1.0,1.0,0.96630859375
geometry_dropout,test_seen,2251,val:2009_004942:part_74,2009_004942,horse,neck,neck,0.49761903285980225,0.6645469069480896,0.02133580669760704,0.07216127216815948,1.0,1.0,0.96630859375
geometry_dropout,test_seen,2252,val:2009_004942:part_75,2009_004942,horse,leg,leg,0.4309749901294708,0.6023515462875366,0.3713061213493347,0.19632503390312195,0.9990234375,1.0,9.5367431640625e-07
geometry_dropout,test_seen,2253,val:2009_004942:part_76,2009_004942,horse,ear,ear,0.034267913550138474,0.0662650614976883,0.0984455943107605,0.012398537248373032,0.0006213188171386719,0.96728515625,0.0
geometry_dropout,test_seen,2254,val:2009_004942:part_77,2009_004942,horse,muzzle,muzzle,0.638932466506958,0.7796934843063354,0.0,0.03978235647082329,0.982421875,1.0,3.4570693969726562e-06
geometry_dropout,test_seen,2255,val:2009_004942:part_78,2009_004942,horse,hoof,hoof,0.3476070463657379,0.5158878564834595,0.43015214800834656,0.030951743945479393,0.560546875,1.0,0.0
geometry_dropout,test_seen,2256,val:2009_004969:part_0,2009_004969,aeroplane,body,body,0.5434683561325073,0.7042170166969299,0.2174903154373169,0.6173508763313293,1.0,1.0,0.94677734375
geometry_dropout,test_seen,2257,val:2009_004969:part_1,2009_004969,aeroplane,stern,stern,0.34609249234199524,0.5142180323600769,0.0920502096414566,0.15620966255664825,1.0,1.0,0.11859130859375
geometry_dropout,test_seen,2258,val:2009_004969:part_2,2009_004969,aeroplane,wing,wing,0.28652215003967285,0.4454212486743927,0.021864211186766624,0.12806609272956848,0.98779296875,1.0,1.3649463653564453e-05
geometry_dropout,test_seen,2259,val:2009_004969:part_5,2009_004969,aeroplane,wheel,wheel,0.5792951583862305,0.7336122989654541,0.40625,0.06945520639419556,0.99853515625,1.0,8.881092071533203e-06
geometry_dropout,test_seen,2260,val:2009_004987:part_83,2009_004987,person,head,head,0.7739130258560181,0.8725489974021912,0.106451615691185,0.1959766447544098,1.0,1.0,0.95556640625
geometry_dropout,test_seen,2261,val:2009_004987:part_84,2009_004987,person,eye,eye,0.0,0.0,0.0,0.0012978585436940193,0.95703125,1.0,3.516674041748047e-06
geometry_dropout,test_seen,2262,val:2009_004987:part_85,2009_004987,person,torso,torso,0.08405797183513641,0.15508021414279938,0.14173229038715363,0.16028553247451782,1.0,1.0,0.96630859375
geometry_dropout,test_seen,2263,val:2009_004987:part_86,2009_004987,person,neck,neck,0.0,0.0,0.0,0.006489292718470097,1.0,1.0,0.96630859375
geometry_dropout,test_seen,2264,val:2009_004987:part_87,2009_004987,person,leg,leg,0.3362474739551544,0.5032712817192078,0.3450210392475128,0.3640493154525757,0.9990234375,1.0,9.5367431640625e-07
geometry_dropout,test_seen,2265,val:2009_004987:part_88,2009_004987,person,foot,foot,0.025423727929592133,0.04958677664399147,0.8928571343421936,0.06035042181611061,0.99462890625,1.0,2.384185791015625e-07
geometry_dropout,test_seen,2266,val:2009_004987:part_89,2009_004987,person,nose,nose,0.0,0.0,0.0,0.0012978585436940193,0.026153564453125,0.994140625,0.0
geometry_dropout,test_seen,2267,val:2009_004987:part_94,2009_004987,person,lower arm,lower arm,0.3583333194255829,0.5276073813438416,0.38785046339035034,0.07268007844686508,0.525390625,1.0,0.0
geometry_dropout,test_seen,2268,val:2009_004987:part_95,2009_004987,person,upper arm,upper arm,0.0,0.0,0.0,0.0791693702340126,0.06964111328125,0.99853515625,0.0
geometry_dropout,test_seen,2269,val:2009_004987:part_96,2009_004987,person,hand,hand,0.10000000149011612,0.1818181872367859,0.8227847814559937,0.03309539332985878,0.99755859375,1.0,4.756450653076172e-05
geometry_dropout,test_seen,2270,val:2009_004993:part_115,2009_004993,tvmonitor,screen,screen,0.5642977952957153,0.7214710712432861,0.0,0.1889527589082718,1.0,1.0,0.98779296875
geometry_dropout,test_seen,2271,val:2009_005038:part_20,2009_005038,bottle,body,body,0.6833215951919556,0.8118728995323181,0.2881658971309662,0.9285046458244324,1.0,1.0,0.94677734375
geometry_dropout,test_seen,2272,val:2009_005038:part_21,2009_005038,bottle,cap,cap,0.0,0.0,1.0,0.03130841255187988,1.0,1.0,0.453125
geometry_dropout,test_seen,2273,val:2009_005078:part_83,2009_005078,person,head,head,0.2976190447807312,0.4587155878543854,0.539393961429596,0.24215246737003326,1.0,1.0,0.95556640625
geometry_dropout,test_seen,2274,val:2009_005078:part_85,2009_005078,person,torso,torso,0.10294117778539658,0.18666666746139526,0.1071428582072258,0.028400598093867302,1.0,1.0,0.96630859375
geometry_dropout,test_seen,2275,val:2009_005078:part_87,2009_005078,person,leg,leg,0.32015809416770935,0.485029935836792,0.22857142984867096,0.3423019349575043,0.9990234375,1.0,9.5367431640625e-07
geometry_dropout,test_seen,2276,val:2009_005078:part_88,2009_005078,person,foot,foot,0.15189872682094574,0.2637362778186798,0.4893617033958435,0.06576980650424957,0.99462890625,1.0,2.384185791015625e-07
geometry_dropout,test_seen,2277,val:2009_005078:part_94,2009_005078,person,lower arm,lower arm,0.2276119440793991,0.37082067131996155,0.2151394486427307,0.1165919303894043,0.525390625,1.0,0.0
geometry_dropout,test_seen,2278,val:2009_005078:part_95,2009_005078,person,upper arm,upper arm,0.012269938364624977,0.024242423474788666,0.2230769246816635,0.05231688916683197,0.06964111328125,0.99853515625,0.0
geometry_dropout,test_seen,2279,val:2009_005078:part_96,2009_005078,person,hand,hand,0.29032257199287415,0.44999998807907104,0.03478260710835457,0.06726457178592682,0.99755859375,1.0,4.756450653076172e-05
geometry_dropout,test_seen,2280,val:2009_005087:part_83,2009_005087,person,head,head,0.15441176295280457,0.2675159275531769,0.0,0.12737642228603363,1.0,1.0,0.95556640625
geometry_dropout,test_seen,2281,val:2009_005087:part_85,2009_005087,person,torso,torso,0.0,0.0,0.8648648858070374,0.03707224503159523,1.0,1.0,0.96630859375
geometry_dropout,test_seen,2282,val:2009_005087:part_87,2009_005087,person,leg,leg,0.5260047316551208,0.68938809633255,0.3185185194015503,0.5855513215065002,0.9990234375,1.0,9.5367431640625e-07
geometry_dropout,test_seen,2283,val:2009_005087:part_88,2009_005087,person,foot,foot,0.02688172087073326,0.052356019616127014,0.8510638475418091,0.13688212633132935,0.99462890625,1.0,2.384185791015625e-07
geometry_dropout,test_seen,2284,val:2009_005087:part_90,2009_005087,person,ear,ear,0.0,0.0,0.0,0.008555132895708084,0.0006213188171386719,0.96728515625,0.0
geometry_dropout,test_seen,2285,val:2009_005087:part_93,2009_005087,person,hair,hair,0.0,0.0,0.0,0.028517110273241997,1.0,1.0,0.927734375
geometry_dropout,test_seen,2286,val:2009_005087:part_95,2009_005087,person,upper arm,upper arm,0.457446813583374,0.6277372241020203,0.43421053886413574,0.057984791696071625,0.06964111328125,0.99853515625,0.0
geometry_dropout,test_seen,2287,val:2009_005148:part_114,2009_005148,train,coach,coach,0.8651177883148193,0.9276816844940186,0.12877383828163147,0.9945679306983948,1.0,1.0,0.90087890625
geometry_dropout,test_seen,2288,val:2009_005156:part_6,2009_005156,bicycle,wheel,wheel,0.03657262399792671,0.07056451588869095,0.8809523582458496,0.46360424160957336,0.99853515625,1.0,8.881092071533203e-06
geometry_dropout,test_seen,2289,val:2009_005156:part_7,2009_005156,bicycle,saddle,saddle,0.2830188572406769,0.44117647409439087,0.6993988156318665,0.1279151886701584,1.0,1.0,0.1939697265625
geometry_dropout,test_seen,2290,val:2009_005156:part_8,2009_005156,bicycle,handlebar,handlebar,0.18039216101169586,0.3056478500366211,0.7757437229156494,0.11660777032375336,0.99951171875,1.0,0.076416015625
geometry_dropout,test_seen,2291,val:2009_005156:part_9,2009_005156,bicycle,chainwheel,chainwheel,0.08171205967664719,0.15107913315296173,0.8035714030265808,0.07773851603269577,0.8896484375,1.0,5.960464477539063e-08
geometry_dropout,test_seen,2292,val:2009_005158:part_43,2009_005158,cat,head,head,0.6516318321228027,0.7890763878822327,0.07428144663572311,0.26712527871131897,1.0,1.0,0.95556640625
geometry_dropout,test_seen,2293,val:2009_005158:part_44,2009_005158,cat,eye,eye,0.3803921639919281,0.5511363744735718,0.0,0.016393441706895828,0.95703125,1.0,3.516674041748047e-06
geometry_dropout,test_seen,2294,val:2009_005158:part_45,2009_005158,cat,torso,torso,0.7231104373931885,0.8393083214759827,0.02718062698841095,0.4487704932689667,1.0,1.0,0.96630859375
geometry_dropout,test_seen,2295,val:2009_005158:part_46,2009_005158,cat,neck,neck,0.43917709589004517,0.6103169918060303,0.0043196543119847775,0.0999707281589508,1.0,1.0,0.96630859375
geometry_dropout,test_seen,2296,val:2009_005158:part_47,2009_005158,cat,leg,leg,0.19074778258800507,0.3203831911087036,0.0533333346247673,0.04449648782610893,0.9990234375,1.0,9.5367431640625e-07
geometry_dropout,test_seen,2297,val:2009_005158:part_48,2009_005158,cat,nose,nose,0.21978022158145905,0.36036035418510437,0.0,0.005854800809174776,0.026153564453125,0.994140625,0.0
geometry_dropout,test_seen,2298,val:2009_005158:part_49,2009_005158,cat,paw,paw,0.31416550278663635,0.47812166810035706,0.2706872224807739,0.032786883413791656,0.99072265625,1.0,2.384185791015625e-07
geometry_dropout,test_seen,2299,val:2009_005158:part_50,2009_005158,cat,ear,ear,0.5579897165298462,0.7162944674491882,0.36161336302757263,0.07172130793333054,0.0006213188171386719,0.96728515625,0.0
geometry_dropout,test_seen,2300,val:2009_005189:part_0,2009_005189,aeroplane,body,body,0.5186590552330017,0.6830487251281738,0.12420786172151566,0.35581496357917786,1.0,1.0,0.94677734375
geometry_dropout,test_seen,2301,val:2009_005189:part_1,2009_005189,aeroplane,stern,stern,0.4308300316333771,0.6022099256515503,0.36045196652412415,0.24340683221817017,1.0,1.0,0.11859130859375
geometry_dropout,test_seen,2302,val:2009_005189:part_2,2009_005189,aeroplane,wing,wing,0.11348836869001389,0.20384293794631958,0.571212887763977,0.1759619563817978,0.98779296875,1.0,1.3649463653564453e-05
geometry_dropout,test_seen,2303,val:2009_005189:part_4,2009_005189,aeroplane,engine,engine,0.36125126481056213,0.5307635068893433,0.37448978424072266,0.1595330685377121,0.9951171875,1.0,2.300739288330078e-05
geometry_dropout,test_seen,2304,val:2009_005189:part_5,2009_005189,aeroplane,wheel,wheel,0.1278538852930069,0.2267206460237503,0.6476190686225891,0.0159965418279171,0.99853515625,1.0,8.881092071533203e-06
geometry_dropout,test_seen,2305,val:2009_005190:part_20,2009_005190,bottle,body,body,0.6873037219047546,0.8146769404411316,0.20575112104415894,0.8519784808158875,1.0,1.0,0.94677734375
geometry_dropout,test_seen,2306,val:2009_005190:part_21,2009_005190,bottle,cap,cap,0.45064377784729004,0.6213017702102661,0.43617022037506104,0.07327796518802643,1.0,1.0,0.453125
geometry_dropout,test_seen,2307,val:2009_005217:part_85,2009_005217,person,torso,torso,0.39434364438056946,0.5656333565711975,0.13879209756851196,0.3044072389602661,1.0,1.0,0.96630859375
geometry_dropout,test_seen,2308,val:2009_005217:part_87,2009_005217,person,leg,leg,0.4061640202999115,0.5776907801628113,0.4259028732776642,0.32422274351119995,0.9990234375,1.0,9.5367431640625e-07
geometry_dropout,test_seen,2309,val:2009_005217:part_88,2009_005217,person,foot,foot,0.0,0.0,1.0,0.021182097494602203,0.99462890625,1.0,2.384185791015625e-07
geometry_dropout,test_seen,2310,val:2009_005217:part_94,2009_005217,person,lower arm,lower arm,0.4680306911468506,0.6376306414604187,0.024752475321292877,0.18517252802848816,0.525390625,1.0,0.0
geometry_dropout,test_seen,2311,val:2009_005217:part_95,2009_005217,person,upper arm,upper arm,0.37071651220321655,0.5409091114997864,0.04271632060408592,0.1390502154827118,0.06964111328125,0.99853515625,0.0
geometry_dropout,test_seen,2312,val:2009_005217:part_96,2009_005217,person,hand,hand,0.1094527393579483,0.19730941951274872,0.3333333432674408,0.007516228128224611,0.99755859375,1.0,4.756450653076172e-05
geometry_dropout,test_seen,2313,val:2009_005219:part_42,2009_005219,cat,tail,tail,0.17489270865917206,0.29771688580513,0.09876543283462524,0.029973553493618965,0.986328125,1.0,6.556510925292969e-07
geometry_dropout,test_seen,2314,val:2009_005219:part_43,2009_005219,cat,head,head,0.719375491142273,0.8367869853973389,0.08131416887044907,0.2732882797718048,1.0,1.0,0.95556640625
geometry_dropout,test_seen,2315,val:2009_005219:part_44,2009_005219,cat,eye,eye,0.31380751729011536,0.47770699858665466,0.0,0.01733764261007309,0.95703125,1.0,3.516674041748047e-06
geometry_dropout,test_seen,2316,val:2009_005219:part_45,2009_005219,cat,torso,torso,0.49769142270088196,0.6646114587783813,0.12581762671470642,0.38010579347610474,1.0,1.0,0.96630859375
geometry_dropout,test_seen,2317,val:2009_005219:part_46,2009_005219,cat,neck,neck,0.3752039074897766,0.545670211315155,0.17491166293621063,0.04069938138127327,1.0,1.0,0.96630859375
geometry_dropout,test_seen,2318,val:2009_005219:part_47,2009_005219,cat,leg,leg,0.37272727489471436,0.5430463552474976,0.27906978130340576,0.07992947101593018,0.9990234375,1.0,9.5367431640625e-07
geometry_dropout,test_seen,2319,val:2009_005219:part_48,2009_005219,cat,nose,nose,0.29885056614875793,0.4601770043373108,0.0,0.008962679654359818,0.026153564453125,0.994140625,0.0
geometry_dropout,test_seen,2320,val:2009_005219:part_49,2009_005219,cat,paw,paw,0.0,0.0,1.0,0.02982662431895733,0.99072265625,1.0,2.384185791015625e-07
geometry_dropout,test_seen,2321,val:2009_005219:part_50,2009_005219,cat,ear,ear,0.6555839776992798,0.7919670343399048,0.13741134107112885,0.11960035562515259,0.0006213188171386719,0.96728515625,0.0
geometry_dropout,test_seen,2322,val:2009_005220:part_109,2009_005220,train,head,head,0.1964285671710968,0.3283582031726837,0.4522612988948822,0.05330929532647133,1.0,1.0,0.95556640625
geometry_dropout,test_seen,2323,val:2009_005220:part_110,2009_005220,train,front,front,0.8163690567016602,0.898902177810669,0.09824352711439133,0.4711134135723114,1.0,1.0,0.8779296875
geometry_dropout,test_seen,2324,val:2009_005220:part_111,2009_005220,train,side,side,0.8347542881965637,0.9099357724189758,0.07187209278345108,0.46304404735565186,1.0,1.0,0.0604248046875
geometry_dropout,test_seen,2325,val:2009_005220:part_114,2009_005220,train,coach,coach,0.04268292710185051,0.08187134563922882,0.13049450516700745,0.007125074975192547,1.0,1.0,0.90087890625
geometry_dropout,test_seen,2326,val:2009_005231:part_22,2009_005231,bus,wheel,wheel,0.13824884593486786,0.24291497468948364,0.32474225759506226,0.02053467556834221,0.99853515625,1.0,8.881092071533203e-06
geometry_dropout,test_seen,2327,val:2009_005231:part_23,2009_005231,bus,headlight,headlight,0.0,0.0,0.1666666716337204,0.0027121270541101694,1.0,1.0,0.137939453125
geometry_dropout,test_seen,2328,val:2009_005231:part_24,2009_005231,bus,front,front,0.2900608479976654,0.44968554377555847,0.08805031329393387,0.061604030430316925,1.0,1.0,0.8779296875
geometry_dropout,test_seen,2329,val:2009_005231:part_25,2009_005231,bus,side,side,0.26289576292037964,0.4163380265235901,0.2106986939907074,0.31073227524757385,1.0,1.0,0.0604248046875
geometry_dropout,test_seen,2330,val:2009_005231:part_30,2009_005231,bus,door,door,0.2383233606815338,0.38491296768188477,0.0026007802225649357,0.10267338156700134,0.15771484375,0.998046875,0.0
geometry_dropout,test_seen,2331,val:2009_005231:part_31,2009_005231,bus,window,window,0.29872292280197144,0.4600256383419037,0.09116648137569427,0.22200697660446167,1.0,1.0,0.327880859375
geometry_dropout,test_seen,2332,val:2009_005302:part_20,2009_005302,bottle,body,body,0.19397462904453278,0.3249225318431854,0.17918676137924194,0.1058284193277359,1.0,1.0,0.94677734375
geometry_dropout,test_seen,2333,val:2009_005302:part_21,2009_005302,bottle,cap,cap,0.0,0.0,1.0,0.0030124427285045385,1.0,1.0,0.453125
geometry_dropout,test_seen,2334,val:2010_000038:part_70,2010_000038,horse,tail,tail,0.6821576952934265,0.8110508322715759,0.18361836671829224,0.1089438647031784,0.986328125,1.0,6.556510925292969e-07
geometry_dropout,test_seen,2335,val:2010_000038:part_71,2010_000038,horse,head,head,0.43248531222343445,0.6038251519203186,0.05870445445179939,0.028306374326348305,1.0,1.0,0.95556640625
geometry_dropout,test_seen,2336,val:2010_000038:part_72,2010_000038,horse,eye,eye,0.0,0.0,0.0,0.002140818163752556,0.95703125,1.0,3.516674041748047e-06
geometry_dropout,test_seen,2337,val:2010_000038:part_73,2010_000038,horse,torso,torso,0.6568751335144043,0.7929084300994873,0.060623668134212494,0.4794243574142456,1.0,1.0,0.96630859375
geometry_dropout,test_seen,2338,val:2010_000038:part_74,2010_000038,horse,neck,neck,0.6708464026451111,0.803001880645752,0.0014492754125967622,0.10811132192611694,1.0,1.0,0.96630859375
geometry_dropout,test_seen,2339,val:2010_000038:part_75,2010_000038,horse,leg,leg,0.3848569393157959,0.5558075308799744,0.41219156980514526,0.14426736533641815,0.9990234375,1.0,9.5367431640625e-07
geometry_dropout,test_seen,2340,val:2010_000038:part_76,2010_000038,horse,ear,ear,0.0,0.0,0.0,0.0032112274784594774,0.0006213188171386719,0.96728515625,0.0
geometry_dropout,test_seen,2341,val:2010_000038:part_77,2010_000038,horse,muzzle,muzzle,0.581632673740387,0.7354838848114014,0.08799999952316284,0.025570884346961975,0.982421875,1.0,3.4570693969726562e-06
geometry_dropout,test_seen,2342,val:2010_000038:part_78,2010_000038,horse,hoof,hoof,0.10958904027938843,0.1975308656692505,0.40740740299224854,0.01284490991383791,0.560546875,1.0,0.0
geometry_dropout,test_seen,2343,val:2010_000038:part_85,2010_000038,person,torso,torso,0.0,0.0,0.17595307528972626,0.005691519472748041,1.0,1.0,0.96630859375
geometry_dropout,test_seen,2344,val:2010_000065:part_6,2010_000065,bicycle,wheel,wheel,0.56456458568573,0.7216890454292297,0.3108522295951843,0.5794169902801514,0.99853515625,1.0,8.881092071533203e-06
geometry_dropout,test_seen,2345,val:2010_000083:part_6,2010_000083,bicycle,wheel,wheel,0.13846154510974884,0.2432432472705841,0.8164251446723938,0.5913621187210083,0.99853515625,1.0,8.881092071533203e-06
geometry_dropout,test_seen,2346,val:2010_000083:part_7,2010_000083,bicycle,saddle,saddle,0.0,0.0,0.0,0.023255813866853714,1.0,1.0,0.1939697265625
geometry_dropout,test_seen,2347,val:2010_000083:part_8,2010_000083,bicycle,handlebar,handlebar,0.0,0.0,1.0,0.019933555275201797,0.99951171875,1.0,0.076416015625
geometry_dropout,test_seen,2348,val:2010_000083:part_9,2010_000083,bicycle,chainwheel,chainwheel,0.0,0.0,0.0,0.08637873828411102,0.8896484375,1.0,5.960464477539063e-08
geometry_dropout,test_seen,2349,val:2010_000084:part_83,2010_000084,person,head,head,0.05780346691608429,0.10928961634635925,0.6097561120986938,0.046454768627882004,1.0,1.0,0.95556640625
geometry_dropout,test_seen,2350,val:2010_000084:part_84,2010_000084,person,eye,eye,0.0,0.0,0.0,0.0024449878837913275,0.95703125,1.0,3.516674041748047e-06
geometry_dropout,test_seen,2351,val:2010_000084:part_85,2010_000084,person,torso,torso,0.0,0.0,0.20540539920330048,0.18581907451152802,1.0,1.0,0.96630859375
geometry_dropout,test_seen,2352,val:2010_000084:part_89,2010_000084,person,nose,nose,0.0,0.0,0.0,0.004889975767582655,0.026153564453125,0.994140625,0.0
geometry_dropout,test_seen,2353,val:2010_000084:part_91,2010_000084,person,eyebrow,eyebrow,0.0,0.0,0.0,0.0024449878837913275,0.0008230209350585938,0.5947265625,0.0
geometry_dropout,test_seen,2354,val:2010_000084:part_92,2010_000084,person,mouth,mouth,0.0,0.0,0.0,0.0024449878837913275,1.0,1.0,0.48486328125
geometry_dropout,test_seen,2355,val:2010_000084:part_93,2010_000084,person,hair,hair,0.0,0.0,0.9518072009086609,0.02200488932430744,1.0,1.0,0.927734375
geometry_dropout,test_seen,2356,val:2010_000084:part_94,2010_000084,person,lower arm,lower arm,0.0,0.0,0.3132530152797699,0.05378973111510277,0.525390625,1.0,0.0
geometry_dropout,test_seen,2357,val:2010_000084:part_95,2010_000084,person,upper arm,upper arm,0.0,0.0,0.1411764770746231,0.09046454727649689,0.06964111328125,0.99853515625,0.0
geometry_dropout,test_seen,2358,val:2010_000084:part_96,2010_000084,person,hand,hand,0.0,0.0,0.0,0.01955990307033062,0.99755859375,1.0,4.756450653076172e-05
geometry_dropout,test_seen,2359,val:2010_000110:part_83,2010_000110,person,head,head,0.0,0.0,0.9361022114753723,0.004548587370663881,1.0,1.0,0.95556640625
geometry_dropout,test_seen,2360,val:2010_000110:part_85,2010_000110,person,torso,torso,0.034246575087308884,0.06622516363859177,0.9514563083648682,0.006616126745939255,1.0,1.0,0.96630859375
geometry_dropout,test_seen,2361,val:2010_000110:part_90,2010_000110,person,ear,ear,0.0,0.0,1.0,0.0002755959867499769,0.0006213188171386719,0.96728515625,0.0
geometry_dropout,test_seen,2362,val:2010_000163:part_42,2010_000163,cat,tail,tail,0.4059775769710541,0.5775021910667419,0.14833760261535645,0.05038478225469589,0.986328125,1.0,6.556510925292969e-07
geometry_dropout,test_seen,2363,val:2010_000163:part_43,2010_000163,cat,head,head,0.6969964504241943,0.8214471340179443,0.04780876636505127,0.11492667347192764,1.0,1.0,0.95556640625
geometry_dropout,test_seen,2364,val:2010_000163:part_44,2010_000163,cat,eye,eye,0.13636364042758942,0.23999999463558197,0.0,0.007768258918076754,0.95703125,1.0,3.516674041748047e-06
geometry_dropout,test_seen,2365,val:2010_000163:part_45,2010_000163,cat,torso,torso,0.7402780652046204,0.8507583737373352,0.04541455954313278,0.5029039978981018,1.0,1.0,0.96630859375
geometry_dropout,test_seen,2366,val:2010_000163:part_46,2010_000163,cat,neck,neck,0.48977136611938477,0.6575121283531189,0.02373417653143406,0.0439959354698658,1.0,1.0,0.96630859375
geometry_dropout,test_seen,2367,val:2010_000163:part_47,2010_000163,cat,leg,leg,0.6274146437644958,0.7710568904876709,0.03633449226617813,0.17474952340126038,0.9990234375,1.0,9.5367431640625e-07
geometry_dropout,test_seen,2368,val:2010_000163:part_48,2010_000163,cat,nose,nose,0.06912442296743393,0.12931033968925476,0.0,0.0025410193484276533,0.026153564453125,0.994140625,0.0
geometry_dropout,test_seen,2369,val:2010_000163:part_49,2010_000163,cat,paw,paw,0.3440134823322296,0.5119196772575378,0.23443223536014557,0.038042690604925156,0.99072265625,1.0,2.384185791015625e-07
geometry_dropout,test_seen,2370,val:2010_000163:part_50,2010_000163,cat,ear,ear,0.7315978407859802,0.8449974060058594,0.17867165803909302,0.06243647634983063,0.0006213188171386719,0.96728515625,0.0
geometry_dropout,test_seen,2371,val:2010_000174:part_83,2010_000174,person,head,head,0.06835637241601944,0.12796549499034882,0.08457249402999878,0.03007446974515915,1.0,1.0,0.95556640625
geometry_dropout,test_seen,2372,val:2010_000174:part_85,2010_000174,person,torso,torso,0.1563565582036972,0.2704296410083771,0.08867223560810089,0.24766087532043457,1.0,1.0,0.96630859375
geometry_dropout,test_seen,2373,val:2010_000174:part_87,2010_000174,person,leg,leg,0.5077160596847534,0.6734902858734131,0.19538187980651855,0.03952644765377045,0.9990234375,1.0,9.5367431640625e-07
geometry_dropout,test_seen,2374,val:2010_000174:part_89,2010_000174,person,nose,nose,0.0,0.0,0.2380952388048172,0.0019094902090728283,0.026153564453125,0.994140625,0.0
geometry_dropout,test_seen,2375,val:2010_000174:part_90,2010_000174,person,ear,ear,0.02923976629972458,0.05681818351149559,0.1515151560306549,0.00420087855309248,0.0006213188171386719,0.96728515625,0.0
geometry_dropout,test_seen,2376,val:2010_000174:part_92,2010_000174,person,mouth,mouth,0.0,0.0,0.0,9.547451190883294e-05,1.0,1.0,0.48486328125
geometry_dropout,test_seen,2377,val:2010_000174:part_93,2010_000174,person,hair,hair,0.4235444664955139,0.5950561761856079,0.15952733159065247,0.08315829932689667,1.0,1.0,0.927734375
geometry_dropout,test_seen,2378,val:2010_000174:part_94,2010_000174,person,lower arm,lower arm,0.48415622115135193,0.6524329781532288,0.0901077389717102,0.09480618685483932,0.525390625,1.0,0.0
geometry_dropout,test_seen,2379,val:2010_000174:part_95,2010_000174,person,upper arm,upper arm,0.440225750207901,0.6113288402557373,0.11470215767621994,0.11733817309141159,0.06964111328125,0.99853515625,0.0
geometry_dropout,test_seen,2380,val:2010_000174:part_96,2010_000174,person,hand,hand,0.5348571538925171,0.6969471573829651,0.33374083042144775,0.050124116241931915,0.99755859375,1.0,4.756450653076172e-05
geometry_dropout,test_seen,2381,val:2010_000238:part_0,2010_000238,aeroplane,body,body,0.8352272510528564,0.9102166891098022,0.10610366612672806,0.8651260733604431,1.0,1.0,0.94677734375
geometry_dropout,test_seen,2382,val:2010_000238:part_5,2010_000238,aeroplane,wheel,wheel,0.5657370686531067,0.7226462960243225,0.2740384638309479,0.02591036446392536,0.99853515625,1.0,8.881092071533203e-06
geometry_dropout,test_seen,2383,val:2010_000256:part_20,2010_000256,bottle,body,body,0.0,0.0,1.0,0.9768785834312439,1.0,1.0,0.94677734375
geometry_dropout,test_seen,2384,val:2010_000256:part_21,2010_000256,bottle,cap,cap,0.0,0.0,0.0,0.023121386766433716,1.0,1.0,0.453125
geometry_dropout,test_seen,2385,val:2010_000284:part_97,2010_000284,pottedplant,pot,pot,0.0,0.0,1.0,0.23404255509376526,0.99755859375,1.0,4.76837158203125e-06
geometry_dropout,test_seen,2386,val:2010_000284:part_98,2010_000284,pottedplant,plant,plant,0.08212560415267944,0.1517857164144516,0.8009950518608093,0.4893617033958435,1.0,1.0,0.6298828125
geometry_dropout,test_seen,2387,val:2010_000318:part_115,2010_000318,tvmonitor,screen,screen,0.4571365416049957,0.6274450421333313,0.007200720254331827,0.2755219638347626,1.0,1.0,0.98779296875
geometry_dropout,test_seen,2388,val:2010_000330:part_97,2010_000330,pottedplant,pot,pot,0.749958872795105,0.8571159839630127,0.18280106782913208,0.2836296856403351,0.99755859375,1.0,4.76837158203125e-06
geometry_dropout,test_seen,2389,val:2010_000330:part_98,2010_000330,pottedplant,plant,plant,0.6937669515609741,0.8191999793052673,0.24227161705493927,0.7122623920440674,1.0,1.0,0.6298828125
geometry_dropout,test_seen,2390,val:2010_000342:part_6,2010_000342,bicycle,wheel,wheel,0.05101010203361511,0.09706871956586838,0.807619035243988,0.6038028597831726,0.99853515625,1.0,8.881092071533203e-06
geometry_dropout,test_seen,2391,val:2010_000342:part_7,2010_000342,bicycle,saddle,saddle,0.2767857015132904,0.4335664212703705,0.711309552192688,0.036088474094867706,1.0,1.0,0.1939697265625
geometry_dropout,test_seen,2392,val:2010_000342:part_8,2010_000342,bicycle,handlebar,handlebar,0.15594059228897095,0.26980727910995483,0.813858687877655,0.07683352380990982,0.99951171875,1.0,0.076416015625
geometry_dropout,test_seen,2393,val:2010_000342:part_9,2010_000342,bicycle,chainwheel,chainwheel,0.34375,0.5116279125213623,0.4278728663921356,0.05820721760392189,0.8896484375,1.0,5.960464477539063e-08
geometry_dropout,test_seen,2394,val:2010_000426:part_20,2010_000426,bottle,body,body,0.9246387481689453,0.9608439207077026,0.06341483443975449,0.9944519400596619,1.0,1.0,0.94677734375
geometry_dropout,test_seen,2395,val:2010_000427:part_51,2010_000427,cow,tail,tail,0.299416184425354,0.46084722876548767,0.5667396187782288,0.0581279881298542,0.986328125,1.0,6.556510925292969e-07
geometry_dropout,test_seen,2396,val:2010_000427:part_52,2010_000427,cow,head,head,0.5470711588859558,0.7072346210479736,0.18095238506793976,0.06715407222509384,1.0,1.0,0.95556640625
geometry_dropout,test_seen,2397,val:2010_000427:part_53,2010_000427,cow,eye,eye,0.12280701845884323,0.21875,0.0,0.0014441736275330186,0.95703125,1.0,3.516674041748047e-06
geometry_dropout,test_seen,2398,val:2010_000427:part_54,2010_000427,cow,torso,torso,0.783848226070404,0.8788284063339233,0.10992013663053513,0.6941962242126465,1.0,1.0,0.96630859375
geometry_dropout,test_seen,2399,val:2010_000427:part_56,2010_000427,cow,leg,leg,0.30010566115379333,0.46166351437568665,0.3823953866958618,0.08294972777366638,0.9990234375,1.0,9.5367431640625e-07
geometry_dropout,test_seen,2400,val:2010_000427:part_57,2010_000427,cow,ear,ear,0.5160771608352661,0.6808059215545654,0.34797295928001404,0.03168155997991562,0.0006213188171386719,0.96728515625,0.0
geometry_dropout,test_seen,2401,val:2010_000427:part_58,2010_000427,cow,muzzle,muzzle,0.658595621585846,0.7941606044769287,0.027946537360548973,0.04937268793582916,0.982421875,1.0,3.4570693969726562e-06
geometry_dropout,test_seen,2402,val:2010_000552:part_42,2010_000552,cat,tail,tail,0.6119846105575562,0.7592933773994446,0.095732182264328,0.1781497299671173,0.986328125,1.0,6.556510925292969e-07
geometry_dropout,test_seen,2403,val:2010_000552:part_43,2010_000552,cat,head,head,0.45832446217536926,0.6285630464553833,0.04604840278625488,0.09394057095050812,1.0,1.0,0.95556640625
geometry_dropout,test_seen,2404,val:2010_000552:part_44,2010_000552,cat,eye,eye,0.07377049326896667,0.13740457594394684,0.0,0.0019895334262400866,0.95703125,1.0,3.516674041748047e-06
geometry_dropout,test_seen,2405,val:2010_000552:part_45,2010_000552,cat,torso,torso,0.37963980436325073,0.5503462553024292,0.06582225859165192,0.24319882690906525,1.0,1.0,0.96630859375
geometry_dropout,test_seen,2406,val:2010_000552:part_46,2010_000552,cat,neck,neck,0.04387754946947098,0.0840664729475975,0.018575850874185562,0.016305522993206978,1.0,1.0,0.96630859375
geometry_dropout,test_seen,2407,val:2010_000552:part_48,2010_000552,cat,nose,nose,0.13274335861206055,0.234375,0.0446428582072258,0.0006920116138644516,0.026153564453125,0.994140625,0.0
geometry_dropout,test_seen,2408,val:2010_000552:part_50,2010_000552,cat,ear,ear,0.43428951501846313,0.6055814027786255,0.040502794086933136,0.031054019927978516,0.0006213188171386719,0.96728515625,0.0
geometry_dropout,test_seen,2409,val:2010_000559:part_83,2010_000559,person,head,head,0.46200084686279297,0.6320117712020874,0.09982788562774658,0.14875145256519318,1.0,1.0,0.95556640625
geometry_dropout,test_seen,2410,val:2010_000559:part_85,2010_000559,person,torso,torso,0.7531068921089172,0.8591682314872742,0.05977437272667885,0.41537636518478394,1.0,1.0,0.96630859375
geometry_dropout,test_seen,2411,val:2010_000559:part_86,2010_000559,person,neck,neck,0.6143215894699097,0.7610895037651062,0.03153153136372566,0.05540141463279724,1.0,1.0,0.96630859375
geometry_dropout,test_seen,2412,val:2010_000559:part_89,2010_000559,person,nose,nose,0.2016129046678543,0.33557048439979553,0.03629032149910927,0.004475073888897896,0.026153564453125,0.994140625,0.0
geometry_dropout,test_seen,2413,val:2010_000559:part_90,2010_000559,person,ear,ear,0.5099337697029114,0.6754385828971863,0.0,0.0072496198117733,0.0006213188171386719,0.96728515625,0.0
geometry_dropout,test_seen,2414,val:2010_000559:part_92,2010_000559,person,mouth,mouth,0.4583333432674408,0.6285714507102966,0.0,0.005549091380089521,1.0,1.0,0.48486328125
geometry_dropout,test_seen,2415,val:2010_000559:part_93,2010_000559,person,hair,hair,0.2610313594341278,0.4139966368675232,0.10308709740638733,0.04994182288646698,1.0,1.0,0.927734375
geometry_dropout,test_seen,2416,val:2010_000559:part_94,2010_000559,person,lower arm,lower arm,0.06214689090847969,0.11702127754688263,0.07611548900604248,0.016378769651055336,0.525390625,1.0,0.0
geometry_dropout,test_seen,2417,val:2010_000559:part_95,2010_000559,person,upper arm,upper arm,0.5515308380126953,0.7109505534172058,0.1776103377342224,0.15573257207870483,0.06964111328125,0.99853515625,0.0
geometry_dropout,test_seen,2418,val:2010_000572:part_0,2010_000572,aeroplane,body,body,0.5380365252494812,0.6996408104896545,0.1853763461112976,0.46363312005996704,1.0,1.0,0.94677734375
geometry_dropout,test_seen,2419,val:2010_000572:part_1,2010_000572,aeroplane,stern,stern,0.7963978052139282,0.8866608738899231,0.15174129605293274,0.38982445001602173,1.0,1.0,0.11859130859375
geometry_dropout,test_seen,2420,val:2010_000572:part_2,2010_000572,aeroplane,wing,wing,0.359183669090271,0.5285285115242004,0.0,0.1454675793647766,0.98779296875,1.0,1.3649463653564453e-05
geometry_dropout,test_seen,2421,val:2010_000573:part_20,2010_000573,bottle,body,body,0.0,0.0,0.0,0.9770992398262024,1.0,1.0,0.94677734375
geometry_dropout,test_seen,2422,val:2010_000573:part_21,2010_000573,bottle,cap,cap,0.0,0.0,1.0,0.022900763899087906,1.0,1.0,0.453125
geometry_dropout,test_seen,2423,val:2010_000622:part_0,2010_000622,aeroplane,body,body,0.7110377550125122,0.8311187028884888,0.12197843194007874,0.47150012850761414,1.0,1.0,0.94677734375
geometry_dropout,test_seen,2424,val:2010_000622:part_1,2010_000622,aeroplane,stern,stern,0.733498752117157,0.8462639451026917,0.1877201795578003,0.3591700494289398,1.0,1.0,0.11859130859375
geometry_dropout,test_seen,2425,val:2010_000622:part_2,2010_000622,aeroplane,wing,wing,0.22535210847854614,0.36781609058380127,0.06809338182210922,0.043405674397945404,0.98779296875,1.0,1.3649463653564453e-05
geometry_dropout,test_seen,2426,val:2010_000622:part_4,2010_000622,aeroplane,engine,engine,0.42461198568344116,0.5961089730262756,0.08620689809322357,0.11280705779790878,0.9951171875,1.0,2.300739288330078e-05
geometry_dropout,test_seen,2427,val:2010_000622:part_5,2010_000622,aeroplane,wheel,wheel,0.16853933036327362,0.2884615361690521,0.0,0.010493679903447628,0.99853515625,1.0,8.881092071533203e-06
geometry_dropout,test_seen,2428,val:2010_000666:part_70,2010_000666,horse,tail,tail,0.22235433757305145,0.36381322145462036,0.7678355574607849,0.04585900157690048,0.986328125,1.0,6.556510925292969e-07
geometry_dropout,test_seen,2429,val:2010_000666:part_71,2010_000666,horse,head,head,0.48746517300605774,0.6554307341575623,0.15497076511383057,0.04380561411380768,1.0,1.0,0.95556640625
geometry_dropout,test_seen,2430,val:2010_000666:part_72,2010_000666,horse,eye,eye,0.0,0.0,0.0,0.0009126169024966657,0.95703125,1.0,3.516674041748047e-06
geometry_dropout,test_seen,2431,val:2010_000666:part_73,2010_000666,horse,torso,torso,0.5621486306190491,0.7197121381759644,0.1787727028131485,0.41250285506248474,1.0,1.0,0.96630859375
geometry_dropout,test_seen,2432,val:2010_000666:part_74,2010_000666,horse,neck,neck,0.6038011908531189,0.7529626488685608,0.20792078971862793,0.11202372610569,1.0,1.0,0.96630859375
geometry_dropout,test_seen,2433,val:2010_000666:part_75,2010_000666,horse,leg,leg,0.338247686624527,0.5055083632469177,0.6028558611869812,0.2135523557662964,0.9990234375,1.0,9.5367431640625e-07
geometry_dropout,test_seen,2434,val:2010_000666:part_76,2010_000666,horse,ear,ear,0.10447761416435242,0.18918919563293457,0.8113207817077637,0.004791238810867071,0.0006213188171386719,0.96728515625,0.0
geometry_dropout,test_seen,2435,val:2010_000666:part_77,2010_000666,horse,muzzle,muzzle,0.465753436088562,0.6355140209197998,0.40930232405662537,0.024184348061680794,0.982421875,1.0,3.4570693969726562e-06
geometry_dropout,test_seen,2436,val:2010_000666:part_78,2010_000666,horse,hoof,hoof,0.014851485379040241,0.02926829271018505,0.6863905191421509,0.00821355264633894,0.560546875,1.0,0.0
geometry_dropout,test_seen,2437,val:2010_000666:part_85,2010_000666,person,torso,torso,0.0,0.0,0.22285714745521545,0.012224938720464706,1.0,1.0,0.96630859375
geometry_dropout,test_seen,2438,val:2010_000666:part_86,2010_000666,person,neck,neck,0.0,0.0,0.9064748287200928,0.0036674817092716694,1.0,1.0,0.96630859375
geometry_dropout,test_seen,2439,val:2010_000679:part_83,2010_000679,person,head,head,0.0,0.0,0.0,0.02450980432331562,1.0,1.0,0.95556640625
geometry_dropout,test_seen,2440,val:2010_000679:part_85,2010_000679,person,torso,torso,0.0,0.0,0.5833333134651184,0.30392158031463623,1.0,1.0,0.96630859375
geometry_dropout,test_seen,2441,val:2010_000679:part_87,2010_000679,person,leg,leg,0.0,0.0,0.9038461446762085,0.10784313827753067,0.9990234375,1.0,9.5367431640625e-07
geometry_dropout,test_seen,2442,val:2010_000679:part_88,2010_000679,person,foot,foot,0.0,0.0,0.0,0.014705882407724857,0.99462890625,1.0,2.384185791015625e-07
geometry_dropout,test_seen,2443,val:2010_000679:part_90,2010_000679,person,ear,ear,0.0,0.0,0.0,0.0049019609577953815,0.0006213188171386719,0.96728515625,0.0
geometry_dropout,test_seen,2444,val:2010_000679:part_94,2010_000679,person,lower arm,lower arm,0.0,0.0,0.0,0.029411764815449715,0.525390625,1.0,0.0
geometry_dropout,test_seen,2445,val:2010_000679:part_95,2010_000679,person,upper arm,upper arm,0.0,0.0,0.0,0.03921568766236305,0.06964111328125,0.99853515625,0.0
geometry_dropout,test_seen,2446,val:2010_000683:part_42,2010_000683,cat,tail,tail,0.2340884506702423,0.37937062978744507,0.24016563594341278,0.03019643761217594,0.986328125,1.0,6.556510925292969e-07
geometry_dropout,test_seen,2447,val:2010_000683:part_43,2010_000683,cat,head,head,0.3054393231868744,0.46794870495796204,0.06455026566982269,0.0968935564160347,1.0,1.0,0.95556640625
geometry_dropout,test_seen,2448,val:2010_000683:part_44,2010_000683,cat,eye,eye,0.01702127605676651,0.033472802489995956,0.0,0.0003654636675491929,0.95703125,1.0,3.516674041748047e-06
geometry_dropout,test_seen,2449,val:2010_000683:part_45,2010_000683,cat,torso,torso,0.20627503097057343,0.34200331568717957,0.061762742698192596,0.08478757739067078,1.0,1.0,0.96630859375
geometry_dropout,test_seen,2450,val:2010_000683:part_46,2010_000683,cat,neck,neck,0.0,0.0,0.06493506580591202,0.0037460026796907187,1.0,1.0,0.96630859375
geometry_dropout,test_seen,2451,val:2010_000683:part_47,2010_000683,cat,leg,leg,0.32624849677085876,0.4919869601726532,0.02425691857933998,0.2169026881456375,0.9990234375,1.0,9.5367431640625e-07
geometry_dropout,test_seen,2452,val:2010_000683:part_48,2010_000683,cat,nose,nose,0.054347824305295944,0.10309278219938278,0.05263157933950424,0.0010507081169635057,0.026153564453125,0.994140625,0.0
geometry_dropout,test_seen,2453,val:2010_000683:part_49,2010_000683,cat,paw,paw,0.46887966990470886,0.6384180784225464,0.08723404258489609,0.010872544720768929,0.99072265625,1.0,2.384185791015625e-07
geometry_dropout,test_seen,2454,val:2010_000683:part_50,2010_000683,cat,ear,ear,0.27362367510795593,0.42967742681503296,0.10817506164312363,0.030973047018051147,0.0006213188171386719,0.96728515625,0.0
geometry_dropout,test_seen,2455,val:2010_000724:part_42,2010_000724,cat,tail,tail,0.3280943036079407,0.49408283829689026,0.5500982403755188,0.02669864147901535,0.986328125,1.0,6.556510925292969e-07
geometry_dropout,test_seen,2456,val:2010_000724:part_43,2010_000724,cat,head,head,0.6819002032279968,0.8108687996864319,0.09152752161026001,0.18864908814430237,1.0,1.0,0.95556640625
geometry_dropout,test_seen,2457,val:2010_000724:part_44,2010_000724,cat,eye,eye,0.06578947603702545,0.12345679104328156,0.0416666679084301,0.006714628078043461,0.95703125,1.0,3.516674041748047e-06
geometry_dropout,test_seen,2458,val:2010_000724:part_45,2010_000724,cat,torso,torso,0.6600531935691833,0.7952193021774292,0.12824708223342896,0.5159072875976562,1.0,1.0,0.96630859375
geometry_dropout,test_seen,2459,val:2010_000724:part_46,2010_000724,cat,neck,neck,0.14463840425014496,0.2527233064174652,0.0,0.042206235229969025,1.0,1.0,0.96630859375
geometry_dropout,test_seen,2460,val:2010_000724:part_47,2010_000724,cat,leg,leg,0.27470141649246216,0.4310051202774048,0.25015753507614136,0.1216626688838005,0.9990234375,1.0,9.5367431640625e-07
geometry_dropout,test_seen,2461,val:2010_000724:part_48,2010_000724,cat,nose,nose,0.05882352963089943,0.1111111119389534,0.5,0.0006394883967004716,0.026153564453125,0.994140625,0.0
geometry_dropout,test_seen,2462,val:2010_000724:part_49,2010_000724,cat,paw,paw,0.43624159693717957,0.6074766516685486,0.25287356972694397,0.0203037578612566,0.99072265625,1.0,2.384185791015625e-07
geometry_dropout,test_seen,2463,val:2010_000724:part_50,2010_000724,cat,ear,ear,0.4956521689891815,0.6627907156944275,0.09104258567094803,0.05611510947346687,0.0006213188171386719,0.96728515625,0.0
geometry_dropout,test_seen,2464,val:2010_000738:part_20,2010_000738,bottle,body,body,0.0,0.0,0.0,0.8285714387893677,1.0,1.0,0.94677734375
geometry_dropout,test_seen,2465,val:2010_000738:part_21,2010_000738,bottle,cap,cap,0.0,0.0,1.0,0.11428571492433548,1.0,1.0,0.453125
geometry_dropout,test_seen,2466,val:2010_000764:part_114,2010_000764,train,coach,coach,0.8455672264099121,0.9163223505020142,0.08633164316415787,0.924416720867157,1.0,1.0,0.90087890625
geometry_dropout,test_seen,2467,val:2010_000874:part_71,2010_000874,horse,head,head,0.19297537207603455,0.3235194683074951,0.055532701313495636,0.07305172085762024,1.0,1.0,0.95556640625
geometry_dropout,test_seen,2468,val:2010_000874:part_72,2010_000874,horse,eye,eye,0.0,0.0,0.0,0.001324411015957594,0.95703125,1.0,3.516674041748047e-06
geometry_dropout,test_seen,2469,val:2010_000874:part_73,2010_000874,horse,torso,torso,0.00335516850464046,0.006687898188829422,0.056401073932647705,0.04844556003808975,1.0,1.0,0.96630859375
geometry_dropout,test_seen,2470,val:2010_000874:part_75,2010_000874,horse,leg,leg,0.14976675808429718,0.2605167627334595,0.2336500883102417,0.07702495157718658,0.9990234375,1.0,9.5367431640625e-07
geometry_dropout,test_seen,2471,val:2010_000874:part_76,2010_000874,horse,ear,ear,0.1422976553440094,0.2491428554058075,0.15955983102321625,0.010316464118659496,0.0006213188171386719,0.96728515625,0.0
geometry_dropout,test_seen,2472,val:2010_000874:part_77,2010_000874,horse,muzzle,muzzle,0.26979324221611023,0.42494043707847595,0.1033591702580452,0.040638506412506104,0.982421875,1.0,3.4570693969726562e-06
geometry_dropout,test_seen,2473,val:2010_000874:part_78,2010_000874,horse,hoof,hoof,0.10476190596818924,0.18965516984462738,0.21244634687900543,0.007946466095745564,0.560546875,1.0,0.0
geometry_dropout,test_seen,2474,val:2010_000907:part_52,2010_000907,cow,head,head,0.6801242232322693,0.8096118569374084,0.05925925821065903,0.07517462968826294,1.0,1.0,0.95556640625
geometry_dropout,test_seen,2475,val:2010_000907:part_53,2010_000907,cow,eye,eye,0.0,0.0,0.0,0.00011087703751400113,0.95703125,1.0,3.516674041748047e-06
geometry_dropout,test_seen,2476,val:2010_000907:part_54,2010_000907,cow,torso,torso,0.6040688753128052,0.7531707286834717,0.025134388357400894,0.4869719445705414,1.0,1.0,0.96630859375
geometry_dropout,test_seen,2477,val:2010_000907:part_56,2010_000907,cow,leg,leg,0.2843385636806488,0.44277822971343994,0.09220872074365616,0.12584543228149414,0.9990234375,1.0,9.5367431640625e-07
geometry_dropout,test_seen,2478,val:2010_000907:part_57,2010_000907,cow,ear,ear,0.5346687436103821,0.6967871189117432,0.11470112949609756,0.041800644248723984,0.0006213188171386719,0.96728515625,0.0
geometry_dropout,test_seen,2479,val:2010_000907:part_58,2010_000907,cow,muzzle,muzzle,0.6196513175964355,0.7651663422584534,0.0,0.06663709878921509,0.982421875,1.0,3.4570693969726562e-06
geometry_dropout,test_seen,2480,val:2010_000929:part_83,2010_000929,person,head,head,0.0,0.0,1.0,0.21052631735801697,1.0,1.0,0.95556640625
geometry_dropout,test_seen,2481,val:2010_000929:part_85,2010_000929,person,torso,torso,0.0,0.0,0.9430894255638123,0.2368421107530594,1.0,1.0,0.96630859375
geometry_dropout,test_seen,2482,val:2010_000929:part_87,2010_000929,person,leg,leg,0.0555555559694767,0.10526315867900848,0.9430379867553711,0.34210526943206787,0.9990234375,1.0,9.5367431640625e-07
geometry_dropout,test_seen,2483,val:2010_000929:part_88,2010_000929,person,foot,foot,0.01785714365541935,0.035087719559669495,0.9464285969734192,0.02631578966975212,0.99462890625,1.0,2.384185791015625e-07
geometry_dropout,test_seen,2484,val:2010_000929:part_94,2010_000929,person,lower arm,lower arm,0.0,0.0,0.0,0.025641025975346565,0.525390625,1.0,0.0
geometry_dropout,test_seen,2485,val:2010_000929:part_95,2010_000929,person,upper arm,upper arm,0.0,0.0,1.0,0.18421052396297455,0.06964111328125,0.99853515625,0.0
geometry_dropout,test_seen,2486,val:2010_000941:part_43,2010_000941,cat,head,head,0.7002601027488708,0.8237093687057495,0.15224912762641907,0.1036958247423172,1.0,1.0,0.95556640625
geometry_dropout,test_seen,2487,val:2010_000941:part_44,2010_000941,cat,eye,eye,0.0555555559694767,0.10526315867900848,0.0,0.002304351655766368,0.95703125,1.0,3.516674041748047e-06
geometry_dropout,test_seen,2488,val:2010_000941:part_45,2010_000941,cat,torso,torso,0.7872982025146484,0.8809925317764282,0.06223176047205925,0.7201098799705505,1.0,1.0,0.96630859375
geometry_dropout,test_seen,2489,val:2010_000941:part_46,2010_000941,cat,neck,neck,0.2683469355106354,0.4231443703174591,0.0023391812574118376,0.07586634904146194,1.0,1.0,0.96630859375
geometry_dropout,test_seen,2490,val:2010_000941:part_47,2010_000941,cat,leg,leg,0.3501144051551819,0.5186440944671631,0.09198113530874252,0.014712398871779442,0.9990234375,1.0,9.5367431640625e-07
geometry_dropout,test_seen,2491,val:2010_000941:part_48,2010_000941,cat,nose,nose,0.0,0.0,0.0,0.0014180626021698117,0.026153564453125,0.994140625,0.0
geometry_dropout,test_seen,2492,val:2010_000941:part_49,2010_000941,cat,paw,paw,0.25630253553390503,0.4080267548561096,0.18433180451393127,0.007267570588737726,0.99072265625,1.0,2.384185791015625e-07
geometry_dropout,test_seen,2493,val:2010_000941:part_50,2010_000941,cat,ear,ear,0.3735294044017792,0.5438972115516663,0.44541484117507935,0.02109368145465851,0.0006213188171386719,0.96728515625,0.0
geometry_dropout,test_seen,2494,val:2010_001000:part_52,2010_001000,cow,head,head,0.4986376166343689,0.6654545664787292,0.1185363307595253,0.15967197716236115,1.0,1.0,0.95556640625
geometry_dropout,test_seen,2495,val:2010_001000:part_53,2010_001000,cow,eye,eye,0.15708811581134796,0.2715231776237488,0.01171875,0.002465562429279089,0.95703125,1.0,3.516674041748047e-06
geometry_dropout,test_seen,2496,val:2010_001000:part_54,2010_001000,cow,torso,torso,0.8388263583183289,0.9123497009277344,0.0630037859082222,0.5475156903266907,1.0,1.0,0.96630859375
geometry_dropout,test_seen,2497,val:2010_001000:part_55,2010_001000,cow,neck,neck,0.5165441036224365,0.6812121272087097,0.0014245014172047377,0.06399742513895035,1.0,1.0,0.96630859375
geometry_dropout,test_seen,2498,val:2010_001000:part_57,2010_001000,cow,ear,ear,0.7020663022994995,0.8249576687812805,0.18423694372177124,0.08307873457670212,0.0006213188171386719,0.96728515625,0.0
geometry_dropout,test_seen,2499,val:2010_001000:part_58,2010_001000,cow,muzzle,muzzle,0.6951348781585693,0.8201528787612915,0.050426892936229706,0.14273463189601898,0.982421875,1.0,3.4570693969726562e-06
geometry_dropout,test_seen,2500,val:2010_001010:part_52,2010_001010,cow,head,head,0.46666666865348816,0.6363636255264282,0.038504671305418015,0.18897059559822083,1.0,1.0,0.95556640625
geometry_dropout,test_seen,2501,val:2010_001010:part_53,2010_001010,cow,eye,eye,0.1304347813129425,0.23076923191547394,0.0,0.004705882165580988,0.95703125,1.0,3.516674041748047e-06
geometry_dropout,test_seen,2502,val:2010_001010:part_54,2010_001010,cow,torso,torso,0.42373886704444885,0.5952480435371399,0.12978650629520416,0.2716176509857178,1.0,1.0,0.96630859375
geometry_dropout,test_seen,2503,val:2010_001010:part_56,2010_001010,cow,leg,leg,0.33742332458496094,0.5045871734619141,0.4336283206939697,0.16750000417232513,0.9990234375,1.0,9.5367431640625e-07
geometry_dropout,test_seen,2504,val:2010_001010:part_57,2010_001010,cow,ear,ear,0.4101910889148712,0.5817524790763855,0.09663250297307968,0.06235294044017792,0.0006213188171386719,0.96728515625,0.0
geometry_dropout,test_seen,2505,val:2010_001010:part_58,2010_001010,cow,muzzle,muzzle,0.4682926833629608,0.6378737688064575,0.0,0.2398529350757599,0.982421875,1.0,3.4570693969726562e-06
geometry_dropout,test_seen,2506,val:2010_001017:part_0,2010_001017,aeroplane,body,body,0.5187617540359497,0.6831377148628235,0.2689655125141144,0.43648019433021545,1.0,1.0,0.94677734375
geometry_dropout,test_seen,2507,val:2010_001017:part_1,2010_001017,aeroplane,stern,stern,0.46418339014053345,0.6340509057044983,0.38869258761405945,0.13286712765693665,1.0,1.0,0.11859130859375
geometry_dropout,test_seen,2508,val:2010_001017:part_2,2010_001017,aeroplane,wing,wing,0.41913214325904846,0.5906879901885986,0.5073221921920776,0.28146854043006897,0.98779296875,1.0,1.3649463653564453e-05
geometry_dropout,test_seen,2509,val:2010_001017:part_4,2010_001017,aeroplane,engine,engine,0.2786259651184082,0.43582090735435486,0.19507186114788055,0.10664335638284683,0.9951171875,1.0,2.300739288330078e-05
geometry_dropout,test_seen,2510,val:2010_001024:part_0,2010_001024,aeroplane,body,body,0.5834799408912659,0.7369590401649475,0.16839788854122162,0.4555807113647461,1.0,1.0,0.94677734375
geometry_dropout,test_seen,2511,val:2010_001024:part_2,2010_001024,aeroplane,wing,wing,0.35485973954200745,0.5238324403762817,0.285051554441452,0.16128146648406982,0.98779296875,1.0,1.3649463653564453e-05
geometry_dropout,test_seen,2512,val:2010_001024:part_4,2010_001024,aeroplane,engine,engine,0.576748788356781,0.7315670847892761,0.17629997432231903,0.21780887246131897,0.9951171875,1.0,2.300739288330078e-05
geometry_dropout,test_seen,2513,val:2010_001036:part_83,2010_001036,person,head,head,0.0,0.0,0.5454545617103577,0.04545454680919647,1.0,1.0,0.95556640625
geometry_dropout,test_seen,2514,val:2010_001036:part_85,2010_001036,person,torso,torso,0.3047619163990021,0.46715328097343445,0.10389610379934311,0.16042780876159668,1.0,1.0,0.96630859375
geometry_dropout,test_seen,2515,val:2010_001036:part_87,2010_001036,person,leg,leg,0.0,0.0,1.0,0.1042780727148056,0.9990234375,1.0,9.5367431640625e-07
geometry_dropout,test_seen,2516,val:2010_001036:part_94,2010_001036,person,lower arm,lower arm,0.0,0.0,0.0,0.050802137702703476,0.525390625,1.0,0.0
geometry_dropout,test_seen,2517,val:2010_001036:part_95,2010_001036,person,upper arm,upper arm,0.0,0.0,0.3030303120613098,0.1042780727148056,0.06964111328125,0.99853515625,0.0
geometry_dropout,test_seen,2518,val:2010_001070:part_43,2010_001070,cat,head,head,0.6356589198112488,0.7772511839866638,0.07818929851055145,0.3032185137271881,1.0,1.0,0.95556640625
geometry_dropout,test_seen,2519,val:2010_001070:part_44,2010_001070,cat,eye,eye,0.14912280440330505,0.25954198837280273,0.0,0.018068887293338776,0.95703125,1.0,3.516674041748047e-06
geometry_dropout,test_seen,2520,val:2010_001070:part_45,2010_001070,cat,torso,torso,0.4849906265735626,0.6531901359558105,0.06163021922111511,0.32580462098121643,1.0,1.0,0.96630859375
geometry_dropout,test_seen,2521,val:2010_001070:part_47,2010_001070,cat,leg,leg,0.575815737247467,0.7308160662651062,0.2044943869113922,0.21230943500995636,0.9990234375,1.0,9.5367431640625e-07
geometry_dropout,test_seen,2522,val:2010_001070:part_48,2010_001070,cat,nose,nose,0.0,0.0,0.0,0.010163749568164349,0.026153564453125,0.994140625,0.0
geometry_dropout,test_seen,2523,val:2010_001070:part_49,2010_001070,cat,paw,paw,0.0,0.0,0.804347813129425,0.049124788492918015,0.99072265625,1.0,2.384185791015625e-07
geometry_dropout,test_seen,2524,val:2010_001070:part_50,2010_001070,cat,ear,ear,0.11231101304292679,0.20194174349308014,0.1941031962633133,0.06098249554634094,0.0006213188171386719,0.96728515625,0.0
geometry_dropout,test_seen,2525,val:2010_001104:part_114,2010_001104,train,coach,coach,0.7107107043266296,0.8308952450752258,0.25422558188438416,0.9849690794944763,1.0,1.0,0.90087890625
geometry_dropout,test_seen,2526,val:2010_001149:part_43,2010_001149,cat,head,head,0.0,0.0,0.0,0.09885931760072708,1.0,1.0,0.95556640625
geometry_dropout,test_seen,2527,val:2010_001149:part_44,2010_001149,cat,eye,eye,0.0,0.0,0.0,0.0076045626774430275,0.95703125,1.0,3.516674041748047e-06
geometry_dropout,test_seen,2528,val:2010_001149:part_45,2010_001149,cat,torso,torso,0.04098360612988472,0.07874015718698502,0.0,0.463878333568573,1.0,1.0,0.96630859375
geometry_dropout,test_seen,2529,val:2010_001149:part_46,2010_001149,cat,neck,neck,0.0,0.0,0.0,0.026615969836711884,1.0,1.0,0.96630859375
geometry_dropout,test_seen,2530,val:2010_001149:part_47,2010_001149,cat,leg,leg,0.07692307978868484,0.1428571492433548,0.049504950642585754,0.04182509332895279,0.9990234375,1.0,9.5367431640625e-07
geometry_dropout,test_seen,2531,val:2010_001149:part_48,2010_001149,cat,nose,nose,0.0,0.0,0.0,0.0038022813387215137,0.026153564453125,0.994140625,0.0
geometry_dropout,test_seen,2532,val:2010_001149:part_49,2010_001149,cat,paw,paw,0.0,0.0,0.8333333134651184,0.01901140622794628,0.99072265625,1.0,2.384185791015625e-07
geometry_dropout,test_seen,2533,val:2010_001149:part_50,2010_001149,cat,ear,ear,0.0,0.0,0.0,0.022813688963651657,0.0006213188171386719,0.96728515625,0.0
geometry_dropout,test_seen,2534,val:2010_001151:part_83,2010_001151,person,head,head,0.0,0.0,0.0,0.07999999821186066,1.0,1.0,0.95556640625
geometry_dropout,test_seen,2535,val:2010_001151:part_85,2010_001151,person,torso,torso,0.0,0.0,0.0,0.36000001430511475,1.0,1.0,0.96630859375
geometry_dropout,test_seen,2536,val:2010_001151:part_87,2010_001151,person,leg,leg,0.0,0.0,0.0,0.2133333384990692,0.9990234375,1.0,9.5367431640625e-07
geometry_dropout,test_seen,2537,val:2010_001151:part_88,2010_001151,person,foot,foot,0.0,0.0,0.0,0.0533333346247673,0.99462890625,1.0,2.384185791015625e-07
geometry_dropout,test_seen,2538,val:2010_001151:part_94,2010_001151,person,lower arm,lower arm,0.0,0.0,0.0,0.07999999821186066,0.525390625,1.0,0.0
geometry_dropout,test_seen,2539,val:2010_001151:part_95,2010_001151,person,upper arm,upper arm,0.0,0.0,0.0,0.06666667014360428,0.06964111328125,0.99853515625,0.0
geometry_dropout,test_seen,2540,val:2010_001151:part_109,2010_001151,train,head,head,0.0,0.0,0.2304648905992508,0.0005102040595375001,1.0,1.0,0.95556640625
geometry_dropout,test_seen,2541,val:2010_001174:part_0,2010_001174,aeroplane,body,body,0.50629723072052,0.6722407937049866,0.151162788271904,0.44736841320991516,1.0,1.0,0.94677734375
geometry_dropout,test_seen,2542,val:2010_001174:part_1,2010_001174,aeroplane,stern,stern,0.6839622855186462,0.8123249411582947,0.1971624195575714,0.2847852408885956,1.0,1.0,0.11859130859375
geometry_dropout,test_seen,2543,val:2010_001174:part_2,2010_001174,aeroplane,wing,wing,0.40642616152763367,0.5779559016227722,0.09743589907884598,0.2298850566148758,0.98779296875,1.0,1.3649463653564453e-05
geometry_dropout,test_seen,2544,val:2010_001174:part_5,2010_001174,aeroplane,wheel,wheel,0.26075267791748047,0.41364604234695435,0.4905063211917877,0.023139744997024536,0.99853515625,1.0,8.881092071533203e-06
geometry_dropout,test_seen,2545,val:2010_001206:part_22,2010_001206,bus,wheel,wheel,0.3575851321220398,0.5267959237098694,0.06953642517328262,0.029098274186253548,0.99853515625,1.0,8.881092071533203e-06
geometry_dropout,test_seen,2546,val:2010_001206:part_23,2010_001206,bus,headlight,headlight,0.13924050331115723,0.24444444477558136,0.009259259328246117,0.0057557024993002415,1.0,1.0,0.137939453125
geometry_dropout,test_seen,2547,val:2010_001206:part_24,2010_001206,bus,front,front,0.5375477075576782,0.6992273926734924,0.13812154531478882,0.13547217845916748,1.0,1.0,0.8779296875
geometry_dropout,test_seen,2548,val:2010_001206:part_25,2010_001206,bus,side,side,0.6077057719230652,0.7559912800788879,0.11718246340751648,0.41505008935928345,1.0,1.0,0.0604248046875
geometry_dropout,test_seen,2549,val:2010_001206:part_31,2010_001206,bus,window,window,0.7805030345916748,0.8767219185829163,0.037214137613773346,0.40034109354019165,1.0,1.0,0.327880859375
geometry_dropout,test_seen,2550,val:2010_001246:part_6,2010_001246,bicycle,wheel,wheel,0.2169167846441269,0.3565022349357605,0.6971350908279419,0.3087378740310669,0.99853515625,1.0,8.881092071533203e-06
geometry_dropout,test_seen,2551,val:2010_001246:part_7,2010_001246,bicycle,saddle,saddle,0.0,0.0,0.0,0.04660193994641304,1.0,1.0,0.1939697265625
geometry_dropout,test_seen,2552,val:2010_001246:part_8,2010_001246,bicycle,handlebar,handlebar,0.0,0.0,1.0,0.03106796182692051,0.99951171875,1.0,0.076416015625
geometry_dropout,test_seen,2553,val:2010_001292:part_43,2010_001292,cat,head,head,0.6853359341621399,0.8132929801940918,0.057418908923864365,0.2911859452724457,1.0,1.0,0.95556640625
geometry_dropout,test_seen,2554,val:2010_001292:part_44,2010_001292,cat,eye,eye,0.4444444477558136,0.6153846383094788,0.0,0.009370424784719944,0.95703125,1.0,3.516674041748047e-06
geometry_dropout,test_seen,2555,val:2010_001292:part_45,2010_001292,cat,torso,torso,0.6686060428619385,0.8013947010040283,0.07559514790773392,0.4999707043170929,1.0,1.0,0.96630859375
geometry_dropout,test_seen,2556,val:2010_001292:part_46,2010_001292,cat,neck,neck,0.3158841133117676,0.4801093339920044,0.025974025949835777,0.09259150922298431,1.0,1.0,0.96630859375
geometry_dropout,test_seen,2557,val:2010_001292:part_48,2010_001292,cat,nose,nose,0.5027933120727539,0.6691449880599976,0.0,0.005563689395785332,0.026153564453125,0.994140625,0.0
geometry_dropout,test_seen,2558,val:2010_001292:part_50,2010_001292,cat,ear,ear,0.5548780560493469,0.7137255072593689,0.2673546075820923,0.06928257644176483,0.0006213188171386719,0.96728515625,0.0
geometry_dropout,test_seen,2559,val:2010_001313:part_83,2010_001313,person,head,head,0.5659340620040894,0.722806990146637,0.22285714745521545,0.171875,1.0,1.0,0.95556640625
geometry_dropout,test_seen,2560,val:2010_001313:part_85,2010_001313,person,torso,torso,0.3711340129375458,0.5413534045219421,0.2171945720911026,0.27812498807907104,1.0,1.0,0.96630859375
geometry_dropout,test_seen,2561,val:2010_001313:part_87,2010_001313,person,leg,leg,0.46739131212234497,0.6370370388031006,0.38645419478416443,0.24062499403953552,0.9990234375,1.0,9.5367431640625e-07
geometry_dropout,test_seen,2562,val:2010_001313:part_88,2010_001313,person,foot,foot,0.2347826063632965,0.3802816867828369,0.4649122953414917,0.04374999925494194,0.99462890625,1.0,2.384185791015625e-07
geometry_dropout,test_seen,2563,val:2010_001313:part_94,2010_001313,person,lower arm,lower arm,0.029288703575730324,0.056910570710897446,0.6727272868156433,0.04062499850988388,0.525390625,1.0,0.0
geometry_dropout,test_seen,2564,val:2010_001313:part_95,2010_001313,person,upper arm,upper arm,0.2192513346672058,0.359649121761322,0.35501354932785034,0.13593749701976776,0.06964111328125,0.99853515625,0.0
geometry_dropout,test_seen,2565,val:2010_001313:part_96,2010_001313,person,hand,hand,0.0,0.0,0.760869562625885,0.04531250149011612,0.99755859375,1.0,4.756450653076172e-05
geometry_dropout,test_seen,2566,val:2010_001331:part_43,2010_001331,cat,head,head,0.574461042881012,0.7297240495681763,0.0644090324640274,0.18607893586158752,1.0,1.0,0.95556640625
geometry_dropout,test_seen,2567,val:2010_001331:part_44,2010_001331,cat,eye,eye,0.2879999876022339,0.44720497727394104,0.0,0.005148005206137896,0.95703125,1.0,3.516674041748047e-06
geometry_dropout,test_seen,2568,val:2010_001331:part_45,2010_001331,cat,torso,torso,0.7859388589859009,0.8801408410072327,0.12345360964536667,0.6906906962394714,1.0,1.0,0.96630859375
geometry_dropout,test_seen,2569,val:2010_001331:part_46,2010_001331,cat,neck,neck,0.1253993660211563,0.22285309433937073,0.0013550135772675276,0.06477906554937363,1.0,1.0,0.96630859375
geometry_dropout,test_seen,2570,val:2010_001331:part_48,2010_001331,cat,nose,nose,0.20481927692890167,0.3400000035762787,0.015625,0.0038610037881881,0.026153564453125,0.994140625,0.0
geometry_dropout,test_seen,2571,val:2010_001331:part_50,2010_001331,cat,ear,ear,0.487226277589798,0.6552147269248962,0.021052632480859756,0.03646503761410713,0.0006213188171386719,0.96728515625,0.0
geometry_dropout,test_seen,2572,val:2010_001351:part_43,2010_001351,cat,head,head,0.6733181476593018,0.8047699928283691,0.11945594102144241,0.19379965960979462,1.0,1.0,0.95556640625
geometry_dropout,test_seen,2573,val:2010_001351:part_44,2010_001351,cat,eye,eye,0.03678929805755615,0.07096774131059647,0.03678929805755615,0.0017136625247076154,0.95703125,1.0,3.516674041748047e-06
geometry_dropout,test_seen,2574,val:2010_001351:part_45,2010_001351,cat,torso,torso,0.6982232928276062,0.8222985863685608,0.0555555559694767,0.4368281662464142,1.0,1.0,0.96630859375
geometry_dropout,test_seen,2575,val:2010_001351:part_46,2010_001351,cat,neck,neck,0.39921465516090393,0.5706267356872559,0.11538461595773697,0.04907306283712387,1.0,1.0,0.96630859375
geometry_dropout,test_seen,2576,val:2010_001351:part_47,2010_001351,cat,leg,leg,0.573736310005188,0.7291390895843506,0.05385487526655197,0.19566911458969116,0.9990234375,1.0,9.5367431640625e-07
geometry_dropout,test_seen,2577,val:2010_001351:part_48,2010_001351,cat,nose,nose,0.0,0.0,0.0,0.001557875075377524,0.026153564453125,0.994140625,0.0
geometry_dropout,test_seen,2578,val:2010_001351:part_49,2010_001351,cat,paw,paw,0.5163511037826538,0.6810442805290222,0.24611973762512207,0.06698862463235855,0.99072265625,1.0,2.384185791015625e-07
geometry_dropout,test_seen,2579,val:2010_001351:part_50,2010_001351,cat,ear,ear,0.48217636346817017,0.650632917881012,0.19672131538391113,0.047047827392816544,0.0006213188171386719,0.96728515625,0.0
geometry_dropout,test_seen,2580,val:2010_001367:part_20,2010_001367,bottle,body,body,0.4637930989265442,0.6336866617202759,0.30048078298568726,0.7974217534065247,1.0,1.0,0.94677734375
geometry_dropout,test_seen,2581,val:2010_001367:part_21,2010_001367,bottle,cap,cap,0.0,0.0,0.1489361673593521,0.20257826149463654,1.0,1.0,0.453125
geometry_dropout,test_seen,2582,val:2010_001403:part_22,2010_001403,bus,wheel,wheel,0.4405360221862793,0.6116279363632202,0.16146789491176605,0.015450265258550644,0.99853515625,1.0,8.881092071533203e-06
geometry_dropout,test_seen,2583,val:2010_001403:part_25,2010_001403,bus,side,side,0.5787789821624756,0.7331982254981995,0.06092410162091255,0.2217971384525299,1.0,1.0,0.0604248046875
geometry_dropout,test_seen,2584,val:2010_001403:part_26,2010_001403,bus,back,back,0.7632384896278381,0.8657234907150269,0.11304811388254166,0.5136354565620422,1.0,1.0,0.90283203125
geometry_dropout,test_seen,2585,val:2010_001403:part_28,2010_001403,bus,mirror,mirror,0.0,0.0,0.9479166865348816,0.000686678453348577,0.84912109375,1.0,4.231929779052734e-06
geometry_dropout,test_seen,2586,val:2010_001403:part_31,2010_001403,bus,window,window,0.7000298500061035,0.8235500454902649,0.04242238029837608,0.2398960143327713,1.0,1.0,0.327880859375
geometry_dropout,test_seen,2587,val:2010_001448:part_0,2010_001448,aeroplane,body,body,0.5165542364120483,0.6812209486961365,0.23758430778980255,0.38682276010513306,1.0,1.0,0.94677734375
geometry_dropout,test_seen,2588,val:2010_001448:part_1,2010_001448,aeroplane,stern,stern,0.5642201900482178,0.7214076519012451,0.4000000059604645,0.15610651671886444,1.0,1.0,0.11859130859375
geometry_dropout,test_seen,2589,val:2010_001448:part_2,2010_001448,aeroplane,wing,wing,0.5046644806861877,0.670799970626831,0.25623100996017456,0.39256197214126587,0.98779296875,1.0,1.3649463653564453e-05
geometry_dropout,test_seen,2590,val:2010_001448:part_4,2010_001448,aeroplane,engine,engine,0.25827106833457947,0.4105173945426941,0.5583423972129822,0.06014692410826683,0.9951171875,1.0,2.300739288330078e-05
geometry_dropout,test_seen,2591,val:2010_001451:part_71,2010_001451,horse,head,head,0.48463520407676697,0.6528677344322205,0.07274215668439865,0.37026238441467285,1.0,1.0,0.95556640625
geometry_dropout,test_seen,2592,val:2010_001451:part_72,2010_001451,horse,eye,eye,0.5151515007019043,0.6800000071525574,0.0,0.010180184617638588,0.95703125,1.0,3.516674041748047e-06
geometry_dropout,test_seen,2593,val:2010_001451:part_73,2010_001451,horse,torso,torso,0.050785165280103683,0.09666136652231216,0.09081724286079407,0.025187592953443527,1.0,1.0,0.96630859375
geometry_dropout,test_seen,2594,val:2010_001451:part_74,2010_001451,horse,neck,neck,0.7130957841873169,0.832522988319397,0.06544134765863419,0.29947903752326965,1.0,1.0,0.96630859375
geometry_dropout,test_seen,2595,val:2010_001451:part_76,2010_001451,horse,ear,ear,0.8038216829299927,0.8912429213523865,0.0,0.03302585706114769,0.0006213188171386719,0.96728515625,0.0
geometry_dropout,test_seen,2596,val:2010_001451:part_77,2010_001451,horse,muzzle,muzzle,0.7167713046073914,0.835022509098053,0.1449502855539322,0.26186493039131165,0.982421875,1.0,3.4570693969726562e-06
geometry_dropout,test_seen,2597,val:2010_001534:part_43,2010_001534,cat,head,head,0.6612465977668762,0.7960848212242126,0.13710302114486694,0.11834360659122467,1.0,1.0,0.95556640625
geometry_dropout,test_seen,2598,val:2010_001534:part_44,2010_001534,cat,eye,eye,0.0,0.0,0.0,0.002077418379485607,0.95703125,1.0,3.516674041748047e-06
geometry_dropout,test_seen,2599,val:2010_001534:part_45,2010_001534,cat,torso,torso,0.8452163338661194,0.9161162376403809,0.08632645756006241,0.6888719797134399,1.0,1.0,0.96630859375
geometry_dropout,test_seen,2600,val:2010_001534:part_46,2010_001534,cat,neck,neck,0.25913891196250916,0.4116128981113434,0.14638157188892365,0.02312859147787094,1.0,1.0,0.96630859375
geometry_dropout,test_seen,2601,val:2010_001534:part_47,2010_001534,cat,leg,leg,0.3842364549636841,0.5551601648330688,0.17934495210647583,0.1075410321354866,0.9990234375,1.0,9.5367431640625e-07
geometry_dropout,test_seen,2602,val:2010_001534:part_48,2010_001534,cat,nose,nose,0.08139535039663315,0.1505376398563385,0.5,0.0004847309610340744,0.026153564453125,0.994140625,0.0
geometry_dropout,test_seen,2603,val:2010_001534:part_49,2010_001534,cat,paw,paw,0.21757924556732178,0.3573964536190033,0.3161512017250061,0.018212035298347473,0.99072265625,1.0,2.384185791015625e-07
geometry_dropout,test_seen,2604,val:2010_001534:part_50,2010_001534,cat,ear,ear,0.520174503326416,0.6843615770339966,0.16147635877132416,0.036493316292762756,0.0006213188171386719,0.96728515625,0.0
geometry_dropout,test_seen,2605,val:2010_001579:part_83,2010_001579,person,head,head,0.3486265242099762,0.5170097351074219,0.09136605262756348,0.08805885165929794,1.0,1.0,0.95556640625
geometry_dropout,test_seen,2606,val:2010_001579:part_85,2010_001579,person,torso,torso,0.4776017963886261,0.6464553475379944,0.06477311998605728,0.31431224942207336,1.0,1.0,0.96630859375
geometry_dropout,test_seen,2607,val:2010_001579:part_86,2010_001579,person,neck,neck,0.33090245723724365,0.49726027250289917,0.04524469003081322,0.026924725621938705,1.0,1.0,0.96630859375
geometry_dropout,test_seen,2608,val:2010_001579:part_89,2010_001579,person,nose,nose,0.28921568393707275,0.4486691951751709,0.0,0.005142122507095337,0.026153564453125,0.994140625,0.0
geometry_dropout,test_seen,2609,val:2010_001579:part_90,2010_001579,person,ear,ear,0.0,0.0,0.7814207673072815,0.002499643014743924,0.0006213188171386719,0.96728515625,0.0
geometry_dropout,test_seen,2610,val:2010_001579:part_91,2010_001579,person,eyebrow,eyebrow,0.005797101650387049,0.011527377180755138,0.0,0.00014283673954196274,0.0008230209350585938,0.5947265625,0.0
geometry_dropout,test_seen,2611,val:2010_001579:part_92,2010_001579,person,mouth,mouth,0.2931034564971924,0.4533333480358124,0.0,0.0036423366982489824,1.0,1.0,0.48486328125
geometry_dropout,test_seen,2612,val:2010_001579:part_93,2010_001579,person,hair,hair,0.3093971610069275,0.4725795388221741,0.19029851257801056,0.02892443910241127,1.0,1.0,0.927734375
geometry_dropout,test_seen,2613,val:2010_001646:part_22,2010_001646,bus,wheel,wheel,0.06614785641431808,0.12408759444952011,0.1576470583677292,0.008713516406714916,0.99853515625,1.0,8.881092071533203e-06
geometry_dropout,test_seen,2614,val:2010_001646:part_23,2010_001646,bus,headlight,headlight,0.15816326439380646,0.2731277644634247,0.0,0.003825446357950568,1.0,1.0,0.137939453125
geometry_dropout,test_seen,2615,val:2010_001646:part_24,2010_001646,bus,front,front,0.2815922796726227,0.4394412934780121,0.14843842387199402,0.17434117197990417,1.0,1.0,0.8779296875
geometry_dropout,test_seen,2616,val:2010_001646:part_25,2010_001646,bus,side,side,0.4545454680919647,0.625,0.10334666073322296,0.1768914759159088,1.0,1.0,0.0604248046875
geometry_dropout,test_seen,2617,val:2010_001646:part_28,2010_001646,bus,mirror,mirror,0.0,0.0,0.0,0.00028336638933978975,0.84912109375,1.0,4.231929779052734e-06
geometry_dropout,test_seen,2618,val:2010_001646:part_29,2010_001646,bus,license plate,license plate,0.0,0.0,0.0,0.00014168319466989487,0.99951171875,1.0,0.116943359375
geometry_dropout,test_seen,2619,val:2010_001646:part_31,2010_001646,bus,window,window,0.3098180294036865,0.47307032346725464,0.09621091187000275,0.20529894530773163,1.0,1.0,0.327880859375
geometry_dropout,test_seen,2620,val:2010_001656:part_43,2010_001656,cat,head,head,0.4622955918312073,0.6322875022888184,0.11241663992404938,0.22262132167816162,1.0,1.0,0.95556640625
geometry_dropout,test_seen,2621,val:2010_001656:part_45,2010_001656,cat,torso,torso,0.6043031811714172,0.7533528208732605,0.08824819326400757,0.4254489839076996,1.0,1.0,0.96630859375
geometry_dropout,test_seen,2622,val:2010_001656:part_46,2010_001656,cat,neck,neck,0.556196928024292,0.714815616607666,0.09075283259153366,0.12793274223804474,1.0,1.0,0.96630859375
geometry_dropout,test_seen,2623,val:2010_001656:part_47,2010_001656,cat,leg,leg,0.5462962985038757,0.7065868377685547,0.10932476073503494,0.14917844533920288,0.9990234375,1.0,9.5367431640625e-07
geometry_dropout,test_seen,2624,val:2010_001656:part_50,2010_001656,cat,ear,ear,0.39792388677597046,0.5693069100379944,0.09180708974599838,0.05372564122080803,0.0006213188171386719,0.96728515625,0.0
geometry_dropout,test_seen,2625,val:2010_001692:part_52,2010_001692,cow,head,head,0.660516619682312,0.7955555319786072,0.1881566345691681,0.09314695745706558,1.0,1.0,0.95556640625
geometry_dropout,test_seen,2626,val:2010_001692:part_53,2010_001692,cow,eye,eye,0.0,0.0,1.0,0.002102919388562441,0.95703125,1.0,3.516674041748047e-06
geometry_dropout,test_seen,2627,val:2010_001692:part_54,2010_001692,cow,torso,torso,0.8131899237632751,0.896971583366394,0.15023407340049744,0.7128896713256836,1.0,1.0,0.96630859375
geometry_dropout,test_seen,2628,val:2010_001692:part_56,2010_001692,cow,leg,leg,0.3412644565105438,0.5088697671890259,0.3704563081264496,0.08411677181720734,0.9990234375,1.0,9.5367431640625e-07
geometry_dropout,test_seen,2629,val:2010_001692:part_57,2010_001692,cow,ear,ear,0.24924011528491974,0.3990267515182495,0.35314685106277466,0.015462642535567284,0.0006213188171386719,0.96728515625,0.0
geometry_dropout,test_seen,2630,val:2010_001692:part_58,2010_001692,cow,muzzle,muzzle,0.7469437718391418,0.8551434278488159,0.09617917984724045,0.08287975937128067,0.982421875,1.0,3.4570693969726562e-06
geometry_dropout,test_seen,2631,val:2010_001692:part_83,2010_001692,person,head,head,0.0,0.0,0.21417322754859924,0.000656922347843647,1.0,1.0,0.95556640625
geometry_dropout,test_seen,2632,val:2010_001692:part_85,2010_001692,person,torso,torso,0.0,0.0,0.2954792082309723,0.0004926917608827353,1.0,1.0,0.96630859375
geometry_dropout,test_seen,2633,val:2010_001692:part_90,2010_001692,person,ear,ear,0.007968127727508545,0.015810277312994003,0.8588709831237793,0.0008204791811294854,0.0006213188171386719,0.96728515625,0.0
geometry_dropout,test_seen,2634,val:2010_001699:part_98,2010_001699,pottedplant,plant,plant,0.0,0.0,0.5475285053253174,0.09014084190130234,1.0,1.0,0.6298828125
geometry_dropout,test_seen,2635,val:2010_001734:part_109,2010_001734,train,head,head,0.013513513840734959,0.02666666731238365,0.2918149530887604,0.01738334819674492,1.0,1.0,0.95556640625
geometry_dropout,test_seen,2636,val:2010_001734:part_110,2010_001734,train,front,front,0.5978072881698608,0.7482845783233643,0.1605532169342041,0.505946934223175,1.0,1.0,0.8779296875
geometry_dropout,test_seen,2637,val:2010_001734:part_111,2010_001734,train,side,side,0.6430745720863342,0.7827697992324829,0.1396598070859909,0.4766697287559509,1.0,1.0,0.0604248046875
geometry_dropout,test_seen,2638,val:2010_001752:part_115,2010_001752,tvmonitor,screen,screen,0.8037182688713074,0.8911793828010559,0.02859237603843212,0.3565712571144104,1.0,1.0,0.98779296875
geometry_dropout,test_seen,2639,val:2010_001773:part_97,2010_001773,pottedplant,pot,pot,0.2640509009361267,0.4177852272987366,0.15645645558834076,0.18960970640182495,0.99755859375,1.0,4.76837158203125e-06
geometry_dropout,test_seen,2640,val:2010_001773:part_98,2010_001773,pottedplant,plant,plant,0.06427457183599472,0.12078569084405899,0.3945155441761017,0.08913502097129822,1.0,1.0,0.6298828125
geometry_dropout,test_seen,2641,val:2010_001830:part_20,2010_001830,bottle,body,body,0.8047991394996643,0.8918434381484985,0.13569693267345428,0.9199917912483215,1.0,1.0,0.94677734375
geometry_dropout,test_seen,2642,val:2010_001830:part_21,2010_001830,bottle,cap,cap,0.4297872483730316,0.601190447807312,0.46517413854599,0.027695147320628166,1.0,1.0,0.453125
geometry_dropout,test_seen,2643,val:2010_001851:part_97,2010_001851,pottedplant,pot,pot,0.0,0.0,0.7061224579811096,0.06310013681650162,0.99755859375,1.0,4.76837158203125e-06
geometry_dropout,test_seen,2644,val:2010_001851:part_98,2010_001851,pottedplant,plant,plant,0.0,0.0,0.44858869910240173,0.08230452984571457,1.0,1.0,0.6298828125
geometry_dropout,test_seen,2645,val:2010_001913:part_42,2010_001913,cat,tail,tail,0.0,0.0,0.0,0.010012014769017696,0.986328125,1.0,6.556510925292969e-07
geometry_dropout,test_seen,2646,val:2010_001913:part_43,2010_001913,cat,head,head,0.3835616409778595,0.5544554591178894,0.3368421196937561,0.08570284396409988,1.0,1.0,0.95556640625
geometry_dropout,test_seen,2647,val:2010_001913:part_44,2010_001913,cat,eye,eye,0.0,0.0,1.0,0.0008009611628949642,0.95703125,1.0,3.516674041748047e-06
geometry_dropout,test_seen,2648,val:2010_001913:part_45,2010_001913,cat,torso,torso,0.7071393728256226,0.8284494876861572,0.15489403903484344,0.613936722278595,1.0,1.0,0.96630859375
geometry_dropout,test_seen,2649,val:2010_001913:part_47,2010_001913,cat,leg,leg,0.13831259310245514,0.24301336705684662,0.07500000298023224,0.04124949872493744,0.9990234375,1.0,9.5367431640625e-07
geometry_dropout,test_seen,2650,val:2010_001913:part_48,2010_001913,cat,nose,nose,0.0,0.0,0.0,0.0012000000569969416,0.026153564453125,0.994140625,0.0
geometry_dropout,test_seen,2651,val:2010_001913:part_49,2010_001913,cat,paw,paw,0.11290322244167328,0.2028985470533371,0.03539822995662689,0.010012014769017696,0.99072265625,1.0,2.384185791015625e-07
geometry_dropout,test_seen,2652,val:2010_001913:part_50,2010_001913,cat,ear,ear,0.12837837636470795,0.227544903755188,0.4109589159488678,0.008410092443227768,0.0006213188171386719,0.96728515625,0.0
geometry_dropout,test_seen,2653,val:2010_001951:part_108,2010_001951,train,headlight,headlight,0.0,0.0,0.0,0.002052334602922201,1.0,1.0,0.137939453125
geometry_dropout,test_seen,2654,val:2010_001951:part_109,2010_001951,train,head,head,0.03437500074505806,0.06646525859832764,0.28502416610717773,0.01590559259057045,1.0,1.0,0.95556640625
geometry_dropout,test_seen,2655,val:2010_001951:part_110,2010_001951,train,front,front,0.8417455554008484,0.914073646068573,0.047275640070438385,0.4184196889400482,1.0,1.0,0.8779296875
geometry_dropout,test_seen,2656,val:2010_001951:part_111,2010_001951,train,side,side,0.8316925168037415,0.9081137180328369,0.11132147163152695,0.563494086265564,1.0,1.0,0.0604248046875
geometry_dropout,test_seen,2657,val:2010_002017:part_20,2010_002017,bottle,body,body,0.738135576248169,0.8493418097496033,0.20799273252487183,0.9783728122711182,1.0,1.0,0.94677734375
geometry_dropout,test_seen,2658,val:2010_002017:part_21,2010_002017,bottle,cap,cap,0.0,0.0,0.0,0.01853759028017521,1.0,1.0,0.453125
geometry_dropout,test_seen,2659,val:2010_002025:part_42,2010_002025,cat,tail,tail,0.27088451385498047,0.42629289627075195,0.14009340107440948,0.03776835277676582,0.986328125,1.0,6.556510925292969e-07
geometry_dropout,test_seen,2660,val:2010_002025:part_43,2010_002025,cat,head,head,0.34742075204849243,0.5156826376914978,0.02904699742794037,0.08428306132555008,1.0,1.0,0.95556640625
geometry_dropout,test_seen,2661,val:2010_002025:part_44,2010_002025,cat,eye,eye,0.10826210677623749,0.19537274539470673,0.0,0.003975616302341223,0.95703125,1.0,3.516674041748047e-06
geometry_dropout,test_seen,2662,val:2010_002025:part_45,2010_002025,cat,torso,torso,0.19355154037475586,0.324328750371933,0.02940007857978344,0.14232705533504486,1.0,1.0,0.96630859375
geometry_dropout,test_seen,2663,val:2010_002025:part_47,2010_002025,cat,leg,leg,0.03380454704165459,0.06539833545684814,0.03130203112959862,0.023919956758618355,0.9990234375,1.0,9.5367431640625e-07
geometry_dropout,test_seen,2664,val:2010_002025:part_48,2010_002025,cat,nose,nose,0.04210526496171951,0.08080808073282242,0.0,0.0007288630004040897,0.026153564453125,0.994140625,0.0
geometry_dropout,test_seen,2665,val:2010_002025:part_49,2010_002025,cat,paw,paw,0.08777119964361191,0.16137805581092834,0.07459207624197006,0.016233766451478004,0.99072265625,1.0,2.384185791015625e-07
geometry_dropout,test_seen,2666,val:2010_002025:part_50,2010_002025,cat,ear,ear,0.22474032640457153,0.3670007586479187,0.24213536083698273,0.016432547941803932,0.0006213188171386719,0.96728515625,0.0
geometry_dropout,test_seen,2667,val:2010_002030:part_6,2010_002030,bicycle,wheel,wheel,0.18224100768566132,0.3082975745201111,0.77717524766922,0.525145411491394,0.99853515625,1.0,8.881092071533203e-06
geometry_dropout,test_seen,2668,val:2010_002030:part_7,2010_002030,bicycle,saddle,saddle,0.4112318754196167,0.5827984809875488,0.5270833373069763,0.10229216516017914,1.0,1.0,0.1939697265625
geometry_dropout,test_seen,2669,val:2010_002030:part_8,2010_002030,bicycle,handlebar,handlebar,0.1801242232322693,0.3052631616592407,0.7345505356788635,0.08142319321632385,0.99951171875,1.0,0.076416015625
geometry_dropout,test_seen,2670,val:2010_002030:part_9,2010_002030,bicycle,chainwheel,chainwheel,0.27882036566734314,0.4360587000846863,0.6340057849884033,0.044474855065345764,0.8896484375,1.0,5.960464477539063e-08
geometry_dropout,test_seen,2671,val:2010_002137:part_43,2010_002137,cat,head,head,0.4498886466026306,0.620583713054657,0.0979020968079567,0.15755854547023773,1.0,1.0,0.95556640625
geometry_dropout,test_seen,2672,val:2010_002137:part_44,2010_002137,cat,eye,eye,0.0,0.0,1.0,0.007806955371052027,0.95703125,1.0,3.516674041748047e-06
geometry_dropout,test_seen,2673,val:2010_002137:part_45,2010_002137,cat,torso,torso,0.7235772609710693,0.8396226167678833,0.14487633109092712,0.7012065052986145,1.0,1.0,0.96630859375
geometry_dropout,test_seen,2674,val:2010_002137:part_47,2010_002137,cat,leg,leg,0.0795568972826004,0.1473880559206009,0.12286002188920975,0.05606813356280327,0.9990234375,1.0,9.5367431640625e-07
geometry_dropout,test_seen,2675,val:2010_002137:part_48,2010_002137,cat,nose,nose,0.0,0.0,0.0,0.0014194464311003685,0.026153564453125,0.994140625,0.0
geometry_dropout,test_seen,2676,val:2010_002137:part_49,2010_002137,cat,paw,paw,0.11020407825708389,0.1985294073820114,0.5702479481697083,0.021291695535182953,0.99072265625,1.0,2.384185791015625e-07
geometry_dropout,test_seen,2677,val:2010_002137:part_50,2010_002137,cat,ear,ear,0.156521737575531,0.27067670226097107,0.5324074029922485,0.03548616170883179,0.0006213188171386719,0.96728515625,0.0
geometry_dropout,test_seen,2678,val:2010_002146:part_42,2010_002146,cat,tail,tail,0.21658986806869507,0.35606059432029724,0.48351648449897766,0.03154631704092026,0.986328125,1.0,6.556510925292969e-07
geometry_dropout,test_seen,2679,val:2010_002146:part_43,2010_002146,cat,head,head,0.7504393458366394,0.8574297428131104,0.042553190141916275,0.16611962020397186,1.0,1.0,0.95556640625
geometry_dropout,test_seen,2680,val:2010_002146:part_44,2010_002146,cat,eye,eye,0.14374999701976776,0.25136610865592957,0.0,0.010393872857093811,0.95703125,1.0,3.516674041748047e-06
geometry_dropout,test_seen,2681,val:2010_002146:part_45,2010_002146,cat,torso,torso,0.6293066143989563,0.7724839448928833,0.15089741349220276,0.5395696759223938,1.0,1.0,0.96630859375
geometry_dropout,test_seen,2682,val:2010_002146:part_47,2010_002146,cat,leg,leg,0.29372334480285645,0.4540744125843048,0.11136363446712494,0.14642596244812012,0.9990234375,1.0,9.5367431640625e-07
geometry_dropout,test_seen,2683,val:2010_002146:part_48,2010_002146,cat,nose,nose,0.0,0.0,0.0,0.001823486527428031,0.026153564453125,0.994140625,0.0
geometry_dropout,test_seen,2684,val:2010_002146:part_49,2010_002146,cat,paw,paw,0.21713148057460785,0.356792151927948,0.4266054928302765,0.03191101551055908,0.99072265625,1.0,2.384185791015625e-07
geometry_dropout,test_seen,2685,val:2010_002146:part_50,2010_002146,cat,ear,ear,0.3905109465122223,0.5616797804832458,0.28849902749061584,0.045404814183712006,0.0006213188171386719,0.96728515625,0.0
geometry_dropout,test_seen,2686,val:2010_002147:part_0,2010_002147,aeroplane,body,body,0.7105472087860107,0.830783486366272,0.15902693569660187,0.4692436158657074,1.0,1.0,0.94677734375
geometry_dropout,test_seen,2687,val:2010_002147:part_1,2010_002147,aeroplane,stern,stern,0.5911686420440674,0.7430621981620789,0.2727620601654053,0.20110440254211426,1.0,1.0,0.11859130859375
geometry_dropout,test_seen,2688,val:2010_002147:part_2,2010_002147,aeroplane,wing,wing,0.3950153589248657,0.5663240551948547,0.1737019121646881,0.1809425950050354,0.98779296875,1.0,1.3649463653564453e-05
geometry_dropout,test_seen,2689,val:2010_002147:part_4,2010_002147,aeroplane,engine,engine,0.4668874144554138,0.6365688443183899,0.17740651965141296,0.1230255588889122,0.9951171875,1.0,2.300739288330078e-05
geometry_dropout,test_seen,2690,val:2010_002147:part_5,2010_002147,aeroplane,wheel,wheel,0.13740457594394684,0.24161073565483093,0.21011672914028168,0.005265185609459877,0.99853515625,1.0,8.881092071533203e-06
geometry_dropout,test_seen,2691,val:2010_002161:part_73,2010_002161,horse,torso,torso,0.0,0.0,0.08408196270465851,0.00015076134877745062,1.0,1.0,0.96630859375
geometry_dropout,test_seen,2692,val:2010_002161:part_75,2010_002161,horse,leg,leg,0.001986755058169365,0.003965631127357483,0.36556291580200195,0.00022614201589021832,0.9990234375,1.0,9.5367431640625e-07
geometry_dropout,test_seen,2693,val:2010_002161:part_83,2010_002161,person,head,head,0.4263736307621002,0.597842812538147,0.0,0.05661274865269661,1.0,1.0,0.95556640625
geometry_dropout,test_seen,2694,val:2010_002161:part_84,2010_002161,person,eye,eye,0.0,0.0,1.0,0.0016650808975100517,0.95703125,1.0,3.516674041748047e-06
geometry_dropout,test_seen,2695,val:2010_002161:part_85,2010_002161,person,torso,torso,0.5621716380119324,0.7197309136390686,0.017507003620266914,0.29686012864112854,1.0,1.0,0.96630859375
geometry_dropout,test_seen,2696,val:2010_002161:part_86,2010_002161,person,neck,neck,0.0555555559694767,0.10526315867900848,0.0,0.012369172647595406,1.0,1.0,0.96630859375
geometry_dropout,test_seen,2697,val:2010_002161:part_87,2010_002161,person,leg,leg,0.5446974039077759,0.7052479982376099,0.21173104643821716,0.3292102813720703,0.9990234375,1.0,9.5367431640625e-07
geometry_dropout,test_seen,2698,val:2010_002161:part_89,2010_002161,person,nose,nose,0.0,0.0,0.0,0.005708848591893911,0.026153564453125,0.994140625,0.0
geometry_dropout,test_seen,2699,val:2010_002161:part_91,2010_002161,person,eyebrow,eyebrow,0.0,0.0,0.0,0.0007136060739867389,0.0008230209350585938,0.5947265625,0.0
geometry_dropout,test_seen,2700,val:2010_002161:part_92,2010_002161,person,mouth,mouth,0.0,0.0,0.0,0.007136060856282711,1.0,1.0,0.48486328125
geometry_dropout,test_seen,2701,val:2010_002161:part_93,2010_002161,person,hair,hair,0.4592592716217041,0.6294416189193726,0.06203840300440788,0.12012369185686111,1.0,1.0,0.927734375
geometry_dropout,test_seen,2702,val:2010_002161:part_94,2010_002161,person,lower arm,lower arm,0.5087719559669495,0.6744186282157898,0.3801169693470001,0.06208372861146927,0.525390625,1.0,0.0
geometry_dropout,test_seen,2703,val:2010_002161:part_95,2010_002161,person,upper arm,upper arm,0.2393617033958435,0.3862660825252533,0.1462053507566452,0.06398668140172958,0.06964111328125,0.99853515625,0.0
geometry_dropout,test_seen,2704,val:2010_002161:part_96,2010_002161,person,hand,hand,0.0,0.0,0.0,0.014985728077590466,0.99755859375,1.0,4.756450653076172e-05
geometry_dropout,test_seen,2705,val:2010_002200:part_0,2010_002200,aeroplane,body,body,0.6551072001457214,0.791619062423706,0.11132561415433884,0.46044713258743286,1.0,1.0,0.94677734375
geometry_dropout,test_seen,2706,val:2010_002200:part_1,2010_002200,aeroplane,stern,stern,0.6079854965209961,0.7562077045440674,0.31012070178985596,0.2987962067127228,1.0,1.0,0.11859130859375
geometry_dropout,test_seen,2707,val:2010_002200:part_2,2010_002200,aeroplane,wing,wing,0.24081632494926453,0.3881579041481018,0.0,0.0507308691740036,0.98779296875,1.0,1.3649463653564453e-05
geometry_dropout,test_seen,2708,val:2010_002200:part_4,2010_002200,aeroplane,engine,engine,0.4542124569416046,0.6246851682662964,0.16129031777381897,0.11478933691978455,0.9951171875,1.0,2.300739288330078e-05
geometry_dropout,test_seen,2709,val:2010_002200:part_5,2010_002200,aeroplane,wheel,wheel,0.0,0.0,0.5327102541923523,0.0025795355904847383,0.99853515625,1.0,8.881092071533203e-06
geometry_dropout,test_seen,2710,val:2010_002251:part_83,2010_002251,person,head,head,0.7383177280426025,0.8494623899459839,0.1230769231915474,0.13983629643917084,1.0,1.0,0.95556640625
geometry_dropout,test_seen,2711,val:2010_002251:part_85,2010_002251,person,torso,torso,0.36400651931762695,0.5337313413619995,0.1742100715637207,0.1718963235616684,1.0,1.0,0.96630859375
geometry_dropout,test_seen,2712,val:2010_002251:part_87,2010_002251,person,leg,leg,0.5972027778625488,0.7478108406066895,0.30177515745162964,0.31787174940109253,0.9990234375,1.0,9.5367431640625e-07
geometry_dropout,test_seen,2713,val:2010_002251:part_88,2010_002251,person,foot,foot,0.0,0.0,1.0,0.06718963384628296,0.99462890625,1.0,2.384185791015625e-07
geometry_dropout,test_seen,2714,val:2010_002251:part_94,2010_002251,person,lower arm,lower arm,0.45846155285835266,0.6286919713020325,0.4150943458080292,0.07128240168094635,0.525390625,1.0,0.0
geometry_dropout,test_seen,2715,val:2010_002251:part_95,2010_002251,person,upper arm,upper arm,0.6226158142089844,0.7674223184585571,0.11298482120037079,0.20395635068416595,0.06964111328125,0.99853515625,0.0
geometry_dropout,test_seen,2716,val:2010_002251:part_96,2010_002251,person,hand,hand,0.15774647891521454,0.27250608801841736,0.7060518860816956,0.021828103810548782,0.99755859375,1.0,4.756450653076172e-05
geometry_dropout,test_seen,2717,val:2010_002305:part_43,2010_002305,cat,head,head,0.44829291105270386,0.6190639138221741,0.017517518252134323,0.11199517548084259,1.0,1.0,0.95556640625
geometry_dropout,test_seen,2718,val:2010_002305:part_45,2010_002305,cat,torso,torso,0.6797030568122864,0.8093133568763733,0.06363127380609512,0.4723327159881592,1.0,1.0,0.96630859375
geometry_dropout,test_seen,2719,val:2010_002305:part_46,2010_002305,cat,neck,neck,0.11678832024335861,0.20915032923221588,0.125,0.04569017514586449,1.0,1.0,0.96630859375
geometry_dropout,test_seen,2720,val:2010_002305:part_47,2010_002305,cat,leg,leg,0.4108754098415375,0.5824403762817383,0.011728567071259022,0.26582279801368713,0.9990234375,1.0,9.5367431640625e-07
geometry_dropout,test_seen,2721,val:2010_002305:part_49,2010_002305,cat,paw,paw,0.3434534966945648,0.5112994313240051,0.09695817530155182,0.043881855905056,0.99072265625,1.0,2.384185791015625e-07
geometry_dropout,test_seen,2722,val:2010_002305:part_50,2010_002305,cat,ear,ear,0.0,0.0,0.0,0.00482218200340867,0.0006213188171386719,0.96728515625,0.0
geometry_dropout,test_seen,2723,val:2010_002310:part_0,2010_002310,aeroplane,body,body,0.49663785099983215,0.6636713743209839,0.2178068459033966,0.380952388048172,1.0,1.0,0.94677734375
geometry_dropout,test_seen,2724,val:2010_002310:part_1,2010_002310,aeroplane,stern,stern,0.4983249604701996,0.6651760935783386,0.2100396305322647,0.3485308885574341,1.0,1.0,0.11859130859375
geometry_dropout,test_seen,2725,val:2010_002310:part_2,2010_002310,aeroplane,wing,wing,0.4913013279438019,0.6588894128799438,0.17538687586784363,0.2654508650302887,0.98779296875,1.0,1.3649463653564453e-05
geometry_dropout,test_seen,2726,val:2010_002336:part_97,2010_002336,pottedplant,pot,pot,0.5200945734977722,0.6842923760414124,0.004385964944958687,0.582047700881958,0.99755859375,1.0,4.76837158203125e-06
geometry_dropout,test_seen,2727,val:2010_002336:part_98,2010_002336,pottedplant,plant,plant,0.38129496574401855,0.5520833134651184,0.07924528419971466,0.3338008522987366,1.0,1.0,0.6298828125
geometry_dropout,test_seen,2728,val:2010_002348:part_42,2010_002348,cat,tail,tail,0.5947535037994385,0.7458876967430115,0.13515064120292664,0.17024627327919006,0.986328125,1.0,6.556510925292969e-07
geometry_dropout,test_seen,2729,val:2010_002348:part_43,2010_002348,cat,head,head,0.6986198425292969,0.8225734829902649,0.017276423051953316,0.13521382212638855,1.0,1.0,0.95556640625
geometry_dropout,test_seen,2730,val:2010_002348:part_44,2010_002348,cat,eye,eye,0.0,0.0,0.0,0.0006681939703412354,0.95703125,1.0,3.516674041748047e-06
geometry_dropout,test_seen,2731,val:2010_002348:part_45,2010_002348,cat,torso,torso,0.4826992452144623,0.6511087417602539,0.055682264268398285,0.29710766673088074,1.0,1.0,0.96630859375
geometry_dropout,test_seen,2732,val:2010_002348:part_46,2010_002348,cat,neck,neck,0.22796352207660675,0.37128713726997375,0.004926108289510012,0.028493700549006462,1.0,1.0,0.96630859375
geometry_dropout,test_seen,2733,val:2010_002348:part_47,2010_002348,cat,leg,leg,0.6347355246543884,0.7765604853630066,0.14191001653671265,0.2596410810947418,0.9990234375,1.0,9.5367431640625e-07
geometry_dropout,test_seen,2734,val:2010_002348:part_48,2010_002348,cat,nose,nose,0.023255813866853714,0.04545454680919647,0.0,0.0002386406995356083,0.026153564453125,0.994140625,0.0
geometry_dropout,test_seen,2735,val:2010_002348:part_49,2010_002348,cat,paw,paw,0.37757134437561035,0.5481695532798767,0.2076764851808548,0.029448263347148895,0.99072265625,1.0,2.384185791015625e-07
geometry_dropout,test_seen,2736,val:2010_002348:part_50,2010_002348,cat,ear,ear,0.5295857787132263,0.6924564838409424,0.04505632072687149,0.035891562700271606,0.0006213188171386719,0.96728515625,0.0
geometry_dropout,test_seen,2737,val:2010_002390:part_52,2010_002390,cow,head,head,0.5364895462989807,0.6983315348625183,0.03927364945411682,0.1549692451953888,1.0,1.0,0.95556640625
geometry_dropout,test_seen,2738,val:2010_002390:part_53,2010_002390,cow,eye,eye,0.2954545319080353,0.45614033937454224,0.0,0.0014945105649530888,0.95703125,1.0,3.516674041748047e-06
geometry_dropout,test_seen,2739,val:2010_002390:part_54,2010_002390,cow,torso,torso,0.46467411518096924,0.6345085501670837,0.06501106917858124,0.34925562143325806,1.0,1.0,0.96630859375
geometry_dropout,test_seen,2740,val:2010_002390:part_57,2010_002390,cow,ear,ear,0.3865979313850403,0.5576208233833313,0.02907915972173214,0.02626889757812023,0.0006213188171386719,0.96728515625,0.0
geometry_dropout,test_seen,2741,val:2010_002390:part_58,2010_002390,cow,muzzle,muzzle,0.7515667080879211,0.8581650853157043,0.03408545255661011,0.10519055277109146,0.982421875,1.0,3.4570693969726562e-06
geometry_dropout,test_seen,2742,val:2010_002422:part_42,2010_002422,cat,tail,tail,0.5766516923904419,0.7314890027046204,0.11798839271068573,0.07151304930448532,0.986328125,1.0,6.556510925292969e-07
geometry_dropout,test_seen,2743,val:2010_002422:part_43,2010_002422,cat,head,head,0.7322933077812195,0.8454610705375671,0.05494505539536476,0.18662777543067932,1.0,1.0,0.95556640625
geometry_dropout,test_seen,2744,val:2010_002422:part_44,2010_002422,cat,eye,eye,0.2305629998445511,0.37472766637802124,0.0,0.01261531189084053,0.95703125,1.0,3.516674041748047e-06
geometry_dropout,test_seen,2745,val:2010_002422:part_45,2010_002422,cat,torso,torso,0.5841606855392456,0.7375018000602722,0.04890148714184761,0.4144130051136017,1.0,1.0,0.96630859375
geometry_dropout,test_seen,2746,val:2010_002422:part_46,2010_002422,cat,neck,neck,0.07407407462596893,0.13793103396892548,0.011560693383216858,0.012378774583339691,1.0,1.0,0.96630859375
geometry_dropout,test_seen,2747,val:2010_002422:part_47,2010_002422,cat,leg,leg,0.38397085666656494,0.5548828840255737,0.03712918609380722,0.1871008425951004,0.9990234375,1.0,9.5367431640625e-07
geometry_dropout,test_seen,2748,val:2010_002422:part_48,2010_002422,cat,nose,nose,0.1812865436077118,0.30693069100379944,0.0,0.0026807538233697414,0.026153564453125,0.994140625,0.0
geometry_dropout,test_seen,2749,val:2010_002422:part_49,2010_002422,cat,paw,paw,0.0,0.0,0.2542372941970825,0.0007884569931775331,0.99072265625,1.0,2.384185791015625e-07
geometry_dropout,test_seen,2750,val:2010_002422:part_50,2010_002422,cat,ear,ear,0.5672205686569214,0.7238554358482361,0.23005421459674835,0.06181502714753151,0.0006213188171386719,0.96728515625,0.0
geometry_dropout,test_seen,2751,val:2010_002512:part_42,2010_002512,cat,tail,tail,0.4819004535675049,0.6503816843032837,0.14789533615112305,0.07718481123447418,0.986328125,1.0,6.556510925292969e-07
geometry_dropout,test_seen,2752,val:2010_002512:part_43,2010_002512,cat,head,head,0.4539385735988617,0.6244260668754578,0.1963685303926468,0.12374641746282578,1.0,1.0,0.95556640625
geometry_dropout,test_seen,2753,val:2010_002512:part_44,2010_002512,cat,eye,eye,0.0,0.0,0.0,0.0030444127041846514,0.95703125,1.0,3.516674041748047e-06
geometry_dropout,test_seen,2754,val:2010_002512:part_45,2010_002512,cat,torso,torso,0.7928336262702942,0.8844475150108337,0.09328046441078186,0.7009312510490417,1.0,1.0,0.96630859375
geometry_dropout,test_seen,2755,val:2010_002512:part_46,2010_002512,cat,neck,neck,0.1746031790971756,0.29729729890823364,0.02964652143418789,0.02847421169281006,1.0,1.0,0.96630859375
geometry_dropout,test_seen,2756,val:2010_002512:part_48,2010_002512,cat,nose,nose,0.0,0.0,0.1358024626970291,0.0010744985193014145,0.026153564453125,0.994140625,0.0
geometry_dropout,test_seen,2757,val:2010_002512:part_50,2010_002512,cat,ear,ear,0.19611307978630066,0.32791727781295776,0.24809160828590393,0.027399713173508644,0.0006213188171386719,0.96728515625,0.0
geometry_dropout,test_seen,2758,val:2010_002531:part_42,2010_002531,cat,tail,tail,0.4307580292224884,0.6021395921707153,0.45961228013038635,0.10288065671920776,0.986328125,1.0,6.556510925292969e-07
geometry_dropout,test_seen,2759,val:2010_002531:part_43,2010_002531,cat,head,head,0.7268579006195068,0.8418270945549011,0.037634409964084625,0.16475096344947815,1.0,1.0,0.95556640625
geometry_dropout,test_seen,2760,val:2010_002531:part_44,2010_002531,cat,eye,eye,0.10638298094272614,0.19230769574642181,0.0,0.004540939349681139,0.95703125,1.0,3.516674041748047e-06
geometry_dropout,test_seen,2761,val:2010_002531:part_45,2010_002531,cat,torso,torso,0.5431383848190308,0.7039399743080139,0.07913529872894287,0.3993188738822937,1.0,1.0,0.96630859375
geometry_dropout,test_seen,2762,val:2010_002531:part_46,2010_002531,cat,neck,neck,0.2703448235988617,0.4256243109703064,0.03873744606971741,0.03178657591342926,1.0,1.0,0.96630859375
geometry_dropout,test_seen,2763,val:2010_002531:part_47,2010_002531,cat,leg,leg,0.3042452931404114,0.46654611825942993,0.08393285423517227,0.09649496525526047,0.9990234375,1.0,9.5367431640625e-07
geometry_dropout,test_seen,2764,val:2010_002531:part_48,2010_002531,cat,nose,nose,0.023255813866853714,0.04545454680919647,0.0,0.002838087035343051,0.026153564453125,0.994140625,0.0
geometry_dropout,test_seen,2765,val:2010_002531:part_49,2010_002531,cat,paw,paw,0.2947761118412018,0.455331414937973,0.36147186160087585,0.03292180970311165,0.99072265625,1.0,2.384185791015625e-07
geometry_dropout,test_seen,2766,val:2010_002531:part_50,2010_002531,cat,ear,ear,0.6322795152664185,0.7747196555137634,0.3075571060180664,0.058464594185352325,0.0006213188171386719,0.96728515625,0.0
geometry_dropout,test_seen,2767,val:2010_002536:part_6,2010_002536,bicycle,wheel,wheel,0.04957904666662216,0.09447415173053741,0.7979942560195923,0.25298330187797546,0.99853515625,1.0,8.881092071533203e-06
geometry_dropout,test_seen,2768,val:2010_002546:part_22,2010_002546,bus,wheel,wheel,0.17551462352275848,0.29861751198768616,0.1596958190202713,0.022444646805524826,0.99853515625,1.0,8.881092071533203e-06
geometry_dropout,test_seen,2769,val:2010_002546:part_25,2010_002546,bus,side,side,0.20904821157455444,0.3458062410354614,0.08079509437084198,0.18971791863441467,1.0,1.0,0.0604248046875
geometry_dropout,test_seen,2770,val:2010_002546:part_27,2010_002546,bus,roof,roof,0.011510791257023811,0.02275960147380829,0.0,0.028814073652029037,1.0,1.0,0.99267578125
geometry_dropout,test_seen,2771,val:2010_002546:part_31,2010_002546,bus,window,window,0.19069650769233704,0.3203108608722687,0.018877485767006874,0.12352138012647629,1.0,1.0,0.327880859375
geometry_dropout,test_seen,2772,val:2010_002623:part_83,2010_002623,person,head,head,0.7724812626838684,0.871638298034668,0.03132332116365433,0.49771788716316223,1.0,1.0,0.95556640625
geometry_dropout,test_seen,2773,val:2010_002623:part_84,2010_002623,person,eye,eye,0.38461539149284363,0.5555555820465088,0.0,0.018764037638902664,0.95703125,1.0,3.516674041748047e-06
geometry_dropout,test_seen,2774,val:2010_002623:part_85,2010_002623,person,torso,torso,0.19283339381217957,0.3233199119567871,0.047673970460891724,0.0454973541200161,1.0,1.0,0.96630859375
geometry_dropout,test_seen,2775,val:2010_002623:part_89,2010_002623,person,nose,nose,0.6029900312423706,0.7523316144943237,0.0,0.028472071513533592,0.026153564453125,0.994140625,0.0
geometry_dropout,test_seen,2776,val:2010_002623:part_90,2010_002623,person,ear,ear,0.27254509925842285,0.4283464550971985,0.2430107593536377,0.012316162697970867,0.0006213188171386719,0.96728515625,0.0
geometry_dropout,test_seen,2777,val:2010_002623:part_91,2010_002623,person,eyebrow,eyebrow,0.11743772029876709,0.21019108593463898,0.0,0.0060856337659060955,0.0008230209350585938,0.5947265625,0.0
geometry_dropout,test_seen,2778,val:2010_002623:part_92,2010_002623,person,mouth,mouth,0.40840840339660645,0.5799573659896851,0.0,0.018256900832057,1.0,1.0,0.48486328125
geometry_dropout,test_seen,2779,val:2010_002623:part_93,2010_002623,person,hair,hair,0.4706158936023712,0.6400255560874939,0.145745187997818,0.14504092931747437,1.0,1.0,0.927734375
geometry_dropout,test_seen,2780,val:2010_002623:part_94,2010_002623,person,lower arm,lower arm,0.05693069472908974,0.10772833973169327,0.03723404183983803,0.007389697711914778,0.525390625,1.0,0.0
geometry_dropout,test_seen,2781,val:2010_002623:part_95,2010_002623,person,upper arm,upper arm,0.8091897368431091,0.8945327401161194,0.006182380020618439,0.1861914098262787,0.06964111328125,0.99853515625,0.0
geometry_dropout,test_seen,2782,val:2010_002682:part_83,2010_002682,person,head,head,0.0,0.0,0.0,0.06818182021379471,1.0,1.0,0.95556640625
geometry_dropout,test_seen,2783,val:2010_002682:part_85,2010_002682,person,torso,torso,0.0,0.0,0.0,0.5227272510528564,1.0,1.0,0.96630859375
geometry_dropout,test_seen,2784,val:2010_002691:part_71,2010_002691,horse,head,head,0.6748998761177063,0.8058987855911255,0.04500703141093254,0.07572274655103683,1.0,1.0,0.95556640625
geometry_dropout,test_seen,2785,val:2010_002691:part_72,2010_002691,horse,eye,eye,0.2777777910232544,0.43478259444236755,0.10810811072587967,0.0038314175326377153,0.95703125,1.0,3.516674041748047e-06
geometry_dropout,test_seen,2786,val:2010_002691:part_73,2010_002691,horse,torso,torso,0.8043187260627747,0.8915483951568604,0.06296764314174652,0.5986067652702332,1.0,1.0,0.96630859375
geometry_dropout,test_seen,2787,val:2010_002691:part_74,2010_002691,horse,neck,neck,0.8130303025245667,0.8968744874000549,0.08601134270429611,0.19568094611167908,1.0,1.0,0.96630859375
geometry_dropout,test_seen,2788,val:2010_002691:part_75,2010_002691,horse,leg,leg,0.5635718703269958,0.720877468585968,0.32136446237564087,0.06778126209974289,0.9990234375,1.0,9.5367431640625e-07
geometry_dropout,test_seen,2789,val:2010_002691:part_76,2010_002691,horse,ear,ear,0.25573769211769104,0.40731069445610046,0.3552631437778473,0.005503308959305286,0.0006213188171386719,0.96728515625,0.0
geometry_dropout,test_seen,2790,val:2010_002691:part_77,2010_002691,horse,muzzle,muzzle,0.5722996592521667,0.7279778122901917,0.12789620459079742,0.050574712455272675,0.982421875,1.0,3.4570693969726562e-06
geometry_dropout,test_seen,2791,val:2010_002693:part_43,2010_002693,cat,head,head,0.7102102041244507,0.8305531144142151,0.014827017672359943,0.21195219457149506,1.0,1.0,0.95556640625
geometry_dropout,test_seen,2792,val:2010_002693:part_44,2010_002693,cat,eye,eye,0.07999999821186066,0.14814814925193787,0.0,0.0123505974188447,0.95703125,1.0,3.516674041748047e-06
geometry_dropout,test_seen,2793,val:2010_002693:part_45,2010_002693,cat,torso,torso,0.6625155806541443,0.7970037460327148,0.06926952302455902,0.43107569217681885,1.0,1.0,0.96630859375
geometry_dropout,test_seen,2794,val:2010_002693:part_46,2010_002693,cat,neck,neck,0.5341772437095642,0.6963696479797363,0.013245033100247383,0.1211155354976654,1.0,1.0,0.96630859375
geometry_dropout,test_seen,2795,val:2010_002693:part_47,2010_002693,cat,leg,leg,0.288837730884552,0.4482142925262451,0.244746595621109,0.12390438467264175,0.9990234375,1.0,9.5367431640625e-07
geometry_dropout,test_seen,2796,val:2010_002693:part_48,2010_002693,cat,nose,nose,0.0625,0.11764705926179886,0.0,0.004382470156997442,0.026153564453125,0.994140625,0.0
geometry_dropout,test_seen,2797,val:2010_002693:part_49,2010_002693,cat,paw,paw,0.23636363446712494,0.38235294818878174,0.6566037535667419,0.029880478978157043,0.99072265625,1.0,2.384185791015625e-07
geometry_dropout,test_seen,2798,val:2010_002693:part_50,2010_002693,cat,ear,ear,0.26744186878204346,0.4220183491706848,0.41992881894111633,0.06175298988819122,0.0006213188171386719,0.96728515625,0.0
geometry_dropout,test_seen,2799,val:2010_002701:part_52,2010_002701,cow,head,head,0.0,0.0,0.0,0.14102564752101898,1.0,1.0,0.95556640625
geometry_dropout,test_seen,2800,val:2010_002701:part_54,2010_002701,cow,torso,torso,0.5348837375640869,0.6969696879386902,0.14814814925193787,0.75,1.0,1.0,0.96630859375
geometry_dropout,test_seen,2801,val:2010_002701:part_55,2010_002701,cow,neck,neck,0.0,0.0,0.0,0.057692307978868484,1.0,1.0,0.96630859375
geometry_dropout,test_seen,2802,val:2010_002701:part_56,2010_002701,cow,leg,leg,0.046357616782188416,0.08860759437084198,0.54666668176651,0.05128205195069313,0.9990234375,1.0,9.5367431640625e-07
geometry_dropout,test_seen,2803,val:2010_002763:part_43,2010_002763,cat,head,head,0.0,0.0,0.0,0.04536082595586777,1.0,1.0,0.95556640625
geometry_dropout,test_seen,2804,val:2010_002763:part_45,2010_002763,cat,torso,torso,0.45530393719673157,0.6257166266441345,0.005181347019970417,0.8608247637748718,1.0,1.0,0.96630859375
geometry_dropout,test_seen,2805,val:2010_002763:part_47,2010_002763,cat,leg,leg,0.0,0.0,1.0,0.05979381501674652,0.9990234375,1.0,9.5367431640625e-07
geometry_dropout,test_seen,2806,val:2010_002763:part_49,2010_002763,cat,paw,paw,0.0,0.0,1.0,0.028865979984402657,0.99072265625,1.0,2.384185791015625e-07
geometry_dropout,test_seen,2807,val:2010_002763:part_83,2010_002763,person,head,head,0.0,0.0,0.0,0.00027352297911420465,1.0,1.0,0.95556640625
geometry_dropout,test_seen,2808,val:2010_002763:part_90,2010_002763,person,ear,ear,0.0,0.0,0.0,0.00027352297911420465,0.0006213188171386719,0.96728515625,0.0
geometry_dropout,test_seen,2809,val:2010_002792:part_83,2010_002792,person,head,head,0.21199999749660492,0.34983497858047485,0.0,0.043988004326820374,1.0,1.0,0.95556640625
geometry_dropout,test_seen,2810,val:2010_002792:part_85,2010_002792,person,torso,torso,0.395539253950119,0.5668622255325317,0.09116727858781815,0.12923748791217804,1.0,1.0,0.96630859375
geometry_dropout,test_seen,2811,val:2010_002792:part_87,2010_002792,person,leg,leg,0.3160979747772217,0.48035627603530884,0.23943054676055908,0.15004998445510864,0.9990234375,1.0,9.5367431640625e-07
geometry_dropout,test_seen,2812,val:2010_002792:part_89,2010_002792,person,nose,nose,0.0,0.0,0.0,0.008997546508908272,0.026153564453125,0.994140625,0.0
geometry_dropout,test_seen,2813,val:2010_002792:part_93,2010_002792,person,hair,hair,0.8282208442687988,0.9060402512550354,0.03917558118700981,0.4785967469215393,1.0,1.0,0.927734375
geometry_dropout,test_seen,2814,val:2010_002792:part_94,2010_002792,person,lower arm,lower arm,0.2863140106201172,0.44516971707344055,0.22660943865776062,0.033354539424180984,0.525390625,1.0,0.0
geometry_dropout,test_seen,2815,val:2010_002792:part_95,2010_002792,person,upper arm,upper arm,0.4112192988395691,0.5827857851982117,0.16244849562644958,0.12223938852548599,0.06964111328125,0.99853515625,0.0
geometry_dropout,test_seen,2816,val:2010_002792:part_96,2010_002792,person,hand,hand,0.38743454217910767,0.5584905743598938,0.2210526317358017,0.015450331382453442,0.99755859375,1.0,4.756450653076172e-05
geometry_dropout,test_seen,2817,val:2010_002868:part_23,2010_002868,bus,headlight,headlight,0.1762917935848236,0.29974159598350525,0.0,0.008820286951959133,1.0,1.0,0.137939453125
geometry_dropout,test_seen,2818,val:2010_002868:part_24,2010_002868,bus,front,front,0.6255927681922913,0.7696795463562012,0.05934935435652733,0.41102534532546997,1.0,1.0,0.8779296875
geometry_dropout,test_seen,2819,val:2010_002868:part_28,2010_002868,bus,mirror,mirror,0.0,0.0,0.0,0.0018963615875691175,0.84912109375,1.0,4.231929779052734e-06
geometry_dropout,test_seen,2820,val:2010_002868:part_31,2010_002868,bus,window,window,0.5477758049964905,0.7078231573104858,0.009482930414378643,0.24255788326263428,1.0,1.0,0.327880859375
geometry_dropout,test_seen,2821,val:2010_002900:part_43,2010_002900,cat,head,head,0.6009100079536438,0.7507105469703674,0.05243976414203644,0.2068498432636261,1.0,1.0,0.95556640625
geometry_dropout,test_seen,2822,val:2010_002900:part_44,2010_002900,cat,eye,eye,0.3735955059528351,0.5439673066139221,0.0,0.005175587721168995,0.95703125,1.0,3.516674041748047e-06
geometry_dropout,test_seen,2823,val:2010_002900:part_45,2010_002900,cat,torso,torso,0.6177025437355042,0.763678789138794,0.052299320697784424,0.4849768877029419,1.0,1.0,0.96630859375
geometry_dropout,test_seen,2824,val:2010_002900:part_46,2010_002900,cat,neck,neck,0.4091392159461975,0.5806938409805298,0.014841780997812748,0.06019660457968712,1.0,1.0,0.96630859375
geometry_dropout,test_seen,2825,val:2010_002900:part_47,2010_002900,cat,leg,leg,0.39220625162124634,0.5634312629699707,0.1593688428401947,0.21247698366641998,0.9990234375,1.0,9.5367431640625e-07
geometry_dropout,test_seen,2826,val:2010_002900:part_48,2010_002900,cat,nose,nose,0.08045977354049683,0.1489361673593521,0.0,0.0022578067146241665,0.026153564453125,0.994140625,0.0
geometry_dropout,test_seen,2827,val:2010_002900:part_50,2010_002900,cat,ear,ear,0.49484536051750183,0.6620689630508423,0.29209980368614197,0.01695091836154461,0.0006213188171386719,0.96728515625,0.0
geometry_dropout,test_seen,2828,val:2010_002921:part_115,2010_002921,tvmonitor,screen,screen,0.2672535181045532,0.42178383469581604,0.010204081423580647,0.17524082958698273,1.0,1.0,0.98779296875
geometry_dropout,test_seen,2829,val:2010_002929:part_83,2010_002929,person,head,head,0.0810810774564743,0.15000000596046448,0.036363635212183,0.0024032683577388525,1.0,1.0,0.95556640625
geometry_dropout,test_seen,2830,val:2010_002929:part_85,2010_002929,person,torso,torso,0.4610472619533539,0.631118893623352,0.13921113312244415,0.23912520706653595,1.0,1.0,0.96630859375
geometry_dropout,test_seen,2831,val:2010_002929:part_86,2010_002929,person,neck,neck,0.3935483992099762,0.5648148059844971,0.05228758230805397,0.015140591189265251,1.0,1.0,0.96630859375
geometry_dropout,test_seen,2832,val:2010_002929:part_87,2010_002929,person,leg,leg,0.32556331157684326,0.4912075102329254,0.17237308621406555,0.2064407616853714,0.9990234375,1.0,9.5367431640625e-07
geometry_dropout,test_seen,2833,val:2010_002929:part_90,2010_002929,person,ear,ear,0.0,0.0,0.0,0.00048042277921922505,0.0006213188171386719,0.96728515625,0.0
geometry_dropout,test_seen,2834,val:2010_002929:part_93,2010_002929,person,hair,hair,0.6341463327407837,0.7761194109916687,0.02255639061331749,0.04854602366685867,1.0,1.0,0.927734375
geometry_dropout,test_seen,2835,val:2010_002929:part_94,2010_002929,person,lower arm,lower arm,0.17692308127880096,0.3006536066532135,0.4571428596973419,0.019947128370404243,0.525390625,1.0,0.0
geometry_dropout,test_seen,2836,val:2010_002929:part_95,2010_002929,person,upper arm,upper arm,0.17774762213230133,0.3018433153629303,0.3474387526512146,0.10069695115089417,0.06964111328125,0.99853515625,0.0
geometry_dropout,test_seen,2837,val:2010_002929:part_96,2010_002929,person,hand,hand,0.0,0.0,1.0,0.008171112276613712,0.99755859375,1.0,4.756450653076172e-05
geometry_dropout,test_seen,2838,val:2010_002939:part_0,2010_002939,aeroplane,body,body,0.29913607239723206,0.4605153799057007,0.13803230226039886,0.24762406945228577,1.0,1.0,0.94677734375
geometry_dropout,test_seen,2839,val:2010_002939:part_1,2010_002939,aeroplane,stern,stern,0.524193525314331,0.6878306865692139,0.1414538323879242,0.1099964827299118,1.0,1.0,0.11859130859375
geometry_dropout,test_seen,2840,val:2010_002939:part_2,2010_002939,aeroplane,wing,wing,0.3850845694541931,0.5560448169708252,0.2684077024459839,0.3940514028072357,0.98779296875,1.0,1.3649463653564453e-05
geometry_dropout,test_seen,2841,val:2010_002939:part_3,2010_002939,aeroplane,tail,tail,0.0,0.0,0.0,0.00017599436978343874,0.986328125,1.0,6.556510925292969e-07
geometry_dropout,test_seen,2842,val:2010_002939:part_4,2010_002939,aeroplane,engine,engine,0.2002224624156952,0.33364227414131165,0.15864022076129913,0.13481168448925018,0.9951171875,1.0,2.300739288330078e-05
geometry_dropout,test_seen,2843,val:2010_002939:part_5,2010_002939,aeroplane,wheel,wheel,0.3742690086364746,0.5446808338165283,0.22680412232875824,0.031502991914749146,0.99853515625,1.0,8.881092071533203e-06
geometry_dropout,test_seen,2844,val:2010_003014:part_83,2010_003014,person,head,head,0.37318840622901917,0.5435356497764587,0.0014326648088172078,0.028608666732907295,1.0,1.0,0.95556640625
geometry_dropout,test_seen,2845,val:2010_003014:part_84,2010_003014,person,eye,eye,0.0,0.0,0.0,0.00045617466093972325,0.95703125,1.0,3.516674041748047e-06
geometry_dropout,test_seen,2846,val:2010_003014:part_85,2010_003014,person,torso,torso,0.4254612624645233,0.5969454050064087,0.07620818167924881,0.07644183933734894,1.0,1.0,0.96630859375
geometry_dropout,test_seen,2847,val:2010_003014:part_86,2010_003014,person,neck,neck,0.14973261952400208,0.2604651153087616,0.0,0.010557184927165508,1.0,1.0,0.96630859375
geometry_dropout,test_seen,2848,val:2010_003014:part_87,2010_003014,person,leg,leg,0.24028268456459045,0.38746437430381775,0.17880794405937195,0.016226783394813538,0.9990234375,1.0,9.5367431640625e-07
geometry_dropout,test_seen,2849,val:2010_003014:part_89,2010_003014,person,nose,nose,0.0,0.0,0.0,0.002541544381529093,0.026153564453125,0.994140625,0.0
geometry_dropout,test_seen,2850,val:2010_003014:part_90,2010_003014,person,ear,ear,0.0,0.0,1.0,0.0013685239246115088,0.0006213188171386719,0.96728515625,0.0
geometry_dropout,test_seen,2851,val:2010_003014:part_91,2010_003014,person,eyebrow,eyebrow,0.0,0.0,0.0,6.51678055874072e-05,0.0008230209350585938,0.5947265625,0.0
geometry_dropout,test_seen,2852,val:2010_003014:part_92,2010_003014,person,mouth,mouth,0.0,0.0,0.0,0.0027370478492230177,1.0,1.0,0.48486328125
geometry_dropout,test_seen,2853,val:2010_003014:part_93,2010_003014,person,hair,hair,0.2848410904407501,0.4433872401714325,0.21833227574825287,0.03460410609841347,1.0,1.0,0.927734375
geometry_dropout,test_seen,2854,val:2010_003014:part_94,2010_003014,person,lower arm,lower arm,0.27840909361839294,0.4355555474758148,0.15530303120613098,0.019159335643053055,0.525390625,1.0,0.0
geometry_dropout,test_seen,2855,val:2010_003014:part_95,2010_003014,person,upper arm,upper arm,0.39545688033103943,0.5667776465415955,0.07313109189271927,0.05584881082177162,0.06964111328125,0.99853515625,0.0
geometry_dropout,test_seen,2856,val:2010_003014:part_96,2010_003014,person,hand,hand,0.19649122655391693,0.32844576239585876,0.251318097114563,0.007363962009549141,0.99755859375,1.0,4.756450653076172e-05
geometry_dropout,test_seen,2857,val:2010_003127:part_0,2010_003127,aeroplane,body,body,0.181179016828537,0.3067765533924103,0.5210497379302979,0.2589350938796997,1.0,1.0,0.94677734375
geometry_dropout,test_seen,2858,val:2010_003127:part_1,2010_003127,aeroplane,stern,stern,0.6352357268333435,0.7769347429275513,0.30245232582092285,0.21298322081565857,1.0,1.0,0.11859130859375
geometry_dropout,test_seen,2859,val:2010_003127:part_2,2010_003127,aeroplane,wing,wing,0.04753819853067398,0.09076175093650818,0.5466893315315247,0.020423049107193947,0.98779296875,1.0,1.3649463653564453e-05
geometry_dropout,test_seen,2860,val:2010_003127:part_4,2010_003127,aeroplane,engine,engine,0.37404578924179077,0.5444444417953491,0.3073170781135559,0.11305616050958633,0.9951171875,1.0,2.300739288330078e-05
geometry_dropout,test_seen,2861,val:2010_003127:part_5,2010_003127,aeroplane,wheel,wheel,0.04958677664399147,0.09448818862438202,0.791304349899292,0.008752735331654549,0.99853515625,1.0,8.881092071533203e-06
geometry_dropout,test_seen,2862,val:2010_003132:part_0,2010_003132,aeroplane,body,body,0.2937076985836029,0.4540557265281677,0.2406153827905655,0.18598784506320953,1.0,1.0,0.94677734375
geometry_dropout,test_seen,2863,val:2010_003132:part_1,2010_003132,aeroplane,stern,stern,0.09063444286584854,0.16620498895645142,0.0,0.03577571362257004,1.0,1.0,0.11859130859375
geometry_dropout,test_seen,2864,val:2010_003132:part_2,2010_003132,aeroplane,wing,wing,0.4542652666568756,0.6247351169586182,0.3701917231082916,0.5640408396720886,0.98779296875,1.0,1.3649463653564453e-05
geometry_dropout,test_seen,2865,val:2010_003183:part_52,2010_003183,cow,head,head,0.5144312381744385,0.6793721914291382,0.23191489279270172,0.25653496384620667,1.0,1.0,0.95556640625
geometry_dropout,test_seen,2866,val:2010_003183:part_53,2010_003183,cow,eye,eye,0.0,0.0,0.0,0.012158054858446121,0.95703125,1.0,3.516674041748047e-06
geometry_dropout,test_seen,2867,val:2010_003183:part_54,2010_003183,cow,torso,torso,0.04692556709051132,0.08964451402425766,0.4313725531101227,0.3623100221157074,1.0,1.0,0.96630859375
geometry_dropout,test_seen,2868,val:2010_003183:part_57,2010_003183,cow,ear,ear,0.6146572232246399,0.7613469958305359,0.16045844554901123,0.2030395120382309,0.0006213188171386719,0.96728515625,0.0
geometry_dropout,test_seen,2869,val:2010_003183:part_58,2010_003183,cow,muzzle,muzzle,0.3128654956817627,0.47661471366882324,0.5582089424133301,0.06930091232061386,0.982421875,1.0,3.4570693969726562e-06
geometry_dropout,test_seen,2870,val:2010_003183:part_59,2010_003183,cow,horn,horn,0.012000000104308128,0.023715414106845856,0.07373271882534027,0.021884499117732048,0.0299224853515625,0.9990234375,0.0
geometry_dropout,test_seen,2871,val:2010_003239:part_52,2010_003239,cow,head,head,0.3815513551235199,0.5523520708084106,0.16809116303920746,0.03475513309240341,1.0,1.0,0.95556640625
geometry_dropout,test_seen,2872,val:2010_003239:part_53,2010_003239,cow,eye,eye,0.0,0.0,0.0,0.0013540961081162095,0.95703125,1.0,3.516674041748047e-06
geometry_dropout,test_seen,2873,val:2010_003239:part_54,2010_003239,cow,torso,torso,0.30754587054252625,0.47041693329811096,0.09202912449836731,0.24802528321743011,1.0,1.0,0.96630859375
geometry_dropout,test_seen,2874,val:2010_003239:part_56,2010_003239,cow,leg,leg,0.2985232174396515,0.45978879928588867,0.3400886654853821,0.0996389091014862,0.9990234375,1.0,9.5367431640625e-07
geometry_dropout,test_seen,2875,val:2010_003239:part_57,2010_003239,cow,ear,ear,0.285035640001297,0.4436229169368744,0.4041095972061157,0.028097495436668396,0.0006213188171386719,0.96728515625,0.0
geometry_dropout,test_seen,2876,val:2010_003239:part_58,2010_003239,cow,muzzle,muzzle,0.43171805143356323,0.6030769348144531,0.34355828166007996,0.03644775599241257,0.982421875,1.0,3.4570693969726562e-06
geometry_dropout,test_seen,2877,val:2010_003239:part_83,2010_003239,person,head,head,0.0,0.0,0.0,0.0004943153471685946,1.0,1.0,0.95556640625
geometry_dropout,test_seen,2878,val:2010_003239:part_85,2010_003239,person,torso,torso,0.0,0.0,0.041214749217033386,0.0019772613886743784,1.0,1.0,0.96630859375
geometry_dropout,test_seen,2879,val:2010_003239:part_90,2010_003239,person,ear,ear,0.0,0.0,1.0,0.0004943153471685946,0.0006213188171386719,0.96728515625,0.0
geometry_dropout,test_seen,2880,val:2010_003275:part_43,2010_003275,cat,head,head,0.6321279406547546,0.7746058702468872,0.097887322306633,0.1299593448638916,1.0,1.0,0.95556640625
geometry_dropout,test_seen,2881,val:2010_003275:part_45,2010_003275,cat,torso,torso,0.8073532581329346,0.8934094905853271,0.10954616218805313,0.5513809323310852,1.0,1.0,0.96630859375
geometry_dropout,test_seen,2882,val:2010_003275:part_47,2010_003275,cat,leg,leg,0.39288702607154846,0.56413334608078,0.11893890053033829,0.28865835070610046,0.9990234375,1.0,9.5367431640625e-07
geometry_dropout,test_seen,2883,val:2010_003275:part_50,2010_003275,cat,ear,ear,0.12114989757537842,0.21611721813678741,0.5135135054588318,0.024674050509929657,0.0006213188171386719,0.96728515625,0.0
geometry_dropout,test_seen,2884,val:2010_003293:part_6,2010_003293,bicycle,wheel,wheel,0.0,0.0,0.8571428656578064,0.2957746386528015,0.99853515625,1.0,8.881092071533203e-06
geometry_dropout,test_seen,2885,val:2010_003293:part_9,2010_003293,bicycle,chainwheel,chainwheel,0.0,0.0,0.0,0.014084506779909134,0.8896484375,1.0,5.960464477539063e-08
geometry_dropout,test_seen,2886,val:2010_003302:part_97,2010_003302,pottedplant,pot,pot,0.4948665201663971,0.6620879173278809,0.1599999964237213,0.12511251866817474,0.99755859375,1.0,4.76837158203125e-06
geometry_dropout,test_seen,2887,val:2010_003302:part_98,2010_003302,pottedplant,plant,plant,0.6684454083442688,0.8012793064117432,0.30236729979515076,0.8559855818748474,1.0,1.0,0.6298828125
geometry_dropout,test_seen,2888,val:2010_003325:part_83,2010_003325,person,head,head,0.6279401183128357,0.7714536190032959,0.008875739760696888,0.1054060161113739,1.0,1.0,0.95556640625
geometry_dropout,test_seen,2889,val:2010_003325:part_84,2010_003325,person,eye,eye,0.09543568640947342,0.17424242198467255,0.0,0.004863153211772442,0.95703125,1.0,3.516674041748047e-06
geometry_dropout,test_seen,2890,val:2010_003325:part_85,2010_003325,person,torso,torso,0.7269093990325928,0.8418616652488708,0.042041365057229996,0.3766116201877594,1.0,1.0,0.96630859375
geometry_dropout,test_seen,2891,val:2010_003325:part_89,2010_003325,person,nose,nose,0.6557376980781555,0.7920792102813721,0.0,0.010065595619380474,0.026153564453125,0.994140625,0.0
geometry_dropout,test_seen,2892,val:2010_003325:part_90,2010_003325,person,ear,ear,0.14364640414714813,0.25120773911476135,0.12820513546466827,0.005767925642430782,0.0006213188171386719,0.96728515625,0.0
geometry_dropout,test_seen,2893,val:2010_003325:part_92,2010_003325,person,mouth,mouth,0.17177914083003998,0.2931937277317047,0.0,0.003958380315452814,1.0,1.0,0.48486328125
geometry_dropout,test_seen,2894,val:2010_003325:part_93,2010_003325,person,hair,hair,0.7995073795318604,0.8885847330093384,0.08337675780057907,0.19610947370529175,1.0,1.0,0.927734375
geometry_dropout,test_seen,2895,val:2010_003325:part_94,2010_003325,person,lower arm,lower arm,0.4564434885978699,0.6267918944358826,0.022620905190706253,0.08380457013845444,0.525390625,1.0,0.0
geometry_dropout,test_seen,2896,val:2010_003325:part_95,2010_003325,person,upper arm,upper arm,0.6040794849395752,0.7531790137290955,0.03185955807566643,0.1729246824979782,0.06964111328125,0.99853515625,0.0
geometry_dropout,test_seen,2897,val:2010_003325:part_96,2010_003325,person,hand,hand,0.48704662919044495,0.6550522446632385,0.0,0.03472065180540085,0.99755859375,1.0,4.756450653076172e-05
geometry_dropout,test_seen,2898,val:2010_003365:part_0,2010_003365,aeroplane,body,body,0.639224648475647,0.7799109816551208,0.0752619206905365,0.4222516417503357,1.0,1.0,0.94677734375
geometry_dropout,test_seen,2899,val:2010_003365:part_1,2010_003365,aeroplane,stern,stern,0.49713850021362305,0.664118230342865,0.299598753452301,0.2226490080356598,1.0,1.0,0.11859130859375
geometry_dropout,test_seen,2900,val:2010_003365:part_2,2010_003365,aeroplane,wing,wing,0.24583928287029266,0.3946564793586731,0.14890016615390778,0.11218543350696564,0.98779296875,1.0,1.3649463653564453e-05
geometry_dropout,test_seen,2901,val:2010_003365:part_4,2010_003365,aeroplane,engine,engine,0.5650320053100586,0.7220708727836609,0.14204275608062744,0.20728476345539093,0.9951171875,1.0,2.300739288330078e-05
geometry_dropout,test_seen,2902,val:2010_003365:part_5,2010_003365,aeroplane,wheel,wheel,0.0,0.0,0.41217392683029175,0.0018543046899139881,0.99853515625,1.0,8.881092071533203e-06
geometry_dropout,test_seen,2903,val:2010_003381:part_83,2010_003381,person,head,head,0.10659186542034149,0.19264891743659973,0.16282641887664795,0.029651911929249763,1.0,1.0,0.95556640625
geometry_dropout,test_seen,2904,val:2010_003381:part_84,2010_003381,person,eye,eye,0.0,0.0,0.0,0.0004297378472983837,0.95703125,1.0,3.516674041748047e-06
geometry_dropout,test_seen,2905,val:2010_003381:part_85,2010_003381,person,torso,torso,0.08118081092834473,0.15017065405845642,0.33076924085617065,0.01418134942650795,1.0,1.0,0.96630859375
geometry_dropout,test_seen,2906,val:2010_003381:part_86,2010_003381,person,neck,neck,0.0,0.0,0.0,0.01847872883081436,1.0,1.0,0.96630859375
geometry_dropout,test_seen,2907,val:2010_003381:part_89,2010_003381,person,nose,nose,0.0,0.0,0.0,0.002793296007439494,0.026153564453125,0.994140625,0.0
geometry_dropout,test_seen,2908,val:2010_003381:part_90,2010_003381,person,ear,ear,0.0,0.0,0.0,0.0036527717020362616,0.0006213188171386719,0.96728515625,0.0
geometry_dropout,test_seen,2909,val:2010_003381:part_91,2010_003381,person,eyebrow,eyebrow,0.0,0.0,0.0,0.0017189513891935349,0.0008230209350585938,0.5947265625,0.0
geometry_dropout,test_seen,2910,val:2010_003381:part_92,2010_003381,person,mouth,mouth,0.0,0.0,0.0,0.0019338203128427267,1.0,1.0,0.48486328125
geometry_dropout,test_seen,2911,val:2010_003381:part_93,2010_003381,person,hair,hair,0.0,0.0,0.4183267056941986,0.06918779760599136,1.0,1.0,0.927734375
geometry_dropout,test_seen,2912,val:2010_003381:part_94,2010_003381,person,lower arm,lower arm,0.0,0.0,0.1424148678779602,0.011173184029757977,0.525390625,1.0,0.0
geometry_dropout,test_seen,2913,val:2010_003381:part_95,2010_003381,person,upper arm,upper arm,0.07592592388391495,0.14113597571849823,0.21114370226860046,0.051568541675806046,0.06964111328125,0.99853515625,0.0
geometry_dropout,test_seen,2914,val:2010_003402:part_43,2010_003402,cat,head,head,0.5274365544319153,0.6906166076660156,0.11543340235948563,0.08873431384563446,1.0,1.0,0.95556640625
geometry_dropout,test_seen,2915,val:2010_003402:part_44,2010_003402,cat,eye,eye,0.3221476376056671,0.48730963468551636,0.0,0.004875511862337589,0.95703125,1.0,3.516674041748047e-06
geometry_dropout,test_seen,2916,val:2010_003402:part_45,2010_003402,cat,torso,torso,0.7258567214012146,0.8411552309989929,0.08307158201932907,0.5820711255073547,1.0,1.0,0.96630859375
geometry_dropout,test_seen,2917,val:2010_003402:part_46,2010_003402,cat,neck,neck,0.6215816736221313,0.7666362524032593,0.06885919719934464,0.07937333732843399,1.0,1.0,0.96630859375
geometry_dropout,test_seen,2918,val:2010_003402:part_47,2010_003402,cat,leg,leg,0.5210878849029541,0.6851515769958496,0.23922763764858246,0.1818891018629074,0.9990234375,1.0,9.5367431640625e-07
geometry_dropout,test_seen,2919,val:2010_003402:part_48,2010_003402,cat,nose,nose,0.0,0.0,0.4545454680919647,0.001820191158913076,0.026153564453125,0.994140625,0.0
geometry_dropout,test_seen,2920,val:2010_003402:part_49,2010_003402,cat,paw,paw,0.2429906576871872,0.3909774422645569,0.4458598792552948,0.029903139919042587,0.99072265625,1.0,2.384185791015625e-07
geometry_dropout,test_seen,2921,val:2010_003402:part_50,2010_003402,cat,ear,ear,0.4263157844543457,0.5977859497070312,0.15818431973457336,0.023207437247037888,0.0006213188171386719,0.96728515625,0.0
geometry_dropout,test_seen,2922,val:2010_003409:part_83,2010_003409,person,head,head,0.014705882407724857,0.028985507786273956,0.0882352963089943,0.0005630630766972899,1.0,1.0,0.95556640625
geometry_dropout,test_seen,2923,val:2010_003409:part_85,2010_003409,person,torso,torso,0.0,0.0,0.0,0.16385135054588318,1.0,1.0,0.96630859375
geometry_dropout,test_seen,2924,val:2010_003409:part_87,2010_003409,person,leg,leg,0.35782748460769653,0.5270588397979736,0.3510638177394867,0.2668918967247009,0.9990234375,1.0,9.5367431640625e-07
geometry_dropout,test_seen,2925,val:2010_003409:part_88,2010_003409,person,foot,foot,0.16129031777381897,0.2777777910232544,0.8255813717842102,0.012387387454509735,0.99462890625,1.0,2.384185791015625e-07
geometry_dropout,test_seen,2926,val:2010_003409:part_93,2010_003409,person,hair,hair,0.12133891135454178,0.21641790866851807,0.19512194395065308,0.05855855718255043,1.0,1.0,0.927734375
geometry_dropout,test_seen,2927,val:2010_003409:part_94,2010_003409,person,lower arm,lower arm,0.0,0.0,0.12033195048570633,0.0033783784601837397,0.525390625,1.0,0.0
geometry_dropout,test_seen,2928,val:2010_003409:part_95,2010_003409,person,upper arm,upper arm,0.09473684430122375,0.17307692766189575,0.13934426009655,0.028153153136372566,0.06964111328125,0.99853515625,0.0
geometry_dropout,test_seen,2929,val:2010_003409:part_96,2010_003409,person,hand,hand,0.0,0.0,0.7142857313156128,0.0061936937272548676,0.99755859375,1.0,4.756450653076172e-05
geometry_dropout,test_seen,2930,val:2010_003446:part_83,2010_003446,person,head,head,0.0,0.0,0.8613138794898987,0.029112081974744797,1.0,1.0,0.95556640625
geometry_dropout,test_seen,2931,val:2010_003446:part_85,2010_003446,person,torso,torso,0.2952127754688263,0.4558521509170532,0.23924730718135834,0.1673944741487503,1.0,1.0,0.96630859375
geometry_dropout,test_seen,2932,val:2010_003446:part_87,2010_003446,person,leg,leg,0.3576051890850067,0.5268176198005676,0.41827768087387085,0.3930130898952484,0.9990234375,1.0,9.5367431640625e-07
geometry_dropout,test_seen,2933,val:2010_003446:part_88,2010_003446,person,foot,foot,0.0,0.0,0.5555555820465088,0.07423580437898636,0.99462890625,1.0,2.384185791015625e-07
geometry_dropout,test_seen,2934,val:2010_003446:part_90,2010_003446,person,ear,ear,0.0,0.0,0.0,0.0029112081974744797,0.0006213188171386719,0.96728515625,0.0
geometry_dropout,test_seen,2935,val:2010_003446:part_93,2010_003446,person,hair,hair,0.06716418266296387,0.1258741319179535,0.9117646813392639,0.05967976525425911,1.0,1.0,0.927734375
geometry_dropout,test_seen,2936,val:2010_003446:part_94,2010_003446,person,lower arm,lower arm,0.19607843458652496,0.32786884903907776,0.3284313678741455,0.058224163949489594,0.525390625,1.0,0.0
geometry_dropout,test_seen,2937,val:2010_003446:part_95,2010_003446,person,upper arm,upper arm,0.2967033088207245,0.4576271176338196,0.3187134563922882,0.18922853469848633,0.06964111328125,0.99853515625,0.0
geometry_dropout,test_seen,2938,val:2010_003446:part_96,2010_003446,person,hand,hand,0.06666667014360428,0.125,0.5199999809265137,0.021834060549736023,0.99755859375,1.0,4.756450653076172e-05
geometry_dropout,test_seen,2939,val:2010_003468:part_20,2010_003468,bottle,body,body,0.8100071549415588,0.8950319886207581,0.16191165149211884,0.9599733352661133,1.0,1.0,0.94677734375
geometry_dropout,test_seen,2940,val:2010_003468:part_21,2010_003468,bottle,cap,cap,0.33910036087036133,0.5064599514007568,0.3466666638851166,0.03952635079622269,1.0,1.0,0.453125
geometry_dropout,test_seen,2941,val:2010_003495:part_0,2010_003495,aeroplane,body,body,0.5797050595283508,0.7339408993721008,0.22171469032764435,0.37171125411987305,1.0,1.0,0.94677734375
geometry_dropout,test_seen,2942,val:2010_003495:part_1,2010_003495,aeroplane,stern,stern,0.6271551847457886,0.7708609104156494,0.19922380149364471,0.16572970151901245,1.0,1.0,0.11859130859375
geometry_dropout,test_seen,2943,val:2010_003495:part_2,2010_003495,aeroplane,wing,wing,0.48765239119529724,0.6555998921394348,0.32766225934028625,0.3564200699329376,0.98779296875,1.0,1.3649463653564453e-05
geometry_dropout,test_seen,2944,val:2010_003495:part_4,2010_003495,aeroplane,engine,engine,0.482706755399704,0.6511155962944031,0.1867145448923111,0.09646952897310257,0.9951171875,1.0,2.300739288330078e-05
geometry_dropout,test_seen,2945,val:2010_003514:part_108,2010_003514,train,headlight,headlight,0.0,0.0,0.0,0.0016566264675930142,1.0,1.0,0.137939453125
geometry_dropout,test_seen,2946,val:2010_003514:part_109,2010_003514,train,head,head,0.0,0.0,0.1492537260055542,0.008885541930794716,1.0,1.0,0.95556640625
geometry_dropout,test_seen,2947,val:2010_003514:part_110,2010_003514,train,front,front,0.7716307640075684,0.8710966110229492,0.06832901388406754,0.3644578456878662,1.0,1.0,0.8779296875
geometry_dropout,test_seen,2948,val:2010_003514:part_111,2010_003514,train,side,side,0.5598428845405579,0.7178195714950562,0.143057182431221,0.3713855445384979,1.0,1.0,0.0604248046875
geometry_dropout,test_seen,2949,val:2010_003514:part_113,2010_003514,train,roof,roof,0.42917191982269287,0.6005882620811462,0.007263922598212957,0.20105421543121338,1.0,1.0,0.99267578125
geometry_dropout,test_seen,2950,val:2010_003514:part_114,2010_003514,train,coach,coach,0.029844291508197784,0.05795884132385254,0.07937200367450714,0.013253011740744114,1.0,1.0,0.90087890625
geometry_dropout,test_seen,2951,val:2010_003532:part_70,2010_003532,horse,tail,tail,0.3642483055591583,0.5339912176132202,0.3222222328186035,0.043660011142492294,0.986328125,1.0,6.556510925292969e-07
geometry_dropout,test_seen,2952,val:2010_003532:part_71,2010_003532,horse,head,head,0.6131665110588074,0.7602023482322693,0.07864554971456528,0.08778448402881622,1.0,1.0,0.95556640625
geometry_dropout,test_seen,2953,val:2010_003532:part_72,2010_003532,horse,eye,eye,0.06849315017461777,0.12820513546466827,0.0,0.0006967022782191634,0.95703125,1.0,3.516674041748047e-06
geometry_dropout,test_seen,2954,val:2010_003532:part_73,2010_003532,horse,torso,torso,0.4445033669471741,0.615441083908081,0.05954442545771599,0.26211488246917725,1.0,1.0,0.96630859375
geometry_dropout,test_seen,2955,val:2010_003532:part_74,2010_003532,horse,neck,neck,0.6372832655906677,0.7784642577171326,0.024426350370049477,0.07083139568567276,1.0,1.0,0.96630859375
geometry_dropout,test_seen,2956,val:2010_003532:part_75,2010_003532,horse,leg,leg,0.38266998529434204,0.5535232424736023,0.3130755126476288,0.09002941846847534,0.9990234375,1.0,9.5367431640625e-07
geometry_dropout,test_seen,2957,val:2010_003532:part_76,2010_003532,horse,ear,ear,0.31180399656295776,0.475382000207901,0.2654867172241211,0.01935284025967121,0.0006213188171386719,0.96728515625,0.0
geometry_dropout,test_seen,2958,val:2010_003532:part_77,2010_003532,horse,muzzle,muzzle,0.7082334160804749,0.8291997909545898,0.21130220592021942,0.0709088072180748,0.982421875,1.0,3.4570693969726562e-06
geometry_dropout,test_seen,2959,val:2010_003532:part_78,2010_003532,horse,hoof,hoof,0.09798994660377502,0.17848969995975494,0.4075471758842468,0.013314754702150822,0.560546875,1.0,0.0
geometry_dropout,test_seen,2960,val:2010_003597:part_20,2010_003597,bottle,body,body,0.29131653904914856,0.45119306445121765,0.6900584697723389,0.9834710955619812,1.0,1.0,0.94677734375
geometry_dropout,test_seen,2961,val:2010_003597:part_21,2010_003597,bottle,cap,cap,0.0,0.0,1.0,0.01652892492711544,1.0,1.0,0.453125
geometry_dropout,test_seen,2962,val:2010_003675:part_43,2010_003675,cat,head,head,0.5383499264717102,0.6999056935310364,0.05292125418782234,0.29948365688323975,1.0,1.0,0.95556640625
geometry_dropout,test_seen,2963,val:2010_003675:part_45,2010_003675,cat,torso,torso,0.754445493221283,0.860038697719574,0.07195320725440979,0.30942201614379883,1.0,1.0,0.96630859375
geometry_dropout,test_seen,2964,val:2010_003675:part_47,2010_003675,cat,leg,leg,0.0,0.0,0.0,0.06973516196012497,0.9990234375,1.0,9.5367431640625e-07
geometry_dropout,test_seen,2965,val:2010_003675:part_49,2010_003675,cat,paw,paw,0.6734055876731873,0.8048324584960938,0.0,0.20537449419498444,0.99072265625,1.0,2.384185791015625e-07
geometry_dropout,test_seen,2966,val:2010_003675:part_50,2010_003675,cat,ear,ear,0.4861111044883728,0.6542056202888489,0.24095627665519714,0.090833380818367,0.0006213188171386719,0.96728515625,0.0
geometry_dropout,test_seen,2967,val:2010_003708:part_109,2010_003708,train,head,head,0.0,0.0,0.0,0.02153846062719822,1.0,1.0,0.95556640625
geometry_dropout,test_seen,2968,val:2010_003708:part_110,2010_003708,train,front,front,0.18779343366622925,0.31620553135871887,0.5691489577293396,0.20000000298023224,1.0,1.0,0.8779296875
geometry_dropout,test_seen,2969,val:2010_003708:part_111,2010_003708,train,side,side,0.0,0.0,0.8857142925262451,0.04307692125439644,1.0,1.0,0.0604248046875
geometry_dropout,test_seen,2970,val:2010_003708:part_114,2010_003708,train,coach,coach,0.0,0.0,0.3595505654811859,0.006116208154708147,1.0,1.0,0.90087890625
geometry_dropout,test_seen,2971,val:2010_003716:part_0,2010_003716,aeroplane,body,body,0.6554709076881409,0.7918845415115356,0.06539130210876465,0.38303858041763306,1.0,1.0,0.94677734375
geometry_dropout,test_seen,2972,val:2010_003716:part_1,2010_003716,aeroplane,stern,stern,0.0885416641831398,0.16267941892147064,0.3463588058948517,0.09686495363712311,1.0,1.0,0.11859130859375
geometry_dropout,test_seen,2973,val:2010_003716:part_2,2010_003716,aeroplane,wing,wing,0.4336702525615692,0.6049790978431702,0.17938284575939178,0.3195337653160095,0.98779296875,1.0,1.3649463653564453e-05
geometry_dropout,test_seen,2974,val:2010_003716:part_4,2010_003716,aeroplane,engine,engine,0.21514342725276947,0.35410377383232117,0.16469770669937134,0.15373794734477997,0.9951171875,1.0,2.300739288330078e-05
geometry_dropout,test_seen,2975,val:2010_003746:part_83,2010_003746,person,head,head,0.0,0.0,0.0,0.0004273504309821874,1.0,1.0,0.95556640625
geometry_dropout,test_seen,2976,val:2010_003746:part_90,2010_003746,person,ear,ear,0.0,0.0,0.0,0.023931624367833138,0.0006213188171386719,0.96728515625,0.0
geometry_dropout,test_seen,2977,val:2010_003758:part_42,2010_003758,cat,tail,tail,0.37628206610679626,0.5468094944953918,0.15985915064811707,0.1264127939939499,0.986328125,1.0,6.556510925292969e-07
geometry_dropout,test_seen,2978,val:2010_003758:part_43,2010_003758,cat,head,head,0.5074324607849121,0.6732407212257385,0.036486487835645676,0.13058598339557648,1.0,1.0,0.95556640625
geometry_dropout,test_seen,2979,val:2010_003758:part_44,2010_003758,cat,eye,eye,0.13432836532592773,0.2368421107530594,0.0,0.006259780842810869,0.95703125,1.0,3.516674041748047e-06
geometry_dropout,test_seen,2980,val:2010_003758:part_45,2010_003758,cat,torso,torso,0.6462517380714417,0.7851189970970154,0.16163299977779388,0.6047644019126892,1.0,1.0,0.96630859375
geometry_dropout,test_seen,2981,val:2010_003758:part_47,2010_003758,cat,leg,leg,0.12013422697782516,0.21449969708919525,0.1205107718706131,0.07233524322509766,0.9990234375,1.0,9.5367431640625e-07
geometry_dropout,test_seen,2982,val:2010_003758:part_48,2010_003758,cat,nose,nose,0.0260869562625885,0.050847455859184265,0.0,0.0013910623965784907,0.026153564453125,0.994140625,0.0
geometry_dropout,test_seen,2983,val:2010_003758:part_49,2010_003758,cat,paw,paw,0.0,0.0,0.0,0.004694835748523474,0.99072265625,1.0,2.384185791015625e-07
geometry_dropout,test_seen,2984,val:2010_003758:part_50,2010_003758,cat,ear,ear,0.38489872217178345,0.5558510422706604,0.021276595070958138,0.04903494939208031,0.0006213188171386719,0.96728515625,0.0
geometry_dropout,test_seen,2985,val:2010_003764:part_43,2010_003764,cat,head,head,0.7045366168022156,0.8266605734825134,0.005740057211369276,0.2037692666053772,1.0,1.0,0.95556640625
geometry_dropout,test_seen,2986,val:2010_003764:part_44,2010_003764,cat,eye,eye,0.11312217265367508,0.20325203239917755,0.0,0.0078092459589242935,0.95703125,1.0,3.516674041748047e-06
geometry_dropout,test_seen,2987,val:2010_003764:part_45,2010_003764,cat,torso,torso,0.7269585132598877,0.8418945670127869,0.14575672149658203,0.5407121777534485,1.0,1.0,0.96630859375
geometry_dropout,test_seen,2988,val:2010_003764:part_46,2010_003764,cat,neck,neck,0.4215908944606781,0.5931255221366882,0.0,0.06184922903776169,1.0,1.0,0.96630859375
geometry_dropout,test_seen,2989,val:2010_003764:part_47,2010_003764,cat,leg,leg,0.4761904776096344,0.6451612710952759,0.17267648875713348,0.09839650243520737,0.9990234375,1.0,9.5367431640625e-07
geometry_dropout,test_seen,2990,val:2010_003764:part_48,2010_003764,cat,nose,nose,0.04237288236618042,0.08130080997943878,0.0,0.0027072052471339703,0.026153564453125,0.994140625,0.0
geometry_dropout,test_seen,2991,val:2010_003764:part_49,2010_003764,cat,paw,paw,0.3828337788581848,0.5536946058273315,0.4331103563308716,0.04341940954327583,0.99072265625,1.0,2.384185791015625e-07
geometry_dropout,test_seen,2992,val:2010_003764:part_50,2010_003764,cat,ear,ear,0.4186991751194,0.5902578830718994,0.1597222238779068,0.03404831141233444,0.0006213188171386719,0.96728515625,0.0
geometry_dropout,test_seen,2993,val:2010_003772:part_22,2010_003772,bus,wheel,wheel,0.31828978657722473,0.48288288712501526,0.10077519714832306,0.027888447046279907,0.99853515625,1.0,8.881092071533203e-06
geometry_dropout,test_seen,2994,val:2010_003772:part_23,2010_003772,bus,headlight,headlight,0.057692307978868484,0.1090909093618393,0.0,0.008300133049488068,1.0,1.0,0.137939453125
geometry_dropout,test_seen,2995,val:2010_003772:part_24,2010_003772,bus,front,front,0.6158940196037292,0.7622950673103333,0.17223381996154785,0.24900399148464203,1.0,1.0,0.8779296875
geometry_dropout,test_seen,2996,val:2010_003772:part_25,2010_003772,bus,side,side,0.5753592252731323,0.730448305606842,0.13083802163600922,0.35424965620040894,1.0,1.0,0.0604248046875
geometry_dropout,test_seen,2997,val:2010_003772:part_28,2010_003772,bus,mirror,mirror,0.2068965584039688,0.34285715222358704,0.550000011920929,0.0024900399148464203,0.84912109375,1.0,4.231929779052734e-06
geometry_dropout,test_seen,2998,val:2010_003772:part_31,2010_003772,bus,window,window,0.6853404641151428,0.8132961988449097,0.03046036697924137,0.3544156849384308,1.0,1.0,0.327880859375
geometry_dropout,test_seen,2999,val:2010_003781:part_20,2010_003781,bottle,body,body,0.5528384447097778,0.7120360136032104,0.4183124005794525,0.9183955788612366,1.0,1.0,0.94677734375
geometry_dropout,test_seen,3000,val:2010_003781:part_21,2010_003781,bottle,cap,cap,0.12371134012937546,0.22018349170684814,0.8169013857841492,0.052558783441782,1.0,1.0,0.453125
geometry_dropout,test_seen,3001,val:2010_003912:part_20,2010_003912,bottle,body,body,0.28314605355262756,0.44133099913597107,0.6651583909988403,0.8322580456733704,1.0,1.0,0.94677734375
geometry_dropout,test_seen,3002,val:2010_003912:part_21,2010_003912,bottle,cap,cap,0.0,0.0,1.0,0.07096774131059647,1.0,1.0,0.453125
geometry_dropout,test_seen,3003,val:2010_003915:part_0,2010_003915,aeroplane,body,body,0.2547699213027954,0.40608230233192444,0.23139376938343048,0.26030218601226807,1.0,1.0,0.94677734375
geometry_dropout,test_seen,3004,val:2010_003915:part_1,2010_003915,aeroplane,stern,stern,0.34608030319213867,0.5142045617103577,0.5066371560096741,0.17307692766189575,1.0,1.0,0.11859130859375
geometry_dropout,test_seen,3005,val:2010_003915:part_2,2010_003915,aeroplane,wing,wing,0.18479222059249878,0.3119403123855591,0.33043476939201355,0.4464285671710968,0.98779296875,1.0,1.3649463653564453e-05
geometry_dropout,test_seen,3006,val:2010_003915:part_4,2010_003915,aeroplane,engine,engine,0.16166281700134277,0.2783300280570984,0.528777003288269,0.11813186854124069,0.9951171875,1.0,2.300739288330078e-05
geometry_dropout,test_seen,3007,val:2010_003956:part_108,2010_003956,train,headlight,headlight,0.0,0.0,0.0,0.003950617276132107,1.0,1.0,0.137939453125
geometry_dropout,test_seen,3008,val:2010_003956:part_109,2010_003956,train,head,head,0.0,0.0,0.11180124431848526,0.00962962955236435,1.0,1.0,0.95556640625
geometry_dropout,test_seen,3009,val:2010_003956:part_110,2010_003956,train,front,front,0.7863004803657532,0.8803675770759583,0.18280254304409027,0.621975302696228,1.0,1.0,0.8779296875
geometry_dropout,test_seen,3010,val:2010_003956:part_111,2010_003956,train,side,side,0.7921635508537292,0.8840304017066956,0.11754386126995087,0.3570370376110077,1.0,1.0,0.0604248046875
geometry_dropout,test_seen,3011,val:2010_003956:part_114,2010_003956,train,coach,coach,0.0,0.0,0.059006210416555405,0.00148148147854954,1.0,1.0,0.90087890625
geometry_dropout,test_seen,3012,val:2010_003971:part_42,2010_003971,cat,tail,tail,0.4512471556663513,0.621874988079071,0.5160550475120544,0.0665145069360733,0.986328125,1.0,6.556510925292969e-07
geometry_dropout,test_seen,3013,val:2010_003971:part_43,2010_003971,cat,head,head,0.6848920583724976,0.8129803538322449,0.020558003336191177,0.15976524353027344,1.0,1.0,0.95556640625
geometry_dropout,test_seen,3014,val:2010_003971:part_44,2010_003971,cat,eye,eye,0.09223300963640213,0.1688888818025589,0.0,0.012389957904815674,0.95703125,1.0,3.516674041748047e-06
geometry_dropout,test_seen,3015,val:2010_003971:part_45,2010_003971,cat,torso,torso,0.5222315192222595,0.6861394047737122,0.11672326177358627,0.4150635898113251,1.0,1.0,0.96630859375
geometry_dropout,test_seen,3016,val:2010_003971:part_46,2010_003971,cat,neck,neck,0.38449111580848694,0.5554258823394775,0.016393441706895828,0.12031301110982895,1.0,1.0,0.96630859375
geometry_dropout,test_seen,3017,val:2010_003971:part_47,2010_003971,cat,leg,leg,0.25337839126586914,0.4043126702308655,0.028824834153056145,0.09488099068403244,0.9990234375,1.0,9.5367431640625e-07
geometry_dropout,test_seen,3018,val:2010_003971:part_48,2010_003971,cat,nose,nose,0.12727272510528564,0.22580644488334656,0.0,0.0048907725140452385,0.026153564453125,0.994140625,0.0
geometry_dropout,test_seen,3019,val:2010_003971:part_49,2010_003971,cat,paw,paw,0.09717314690351486,0.17713364958763123,0.4159291982650757,0.01825888454914093,0.99072265625,1.0,2.384185791015625e-07
geometry_dropout,test_seen,3020,val:2010_003971:part_50,2010_003971,cat,ear,ear,0.49794238805770874,0.6648351550102234,0.3055555522441864,0.04825562611222267,0.0006213188171386719,0.96728515625,0.0
geometry_dropout,test_seen,3021,val:2010_004056:part_20,2010_004056,bottle,body,body,0.675000011920929,0.8059701323509216,0.3016481399536133,0.8838739991188049,1.0,1.0,0.94677734375
geometry_dropout,test_seen,3022,val:2010_004056:part_21,2010_004056,bottle,cap,cap,0.0,0.0,0.36090224981307983,0.01457451842725277,1.0,1.0,0.453125
geometry_dropout,test_seen,3023,val:2010_004063:part_0,2010_004063,aeroplane,body,body,0.2549019753932953,0.40625,0.48302870988845825,0.30902111530303955,1.0,1.0,0.94677734375
geometry_dropout,test_seen,3024,val:2010_004063:part_1,2010_004063,aeroplane,stern,stern,0.1496437042951584,0.26033058762550354,0.5205298066139221,0.20441459119319916,1.0,1.0,0.11859130859375
geometry_dropout,test_seen,3025,val:2010_004063:part_2,2010_004063,aeroplane,wing,wing,0.16109421849250793,0.2774869203567505,0.7563517689704895,0.3598848283290863,0.98779296875,1.0,1.3649463653564453e-05
geometry_dropout,test_seen,3026,val:2010_004063:part_5,2010_004063,aeroplane,wheel,wheel,0.0,0.0,0.0,0.014395393431186676,0.99853515625,1.0,8.881092071533203e-06
geometry_dropout,test_seen,3027,val:2010_004104:part_43,2010_004104,cat,head,head,0.6157156229019165,0.7621583938598633,0.03496897965669632,0.28790903091430664,1.0,1.0,0.95556640625
geometry_dropout,test_seen,3028,val:2010_004104:part_44,2010_004104,cat,eye,eye,0.3333333432674408,0.5,0.0,0.007464629597961903,0.95703125,1.0,3.516674041748047e-06
geometry_dropout,test_seen,3029,val:2010_004104:part_45,2010_004104,cat,torso,torso,0.6136130690574646,0.7605454921722412,0.08208528906106949,0.46923011541366577,1.0,1.0,0.96630859375
geometry_dropout,test_seen,3030,val:2010_004104:part_46,2010_004104,cat,neck,neck,0.3333333432674408,0.5,0.007152588572353125,0.13089141249656677,1.0,1.0,0.96630859375
geometry_dropout,test_seen,3031,val:2010_004104:part_48,2010_004104,cat,nose,nose,0.3047619163990021,0.46715328097343445,0.0,0.00425310293212533,0.026153564453125,0.994140625,0.0
geometry_dropout,test_seen,3032,val:2010_004104:part_50,2010_004104,cat,ear,ear,0.5655233263969421,0.7224718928337097,0.10991379618644714,0.07395191490650177,0.0006213188171386719,0.96728515625,0.0
geometry_dropout,test_seen,3033,val:2010_004120:part_42,2010_004120,cat,tail,tail,0.40296295285224915,0.5744456052780151,0.2699149250984192,0.0677870512008667,0.986328125,1.0,6.556510925292969e-07
geometry_dropout,test_seen,3034,val:2010_004120:part_43,2010_004120,cat,head,head,0.6977964043617249,0.8220024704933167,0.012853470630943775,0.09474396705627441,1.0,1.0,0.95556640625
geometry_dropout,test_seen,3035,val:2010_004120:part_44,2010_004120,cat,eye,eye,0.007575757801532745,0.015037594363093376,0.0,0.001240694778971374,0.95703125,1.0,3.516674041748047e-06
geometry_dropout,test_seen,3036,val:2010_004120:part_45,2010_004120,cat,torso,torso,0.6316943168640137,0.7742802500724792,0.0691600814461708,0.4756372570991516,1.0,1.0,0.96630859375
geometry_dropout,test_seen,3037,val:2010_004120:part_46,2010_004120,cat,neck,neck,0.4577259421348572,0.628000020980835,0.0,0.031017370522022247,1.0,1.0,0.96630859375
geometry_dropout,test_seen,3038,val:2010_004120:part_47,2010_004120,cat,leg,leg,0.37983226776123047,0.5505484938621521,0.07521840929985046,0.23155876994132996,0.9990234375,1.0,9.5367431640625e-07
geometry_dropout,test_seen,3039,val:2010_004120:part_48,2010_004120,cat,nose,nose,0.0,0.0,0.7142857313156128,0.001240694778971374,0.026153564453125,0.994140625,0.0
geometry_dropout,test_seen,3040,val:2010_004120:part_49,2010_004120,cat,paw,paw,0.37089553475379944,0.5410996079444885,0.16749174892902374,0.07049401849508286,0.99072265625,1.0,2.384185791015625e-07
geometry_dropout,test_seen,3041,val:2010_004120:part_50,2010_004120,cat,ear,ear,0.2909604609012604,0.4507658779621124,0.1858736127614975,0.021204601973295212,0.0006213188171386719,0.96728515625,0.0
geometry_dropout,test_seen,3042,val:2010_004149:part_111,2010_004149,train,side,side,0.9396762251853943,0.9689000844955444,0.04211682826280594,0.9926435947418213,1.0,1.0,0.0604248046875
geometry_dropout,test_seen,3043,val:2010_004149:part_114,2010_004149,train,coach,coach,0.002812301507219672,0.005608829203993082,0.05161933973431587,0.002923700725659728,1.0,1.0,0.90087890625
geometry_dropout,test_seen,3044,val:2010_004165:part_83,2010_004165,person,head,head,0.002680965233594179,0.005347593687474728,0.21179625391960144,0.0003760812396649271,1.0,1.0,0.95556640625
geometry_dropout,test_seen,3045,val:2010_004165:part_85,2010_004165,person,torso,torso,0.0,0.0,0.4306930601596832,0.0005641218740493059,1.0,1.0,0.96630859375
geometry_dropout,test_seen,3046,val:2010_004314:part_0,2010_004314,aeroplane,body,body,0.517746090888977,0.6822565197944641,0.1666666716337204,0.427658349275589,1.0,1.0,0.94677734375
geometry_dropout,test_seen,3047,val:2010_004314:part_1,2010_004314,aeroplane,stern,stern,0.5742397308349609,0.7295454740524292,0.17294685542583466,0.21063335239887238,1.0,1.0,0.11859130859375
geometry_dropout,test_seen,3048,val:2010_004314:part_2,2010_004314,aeroplane,wing,wing,0.4100642502307892,0.5816249251365662,0.38213133811950684,0.1127251610159874,0.98779296875,1.0,1.3649463653564453e-05
geometry_dropout,test_seen,3049,val:2010_004314:part_5,2010_004314,aeroplane,wheel,wheel,0.029411764815449715,0.05714285746216774,0.8235294222831726,0.025566531345248222,0.99853515625,1.0,8.881092071533203e-06
geometry_dropout,test_seen,3050,val:2010_004320:part_43,2010_004320,cat,head,head,0.7069217562675476,0.8283001184463501,0.07345053553581238,0.36579450964927673,1.0,1.0,0.95556640625
geometry_dropout,test_seen,3051,val:2010_004320:part_44,2010_004320,cat,eye,eye,0.6545454263687134,0.791208803653717,0.0,0.0199176836758852,0.95703125,1.0,3.516674041748047e-06
geometry_dropout,test_seen,3052,val:2010_004320:part_45,2010_004320,cat,torso,torso,0.7310754060745239,0.8446488380432129,0.12416356801986694,0.3847567141056061,1.0,1.0,0.96630859375
geometry_dropout,test_seen,3053,val:2010_004320:part_48,2010_004320,cat,nose,nose,0.28409090638160706,0.44247788190841675,0.0,0.005365279968827963,0.026153564453125,0.994140625,0.0
geometry_dropout,test_seen,3054,val:2010_004320:part_50,2010_004320,cat,ear,ear,0.7637399435043335,0.8660459518432617,0.11981728672981262,0.17764221131801605,0.0006213188171386719,0.96728515625,0.0
geometry_dropout,test_seen,3055,val:2010_004322:part_52,2010_004322,cow,head,head,0.7042943239212036,0.8264937400817871,0.04225564002990723,0.46573957800865173,1.0,1.0,0.95556640625
geometry_dropout,test_seen,3056,val:2010_004322:part_54,2010_004322,cow,torso,torso,0.7010695934295654,0.82426917552948,0.06389117985963821,0.20272351801395416,1.0,1.0,0.96630859375
geometry_dropout,test_seen,3057,val:2010_004322:part_57,2010_004322,cow,ear,ear,0.516708254814148,0.681354820728302,0.06238904222846031,0.102925606071949,0.0006213188171386719,0.96728515625,0.0
geometry_dropout,test_seen,3058,val:2010_004322:part_58,2010_004322,cow,muzzle,muzzle,0.729043185710907,0.8432908654212952,0.011884549632668495,0.1662977635860443,0.982421875,1.0,3.4570693969726562e-06
geometry_dropout,test_seen,3059,val:2010_004322:part_59,2010_004322,cow,horn,horn,0.3063390851020813,0.46900394558906555,0.10964498668909073,0.05408526584506035,0.0299224853515625,0.9990234375,0.0
geometry_dropout,test_seen,3060,val:2010_004348:part_25,2010_004348,bus,side,side,0.192233145236969,0.32247576117515564,0.06091737747192383,0.1569698601961136,1.0,1.0,0.0604248046875
geometry_dropout,test_seen,3061,val:2010_004348:part_26,2010_004348,bus,back,back,0.6717873215675354,0.8036755323410034,0.04524250328540802,0.5142776966094971,1.0,1.0,0.90283203125
geometry_dropout,test_seen,3062,val:2010_004348:part_31,2010_004348,bus,window,window,0.39974409341812134,0.5711674094200134,0.037606481462717056,0.16023655235767365,1.0,1.0,0.327880859375
geometry_dropout,test_seen,3063,val:2010_004369:part_43,2010_004369,cat,head,head,0.7500426173210144,0.8571707010269165,0.037081338465213776,0.2912595868110657,1.0,1.0,0.95556640625
geometry_dropout,test_seen,3064,val:2010_004369:part_44,2010_004369,cat,eye,eye,0.0,0.0,0.0,0.0025415895506739616,0.95703125,1.0,3.516674041748047e-06
geometry_dropout,test_seen,3065,val:2010_004369:part_45,2010_004369,cat,torso,torso,0.5143453478813171,0.6792972683906555,0.04414696618914604,0.15150514245033264,1.0,1.0,0.96630859375
geometry_dropout,test_seen,3066,val:2010_004369:part_46,2010_004369,cat,neck,neck,0.2328469455242157,0.3777385950088501,0.0,0.025613943114876747,1.0,1.0,0.96630859375
geometry_dropout,test_seen,3067,val:2010_004369:part_47,2010_004369,cat,leg,leg,0.6740989089012146,0.8053274750709534,0.026204677298665047,0.3476366400718689,0.9990234375,1.0,9.5367431640625e-07
geometry_dropout,test_seen,3068,val:2010_004369:part_48,2010_004369,cat,nose,nose,0.11507582664489746,0.20640000700950623,0.0,0.023006336763501167,0.026153564453125,0.994140625,0.0
geometry_dropout,test_seen,3069,val:2010_004369:part_49,2010_004369,cat,paw,paw,0.3774302303791046,0.5480208396911621,0.019258281216025352,0.118662528693676,0.99072265625,1.0,2.384185791015625e-07
geometry_dropout,test_seen,3070,val:2010_004369:part_50,2010_004369,cat,ear,ear,0.611774742603302,0.7591317892074585,0.10576923191547394,0.0348890945315361,0.0006213188171386719,0.96728515625,0.0
geometry_dropout,test_seen,3071,val:2010_004382:part_97,2010_004382,pottedplant,pot,pot,0.5216494798660278,0.6856368780136108,0.05188800394535065,0.2954960763454437,0.99755859375,1.0,4.76837158203125e-06
geometry_dropout,test_seen,3072,val:2010_004382:part_98,2010_004382,pottedplant,plant,plant,0.41517919301986694,0.586751401424408,0.36274653673171997,0.6931097507476807,1.0,1.0,0.6298828125
geometry_dropout,test_seen,3073,val:2010_004419:part_0,2010_004419,aeroplane,body,body,0.653377115726471,0.7903546094894409,0.1888994723558426,0.5036199688911438,1.0,1.0,0.94677734375
geometry_dropout,test_seen,3074,val:2010_004419:part_1,2010_004419,aeroplane,stern,stern,0.7776412963867188,0.8749136328697205,0.18189582228660583,0.35299310088157654,1.0,1.0,0.11859130859375
geometry_dropout,test_seen,3075,val:2010_004419:part_2,2010_004419,aeroplane,wing,wing,0.26829269528388977,0.42307692766189575,0.0,0.05915592610836029,0.98779296875,1.0,1.3649463653564453e-05
geometry_dropout,test_seen,3076,val:2010_004419:part_4,2010_004419,aeroplane,engine,engine,0.6792452931404114,0.8089887499809265,0.0023980815894901752,0.06780858337879181,0.9951171875,1.0,2.300739288330078e-05
geometry_dropout,test_seen,3077,val:2010_004419:part_5,2010_004419,aeroplane,wheel,wheel,0.0,0.0,0.5430711507797241,0.0024721878580749035,0.99853515625,1.0,8.881092071533203e-06
geometry_dropout,test_seen,3078,val:2010_004432:part_83,2010_004432,person,head,head,0.644385039806366,0.7837398648262024,0.08212996274232864,0.14227798581123352,1.0,1.0,0.95556640625
geometry_dropout,test_seen,3079,val:2010_004432:part_84,2010_004432,person,eye,eye,0.1111111119389534,0.20000000298023224,0.0,0.0038610037881881,0.95703125,1.0,3.516674041748047e-06
geometry_dropout,test_seen,3080,val:2010_004432:part_85,2010_004432,person,torso,torso,0.4486962556838989,0.6194483637809753,0.07389937341213226,0.3347490429878235,1.0,1.0,0.96630859375
geometry_dropout,test_seen,3081,val:2010_004432:part_86,2010_004432,person,neck,neck,0.5092592835426331,0.6748466491699219,0.0,0.04150579124689102,1.0,1.0,0.96630859375
geometry_dropout,test_seen,3082,val:2010_004432:part_89,2010_004432,person,nose,nose,0.3382352888584137,0.5054945349693298,0.0,0.011969111859798431,0.026153564453125,0.994140625,0.0
geometry_dropout,test_seen,3083,val:2010_004432:part_90,2010_004432,person,ear,ear,0.1551724076271057,0.26865673065185547,0.1383928507566452,0.008494208566844463,0.0006213188171386719,0.96728515625,0.0
geometry_dropout,test_seen,3084,val:2010_004432:part_91,2010_004432,person,eyebrow,eyebrow,0.1265822798013687,0.2247191071510315,0.0,0.006563706789165735,0.0008230209350585938,0.5947265625,0.0
geometry_dropout,test_seen,3085,val:2010_004432:part_92,2010_004432,person,mouth,mouth,0.35514017939567566,0.5241379141807556,0.0,0.009652509354054928,1.0,1.0,0.48486328125
geometry_dropout,test_seen,3086,val:2010_004432:part_93,2010_004432,person,hair,hair,0.17446808516979218,0.2971014380455017,0.3276231288909912,0.016409266740083694,1.0,1.0,0.927734375
geometry_dropout,test_seen,3087,val:2010_004432:part_94,2010_004432,person,lower arm,lower arm,0.27040499448776245,0.4256988763809204,0.24232736229896545,0.09169884026050568,0.525390625,1.0,0.0
geometry_dropout,test_seen,3088,val:2010_004432:part_95,2010_004432,person,upper arm,upper arm,0.5246500372886658,0.6882235407829285,0.1312709003686905,0.2527027130126953,0.06964111328125,0.99853515625,0.0
geometry_dropout,test_seen,3089,val:2010_004432:part_96,2010_004432,person,hand,hand,0.0642504096031189,0.1207430362701416,0.10833333432674408,0.008880308829247952,0.99755859375,1.0,4.756450653076172e-05
geometry_dropout,test_seen,3090,val:2010_004472:part_83,2010_004472,person,head,head,0.5636515617370605,0.7209426760673523,0.02118644118309021,0.07063540816307068,1.0,1.0,0.95556640625
geometry_dropout,test_seen,3091,val:2010_004472:part_85,2010_004472,person,torso,torso,0.44626808166503906,0.6171305179595947,0.061240773648023605,0.24563026428222656,1.0,1.0,0.96630859375
geometry_dropout,test_seen,3092,val:2010_004472:part_86,2010_004472,person,neck,neck,0.5558252334594727,0.714508593082428,0.0,0.030536705628037453,1.0,1.0,0.96630859375
geometry_dropout,test_seen,3093,val:2010_004472:part_89,2010_004472,person,nose,nose,0.13432836532592773,0.2368421107530594,0.0,0.003907053265720606,0.026153564453125,0.994140625,0.0
geometry_dropout,test_seen,3094,val:2010_004472:part_90,2010_004472,person,ear,ear,0.31759655475616455,0.4820846915245056,0.0,0.008328192867338657,0.0006213188171386719,0.96728515625,0.0
geometry_dropout,test_seen,3095,val:2010_004472:part_92,2010_004472,person,mouth,mouth,0.03614457696676254,0.06976744532585144,0.0,0.001953526632860303,1.0,1.0,0.48486328125
geometry_dropout,test_seen,3096,val:2010_004472:part_93,2010_004472,person,hair,hair,0.6322972178459167,0.7747329473495483,0.02757352963089943,0.10950031131505966,1.0,1.0,0.927734375
geometry_dropout,test_seen,3097,val:2010_004472:part_94,2010_004472,person,lower arm,lower arm,0.30832645297050476,0.47132954001426697,0.1428571492433548,0.13345670700073242,0.525390625,1.0,0.0
geometry_dropout,test_seen,3098,val:2010_004472:part_95,2010_004472,person,upper arm,upper arm,0.4312500059604645,0.6026200652122498,0.09215395897626877,0.31081637740135193,0.06964111328125,0.99853515625,0.0
geometry_dropout,test_seen,3099,val:2010_004472:part_96,2010_004472,person,hand,hand,0.3472803235054016,0.5155279636383057,0.2869822382926941,0.02981698513031006,0.99755859375,1.0,4.756450653076172e-05
geometry_dropout,test_seen,3100,val:2010_004479:part_43,2010_004479,cat,head,head,0.6124721765518188,0.7596685290336609,0.1461988240480423,0.2254752814769745,1.0,1.0,0.95556640625
geometry_dropout,test_seen,3101,val:2010_004479:part_44,2010_004479,cat,eye,eye,0.0,0.0,0.5600000023841858,0.01596958190202713,0.95703125,1.0,3.516674041748047e-06
geometry_dropout,test_seen,3102,val:2010_004479:part_45,2010_004479,cat,torso,torso,0.7034825682640076,0.8259345889091492,0.09011776745319366,0.55931556224823,1.0,1.0,0.96630859375
geometry_dropout,test_seen,3103,val:2010_004479:part_46,2010_004479,cat,neck,neck,0.037974681705236435,0.0731707289814949,0.20224718749523163,0.028517110273241997,1.0,1.0,0.96630859375
geometry_dropout,test_seen,3104,val:2010_004479:part_47,2010_004479,cat,leg,leg,0.12525667250156403,0.22262774407863617,0.1591375768184662,0.04638783261179924,0.9990234375,1.0,9.5367431640625e-07
geometry_dropout,test_seen,3105,val:2010_004479:part_48,2010_004479,cat,nose,nose,0.0,0.0,0.0,0.0019011406693607569,0.026153564453125,0.994140625,0.0
geometry_dropout,test_seen,3106,val:2010_004479:part_50,2010_004479,cat,ear,ear,0.17406143248081207,0.29651162028312683,0.7103825211524963,0.06121673062443733,0.0006213188171386719,0.96728515625,0.0
geometry_dropout,test_seen,3107,val:2010_004519:part_71,2010_004519,horse,head,head,0.6070038676261902,0.7554479241371155,0.08309915661811829,0.14601336419582367,1.0,1.0,0.95556640625
geometry_dropout,test_seen,3108,val:2010_004519:part_72,2010_004519,horse,eye,eye,0.09183673560619354,0.1682243049144745,0.0,0.002048997674137354,0.95703125,1.0,3.516674041748047e-06
geometry_dropout,test_seen,3109,val:2010_004519:part_73,2010_004519,horse,torso,torso,0.5846527218818665,0.73789381980896,0.056140802800655365,0.41220489144325256,1.0,1.0,0.96630859375
geometry_dropout,test_seen,3110,val:2010_004519:part_74,2010_004519,horse,neck,neck,0.6627876162528992,0.7972005605697632,0.04782260209321976,0.22663697600364685,1.0,1.0,0.96630859375
geometry_dropout,test_seen,3111,val:2010_004519:part_75,2010_004519,horse,leg,leg,0.42748090624809265,0.5989304780960083,0.20720058679580688,0.062004454433918,0.9990234375,1.0,9.5367431640625e-07
geometry_dropout,test_seen,3112,val:2010_004519:part_76,2010_004519,horse,ear,ear,0.43440860509872437,0.6056971549987793,0.1170731708407402,0.022895323112607002,0.0006213188171386719,0.96728515625,0.0
geometry_dropout,test_seen,3113,val:2010_004519:part_77,2010_004519,horse,muzzle,muzzle,0.7670291662216187,0.8681567907333374,0.15256257355213165,0.1255233883857727,0.982421875,1.0,3.4570693969726562e-06
geometry_dropout,test_seen,3114,val:2010_004520:part_20,2010_004520,bottle,body,body,0.8403676748275757,0.9132606387138367,0.13016164302825928,0.9660181403160095,1.0,1.0,0.94677734375
geometry_dropout,test_seen,3115,val:2010_004520:part_21,2010_004520,bottle,cap,cap,0.6061320900917053,0.7547723650932312,0.24528302252292633,0.027291133999824524,1.0,1.0,0.453125
geometry_dropout,test_seen,3116,val:2010_004529:part_20,2010_004529,bottle,body,body,0.8589024543762207,0.9240962862968445,0.08132798224687576,0.8904740214347839,1.0,1.0,0.94677734375
geometry_dropout,test_seen,3117,val:2010_004529:part_21,2010_004529,bottle,cap,cap,0.5645330548286438,0.7216632962226868,0.0,0.10694225877523422,1.0,1.0,0.453125
geometry_dropout,test_seen,3118,val:2010_004551:part_20,2010_004551,bottle,body,body,0.880987286567688,0.9367285966873169,0.11170858889818192,0.9359044432640076,1.0,1.0,0.94677734375
geometry_dropout,test_seen,3119,val:2010_004551:part_21,2010_004551,bottle,cap,cap,0.6625463366508484,0.7970260381698608,0.16897080838680267,0.06327497959136963,1.0,1.0,0.453125
geometry_dropout,test_seen,3120,val:2010_004635:part_51,2010_004635,cow,tail,tail,0.0,0.0,0.05882352963089943,0.0033319450449198484,0.986328125,1.0,6.556510925292969e-07
geometry_dropout,test_seen,3121,val:2010_004635:part_52,2010_004635,cow,head,head,0.647311806678772,0.7859007716178894,0.06607929617166519,0.06497292965650558,1.0,1.0,0.95556640625
geometry_dropout,test_seen,3122,val:2010_004635:part_53,2010_004635,cow,eye,eye,0.0,0.0,0.0,0.0020824656821787357,0.95703125,1.0,3.516674041748047e-06
geometry_dropout,test_seen,3123,val:2010_004635:part_54,2010_004635,cow,torso,torso,0.8411598801612854,0.9137282371520996,0.07556936144828796,0.6895043849945068,1.0,1.0,0.96630859375
geometry_dropout,test_seen,3124,val:2010_004635:part_56,2010_004635,cow,leg,leg,0.37569400668144226,0.5461883544921875,0.4582560360431671,0.12765514850616455,0.9990234375,1.0,9.5367431640625e-07
geometry_dropout,test_seen,3125,val:2010_004635:part_57,2010_004635,cow,ear,ear,0.34408602118492126,0.5120000243186951,0.22685185074806213,0.040191587060689926,0.0006213188171386719,0.96728515625,0.0
geometry_dropout,test_seen,3126,val:2010_004635:part_58,2010_004635,cow,muzzle,muzzle,0.6650943160057068,0.798866868019104,0.13734939694404602,0.06059975177049637,0.982421875,1.0,3.4570693969726562e-06
geometry_dropout,test_seen,3127,val:2010_004635:part_59,2010_004635,cow,horn,horn,0.14049586653709412,0.24637681245803833,0.3660714328289032,0.0054144104942679405,0.0299224853515625,0.9990234375,0.0
geometry_dropout,test_seen,3128,val:2010_004757:part_97,2010_004757,pottedplant,pot,pot,0.5295950174331665,0.6924643516540527,0.27633851766586304,0.047200750559568405,0.99755859375,1.0,4.76837158203125e-06
geometry_dropout,test_seen,3129,val:2010_004757:part_98,2010_004757,pottedplant,plant,plant,0.6864340305328369,0.8140656352043152,0.26901209354400635,0.939915657043457,1.0,1.0,0.6298828125
geometry_dropout,test_seen,3130,val:2010_004789:part_51,2010_004789,cow,tail,tail,0.0890052393078804,0.16346153616905212,0.7562500238418579,0.0069777583703398705,0.986328125,1.0,6.556510925292969e-07
geometry_dropout,test_seen,3131,val:2010_004789:part_52,2010_004789,cow,head,head,0.45991089940071106,0.6300534009933472,0.13310185074806213,0.06498037278652191,1.0,1.0,0.95556640625
geometry_dropout,test_seen,3132,val:2010_004789:part_53,2010_004789,cow,eye,eye,0.0,0.0,0.0,0.0008722197962924838,0.95703125,1.0,3.516674041748047e-06
geometry_dropout,test_seen,3133,val:2010_004789:part_54,2010_004789,cow,torso,torso,0.7901365756988525,0.882766842842102,0.10003604739904404,0.660415768623352,1.0,1.0,0.96630859375
geometry_dropout,test_seen,3134,val:2010_004789:part_55,2010_004789,cow,neck,neck,0.18759454786777496,0.3159235715866089,0.15609756112098694,0.02471289411187172,1.0,1.0,0.96630859375
geometry_dropout,test_seen,3135,val:2010_004789:part_56,2010_004789,cow,leg,leg,0.34778013825416565,0.5160784125328064,0.537725031375885,0.17647914588451385,0.9990234375,1.0,9.5367431640625e-07
geometry_dropout,test_seen,3136,val:2010_004789:part_57,2010_004789,cow,ear,ear,0.031496062874794006,0.06106870248913765,0.9344262480735779,0.010175897739827633,0.0006213188171386719,0.96728515625,0.0
geometry_dropout,test_seen,3137,val:2010_004789:part_58,2010_004789,cow,muzzle,muzzle,0.4111922085285187,0.5827586054801941,0.5158150792121887,0.02456752397119999,0.982421875,1.0,3.4570693969726562e-06
geometry_dropout,test_seen,3138,val:2010_004789:part_59,2010_004789,cow,horn,horn,0.0,0.0,0.8571428656578064,0.001453699660487473,0.0299224853515625,0.9990234375,0.0
geometry_dropout,test_seen,3139,val:2010_004815:part_43,2010_004815,cat,head,head,0.5074626803398132,0.6732673048973083,0.2217659205198288,0.11638868600130081,1.0,1.0,0.95556640625
geometry_dropout,test_seen,3140,val:2010_004815:part_45,2010_004815,cat,torso,torso,0.8275418281555176,0.905633807182312,0.09900990128517151,0.7023205161094666,1.0,1.0,0.96630859375
geometry_dropout,test_seen,3141,val:2010_004815:part_47,2010_004815,cat,leg,leg,0.17419181764125824,0.2967008054256439,0.16029922664165497,0.1182015985250473,0.9990234375,1.0,9.5367431640625e-07
geometry_dropout,test_seen,3142,val:2010_004815:part_48,2010_004815,cat,nose,nose,0.0,0.0,0.0,0.0005438723601400852,0.026153564453125,0.994140625,0.0
geometry_dropout,test_seen,3143,val:2010_004815:part_49,2010_004815,cat,paw,paw,0.16120219230651855,0.2776470482349396,0.46528804302215576,0.03136330842971802,0.99072265625,1.0,2.384185791015625e-07
geometry_dropout,test_seen,3144,val:2010_004815:part_50,2010_004815,cat,ear,ear,0.3932291567325592,0.5644859671592712,0.21253405511379242,0.030456852167844772,0.0006213188171386719,0.96728515625,0.0
geometry_dropout,test_seen,3145,val:2010_004825:part_97,2010_004825,pottedplant,pot,pot,0.0,0.0,0.0,0.15849056839942932,0.99755859375,1.0,4.76837158203125e-06
geometry_dropout,test_seen,3146,val:2010_004825:part_98,2010_004825,pottedplant,plant,plant,0.3025210201740265,0.46451613306999207,0.6125654578208923,0.44905659556388855,1.0,1.0,0.6298828125
geometry_dropout,test_seen,3147,val:2010_004828:part_20,2010_004828,bottle,body,body,0.2785833179950714,0.435768723487854,0.17280453443527222,0.4056399166584015,1.0,1.0,0.94677734375
geometry_dropout,test_seen,3148,val:2010_004828:part_21,2010_004828,bottle,cap,cap,0.0,0.0,0.0,0.009219088591635227,1.0,1.0,0.453125
geometry_dropout,test_seen,3149,val:2010_004856:part_71,2010_004856,horse,head,head,0.5509686470031738,0.7104832530021667,0.12277044355869293,0.15172326564788818,1.0,1.0,0.95556640625
geometry_dropout,test_seen,3150,val:2010_004856:part_72,2010_004856,horse,eye,eye,0.0,0.0,0.0,0.0006930880481377244,0.95703125,1.0,3.516674041748047e-06
geometry_dropout,test_seen,3151,val:2010_004856:part_73,2010_004856,horse,torso,torso,0.31478479504585266,0.4788385033607483,0.07440637797117233,0.2248125523328781,1.0,1.0,0.96630859375
geometry_dropout,test_seen,3152,val:2010_004856:part_74,2010_004856,horse,neck,neck,0.7268014550209045,0.8417892456054688,0.028270304203033447,0.5412387251853943,1.0,1.0,0.96630859375
geometry_dropout,test_seen,3153,val:2010_004856:part_76,2010_004856,horse,ear,ear,0.3550295829772949,0.5240174531936646,0.504444420337677,0.014932896941900253,0.0006213188171386719,0.96728515625,0.0
geometry_dropout,test_seen,3154,val:2010_004856:part_77,2010_004856,horse,muzzle,muzzle,0.39534884691238403,0.5666666626930237,0.1149674654006958,0.06269296258687973,0.982421875,1.0,3.4570693969726562e-06
geometry_dropout,test_seen,3155,val:2010_004857:part_115,2010_004857,tvmonitor,screen,screen,0.04250238835811615,0.08153916895389557,0.36900556087493896,0.07464893162250519,1.0,1.0,0.98779296875
geometry_dropout,test_seen,3156,val:2010_004861:part_42,2010_004861,cat,tail,tail,0.47423887252807617,0.6433677673339844,0.37442219257354736,0.06616769731044769,0.986328125,1.0,6.556510925292969e-07
geometry_dropout,test_seen,3157,val:2010_004861:part_43,2010_004861,cat,head,head,0.6316969990730286,0.7742822170257568,0.02761044166982174,0.2781212627887726,1.0,1.0,0.95556640625
geometry_dropout,test_seen,3158,val:2010_004861:part_44,2010_004861,cat,eye,eye,0.23616236448287964,0.3820895552635193,0.0,0.009328560903668404,0.95703125,1.0,3.516674041748047e-06
geometry_dropout,test_seen,3159,val:2010_004861:part_45,2010_004861,cat,torso,torso,0.7018457055091858,0.8248053193092346,0.04830917716026306,0.37596267461776733,1.0,1.0,0.96630859375
geometry_dropout,test_seen,3160,val:2010_004861:part_47,2010_004861,cat,leg,leg,0.15113182365894318,0.2625795304775238,0.017639078199863434,0.027660267427563667,0.9990234375,1.0,9.5367431640625e-07
geometry_dropout,test_seen,3161,val:2010_004861:part_48,2010_004861,cat,nose,nose,0.02500000037252903,0.04878048598766327,0.0,0.0029287340585142374,0.026153564453125,0.994140625,0.0
geometry_dropout,test_seen,3162,val:2010_004861:part_49,2010_004861,cat,paw,paw,0.5018903613090515,0.6683448553085327,0.15658020973205566,0.05944245681166649,0.99072265625,1.0,2.384185791015625e-07
geometry_dropout,test_seen,3163,val:2010_004861:part_50,2010_004861,cat,ear,ear,0.6236693859100342,0.7682221531867981,0.2536127269268036,0.13114219903945923,0.0006213188171386719,0.96728515625,0.0
geometry_dropout,test_seen,3164,val:2010_004951:part_83,2010_004951,person,head,head,0.0,0.0,1.0,0.13656388223171234,1.0,1.0,0.95556640625
geometry_dropout,test_seen,3165,val:2010_004951:part_85,2010_004951,person,torso,torso,0.0,0.0,1.0,0.25550660490989685,1.0,1.0,0.96630859375
geometry_dropout,test_seen,3166,val:2010_004951:part_90,2010_004951,person,ear,ear,0.0,0.0,0.0,0.039647575467824936,0.0006213188171386719,0.96728515625,0.0
geometry_dropout,test_seen,3167,val:2010_004951:part_94,2010_004951,person,lower arm,lower arm,0.0,0.0,0.0,0.1629955917596817,0.525390625,1.0,0.0
geometry_dropout,test_seen,3168,val:2010_004951:part_95,2010_004951,person,upper arm,upper arm,0.0,0.0,0.0,0.30837005376815796,0.06964111328125,0.99853515625,0.0
geometry_dropout,test_seen,3169,val:2010_004951:part_96,2010_004951,person,hand,hand,0.0,0.0,0.0,0.07048457860946655,0.99755859375,1.0,4.756450653076172e-05
geometry_dropout,test_seen,3170,val:2010_004951:part_109,2010_004951,train,head,head,0.0,0.0,0.0,0.0001373136037727818,1.0,1.0,0.95556640625
geometry_dropout,test_seen,3171,val:2010_004980:part_108,2010_004980,train,headlight,headlight,0.0,0.0,0.0,0.005668016150593758,1.0,1.0,0.137939453125
geometry_dropout,test_seen,3172,val:2010_004980:part_109,2010_004980,train,head,head,0.33673468232154846,0.5038167834281921,0.2857142984867096,0.11214575171470642,1.0,1.0,0.95556640625
geometry_dropout,test_seen,3173,val:2010_004980:part_110,2010_004980,train,front,front,0.8283082246780396,0.9060925245285034,0.03358868509531021,0.6386639475822449,1.0,1.0,0.8779296875
geometry_dropout,test_seen,3174,val:2010_004980:part_111,2010_004980,train,side,side,0.7491961121559143,0.8566176295280457,0.07421875,0.2396761178970337,1.0,1.0,0.0604248046875
geometry_dropout,test_seen,3175,val:2010_004980:part_114,2010_004980,train,coach,coach,0.0,0.0,0.05411103367805481,0.0004048582923132926,1.0,1.0,0.90087890625
geometry_dropout,test_seen,3176,val:2010_005021:part_43,2010_005021,cat,head,head,0.7086113691329956,0.8294588327407837,0.08448442071676254,0.13462567329406738,1.0,1.0,0.95556640625
geometry_dropout,test_seen,3177,val:2010_005021:part_44,2010_005021,cat,eye,eye,0.08547008782625198,0.15748031437397003,0.0,0.005649045575410128,0.95703125,1.0,3.516674041748047e-06
geometry_dropout,test_seen,3178,val:2010_005021:part_45,2010_005021,cat,torso,torso,0.7932338714599609,0.8846965432167053,0.06007571890950203,0.661592423915863,1.0,1.0,0.96630859375
geometry_dropout,test_seen,3179,val:2010_005021:part_46,2010_005021,cat,neck,neck,0.19535519182682037,0.32685714960098267,0.0,0.034726765006780624,1.0,1.0,0.96630859375
geometry_dropout,test_seen,3180,val:2010_005021:part_47,2010_005021,cat,leg,leg,0.7804182767868042,0.8766684532165527,0.008886565454304218,0.10899684578180313,0.9990234375,1.0,9.5367431640625e-07
geometry_dropout,test_seen,3181,val:2010_005021:part_48,2010_005021,cat,nose,nose,0.0,0.0,0.0,0.001962300157174468,0.026153564453125,0.994140625,0.0
geometry_dropout,test_seen,3182,val:2010_005021:part_50,2010_005021,cat,ear,ear,0.42781874537467957,0.599261999130249,0.23963133990764618,0.028958791866898537,0.0006213188171386719,0.96728515625,0.0
geometry_dropout,test_seen,3183,val:2010_005046:part_83,2010_005046,person,head,head,0.4796432852745056,0.6483228802680969,0.010873942635953426,0.06852766126394272,1.0,1.0,0.95556640625
geometry_dropout,test_seen,3184,val:2010_005046:part_84,2010_005046,person,eye,eye,0.13008129596710205,0.23021583259105682,0.0,0.0017478922381997108,0.95703125,1.0,3.516674041748047e-06
geometry_dropout,test_seen,3185,val:2010_005046:part_85,2010_005046,person,torso,torso,0.4248456656932831,0.596339225769043,0.07789500802755356,0.1867160201072693,1.0,1.0,0.96630859375
geometry_dropout,test_seen,3186,val:2010_005046:part_86,2010_005046,person,neck,neck,0.2222222238779068,0.3636363744735718,0.005096839740872383,0.01120707392692566,1.0,1.0,0.96630859375
geometry_dropout,test_seen,3187,val:2010_005046:part_89,2010_005046,person,nose,nose,0.21904762089252472,0.359375,0.0,0.003958461806178093,0.026153564453125,0.994140625,0.0
geometry_dropout,test_seen,3188,val:2010_005046:part_90,2010_005046,person,ear,ear,0.2772277295589447,0.43410852551460266,0.03846153989434242,0.003958461806178093,0.0006213188171386719,0.96728515625,0.0
geometry_dropout,test_seen,3189,val:2010_005046:part_91,2010_005046,person,eyebrow,eyebrow,0.030674846842885017,0.0595238097012043,0.0,0.0016450750408694148,0.0008230209350585938,0.5947265625,0.0
geometry_dropout,test_seen,3190,val:2010_005046:part_92,2010_005046,person,mouth,mouth,0.5249999761581421,0.688524603843689,0.0,0.0034957844763994217,1.0,1.0,0.48486328125
geometry_dropout,test_seen,3191,val:2010_005046:part_93,2010_005046,person,hair,hair,0.2080775499343872,0.3444771468639374,0.1744336634874344,0.033364176750183105,1.0,1.0,0.927734375
geometry_dropout,test_seen,3192,val:2010_005046:part_94,2010_005046,person,lower arm,lower arm,0.4266666769981384,0.5981308221817017,0.10000000149011612,0.06580299884080887,0.525390625,1.0,0.0
geometry_dropout,test_seen,3193,val:2010_005046:part_95,2010_005046,person,upper arm,upper arm,0.6259196400642395,0.769926905632019,0.061556000262498856,0.11500103026628494,0.06964111328125,0.99853515625,0.0
geometry_dropout,test_seen,3194,val:2010_005046:part_96,2010_005046,person,hand,hand,0.3313330411911011,0.4977462887763977,0.28125,0.04945506900548935,0.99755859375,1.0,4.756450653076172e-05
geometry_dropout,test_seen,3195,val:2010_005063:part_22,2010_005063,bus,wheel,wheel,0.0,0.0,0.3601895868778229,0.003475370118394494,0.99853515625,1.0,8.881092071533203e-06
geometry_dropout,test_seen,3196,val:2010_005063:part_23,2010_005063,bus,headlight,headlight,0.0,0.0,0.021276595070958138,0.0006044122274033725,1.0,1.0,0.137939453125
geometry_dropout,test_seen,3197,val:2010_005063:part_24,2010_005063,bus,front,front,0.0,0.0,0.1461988240480423,0.0036264732480049133,1.0,1.0,0.8779296875
geometry_dropout,test_seen,3198,val:2010_005063:part_25,2010_005063,bus,side,side,0.17690874636173248,0.30063292384147644,0.21876201033592224,0.0844666063785553,1.0,1.0,0.0604248046875
geometry_dropout,test_seen,3199,val:2010_005063:part_31,2010_005063,bus,window,window,0.1242620199918747,0.221055269241333,0.04765957593917847,0.07162284851074219,1.0,1.0,0.327880859375
geometry_dropout,test_seen,3200,val:2010_005108:part_43,2010_005108,cat,head,head,0.8197615146636963,0.9009549021720886,0.04735758528113365,0.2982122004032135,1.0,1.0,0.95556640625
geometry_dropout,test_seen,3201,val:2010_005108:part_44,2010_005108,cat,eye,eye,0.45202019810676575,0.6226087212562561,0.0,0.011365731246769428,0.95703125,1.0,3.516674041748047e-06
geometry_dropout,test_seen,3202,val:2010_005108:part_45,2010_005108,cat,torso,torso,0.508412778377533,0.6741030216217041,0.06477160006761551,0.22651594877243042,1.0,1.0,0.96630859375
geometry_dropout,test_seen,3203,val:2010_005108:part_48,2010_005108,cat,nose,nose,0.5087719559669495,0.6744186282157898,0.0,0.0045462921261787415,0.026153564453125,0.994140625,0.0
geometry_dropout,test_seen,3204,val:2010_005108:part_50,2010_005108,cat,ear,ear,0.5589962601661682,0.71712327003479,0.13576725125312805,0.07169625908136368,0.0006213188171386719,0.96728515625,0.0
geometry_dropout,test_seen,3205,val:2010_005118:part_22,2010_005118,bus,wheel,wheel,0.07865168899297714,0.1458333283662796,0.8299319744110107,0.0037338200490921736,0.99853515625,1.0,8.881092071533203e-06
geometry_dropout,test_seen,3206,val:2010_005118:part_23,2010_005118,bus,headlight,headlight,0.06451612710952759,0.12121212482452393,0.10614524781703949,0.007052771281450987,1.0,1.0,0.137939453125
geometry_dropout,test_seen,3207,val:2010_005118:part_24,2010_005118,bus,front,front,0.5504308342933655,0.7100359797477722,0.10766886919736862,0.2713242471218109,1.0,1.0,0.8779296875
geometry_dropout,test_seen,3208,val:2010_005118:part_25,2010_005118,bus,side,side,0.33811214566230774,0.5053569674491882,0.22672691941261292,0.23249253630638123,1.0,1.0,0.0604248046875
geometry_dropout,test_seen,3209,val:2010_005118:part_28,2010_005118,bus,mirror,mirror,0.04631828889250755,0.08853575587272644,0.0,0.03924659639596939,0.84912109375,1.0,4.231929779052734e-06
geometry_dropout,test_seen,3210,val:2010_005118:part_30,2010_005118,bus,door,door,0.5221267342567444,0.6860489249229431,0.024921024218201637,0.16030533611774445,0.15771484375,0.998046875,0.0
geometry_dropout,test_seen,3211,val:2010_005118:part_31,2010_005118,bus,window,window,0.592972993850708,0.7444859147071838,0.031086210161447525,0.2744772732257843,1.0,1.0,0.327880859375
geometry_dropout,test_seen,3212,val:2010_005160:part_25,2010_005160,bus,side,side,0.20894275605678558,0.3456619381904602,0.039783891290426254,0.3267251253128052,1.0,1.0,0.0604248046875
geometry_dropout,test_seen,3213,val:2010_005160:part_31,2010_005160,bus,window,window,0.0,0.0,0.0,0.6694624423980713,1.0,1.0,0.327880859375
geometry_dropout,test_seen,3214,val:2010_005166:part_52,2010_005166,cow,head,head,0.31292515993118286,0.47668394446372986,0.2602739632129669,0.09720605611801147,1.0,1.0,0.95556640625
geometry_dropout,test_seen,3215,val:2010_005166:part_53,2010_005166,cow,eye,eye,0.0,0.0,0.0,0.0023282887414097786,0.95703125,1.0,3.516674041748047e-06
geometry_dropout,test_seen,3216,val:2010_005166:part_54,2010_005166,cow,torso,torso,0.5573529601097107,0.7157695889472961,0.11522965133190155,0.5104773044586182,1.0,1.0,0.96630859375
geometry_dropout,test_seen,3217,val:2010_005166:part_55,2010_005166,cow,neck,neck,0.17149758338928223,0.2927834987640381,0.032345011830329895,0.06635622680187225,1.0,1.0,0.96630859375
geometry_dropout,test_seen,3218,val:2010_005166:part_56,2010_005166,cow,leg,leg,0.13026316463947296,0.23050057888031006,0.33396226167678833,0.19150175154209137,0.9990234375,1.0,9.5367431640625e-07
geometry_dropout,test_seen,3219,val:2010_005166:part_57,2010_005166,cow,ear,ear,0.1881188154220581,0.3166666626930237,0.3785310685634613,0.03667054697871208,0.0006213188171386719,0.96728515625,0.0
geometry_dropout,test_seen,3220,val:2010_005166:part_58,2010_005166,cow,muzzle,muzzle,0.35164836049079895,0.5203251838684082,0.2136363685131073,0.08672875165939331,0.982421875,1.0,3.4570693969726562e-06
geometry_dropout,test_seen,3221,val:2010_005174:part_71,2010_005174,horse,head,head,0.6064013838768005,0.7549811601638794,0.06620731204748154,0.15872903168201447,1.0,1.0,0.95556640625
geometry_dropout,test_seen,3222,val:2010_005174:part_72,2010_005174,horse,eye,eye,0.3245033025741577,0.49000000953674316,0.16556291282176971,0.003483082167804241,0.95703125,1.0,3.516674041748047e-06
geometry_dropout,test_seen,3223,val:2010_005174:part_73,2010_005174,horse,torso,torso,0.5389214158058167,0.700388491153717,0.09294915944337845,0.346886545419693,1.0,1.0,0.96630859375
geometry_dropout,test_seen,3224,val:2010_005174:part_74,2010_005174,horse,neck,neck,0.8323631882667542,0.9085133671760559,0.0967065840959549,0.2101222574710846,1.0,1.0,0.96630859375
geometry_dropout,test_seen,3225,val:2010_005174:part_75,2010_005174,horse,leg,leg,0.3067021667957306,0.4694293439388275,0.37625330686569214,0.07456639409065247,0.9990234375,1.0,9.5367431640625e-07
geometry_dropout,test_seen,3226,val:2010_005174:part_76,2010_005174,horse,ear,ear,0.5296551585197449,0.6925157904624939,0.14687499403953552,0.03333807364106178,0.0006213188171386719,0.96728515625,0.0
geometry_dropout,test_seen,3227,val:2010_005174:part_77,2010_005174,horse,muzzle,muzzle,0.8056036233901978,0.8923371434211731,0.05884438008069992,0.1705288589000702,0.982421875,1.0,3.4570693969726562e-06
geometry_dropout,test_seen,3228,val:2010_005180:part_115,2010_005180,tvmonitor,screen,screen,0.5583333373069763,0.7165775299072266,0.01923076994717121,0.8022727370262146,1.0,1.0,0.98779296875
geometry_dropout,test_seen,3229,val:2010_005187:part_97,2010_005187,pottedplant,pot,pot,0.18596425652503967,0.3136085271835327,0.259980708360672,0.21536226570606232,0.99755859375,1.0,4.76837158203125e-06
geometry_dropout,test_seen,3230,val:2010_005187:part_98,2010_005187,pottedplant,plant,plant,0.14556962251663208,0.2541436553001404,0.14432989060878754,0.015253313817083836,1.0,1.0,0.6298828125
geometry_dropout,test_seen,3231,val:2010_005245:part_87,2010_005245,person,leg,leg,0.0,0.0,0.23529411852359772,0.0015748031437397003,0.9990234375,1.0,9.5367431640625e-07
geometry_dropout,test_seen,3232,val:2010_005284:part_22,2010_005284,bus,wheel,wheel,0.16710183024406433,0.2863534688949585,0.07165109366178513,0.009902546182274818,0.99853515625,1.0,8.881092071533203e-06
geometry_dropout,test_seen,3233,val:2010_005284:part_23,2010_005284,bus,headlight,headlight,0.4931506812572479,0.6605504751205444,0.0,0.010374096222221851,1.0,1.0,0.137939453125
geometry_dropout,test_seen,3234,val:2010_005284:part_24,2010_005284,bus,front,front,0.6317696571350098,0.7743368148803711,0.10362377762794495,0.2509430944919586,1.0,1.0,0.8779296875
geometry_dropout,test_seen,3235,val:2010_005284:part_25,2010_005284,bus,side,side,0.5637393593788147,0.7210144996643066,0.08114346861839294,0.2514932453632355,1.0,1.0,0.0604248046875
geometry_dropout,test_seen,3236,val:2010_005284:part_28,2010_005284,bus,mirror,mirror,0.20000000298023224,0.3333333432674408,0.0,0.019097767770290375,0.84912109375,1.0,4.231929779052734e-06
geometry_dropout,test_seen,3237,val:2010_005284:part_30,2010_005284,bus,door,door,0.446704626083374,0.6175478100776672,0.0,0.04652624949812889,0.15771484375,0.998046875,0.0
geometry_dropout,test_seen,3238,val:2010_005284:part_31,2010_005284,bus,window,window,0.7316303253173828,0.8450190424919128,0.06022711098194122,0.4015246629714966,1.0,1.0,0.327880859375
geometry_dropout,test_seen,3239,val:2010_005305:part_97,2010_005305,pottedplant,pot,pot,0.3333333432674408,0.5,0.12222222238779068,0.5472155213356018,0.99755859375,1.0,4.76837158203125e-06
geometry_dropout,test_seen,3240,val:2010_005305:part_98,2010_005305,pottedplant,plant,plant,0.28169015049934387,0.4395604431629181,0.13953489065170288,0.4527845084667206,1.0,1.0,0.6298828125
geometry_dropout,test_seen,3241,val:2010_005344:part_42,2010_005344,cat,tail,tail,0.40725505352020264,0.5787935256958008,0.1445874273777008,0.06707754731178284,0.986328125,1.0,6.556510925292969e-07
geometry_dropout,test_seen,3242,val:2010_005344:part_43,2010_005344,cat,head,head,0.616701602935791,0.7629133462905884,0.05954528972506523,0.11105792224407196,1.0,1.0,0.95556640625
geometry_dropout,test_seen,3243,val:2010_005344:part_44,2010_005344,cat,eye,eye,0.1702127605676651,0.290909081697464,0.0,0.002991862129420042,0.95703125,1.0,3.516674041748047e-06
geometry_dropout,test_seen,3244,val:2010_005344:part_45,2010_005344,cat,torso,torso,0.6422557234764099,0.7821628451347351,0.07509177923202515,0.34909048676490784,1.0,1.0,0.96630859375
geometry_dropout,test_seen,3245,val:2010_005344:part_47,2010_005344,cat,leg,leg,0.28379106521606445,0.44211408495903015,0.20247593522071838,0.06779559701681137,0.9990234375,1.0,9.5367431640625e-07
geometry_dropout,test_seen,3246,val:2010_005344:part_48,2010_005344,cat,nose,nose,0.1428571492433548,0.25,0.056179776787757874,0.0008975586388260126,0.026153564453125,0.994140625,0.0
geometry_dropout,test_seen,3247,val:2010_005344:part_49,2010_005344,cat,paw,paw,0.512499988079071,0.6776859760284424,0.22535210847854614,0.01968645304441452,0.99072265625,1.0,2.384185791015625e-07
geometry_dropout,test_seen,3248,val:2010_005344:part_50,2010_005344,cat,ear,ear,0.24613402783870697,0.3950361907482147,0.27395209670066833,0.017891336232423782,0.0006213188171386719,0.96728515625,0.0
geometry_dropout,test_seen,3249,val:2010_005421:part_42,2010_005421,cat,tail,tail,0.15331010520458221,0.26586103439331055,0.7708333134651184,0.06104523316025734,0.986328125,1.0,6.556510925292969e-07
geometry_dropout,test_seen,3250,val:2010_005421:part_43,2010_005421,cat,head,head,0.8134714961051941,0.8971428275108337,0.023297490552067757,0.21607378125190735,1.0,1.0,0.95556640625
geometry_dropout,test_seen,3251,val:2010_005421:part_44,2010_005421,cat,eye,eye,0.1595744639635086,0.2752293646335602,0.0,0.0065876152366399765,0.95703125,1.0,3.516674041748047e-06
geometry_dropout,test_seen,3252,val:2010_005421:part_45,2010_005421,cat,torso,torso,0.5519053936004639,0.7112616300582886,0.2123335599899292,0.4106280207633972,1.0,1.0,0.96630859375
geometry_dropout,test_seen,3253,val:2010_005421:part_47,2010_005421,cat,leg,leg,0.39256197214126587,0.5637982487678528,0.24554039537906647,0.17347386479377747,0.9990234375,1.0,9.5367431640625e-07
geometry_dropout,test_seen,3254,val:2010_005421:part_48,2010_005421,cat,nose,nose,0.0,0.0,0.0,0.003952569328248501,0.026153564453125,0.994140625,0.0
geometry_dropout,test_seen,3255,val:2010_005421:part_49,2010_005421,cat,paw,paw,0.20604395866394043,0.3416856527328491,0.508474588394165,0.06324110925197601,0.99072265625,1.0,2.384185791015625e-07
geometry_dropout,test_seen,3256,val:2010_005421:part_50,2010_005421,cat,ear,ear,0.19923371076583862,0.3322683572769165,0.517241358757019,0.022837067022919655,0.0006213188171386719,0.96728515625,0.0
geometry_dropout,test_seen,3257,val:2010_005496:part_20,2010_005496,bottle,body,body,0.8749121427536011,0.9332833290100098,0.09994711726903915,0.961901068687439,1.0,1.0,0.94677734375
geometry_dropout,test_seen,3258,val:2010_005496:part_21,2010_005496,bottle,cap,cap,0.3073170781135559,0.4701492488384247,0.4647058844566345,0.03771406412124634,1.0,1.0,0.453125
geometry_dropout,test_seen,3259,val:2010_005508:part_43,2010_005508,cat,head,head,0.6333259344100952,0.7755046486854553,0.24435441195964813,0.4679228961467743,1.0,1.0,0.95556640625
geometry_dropout,test_seen,3260,val:2010_005508:part_44,2010_005508,cat,eye,eye,0.37163814902305603,0.541889488697052,0.09311740845441818,0.016857249662280083,0.95703125,1.0,3.516674041748047e-06
geometry_dropout,test_seen,3261,val:2010_005508:part_45,2010_005508,cat,torso,torso,0.5609263777732849,0.7187095880508423,0.30711352825164795,0.3225962221622467,1.0,1.0,0.96630859375
geometry_dropout,test_seen,3262,val:2010_005508:part_46,2010_005508,cat,neck,neck,0.16918843984603882,0.2894117534160614,0.23617176711559296,0.03500295430421829,1.0,1.0,0.96630859375
geometry_dropout,test_seen,3263,val:2010_005508:part_48,2010_005508,cat,nose,nose,0.31274130940437317,0.47647058963775635,0.11162790656089783,0.006710688583552837,0.026153564453125,0.994140625,0.0
geometry_dropout,test_seen,3264,val:2010_005508:part_50,2010_005508,cat,ear,ear,0.5726321339607239,0.7282467484474182,0.19733555614948273,0.1372738480567932,0.0006213188171386719,0.96728515625,0.0
geometry_dropout,test_seen,3265,val:2010_005534:part_0,2010_005534,aeroplane,body,body,0.585952877998352,0.7389284372329712,0.10343087464570999,0.41873741149902344,1.0,1.0,0.94677734375
geometry_dropout,test_seen,3266,val:2010_005534:part_1,2010_005534,aeroplane,stern,stern,0.647311806678772,0.7859007716178894,0.27881449460983276,0.20852921903133392,1.0,1.0,0.11859130859375
geometry_dropout,test_seen,3267,val:2010_005534:part_2,2010_005534,aeroplane,wing,wing,0.49285033345222473,0.6602809429168701,0.1489361673593521,0.28912022709846497,0.98779296875,1.0,1.3649463653564453e-05
geometry_dropout,test_seen,3268,val:2010_005582:part_20,2010_005582,bottle,body,body,0.20675943791866302,0.3426688611507416,0.06306306272745132,0.9483747482299805,1.0,1.0,0.94677734375
geometry_dropout,test_seen,3269,val:2010_005582:part_21,2010_005582,bottle,cap,cap,0.0,0.0,0.10769230872392654,0.03441682457923889,1.0,1.0,0.453125
geometry_dropout,test_seen,3270,val:2010_005606:part_42,2010_005606,cat,tail,tail,0.4672965109348297,0.6369490027427673,0.3102564215660095,0.1662098616361618,0.986328125,1.0,6.556510925292969e-07
geometry_dropout,test_seen,3271,val:2010_005606:part_43,2010_005606,cat,head,head,0.6126855611801147,0.7598326206207275,0.060648802667856216,0.09514486789703369,1.0,1.0,0.95556640625
geometry_dropout,test_seen,3272,val:2010_005606:part_44,2010_005606,cat,eye,eye,0.0,0.0,0.0,0.0015661707147955894,0.95703125,1.0,3.516674041748047e-06
geometry_dropout,test_seen,3273,val:2010_005606:part_45,2010_005606,cat,torso,torso,0.38571110367774963,0.5566977262496948,0.09214333444833755,0.3392717242240906,1.0,1.0,0.96630859375
geometry_dropout,test_seen,3274,val:2010_005606:part_46,2010_005606,cat,neck,neck,0.2107728272676468,0.3481624722480774,0.0,0.05540328845381737,1.0,1.0,0.96630859375
geometry_dropout,test_seen,3275,val:2010_005606:part_47,2010_005606,cat,leg,leg,0.3077564537525177,0.47066327929496765,0.17241379618644714,0.2963978052139282,0.9990234375,1.0,9.5367431640625e-07
geometry_dropout,test_seen,3276,val:2010_005606:part_48,2010_005606,cat,nose,nose,0.0,0.0,0.0,0.0035238841082900763,0.026153564453125,0.994140625,0.0
geometry_dropout,test_seen,3277,val:2010_005606:part_49,2010_005606,cat,paw,paw,0.22662889957427979,0.36951500177383423,0.4129793643951416,0.018402505666017532,0.99072265625,1.0,2.384185791015625e-07
geometry_dropout,test_seen,3278,val:2010_005606:part_50,2010_005606,cat,ear,ear,0.10000000149011612,0.1818181872367859,0.2611464858055115,0.0209475327283144,0.0006213188171386719,0.96728515625,0.0
geometry_dropout,test_seen,3279,val:2010_005606:part_85,2010_005606,person,torso,torso,0.0,0.0,0.7510040402412415,0.0022880216129124165,1.0,1.0,0.96630859375
geometry_dropout,test_seen,3280,val:2010_005606:part_86,2010_005606,person,neck,neck,0.0,0.0,0.0,0.0002691789995878935,1.0,1.0,0.96630859375
geometry_dropout,test_seen,3281,val:2010_005626:part_83,2010_005626,person,head,head,0.3897058963775635,0.5608465671539307,0.06888069212436676,0.028591787442564964,1.0,1.0,0.95556640625
geometry_dropout,test_seen,3282,val:2010_005626:part_84,2010_005626,person,eye,eye,0.0,0.0,0.0,0.0007125679403543472,0.95703125,1.0,3.516674041748047e-06
geometry_dropout,test_seen,3283,val:2010_005626:part_85,2010_005626,person,torso,torso,0.5175233483314514,0.682063102722168,0.14075887203216553,0.12879665195941925,1.0,1.0,0.96630859375
geometry_dropout,test_seen,3284,val:2010_005626:part_86,2010_005626,person,neck,neck,0.4728434383869171,0.6420824527740479,0.025723472237586975,0.013360648415982723,1.0,1.0,0.96630859375
geometry_dropout,test_seen,3285,val:2010_005626:part_87,2010_005626,person,leg,leg,0.42788460850715637,0.5993266105651855,0.2677561342716217,0.06992072612047195,0.9990234375,1.0,9.5367431640625e-07
geometry_dropout,test_seen,3286,val:2010_005626:part_89,2010_005626,person,nose,nose,0.14953270554542542,0.2601625919342041,0.32710281014442444,0.0014251358807086945,0.026153564453125,0.994140625,0.0
geometry_dropout,test_seen,3287,val:2010_005626:part_90,2010_005626,person,ear,ear,0.0,0.0,0.0,0.004275407642126083,0.0006213188171386719,0.96728515625,0.0
geometry_dropout,test_seen,3288,val:2010_005626:part_91,2010_005626,person,eyebrow,eyebrow,0.0,0.0,0.0,0.00044535493361763656,0.0008230209350585938,0.5947265625,0.0
geometry_dropout,test_seen,3289,val:2010_005626:part_92,2010_005626,person,mouth,mouth,0.30000001192092896,0.4615384638309479,0.2666666805744171,0.0008016389328986406,1.0,1.0,0.48486328125
geometry_dropout,test_seen,3290,val:2010_005626:part_93,2010_005626,person,hair,hair,0.5996884703636169,0.7497565746307373,0.2983871102333069,0.036251891404390335,1.0,1.0,0.927734375
geometry_dropout,test_seen,3291,val:2010_005626:part_94,2010_005626,person,lower arm,lower arm,0.32095006108283997,0.4859382212162018,0.1966329962015152,0.060924556106328964,0.525390625,1.0,0.0
geometry_dropout,test_seen,3292,val:2010_005626:part_95,2010_005626,person,upper arm,upper arm,0.4226533770561218,0.594176173210144,0.21529920399188995,0.09726551920175552,0.06964111328125,0.99853515625,0.0
geometry_dropout,test_seen,3293,val:2010_005626:part_96,2010_005626,person,hand,hand,0.18744142353534698,0.31570640206336975,0.27927929162979126,0.023871025070548058,0.99755859375,1.0,4.756450653076172e-05
geometry_dropout,test_seen,3294,val:2010_005664:part_6,2010_005664,bicycle,wheel,wheel,0.3085192143917084,0.4715547263622284,0.5399776697158813,0.5672651529312134,0.99853515625,1.0,8.881092071533203e-06
geometry_dropout,test_seen,3295,val:2010_005664:part_7,2010_005664,bicycle,saddle,saddle,0.640625,0.7809523940086365,0.20821918547153473,0.09627895057201385,1.0,1.0,0.1939697265625
geometry_dropout,test_seen,3296,val:2010_005664:part_8,2010_005664,bicycle,handlebar,handlebar,0.14720000326633453,0.25662481784820557,0.7130281925201416,0.038771793246269226,0.99951171875,1.0,0.076416015625
geometry_dropout,test_seen,3297,val:2010_005664:part_9,2010_005664,bicycle,chainwheel,chainwheel,0.059490084648132324,0.11229946464300156,0.27288731932640076,0.04683840647339821,0.8896484375,1.0,5.960464477539063e-08
geometry_dropout,test_seen,3298,val:2010_005706:part_109,2010_005706,train,head,head,0.05917159840464592,0.11173184216022491,0.4051724076271057,0.017686692997813225,1.0,1.0,0.95556640625
geometry_dropout,test_seen,3299,val:2010_005706:part_110,2010_005706,train,front,front,0.2708994746208191,0.4263114035129547,0.18981972336769104,0.07243122160434723,1.0,1.0,0.8779296875
geometry_dropout,test_seen,3300,val:2010_005706:part_111,2010_005706,train,side,side,0.723126232624054,0.8393189311027527,0.19412854313850403,0.9006176590919495,1.0,1.0,0.0604248046875
geometry_dropout,test_seen,3301,val:2010_005709:part_42,2010_005709,cat,tail,tail,0.08132147043943405,0.15041127800941467,0.46341463923454285,0.19734345376491547,0.986328125,1.0,6.556510925292969e-07
geometry_dropout,test_seen,3302,val:2010_005709:part_43,2010_005709,cat,head,head,0.6641221642494202,0.7981651425361633,0.0514950156211853,0.13228517770767212,1.0,1.0,0.95556640625
geometry_dropout,test_seen,3303,val:2010_005709:part_44,2010_005709,cat,eye,eye,0.1111111119389534,0.20000000298023224,0.0,0.0037950663827359676,0.95703125,1.0,3.516674041748047e-06
geometry_dropout,test_seen,3304,val:2010_005709:part_45,2010_005709,cat,torso,torso,0.28068506717681885,0.4383358061313629,0.2238520383834839,0.2445107102394104,1.0,1.0,0.96630859375
geometry_dropout,test_seen,3305,val:2010_005709:part_46,2010_005709,cat,neck,neck,0.1634819507598877,0.2810218930244446,0.11363636702299118,0.0412035770714283,1.0,1.0,0.96630859375
geometry_dropout,test_seen,3306,val:2010_005709:part_47,2010_005709,cat,leg,leg,0.0009000900317914784,0.0017985611921176314,0.5447154641151428,0.13472485542297363,0.9990234375,1.0,9.5367431640625e-07
geometry_dropout,test_seen,3307,val:2010_005709:part_48,2010_005709,cat,nose,nose,0.0,0.0,0.0,0.002439685631543398,0.026153564453125,0.994140625,0.0
geometry_dropout,test_seen,3308,val:2010_005709:part_49,2010_005709,cat,paw,paw,0.0,0.0,0.8199999928474426,0.024939008057117462,0.99072265625,1.0,2.384185791015625e-07
geometry_dropout,test_seen,3309,val:2010_005709:part_50,2010_005709,cat,ear,ear,0.07333333045244217,0.13664595782756805,0.28260868787765503,0.018704256042838097,0.0006213188171386719,0.96728515625,0.0
geometry_dropout,test_seen,3310,val:2010_005709:part_83,2010_005709,person,head,head,0.0,0.0,0.05473684147000313,0.0030323450919240713,1.0,1.0,0.95556640625
geometry_dropout,test_seen,3311,val:2010_005709:part_85,2010_005709,person,torso,torso,0.0,0.0,0.4761904776096344,0.0026111858896911144,1.0,1.0,0.96630859375
geometry_dropout,test_seen,3312,val:2010_005709:part_86,2010_005709,person,neck,neck,0.0,0.0,0.2329842895269394,0.0008423180552199483,1.0,1.0,0.96630859375
geometry_dropout,test_seen,3313,val:2010_005709:part_87,2010_005709,person,leg,leg,0.00046772684436291456,0.0009350163745693862,0.12501958012580872,0.0028638814110308886,0.9990234375,1.0,9.5367431640625e-07
geometry_dropout,test_seen,3314,val:2010_005709:part_90,2010_005709,person,ear,ear,0.0,0.0,0.7909091114997864,0.0001684352318989113,0.0006213188171386719,0.96728515625,0.0
geometry_dropout,test_seen,3315,val:2010_005718:part_0,2010_005718,aeroplane,body,body,0.3948718011379242,0.5661764740943909,0.3129805624485016,0.49599623680114746,1.0,1.0,0.94677734375
geometry_dropout,test_seen,3316,val:2010_005718:part_1,2010_005718,aeroplane,stern,stern,0.0,0.0,0.0,0.13989637792110443,1.0,1.0,0.11859130859375
geometry_dropout,test_seen,3317,val:2010_005718:part_2,2010_005718,aeroplane,wing,wing,0.0,0.0,1.0,0.10362694412469864,0.98779296875,1.0,1.3649463653564453e-05
geometry_dropout,test_seen,3318,val:2010_005718:part_4,2010_005718,aeroplane,engine,engine,0.23342175781726837,0.37849462032318115,0.010989011265337467,0.17616580426692963,0.9951171875,1.0,2.300739288330078e-05
geometry_dropout,test_seen,3319,val:2010_005718:part_5,2010_005718,aeroplane,wheel,wheel,0.0,0.0,1.0,0.026848798617720604,0.99853515625,1.0,8.881092071533203e-06
geometry_dropout,test_seen,3320,val:2010_005727:part_109,2010_005727,train,head,head,0.0,0.0,0.0,0.042828284204006195,1.0,1.0,0.95556640625
geometry_dropout,test_seen,3321,val:2010_005727:part_110,2010_005727,train,front,front,0.7211474180221558,0.8379845023155212,0.14701704680919647,0.23676767945289612,1.0,1.0,0.8779296875
geometry_dropout,test_seen,3322,val:2010_005727:part_111,2010_005727,train,side,side,0.6828638911247253,0.8115497827529907,0.19343620538711548,0.6517171859741211,1.0,1.0,0.0604248046875
geometry_dropout,test_seen,3323,val:2010_005727:part_114,2010_005727,train,coach,coach,0.027078773826360703,0.05272969231009483,0.14352360367774963,0.022424241527915,1.0,1.0,0.90087890625
geometry_dropout,test_seen,3324,val:2010_005762:part_20,2010_005762,bottle,body,body,0.7422476410865784,0.8520575761795044,0.14684465527534485,0.7745915651321411,1.0,1.0,0.94677734375
geometry_dropout,test_seen,3325,val:2010_005762:part_21,2010_005762,bottle,cap,cap,0.7652057409286499,0.8669875860214233,0.06052141636610031,0.20552952587604523,1.0,1.0,0.453125
geometry_dropout,test_seen,3326,val:2010_005860:part_6,2010_005860,bicycle,wheel,wheel,0.0,0.0,0.0,0.45588234066963196,0.99853515625,1.0,8.881092071533203e-06
geometry_dropout,test_seen,3327,val:2010_005860:part_7,2010_005860,bicycle,saddle,saddle,0.0,0.0,1.0,0.11029411852359772,1.0,1.0,0.1939697265625
geometry_dropout,test_seen,3328,val:2010_005860:part_8,2010_005860,bicycle,handlebar,handlebar,0.0,0.0,1.0,0.07352941483259201,0.99951171875,1.0,0.076416015625
geometry_dropout,test_seen,3329,val:2010_005860:part_9,2010_005860,bicycle,chainwheel,chainwheel,0.0,0.0,0.0,0.08088235557079315,0.8896484375,1.0,5.960464477539063e-08
geometry_dropout,test_seen,3330,val:2010_005871:part_114,2010_005871,train,coach,coach,0.7256523370742798,0.8410179615020752,0.17488789558410645,0.9043884873390198,1.0,1.0,0.90087890625
geometry_dropout,test_seen,3331,val:2010_005877:part_0,2010_005877,aeroplane,body,body,0.7410447597503662,0.851264476776123,0.09190887957811356,0.43194782733917236,1.0,1.0,0.94677734375
geometry_dropout,test_seen,3332,val:2010_005877:part_1,2010_005877,aeroplane,stern,stern,0.4355670213699341,0.6068222522735596,0.3224043846130371,0.15566422045230865,1.0,1.0,0.11859130859375
geometry_dropout,test_seen,3333,val:2010_005877:part_2,2010_005877,aeroplane,wing,wing,0.3747926950454712,0.5452352166175842,0.3583662807941437,0.36634066700935364,0.98779296875,1.0,1.3649463653564453e-05
geometry_dropout,test_seen,3334,val:2010_005877:part_5,2010_005877,aeroplane,wheel,wheel,0.269461065530777,0.4245283007621765,0.4508196711540222,0.03667481616139412,0.99853515625,1.0,8.881092071533203e-06
geometry_dropout,test_seen,3335,val:2010_005888:part_0,2010_005888,aeroplane,body,body,0.40439561009407043,0.5758998394012451,0.3808463215827942,0.39915966987609863,1.0,1.0,0.94677734375
geometry_dropout,test_seen,3336,val:2010_005888:part_1,2010_005888,aeroplane,stern,stern,0.26229506731033325,0.41558441519737244,0.5813953280448914,0.1596638709306717,1.0,1.0,0.11859130859375
geometry_dropout,test_seen,3337,val:2010_005888:part_2,2010_005888,aeroplane,wing,wing,0.3682864308357239,0.5383177399635315,0.491994172334671,0.40231093764305115,0.98779296875,1.0,1.3649463653564453e-05
geometry_dropout,test_seen,3338,val:2010_005888:part_4,2010_005888,aeroplane,engine,engine,0.07359307259321213,0.13709677755832672,0.2710280418395996,0.0357142873108387,0.9951171875,1.0,2.300739288330078e-05
geometry_dropout,test_seen,3339,val:2010_005899:part_43,2010_005899,cat,head,head,0.7515006065368652,0.8581219911575317,0.01359026413410902,0.21701379120349884,1.0,1.0,0.95556640625
geometry_dropout,test_seen,3340,val:2010_005899:part_44,2010_005899,cat,eye,eye,0.6174089312553406,0.7634543180465698,0.0,0.02025991678237915,0.95703125,1.0,3.516674041748047e-06
geometry_dropout,test_seen,3341,val:2010_005899:part_45,2010_005899,cat,torso,torso,0.564656674861908,0.721764326095581,0.04825511574745178,0.2926621735095978,1.0,1.0,0.96630859375
geometry_dropout,test_seen,3342,val:2010_005899:part_46,2010_005899,cat,neck,neck,0.3934328258037567,0.5646957755088806,0.0,0.09465978294610977,1.0,1.0,0.96630859375
geometry_dropout,test_seen,3343,val:2010_005899:part_47,2010_005899,cat,leg,leg,0.40231019258499146,0.5737820267677307,0.0003321155672892928,0.22319959104061127,0.9990234375,1.0,9.5367431640625e-07
geometry_dropout,test_seen,3344,val:2010_005899:part_48,2010_005899,cat,nose,nose,0.41428571939468384,0.5858585834503174,0.0,0.0034617786295711994,0.026153564453125,0.994140625,0.0
geometry_dropout,test_seen,3345,val:2010_005899:part_49,2010_005899,cat,paw,paw,0.28929466009140015,0.44876423478126526,0.04739336669445038,0.04869190230965614,0.99072265625,1.0,2.384185791015625e-07
geometry_dropout,test_seen,3346,val:2010_005899:part_50,2010_005899,cat,ear,ear,0.5438262224197388,0.7045174241065979,0.16653963923454285,0.08098291605710983,0.0006213188171386719,0.96728515625,0.0
geometry_dropout,test_seen,3347,val:2010_005922:part_51,2010_005922,cow,tail,tail,0.058252427726984024,0.11009174585342407,0.7184466123580933,0.018518518656492233,0.986328125,1.0,6.556510925292969e-07
geometry_dropout,test_seen,3348,val:2010_005922:part_52,2010_005922,cow,head,head,0.0,0.0,0.9285714030265808,0.040123455226421356,1.0,1.0,0.95556640625
geometry_dropout,test_seen,3349,val:2010_005922:part_54,2010_005922,cow,torso,torso,0.41040462255477905,0.5819672346115112,0.4664536714553833,0.540123462677002,1.0,1.0,0.96630859375
geometry_dropout,test_seen,3350,val:2010_005922:part_55,2010_005922,cow,neck,neck,0.0,0.0,0.0,0.006172839552164078,1.0,1.0,0.96630859375
geometry_dropout,test_seen,3351,val:2010_005922:part_56,2010_005922,cow,leg,leg,0.1435406655073166,0.2510460317134857,0.8125,0.14506173133850098,0.9990234375,1.0,9.5367431640625e-07
geometry_dropout,test_seen,3352,val:2010_005922:part_57,2010_005922,cow,ear,ear,0.0,0.0,0.0,0.012195121496915817,0.0006213188171386719,0.96728515625,0.0
geometry_dropout,test_seen,3353,val:2010_005922:part_58,2010_005922,cow,muzzle,muzzle,0.0,0.0,0.8139534592628479,0.003086419776082039,0.982421875,1.0,3.4570693969726562e-06
geometry_dropout,test_seen,3354,val:2010_005991:part_83,2010_005991,person,head,head,0.0009813542710617185,0.0019607844296842813,0.2618110179901123,0.0002560163848102093,1.0,1.0,0.95556640625
geometry_dropout,test_seen,3355,val:2010_005991:part_85,2010_005991,person,torso,torso,0.0,0.0,0.18506494164466858,6.400409620255232e-05,1.0,1.0,0.96630859375
geometry_dropout,test_seen,3356,val:2010_005991:part_86,2010_005991,person,neck,neck,0.010909090749919415,0.02158273383975029,0.9672726988792419,0.00019201228860765696,1.0,1.0,0.96630859375
geometry_dropout,test_seen,3357,val:2010_005991:part_87,2010_005991,person,leg,leg,0.0007572888862341642,0.0015134316636249423,0.15865202248096466,0.0002560163848102093,0.9990234375,1.0,9.5367431640625e-07
geometry_dropout,test_seen,3358,val:2010_006034:part_0,2010_006034,aeroplane,body,body,0.6495257019996643,0.787530243396759,0.19928094744682312,0.4376007616519928,1.0,1.0,0.94677734375
geometry_dropout,test_seen,3359,val:2010_006034:part_1,2010_006034,aeroplane,stern,stern,0.7624196410179138,0.8651964664459229,0.06930389255285263,0.4466301202774048,1.0,1.0,0.11859130859375
geometry_dropout,test_seen,3360,val:2010_006034:part_2,2010_006034,aeroplane,wing,wing,0.19013626873493195,0.31952017545700073,0.21111111342906952,0.0635278970003128,0.98779296875,1.0,1.3649463653564453e-05
geometry_dropout,test_seen,3361,val:2010_006034:part_5,2010_006034,aeroplane,wheel,wheel,0.24401913583278656,0.39230769872665405,0.6175637245178223,0.02692679688334465,0.99853515625,1.0,8.881092071533203e-06
geometry_dropout,test_seen,3362,val:2010_006054:part_109,2010_006054,train,head,head,0.027272727340459824,0.05309734493494034,0.4167938828468323,0.021863117814064026,1.0,1.0,0.95556640625
geometry_dropout,test_seen,3363,val:2010_006054:part_110,2010_006054,train,front,front,0.24065420031547546,0.3879472613334656,0.336448609828949,0.09790874272584915,1.0,1.0,0.8779296875
geometry_dropout,test_seen,3364,val:2010_006054:part_111,2010_006054,train,side,side,0.29294562339782715,0.45314452052116394,0.47135135531425476,0.5237642526626587,1.0,1.0,0.0604248046875
geometry_dropout,test_seen,3365,val:2010_006054:part_113,2010_006054,train,roof,roof,0.1656050980091095,0.284153014421463,0.3603818714618683,0.2975285053253174,1.0,1.0,0.99267578125
geometry_dropout,test_seen,3366,val:2010_006054:part_114,2010_006054,train,coach,coach,0.015451174229383469,0.030432136729359627,0.40247678756713867,0.026615969836711884,1.0,1.0,0.90087890625
geometry_dropout,test_seen,3367,val:2010_006070:part_6,2010_006070,bicycle,wheel,wheel,0.19239328801631927,0.3227010667324066,0.7250432968139648,0.670718252658844,0.99853515625,1.0,8.881092071533203e-06
geometry_dropout,test_seen,3368,val:2010_006070:part_7,2010_006070,bicycle,saddle,saddle,0.5574837327003479,0.7158774137496948,0.3851674497127533,0.08287292718887329,1.0,1.0,0.1939697265625
geometry_dropout,test_seen,3369,val:2010_006070:part_8,2010_006070,bicycle,handlebar,handlebar,0.1257142871618271,0.22335025668144226,0.8485757112503052,0.03342541307210922,0.99951171875,1.0,0.076416015625
geometry_dropout,test_seen,3370,val:2010_006070:part_9,2010_006070,bicycle,chainwheel,chainwheel,0.19858156144618988,0.33136093616485596,0.7400530576705933,0.03591160103678703,0.8896484375,1.0,5.960464477539063e-08
geometry_dropout,test_unseen,0,val:2008_000080:part_60,2008_000080,dog,tail,tail,0.0,0.0,1.0,0.0074477228336036205,0.986328125,1.0,6.556510925292969e-07
geometry_dropout,test_unseen,1,val:2008_000080:part_61,2008_000080,dog,head,head,0.7063491940498352,0.8279069662094116,0.008547008968889713,0.11228874325752258,1.0,1.0,0.95556640625
geometry_dropout,test_unseen,2,val:2008_000080:part_62,2008_000080,dog,eye,eye,0.06060606241226196,0.11428571492433548,0.0,0.0034374105744063854,0.95703125,1.0,3.516674041748047e-06
geometry_dropout,test_unseen,3,val:2008_000080:part_63,2008_000080,dog,torso,torso,0.6298179030418396,0.7728690505027771,0.10830860584974289,0.5230593085289001,1.0,1.0,0.96630859375
geometry_dropout,test_unseen,4,val:2008_000080:part_65,2008_000080,dog,leg,leg,0.20076335966587067,0.33439287543296814,0.6408364176750183,0.21770265698432922,0.9990234375,1.0,9.5367431640625e-07
geometry_dropout,test_unseen,5,val:2008_000080:part_66,2008_000080,dog,nose,nose,0.023255813866853714,0.04545454680919647,0.0,0.008879977278411388,0.026153564453125,0.994140625,0.0
geometry_dropout,test_unseen,6,val:2008_000080:part_67,2008_000080,dog,paw,paw,0.005235602147877216,0.010416666977107525,0.9729729890823364,0.04439988359808922,0.99072265625,1.0,2.384185791015625e-07
geometry_dropout,test_unseen,7,val:2008_000080:part_68,2008_000080,dog,ear,ear,0.11290322244167328,0.2028985470533371,0.6480686664581299,0.03208249807357788,0.0006213188171386719,0.96728515625,0.0
geometry_dropout,test_unseen,8,val:2008_000080:part_69,2008_000080,dog,muzzle,muzzle,0.2222222238779068,0.3636363744735718,0.0,0.041535377502441406,0.982421875,1.0,3.4570693969726562e-06
geometry_dropout,test_unseen,9,val:2008_000123:part_12,2008_000123,bird,tail,tail,0.02678571455180645,0.052173912525177,0.06666667014360428,0.0962463915348053,0.986328125,1.0,6.556510925292969e-07
geometry_dropout,test_unseen,10,val:2008_000123:part_13,2008_000123,bird,head,head,0.4954954981803894,0.6626505851745605,0.3973509967327118,0.18864291906356812,1.0,1.0,0.95556640625
geometry_dropout,test_unseen,11,val:2008_000123:part_14,2008_000123,bird,eye,eye,0.0,0.0,0.0,0.010587102733552456,0.95703125,1.0,3.516674041748047e-06
geometry_dropout,test_unseen,12,val:2008_000123:part_15,2008_000123,bird,beak,beak,0.0,0.0,0.0,0.012512031011283398,0.6220703125,0.99951171875,1.7881393432617188e-07
geometry_dropout,test_unseen,13,val:2008_000123:part_16,2008_000123,bird,torso,torso,0.6242774724960327,0.7686832547187805,0.18503937125205994,0.6188642978668213,1.0,1.0,0.96630859375
geometry_dropout,test_unseen,14,val:2008_000123:part_17,2008_000123,bird,neck,neck,0.17777778208255768,0.30188679695129395,0.1388888955116272,0.06544754654169083,1.0,1.0,0.96630859375
geometry_dropout,test_unseen,15,val:2008_000123:part_18,2008_000123,bird,leg,leg,0.01077199261635542,0.021314388141036034,0.14901256561279297,0.005774783436208963,0.9990234375,1.0,9.5367431640625e-07
geometry_dropout,test_unseen,16,val:2008_000123:part_19,2008_000123,bird,foot,foot,0.0,0.0,0.0,0.002879078732803464,0.99462890625,1.0,2.384185791015625e-07
geometry_dropout,test_unseen,17,val:2008_000239:part_61,2008_000239,dog,head,head,0.6007289886474609,0.750569224357605,0.07383895665407181,0.43960773944854736,1.0,1.0,0.95556640625
geometry_dropout,test_unseen,18,val:2008_000239:part_62,2008_000239,dog,eye,eye,0.17142857611179352,0.2926829159259796,0.0,0.0167424064129591,0.95703125,1.0,3.516674041748047e-06
geometry_dropout,test_unseen,19,val:2008_000239:part_63,2008_000239,dog,torso,torso,0.4812903106212616,0.6498258113861084,0.20115774869918823,0.10930399596691132,1.0,1.0,0.96630859375
geometry_dropout,test_unseen,20,val:2008_000239:part_66,2008_000239,dog,nose,nose,0.0,0.0,0.0,0.025591963902115822,0.026153564453125,0.994140625,0.0
geometry_dropout,test_unseen,21,val:2008_000239:part_68,2008_000239,dog,ear,ear,0.6140844821929932,0.7609075307846069,0.10927152633666992,0.06481702625751495,0.0006213188171386719,0.96728515625,0.0
geometry_dropout,test_unseen,22,val:2008_000239:part_69,2008_000239,dog,muzzle,muzzle,0.6764513850212097,0.807003915309906,0.12335092574357986,0.25209280848503113,0.982421875,1.0,3.4570693969726562e-06
geometry_dropout,test_unseen,23,val:2008_000270:part_61,2008_000270,dog,head,head,0.4103671610355377,0.5819295644760132,0.15094339847564697,0.1138681173324585,1.0,1.0,0.95556640625
geometry_dropout,test_unseen,24,val:2008_000270:part_63,2008_000270,dog,torso,torso,0.7521514892578125,0.8585461974143982,0.03178340196609497,0.4605710506439209,1.0,1.0,0.96630859375
geometry_dropout,test_unseen,25,val:2008_000270:part_64,2008_000270,dog,neck,neck,0.35945945978164673,0.5288270115852356,0.047770701348781586,0.06424201279878616,1.0,1.0,0.96630859375
geometry_dropout,test_unseen,26,val:2008_000270:part_65,2008_000270,dog,leg,leg,0.6207951307296753,0.7660377621650696,0.12659575045108795,0.22093813121318817,0.9990234375,1.0,9.5367431640625e-07
geometry_dropout,test_unseen,27,val:2008_000270:part_67,2008_000270,dog,paw,paw,0.42907801270484924,0.6004962921142578,0.22272726893424988,0.062202583998441696,0.99072265625,1.0,2.384185791015625e-07
geometry_dropout,test_unseen,28,val:2008_000270:part_68,2008_000270,dog,ear,ear,0.34065935015678406,0.5081967115402222,0.0,0.016655337065458298,0.0006213188171386719,0.96728515625,0.0
geometry_dropout,test_unseen,29,val:2008_000270:part_69,2008_000270,dog,muzzle,muzzle,0.018691588193178177,0.03669724613428116,0.0992647036910057,0.018694765865802765,0.982421875,1.0,3.4570693969726562e-06
geometry_dropout,test_unseen,30,val:2008_000501:part_35,2008_000501,car,side,side,0.11074741184711456,0.1994106024503708,0.10077984631061554,0.14831189811229706,1.0,1.0,0.0604248046875
geometry_dropout,test_unseen,31,val:2008_000501:part_36,2008_000501,car,back,back,0.012841091491281986,0.025356577709317207,0.20000000298023224,0.24959807097911835,1.0,1.0,0.90283203125
geometry_dropout,test_unseen,32,val:2008_000501:part_38,2008_000501,car,mirror,mirror,0.0,0.0,0.0,0.008440514095127583,0.84912109375,1.0,4.231929779052734e-06
geometry_dropout,test_unseen,33,val:2008_000501:part_39,2008_000501,car,license plate,license plate,0.0,0.0,0.0,0.00884244404733181,0.99951171875,1.0,0.116943359375
geometry_dropout,test_unseen,34,val:2008_000501:part_40,2008_000501,car,door,door,0.1929347813129425,0.32346242666244507,0.10741688311100006,0.19573955237865448,0.15771484375,0.998046875,0.0
geometry_dropout,test_unseen,35,val:2008_000501:part_41,2008_000501,car,window,window,0.11555555462837219,0.20717132091522217,0.21739129722118378,0.375,1.0,1.0,0.327880859375
geometry_dropout,test_unseen,36,val:2008_000533:part_12,2008_000533,bird,tail,tail,0.14070351421833038,0.24669604003429413,0.4716006815433502,0.03885003924369812,0.986328125,1.0,6.556510925292969e-07
geometry_dropout,test_unseen,37,val:2008_000533:part_13,2008_000533,bird,head,head,0.6666666865348816,0.800000011920929,0.17777778208255768,0.1534576565027237,1.0,1.0,0.95556640625
geometry_dropout,test_unseen,38,val:2008_000533:part_14,2008_000533,bird,eye,eye,0.0,0.0,0.0,0.004662004765123129,0.95703125,1.0,3.516674041748047e-06
geometry_dropout,test_unseen,39,val:2008_000533:part_15,2008_000533,bird,beak,beak,0.0,0.0,0.0,0.005827505607157946,0.6220703125,0.99951171875,1.7881393432617188e-07
geometry_dropout,test_unseen,40,val:2008_000533:part_16,2008_000533,bird,torso,torso,0.6200644373893738,0.7654812335968018,0.08766715973615646,0.7777777910232544,1.0,1.0,0.96630859375
geometry_dropout,test_unseen,41,val:2008_000533:part_18,2008_000533,bird,leg,leg,0.01983471028506756,0.03889789432287216,0.10172414034605026,0.014374514110386372,0.9990234375,1.0,9.5367431640625e-07
geometry_dropout,test_unseen,42,val:2008_000533:part_19,2008_000533,bird,foot,foot,0.0,0.0,0.0,0.0038850039709359407,0.99462890625,1.0,2.384185791015625e-07
geometry_dropout,test_unseen,43,val:2008_000661:part_60,2008_000661,dog,tail,tail,0.0,0.0,0.0,0.00343712093308568,0.986328125,1.0,6.556510925292969e-07
geometry_dropout,test_unseen,44,val:2008_000661:part_61,2008_000661,dog,head,head,0.2733612358570099,0.4293537735939026,0.10747663676738739,0.05479175224900246,1.0,1.0,0.95556640625
geometry_dropout,test_unseen,45,val:2008_000661:part_63,2008_000661,dog,torso,torso,0.749226987361908,0.8566377758979797,0.09568189084529877,0.4929235875606537,1.0,1.0,0.96630859375
geometry_dropout,test_unseen,46,val:2008_000661:part_64,2008_000661,dog,neck,neck,0.08613445609807968,0.1586073487997055,0.1205357164144516,0.059239789843559265,1.0,1.0,0.96630859375
geometry_dropout,test_unseen,47,val:2008_000661:part_65,2008_000661,dog,leg,leg,0.47433117032051086,0.6434526443481445,0.3557617962360382,0.15082895755767822,0.9990234375,1.0,9.5367431640625e-07
geometry_dropout,test_unseen,48,val:2008_000661:part_67,2008_000661,dog,paw,paw,0.05524861812591553,0.10471203923225403,0.7454545497894287,0.03275373950600624,0.99072265625,1.0,2.384185791015625e-07
geometry_dropout,test_unseen,49,val:2008_000661:part_68,2008_000661,dog,ear,ear,0.0,0.0,0.0,0.007682976312935352,0.0006213188171386719,0.96728515625,0.0
geometry_dropout,test_unseen,50,val:2008_000782:part_79,2008_000782,motorbike,wheel,wheel,0.10710518807172775,0.19348692893981934,0.07153130322694778,0.09752051532268524,0.99853515625,1.0,8.881092071533203e-06
geometry_dropout,test_unseen,51,val:2008_000782:part_82,2008_000782,motorbike,headlight,headlight,0.12701252102851868,0.22539682686328888,0.0,0.04880391061306,1.0,1.0,0.137939453125
geometry_dropout,test_unseen,52,val:2008_000811:part_79,2008_000811,motorbike,wheel,wheel,0.21524852514266968,0.3542461097240448,0.09392383694648743,0.11287332326173782,0.99853515625,1.0,8.881092071533203e-06
geometry_dropout,test_unseen,53,val:2008_000848:part_12,2008_000848,bird,tail,tail,0.033898305147886276,0.06557376682758331,0.0,0.12341772019863129,0.986328125,1.0,6.556510925292969e-07
geometry_dropout,test_unseen,54,val:2008_000848:part_13,2008_000848,bird,head,head,0.0,0.0,0.0,0.10126582533121109,1.0,1.0,0.95556640625
geometry_dropout,test_unseen,55,val:2008_000848:part_15,2008_000848,bird,beak,beak,0.0,0.0,0.0,0.0031645570416003466,0.6220703125,0.99951171875,1.7881393432617188e-07
geometry_dropout,test_unseen,56,val:2008_000848:part_16,2008_000848,bird,torso,torso,0.45392492413520813,0.6244131326675415,0.23497267067432404,0.7689873576164246,1.0,1.0,0.96630859375
geometry_dropout,test_unseen,57,val:2008_000863:part_60,2008_000863,dog,tail,tail,0.6996904015541077,0.8233151435852051,0.2624000012874603,0.15845896303653717,0.986328125,1.0,6.556510925292969e-07
geometry_dropout,test_unseen,58,val:2008_000863:part_61,2008_000863,dog,head,head,0.33673468232154846,0.5038167834281921,0.13035382330417633,0.12730318307876587,1.0,1.0,0.95556640625
geometry_dropout,test_unseen,59,val:2008_000863:part_62,2008_000863,dog,eye,eye,0.0,0.0,0.0,0.002345058601349592,0.95703125,1.0,3.516674041748047e-06
geometry_dropout,test_unseen,60,val:2008_000863:part_63,2008_000863,dog,torso,torso,0.652125895023346,0.7894384860992432,0.04207119718194008,0.48475712537765503,1.0,1.0,0.96630859375
geometry_dropout,test_unseen,61,val:2008_000863:part_65,2008_000863,dog,leg,leg,0.40868455171585083,0.5802357196807861,0.48228883743286133,0.12361808866262436,0.9990234375,1.0,9.5367431640625e-07
geometry_dropout,test_unseen,62,val:2008_000863:part_66,2008_000863,dog,nose,nose,0.0,0.0,0.0,0.005025125574320555,0.026153564453125,0.994140625,0.0
geometry_dropout,test_unseen,63,val:2008_000863:part_68,2008_000863,dog,ear,ear,0.0,0.0,1.0,0.03082077018916607,0.0006213188171386719,0.96728515625,0.0
geometry_dropout,test_unseen,64,val:2008_000863:part_69,2008_000863,dog,muzzle,muzzle,0.11566264927387238,0.20734341442584991,0.22058823704719543,0.06398659944534302,0.982421875,1.0,3.4570693969726562e-06
geometry_dropout,test_unseen,65,val:2008_000943:part_61,2008_000943,dog,head,head,0.5290456414222717,0.6919945478439331,0.06155245751142502,0.1591958999633789,1.0,1.0,0.95556640625
geometry_dropout,test_unseen,66,val:2008_000943:part_62,2008_000943,dog,eye,eye,0.25600001215934753,0.40764331817626953,0.0,0.0027373824268579483,0.95703125,1.0,3.516674041748047e-06
geometry_dropout,test_unseen,67,val:2008_000943:part_63,2008_000943,dog,torso,torso,0.6754795908927917,0.8063119649887085,0.05751269683241844,0.36698031425476074,1.0,1.0,0.96630859375
geometry_dropout,test_unseen,68,val:2008_000943:part_65,2008_000943,dog,leg,leg,0.4616895914077759,0.6317204236984253,0.06765799224376678,0.13952095806598663,0.9990234375,1.0,9.5367431640625e-07
geometry_dropout,test_unseen,69,val:2008_000943:part_66,2008_000943,dog,nose,nose,0.0,0.0,0.0,0.008041060529649258,0.026153564453125,0.994140625,0.0
geometry_dropout,test_unseen,70,val:2008_000943:part_67,2008_000943,dog,paw,paw,0.5842161178588867,0.7375459671020508,0.08917197585105896,0.09469632059335709,0.99072265625,1.0,2.384185791015625e-07
geometry_dropout,test_unseen,71,val:2008_000943:part_68,2008_000943,dog,ear,ear,0.20571748912334442,0.3412366211414337,0.0,0.1464499533176422,0.0006213188171386719,0.96728515625,0.0
geometry_dropout,test_unseen,72,val:2008_000943:part_69,2008_000943,dog,muzzle,muzzle,0.44865119457244873,0.6194054484367371,0.13345953822135925,0.08109495043754578,0.982421875,1.0,3.4570693969726562e-06
geometry_dropout,test_unseen,73,val:2008_001070:part_61,2008_001070,dog,head,head,0.365217387676239,0.5350318551063538,0.09803921729326248,0.15420271456241608,1.0,1.0,0.95556640625
geometry_dropout,test_unseen,74,val:2008_001070:part_62,2008_001070,dog,eye,eye,0.3181818127632141,0.48275861144065857,0.0,0.005253399256616831,0.95703125,1.0,3.516674041748047e-06
geometry_dropout,test_unseen,75,val:2008_001070:part_63,2008_001070,dog,torso,torso,0.6950570344924927,0.8200986981391907,0.2143956869840622,0.5747836828231812,1.0,1.0,0.96630859375
geometry_dropout,test_unseen,76,val:2008_001070:part_66,2008_001070,dog,nose,nose,0.0,0.0,0.0,0.0074165635742247105,0.026153564453125,0.994140625,0.0
geometry_dropout,test_unseen,77,val:2008_001070:part_68,2008_001070,dog,ear,ear,0.30364373326301575,0.4658385217189789,0.18478260934352875,0.07107540220022202,0.0006213188171386719,0.96728515625,0.0
geometry_dropout,test_unseen,78,val:2008_001070:part_69,2008_001070,dog,muzzle,muzzle,0.7020648717880249,0.8249566555023193,0.03333333507180214,0.18046972155570984,0.982421875,1.0,3.4570693969726562e-06
geometry_dropout,test_unseen,79,val:2008_001150:part_79,2008_001150,motorbike,wheel,wheel,0.30695444345474243,0.46972477436065674,0.3723723590373993,0.299435019493103,0.99853515625,1.0,8.881092071533203e-06
geometry_dropout,test_unseen,80,val:2008_001379:part_60,2008_001379,dog,tail,tail,0.0,0.0,0.0,0.0003203075029887259,0.986328125,1.0,6.556510925292969e-07
geometry_dropout,test_unseen,81,val:2008_001379:part_61,2008_001379,dog,head,head,0.7483506202697754,0.8560646772384644,0.007654455956071615,0.3012492060661316,1.0,1.0,0.95556640625
geometry_dropout,test_unseen,82,val:2008_001379:part_62,2008_001379,dog,eye,eye,0.02459016442298889,0.04800000041723251,0.0,0.008808456361293793,0.95703125,1.0,3.516674041748047e-06
geometry_dropout,test_unseen,83,val:2008_001379:part_63,2008_001379,dog,torso,torso,0.5930783152580261,0.744568943977356,0.06294760853052139,0.2754644453525543,1.0,1.0,0.96630859375
geometry_dropout,test_unseen,84,val:2008_001379:part_64,2008_001379,dog,neck,neck,0.0,0.0,0.7037037014961243,0.030108904466032982,1.0,1.0,0.96630859375
geometry_dropout,test_unseen,85,val:2008_001379:part_65,2008_001379,dog,leg,leg,0.21492205560207367,0.3538038432598114,0.12820513546466827,0.0997757837176323,0.9990234375,1.0,9.5367431640625e-07
geometry_dropout,test_unseen,86,val:2008_001379:part_66,2008_001379,dog,nose,nose,0.0,0.0,0.0,0.02930813655257225,0.026153564453125,0.994140625,0.0
geometry_dropout,test_unseen,87,val:2008_001379:part_67,2008_001379,dog,paw,paw,0.29230770468711853,0.4523809552192688,0.4326086938381195,0.03395259380340576,0.99072265625,1.0,2.384185791015625e-07
geometry_dropout,test_unseen,88,val:2008_001379:part_68,2008_001379,dog,ear,ear,0.3451443612575531,0.5131707191467285,0.28018224239349365,0.09385009855031967,0.0006213188171386719,0.96728515625,0.0
geometry_dropout,test_unseen,89,val:2008_001379:part_69,2008_001379,dog,muzzle,muzzle,0.47941887378692627,0.6481178402900696,0.0,0.11771300435066223,0.982421875,1.0,3.4570693969726562e-06
geometry_dropout,test_unseen,90,val:2008_001478:part_61,2008_001478,dog,head,head,0.42198580503463745,0.5935162305831909,0.10094339400529861,0.15208275616168976,1.0,1.0,0.95556640625
geometry_dropout,test_unseen,91,val:2008_001478:part_62,2008_001478,dog,eye,eye,0.27142858505249023,0.42696627974510193,0.0,0.006989097222685814,0.95703125,1.0,3.516674041748047e-06
geometry_dropout,test_unseen,92,val:2008_001478:part_63,2008_001478,dog,torso,torso,0.7031984925270081,0.8257387280464172,0.13563218712806702,0.5258596539497375,1.0,1.0,0.96630859375
geometry_dropout,test_unseen,93,val:2008_001478:part_66,2008_001478,dog,nose,nose,0.0,0.0,0.0,0.008386916480958462,0.026153564453125,0.994140625,0.0
geometry_dropout,test_unseen,94,val:2008_001478:part_68,2008_001478,dog,ear,ear,0.5411436557769775,0.7022624611854553,0.0,0.1965334117412567,0.0006213188171386719,0.96728515625,0.0
geometry_dropout,test_unseen,95,val:2008_001478:part_69,2008_001478,dog,muzzle,muzzle,0.4051172733306885,0.5766312479972839,0.012861736118793488,0.09728822857141495,0.982421875,1.0,3.4570693969726562e-06
geometry_dropout,test_unseen,96,val:2008_001514:part_11,2008_001514,bird,wing,wing,0.24514737725257874,0.3937644362449646,0.1530139148235321,0.6068232655525208,0.98779296875,1.0,1.3649463653564453e-05
geometry_dropout,test_unseen,97,val:2008_001514:part_12,2008_001514,bird,tail,tail,0.0,0.0,0.0,0.14709171652793884,0.986328125,1.0,6.556510925292969e-07
geometry_dropout,test_unseen,98,val:2008_001514:part_13,2008_001514,bird,head,head,0.0,0.0,0.0,0.03076062723994255,1.0,1.0,0.95556640625
geometry_dropout,test_unseen,99,val:2008_001514:part_14,2008_001514,bird,eye,eye,0.0,0.0,0.0,0.0011185682378709316,0.95703125,1.0,3.516674041748047e-06
geometry_dropout,test_unseen,100,val:2008_001514:part_15,2008_001514,bird,beak,beak,0.0,0.0,0.0,0.0011185682378709316,0.6220703125,0.99951171875,1.7881393432617188e-07
geometry_dropout,test_unseen,101,val:2008_001514:part_16,2008_001514,bird,torso,torso,0.1943662017583847,0.3254716992378235,0.0235294122248888,0.18959730863571167,1.0,1.0,0.96630859375
geometry_dropout,test_unseen,102,val:2008_001895:part_61,2008_001895,dog,head,head,0.1260925680398941,0.22394706308841705,0.08344179391860962,0.06832163035869598,1.0,1.0,0.95556640625
geometry_dropout,test_unseen,103,val:2008_001895:part_62,2008_001895,dog,eye,eye,0.0,0.0,0.0,0.001809365232475102,0.95703125,1.0,3.516674041748047e-06
geometry_dropout,test_unseen,104,val:2008_001895:part_63,2008_001895,dog,torso,torso,0.7170648574829102,0.8352216482162476,0.10567805171012878,0.4588550329208374,1.0,1.0,0.96630859375
geometry_dropout,test_unseen,105,val:2008_001895:part_66,2008_001895,dog,nose,nose,0.5544041395187378,0.7133333086967468,0.0,0.012593182735145092,0.026153564453125,0.994140625,0.0
geometry_dropout,test_unseen,106,val:2008_001895:part_68,2008_001895,dog,ear,ear,0.0,0.0,0.0,0.10943040996789932,0.0006213188171386719,0.96728515625,0.0
geometry_dropout,test_unseen,107,val:2008_001895:part_69,2008_001895,dog,muzzle,muzzle,0.48115378618240356,0.6497012972831726,0.05864834040403366,0.2898603081703186,0.982421875,1.0,3.4570693969726562e-06
geometry_dropout,test_unseen,108,val:2008_002043:part_11,2008_002043,bird,wing,wing,0.2222222238779068,0.3636363744735718,0.09369951486587524,0.1294478476047516,0.98779296875,1.0,1.3649463653564453e-05
geometry_dropout,test_unseen,109,val:2008_002043:part_12,2008_002043,bird,tail,tail,0.505859375,0.6718547344207764,0.21635884046554565,0.06012269854545593,0.986328125,1.0,6.556510925292969e-07
geometry_dropout,test_unseen,110,val:2008_002043:part_13,2008_002043,bird,head,head,0.785876989364624,0.8801020383834839,0.15019011497497559,0.2785276174545288,1.0,1.0,0.95556640625
geometry_dropout,test_unseen,111,val:2008_002043:part_14,2008_002043,bird,eye,eye,0.15625,0.2702702581882477,0.0,0.0021472391672432423,0.95703125,1.0,3.516674041748047e-06
geometry_dropout,test_unseen,112,val:2008_002043:part_15,2008_002043,bird,beak,beak,0.11578947305679321,0.2075471729040146,0.0833333358168602,0.014417177997529507,0.6220703125,0.99951171875,1.7881393432617188e-07
geometry_dropout,test_unseen,113,val:2008_002043:part_16,2008_002043,bird,torso,torso,0.6469935774803162,0.7856661677360535,0.08077111095190048,0.5099693536758423,1.0,1.0,0.96630859375
geometry_dropout,test_unseen,114,val:2008_002043:part_18,2008_002043,bird,leg,leg,0.0,0.0,0.14018692076206207,0.00015337423246819526,0.9990234375,1.0,9.5367431640625e-07
geometry_dropout,test_unseen,115,val:2008_002239:part_61,2008_002239,dog,head,head,0.36097562313079834,0.5304659605026245,0.10620053112506866,0.19111552834510803,1.0,1.0,0.95556640625
geometry_dropout,test_unseen,116,val:2008_002239:part_62,2008_002239,dog,eye,eye,0.15671642124652863,0.2709677517414093,0.0,0.012597381137311459,0.95703125,1.0,3.516674041748047e-06
geometry_dropout,test_unseen,117,val:2008_002239:part_63,2008_002239,dog,torso,torso,0.7434507608413696,0.8528497219085693,0.10731857270002365,0.4206862151622772,1.0,1.0,0.96630859375
geometry_dropout,test_unseen,118,val:2008_002239:part_65,2008_002239,dog,leg,leg,0.334486722946167,0.5012964606285095,0.18280871212482452,0.05486490949988365,0.9990234375,1.0,9.5367431640625e-07
geometry_dropout,test_unseen,119,val:2008_002239:part_66,2008_002239,dog,nose,nose,0.09604519605636597,0.17525772750377655,0.0,0.015415215864777565,0.026153564453125,0.994140625,0.0
geometry_dropout,test_unseen,120,val:2008_002239:part_67,2008_002239,dog,paw,paw,0.3333333432674408,0.5,0.3978494703769684,0.03580308333039284,0.99072265625,1.0,2.384185791015625e-07
geometry_dropout,test_unseen,121,val:2008_002239:part_68,2008_002239,dog,ear,ear,0.5263571739196777,0.6896907091140747,0.3241252303123474,0.1415547877550125,0.0006213188171386719,0.96728515625,0.0
geometry_dropout,test_unseen,122,val:2008_002239:part_69,2008_002239,dog,muzzle,muzzle,0.5858585834503174,0.7388535141944885,0.09254901856184006,0.12696833908557892,0.982421875,1.0,3.4570693969726562e-06
geometry_dropout,test_unseen,123,val:2008_002240:part_79,2008_002240,motorbike,wheel,wheel,0.15105685591697693,0.2624663710594177,0.21256038546562195,0.056355856359004974,0.99853515625,1.0,8.881092071533203e-06
geometry_dropout,test_unseen,124,val:2008_002240:part_82,2008_002240,motorbike,headlight,headlight,0.0,0.0,0.0,0.004641070496290922,1.0,1.0,0.137939453125
geometry_dropout,test_unseen,125,val:2008_002383:part_79,2008_002383,motorbike,wheel,wheel,0.33028334379196167,0.4965609014034271,0.1602715402841568,0.1491602212190628,0.99853515625,1.0,8.881092071533203e-06
geometry_dropout,test_unseen,126,val:2008_002429:part_11,2008_002429,bird,wing,wing,0.1972961574792862,0.3295695185661316,0.15545755624771118,0.2139209657907486,0.98779296875,1.0,1.3649463653564453e-05
geometry_dropout,test_unseen,127,val:2008_002429:part_12,2008_002429,bird,tail,tail,0.1015625,0.1843971610069275,0.1207430362701416,0.04240674898028374,0.986328125,1.0,6.556510925292969e-07
geometry_dropout,test_unseen,128,val:2008_002429:part_13,2008_002429,bird,head,head,0.6469613313674927,0.7856423854827881,0.09075043350458145,0.1400976926088333,1.0,1.0,0.95556640625
geometry_dropout,test_unseen,129,val:2008_002429:part_14,2008_002429,bird,eye,eye,0.1846153885126114,0.31168830394744873,0.0,0.0016651864862069488,0.95703125,1.0,3.516674041748047e-06
geometry_dropout,test_unseen,130,val:2008_002429:part_15,2008_002429,bird,beak,beak,0.024330900982022285,0.0475059375166893,0.0,0.04562611132860184,0.6220703125,0.99951171875,1.7881393432617188e-07
geometry_dropout,test_unseen,131,val:2008_002429:part_16,2008_002429,bird,torso,torso,0.5495926737785339,0.7093382477760315,0.1510545015335083,0.5196492075920105,1.0,1.0,0.96630859375
geometry_dropout,test_unseen,132,val:2008_002429:part_18,2008_002429,bird,leg,leg,0.03916449099779129,0.07537688314914703,0.15665796399116516,0.0049955593422055244,0.9990234375,1.0,9.5367431640625e-07
geometry_dropout,test_unseen,133,val:2008_002429:part_19,2008_002429,bird,foot,foot,0.025925925001502037,0.05054151639342308,0.0,0.029973357915878296,0.99462890625,1.0,2.384185791015625e-07
geometry_dropout,test_unseen,134,val:2008_002536:part_60,2008_002536,dog,tail,tail,0.30000001192092896,0.4615384638309479,0.20849420130252838,0.12373225390911102,0.986328125,1.0,6.556510925292969e-07
geometry_dropout,test_unseen,135,val:2008_002536:part_61,2008_002536,dog,head,head,0.08641975373029709,0.15909090638160706,0.18518517911434174,0.02298850566148758,1.0,1.0,0.95556640625
geometry_dropout,test_unseen,136,val:2008_002536:part_63,2008_002536,dog,torso,torso,0.5586124658584595,0.7168073654174805,0.07586207240819931,0.39080458879470825,1.0,1.0,0.96630859375
geometry_dropout,test_unseen,137,val:2008_002536:part_64,2008_002536,dog,neck,neck,0.0,0.0,1.0,0.1000676155090332,1.0,1.0,0.96630859375
geometry_dropout,test_unseen,138,val:2008_002536:part_65,2008_002536,dog,leg,leg,0.2599179148674011,0.4125950038433075,0.4937759339809418,0.296822190284729,0.9990234375,1.0,9.5367431640625e-07
geometry_dropout,test_unseen,139,val:2008_002536:part_67,2008_002536,dog,paw,paw,0.0,0.0,0.0,0.020283976569771767,0.99072265625,1.0,2.384185791015625e-07
geometry_dropout,test_unseen,140,val:2008_002536:part_68,2008_002536,dog,ear,ear,0.0,0.0,1.0,0.016903312876820564,0.0006213188171386719,0.96728515625,0.0
geometry_dropout,test_unseen,141,val:2008_002536:part_69,2008_002536,dog,muzzle,muzzle,0.4482758641242981,0.6190476417541504,0.261904776096344,0.028397565707564354,0.982421875,1.0,3.4570693969726562e-06
geometry_dropout,test_unseen,142,val:2008_002859:part_60,2008_002859,dog,tail,tail,0.2435622364282608,0.39171698689460754,0.21372854709625244,0.04976462572813034,0.986328125,1.0,6.556510925292969e-07
geometry_dropout,test_unseen,143,val:2008_002859:part_61,2008_002859,dog,head,head,0.631094753742218,0.7738296389579773,0.012048192322254181,0.06667307019233704,1.0,1.0,0.95556640625
geometry_dropout,test_unseen,144,val:2008_002859:part_62,2008_002859,dog,eye,eye,0.10738255083560944,0.19393938779830933,0.0,0.002882121130824089,0.95703125,1.0,3.516674041748047e-06
geometry_dropout,test_unseen,145,val:2008_002859:part_63,2008_002859,dog,torso,torso,0.7143685817718506,0.8333896994590759,0.07852025330066681,0.47891247272491455,1.0,1.0,0.96630859375
geometry_dropout,test_unseen,146,val:2008_002859:part_64,2008_002859,dog,neck,neck,0.041999999433755875,0.08061420172452927,0.0,0.016524162143468857,1.0,1.0,0.96630859375
geometry_dropout,test_unseen,147,val:2008_002859:part_65,2008_002859,dog,leg,leg,0.4748404026031494,0.6439210772514343,0.29520368576049805,0.27591508626937866,0.9990234375,1.0,9.5367431640625e-07
geometry_dropout,test_unseen,148,val:2008_002859:part_66,2008_002859,dog,nose,nose,0.0,0.0,0.0,0.00470746448263526,0.026153564453125,0.994140625,0.0
geometry_dropout,test_unseen,149,val:2008_002859:part_67,2008_002859,dog,paw,paw,0.10403396934270859,0.1884615421295166,0.2734375,0.03765971586108208,0.99072265625,1.0,2.384185791015625e-07
geometry_dropout,test_unseen,150,val:2008_002859:part_68,2008_002859,dog,ear,ear,0.3285714387893677,0.49462366104125977,0.032828282564878464,0.02449803054332733,0.0006213188171386719,0.96728515625,0.0
geometry_dropout,test_unseen,151,val:2008_002859:part_69,2008_002859,dog,muzzle,muzzle,0.5644654035568237,0.72160804271698,0.24920634925365448,0.03506580740213394,0.982421875,1.0,3.4570693969726562e-06
geometry_dropout,test_unseen,152,val:2008_002904:part_60,2008_002904,dog,tail,tail,0.03378378227353096,0.06535948067903519,0.6428571343421936,0.020435165613889694,0.986328125,1.0,6.556510925292969e-07
geometry_dropout,test_unseen,153,val:2008_002904:part_61,2008_002904,dog,head,head,0.607060968875885,0.7554921507835388,0.06275957822799683,0.1967068463563919,1.0,1.0,0.95556640625
geometry_dropout,test_unseen,154,val:2008_002904:part_62,2008_002904,dog,eye,eye,0.11585365980863571,0.20765027403831482,0.0,0.0066157011315226555,0.95703125,1.0,3.516674041748047e-06
geometry_dropout,test_unseen,155,val:2008_002904:part_63,2008_002904,dog,torso,torso,0.6906749606132507,0.8170405030250549,0.07362557202577591,0.4351661205291748,1.0,1.0,0.96630859375
geometry_dropout,test_unseen,156,val:2008_002904:part_65,2008_002904,dog,leg,leg,0.42620137333869934,0.5976734757423401,0.09563887119293213,0.1743604838848114,0.9990234375,1.0,9.5367431640625e-07
geometry_dropout,test_unseen,157,val:2008_002904:part_66,2008_002904,dog,nose,nose,0.4476190507411957,0.6184210777282715,0.0,0.008232872933149338,0.026153564453125,0.994140625,0.0
geometry_dropout,test_unseen,158,val:2008_002904:part_67,2008_002904,dog,paw,paw,0.20462633669376373,0.33973410725593567,0.2767857015132904,0.01720082387328148,0.99072265625,1.0,2.384185791015625e-07
geometry_dropout,test_unseen,159,val:2008_002904:part_68,2008_002904,dog,ear,ear,0.6230031847953796,0.7677165269851685,0.032871972769498825,0.0643928274512291,0.0006213188171386719,0.96728515625,0.0
geometry_dropout,test_unseen,160,val:2008_002904:part_69,2008_002904,dog,muzzle,muzzle,0.5067264437675476,0.6726190447807312,0.23766815662384033,0.04983828216791153,0.982421875,1.0,3.4570693969726562e-06
geometry_dropout,test_unseen,161,val:2008_002936:part_61,2008_002936,dog,head,head,0.33302921056747437,0.4996577799320221,0.07755474746227264,0.0691680908203125,1.0,1.0,0.95556640625
geometry_dropout,test_unseen,162,val:2008_002936:part_62,2008_002936,dog,eye,eye,0.0615384615957737,0.11594203114509583,0.0,0.0034110289998352528,0.95703125,1.0,3.516674041748047e-06
geometry_dropout,test_unseen,163,val:2008_002936:part_63,2008_002936,dog,torso,torso,0.793678879737854,0.8849732279777527,0.1137404590845108,0.599583089351654,1.0,1.0,0.96630859375
geometry_dropout,test_unseen,164,val:2008_002936:part_64,2008_002936,dog,neck,neck,0.43403440713882446,0.6053333282470703,0.23577235639095306,0.04889141395688057,1.0,1.0,0.96630859375
geometry_dropout,test_unseen,165,val:2008_002936:part_65,2008_002936,dog,leg,leg,0.5359741449356079,0.6978947520256042,0.23943662643432617,0.1313246190547943,0.9990234375,1.0,9.5367431640625e-07
geometry_dropout,test_unseen,166,val:2008_002936:part_66,2008_002936,dog,nose,nose,0.0,0.0,0.0,0.006632556207478046,0.026153564453125,0.994140625,0.0
geometry_dropout,test_unseen,167,val:2008_002936:part_67,2008_002936,dog,paw,paw,0.25609755516052246,0.40776699781417847,0.4019607901573181,0.019708167761564255,0.99072265625,1.0,2.384185791015625e-07
geometry_dropout,test_unseen,168,val:2008_002936:part_68,2008_002936,dog,ear,ear,0.3333333432674408,0.5,0.5467625856399536,0.05817699432373047,0.0006213188171386719,0.96728515625,0.0
geometry_dropout,test_unseen,169,val:2008_002936:part_69,2008_002936,dog,muzzle,muzzle,0.37478992342948914,0.5452322959899902,0.21680672466754913,0.0422588586807251,0.982421875,1.0,3.4570693969726562e-06
geometry_dropout,test_unseen,170,val:2008_002958:part_32,2008_002958,car,wheel,wheel,0.0,0.0,0.24212893843650818,0.00027188690728507936,0.99853515625,1.0,8.881092071533203e-06
geometry_dropout,test_unseen,171,val:2008_002958:part_33,2008_002958,car,headlight,headlight,0.0,0.0,0.0,0.00027188690728507936,1.0,1.0,0.137939453125
geometry_dropout,test_unseen,172,val:2008_002958:part_34,2008_002958,car,front,front,0.0,0.0,0.0,0.0029907559510320425,1.0,1.0,0.8779296875
geometry_dropout,test_unseen,173,val:2008_002958:part_41,2008_002958,car,window,window,0.0,0.0,0.32016631960868835,0.00152256665751338,1.0,1.0,0.327880859375
geometry_dropout,test_unseen,174,val:2008_003110:part_11,2008_003110,bird,wing,wing,0.013000000268220901,0.025666337460279465,0.2046908289194107,0.0669868215918541,0.98779296875,1.0,1.3649463653564453e-05
geometry_dropout,test_unseen,175,val:2008_003110:part_13,2008_003110,bird,head,head,0.1923990547657013,0.32270917296409607,0.3641791045665741,0.020563969388604164,1.0,1.0,0.95556640625
geometry_dropout,test_unseen,176,val:2008_003110:part_14,2008_003110,bird,eye,eye,0.0,0.0,0.0,0.0003694126207847148,0.95703125,1.0,3.516674041748047e-06
geometry_dropout,test_unseen,177,val:2008_003110:part_15,2008_003110,bird,beak,beak,0.0,0.0,0.0,0.0004925501998513937,0.6220703125,0.99951171875,1.7881393432617188e-07
geometry_dropout,test_unseen,178,val:2008_003110:part_16,2008_003110,bird,torso,torso,0.3490527868270874,0.517478346824646,0.08652674406766891,0.3270533084869385,1.0,1.0,0.96630859375
geometry_dropout,test_unseen,179,val:2008_003110:part_17,2008_003110,bird,neck,neck,0.10421836376190186,0.1887640506029129,0.16915422677993774,0.005294914357364178,1.0,1.0,0.96630859375
geometry_dropout,test_unseen,180,val:2008_003110:part_18,2008_003110,bird,leg,leg,0.0033112582750618458,0.0066006602719426155,0.1869918704032898,0.007018839940428734,0.9990234375,1.0,9.5367431640625e-07
geometry_dropout,test_unseen,181,val:2008_003110:part_19,2008_003110,bird,foot,foot,0.0,0.0,0.0,0.0034478511661291122,0.99462890625,1.0,2.384185791015625e-07
geometry_dropout,test_unseen,182,val:2008_003141:part_32,2008_003141,car,wheel,wheel,0.10000000149011612,0.1818181872367859,0.07103825360536575,0.012288276106119156,0.99853515625,1.0,8.881092071533203e-06
geometry_dropout,test_unseen,183,val:2008_003141:part_35,2008_003141,car,side,side,0.33888888359069824,0.5062240958213806,0.1520467847585678,0.1265360414981842,1.0,1.0,0.0604248046875
geometry_dropout,test_unseen,184,val:2008_003141:part_36,2008_003141,car,back,back,0.6177393794059753,0.7637069225311279,0.0022977942135185003,0.6462969183921814,1.0,1.0,0.90283203125
geometry_dropout,test_unseen,185,val:2008_003141:part_41,2008_003141,car,window,window,0.0,0.0,1.0,0.16705413162708282,1.0,1.0,0.327880859375
geometry_dropout,test_unseen,186,val:2008_003238:part_60,2008_003238,dog,tail,tail,0.5425449013710022,0.703441321849823,0.16889631748199463,0.061277396976947784,0.986328125,1.0,6.556510925292969e-07
geometry_dropout,test_unseen,187,val:2008_003238:part_61,2008_003238,dog,head,head,0.5002844333648682,0.6669194102287292,0.0412667952477932,0.168827086687088,1.0,1.0,0.95556640625
geometry_dropout,test_unseen,188,val:2008_003238:part_62,2008_003238,dog,eye,eye,0.19696970283985138,0.3291139304637909,0.0,0.0020425799302756786,0.95703125,1.0,3.516674041748047e-06
geometry_dropout,test_unseen,189,val:2008_003238:part_63,2008_003238,dog,torso,torso,0.34699344635009766,0.5152117609977722,0.06389261782169342,0.20488648116588593,1.0,1.0,0.96630859375
geometry_dropout,test_unseen,190,val:2008_003238:part_64,2008_003238,dog,neck,neck,0.37703514099121094,0.5476042032241821,0.025590552017092705,0.04642941430211067,1.0,1.0,0.96630859375
geometry_dropout,test_unseen,191,val:2008_003238:part_65,2008_003238,dog,leg,leg,0.5812917351722717,0.7352112531661987,0.08799469470977783,0.31400737166404724,0.9990234375,1.0,9.5367431640625e-07
geometry_dropout,test_unseen,192,val:2008_003238:part_66,2008_003238,dog,nose,nose,0.009523809887468815,0.01886792480945587,0.0,0.00581349665299058,0.026153564453125,0.994140625,0.0
geometry_dropout,test_unseen,193,val:2008_003238:part_67,2008_003238,dog,paw,paw,0.04571428522467613,0.08743169158697128,0.2040133774280548,0.01964019238948822,0.99072265625,1.0,2.384185791015625e-07
geometry_dropout,test_unseen,194,val:2008_003238:part_68,2008_003238,dog,ear,ear,0.6544656157493591,0.7911504507064819,0.005474452394992113,0.09144473075866699,0.0006213188171386719,0.96728515625,0.0
geometry_dropout,test_unseen,195,val:2008_003238:part_69,2008_003238,dog,muzzle,muzzle,0.3445121943950653,0.5124716758728027,0.0,0.03495953977108002,0.982421875,1.0,3.4570693969726562e-06
geometry_dropout,test_unseen,196,val:2008_003511:part_60,2008_003511,dog,tail,tail,0.0,0.0,1.0,0.02234332449734211,0.986328125,1.0,6.556510925292969e-07
geometry_dropout,test_unseen,197,val:2008_003511:part_61,2008_003511,dog,head,head,0.5555555820465088,0.7142857313156128,0.02662721835076809,0.1667574942111969,1.0,1.0,0.95556640625
geometry_dropout,test_unseen,198,val:2008_003511:part_62,2008_003511,dog,eye,eye,0.0,0.0,0.0,0.007084468845278025,0.95703125,1.0,3.516674041748047e-06
geometry_dropout,test_unseen,199,val:2008_003511:part_63,2008_003511,dog,torso,torso,0.45375218987464905,0.6242496967315674,0.08498895913362503,0.41416892409324646,1.0,1.0,0.96630859375
geometry_dropout,test_unseen,200,val:2008_003511:part_65,2008_003511,dog,leg,leg,0.1404494345188141,0.2463054209947586,0.48571428656578064,0.12207084149122238,0.9990234375,1.0,9.5367431640625e-07
geometry_dropout,test_unseen,201,val:2008_003511:part_66,2008_003511,dog,nose,nose,0.0,0.0,1.0,0.00817438680678606,0.026153564453125,0.994140625,0.0
geometry_dropout,test_unseen,202,val:2008_003511:part_67,2008_003511,dog,paw,paw,0.0,0.0,0.0,0.06539509445428848,0.99072265625,1.0,2.384185791015625e-07
geometry_dropout,test_unseen,203,val:2008_003511:part_68,2008_003511,dog,ear,ear,0.14209115505218506,0.2488262951374054,0.2508591115474701,0.07356948405504227,0.0006213188171386719,0.96728515625,0.0
geometry_dropout,test_unseen,204,val:2008_003511:part_69,2008_003511,dog,muzzle,muzzle,0.3582887649536133,0.5275590419769287,0.1712707132101059,0.03978201746940613,0.982421875,1.0,3.4570693969726562e-06
geometry_dropout,test_unseen,205,val:2008_003576:part_61,2008_003576,dog,head,head,0.40821772813796997,0.5797650814056396,0.05904658883810043,0.13196870684623718,1.0,1.0,0.95556640625
geometry_dropout,test_unseen,206,val:2008_003576:part_62,2008_003576,dog,eye,eye,0.2222222238779068,0.3636363744735718,0.0,0.007155932951718569,0.95703125,1.0,3.516674041748047e-06
geometry_dropout,test_unseen,207,val:2008_003576:part_63,2008_003576,dog,torso,torso,0.058108508586883545,0.109834685921669,0.029556650668382645,0.492594450712204,1.0,1.0,0.96630859375
geometry_dropout,test_unseen,208,val:2008_003576:part_64,2008_003576,dog,neck,neck,0.357421875,0.5266187191009521,0.15584415197372437,0.03877517208456993,1.0,1.0,0.96630859375
geometry_dropout,test_unseen,209,val:2008_003576:part_65,2008_003576,dog,leg,leg,0.26742857694625854,0.42200180888175964,0.17464788258075714,0.06640040129423141,0.9990234375,1.0,9.5367431640625e-07
geometry_dropout,test_unseen,210,val:2008_003576:part_66,2008_003576,dog,nose,nose,0.23846153914928436,0.38509318232536316,0.0,0.014811116270720959,0.026153564453125,0.994140625,0.0
geometry_dropout,test_unseen,211,val:2008_003576:part_67,2008_003576,dog,paw,paw,0.34065935015678406,0.5081967115402222,0.5346320271492004,0.04493260011076927,0.99072265625,1.0,2.384185791015625e-07
geometry_dropout,test_unseen,212,val:2008_003576:part_68,2008_003576,dog,ear,ear,0.49703264236450195,0.664023756980896,0.19354838132858276,0.0905308723449707,0.0006213188171386719,0.96728515625,0.0
geometry_dropout,test_unseen,213,val:2008_003576:part_69,2008_003576,dog,muzzle,muzzle,0.6455331444740295,0.7845884561538696,0.0,0.09152936935424805,0.982421875,1.0,3.4570693969726562e-06
geometry_dropout,test_unseen,214,val:2008_003577:part_32,2008_003577,car,wheel,wheel,0.7146678566932678,0.8335933685302734,0.06980273127555847,0.0703795775771141,0.99853515625,1.0,8.881092071533203e-06
geometry_dropout,test_unseen,215,val:2008_003577:part_33,2008_003577,car,headlight,headlight,0.2460850179195404,0.3949730694293976,0.0,0.015853291377425194,1.0,1.0,0.137939453125
geometry_dropout,test_unseen,216,val:2008_003577:part_34,2008_003577,car,front,front,0.7227780222892761,0.8390843272209167,0.0386132188141346,0.4821132719516754,1.0,1.0,0.8779296875
geometry_dropout,test_unseen,217,val:2008_003577:part_35,2008_003577,car,side,side,0.25518959760665894,0.4066152274608612,0.05598669499158859,0.13962946832180023,1.0,1.0,0.0604248046875
geometry_dropout,test_unseen,218,val:2008_003577:part_38,2008_003577,car,mirror,mirror,0.0,0.0,0.0,0.00233468902297318,0.84912109375,1.0,4.231929779052734e-06
geometry_dropout,test_unseen,219,val:2008_003577:part_40,2008_003577,car,door,door,0.015358361415565014,0.03025210089981556,0.2416267991065979,0.09628709405660629,0.15771484375,0.998046875,0.0
geometry_dropout,test_unseen,220,val:2008_003577:part_41,2008_003577,car,window,window,0.45464271306991577,0.6250919103622437,0.003684937721118331,0.09252146631479263,1.0,1.0,0.327880859375
geometry_dropout,test_unseen,221,val:2008_003846:part_32,2008_003846,car,wheel,wheel,0.7689075469970703,0.8693586587905884,0.032036613672971725,0.20776352286338806,0.99853515625,1.0,8.881092071533203e-06
geometry_dropout,test_unseen,222,val:2008_003846:part_33,2008_003846,car,headlight,headlight,0.0,0.0,0.0,0.011042214930057526,1.0,1.0,0.137939453125
geometry_dropout,test_unseen,223,val:2008_003846:part_35,2008_003846,car,side,side,0.30628296732902527,0.4689381420612335,0.020915033295750618,0.33177611231803894,1.0,1.0,0.0604248046875
geometry_dropout,test_unseen,224,val:2008_003846:part_40,2008_003846,car,door,door,0.007184672635048628,0.014266842976212502,0.0,0.28140661120414734,0.15771484375,0.998046875,0.0
geometry_dropout,test_unseen,225,val:2008_003846:part_41,2008_003846,car,window,window,0.3865104913711548,0.557529866695404,0.0,0.144822895526886,1.0,1.0,0.327880859375
geometry_dropout,test_unseen,226,val:2008_004069:part_32,2008_004069,car,wheel,wheel,0.0,0.0,0.011111111380159855,0.014715415425598621,0.99853515625,1.0,8.881092071533203e-06
geometry_dropout,test_unseen,227,val:2008_004069:part_33,2008_004069,car,headlight,headlight,0.0,0.0,0.0,0.03507066145539284,1.0,1.0,0.137939453125
geometry_dropout,test_unseen,228,val:2008_004069:part_34,2008_004069,car,front,front,0.6478873491287231,0.7863247990608215,0.06386493891477585,0.6221314668655396,1.0,1.0,0.8779296875
geometry_dropout,test_unseen,229,val:2008_004069:part_38,2008_004069,car,mirror,mirror,0.008771929889917374,0.017391303554177284,0.0,0.014391287229955196,0.84912109375,1.0,4.231929779052734e-06
geometry_dropout,test_unseen,230,val:2008_004069:part_41,2008_004069,car,window,window,0.6931567192077637,0.8187744617462158,0.028466742485761642,0.1677687019109726,1.0,1.0,0.327880859375
geometry_dropout,test_unseen,231,val:2008_004339:part_32,2008_004339,car,wheel,wheel,0.0,0.0,0.0,0.16044776141643524,0.99853515625,1.0,8.881092071533203e-06
geometry_dropout,test_unseen,232,val:2008_004339:part_33,2008_004339,car,headlight,headlight,0.0,0.0,0.0,0.03606965020298958,1.0,1.0,0.137939453125
geometry_dropout,test_unseen,233,val:2008_004339:part_34,2008_004339,car,front,front,0.0,0.0,0.0,0.21268656849861145,1.0,1.0,0.8779296875
geometry_dropout,test_unseen,234,val:2008_004339:part_35,2008_004339,car,side,side,0.09491978585720062,0.17338217794895172,0.7736220359802246,0.3868159055709839,1.0,1.0,0.0604248046875
geometry_dropout,test_unseen,235,val:2008_004339:part_41,2008_004339,car,window,window,0.0,0.0,0.0,0.11567164212465286,1.0,1.0,0.327880859375
geometry_dropout,test_unseen,236,val:2008_004345:part_79,2008_004345,motorbike,wheel,wheel,0.7586638331413269,0.8627730011940002,0.0774306207895279,0.34832963347435,0.99853515625,1.0,8.881092071533203e-06
geometry_dropout,test_unseen,237,val:2008_004345:part_82,2008_004345,motorbike,headlight,headlight,0.0,0.0,0.0,0.02635486237704754,1.0,1.0,0.137939453125
geometry_dropout,test_unseen,238,val:2008_004453:part_100,2008_004453,sheep,head,head,0.722347617149353,0.8387942314147949,0.0590163916349411,0.06784716993570328,1.0,1.0,0.95556640625
geometry_dropout,test_unseen,239,val:2008_004453:part_101,2008_004453,sheep,eye,eye,0.013698630034923553,0.027027027681469917,0.0,0.00038080732338130474,0.95703125,1.0,3.516674041748047e-06
geometry_dropout,test_unseen,240,val:2008_004453:part_102,2008_004453,sheep,torso,torso,0.17932440340518951,0.3041137754917145,0.1305750459432602,0.1680629551410675,1.0,1.0,0.96630859375
geometry_dropout,test_unseen,241,val:2008_004453:part_104,2008_004453,sheep,leg,leg,0.05328827723860741,0.10118459910154343,0.4055866003036499,0.029956841841340065,0.9990234375,1.0,9.5367431640625e-07
geometry_dropout,test_unseen,242,val:2008_004453:part_105,2008_004453,sheep,ear,ear,0.1577060967683792,0.27244582772254944,0.23067010939121246,0.012249302119016647,0.0006213188171386719,0.96728515625,0.0
geometry_dropout,test_unseen,243,val:2008_004453:part_106,2008_004453,sheep,muzzle,muzzle,0.3857142925262451,0.5567010045051575,0.0,0.027671998366713524,0.982421875,1.0,3.4570693969726562e-06
geometry_dropout,test_unseen,244,val:2008_004552:part_32,2008_004552,car,wheel,wheel,0.2943504750728607,0.45482346415519714,0.0633397325873375,0.13841216266155243,0.99853515625,1.0,8.881092071533203e-06
geometry_dropout,test_unseen,245,val:2008_004552:part_35,2008_004552,car,side,side,0.4383975863456726,0.6095638275146484,0.10901500284671783,0.4252825379371643,1.0,1.0,0.0604248046875
geometry_dropout,test_unseen,246,val:2008_004552:part_36,2008_004552,car,back,back,0.5587349534034729,0.7169082164764404,0.19503849744796753,0.12571507692337036,1.0,1.0,0.90283203125
geometry_dropout,test_unseen,247,val:2008_004552:part_38,2008_004552,car,mirror,mirror,0.0,0.0,0.0,0.00516255060210824,0.84912109375,1.0,4.231929779052734e-06
geometry_dropout,test_unseen,248,val:2008_004552:part_39,2008_004552,car,license plate,license plate,0.0,0.0,0.9090909361839294,0.0009766987059265375,0.99951171875,1.0,0.116943359375
geometry_dropout,test_unseen,249,val:2008_004552:part_40,2008_004552,car,door,door,0.0159292034804821,0.03135888651013374,0.0,0.14636528491973877,0.15771484375,0.998046875,0.0
geometry_dropout,test_unseen,250,val:2008_004552:part_41,2008_004552,car,window,window,0.15378080308437347,0.26656848192214966,0.260869562625885,0.1317148059606552,1.0,1.0,0.327880859375
geometry_dropout,test_unseen,251,val:2008_004621:part_100,2008_004621,sheep,head,head,0.5726280212402344,0.7282434701919556,0.14298401772975922,0.12140419334173203,1.0,1.0,0.95556640625
geometry_dropout,test_unseen,252,val:2008_004621:part_101,2008_004621,sheep,eye,eye,0.0,0.0,0.0,0.0022753127850592136,0.95703125,1.0,3.516674041748047e-06
geometry_dropout,test_unseen,253,val:2008_004621:part_102,2008_004621,sheep,torso,torso,0.7786561250686646,0.8755555748939514,0.07892473042011261,0.6338371634483337,1.0,1.0,0.96630859375
geometry_dropout,test_unseen,254,val:2008_004621:part_103,2008_004621,sheep,neck,neck,0.3746223449707031,0.5450549721717834,0.031078610569238663,0.05899561196565628,1.0,1.0,0.96630859375
geometry_dropout,test_unseen,255,val:2008_004621:part_104,2008_004621,sheep,leg,leg,0.4186704456806183,0.590229332447052,0.16492536664009094,0.10823988169431686,0.9990234375,1.0,9.5367431640625e-07
geometry_dropout,test_unseen,256,val:2008_004621:part_105,2008_004621,sheep,ear,ear,0.30371901392936707,0.4659270942211151,0.20555555820465088,0.04404355585575104,0.0006213188171386719,0.96728515625,0.0
geometry_dropout,test_unseen,257,val:2008_004621:part_106,2008_004621,sheep,muzzle,muzzle,0.35483869910240173,0.523809552192688,0.04918032884597778,0.010563952848315239,0.982421875,1.0,3.4570693969726562e-06
geometry_dropout,test_unseen,258,val:2008_004854:part_100,2008_004854,sheep,head,head,0.3351083993911743,0.5019943118095398,0.1705271601676941,0.05361901596188545,1.0,1.0,0.95556640625
geometry_dropout,test_unseen,259,val:2008_004854:part_101,2008_004854,sheep,eye,eye,0.0,0.0,0.0,0.0007994883344508708,0.95703125,1.0,3.516674041748047e-06
geometry_dropout,test_unseen,260,val:2008_004854:part_102,2008_004854,sheep,torso,torso,0.4957525134086609,0.6628804206848145,0.07565226405858994,0.49525636434555054,1.0,1.0,0.96630859375
geometry_dropout,test_unseen,261,val:2008_004854:part_103,2008_004854,sheep,neck,neck,0.6885063648223877,0.8155211806297302,0.0,0.07925594598054886,1.0,1.0,0.96630859375
geometry_dropout,test_unseen,262,val:2008_004854:part_104,2008_004854,sheep,leg,leg,0.16470588743686676,0.28282827138900757,0.2634730637073517,0.0066091036424040794,0.9990234375,1.0,9.5367431640625e-07
geometry_dropout,test_unseen,263,val:2008_004854:part_105,2008_004854,sheep,ear,ear,0.20568928122520447,0.34119781851768494,0.06345733255147934,0.0050101266242563725,0.0006213188171386719,0.96728515625,0.0
geometry_dropout,test_unseen,264,val:2008_004854:part_106,2008_004854,sheep,muzzle,muzzle,0.48997771739959717,0.6576980352401733,0.24887892603874207,0.01188572682440281,0.982421875,1.0,3.4570693969726562e-06
geometry_dropout,test_unseen,265,val:2008_005049:part_79,2008_005049,motorbike,wheel,wheel,0.3434285819530487,0.5112717747688293,0.019933555275201797,0.2459302395582199,0.99853515625,1.0,8.881092071533203e-06
geometry_dropout,test_unseen,266,val:2008_005197:part_63,2008_005197,dog,torso,torso,0.0,0.0,0.02416570857167244,0.2784847617149353,1.0,1.0,0.96630859375
geometry_dropout,test_unseen,267,val:2008_005197:part_65,2008_005197,dog,leg,leg,0.0,0.0,0.7818182110786438,0.14412547647953033,0.9990234375,1.0,9.5367431640625e-07
geometry_dropout,test_unseen,268,val:2008_005422:part_79,2008_005422,motorbike,wheel,wheel,0.4432132840156555,0.6142034530639648,0.0733797550201416,0.16635513305664062,0.99853515625,1.0,8.881092071533203e-06
geometry_dropout,test_unseen,269,val:2008_005422:part_82,2008_005422,motorbike,headlight,headlight,0.0,0.0,0.0,0.014672896824777126,1.0,1.0,0.137939453125
geometry_dropout,test_unseen,270,val:2008_005633:part_99,2008_005633,sheep,tail,tail,0.18145161867141724,0.3071672320365906,0.18884120881557465,0.008908686228096485,0.986328125,1.0,6.556510925292969e-07
geometry_dropout,test_unseen,271,val:2008_005633:part_100,2008_005633,sheep,head,head,0.48554912209510803,0.6536964774131775,0.1263282150030136,0.06503340601921082,1.0,1.0,0.95556640625
geometry_dropout,test_unseen,272,val:2008_005633:part_101,2008_005633,sheep,eye,eye,0.1690140813589096,0.28915661573410034,0.0,0.0017817371990531683,0.95703125,1.0,3.516674041748047e-06
geometry_dropout,test_unseen,273,val:2008_005633:part_102,2008_005633,sheep,torso,torso,0.7829073071479797,0.8782366514205933,0.1147194430232048,0.6149963140487671,1.0,1.0,0.96630859375
geometry_dropout,test_unseen,274,val:2008_005633:part_103,2008_005633,sheep,neck,neck,0.6610169410705566,0.795918345451355,0.14954683184623718,0.07631774246692657,1.0,1.0,0.96630859375
geometry_dropout,test_unseen,275,val:2008_005633:part_104,2008_005633,sheep,leg,leg,0.46299809217453003,0.6329442262649536,0.38833460211753845,0.18544915318489075,0.9990234375,1.0,9.5367431640625e-07
geometry_dropout,test_unseen,276,val:2008_005633:part_105,2008_005633,sheep,ear,ear,0.3479623794555664,0.5162790417671204,0.46886447072029114,0.023311061784625053,0.0006213188171386719,0.96728515625,0.0
geometry_dropout,test_unseen,277,val:2008_005633:part_106,2008_005633,sheep,muzzle,muzzle,0.3325183391571045,0.4990825653076172,0.41075795888900757,0.02019302174448967,0.982421875,1.0,3.4570693969726562e-06
geometry_dropout,test_unseen,278,val:2008_005637:part_79,2008_005637,motorbike,wheel,wheel,0.7257509827613831,0.8410842418670654,0.21868464350700378,0.41938841342926025,0.99853515625,1.0,8.881092071533203e-06
geometry_dropout,test_unseen,279,val:2008_005637:part_82,2008_005637,motorbike,headlight,headlight,0.0,0.0,0.0,0.014964216388761997,1.0,1.0,0.137939453125
geometry_dropout,test_unseen,280,val:2008_006130:part_61,2008_006130,dog,head,head,0.6429474949836731,0.7826756238937378,0.0385015606880188,0.25769057869911194,1.0,1.0,0.95556640625
geometry_dropout,test_unseen,281,val:2008_006130:part_62,2008_006130,dog,eye,eye,0.07563025504350662,0.140625,0.0,0.0015604101354256272,0.95703125,1.0,3.516674041748047e-06
geometry_dropout,test_unseen,282,val:2008_006130:part_63,2008_006130,dog,torso,torso,0.536162793636322,0.6980546116828918,0.2779655158519745,0.4175211787223816,1.0,1.0,0.96630859375
geometry_dropout,test_unseen,283,val:2008_006130:part_65,2008_006130,dog,leg,leg,0.31032946705818176,0.47366634011268616,0.15650902688503265,0.09942042082548141,0.9990234375,1.0,9.5367431640625e-07
geometry_dropout,test_unseen,284,val:2008_006130:part_66,2008_006130,dog,nose,nose,0.3921568691730499,0.5633803009986877,0.0,0.02262594737112522,0.026153564453125,0.994140625,0.0
geometry_dropout,test_unseen,285,val:2008_006130:part_67,2008_006130,dog,paw,paw,0.0572916679084301,0.10837438702583313,0.0,0.012594738975167274,0.99072265625,1.0,2.384185791015625e-07
geometry_dropout,test_unseen,286,val:2008_006130:part_68,2008_006130,dog,ear,ear,0.3966836631298065,0.5680365562438965,0.2125382274389267,0.049152921885252,0.0006213188171386719,0.96728515625,0.0
geometry_dropout,test_unseen,287,val:2008_006130:part_69,2008_006130,dog,muzzle,muzzle,0.5044247508049011,0.6705882549285889,0.15577439963817596,0.12182345241308212,0.982421875,1.0,3.4570693969726562e-06
geometry_dropout,test_unseen,288,val:2008_006143:part_13,2008_006143,bird,head,head,0.0,0.0,0.0,0.03333333507180214,1.0,1.0,0.95556640625
geometry_dropout,test_unseen,289,val:2008_006143:part_16,2008_006143,bird,torso,torso,0.3922652006149292,0.5634920597076416,0.3545454442501068,0.9466666579246521,1.0,1.0,0.96630859375
geometry_dropout,test_unseen,290,val:2008_006254:part_32,2008_006254,car,wheel,wheel,0.0,0.0,0.15197215974330902,0.0008946830057539046,0.99853515625,1.0,8.881092071533203e-06
geometry_dropout,test_unseen,291,val:2008_006327:part_100,2008_006327,sheep,head,head,0.332065224647522,0.4985720217227936,0.0952640175819397,0.047354619950056076,1.0,1.0,0.95556640625
geometry_dropout,test_unseen,292,val:2008_006327:part_101,2008_006327,sheep,eye,eye,0.0,0.0,0.0,0.00038562394911423326,0.95703125,1.0,3.516674041748047e-06
geometry_dropout,test_unseen,293,val:2008_006327:part_102,2008_006327,sheep,torso,torso,0.23730316758155823,0.383581280708313,0.0809507817029953,0.17268240451812744,1.0,1.0,0.96630859375
geometry_dropout,test_unseen,294,val:2008_006327:part_103,2008_006327,sheep,neck,neck,0.052338529378175735,0.09947089850902557,0.08362779766321182,0.007403979543596506,1.0,1.0,0.96630859375
geometry_dropout,test_unseen,295,val:2008_006327:part_104,2008_006327,sheep,leg,leg,0.6020092964172363,0.7515677809715271,0.15942029654979706,0.06941230595111847,0.9990234375,1.0,9.5367431640625e-07
geometry_dropout,test_unseen,296,val:2008_006327:part_105,2008_006327,sheep,ear,ear,0.2355712652206421,0.38131552934646606,0.03311258181929588,0.022674687206745148,0.0006213188171386719,0.96728515625,0.0
geometry_dropout,test_unseen,297,val:2008_006327:part_106,2008_006327,sheep,muzzle,muzzle,0.17407406866550446,0.29652997851371765,0.0782608687877655,0.015579206869006157,0.982421875,1.0,3.4570693969726562e-06
geometry_dropout,test_unseen,298,val:2008_006526:part_36,2008_006526,car,back,back,0.0,0.0,1.0,0.7288135886192322,1.0,1.0,0.90283203125
geometry_dropout,test_unseen,299,val:2008_006722:part_61,2008_006722,dog,head,head,0.39459457993507385,0.565891444683075,0.18129988014698029,0.08958785235881805,1.0,1.0,0.95556640625
geometry_dropout,test_unseen,300,val:2008_006722:part_62,2008_006722,dog,eye,eye,0.0,0.0,0.0,0.0075921909883618355,0.95703125,1.0,3.516674041748047e-06
geometry_dropout,test_unseen,301,val:2008_006722:part_63,2008_006722,dog,torso,torso,0.5794236063957214,0.7337152361869812,0.10237446427345276,0.46507591009140015,1.0,1.0,0.96630859375
geometry_dropout,test_unseen,302,val:2008_006722:part_65,2008_006722,dog,leg,leg,0.2991088628768921,0.4604831635951996,0.17391304671764374,0.28329718112945557,0.9990234375,1.0,9.5367431640625e-07
geometry_dropout,test_unseen,303,val:2008_006722:part_66,2008_006722,dog,nose,nose,0.0,0.0,0.0,0.004772234242409468,0.026153564453125,0.994140625,0.0
geometry_dropout,test_unseen,304,val:2008_006722:part_67,2008_006722,dog,paw,paw,0.16393442451953888,0.28169015049934387,0.5600000023841858,0.02906724438071251,0.99072265625,1.0,2.384185791015625e-07
geometry_dropout,test_unseen,305,val:2008_006722:part_68,2008_006722,dog,ear,ear,0.06956521421670914,0.13008129596710205,0.3205128312110901,0.06312364339828491,0.0006213188171386719,0.96728515625,0.0
geometry_dropout,test_unseen,306,val:2008_006722:part_69,2008_006722,dog,muzzle,muzzle,0.4591194987297058,0.6293103694915771,0.048218030482530594,0.04750542342662811,0.982421875,1.0,3.4570693969726562e-06
geometry_dropout,test_unseen,307,val:2008_006835:part_100,2008_006835,sheep,head,head,0.49940967559814453,0.6661417484283447,0.1038186177611351,0.06239167973399162,1.0,1.0,0.95556640625
geometry_dropout,test_unseen,308,val:2008_006835:part_102,2008_006835,sheep,torso,torso,0.5191197395324707,0.6834481358528137,0.12170753628015518,0.42128828167915344,1.0,1.0,0.96630859375
geometry_dropout,test_unseen,309,val:2008_006835:part_103,2008_006835,sheep,neck,neck,0.6164623498916626,0.7627302408218384,0.06746987998485565,0.07336799800395966,1.0,1.0,0.96630859375
geometry_dropout,test_unseen,310,val:2008_006835:part_104,2008_006835,sheep,leg,leg,0.42749813199043274,0.5989473462104797,0.3685823678970337,0.08593298494815826,0.9990234375,1.0,9.5367431640625e-07
geometry_dropout,test_unseen,311,val:2008_006835:part_105,2008_006835,sheep,ear,ear,0.11168830841779709,0.20093457400798798,0.5780730843544006,0.018341999500989914,0.0006213188171386719,0.96728515625,0.0
geometry_dropout,test_unseen,312,val:2008_006874:part_79,2008_006874,motorbike,wheel,wheel,0.559112548828125,0.7172189354896545,0.08315098285675049,0.4672676622867584,0.99853515625,1.0,8.881092071533203e-06
geometry_dropout,test_unseen,313,val:2008_006874:part_81,2008_006874,motorbike,handlebar,handlebar,0.23117338120937347,0.37553343176841736,0.6241610646247864,0.05494741350412369,0.99951171875,1.0,0.076416015625
geometry_dropout,test_unseen,314,val:2008_006874:part_82,2008_006874,motorbike,headlight,headlight,0.0,0.0,1.0,0.0525863915681839,1.0,1.0,0.137939453125
geometry_dropout,test_unseen,315,val:2008_006981:part_61,2008_006981,dog,head,head,0.6325435638427734,0.7749178409576416,0.10856340825557709,0.47882428765296936,1.0,1.0,0.95556640625
geometry_dropout,test_unseen,316,val:2008_006981:part_62,2008_006981,dog,eye,eye,0.3333333432674408,0.5,0.1367521435022354,0.013590391725301743,0.95703125,1.0,3.516674041748047e-06
geometry_dropout,test_unseen,317,val:2008_006981:part_63,2008_006981,dog,torso,torso,0.5948718190193176,0.7459806799888611,0.0190677959471941,0.29140329360961914,1.0,1.0,0.96630859375
geometry_dropout,test_unseen,318,val:2008_006981:part_66,2008_006981,dog,nose,nose,0.0,0.0,0.0,0.018963336944580078,0.026153564453125,0.994140625,0.0
geometry_dropout,test_unseen,319,val:2008_006981:part_69,2008_006981,dog,muzzle,muzzle,0.40374037623405457,0.57523512840271,0.0045045046135783195,0.19279393553733826,0.982421875,1.0,3.4570693969726562e-06
geometry_dropout,test_unseen,320,val:2008_006986:part_32,2008_006986,car,wheel,wheel,0.4934917986392975,0.6608563661575317,0.09608090668916702,0.10757175087928772,0.99853515625,1.0,8.881092071533203e-06
geometry_dropout,test_unseen,321,val:2008_006986:part_34,2008_006986,car,front,front,0.4816124439239502,0.6501193046569824,0.04994850605726242,0.22878079116344452,1.0,1.0,0.8779296875
geometry_dropout,test_unseen,322,val:2008_006986:part_35,2008_006986,car,side,side,0.6044111847877502,0.7534367442131042,0.0840015783905983,0.4917565584182739,1.0,1.0,0.0604248046875
geometry_dropout,test_unseen,323,val:2008_006986:part_38,2008_006986,car,mirror,mirror,0.0,0.0,0.0,0.008446977473795414,0.84912109375,1.0,4.231929779052734e-06
geometry_dropout,test_unseen,324,val:2008_006986:part_41,2008_006986,car,window,window,0.5277246832847595,0.6908635497093201,0.00721587473526597,0.15601465106010437,1.0,1.0,0.327880859375
geometry_dropout,test_unseen,325,val:2008_007120:part_11,2008_007120,bird,wing,wing,0.23183673620224,0.3764082193374634,0.23762376606464386,0.09844174981117249,0.98779296875,1.0,1.3649463653564453e-05
geometry_dropout,test_unseen,326,val:2008_007120:part_12,2008_007120,bird,tail,tail,0.6109839677810669,0.7585227489471436,0.12418300658464432,0.19688349962234497,0.986328125,1.0,6.556510925292969e-07
geometry_dropout,test_unseen,327,val:2008_007120:part_13,2008_007120,bird,head,head,0.32574567198753357,0.49141502380371094,0.3116169571876526,0.10264655202627182,1.0,1.0,0.95556640625
geometry_dropout,test_unseen,328,val:2008_007120:part_14,2008_007120,bird,eye,eye,0.0,0.0,0.14814814925193787,0.002226069802418351,0.95703125,1.0,3.516674041748047e-06
geometry_dropout,test_unseen,329,val:2008_007120:part_15,2008_007120,bird,beak,beak,0.25206610560417175,0.4026402533054352,0.4403669834136963,0.04798417165875435,0.6220703125,0.99951171875,1.7881393432617188e-07
geometry_dropout,test_unseen,330,val:2008_007120:part_16,2008_007120,bird,torso,torso,0.6040630340576172,0.7531661987304688,0.11200717091560364,0.4048973619937897,1.0,1.0,0.96630859375
geometry_dropout,test_unseen,331,val:2008_007120:part_17,2008_007120,bird,neck,neck,0.7145708799362183,0.8335273861885071,0.0026881720405071974,0.12045510858297348,1.0,1.0,0.96630859375
geometry_dropout,test_unseen,332,val:2008_007120:part_18,2008_007120,bird,leg,leg,0.004067796748131514,0.00810263305902481,0.15389829874038696,0.001484046457335353,0.9990234375,1.0,9.5367431640625e-07
geometry_dropout,test_unseen,333,val:2008_007120:part_19,2008_007120,bird,foot,foot,0.16787002980709076,0.2874806821346283,0.4057970941066742,0.023497402667999268,0.99462890625,1.0,2.384185791015625e-07
geometry_dropout,test_unseen,334,val:2008_007378:part_60,2008_007378,dog,tail,tail,0.2853403091430664,0.44399183988571167,0.5762711763381958,0.04609595611691475,0.986328125,1.0,6.556510925292969e-07
geometry_dropout,test_unseen,335,val:2008_007378:part_61,2008_007378,dog,head,head,0.5317679643630981,0.6943191885948181,0.02080443874001503,0.0912511795759201,1.0,1.0,0.95556640625
geometry_dropout,test_unseen,336,val:2008_007378:part_62,2008_007378,dog,eye,eye,0.0,0.0,0.0,0.003998118452727795,0.95703125,1.0,3.516674041748047e-06
geometry_dropout,test_unseen,337,val:2008_007378:part_63,2008_007378,dog,torso,torso,0.7391521334648132,0.850014328956604,0.029016656801104546,0.3824082911014557,1.0,1.0,0.96630859375
geometry_dropout,test_unseen,338,val:2008_007378:part_65,2008_007378,dog,leg,leg,0.45703840255737305,0.6273525953292847,0.323902428150177,0.26763877272605896,0.9990234375,1.0,9.5367431640625e-07
geometry_dropout,test_unseen,339,val:2008_007378:part_66,2008_007378,dog,nose,nose,0.0,0.0,0.0,0.005644402466714382,0.026153564453125,0.994140625,0.0
geometry_dropout,test_unseen,340,val:2008_007378:part_67,2008_007378,dog,paw,paw,0.24830393493175507,0.39782607555389404,0.5372051000595093,0.08678269386291504,0.99072265625,1.0,2.384185791015625e-07
geometry_dropout,test_unseen,341,val:2008_007378:part_68,2008_007378,dog,ear,ear,0.26813188195228577,0.4228769540786743,0.035820893943309784,0.05691439285874367,0.0006213188171386719,0.96728515625,0.0
geometry_dropout,test_unseen,342,val:2008_007378:part_69,2008_007378,dog,muzzle,muzzle,0.21690140664577484,0.35648149251937866,0.15129682421684265,0.039981186389923096,0.982421875,1.0,3.4570693969726562e-06
geometry_dropout,test_unseen,343,val:2008_007497:part_99,2008_007497,sheep,tail,tail,0.0,0.0,0.0,0.000985221704468131,0.986328125,1.0,6.556510925292969e-07
geometry_dropout,test_unseen,344,val:2008_007497:part_100,2008_007497,sheep,head,head,0.38532111048698425,0.556291401386261,0.22727273404598236,0.062068965286016464,1.0,1.0,0.95556640625
geometry_dropout,test_unseen,345,val:2008_007497:part_101,2008_007497,sheep,eye,eye,0.0,0.0,0.0,0.000985221704468131,0.95703125,1.0,3.516674041748047e-06
geometry_dropout,test_unseen,346,val:2008_007497:part_102,2008_007497,sheep,torso,torso,0.6943128108978271,0.8195804357528687,0.09607578068971634,0.6807881593704224,1.0,1.0,0.96630859375
geometry_dropout,test_unseen,347,val:2008_007497:part_103,2008_007497,sheep,neck,neck,0.3362831771373749,0.503311276435852,0.0,0.05911330133676529,1.0,1.0,0.96630859375
geometry_dropout,test_unseen,348,val:2008_007497:part_104,2008_007497,sheep,leg,leg,0.20157067477703094,0.3355119824409485,0.5948275923728943,0.10935960710048676,0.9990234375,1.0,9.5367431640625e-07
geometry_dropout,test_unseen,349,val:2008_007497:part_105,2008_007497,sheep,ear,ear,0.0,0.0,0.0,0.004926108289510012,0.0006213188171386719,0.96728515625,0.0
geometry_dropout,test_unseen,350,val:2008_007497:part_106,2008_007497,sheep,muzzle,muzzle,0.10439560562372208,0.1890547275543213,0.2032967060804367,0.018719211220741272,0.982421875,1.0,3.4570693969726562e-06
geometry_dropout,test_unseen,351,val:2008_007497:part_107,2008_007497,sheep,horn,horn,0.0,0.0,0.0,0.05911330133676529,0.0299224853515625,0.9990234375,0.0
geometry_dropout,test_unseen,352,val:2008_007498:part_11,2008_007498,bird,wing,wing,0.0,0.0,0.5423487424850464,0.389090895652771,0.98779296875,1.0,1.3649463653564453e-05
geometry_dropout,test_unseen,353,val:2008_007498:part_12,2008_007498,bird,tail,tail,0.31004366278648376,0.47333332896232605,0.6209964156150818,0.07229946553707123,0.986328125,1.0,6.556510925292969e-07
geometry_dropout,test_unseen,354,val:2008_007498:part_13,2008_007498,bird,head,head,0.35983264446258545,0.5292307734489441,0.0,0.037219252437353134,1.0,1.0,0.95556640625
geometry_dropout,test_unseen,355,val:2008_007498:part_14,2008_007498,bird,eye,eye,0.0,0.0,0.0,0.001497326185926795,0.95703125,1.0,3.516674041748047e-06
geometry_dropout,test_unseen,356,val:2008_007498:part_16,2008_007498,bird,torso,torso,0.33167409896850586,0.49813103675842285,0.14765840768814087,0.3108021318912506,1.0,1.0,0.96630859375
geometry_dropout,test_unseen,357,val:2008_007498:part_17,2008_007498,bird,neck,neck,0.3968254029750824,0.5681818127632141,0.033195022493600845,0.06139037385582924,1.0,1.0,0.96630859375
geometry_dropout,test_unseen,358,val:2008_007498:part_18,2008_007498,bird,leg,leg,0.0667870044708252,0.12521150708198547,0.11090797930955887,0.028235293924808502,0.9990234375,1.0,9.5367431640625e-07
geometry_dropout,test_unseen,359,val:2008_007513:part_60,2008_007513,dog,tail,tail,0.4251207709312439,0.5966101884841919,0.5435897707939148,0.015805279836058617,0.986328125,1.0,6.556510925292969e-07
geometry_dropout,test_unseen,360,val:2008_007513:part_61,2008_007513,dog,head,head,0.516737699508667,0.6813803911209106,0.0331457145512104,0.1411411464214325,1.0,1.0,0.95556640625
geometry_dropout,test_unseen,361,val:2008_007513:part_62,2008_007513,dog,eye,eye,0.08403361588716507,0.1550387591123581,0.0,0.0037932670675218105,0.95703125,1.0,3.516674041748047e-06
geometry_dropout,test_unseen,362,val:2008_007513:part_63,2008_007513,dog,torso,torso,0.6726862192153931,0.8043184876441956,0.09698837995529175,0.5046625733375549,1.0,1.0,0.96630859375
geometry_dropout,test_unseen,363,val:2008_007513:part_65,2008_007513,dog,leg,leg,0.16448885202407837,0.2825082540512085,0.14669421315193176,0.16295242309570312,0.9990234375,1.0,9.5367431640625e-07
geometry_dropout,test_unseen,364,val:2008_007513:part_66,2008_007513,dog,nose,nose,0.0,0.0,0.0,0.006006006151437759,0.026153564453125,0.994140625,0.0
geometry_dropout,test_unseen,365,val:2008_007513:part_67,2008_007513,dog,paw,paw,0.09677419066429138,0.1764705926179886,0.6320754885673523,0.05310573801398277,0.99072265625,1.0,2.384185791015625e-07
geometry_dropout,test_unseen,366,val:2008_007513:part_68,2008_007513,dog,ear,ear,0.3087071180343628,0.4717741906642914,0.0,0.05895369127392769,0.0006213188171386719,0.96728515625,0.0
geometry_dropout,test_unseen,367,val:2008_007513:part_69,2008_007513,dog,muzzle,muzzle,0.48270440101623535,0.6511134505271912,0.138364776968956,0.048522207885980606,0.982421875,1.0,3.4570693969726562e-06
geometry_dropout,test_unseen,368,val:2008_007677:part_100,2008_007677,sheep,head,head,0.6315789222717285,0.774193525314331,0.15546219050884247,0.09005321562290192,1.0,1.0,0.95556640625
geometry_dropout,test_unseen,369,val:2008_007677:part_101,2008_007677,sheep,eye,eye,0.0,0.0,0.0,0.0008186655468307436,0.95703125,1.0,3.516674041748047e-06
geometry_dropout,test_unseen,370,val:2008_007677:part_102,2008_007677,sheep,torso,torso,0.3927449882030487,0.5639868974685669,0.15748031437397003,0.43034520745277405,1.0,1.0,0.96630859375
geometry_dropout,test_unseen,371,val:2008_007677:part_103,2008_007677,sheep,neck,neck,0.3364645540714264,0.5035143494606018,0.08881297707557678,0.05375903844833374,1.0,1.0,0.96630859375
geometry_dropout,test_unseen,372,val:2008_007677:part_105,2008_007677,sheep,ear,ear,0.09090909361839294,0.1666666716337204,0.24145299196243286,0.009823987260460854,0.0006213188171386719,0.96728515625,0.0
geometry_dropout,test_unseen,373,val:2008_007677:part_106,2008_007677,sheep,muzzle,muzzle,0.3854447305202484,0.5564202070236206,0.14824797213077545,0.019511530175805092,0.982421875,1.0,3.4570693969726562e-06
geometry_dropout,test_unseen,374,val:2008_007814:part_100,2008_007814,sheep,head,head,0.6291525363922119,0.7723678946495056,0.08220211416482925,0.15224766731262207,1.0,1.0,0.95556640625
geometry_dropout,test_unseen,375,val:2008_007814:part_101,2008_007814,sheep,eye,eye,0.0,0.0,0.0,0.0036754312459379435,0.95703125,1.0,3.516674041748047e-06
geometry_dropout,test_unseen,376,val:2008_007814:part_102,2008_007814,sheep,torso,torso,0.6524280309677124,0.789659857749939,0.12035995721817017,0.41065874695777893,1.0,1.0,0.96630859375
geometry_dropout,test_unseen,377,val:2008_007814:part_103,2008_007814,sheep,neck,neck,0.575406014919281,0.7304860353469849,0.002816901309415698,0.09160305559635162,1.0,1.0,0.96630859375
geometry_dropout,test_unseen,378,val:2008_007814:part_104,2008_007814,sheep,leg,leg,0.45373961329460144,0.6242377758026123,0.33577051758766174,0.11959287524223328,0.9990234375,1.0,9.5367431640625e-07
geometry_dropout,test_unseen,379,val:2008_007814:part_105,2008_007814,sheep,ear,ear,0.5744308233261108,0.7296996712684631,0.2885338366031647,0.1037602499127388,0.0006213188171386719,0.96728515625,0.0
geometry_dropout,test_unseen,380,val:2008_007814:part_106,2008_007814,sheep,muzzle,muzzle,0.7669021487236023,0.8680753707885742,0.0,0.11492790281772614,0.982421875,1.0,3.4570693969726562e-06
geometry_dropout,test_unseen,381,val:2008_007994:part_12,2008_007994,bird,tail,tail,0.22577092051506042,0.3683737516403198,0.40653154253959656,0.11188463121652603,0.986328125,1.0,6.556510925292969e-07
geometry_dropout,test_unseen,382,val:2008_007994:part_13,2008_007994,bird,head,head,0.520380437374115,0.684539794921875,0.2981927692890167,0.2262555956840515,1.0,1.0,0.95556640625
geometry_dropout,test_unseen,383,val:2008_007994:part_14,2008_007994,bird,eye,eye,0.0,0.0,1.0,0.002983590355142951,0.95703125,1.0,3.516674041748047e-06
geometry_dropout,test_unseen,384,val:2008_007994:part_15,2008_007994,bird,beak,beak,0.0,0.0,0.0,0.015415215864777565,0.6220703125,0.99951171875,1.7881393432617188e-07
geometry_dropout,test_unseen,385,val:2008_007994:part_16,2008_007994,bird,torso,torso,0.5150579214096069,0.6799184679985046,0.03055555559694767,0.6176031827926636,1.0,1.0,0.96630859375
geometry_dropout,test_unseen,386,val:2008_007994:part_18,2008_007994,bird,leg,leg,0.006010929122567177,0.011950027197599411,0.2262295037508011,0.005469915457069874,0.9990234375,1.0,9.5367431640625e-07
geometry_dropout,test_unseen,387,val:2008_007994:part_19,2008_007994,bird,foot,foot,0.0,0.0,0.44999998807907104,0.0034808553755283356,0.99462890625,1.0,2.384185791015625e-07
geometry_dropout,test_unseen,388,val:2008_008127:part_34,2008_008127,car,front,front,0.0,0.0,0.0,0.3589743673801422,1.0,1.0,0.8779296875
geometry_dropout,test_unseen,389,val:2008_008127:part_35,2008_008127,car,side,side,0.0,0.0,0.0,0.4871794879436493,1.0,1.0,0.0604248046875
geometry_dropout,test_unseen,390,val:2008_008127:part_38,2008_008127,car,mirror,mirror,0.0,0.0,0.0,0.008547008968889713,0.84912109375,1.0,4.231929779052734e-06
geometry_dropout,test_unseen,391,val:2008_008127:part_41,2008_008127,car,window,window,0.0,0.0,1.0,0.1367521435022354,1.0,1.0,0.327880859375
geometry_dropout,test_unseen,392,val:2008_008268:part_11,2008_008268,bird,wing,wing,0.021080369129776955,0.04129032418131828,0.5584905743598938,0.1625746488571167,0.98779296875,1.0,1.3649463653564453e-05
geometry_dropout,test_unseen,393,val:2008_008268:part_12,2008_008268,bird,tail,tail,0.0,0.0,0.7200000286102295,0.02521566115319729,0.986328125,1.0,6.556510925292969e-07
geometry_dropout,test_unseen,394,val:2008_008268:part_13,2008_008268,bird,head,head,0.0,0.0,0.7910447716712952,0.0006635700119659305,1.0,1.0,0.95556640625
geometry_dropout,test_unseen,395,val:2008_008268:part_15,2008_008268,bird,beak,beak,0.0,0.0,0.0,0.002654280047863722,0.6220703125,0.99951171875,1.7881393432617188e-07
geometry_dropout,test_unseen,396,val:2008_008268:part_16,2008_008268,bird,torso,torso,0.06666667014360428,0.125,0.13953489065170288,0.13669541478157043,1.0,1.0,0.96630859375
geometry_dropout,test_unseen,397,val:2008_008268:part_17,2008_008268,bird,neck,neck,0.0,0.0,0.07407407462596893,0.005308560095727444,1.0,1.0,0.96630859375
geometry_dropout,test_unseen,398,val:2008_008268:part_18,2008_008268,bird,leg,leg,0.0032051282469183207,0.00638977624475956,0.24304068088531494,0.0033178499434143305,0.9990234375,1.0,9.5367431640625e-07
geometry_dropout,test_unseen,399,val:2008_008268:part_19,2008_008268,bird,foot,foot,0.0,0.0,0.7441860437393188,0.013934969902038574,0.99462890625,1.0,2.384185791015625e-07
geometry_dropout,test_unseen,400,val:2008_008746:part_12,2008_008746,bird,tail,tail,0.5270107984542847,0.6902515888214111,0.23623010516166687,0.17031630873680115,0.986328125,1.0,6.556510925292969e-07
geometry_dropout,test_unseen,401,val:2008_008746:part_13,2008_008746,bird,head,head,0.4409523904323578,0.6120290756225586,0.29474708437919617,0.09077297151088715,1.0,1.0,0.95556640625
geometry_dropout,test_unseen,402,val:2008_008746:part_14,2008_008746,bird,eye,eye,0.3139534890651703,0.47787609696388245,0.0,0.005053340923041105,0.95703125,1.0,3.516674041748047e-06
geometry_dropout,test_unseen,403,val:2008_008746:part_15,2008_008746,bird,beak,beak,0.0,0.0,0.0,0.02283361367881298,0.6220703125,0.99951171875,1.7881393432617188e-07
geometry_dropout,test_unseen,404,val:2008_008746:part_16,2008_008746,bird,torso,torso,0.670418381690979,0.8026951551437378,0.12426945567131042,0.6692869067192078,1.0,1.0,0.96630859375
geometry_dropout,test_unseen,405,val:2008_008746:part_18,2008_008746,bird,leg,leg,0.06722689419984818,0.12598425149917603,0.25974026322364807,0.01647014729678631,0.9990234375,1.0,9.5367431640625e-07
geometry_dropout,test_unseen,406,val:2009_000037:part_12,2009_000037,bird,tail,tail,0.08231707662343979,0.152112677693367,0.5889830589294434,0.08122866600751877,0.986328125,1.0,6.556510925292969e-07
geometry_dropout,test_unseen,407,val:2009_000037:part_13,2009_000037,bird,head,head,0.3427561819553375,0.5105262994766235,0.46570396423339844,0.0703071653842926,1.0,1.0,0.95556640625
geometry_dropout,test_unseen,408,val:2009_000037:part_14,2009_000037,bird,eye,eye,0.0,0.0,0.0,0.0006825938471592963,0.95703125,1.0,3.516674041748047e-06
geometry_dropout,test_unseen,409,val:2009_000037:part_15,2009_000037,bird,beak,beak,0.0,0.0,0.0,0.03139931708574295,0.6220703125,0.99951171875,1.7881393432617188e-07
geometry_dropout,test_unseen,410,val:2009_000037:part_16,2009_000037,bird,torso,torso,0.6458527445793152,0.7848244905471802,0.14494264125823975,0.5508532524108887,1.0,1.0,0.96630859375
geometry_dropout,test_unseen,411,val:2009_000037:part_17,2009_000037,bird,neck,neck,0.35537189245224,0.5243902206420898,0.2028985470533371,0.12969283759593964,1.0,1.0,0.96630859375
geometry_dropout,test_unseen,412,val:2009_000037:part_18,2009_000037,bird,leg,leg,0.10292072594165802,0.18663303554058075,0.1764705926179886,0.1003412976861,0.9990234375,1.0,9.5367431640625e-07
geometry_dropout,test_unseen,413,val:2009_000037:part_19,2009_000037,bird,foot,foot,0.0,0.0,0.0,0.018430033698678017,0.99462890625,1.0,2.384185791015625e-07
geometry_dropout,test_unseen,414,val:2009_000039:part_100,2009_000039,sheep,head,head,0.48506399989128113,0.6532567143440247,0.15051902830600739,0.16214334964752197,1.0,1.0,0.95556640625
geometry_dropout,test_unseen,415,val:2009_000039:part_101,2009_000039,sheep,eye,eye,0.0476190485060215,0.09090909361839294,0.0,0.001043841359205544,0.95703125,1.0,3.516674041748047e-06
geometry_dropout,test_unseen,416,val:2009_000039:part_102,2009_000039,sheep,torso,torso,0.6081967353820801,0.756371021270752,0.09562607109546661,0.5539317727088928,1.0,1.0,0.96630859375
geometry_dropout,test_unseen,417,val:2009_000039:part_103,2009_000039,sheep,neck,neck,0.3521341383457184,0.5208567976951599,0.03368420898914337,0.14335420727729797,1.0,1.0,0.96630859375
geometry_dropout,test_unseen,418,val:2009_000039:part_104,2009_000039,sheep,leg,leg,0.08534136414527893,0.15726178884506226,0.0713525041937828,0.04940849170088768,0.9990234375,1.0,9.5367431640625e-07
geometry_dropout,test_unseen,419,val:2009_000039:part_105,2009_000039,sheep,ear,ear,0.13414634764194489,0.23655913770198822,0.522522509098053,0.01983298547565937,0.0006213188171386719,0.96728515625,0.0
geometry_dropout,test_unseen,420,val:2009_000039:part_106,2009_000039,sheep,muzzle,muzzle,0.1313432902097702,0.23218996822834015,0.0,0.03792623430490494,0.982421875,1.0,3.4570693969726562e-06
geometry_dropout,test_unseen,421,val:2009_000074:part_79,2009_000074,motorbike,wheel,wheel,0.7865052819252014,0.8804959058761597,0.07746686041355133,0.4270557165145874,0.99853515625,1.0,8.881092071533203e-06
geometry_dropout,test_unseen,422,val:2009_000156:part_60,2009_000156,dog,tail,tail,0.0,0.0,0.0,0.02085505798459053,0.986328125,1.0,6.556510925292969e-07
geometry_dropout,test_unseen,423,val:2009_000156:part_61,2009_000156,dog,head,head,0.09803921729326248,0.1785714328289032,0.1538461595773697,0.04900938645005226,1.0,1.0,0.95556640625
geometry_dropout,test_unseen,424,val:2009_000156:part_62,2009_000156,dog,eye,eye,0.0,0.0,0.0,0.004171011503785849,0.95703125,1.0,3.516674041748047e-06
geometry_dropout,test_unseen,425,val:2009_000156:part_63,2009_000156,dog,torso,torso,0.5197740197181702,0.6840148568153381,0.19077567756175995,0.6246089935302734,1.0,1.0,0.96630859375
geometry_dropout,test_unseen,426,val:2009_000156:part_65,2009_000156,dog,leg,leg,0.02575107291340828,0.050209205597639084,0.7692307829856873,0.22210636734962463,0.9990234375,1.0,9.5367431640625e-07
geometry_dropout,test_unseen,427,val:2009_000156:part_66,2009_000156,dog,nose,nose,0.0,0.0,0.0,0.004171011503785849,0.026153564453125,0.994140625,0.0
geometry_dropout,test_unseen,428,val:2009_000156:part_67,2009_000156,dog,paw,paw,0.0,0.0,0.0,0.01355578750371933,0.99072265625,1.0,2.384185791015625e-07
geometry_dropout,test_unseen,429,val:2009_000156:part_68,2009_000156,dog,ear,ear,0.0,0.0,1.0,0.029197080060839653,0.0006213188171386719,0.96728515625,0.0
geometry_dropout,test_unseen,430,val:2009_000156:part_69,2009_000156,dog,muzzle,muzzle,0.2753623127937317,0.4318181872367859,0.49253731966018677,0.021897809579968452,0.982421875,1.0,3.4570693969726562e-06
geometry_dropout,test_unseen,431,val:2009_000318:part_11,2009_000318,bird,wing,wing,0.004103966988623142,0.00817438680678606,0.30314233899116516,0.06920043379068375,0.98779296875,1.0,1.3649463653564453e-05
geometry_dropout,test_unseen,432,val:2009_000318:part_13,2009_000318,bird,head,head,0.0,0.0,0.1860465109348297,0.025457153096795082,1.0,1.0,0.95556640625
geometry_dropout,test_unseen,433,val:2009_000318:part_15,2009_000318,bird,beak,beak,0.0,0.0,0.0,0.005378271918743849,0.6220703125,0.99951171875,1.7881393432617188e-07
geometry_dropout,test_unseen,434,val:2009_000318:part_16,2009_000318,bird,torso,torso,0.09944311529397964,0.18089725077152252,0.11035364121198654,0.14951595664024353,1.0,1.0,0.96630859375
geometry_dropout,test_unseen,435,val:2009_000318:part_18,2009_000318,bird,leg,leg,0.007352941203862429,0.014598540030419827,0.18106617033481598,0.002868411596864462,0.9990234375,1.0,9.5367431640625e-07
geometry_dropout,test_unseen,436,val:2009_000523:part_32,2009_000523,car,wheel,wheel,0.5144927501678467,0.679425835609436,0.027499999850988388,0.07060713320970535,0.99853515625,1.0,8.881092071533203e-06
geometry_dropout,test_unseen,437,val:2009_000523:part_33,2009_000523,car,headlight,headlight,0.0,0.0,0.0,0.0494699664413929,1.0,1.0,0.137939453125
geometry_dropout,test_unseen,438,val:2009_000523:part_34,2009_000523,car,front,front,0.6497633457183838,0.7877049446105957,0.022539230063557625,0.4902023673057556,1.0,1.0,0.8779296875
geometry_dropout,test_unseen,439,val:2009_000523:part_35,2009_000523,car,side,side,0.5330772995948792,0.6954343914985657,0.07428673654794693,0.20623193681240082,1.0,1.0,0.0604248046875
geometry_dropout,test_unseen,440,val:2009_000523:part_38,2009_000523,car,mirror,mirror,0.0,0.0,0.0,0.014327015727758408,0.84912109375,1.0,4.231929779052734e-06
geometry_dropout,test_unseen,441,val:2009_000523:part_41,2009_000523,car,window,window,0.3327580392360687,0.49935248494148254,0.0,0.1629938930273056,1.0,1.0,0.327880859375
geometry_dropout,test_unseen,442,val:2009_000619:part_12,2009_000619,bird,tail,tail,0.34982332587242126,0.518324613571167,0.48672565817832947,0.056955091655254364,0.986328125,1.0,6.556510925292969e-07
geometry_dropout,test_unseen,443,val:2009_000619:part_13,2009_000619,bird,head,head,0.2350427359342575,0.38062283396720886,0.5021459460258484,0.02044541761279106,1.0,1.0,0.95556640625
geometry_dropout,test_unseen,444,val:2009_000619:part_14,2009_000619,bird,eye,eye,0.0,0.0,0.0,0.0036509674973785877,0.95703125,1.0,3.516674041748047e-06
geometry_dropout,test_unseen,445,val:2009_000619:part_15,2009_000619,bird,beak,beak,0.0,0.0,1.0,0.009857612662017345,0.6220703125,0.99951171875,1.7881393432617188e-07
geometry_dropout,test_unseen,446,val:2009_000619:part_16,2009_000619,bird,torso,torso,0.7082548141479492,0.8292144536972046,0.09665071964263916,0.891566276550293,1.0,1.0,0.96630859375
geometry_dropout,test_unseen,447,val:2009_000619:part_18,2009_000619,bird,leg,leg,0.0150602413341403,0.029673591256141663,0.024390242993831635,0.013143482618033886,0.9990234375,1.0,9.5367431640625e-07
geometry_dropout,test_unseen,448,val:2009_000619:part_19,2009_000619,bird,foot,foot,0.0,0.0,0.20000000298023224,0.00036509675555862486,0.99462890625,1.0,2.384185791015625e-07
geometry_dropout,test_unseen,449,val:2009_000664:part_12,2009_000664,bird,tail,tail,0.12598425149917603,0.2237762212753296,0.05999999865889549,0.014678272418677807,0.986328125,1.0,6.556510925292969e-07
geometry_dropout,test_unseen,450,val:2009_000664:part_13,2009_000664,bird,head,head,0.22421948611736298,0.36630603671073914,0.34984520077705383,0.055470217019319534,1.0,1.0,0.95556640625
geometry_dropout,test_unseen,451,val:2009_000664:part_14,2009_000664,bird,eye,eye,0.0,0.0,0.0,0.00273084151558578,0.95703125,1.0,3.516674041748047e-06
geometry_dropout,test_unseen,452,val:2009_000664:part_15,2009_000664,bird,beak,beak,0.0,0.0,0.0,0.006997781340032816,0.6220703125,0.99951171875,1.7881393432617188e-07
geometry_dropout,test_unseen,453,val:2009_000664:part_16,2009_000664,bird,torso,torso,0.4367666244506836,0.6079854965209961,0.14352470636367798,0.36149513721466064,1.0,1.0,0.96630859375
geometry_dropout,test_unseen,454,val:2009_000664:part_18,2009_000664,bird,leg,leg,0.007720711641013622,0.015323118306696415,0.16361787915229797,0.008533879183232784,0.9990234375,1.0,9.5367431640625e-07
geometry_dropout,test_unseen,455,val:2009_000664:part_19,2009_000664,bird,foot,foot,0.0,0.0,0.12090680003166199,0.0032428742852061987,0.99462890625,1.0,2.384185791015625e-07
geometry_dropout,test_unseen,456,val:2009_000675:part_100,2009_000675,sheep,head,head,0.11053652316331863,0.19906868040561676,0.0625823438167572,0.03872966766357422,1.0,1.0,0.95556640625
geometry_dropout,test_unseen,457,val:2009_000675:part_101,2009_000675,sheep,eye,eye,0.0,0.0,0.0,0.00038729666266590357,0.95703125,1.0,3.516674041748047e-06
geometry_dropout,test_unseen,458,val:2009_000675:part_102,2009_000675,sheep,torso,torso,0.24046161770820618,0.3876969814300537,0.17453202605247498,0.2854376435279846,1.0,1.0,0.96630859375
geometry_dropout,test_unseen,459,val:2009_000675:part_103,2009_000675,sheep,neck,neck,0.0,0.0,0.2881355881690979,0.054996125400066376,1.0,1.0,0.96630859375
geometry_dropout,test_unseen,460,val:2009_000675:part_105,2009_000675,sheep,ear,ear,0.013513513840734959,0.02666666731238365,0.007518797181546688,0.006584043148905039,0.0006213188171386719,0.96728515625,0.0
geometry_dropout,test_unseen,461,val:2009_000675:part_106,2009_000675,sheep,muzzle,muzzle,0.0625,0.11764705926179886,0.4285714328289032,0.002711076755076647,0.982421875,1.0,3.4570693969726562e-06
geometry_dropout,test_unseen,462,val:2009_000730:part_79,2009_000730,motorbike,wheel,wheel,0.6916666626930237,0.8177340030670166,0.14186426997184753,0.4685404896736145,0.99853515625,1.0,8.881092071533203e-06
geometry_dropout,test_unseen,463,val:2009_000825:part_32,2009_000825,car,wheel,wheel,0.3435114622116089,0.5113636255264282,0.2567567527294159,0.034090910106897354,0.99853515625,1.0,8.881092071533203e-06
geometry_dropout,test_unseen,464,val:2009_000825:part_33,2009_000825,car,headlight,headlight,0.0,0.0,0.0,0.06350267678499222,1.0,1.0,0.137939453125
geometry_dropout,test_unseen,465,val:2009_000825:part_34,2009_000825,car,front,front,0.002421307610347867,0.004830917809158564,0.0,0.2760695219039917,1.0,1.0,0.8779296875
geometry_dropout,test_unseen,466,val:2009_000825:part_35,2009_000825,car,side,side,0.4722222089767456,0.6415094137191772,0.006688963156193495,0.3024732768535614,1.0,1.0,0.0604248046875
geometry_dropout,test_unseen,467,val:2009_000825:part_38,2009_000825,car,mirror,mirror,0.0,0.0,0.0,0.011363636702299118,0.84912109375,1.0,4.231929779052734e-06
geometry_dropout,test_unseen,468,val:2009_000825:part_41,2009_000825,car,window,window,0.04958677664399147,0.09448818862438202,0.01886792480945587,0.2757352888584137,1.0,1.0,0.327880859375
geometry_dropout,test_unseen,469,val:2009_000839:part_61,2009_000839,dog,head,head,0.43457040190696716,0.6058543920516968,0.02678065560758114,0.2937975823879242,1.0,1.0,0.95556640625
geometry_dropout,test_unseen,470,val:2009_000839:part_62,2009_000839,dog,eye,eye,0.6086956262588501,0.7567567825317383,0.0,0.020596874877810478,0.95703125,1.0,3.516674041748047e-06
geometry_dropout,test_unseen,471,val:2009_000839:part_63,2009_000839,dog,torso,torso,0.31546688079833984,0.47962725162506104,0.04465228691697121,0.11543597280979156,1.0,1.0,0.96630859375
geometry_dropout,test_unseen,472,val:2009_000839:part_64,2009_000839,dog,neck,neck,0.5017531514167786,0.6682232022285461,0.0,0.06055548042058945,1.0,1.0,0.96630859375
geometry_dropout,test_unseen,473,val:2009_000839:part_66,2009_000839,dog,nose,nose,0.5210697054862976,0.6851358413696289,0.0,0.03588596731424332,0.026153564453125,0.994140625,0.0
geometry_dropout,test_unseen,474,val:2009_000839:part_68,2009_000839,dog,ear,ear,0.048544805496931076,0.09259462356567383,0.03492647036910057,0.28611963987350464,0.0006213188171386719,0.96728515625,0.0
geometry_dropout,test_unseen,475,val:2009_000839:part_69,2009_000839,dog,muzzle,muzzle,0.5150351524353027,0.6798986196517944,0.0,0.18724128603935242,0.982421875,1.0,3.4570693969726562e-06
geometry_dropout,test_unseen,476,val:2009_000879:part_12,2009_000879,bird,tail,tail,0.4547872245311737,0.6252285242080688,0.39093485474586487,0.08629893511533737,0.986328125,1.0,6.556510925292969e-07
geometry_dropout,test_unseen,477,val:2009_000879:part_13,2009_000879,bird,head,head,0.5458937287330627,0.706250011920929,0.19249999523162842,0.10676156729459763,1.0,1.0,0.95556640625
geometry_dropout,test_unseen,478,val:2009_000879:part_14,2009_000879,bird,eye,eye,0.0,0.0,0.0,0.002224199241027236,0.95703125,1.0,3.516674041748047e-06
geometry_dropout,test_unseen,479,val:2009_000879:part_15,2009_000879,bird,beak,beak,0.13333334028720856,0.23529411852359772,0.6499999761581421,0.02624555118381977,0.6220703125,0.99951171875,1.7881393432617188e-07
geometry_dropout,test_unseen,480,val:2009_000879:part_16,2009_000879,bird,torso,torso,0.8196555376052856,0.9008908867835999,0.10020876675844193,0.745551586151123,1.0,1.0,0.96630859375
geometry_dropout,test_unseen,481,val:2009_000892:part_60,2009_000892,dog,tail,tail,0.6791744828224182,0.8089385628700256,0.16930022835731506,0.14947089552879333,0.986328125,1.0,6.556510925292969e-07
geometry_dropout,test_unseen,482,val:2009_000892:part_61,2009_000892,dog,head,head,0.4072052538394928,0.5787432193756104,0.12336244434118271,0.12334655970335007,1.0,1.0,0.95556640625
geometry_dropout,test_unseen,483,val:2009_000892:part_62,2009_000892,dog,eye,eye,0.0,0.0,0.0,0.004629629664123058,0.95703125,1.0,3.516674041748047e-06
geometry_dropout,test_unseen,484,val:2009_000892:part_63,2009_000892,dog,torso,torso,0.582760751247406,0.73638516664505,0.06611039489507675,0.32275131344795227,1.0,1.0,0.96630859375
geometry_dropout,test_unseen,485,val:2009_000892:part_64,2009_000892,dog,neck,neck,0.3333333432674408,0.5,0.05329153686761856,0.041335977613925934,1.0,1.0,0.96630859375
geometry_dropout,test_unseen,486,val:2009_000892:part_65,2009_000892,dog,leg,leg,0.28616851568222046,0.4449938237667084,0.4309927225112915,0.130952388048172,0.9990234375,1.0,9.5367431640625e-07
geometry_dropout,test_unseen,487,val:2009_000892:part_66,2009_000892,dog,nose,nose,0.12820513546466827,0.22727273404598236,0.2222222238779068,0.005621693097054958,0.026153564453125,0.994140625,0.0
geometry_dropout,test_unseen,488,val:2009_000892:part_67,2009_000892,dog,paw,paw,0.0827067643404007,0.1527777761220932,0.8135592937469482,0.028108466416597366,0.99072265625,1.0,2.384185791015625e-07
geometry_dropout,test_unseen,489,val:2009_000892:part_68,2009_000892,dog,ear,ear,0.2876712381839752,0.44680851697921753,0.0625,0.04100529104471207,0.0006213188171386719,0.96728515625,0.0
geometry_dropout,test_unseen,490,val:2009_000892:part_69,2009_000892,dog,muzzle,muzzle,0.5422885417938232,0.7032257914543152,0.15973377227783203,0.10879629850387573,0.982421875,1.0,3.4570693969726562e-06
geometry_dropout,test_unseen,491,val:2009_000924:part_99,2009_000924,sheep,tail,tail,0.0,0.0,0.0,0.007570347283035517,0.986328125,1.0,6.556510925292969e-07
geometry_dropout,test_unseen,492,val:2009_000924:part_100,2009_000924,sheep,head,head,0.5423312783241272,0.7032617330551147,0.06498673558235168,0.07184688001871109,1.0,1.0,0.95556640625
geometry_dropout,test_unseen,493,val:2009_000924:part_101,2009_000924,sheep,eye,eye,0.0,0.0,0.0,0.0008570204372517765,0.95703125,1.0,3.516674041748047e-06
geometry_dropout,test_unseen,494,val:2009_000924:part_102,2009_000924,sheep,torso,torso,0.6441287398338318,0.7835502624511719,0.08242753893136978,0.5174974799156189,1.0,1.0,0.96630859375
geometry_dropout,test_unseen,495,val:2009_000924:part_103,2009_000924,sheep,neck,neck,0.6885743141174316,0.8155688643455505,0.0,0.1361234039068222,1.0,1.0,0.96630859375
geometry_dropout,test_unseen,496,val:2009_000924:part_104,2009_000924,sheep,leg,leg,0.37031060457229614,0.54047691822052,0.32513266801834106,0.18911583721637726,0.9990234375,1.0,9.5367431640625e-07
geometry_dropout,test_unseen,497,val:2009_000924:part_105,2009_000924,sheep,ear,ear,0.35232067108154297,0.5210608243942261,0.48571428656578064,0.02656763233244419,0.0006213188171386719,0.96728515625,0.0
geometry_dropout,test_unseen,498,val:2009_000924:part_106,2009_000924,sheep,muzzle,muzzle,0.43776825070381165,0.6089552044868469,0.0,0.032852448523044586,0.982421875,1.0,3.4570693969726562e-06
geometry_dropout,test_unseen,499,val:2009_000935:part_61,2009_000935,dog,head,head,0.4368070960044861,0.6080247163772583,0.17614269256591797,0.1476137638092041,1.0,1.0,0.95556640625
geometry_dropout,test_unseen,500,val:2009_000935:part_62,2009_000935,dog,eye,eye,0.06666667014360428,0.125,0.0,0.0014798372285440564,0.95703125,1.0,3.516674041748047e-06
geometry_dropout,test_unseen,501,val:2009_000935:part_63,2009_000935,dog,torso,torso,0.6360045075416565,0.7775095105171204,0.2078152745962143,0.4476507604122162,1.0,1.0,0.96630859375
geometry_dropout,test_unseen,502,val:2009_000935:part_64,2009_000935,dog,neck,neck,0.12593702971935272,0.22370173037052155,0.17991004884243011,0.03107658214867115,1.0,1.0,0.96630859375
geometry_dropout,test_unseen,503,val:2009_000935:part_65,2009_000935,dog,leg,leg,0.1355721354484558,0.23877327144145966,0.2031872570514679,0.24491305649280548,0.9990234375,1.0,9.5367431640625e-07
geometry_dropout,test_unseen,504,val:2009_000935:part_66,2009_000935,dog,nose,nose,0.0,0.0,0.0,0.005919348914176226,0.026153564453125,0.994140625,0.0
geometry_dropout,test_unseen,505,val:2009_000935:part_68,2009_000935,dog,ear,ear,0.14492753148078918,0.2531645596027374,0.692307710647583,0.02478727325797081,0.0006213188171386719,0.96728515625,0.0
geometry_dropout,test_unseen,506,val:2009_000935:part_69,2009_000935,dog,muzzle,muzzle,0.42321428656578064,0.5947302579879761,0.06785714626312256,0.08768035471439362,0.982421875,1.0,3.4570693969726562e-06
geometry_dropout,test_unseen,507,val:2009_000989:part_60,2009_000989,dog,tail,tail,0.0,0.0,0.0,0.020460357889533043,0.986328125,1.0,6.556510925292969e-07
geometry_dropout,test_unseen,508,val:2009_000989:part_61,2009_000989,dog,head,head,0.016574585810303688,0.032608695328235626,0.4444444477558136,0.24040921032428741,1.0,1.0,0.95556640625
geometry_dropout,test_unseen,509,val:2009_000989:part_62,2009_000989,dog,eye,eye,0.0,0.0,0.0,0.01534526888281107,0.95703125,1.0,3.516674041748047e-06
geometry_dropout,test_unseen,510,val:2009_000989:part_63,2009_000989,dog,torso,torso,0.1342465728521347,0.23671497404575348,0.04743082821369171,0.4117647111415863,1.0,1.0,0.96630859375
geometry_dropout,test_unseen,511,val:2009_000989:part_64,2009_000989,dog,neck,neck,0.0,0.0,0.0,0.1355498731136322,1.0,1.0,0.96630859375
geometry_dropout,test_unseen,512,val:2009_000989:part_66,2009_000989,dog,nose,nose,0.0,0.0,0.0,0.010230178944766521,0.026153564453125,0.994140625,0.0
geometry_dropout,test_unseen,513,val:2009_000989:part_68,2009_000989,dog,ear,ear,0.0,0.0,0.0,0.05882352963089943,0.0006213188171386719,0.96728515625,0.0
geometry_dropout,test_unseen,514,val:2009_000989:part_69,2009_000989,dog,muzzle,muzzle,0.0,0.0,0.0,0.05370844155550003,0.982421875,1.0,3.4570693969726562e-06
geometry_dropout,test_unseen,515,val:2009_000991:part_12,2009_000991,bird,tail,tail,0.2650231122970581,0.4190012216567993,0.36966824531555176,0.027175484225153923,0.986328125,1.0,6.556510925292969e-07
geometry_dropout,test_unseen,516,val:2009_000991:part_13,2009_000991,bird,head,head,0.4688090682029724,0.638352632522583,0.14143426716327667,0.03975137323141098,1.0,1.0,0.95556640625
geometry_dropout,test_unseen,517,val:2009_000991:part_14,2009_000991,bird,eye,eye,0.0,0.0,0.0,0.0018791558686643839,0.95703125,1.0,3.516674041748047e-06
geometry_dropout,test_unseen,518,val:2009_000991:part_15,2009_000991,bird,beak,beak,0.0,0.0,0.0,0.030789244920015335,0.6220703125,0.99951171875,1.7881393432617188e-07
geometry_dropout,test_unseen,519,val:2009_000991:part_16,2009_000991,bird,torso,torso,0.6350306272506714,0.7767813205718994,0.09382595866918564,0.5747326016426086,1.0,1.0,0.96630859375
geometry_dropout,test_unseen,520,val:2009_000991:part_17,2009_000991,bird,neck,neck,0.2750000059604645,0.4313725531101227,0.04591836780309677,0.0969933494925499,1.0,1.0,0.96630859375
geometry_dropout,test_unseen,521,val:2009_000991:part_18,2009_000991,bird,leg,leg,0.30166271328926086,0.4635036587715149,0.37358489632606506,0.04350968450307846,0.9990234375,1.0,9.5367431640625e-07
geometry_dropout,test_unseen,522,val:2009_000998:part_12,2009_000998,bird,tail,tail,0.2405405342578888,0.38779956102371216,0.30263158679008484,0.07358580827713013,0.986328125,1.0,6.556510925292969e-07
geometry_dropout,test_unseen,523,val:2009_000998:part_13,2009_000998,bird,head,head,0.7022016048431396,0.8250510692596436,0.17608951032161713,0.29721954464912415,1.0,1.0,0.95556640625
geometry_dropout,test_unseen,524,val:2009_000998:part_14,2009_000998,bird,eye,eye,0.22499999403953552,0.36734694242477417,0.0,0.021812081336975098,0.95703125,1.0,3.516674041748047e-06
geometry_dropout,test_unseen,525,val:2009_000998:part_15,2009_000998,bird,beak,beak,0.0892857164144516,0.16393442451953888,0.0,0.0023969318717718124,0.6220703125,0.99951171875,1.7881393432617188e-07
geometry_dropout,test_unseen,526,val:2009_000998:part_16,2009_000998,bird,torso,torso,0.7765064835548401,0.8741949200630188,0.04878048598766327,0.5563278794288635,1.0,1.0,0.96630859375
geometry_dropout,test_unseen,527,val:2009_000998:part_18,2009_000998,bird,leg,leg,0.2845010757446289,0.4429751932621002,0.36965811252593994,0.032837968319654465,0.9990234375,1.0,9.5367431640625e-07
geometry_dropout,test_unseen,528,val:2009_000998:part_19,2009_000998,bird,foot,foot,0.12077295035123825,0.21551723778247833,0.7785888314247131,0.01270373910665512,0.99462890625,1.0,2.384185791015625e-07
geometry_dropout,test_unseen,529,val:2009_001108:part_13,2009_001108,bird,head,head,0.35087719559669495,0.5194805264472961,0.5233917832374573,0.13129103183746338,1.0,1.0,0.95556640625
geometry_dropout,test_unseen,530,val:2009_001108:part_14,2009_001108,bird,eye,eye,0.0,0.0,0.0,0.005470459349453449,0.95703125,1.0,3.516674041748047e-06
geometry_dropout,test_unseen,531,val:2009_001108:part_15,2009_001108,bird,beak,beak,0.0,0.0,0.0,0.014223194681107998,0.6220703125,0.99951171875,1.7881393432617188e-07
geometry_dropout,test_unseen,532,val:2009_001108:part_16,2009_001108,bird,torso,torso,0.5755395889282227,0.7305936217308044,0.07445255666971207,0.6881837844848633,1.0,1.0,0.96630859375
geometry_dropout,test_unseen,533,val:2009_001108:part_17,2009_001108,bird,neck,neck,0.5972850918769836,0.7478753328323364,0.033980581909418106,0.1608315110206604,1.0,1.0,0.96630859375
geometry_dropout,test_unseen,534,val:2009_001160:part_12,2009_001160,bird,tail,tail,0.41129031777381897,0.5828571319580078,0.25471699237823486,0.09823063015937805,0.986328125,1.0,6.556510925292969e-07
geometry_dropout,test_unseen,535,val:2009_001160:part_13,2009_001160,bird,head,head,0.6559766530990601,0.7922534942626953,0.1975308656692505,0.099247507750988,1.0,1.0,0.95556640625
geometry_dropout,test_unseen,536,val:2009_001160:part_16,2009_001160,bird,torso,torso,0.8409032821655273,0.9135767817497253,0.033804379403591156,0.7250356078147888,1.0,1.0,0.96630859375
geometry_dropout,test_unseen,537,val:2009_001160:part_17,2009_001160,bird,neck,neck,0.2738095223903656,0.42990654706954956,0.07073955237865448,0.047589994966983795,1.0,1.0,0.96630859375
geometry_dropout,test_unseen,538,val:2009_001160:part_18,2009_001160,bird,leg,leg,0.03632478788495064,0.07010309398174286,0.3232758641242981,0.012812690809369087,0.9990234375,1.0,9.5367431640625e-07
geometry_dropout,test_unseen,539,val:2009_001160:part_19,2009_001160,bird,foot,foot,0.024886878207325935,0.04856512323021889,0.43044620752334595,0.014643074944615364,0.99462890625,1.0,2.384185791015625e-07
geometry_dropout,test_unseen,540,val:2009_001240:part_32,2009_001240,car,wheel,wheel,0.5504032373428345,0.7100130319595337,0.12664908170700073,0.11872146278619766,0.99853515625,1.0,8.881092071533203e-06
geometry_dropout,test_unseen,541,val:2009_001240:part_34,2009_001240,car,front,front,0.0,0.0,0.0,0.04779299721121788,1.0,1.0,0.8779296875
geometry_dropout,test_unseen,542,val:2009_001240:part_35,2009_001240,car,side,side,0.32970768213272095,0.49591001868247986,0.041557468473911285,0.3777777850627899,1.0,1.0,0.0604248046875
geometry_dropout,test_unseen,543,val:2009_001240:part_36,2009_001240,car,back,back,0.0,0.0,0.0,0.0066971080377697945,1.0,1.0,0.90283203125
geometry_dropout,test_unseen,544,val:2009_001240:part_37,2009_001240,car,roof,roof,0.1919642835855484,0.32209739089012146,0.02557077631354332,0.07305935770273209,1.0,1.0,0.99267578125
geometry_dropout,test_unseen,545,val:2009_001240:part_40,2009_001240,car,door,door,0.03153745085000992,0.06114649772644043,0.0,0.20852358639240265,0.15771484375,0.998046875,0.0
geometry_dropout,test_unseen,546,val:2009_001240:part_41,2009_001240,car,window,window,0.0,0.0,0.6790123581886292,0.15464231371879578,1.0,1.0,0.327880859375
geometry_dropout,test_unseen,547,val:2009_001255:part_32,2009_001255,car,wheel,wheel,0.011307420209050179,0.022361984476447105,0.3443092405796051,0.0038452837616205215,0.99853515625,1.0,8.881092071533203e-06
geometry_dropout,test_unseen,548,val:2009_001314:part_11,2009_001314,bird,wing,wing,0.4979674816131592,0.6648575067520142,0.23814278841018677,0.7328975796699524,0.98779296875,1.0,1.3649463653564453e-05
geometry_dropout,test_unseen,549,val:2009_001314:part_12,2009_001314,bird,tail,tail,0.0,0.0,0.6052631735801697,0.08583877980709076,0.986328125,1.0,6.556510925292969e-07
geometry_dropout,test_unseen,550,val:2009_001314:part_13,2009_001314,bird,head,head,0.06230529770255089,0.1173020526766777,0.474683552980423,0.010893246158957481,1.0,1.0,0.95556640625
geometry_dropout,test_unseen,551,val:2009_001314:part_16,2009_001314,bird,torso,torso,0.51802659034729,0.6825000047683716,0.027397260069847107,0.1577342003583908,1.0,1.0,0.96630859375
geometry_dropout,test_unseen,552,val:2009_001314:part_18,2009_001314,bird,leg,leg,0.001790510257706046,0.003574620233848691,0.1424093097448349,0.0021786491852253675,0.9990234375,1.0,9.5367431640625e-07
geometry_dropout,test_unseen,553,val:2009_001314:part_19,2009_001314,bird,foot,foot,0.01149425283074379,0.022727273404598236,0.04545454680919647,0.00958605669438839,0.99462890625,1.0,2.384185791015625e-07
geometry_dropout,test_unseen,554,val:2009_001505:part_100,2009_001505,sheep,head,head,0.0,0.0,0.3435294032096863,0.010201267898082733,1.0,1.0,0.95556640625
geometry_dropout,test_unseen,555,val:2009_001505:part_102,2009_001505,sheep,torso,torso,0.0,0.0,0.24348534643650055,0.030052384361624718,1.0,1.0,0.96630859375
geometry_dropout,test_unseen,556,val:2009_001505:part_103,2009_001505,sheep,neck,neck,0.0,0.0,0.0,0.0034463743213564157,1.0,1.0,0.96630859375
geometry_dropout,test_unseen,557,val:2009_001505:part_104,2009_001505,sheep,leg,leg,0.0,0.0,0.4793272614479065,0.019299697130918503,0.9990234375,1.0,9.5367431640625e-07
geometry_dropout,test_unseen,558,val:2009_001505:part_105,2009_001505,sheep,ear,ear,0.0035714285913854837,0.007117437664419413,0.6279069781303406,0.0031706644222140312,0.0006213188171386719,0.96728515625,0.0
geometry_dropout,test_unseen,559,val:2009_001505:part_106,2009_001505,sheep,muzzle,muzzle,0.0,0.0,0.25,0.005238489247858524,0.982421875,1.0,3.4570693969726562e-06
geometry_dropout,test_unseen,560,val:2009_001535:part_61,2009_001535,dog,head,head,0.4926283657550812,0.6600817441940308,0.08887088298797607,0.17813166975975037,1.0,1.0,0.95556640625
geometry_dropout,test_unseen,561,val:2009_001535:part_62,2009_001535,dog,eye,eye,0.2083333283662796,0.3448275923728943,0.0,0.0014775898307561874,0.95703125,1.0,3.516674041748047e-06
geometry_dropout,test_unseen,562,val:2009_001535:part_63,2009_001535,dog,torso,torso,0.6509549617767334,0.7885798811912537,0.07317372411489487,0.43835166096687317,1.0,1.0,0.96630859375
geometry_dropout,test_unseen,563,val:2009_001535:part_64,2009_001535,dog,neck,neck,0.38407644629478455,0.5549930930137634,0.08124525099992752,0.07026761025190353,1.0,1.0,0.96630859375
geometry_dropout,test_unseen,564,val:2009_001535:part_65,2009_001535,dog,leg,leg,0.5419471859931946,0.7029387354850769,0.15665796399116516,0.17443770170211792,0.9990234375,1.0,9.5367431640625e-07
geometry_dropout,test_unseen,565,val:2009_001535:part_66,2009_001535,dog,nose,nose,0.0,0.0,0.0,0.008619274012744427,0.026153564453125,0.994140625,0.0
geometry_dropout,test_unseen,566,val:2009_001535:part_68,2009_001535,dog,ear,ear,0.4542897343635559,0.624758243560791,0.023872679099440575,0.053932029753923416,0.0006213188171386719,0.96728515625,0.0
geometry_dropout,test_unseen,567,val:2009_001535:part_69,2009_001535,dog,muzzle,muzzle,0.5769736766815186,0.7317480444908142,0.15771812200546265,0.07445411384105682,0.982421875,1.0,3.4570693969726562e-06
geometry_dropout,test_unseen,568,val:2009_001536:part_32,2009_001536,car,wheel,wheel,0.21773521602153778,0.35760682821273804,0.25441327691078186,0.14421828091144562,0.99853515625,1.0,8.881092071533203e-06
geometry_dropout,test_unseen,569,val:2009_001565:part_12,2009_001565,bird,tail,tail,0.32219570875167847,0.48736461997032166,0.5069637894630432,0.03190445154905319,0.986328125,1.0,6.556510925292969e-07
geometry_dropout,test_unseen,570,val:2009_001565:part_13,2009_001565,bird,head,head,0.7365438938140869,0.8482871055603027,0.14467252790927887,0.1335078477859497,1.0,1.0,0.95556640625
geometry_dropout,test_unseen,571,val:2009_001565:part_14,2009_001565,bird,eye,eye,0.0,0.0,0.0181818176060915,0.002454188419505954,0.95703125,1.0,3.516674041748047e-06
geometry_dropout,test_unseen,572,val:2009_001565:part_15,2009_001565,bird,beak,beak,0.0,0.0,0.0,0.01685209386050701,0.6220703125,0.99951171875,1.7881393432617188e-07
geometry_dropout,test_unseen,573,val:2009_001565:part_16,2009_001565,bird,torso,torso,0.7248472571372986,0.8404770493507385,0.10858417302370071,0.6518324613571167,1.0,1.0,0.96630859375
geometry_dropout,test_unseen,574,val:2009_001565:part_17,2009_001565,bird,neck,neck,0.2731614112854004,0.42910727858543396,0.06068601459264755,0.15608638525009155,1.0,1.0,0.96630859375
geometry_dropout,test_unseen,575,val:2009_001607:part_12,2009_001607,bird,tail,tail,0.4955752193927765,0.6627218723297119,0.30327868461608887,0.13013359904289246,0.986328125,1.0,6.556510925292969e-07
geometry_dropout,test_unseen,576,val:2009_001607:part_13,2009_001607,bird,head,head,0.0,0.0,0.0,0.04007916897535324,1.0,1.0,0.95556640625
geometry_dropout,test_unseen,577,val:2009_001607:part_14,2009_001607,bird,eye,eye,0.0,0.0,0.0,0.001484413631260395,0.95703125,1.0,3.516674041748047e-06
geometry_dropout,test_unseen,578,val:2009_001607:part_15,2009_001607,bird,beak,beak,0.0,0.0,0.0,0.009401286952197552,0.6220703125,0.99951171875,1.7881393432617188e-07
geometry_dropout,test_unseen,579,val:2009_001607:part_16,2009_001607,bird,torso,torso,0.777295708656311,0.8746948838233948,0.1160849779844284,0.5640771985054016,1.0,1.0,0.96630859375
geometry_dropout,test_unseen,580,val:2009_001607:part_17,2009_001607,bird,neck,neck,0.0,0.0,0.0,0.2300841212272644,1.0,1.0,0.96630859375
geometry_dropout,test_unseen,581,val:2009_001607:part_18,2009_001607,bird,leg,leg,0.0,0.0,0.02101576142013073,0.007916872389614582,0.9990234375,1.0,9.5367431640625e-07
geometry_dropout,test_unseen,582,val:2009_001607:part_19,2009_001607,bird,foot,foot,0.0,0.0,0.7961165308952332,0.00296882726252079,0.99462890625,1.0,2.384185791015625e-07
geometry_dropout,test_unseen,583,val:2009_001683:part_12,2009_001683,bird,tail,tail,0.34170153737068176,0.5093554854393005,0.060070671141147614,0.11835454404354095,0.986328125,1.0,6.556510925292969e-07
geometry_dropout,test_unseen,584,val:2009_001683:part_13,2009_001683,bird,head,head,0.5005428791046143,0.6671490669250488,0.26615554094314575,0.0817500427365303,1.0,1.0,0.95556640625
geometry_dropout,test_unseen,585,val:2009_001683:part_14,2009_001683,bird,eye,eye,0.0,0.0,0.0,0.004706292413175106,0.95703125,1.0,3.516674041748047e-06
geometry_dropout,test_unseen,586,val:2009_001683:part_15,2009_001683,bird,beak,beak,0.1269841343164444,0.22535210847854614,0.0,0.020916854962706566,0.6220703125,0.99951171875,1.7881393432617188e-07
geometry_dropout,test_unseen,587,val:2009_001683:part_16,2009_001683,bird,torso,torso,0.8016055226325989,0.889879047870636,0.06018269807100296,0.7204113602638245,1.0,1.0,0.96630859375
geometry_dropout,test_unseen,588,val:2009_001683:part_18,2009_001683,bird,leg,leg,0.017681729048490524,0.03474903479218483,0.04865938425064087,0.005054906941950321,0.9990234375,1.0,9.5367431640625e-07
geometry_dropout,test_unseen,589,val:2009_001683:part_19,2009_001683,bird,foot,foot,0.029197080060839653,0.05673758685588837,0.13829787075519562,0.032769739627838135,0.99462890625,1.0,2.384185791015625e-07
geometry_dropout,test_unseen,590,val:2009_001765:part_11,2009_001765,bird,wing,wing,0.2260458767414093,0.36873969435691833,0.4392419159412384,0.5789805054664612,0.98779296875,1.0,1.3649463653564453e-05
geometry_dropout,test_unseen,591,val:2009_001765:part_12,2009_001765,bird,tail,tail,0.17142857611179352,0.2926829159259796,0.43220338225364685,0.02894902415573597,0.986328125,1.0,6.556510925292969e-07
geometry_dropout,test_unseen,592,val:2009_001765:part_13,2009_001765,bird,head,head,0.23999999463558197,0.3870967626571655,0.30000001192092896,0.03020767867565155,1.0,1.0,0.95556640625
geometry_dropout,test_unseen,593,val:2009_001765:part_14,2009_001765,bird,eye,eye,0.0,0.0,0.0,0.0025173064786940813,0.95703125,1.0,3.516674041748047e-06
geometry_dropout,test_unseen,594,val:2009_001765:part_15,2009_001765,bird,beak,beak,0.0,0.0,0.0,0.016991818323731422,0.6220703125,0.99951171875,1.7881393432617188e-07
geometry_dropout,test_unseen,595,val:2009_001765:part_16,2009_001765,bird,torso,torso,0.3485148549079895,0.5168869495391846,0.0,0.26998111605644226,1.0,1.0,0.96630859375
geometry_dropout,test_unseen,596,val:2009_001765:part_17,2009_001765,bird,neck,neck,0.42038217186927795,0.591928243637085,0.023255813866853714,0.05915670096874237,1.0,1.0,0.96630859375
geometry_dropout,test_unseen,597,val:2009_001765:part_18,2009_001765,bird,leg,leg,0.0,0.0,0.21875,0.00943989958614111,0.9990234375,1.0,9.5367431640625e-07
geometry_dropout,test_unseen,598,val:2009_001768:part_99,2009_001768,sheep,tail,tail,0.0,0.0,0.22391857206821442,0.031358346343040466,0.986328125,1.0,6.556510925292969e-07
geometry_dropout,test_unseen,599,val:2009_001768:part_100,2009_001768,sheep,head,head,0.24346257746219635,0.39158812165260315,0.13698630034923553,0.021881500259041786,1.0,1.0,0.95556640625
geometry_dropout,test_unseen,600,val:2009_001768:part_102,2009_001768,sheep,torso,torso,0.2483675330877304,0.39790770411491394,0.07446182519197464,0.16988982260227203,1.0,1.0,0.96630859375
geometry_dropout,test_unseen,601,val:2009_001768:part_103,2009_001768,sheep,neck,neck,0.0,0.0,0.07567567378282547,0.02303721383213997,1.0,1.0,0.96630859375
geometry_dropout,test_unseen,602,val:2009_001768:part_105,2009_001768,sheep,ear,ear,0.23631124198436737,0.38228437304496765,0.22905027866363525,0.019261885434389114,0.0006213188171386719,0.96728515625,0.0
geometry_dropout,test_unseen,603,val:2009_001991:part_100,2009_001991,sheep,head,head,0.5721161365509033,0.7278293967247009,0.02581755630671978,0.23521539568901062,1.0,1.0,0.95556640625
geometry_dropout,test_unseen,604,val:2009_001991:part_101,2009_001991,sheep,eye,eye,0.2068965584039688,0.34285715222358704,0.0,0.002058778190985322,0.95703125,1.0,3.516674041748047e-06
geometry_dropout,test_unseen,605,val:2009_001991:part_102,2009_001991,sheep,torso,torso,0.6194655895233154,0.765024721622467,0.07870101183652878,0.49426114559173584,1.0,1.0,0.96630859375
geometry_dropout,test_unseen,606,val:2009_001991:part_103,2009_001991,sheep,neck,neck,0.23238341510295868,0.3771284520626068,0.0,0.1463276594877243,1.0,1.0,0.96630859375
geometry_dropout,test_unseen,607,val:2009_001991:part_105,2009_001991,sheep,ear,ear,0.29638853669166565,0.4572526514530182,0.1542750895023346,0.025889134034514427,0.0006213188171386719,0.96728515625,0.0
geometry_dropout,test_unseen,608,val:2009_001991:part_106,2009_001991,sheep,muzzle,muzzle,0.41498881578445435,0.5865612626075745,0.0,0.044006381183862686,0.982421875,1.0,3.4570693969726562e-06
geometry_dropout,test_unseen,609,val:2009_002012:part_60,2009_002012,dog,tail,tail,0.0,0.0,0.0,0.024643873795866966,0.986328125,1.0,6.556510925292969e-07
geometry_dropout,test_unseen,610,val:2009_002012:part_61,2009_002012,dog,head,head,0.0,0.0,0.0,0.13076923787593842,1.0,1.0,0.95556640625
geometry_dropout,test_unseen,611,val:2009_002012:part_63,2009_002012,dog,torso,torso,0.36496350169181824,0.5347593426704407,0.06288156658411026,0.5658119916915894,1.0,1.0,0.96630859375
geometry_dropout,test_unseen,612,val:2009_002012:part_65,2009_002012,dog,leg,leg,0.0,0.0,0.011904762126505375,0.012535612098872662,0.9990234375,1.0,9.5367431640625e-07
geometry_dropout,test_unseen,613,val:2009_002012:part_67,2009_002012,dog,paw,paw,0.5814696550369263,0.7353535294532776,0.2749004065990448,0.0347578339278698,0.99072265625,1.0,2.384185791015625e-07
geometry_dropout,test_unseen,614,val:2009_002012:part_68,2009_002012,dog,ear,ear,0.0,0.0,0.0,0.22578348219394684,0.0006213188171386719,0.96728515625,0.0
geometry_dropout,test_unseen,615,val:2009_002082:part_100,2009_002082,sheep,head,head,0.3258427083492279,0.49152541160583496,0.20000000298023224,0.03590786084532738,1.0,1.0,0.95556640625
geometry_dropout,test_unseen,616,val:2009_002082:part_101,2009_002082,sheep,eye,eye,0.0,0.0,0.0,0.0006775067886337638,0.95703125,1.0,3.516674041748047e-06
geometry_dropout,test_unseen,617,val:2009_002082:part_102,2009_002082,sheep,torso,torso,0.6970046162605286,0.821452796459198,0.08741522580385208,0.5484417080879211,1.0,1.0,0.96630859375
geometry_dropout,test_unseen,618,val:2009_002082:part_103,2009_002082,sheep,neck,neck,0.02238805964589119,0.043795619159936905,0.6000000238418579,0.08773712813854218,1.0,1.0,0.96630859375
geometry_dropout,test_unseen,619,val:2009_002082:part_105,2009_002082,sheep,ear,ear,0.21621622145175934,0.35555556416511536,0.6470588445663452,0.013211382552981377,0.0006213188171386719,0.96728515625,0.0
geometry_dropout,test_unseen,620,val:2009_002082:part_106,2009_002082,sheep,muzzle,muzzle,0.29133859276771545,0.45121949911117554,0.6696428656578064,0.017615176737308502,0.982421875,1.0,3.4570693969726562e-06
geometry_dropout,test_unseen,621,val:2009_002155:part_61,2009_002155,dog,head,head,0.5093920230865479,0.6749631762504578,0.14650973677635193,0.28489869832992554,1.0,1.0,0.95556640625
geometry_dropout,test_unseen,622,val:2009_002155:part_62,2009_002155,dog,eye,eye,0.24875621497631073,0.39840638637542725,0.0,0.00850777979940176,0.95703125,1.0,3.516674041748047e-06
geometry_dropout,test_unseen,623,val:2009_002155:part_63,2009_002155,dog,torso,torso,0.6694892048835754,0.8020287752151489,0.18534483015537262,0.3206089735031128,1.0,1.0,0.96630859375
geometry_dropout,test_unseen,624,val:2009_002155:part_65,2009_002155,dog,leg,leg,0.1812760829925537,0.3069157004356384,0.051230333745479584,0.11026530712842941,0.9990234375,1.0,9.5367431640625e-07
geometry_dropout,test_unseen,625,val:2009_002155:part_66,2009_002155,dog,nose,nose,0.3179190754890442,0.48245614767074585,0.0061349691823124886,0.007276390679180622,0.026153564453125,0.994140625,0.0
geometry_dropout,test_unseen,626,val:2009_002155:part_67,2009_002155,dog,paw,paw,0.28930819034576416,0.44878047704696655,0.0,0.06772641092538834,0.99072265625,1.0,2.384185791015625e-07
geometry_dropout,test_unseen,627,val:2009_002155:part_68,2009_002155,dog,ear,ear,0.0,0.0,0.0,0.10175752639770508,0.0006213188171386719,0.96728515625,0.0
geometry_dropout,test_unseen,628,val:2009_002155:part_69,2009_002155,dog,muzzle,muzzle,0.012506253086030483,0.024703556671738625,0.251660019159317,0.057987239211797714,0.982421875,1.0,3.4570693969726562e-06
geometry_dropout,test_unseen,629,val:2009_002164:part_32,2009_002164,car,wheel,wheel,0.5311004519462585,0.6937500238418579,0.043062202632427216,0.1647477149963379,0.99853515625,1.0,8.881092071533203e-06
geometry_dropout,test_unseen,630,val:2009_002164:part_33,2009_002164,car,headlight,headlight,0.0,0.0,0.0,0.012698950245976448,1.0,1.0,0.137939453125
geometry_dropout,test_unseen,631,val:2009_002164:part_34,2009_002164,car,front,front,0.46927565336227417,0.6387850642204285,0.12408223003149033,0.2634608745574951,1.0,1.0,0.8779296875
geometry_dropout,test_unseen,632,val:2009_002164:part_35,2009_002164,car,side,side,0.5199733972549438,0.6841874718666077,0.09375699609518051,0.4029800295829773,1.0,1.0,0.0604248046875
geometry_dropout,test_unseen,633,val:2009_002164:part_40,2009_002164,car,door,door,0.0,0.0,0.054054055362939835,0.11158144474029541,0.15771484375,0.998046875,0.0
geometry_dropout,test_unseen,634,val:2009_002164:part_41,2009_002164,car,window,window,0.09077155590057373,0.16643550992012024,0.480701744556427,0.025567220523953438,1.0,1.0,0.327880859375
geometry_dropout,test_unseen,635,val:2009_002239:part_35,2009_002239,car,side,side,0.0,0.0,0.0,0.054448872804641724,1.0,1.0,0.0604248046875
geometry_dropout,test_unseen,636,val:2009_002239:part_36,2009_002239,car,back,back,0.0,0.0,1.0,0.9296149015426636,1.0,1.0,0.90283203125
geometry_dropout,test_unseen,637,val:2009_002317:part_79,2009_002317,motorbike,wheel,wheel,0.4051186144351959,0.5766326189041138,0.19392597675323486,0.2629411816596985,0.99853515625,1.0,8.881092071533203e-06
geometry_dropout,test_unseen,638,val:2009_002346:part_61,2009_002346,dog,head,head,0.0,0.0,0.0,0.21265378594398499,1.0,1.0,0.95556640625
geometry_dropout,test_unseen,639,val:2009_002346:part_63,2009_002346,dog,torso,torso,0.0,0.0,1.0,0.5413005352020264,1.0,1.0,0.96630859375
geometry_dropout,test_unseen,640,val:2009_002346:part_64,2009_002346,dog,neck,neck,0.0,0.0,0.0,0.08260105550289154,1.0,1.0,0.96630859375
geometry_dropout,test_unseen,641,val:2009_002346:part_67,2009_002346,dog,paw,paw,0.0,0.0,0.9214559197425842,0.0667838305234909,0.99072265625,1.0,2.384185791015625e-07
geometry_dropout,test_unseen,642,val:2009_002346:part_68,2009_002346,dog,ear,ear,0.0,0.0,1.0,0.09314586967229843,0.0006213188171386719,0.96728515625,0.0
geometry_dropout,test_unseen,643,val:2009_002382:part_79,2009_002382,motorbike,wheel,wheel,0.5414012670516968,0.702479362487793,0.15462902188301086,0.37023669481277466,0.99853515625,1.0,8.881092071533203e-06
geometry_dropout,test_unseen,644,val:2009_002382:part_82,2009_002382,motorbike,headlight,headlight,0.0,0.0,1.0,0.03555885702371597,1.0,1.0,0.137939453125
geometry_dropout,test_unseen,645,val:2009_002445:part_61,2009_002445,dog,head,head,0.3089725077152252,0.47208401560783386,0.14718614518642426,0.36399218440055847,1.0,1.0,0.95556640625
geometry_dropout,test_unseen,646,val:2009_002445:part_62,2009_002445,dog,eye,eye,0.0,0.0,0.0,0.0022831049282103777,0.95703125,1.0,3.516674041748047e-06
geometry_dropout,test_unseen,647,val:2009_002445:part_63,2009_002445,dog,torso,torso,0.40930476784706116,0.5808605551719666,0.04308510571718216,0.2661448121070862,1.0,1.0,0.96630859375
geometry_dropout,test_unseen,648,val:2009_002445:part_65,2009_002445,dog,leg,leg,0.3712465763092041,0.5414731502532959,0.29978814721107483,0.18362687528133392,0.9990234375,1.0,9.5367431640625e-07
geometry_dropout,test_unseen,649,val:2009_002445:part_66,2009_002445,dog,nose,nose,0.0,0.0,0.0,0.003587736515328288,0.026153564453125,0.994140625,0.0
geometry_dropout,test_unseen,650,val:2009_002445:part_67,2009_002445,dog,paw,paw,0.21641790866851807,0.3558282256126404,0.5972222089767456,0.029680365696549416,0.99072265625,1.0,2.384185791015625e-07
geometry_dropout,test_unseen,651,val:2009_002445:part_68,2009_002445,dog,ear,ear,0.0,0.0,1.0,0.024135680869221687,0.0006213188171386719,0.96728515625,0.0
geometry_dropout,test_unseen,652,val:2009_002445:part_69,2009_002445,dog,muzzle,muzzle,0.29139071702957153,0.4512820541858673,0.0,0.028701892122626305,0.982421875,1.0,3.4570693969726562e-06
geometry_dropout,test_unseen,653,val:2009_002539:part_60,2009_002539,dog,tail,tail,0.43178409337997437,0.6031413674354553,0.3929121792316437,0.06580644845962524,0.986328125,1.0,6.556510925292969e-07
geometry_dropout,test_unseen,654,val:2009_002539:part_61,2009_002539,dog,head,head,0.6548821330070496,0.7914547324180603,0.015118790790438652,0.11182795464992523,1.0,1.0,0.95556640625
geometry_dropout,test_unseen,655,val:2009_002539:part_63,2009_002539,dog,torso,torso,0.7727787494659424,0.8718276023864746,0.040986042469739914,0.6232258081436157,1.0,1.0,0.96630859375
geometry_dropout,test_unseen,656,val:2009_002539:part_65,2009_002539,dog,leg,leg,0.38486140966415405,0.5558121800422668,0.17374517023563385,0.16795699298381805,0.9990234375,1.0,9.5367431640625e-07
geometry_dropout,test_unseen,657,val:2009_002539:part_66,2009_002539,dog,nose,nose,0.0,0.0,0.0,0.0006451613153330982,0.026153564453125,0.994140625,0.0
geometry_dropout,test_unseen,658,val:2009_002539:part_69,2009_002539,dog,muzzle,muzzle,0.14374999701976776,0.25136610865592957,0.0,0.022150536999106407,0.982421875,1.0,3.4570693969726562e-06
geometry_dropout,test_unseen,659,val:2009_002604:part_11,2009_002604,bird,wing,wing,0.31442078948020935,0.4784172773361206,0.5834348201751709,0.6783216595649719,0.98779296875,1.0,1.3649463653564453e-05
geometry_dropout,test_unseen,660,val:2009_002604:part_12,2009_002604,bird,tail,tail,0.0972222238779068,0.17721518874168396,0.8611111044883728,0.016317015513777733,0.986328125,1.0,6.556510925292969e-07
geometry_dropout,test_unseen,661,val:2009_002604:part_13,2009_002604,bird,head,head,0.0,0.0,1.0,0.04895104840397835,1.0,1.0,0.95556640625
geometry_dropout,test_unseen,662,val:2009_002604:part_14,2009_002604,bird,eye,eye,0.0,0.0,0.0,0.0023310023825615644,0.95703125,1.0,3.516674041748047e-06
geometry_dropout,test_unseen,663,val:2009_002604:part_15,2009_002604,bird,beak,beak,0.0,0.0,0.0,0.0023310023825615644,0.6220703125,0.99951171875,1.7881393432617188e-07
geometry_dropout,test_unseen,664,val:2009_002604:part_16,2009_002604,bird,torso,torso,0.15584415197372437,0.26966291666030884,0.6571428775787354,0.251748263835907,1.0,1.0,0.96630859375
geometry_dropout,test_unseen,665,val:2009_002618:part_32,2009_002618,car,wheel,wheel,0.565047025680542,0.7220831513404846,0.046811945736408234,0.13015109300613403,0.99853515625,1.0,8.881092071533203e-06
geometry_dropout,test_unseen,666,val:2009_002618:part_34,2009_002618,car,front,front,0.0,0.0,0.08133970946073532,0.020432692021131516,1.0,1.0,0.8779296875
geometry_dropout,test_unseen,667,val:2009_002618:part_35,2009_002618,car,side,side,0.2837139666080475,0.4420205056667328,0.04651550576090813,0.2924107015132904,1.0,1.0,0.0604248046875
geometry_dropout,test_unseen,668,val:2009_002618:part_38,2009_002618,car,mirror,mirror,0.0,0.0,0.0,0.04069368168711662,0.84912109375,1.0,4.231929779052734e-06
geometry_dropout,test_unseen,669,val:2009_002618:part_40,2009_002618,car,door,door,0.16057971119880676,0.2767232656478882,0.09216590225696564,0.5012019276618958,0.15771484375,0.998046875,0.0
geometry_dropout,test_unseen,670,val:2009_002990:part_32,2009_002990,car,wheel,wheel,0.3333333432674408,0.5,0.0,0.08710701018571854,0.99853515625,1.0,8.881092071533203e-06
geometry_dropout,test_unseen,671,val:2009_002990:part_33,2009_002990,car,headlight,headlight,0.0,0.0,0.0,0.015383136458694935,1.0,1.0,0.137939453125
geometry_dropout,test_unseen,672,val:2009_002990:part_34,2009_002990,car,front,front,0.6164840459823608,0.7627468109130859,0.0,0.18142485618591309,1.0,1.0,0.8779296875
geometry_dropout,test_unseen,673,val:2009_002990:part_35,2009_002990,car,side,side,0.31386861205101013,0.47777777910232544,0.06354143470525742,0.27670416235923767,1.0,1.0,0.0604248046875
geometry_dropout,test_unseen,674,val:2009_002990:part_37,2009_002990,car,roof,roof,0.1587821990251541,0.27405011653900146,0.0888667032122612,0.04528410732746124,1.0,1.0,0.99267578125
geometry_dropout,test_unseen,675,val:2009_002990:part_38,2009_002990,car,mirror,mirror,0.0,0.0,0.0,0.0030766271520406008,0.84912109375,1.0,4.231929779052734e-06
geometry_dropout,test_unseen,676,val:2009_002990:part_40,2009_002990,car,door,door,0.007549361325800419,0.014985591173171997,0.0,0.15498510003089905,0.15771484375,0.998046875,0.0
geometry_dropout,test_unseen,677,val:2009_002990:part_41,2009_002990,car,window,window,0.4493243098258972,0.6200466156005859,0.0,0.21276800334453583,1.0,1.0,0.327880859375
geometry_dropout,test_unseen,678,val:2009_003063:part_60,2009_003063,dog,tail,tail,0.5043478012084961,0.6705202460289001,0.008695651777088642,0.10399424284696579,0.986328125,1.0,6.556510925292969e-07
geometry_dropout,test_unseen,679,val:2009_003063:part_61,2009_003063,dog,head,head,0.3512396812438965,0.5198776721954346,0.26543208956718445,0.059373874217271805,1.0,1.0,0.95556640625
geometry_dropout,test_unseen,680,val:2009_003063:part_62,2009_003063,dog,eye,eye,0.0,0.0,0.0,0.00035984168061986566,0.95703125,1.0,3.516674041748047e-06
geometry_dropout,test_unseen,681,val:2009_003063:part_63,2009_003063,dog,torso,torso,0.5323246121406555,0.6947935223579407,0.13407304883003235,0.42425331473350525,1.0,1.0,0.96630859375
geometry_dropout,test_unseen,682,val:2009_003063:part_64,2009_003063,dog,neck,neck,0.42553192377090454,0.5970149040222168,0.0,0.05649514123797417,1.0,1.0,0.96630859375
geometry_dropout,test_unseen,683,val:2009_003063:part_65,2009_003063,dog,leg,leg,0.39423078298568726,0.565517246723175,0.35082605481147766,0.15149334073066711,0.9990234375,1.0,9.5367431640625e-07
geometry_dropout,test_unseen,684,val:2009_003063:part_66,2009_003063,dog,nose,nose,0.0,0.0,0.0,0.001079524983651936,0.026153564453125,0.994140625,0.0
geometry_dropout,test_unseen,685,val:2009_003063:part_68,2009_003063,dog,ear,ear,0.0,0.0,1.0,0.015113350003957748,0.0006213188171386719,0.96728515625,0.0
geometry_dropout,test_unseen,686,val:2009_003063:part_69,2009_003063,dog,muzzle,muzzle,0.23529411852359772,0.380952388048172,0.03333333507180214,0.02374955080449581,0.982421875,1.0,3.4570693969726562e-06
geometry_dropout,test_unseen,687,val:2009_003196:part_79,2009_003196,motorbike,wheel,wheel,0.35807859897613525,0.5273311734199524,0.18634146451950073,0.14759120345115662,0.99853515625,1.0,8.881092071533203e-06
geometry_dropout,test_unseen,688,val:2009_003217:part_60,2009_003217,dog,tail,tail,0.4545454680919647,0.625,0.4829123318195343,0.041677553206682205,0.986328125,1.0,6.556510925292969e-07
geometry_dropout,test_unseen,689,val:2009_003217:part_61,2009_003217,dog,head,head,0.3063241243362427,0.4689863920211792,0.11427602916955948,0.13287170231342316,1.0,1.0,0.95556640625
geometry_dropout,test_unseen,690,val:2009_003217:part_62,2009_003217,dog,eye,eye,0.017543859779834747,0.03448275849223137,0.0,0.004572772420942783,0.95703125,1.0,3.516674041748047e-06
geometry_dropout,test_unseen,691,val:2009_003217:part_63,2009_003217,dog,torso,torso,0.7427152991294861,0.8523656129837036,0.069454126060009,0.4924222528934479,1.0,1.0,0.96630859375
geometry_dropout,test_unseen,692,val:2009_003217:part_65,2009_003217,dog,leg,leg,0.30539610981941223,0.4678979814052582,0.20540851354599,0.07002874463796616,0.9990234375,1.0,9.5367431640625e-07
geometry_dropout,test_unseen,693,val:2009_003217:part_66,2009_003217,dog,nose,nose,0.19512194395065308,0.3265306055545807,0.0,0.01071335282176733,0.026153564453125,0.994140625,0.0
geometry_dropout,test_unseen,694,val:2009_003217:part_67,2009_003217,dog,paw,paw,0.5545851588249207,0.7134831547737122,0.2956989109516144,0.022210609167814255,0.99072265625,1.0,2.384185791015625e-07
geometry_dropout,test_unseen,695,val:2009_003217:part_68,2009_003217,dog,ear,ear,0.48140043020248413,0.6499261260032654,0.3641618490219116,0.043245360255241394,0.0006213188171386719,0.96728515625,0.0
geometry_dropout,test_unseen,696,val:2009_003217:part_69,2009_003217,dog,muzzle,muzzle,0.544476330280304,0.7050626873970032,0.0,0.17402665317058563,0.982421875,1.0,3.4570693969726562e-06
geometry_dropout,test_unseen,697,val:2009_003241:part_61,2009_003241,dog,head,head,0.5466520190238953,0.7068843245506287,0.029426030814647675,0.2512981593608856,1.0,1.0,0.95556640625
geometry_dropout,test_unseen,698,val:2009_003241:part_62,2009_003241,dog,eye,eye,0.0,0.0,0.0,0.004919376689940691,0.95703125,1.0,3.516674041748047e-06
geometry_dropout,test_unseen,699,val:2009_003241:part_63,2009_003241,dog,torso,torso,0.4892980456352234,0.6570854783058167,0.15191484987735748,0.2937277853488922,1.0,1.0,0.96630859375
geometry_dropout,test_unseen,700,val:2009_003241:part_65,2009_003241,dog,leg,leg,0.3601873517036438,0.5296143293380737,0.04281345382332802,0.1313883513212204,0.9990234375,1.0,9.5367431640625e-07
geometry_dropout,test_unseen,701,val:2009_003241:part_66,2009_003241,dog,nose,nose,0.10833333432674408,0.19548872113227844,0.0,0.0058759222738444805,0.026153564453125,0.994140625,0.0
geometry_dropout,test_unseen,702,val:2009_003241:part_68,2009_003241,dog,ear,ear,0.029297716915607452,0.05692758411169052,0.0,0.15858158469200134,0.0006213188171386719,0.96728515625,0.0
geometry_dropout,test_unseen,703,val:2009_003241:part_69,2009_003241,dog,muzzle,muzzle,0.5080052018165588,0.6737446188926697,0.032868076115846634,0.08636239171028137,0.982421875,1.0,3.4570693969726562e-06
geometry_dropout,test_unseen,704,val:2009_003273:part_13,2009_003273,bird,head,head,0.44520795345306396,0.6161161065101624,0.2310570627450943,0.12351259589195251,1.0,1.0,0.95556640625
geometry_dropout,test_unseen,705,val:2009_003273:part_14,2009_003273,bird,eye,eye,0.24873095750808716,0.3983739912509918,0.18965516984462738,0.004786279518157244,0.95703125,1.0,3.516674041748047e-06
geometry_dropout,test_unseen,706,val:2009_003273:part_15,2009_003273,bird,beak,beak,0.3779527544975281,0.5485714077949524,0.028301887214183807,0.0045868512243032455,0.6220703125,0.99951171875,1.7881393432617188e-07
geometry_dropout,test_unseen,707,val:2009_003273:part_16,2009_003273,bird,torso,torso,0.6930016279220581,0.8186662197113037,0.12549328804016113,0.8388619422912598,1.0,1.0,0.96630859375
geometry_dropout,test_unseen,708,val:2009_003378:part_11,2009_003378,bird,wing,wing,0.04993757978081703,0.09512484818696976,0.23825666308403015,0.06848086416721344,0.98779296875,1.0,1.3649463653564453e-05
geometry_dropout,test_unseen,709,val:2009_003378:part_12,2009_003378,bird,tail,tail,0.4335443079471588,0.6048564910888672,0.06666667014360428,0.12470095604658127,0.986328125,1.0,6.556510925292969e-07
geometry_dropout,test_unseen,710,val:2009_003378:part_13,2009_003378,bird,head,head,0.5589887499809265,0.7171171307563782,0.23645320534706116,0.07491029053926468,1.0,1.0,0.95556640625
geometry_dropout,test_unseen,711,val:2009_003378:part_14,2009_003378,bird,eye,eye,0.0,0.0,0.0,0.0025418659206479788,0.95703125,1.0,3.516674041748047e-06
geometry_dropout,test_unseen,712,val:2009_003378:part_15,2009_003378,bird,beak,beak,0.011363636702299118,0.02247191034257412,0.0,0.012858851812779903,0.6220703125,0.99951171875,1.7881393432617188e-07
geometry_dropout,test_unseen,713,val:2009_003378:part_16,2009_003378,bird,torso,torso,0.5609118342399597,0.7186976671218872,0.2732051908969879,0.6972188949584961,1.0,1.0,0.96630859375
geometry_dropout,test_unseen,714,val:2009_003378:part_18,2009_003378,bird,leg,leg,0.0074605452828109264,0.014810595661401749,0.20503181219100952,0.007924641482532024,0.9990234375,1.0,9.5367431640625e-07
geometry_dropout,test_unseen,715,val:2009_003387:part_32,2009_003387,car,wheel,wheel,0.6510516405105591,0.7886508107185364,0.011552346870303154,0.13138176500797272,0.99853515625,1.0,8.881092071533203e-06
geometry_dropout,test_unseen,716,val:2009_003387:part_34,2009_003387,car,front,front,0.0,0.0,0.040449436753988266,0.022225044667720795,1.0,1.0,0.8779296875
geometry_dropout,test_unseen,717,val:2009_003387:part_35,2009_003387,car,side,side,0.8145434260368347,0.8977943658828735,0.06054757162928581,0.7469519972801208,1.0,1.0,0.0604248046875
geometry_dropout,test_unseen,718,val:2009_003406:part_32,2009_003406,car,wheel,wheel,0.7448071241378784,0.853741466999054,0.1126418188214302,0.12591508030891418,0.99853515625,1.0,8.881092071533203e-06
geometry_dropout,test_unseen,719,val:2009_003406:part_35,2009_003406,car,side,side,0.34928327798843384,0.5177316069602966,0.11046691983938217,0.385741651058197,1.0,1.0,0.0604248046875
geometry_dropout,test_unseen,720,val:2009_003406:part_36,2009_003406,car,back,back,0.2010178118944168,0.33474576473236084,0.18110236525535583,0.0307467058300972,1.0,1.0,0.90283203125
geometry_dropout,test_unseen,721,val:2009_003406:part_38,2009_003406,car,mirror,mirror,0.0,0.0,0.0,0.004054510500282049,0.84912109375,1.0,4.231929779052734e-06
geometry_dropout,test_unseen,722,val:2009_003406:part_40,2009_003406,car,door,door,0.0398230105638504,0.0765957459807396,0.0,0.25261855125427246,0.15771484375,0.998046875,0.0
geometry_dropout,test_unseen,723,val:2009_003406:part_41,2009_003406,car,window,window,0.5963777303695679,0.747163712978363,0.022956840693950653,0.17164094746112823,1.0,1.0,0.327880859375
geometry_dropout,test_unseen,724,val:2009_003450:part_11,2009_003450,bird,wing,wing,0.047598253935575485,0.09087119996547699,0.6187845468521118,0.3537072539329529,0.98779296875,1.0,1.3649463653564453e-05
geometry_dropout,test_unseen,725,val:2009_003450:part_13,2009_003450,bird,head,head,0.5156794190406799,0.6804597973823547,0.1865079402923584,0.09532905369997025,1.0,1.0,0.95556640625
geometry_dropout,test_unseen,726,val:2009_003450:part_14,2009_003450,bird,eye,eye,0.17307692766189575,0.2950819730758667,0.0,0.003820107551291585,0.95703125,1.0,3.516674041748047e-06
geometry_dropout,test_unseen,727,val:2009_003450:part_15,2009_003450,bird,beak,beak,0.0,0.0,0.0,0.0074665741994977,0.6220703125,0.99951171875,1.7881393432617188e-07
geometry_dropout,test_unseen,728,val:2009_003450:part_16,2009_003450,bird,torso,torso,0.5141663551330566,0.6791411638259888,0.09616115689277649,0.5339468717575073,1.0,1.0,0.96630859375
geometry_dropout,test_unseen,729,val:2009_003466:part_60,2009_003466,dog,tail,tail,0.541015625,0.7021546363830566,0.1463414579629898,0.030646992847323418,0.986328125,1.0,6.556510925292969e-07
geometry_dropout,test_unseen,730,val:2009_003466:part_61,2009_003466,dog,head,head,0.056925997138023376,0.10771992802619934,0.0200803205370903,0.08925807476043701,1.0,1.0,0.95556640625
geometry_dropout,test_unseen,731,val:2009_003466:part_62,2009_003466,dog,eye,eye,0.13725490868091583,0.24137930572032928,0.0,0.004643483553081751,0.95703125,1.0,3.516674041748047e-06
geometry_dropout,test_unseen,732,val:2009_003466:part_63,2009_003466,dog,torso,torso,0.0004516711924225092,0.0009029345237649977,0.0,0.45691877603530884,1.0,1.0,0.96630859375
geometry_dropout,test_unseen,733,val:2009_003466:part_64,2009_003466,dog,neck,neck,0.04439252242445946,0.08501118421554565,0.0,0.044164687395095825,1.0,1.0,0.96630859375
geometry_dropout,test_unseen,734,val:2009_003466:part_65,2009_003466,dog,leg,leg,0.0,0.0,0.0,0.05107831954956055,0.9990234375,1.0,9.5367431640625e-07
geometry_dropout,test_unseen,735,val:2009_003466:part_66,2009_003466,dog,nose,nose,0.2702702581882477,0.42553192377090454,0.0,0.006397688761353493,0.026153564453125,0.994140625,0.0
geometry_dropout,test_unseen,736,val:2009_003466:part_67,2009_003466,dog,paw,paw,0.024861877784132957,0.04851752147078514,0.0,0.0373542457818985,0.99072265625,1.0,2.384185791015625e-07
geometry_dropout,test_unseen,737,val:2009_003466:part_68,2009_003466,dog,ear,ear,0.0,0.0,0.0,0.11257868260145187,0.0006213188171386719,0.96728515625,0.0
geometry_dropout,test_unseen,738,val:2009_003466:part_69,2009_003466,dog,muzzle,muzzle,0.23736780881881714,0.38366571068763733,0.09399478137493134,0.06913631409406662,0.982421875,1.0,3.4570693969726562e-06
geometry_dropout,test_unseen,739,val:2009_003498:part_11,2009_003498,bird,wing,wing,0.08476518094539642,0.15628300607204437,0.2882205545902252,0.16299821436405182,0.98779296875,1.0,1.3649463653564453e-05
geometry_dropout,test_unseen,740,val:2009_003498:part_12,2009_003498,bird,tail,tail,0.631436288356781,0.7740863561630249,0.1824561357498169,0.09428911656141281,0.986328125,1.0,6.556510925292969e-07
geometry_dropout,test_unseen,741,val:2009_003498:part_13,2009_003498,bird,head,head,0.6299810409545898,0.7729918360710144,0.1599999964237213,0.10678167641162872,1.0,1.0,0.95556640625
geometry_dropout,test_unseen,742,val:2009_003498:part_14,2009_003498,bird,eye,eye,0.07246376574039459,0.13513512909412384,0.12121212482452393,0.012195121496915817,0.95703125,1.0,3.516674041748047e-06
geometry_dropout,test_unseen,743,val:2009_003498:part_15,2009_003498,bird,beak,beak,0.0,0.0,0.0,0.009220701642334461,0.6220703125,0.99951171875,1.7881393432617188e-07
geometry_dropout,test_unseen,744,val:2009_003498:part_16,2009_003498,bird,torso,torso,0.4889807105064392,0.6567992568016052,0.17519181966781616,0.5883402824401855,1.0,1.0,0.96630859375
geometry_dropout,test_unseen,745,val:2009_003498:part_18,2009_003498,bird,leg,leg,0.06471816450357437,0.12156862765550613,0.26722338795661926,0.009220701642334461,0.9990234375,1.0,9.5367431640625e-07
geometry_dropout,test_unseen,746,val:2009_003498:part_19,2009_003498,bird,foot,foot,0.0,0.0,0.0,0.01635931059718132,0.99462890625,1.0,2.384185791015625e-07
geometry_dropout,test_unseen,747,val:2009_003549:part_32,2009_003549,car,wheel,wheel,0.5790441036224365,0.7334109544754028,0.088096484541893,0.13601993024349213,0.99853515625,1.0,8.881092071533203e-06
geometry_dropout,test_unseen,748,val:2009_003549:part_33,2009_003549,car,headlight,headlight,0.0,0.0,0.0,0.01966017298400402,1.0,1.0,0.137939453125
geometry_dropout,test_unseen,749,val:2009_003549:part_34,2009_003549,car,front,front,0.8207195997238159,0.9015332460403442,0.046677038073539734,0.3830620050430298,1.0,1.0,0.8779296875
geometry_dropout,test_unseen,750,val:2009_003549:part_35,2009_003549,car,side,side,0.22150342166423798,0.36267343163490295,0.08735602349042892,0.15247753262519836,1.0,1.0,0.0604248046875
geometry_dropout,test_unseen,751,val:2009_003549:part_38,2009_003549,car,mirror,mirror,0.0,0.0,0.0,0.0028467217925935984,0.84912109375,1.0,4.231929779052734e-06
geometry_dropout,test_unseen,752,val:2009_003549:part_40,2009_003549,car,door,door,0.0,0.0,0.12107623368501663,0.1852148324251175,0.15771484375,0.998046875,0.0
geometry_dropout,test_unseen,753,val:2009_003549:part_41,2009_003549,car,window,window,0.47946009039878845,0.6481555104255676,0.016894610598683357,0.11369094997644424,1.0,1.0,0.327880859375
geometry_dropout,test_unseen,754,val:2009_003576:part_79,2009_003576,motorbike,wheel,wheel,0.420560747385025,0.5921052694320679,0.3438572287559509,0.474204957485199,0.99853515625,1.0,8.881092071533203e-06
geometry_dropout,test_unseen,755,val:2009_003576:part_82,2009_003576,motorbike,headlight,headlight,0.0,0.0,0.0,0.11095406115055084,1.0,1.0,0.137939453125
geometry_dropout,test_unseen,756,val:2009_003589:part_32,2009_003589,car,wheel,wheel,0.686059296131134,0.8138020634651184,0.046749453991651535,0.1357080191373825,0.99853515625,1.0,8.881092071533203e-06
geometry_dropout,test_unseen,757,val:2009_003589:part_33,2009_003589,car,headlight,headlight,0.0,0.0,0.0,0.037214118987321854,1.0,1.0,0.137939453125
geometry_dropout,test_unseen,758,val:2009_003589:part_34,2009_003589,car,front,front,0.5431192517280579,0.7039238810539246,0.008148147724568844,0.25396445393562317,1.0,1.0,0.8779296875
geometry_dropout,test_unseen,759,val:2009_003589:part_35,2009_003589,car,side,side,0.35422083735466003,0.5231359601020813,0.05600998178124428,0.21396127343177795,1.0,1.0,0.0604248046875
geometry_dropout,test_unseen,760,val:2009_003589:part_38,2009_003589,car,mirror,mirror,0.0,0.0,0.0,0.004064068663865328,0.84912109375,1.0,4.231929779052734e-06
geometry_dropout,test_unseen,761,val:2009_003589:part_40,2009_003589,car,door,door,0.007500987034291029,0.014890282414853573,0.013513513840734959,0.17387840151786804,0.15771484375,0.998046875,0.0
geometry_dropout,test_unseen,762,val:2009_003589:part_41,2009_003589,car,window,window,0.41882622241973877,0.5903841257095337,0.06104129180312157,0.1635190099477768,1.0,1.0,0.327880859375
geometry_dropout,test_unseen,763,val:2009_003640:part_12,2009_003640,bird,tail,tail,0.0,0.0,0.0,0.15426339209079742,0.986328125,1.0,6.556510925292969e-07
geometry_dropout,test_unseen,764,val:2009_003640:part_13,2009_003640,bird,head,head,0.4843304753303528,0.6525911688804626,0.19796214997768402,0.19006292521953583,1.0,1.0,0.95556640625
geometry_dropout,test_unseen,765,val:2009_003640:part_14,2009_003640,bird,eye,eye,0.0,0.0,0.0,0.00672597112134099,0.95703125,1.0,3.516674041748047e-06
geometry_dropout,test_unseen,766,val:2009_003640:part_15,2009_003640,bird,beak,beak,0.0,0.0,0.0,0.021479712799191475,0.6220703125,0.99951171875,1.7881393432617188e-07
geometry_dropout,test_unseen,767,val:2009_003640:part_16,2009_003640,bird,torso,torso,0.4661998450756073,0.6359294652938843,0.18897029757499695,0.6185723543167114,1.0,1.0,0.96630859375
geometry_dropout,test_unseen,768,val:2009_003666:part_100,2009_003666,sheep,head,head,0.17278286814689636,0.2946544885635376,0.0830564796924591,0.021961933001875877,1.0,1.0,0.95556640625
geometry_dropout,test_unseen,769,val:2009_003666:part_101,2009_003666,sheep,eye,eye,0.0,0.0,0.0,0.0009317183285020292,0.95703125,1.0,3.516674041748047e-06
geometry_dropout,test_unseen,770,val:2009_003666:part_102,2009_003666,sheep,torso,torso,0.18645870685577393,0.31431132555007935,0.12312633544206619,0.14508186280727386,1.0,1.0,0.96630859375
geometry_dropout,test_unseen,771,val:2009_003666:part_103,2009_003666,sheep,neck,neck,0.009765625,0.01934235915541649,0.023622047156095505,0.018101956695318222,1.0,1.0,0.96630859375
geometry_dropout,test_unseen,772,val:2009_003666:part_105,2009_003666,sheep,ear,ear,0.0,0.0,0.4540901482105255,0.004126181360334158,0.0006213188171386719,0.96728515625,0.0
geometry_dropout,test_unseen,773,val:2009_003666:part_106,2009_003666,sheep,muzzle,muzzle,0.0,0.0,0.01315789483487606,0.010382004082202911,0.982421875,1.0,3.4570693969726562e-06
geometry_dropout,test_unseen,774,val:2009_003666:part_107,2009_003666,sheep,horn,horn,0.02916666679084301,0.056680161505937576,0.4277198314666748,0.009317183867096901,0.0299224853515625,0.9990234375,0.0
geometry_dropout,test_unseen,775,val:2009_003756:part_61,2009_003756,dog,head,head,0.43563684821128845,0.6068900227546692,0.07036522775888443,0.44832757115364075,1.0,1.0,0.95556640625
geometry_dropout,test_unseen,776,val:2009_003756:part_62,2009_003756,dog,eye,eye,0.47191011905670166,0.6412213444709778,0.0,0.017148073762655258,0.95703125,1.0,3.516674041748047e-06
geometry_dropout,test_unseen,777,val:2009_003756:part_63,2009_003756,dog,torso,torso,0.6756433248519897,0.8064285516738892,0.10820895433425903,0.07772054523229599,1.0,1.0,0.96630859375
geometry_dropout,test_unseen,778,val:2009_003756:part_66,2009_003756,dog,nose,nose,0.0,0.0,0.0,0.015192019753158092,0.026153564453125,0.994140625,0.0
geometry_dropout,test_unseen,779,val:2009_003756:part_69,2009_003756,dog,muzzle,muzzle,0.5603696703910828,0.718252420425415,0.0712273046374321,0.4311794936656952,0.982421875,1.0,3.4570693969726562e-06
geometry_dropout,test_unseen,780,val:2009_003810:part_60,2009_003810,dog,tail,tail,0.0,0.0,0.0,0.035996343940496445,0.986328125,1.0,6.556510925292969e-07
geometry_dropout,test_unseen,781,val:2009_003810:part_61,2009_003810,dog,head,head,0.0,0.0,1.0,0.02893008477985859,1.0,1.0,0.95556640625
geometry_dropout,test_unseen,782,val:2009_003810:part_63,2009_003810,dog,torso,torso,0.5526593327522278,0.7118874192237854,0.060714997351169586,0.44043561816215515,1.0,1.0,0.96630859375
geometry_dropout,test_unseen,783,val:2009_003810:part_64,2009_003810,dog,neck,neck,0.0,0.0,0.0,0.06268185377120972,1.0,1.0,0.96630859375
geometry_dropout,test_unseen,784,val:2009_003810:part_65,2009_003810,dog,leg,leg,0.2682110667228699,0.42297545075416565,0.09137413650751114,0.28622496128082275,0.9990234375,1.0,9.5367431640625e-07
geometry_dropout,test_unseen,785,val:2009_003810:part_67,2009_003810,dog,paw,paw,0.4345269799232483,0.6058121919631958,0.07726409286260605,0.09186133742332458,0.99072265625,1.0,2.384185791015625e-07
geometry_dropout,test_unseen,786,val:2009_003810:part_69,2009_003810,dog,muzzle,muzzle,0.0,0.0,0.477477490901947,0.04090115427970886,0.982421875,1.0,3.4570693969726562e-06
geometry_dropout,test_unseen,787,val:2009_003858:part_11,2009_003858,bird,wing,wing,0.2926829159259796,0.4528301954269409,0.1689750701189041,0.07991360872983932,0.98779296875,1.0,1.3649463653564453e-05
geometry_dropout,test_unseen,788,val:2009_003858:part_12,2009_003858,bird,tail,tail,0.3368055522441864,0.5038961172103882,0.5574913024902344,0.03527717664837837,0.986328125,1.0,6.556510925292969e-07
geometry_dropout,test_unseen,789,val:2009_003858:part_13,2009_003858,bird,head,head,0.53125,0.6938775777816772,0.1304347813129425,0.2152627855539322,1.0,1.0,0.95556640625
geometry_dropout,test_unseen,790,val:2009_003858:part_14,2009_003858,bird,eye,eye,0.0,0.0,0.0,0.004679625853896141,0.95703125,1.0,3.516674041748047e-06
geometry_dropout,test_unseen,791,val:2009_003858:part_15,2009_003858,bird,beak,beak,0.0,0.0,0.0,0.0025197984650731087,0.6220703125,0.99951171875,1.7881393432617188e-07
geometry_dropout,test_unseen,792,val:2009_003858:part_16,2009_003858,bird,torso,torso,0.6445138454437256,0.7838351130485535,0.07182883471250534,0.620590329170227,1.0,1.0,0.96630859375
geometry_dropout,test_unseen,793,val:2009_003858:part_18,2009_003858,bird,leg,leg,0.038327526301145554,0.07382550090551376,0.02063789777457714,0.022678185254335403,0.9990234375,1.0,9.5367431640625e-07
geometry_dropout,test_unseen,794,val:2009_003858:part_19,2009_003858,bird,foot,foot,0.0,0.0,0.0,0.010079193860292435,0.99462890625,1.0,2.384185791015625e-07
geometry_dropout,test_unseen,795,val:2009_003928:part_61,2009_003928,dog,head,head,0.24348649382591248,0.3916190564632416,0.053049083799123764,0.1288408488035202,1.0,1.0,0.95556640625
geometry_dropout,test_unseen,796,val:2009_003928:part_62,2009_003928,dog,eye,eye,0.2222222238779068,0.3636363744735718,0.0,0.006145369727164507,0.95703125,1.0,3.516674041748047e-06
geometry_dropout,test_unseen,797,val:2009_003928:part_63,2009_003928,dog,torso,torso,0.07616975158452988,0.14155712723731995,0.041152264922857285,0.1065903827548027,1.0,1.0,0.96630859375
geometry_dropout,test_unseen,798,val:2009_003928:part_64,2009_003928,dog,neck,neck,0.21276596188545227,0.35087719559669495,0.0,0.04089849442243576,1.0,1.0,0.96630859375
geometry_dropout,test_unseen,799,val:2009_003928:part_65,2009_003928,dog,leg,leg,0.2803203761577606,0.4378909766674042,0.0883435606956482,0.0644204244017601,0.9990234375,1.0,9.5367431640625e-07
geometry_dropout,test_unseen,800,val:2009_003928:part_66,2009_003928,dog,nose,nose,0.0,0.0,0.0,0.019495656713843346,0.026153564453125,0.994140625,0.0
geometry_dropout,test_unseen,801,val:2009_003928:part_67,2009_003928,dog,paw,paw,0.42117929458618164,0.5927180647850037,0.24263674020767212,0.09917355328798294,0.99072265625,1.0,2.384185791015625e-07
geometry_dropout,test_unseen,802,val:2009_003928:part_68,2009_003928,dog,ear,ear,0.0,0.0,0.1330472081899643,0.02776011824607849,0.0006213188171386719,0.96728515625,0.0
geometry_dropout,test_unseen,803,val:2009_003928:part_69,2009_003928,dog,muzzle,muzzle,0.5390835404396057,0.7005254030227661,0.06615384668111801,0.10425937920808792,0.982421875,1.0,3.4570693969726562e-06
geometry_dropout,test_unseen,804,val:2009_004021:part_11,2009_004021,bird,wing,wing,0.15845464169979095,0.27356210350990295,0.38485315442085266,0.5486111044883728,0.98779296875,1.0,1.3649463653564453e-05
geometry_dropout,test_unseen,805,val:2009_004021:part_12,2009_004021,bird,tail,tail,0.0,0.0,0.0,0.04899691417813301,0.986328125,1.0,6.556510925292969e-07
geometry_dropout,test_unseen,806,val:2009_004021:part_13,2009_004021,bird,head,head,0.4690476059913635,0.6385737657546997,0.22627736628055573,0.07947530597448349,1.0,1.0,0.95556640625
geometry_dropout,test_unseen,807,val:2009_004021:part_14,2009_004021,bird,eye,eye,0.023255813866853714,0.04545454680919647,0.7692307829856873,0.0069444444961845875,0.95703125,1.0,3.516674041748047e-06
geometry_dropout,test_unseen,808,val:2009_004021:part_15,2009_004021,bird,beak,beak,0.0,0.0,0.0,0.006558641791343689,0.6220703125,0.99951171875,1.7881393432617188e-07
geometry_dropout,test_unseen,809,val:2009_004021:part_16,2009_004021,bird,torso,torso,0.26055487990379333,0.4133971333503723,0.14611005783081055,0.19637346267700195,1.0,1.0,0.96630859375
geometry_dropout,test_unseen,810,val:2009_004021:part_17,2009_004021,bird,neck,neck,0.37804877758026123,0.5486725568771362,0.21212121844291687,0.054398149251937866,1.0,1.0,0.96630859375
geometry_dropout,test_unseen,811,val:2009_004021:part_18,2009_004021,bird,leg,leg,0.06999041140079498,0.13082437217235565,0.2509689927101135,0.032407406717538834,0.9990234375,1.0,9.5367431640625e-07
geometry_dropout,test_unseen,812,val:2009_004033:part_61,2009_004033,dog,head,head,0.3285302519798279,0.494577020406723,0.07281553745269775,0.3766617476940155,1.0,1.0,0.95556640625
geometry_dropout,test_unseen,813,val:2009_004033:part_62,2009_004033,dog,eye,eye,0.0,0.0,0.0,0.004431314766407013,0.95703125,1.0,3.516674041748047e-06
geometry_dropout,test_unseen,814,val:2009_004033:part_63,2009_004033,dog,torso,torso,0.2773224115371704,0.43422460556030273,0.22792023420333862,0.3441654443740845,1.0,1.0,0.96630859375
geometry_dropout,test_unseen,815,val:2009_004033:part_65,2009_004033,dog,leg,leg,0.11282051354646683,0.20276497304439545,0.24358974397182465,0.06499261409044266,0.9990234375,1.0,9.5367431640625e-07
geometry_dropout,test_unseen,816,val:2009_004033:part_66,2009_004033,dog,nose,nose,0.0,0.0,0.0,0.011816838756203651,0.026153564453125,0.994140625,0.0
geometry_dropout,test_unseen,817,val:2009_004033:part_67,2009_004033,dog,paw,paw,0.13445378839969635,0.2370370328426361,0.8461538553237915,0.04579025134444237,0.99072265625,1.0,2.384185791015625e-07
geometry_dropout,test_unseen,818,val:2009_004033:part_69,2009_004033,dog,muzzle,muzzle,0.17241379618644714,0.29411765933036804,0.043795619159936905,0.1491875946521759,0.982421875,1.0,3.4570693969726562e-06
geometry_dropout,test_unseen,819,val:2009_004043:part_79,2009_004043,motorbike,wheel,wheel,0.5376712083816528,0.6993318200111389,0.20898877084255219,0.38567572832107544,0.99853515625,1.0,8.881092071533203e-06
geometry_dropout,test_unseen,820,val:2009_004070:part_100,2009_004070,sheep,head,head,0.1428571492433548,0.25,0.4234234094619751,0.08064515888690948,1.0,1.0,0.95556640625
geometry_dropout,test_unseen,821,val:2009_004070:part_101,2009_004070,sheep,eye,eye,0.0,0.0,0.0,0.009677419438958168,0.95703125,1.0,3.516674041748047e-06
geometry_dropout,test_unseen,822,val:2009_004070:part_102,2009_004070,sheep,torso,torso,0.646258533000946,0.7851239442825317,0.15438596904277802,0.6419354677200317,1.0,1.0,0.96630859375
geometry_dropout,test_unseen,823,val:2009_004070:part_103,2009_004070,sheep,neck,neck,0.3263888955116272,0.4921466112136841,0.12977099418640137,0.19354838132858276,1.0,1.0,0.96630859375
geometry_dropout,test_unseen,824,val:2009_004070:part_105,2009_004070,sheep,ear,ear,0.0,0.0,1.0,0.019354838877916336,0.0006213188171386719,0.96728515625,0.0
geometry_dropout,test_unseen,825,val:2009_004070:part_106,2009_004070,sheep,muzzle,muzzle,0.0,0.0,0.5,0.032258063554763794,0.982421875,1.0,3.4570693969726562e-06
geometry_dropout,test_unseen,826,val:2009_004084:part_11,2009_004084,bird,wing,wing,0.14239691197872162,0.24929498136043549,0.28776371479034424,0.21189188957214355,0.98779296875,1.0,1.3649463653564453e-05
geometry_dropout,test_unseen,827,val:2009_004084:part_12,2009_004084,bird,tail,tail,0.0,0.0,0.0,0.1664864867925644,0.986328125,1.0,6.556510925292969e-07
geometry_dropout,test_unseen,828,val:2009_004084:part_13,2009_004084,bird,head,head,0.31578946113586426,0.47999998927116394,0.43521595001220703,0.06270270049571991,1.0,1.0,0.95556640625
geometry_dropout,test_unseen,829,val:2009_004084:part_14,2009_004084,bird,eye,eye,0.0,0.0,1.0,0.009369369596242905,0.95703125,1.0,3.516674041748047e-06
geometry_dropout,test_unseen,830,val:2009_004084:part_15,2009_004084,bird,beak,beak,0.0,0.0,0.0,0.014774775132536888,0.6220703125,0.99951171875,1.7881393432617188e-07
geometry_dropout,test_unseen,831,val:2009_004084:part_16,2009_004084,bird,torso,torso,0.4882466197013855,0.656136691570282,0.21225832402706146,0.5156756639480591,1.0,1.0,0.96630859375
geometry_dropout,test_unseen,832,val:2009_004084:part_18,2009_004084,bird,leg,leg,0.00045850526657886803,0.0009165902738459408,0.2831574082374573,0.0010810811072587967,0.9990234375,1.0,9.5367431640625e-07
geometry_dropout,test_unseen,833,val:2009_004084:part_19,2009_004084,bird,foot,foot,0.0,0.0,0.0,0.00972972996532917,0.99462890625,1.0,2.384185791015625e-07
geometry_dropout,test_unseen,834,val:2009_004455:part_32,2009_004455,car,wheel,wheel,0.0189701896160841,0.03723404183983803,0.08013937622308731,0.08032491058111191,0.99853515625,1.0,8.881092071533203e-06
geometry_dropout,test_unseen,835,val:2009_004455:part_35,2009_004455,car,side,side,0.0,0.0,0.0,0.2635379135608673,1.0,1.0,0.0604248046875
geometry_dropout,test_unseen,836,val:2009_004455:part_36,2009_004455,car,back,back,0.0,0.0,0.0,0.2193140834569931,1.0,1.0,0.90283203125
geometry_dropout,test_unseen,837,val:2009_004455:part_37,2009_004455,car,roof,roof,0.0,0.0,0.0,0.008122744038701057,1.0,1.0,0.99267578125
geometry_dropout,test_unseen,838,val:2009_004455:part_41,2009_004455,car,window,window,0.0,0.0,1.0,0.08122743666172028,1.0,1.0,0.327880859375
geometry_dropout,test_unseen,839,val:2009_004494:part_32,2009_004494,car,wheel,wheel,0.0,0.0,0.84375,0.019889501854777336,0.99853515625,1.0,8.881092071533203e-06
geometry_dropout,test_unseen,840,val:2009_004494:part_36,2009_004494,car,back,back,0.1582278460264206,0.2732240557670593,0.05775577574968338,0.1392265260219574,1.0,1.0,0.90283203125
geometry_dropout,test_unseen,841,val:2009_004494:part_40,2009_004494,car,door,door,0.0,0.0,1.0,0.33922651410102844,0.15771484375,0.998046875,0.0
geometry_dropout,test_unseen,842,val:2009_004494:part_41,2009_004494,car,window,window,0.3887399435043335,0.5598455667495728,0.2281690090894699,0.18011049926280975,1.0,1.0,0.327880859375
geometry_dropout,test_unseen,843,val:2009_004507:part_60,2009_004507,dog,tail,tail,0.20821113884449005,0.3446601927280426,0.14649681746959686,0.010542168281972408,0.986328125,1.0,6.556510925292969e-07
geometry_dropout,test_unseen,844,val:2009_004507:part_61,2009_004507,dog,head,head,0.44750431180000305,0.6183115243911743,0.0,0.08767211437225342,1.0,1.0,0.95556640625
geometry_dropout,test_unseen,845,val:2009_004507:part_62,2009_004507,dog,eye,eye,0.0,0.0,0.0,0.0033347676508128643,0.95703125,1.0,3.516674041748047e-06
geometry_dropout,test_unseen,846,val:2009_004507:part_63,2009_004507,dog,torso,torso,0.7058079242706299,0.8275350332260132,0.0710546001791954,0.5857357978820801,1.0,1.0,0.96630859375
geometry_dropout,test_unseen,847,val:2009_004507:part_64,2009_004507,dog,neck,neck,0.5256038904190063,0.6890437006950378,0.03394625335931778,0.0938037857413292,1.0,1.0,0.96630859375
geometry_dropout,test_unseen,848,val:2009_004507:part_65,2009_004507,dog,leg,leg,0.27446994185447693,0.43072015047073364,0.14993953704833984,0.11617900431156158,0.9990234375,1.0,9.5367431640625e-07
geometry_dropout,test_unseen,849,val:2009_004507:part_66,2009_004507,dog,nose,nose,0.22549019753932953,0.36800000071525574,0.0,0.008067985996603966,0.026153564453125,0.994140625,0.0
geometry_dropout,test_unseen,850,val:2009_004507:part_67,2009_004507,dog,paw,paw,0.24329501390457153,0.39137133955955505,0.3385826647281647,0.04249139502644539,0.99072265625,1.0,2.384185791015625e-07
geometry_dropout,test_unseen,851,val:2009_004507:part_68,2009_004507,dog,ear,ear,0.6273584961891174,0.7710145115852356,0.019354838877916336,0.020438898354768753,0.0006213188171386719,0.96728515625,0.0
geometry_dropout,test_unseen,852,val:2009_004507:part_69,2009_004507,dog,muzzle,muzzle,0.3558558523654938,0.52491694688797,0.1594427227973938,0.027646299451589584,0.982421875,1.0,3.4570693969726562e-06
geometry_dropout,test_unseen,853,val:2009_004540:part_13,2009_004540,bird,head,head,0.06132075563073158,0.11555555462837219,0.7118644118309021,0.06297419965267181,1.0,1.0,0.95556640625
geometry_dropout,test_unseen,854,val:2009_004540:part_14,2009_004540,bird,eye,eye,0.0,0.0,0.0,0.0018968133954331279,0.95703125,1.0,3.516674041748047e-06
geometry_dropout,test_unseen,855,val:2009_004540:part_15,2009_004540,bird,beak,beak,0.0,0.0,0.0,0.053490135818719864,0.6220703125,0.99951171875,1.7881393432617188e-07
geometry_dropout,test_unseen,856,val:2009_004540:part_16,2009_004540,bird,torso,torso,0.6231883764266968,0.7678571343421936,0.08010470867156982,0.5075872540473938,1.0,1.0,0.96630859375
geometry_dropout,test_unseen,857,val:2009_004540:part_17,2009_004540,bird,neck,neck,0.0,0.0,0.0,0.3171471953392029,1.0,1.0,0.96630859375
geometry_dropout,test_unseen,858,val:2009_004540:part_18,2009_004540,bird,leg,leg,0.030841609463095665,0.05983772873878479,0.23582406342029572,0.03224582597613335,0.9990234375,1.0,9.5367431640625e-07
geometry_dropout,test_unseen,859,val:2009_004540:part_19,2009_004540,bird,foot,foot,0.0,0.0,0.7134146094322205,0.023520486429333687,0.99462890625,1.0,2.384185791015625e-07
geometry_dropout,test_unseen,860,val:2009_004568:part_11,2009_004568,bird,wing,wing,0.0,0.0,0.4369942247867584,0.08076564222574234,0.98779296875,1.0,1.3649463653564453e-05
geometry_dropout,test_unseen,861,val:2009_004568:part_12,2009_004568,bird,tail,tail,0.0,0.0,0.05128205195069313,0.006069094408303499,0.986328125,1.0,6.556510925292969e-07
geometry_dropout,test_unseen,862,val:2009_004568:part_13,2009_004568,bird,head,head,0.0,0.0,0.6104651093482971,0.003267973894253373,1.0,1.0,0.95556640625
geometry_dropout,test_unseen,863,val:2009_004568:part_14,2009_004568,bird,eye,eye,0.0,0.0,0.0,0.0004668534093070775,0.95703125,1.0,3.516674041748047e-06
geometry_dropout,test_unseen,864,val:2009_004568:part_15,2009_004568,bird,beak,beak,0.0,0.0,0.0,0.0009328357991762459,0.6220703125,0.99951171875,1.7881393432617188e-07
geometry_dropout,test_unseen,865,val:2009_004568:part_16,2009_004568,bird,torso,torso,0.0,0.0,0.2579185664653778,0.022875817492604256,1.0,1.0,0.96630859375
geometry_dropout,test_unseen,866,val:2009_004568:part_18,2009_004568,bird,leg,leg,0.0,0.0,0.4954407215118408,0.002801120514050126,0.9990234375,1.0,9.5367431640625e-07
geometry_dropout,test_unseen,867,val:2009_004568:part_19,2009_004568,bird,foot,foot,0.0,0.0,0.43065693974494934,0.0004668534093070775,0.99462890625,1.0,2.384185791015625e-07
geometry_dropout,test_unseen,868,val:2009_004581:part_60,2009_004581,dog,tail,tail,0.0,0.0,0.0,0.016931217163801193,0.986328125,1.0,6.556510925292969e-07
geometry_dropout,test_unseen,869,val:2009_004581:part_61,2009_004581,dog,head,head,0.45588234066963196,0.6262626051902771,0.16029411554336548,0.16402116417884827,1.0,1.0,0.95556640625
geometry_dropout,test_unseen,870,val:2009_004581:part_62,2009_004581,dog,eye,eye,0.09316769987344742,0.17045454680919647,0.0,0.010582010261714458,0.95703125,1.0,3.516674041748047e-06
geometry_dropout,test_unseen,871,val:2009_004581:part_63,2009_004581,dog,torso,torso,0.6006097793579102,0.7504761815071106,0.13620689511299133,0.49735450744628906,1.0,1.0,0.96630859375
geometry_dropout,test_unseen,872,val:2009_004581:part_64,2009_004581,dog,neck,neck,0.0,0.0,0.0,0.043915342539548874,1.0,1.0,0.96630859375
geometry_dropout,test_unseen,873,val:2009_004581:part_65,2009_004581,dog,leg,leg,0.28471001982688904,0.44322845339775085,0.20399999618530273,0.12222222238779068,0.9990234375,1.0,9.5367431640625e-07
geometry_dropout,test_unseen,874,val:2009_004581:part_66,2009_004581,dog,nose,nose,0.30000001192092896,0.4615384638309479,0.0,0.010052910074591637,0.026153564453125,0.994140625,0.0
geometry_dropout,test_unseen,875,val:2009_004581:part_68,2009_004581,dog,ear,ear,0.2620087265968323,0.41522490978240967,0.6390243768692017,0.08888889104127884,0.0006213188171386719,0.96728515625,0.0
geometry_dropout,test_unseen,876,val:2009_004581:part_69,2009_004581,dog,muzzle,muzzle,0.3922652006149292,0.5634920597076416,0.3571428656578064,0.04444444552063942,0.982421875,1.0,3.4570693969726562e-06
geometry_dropout,test_unseen,877,val:2009_004592:part_60,2009_004592,dog,tail,tail,0.13188648223876953,0.23303835093975067,0.3221476376056671,0.03211907669901848,0.986328125,1.0,6.556510925292969e-07
geometry_dropout,test_unseen,878,val:2009_004592:part_61,2009_004592,dog,head,head,0.06403269618749619,0.12035851180553436,0.10000000149011612,0.23932628333568573,1.0,1.0,0.95556640625
geometry_dropout,test_unseen,879,val:2009_004592:part_62,2009_004592,dog,eye,eye,0.0,0.0,0.0,0.0007833921117708087,0.95703125,1.0,3.516674041748047e-06
geometry_dropout,test_unseen,880,val:2009_004592:part_63,2009_004592,dog,torso,torso,0.6178659796714783,0.7638036608695984,0.10276243090629578,0.41167253255844116,1.0,1.0,0.96630859375
geometry_dropout,test_unseen,881,val:2009_004592:part_65,2009_004592,dog,leg,leg,0.12820513546466827,0.22727273404598236,0.34942084550857544,0.15902858972549438,0.9990234375,1.0,9.5367431640625e-07
geometry_dropout,test_unseen,882,val:2009_004592:part_66,2009_004592,dog,nose,nose,0.0,0.0,0.0,0.0011750881094485521,0.026153564453125,0.994140625,0.0
geometry_dropout,test_unseen,883,val:2009_004592:part_67,2009_004592,dog,paw,paw,0.0,0.0,0.0,0.048962004482746124,0.99072265625,1.0,2.384185791015625e-07
geometry_dropout,test_unseen,884,val:2009_004592:part_69,2009_004592,dog,muzzle,muzzle,0.3116147220134735,0.47516199946403503,0.0693877562880516,0.08538974076509476,0.982421875,1.0,3.4570693969726562e-06
geometry_dropout,test_unseen,885,val:2009_004594:part_32,2009_004594,car,wheel,wheel,0.3451957404613495,0.5132275223731995,0.19700214266777039,0.022467542439699173,0.99853515625,1.0,8.881092071533203e-06
geometry_dropout,test_unseen,886,val:2009_004594:part_33,2009_004594,car,headlight,headlight,0.009487666189670563,0.01879699155688286,0.0,0.040970224887132645,1.0,1.0,0.137939453125
geometry_dropout,test_unseen,887,val:2009_004594:part_34,2009_004594,car,front,front,0.7012050747871399,0.8243627548217773,0.03846153989434242,0.6615097522735596,1.0,1.0,0.8779296875
geometry_dropout,test_unseen,888,val:2009_004594:part_37,2009_004594,car,roof,roof,0.0,0.0,0.06568144261837006,0.03280727565288544,1.0,1.0,0.99267578125
geometry_dropout,test_unseen,889,val:2009_004594:part_38,2009_004594,car,mirror,mirror,0.0,0.0,0.0,0.008707144297659397,0.84912109375,1.0,4.231929779052734e-06
geometry_dropout,test_unseen,890,val:2009_004594:part_41,2009_004594,car,window,window,0.6865396499633789,0.8141399621963501,0.0011346444953233004,0.22109927237033844,1.0,1.0,0.327880859375
geometry_dropout,test_unseen,891,val:2009_004748:part_32,2009_004748,car,wheel,wheel,0.7742704153060913,0.8727760910987854,0.043659042567014694,0.13411332666873932,0.99853515625,1.0,8.881092071533203e-06
geometry_dropout,test_unseen,892,val:2009_004748:part_33,2009_004748,car,headlight,headlight,0.0,0.0,0.0,0.042608924210071564,1.0,1.0,0.137939453125
geometry_dropout,test_unseen,893,val:2009_004748:part_34,2009_004748,car,front,front,0.5624085664749146,0.7199251055717468,0.024539876729249954,0.2607177197933197,1.0,1.0,0.8779296875
geometry_dropout,test_unseen,894,val:2009_004748:part_35,2009_004748,car,side,side,0.3230445086956024,0.4883350431919098,0.0719989538192749,0.2649087607860565,1.0,1.0,0.0604248046875
geometry_dropout,test_unseen,895,val:2009_004748:part_38,2009_004748,car,mirror,mirror,0.0,0.0,0.0,0.0002619400911498815,0.84912109375,1.0,4.231929779052734e-06
geometry_dropout,test_unseen,896,val:2009_004748:part_40,2009_004748,car,door,door,0.0,0.0,0.0,0.14790885150432587,0.15771484375,0.998046875,0.0
geometry_dropout,test_unseen,897,val:2009_004748:part_41,2009_004748,car,window,window,0.1948266327381134,0.32611700892448425,0.15170279145240784,0.13315288722515106,1.0,1.0,0.327880859375
geometry_dropout,test_unseen,898,val:2009_004801:part_79,2009_004801,motorbike,wheel,wheel,0.01997336931526661,0.03916449099779129,0.5143369436264038,0.3909774422645569,0.99853515625,1.0,8.881092071533203e-06
geometry_dropout,test_unseen,899,val:2009_004886:part_11,2009_004886,bird,wing,wing,0.5348837375640869,0.6969696879386902,0.1499348133802414,0.518651008605957,0.98779296875,1.0,1.3649463653564453e-05
geometry_dropout,test_unseen,900,val:2009_004886:part_12,2009_004886,bird,tail,tail,0.0,0.0,0.0,0.11599386483430862,0.986328125,1.0,6.556510925292969e-07
geometry_dropout,test_unseen,901,val:2009_004886:part_13,2009_004886,bird,head,head,0.2638888955116272,0.4175824224948883,0.4879518151283264,0.10117527097463608,1.0,1.0,0.95556640625
geometry_dropout,test_unseen,902,val:2009_004886:part_14,2009_004886,bird,eye,eye,0.0,0.0,0.0,0.004598875995725393,0.95703125,1.0,3.516674041748047e-06
geometry_dropout,test_unseen,903,val:2009_004886:part_15,2009_004886,bird,beak,beak,0.0,0.0,0.0,0.003576903371140361,0.6220703125,0.99951171875,1.7881393432617188e-07
geometry_dropout,test_unseen,904,val:2009_004886:part_16,2009_004886,bird,torso,torso,0.38297873735427856,0.5538461804389954,0.23336072266101837,0.24169647693634033,1.0,1.0,0.96630859375
geometry_dropout,test_unseen,905,val:2009_004886:part_18,2009_004886,bird,leg,leg,0.009550562128424644,0.018920423462986946,0.2015765756368637,0.010730709880590439,0.9990234375,1.0,9.5367431640625e-07
geometry_dropout,test_unseen,906,val:2009_004895:part_13,2009_004895,bird,head,head,0.4524456560611725,0.6230121850967407,0.344525545835495,0.07796954363584518,1.0,1.0,0.95556640625
geometry_dropout,test_unseen,907,val:2009_004895:part_14,2009_004895,bird,eye,eye,0.14457830786705017,0.2526315748691559,0.0,0.003654822241514921,0.95703125,1.0,3.516674041748047e-06
geometry_dropout,test_unseen,908,val:2009_004895:part_15,2009_004895,bird,beak,beak,0.0,0.0,0.0,0.010964467190206051,0.6220703125,0.99951171875,1.7881393432617188e-07
geometry_dropout,test_unseen,909,val:2009_004895:part_16,2009_004895,bird,torso,torso,0.5720828771591187,0.7278024554252625,0.15429572761058807,0.7687309384346008,1.0,1.0,0.96630859375
geometry_dropout,test_unseen,910,val:2009_004895:part_17,2009_004895,bird,neck,neck,0.31278195977211,0.47651776671409607,0.22777777910232544,0.06761421263217926,1.0,1.0,0.96630859375
geometry_dropout,test_unseen,911,val:2009_004895:part_18,2009_004895,bird,leg,leg,0.017378710210323334,0.0341637022793293,0.09655172377824783,0.011167512275278568,0.9990234375,1.0,9.5367431640625e-07
geometry_dropout,test_unseen,912,val:2009_004895:part_19,2009_004895,bird,foot,foot,0.032608695328235626,0.06315789371728897,0.8999999761581421,0.013197969645261765,0.99462890625,1.0,2.384185791015625e-07
geometry_dropout,test_unseen,913,val:2009_004994:part_61,2009_004994,dog,head,head,0.3672039210796356,0.5371604561805725,0.10681003332138062,0.16828086972236633,1.0,1.0,0.95556640625
geometry_dropout,test_unseen,914,val:2009_004994:part_62,2009_004994,dog,eye,eye,0.08695652335882187,0.1599999964237213,0.007352941203862429,0.0042372881434857845,0.95703125,1.0,3.516674041748047e-06
geometry_dropout,test_unseen,915,val:2009_004994:part_63,2009_004994,dog,torso,torso,0.6788707375526428,0.8087230920791626,0.11171171069145203,0.48002421855926514,1.0,1.0,0.96630859375
geometry_dropout,test_unseen,916,val:2009_004994:part_66,2009_004994,dog,nose,nose,0.1538461595773697,0.2666666805744171,0.057692307978868484,0.025121064856648445,0.026153564453125,0.994140625,0.0
geometry_dropout,test_unseen,917,val:2009_004994:part_68,2009_004994,dog,ear,ear,0.34306567907333374,0.510869562625885,0.39751553535461426,0.07657384872436523,0.0006213188171386719,0.96728515625,0.0
geometry_dropout,test_unseen,918,val:2009_004994:part_69,2009_004994,dog,muzzle,muzzle,0.5944584608078003,0.7456555962562561,0.011450381949543953,0.1452784538269043,0.982421875,1.0,3.4570693969726562e-06
geometry_dropout,test_unseen,919,val:2009_005089:part_99,2009_005089,sheep,tail,tail,0.0,0.0,0.0,0.027027027681469917,0.986328125,1.0,6.556510925292969e-07
geometry_dropout,test_unseen,920,val:2009_005089:part_100,2009_005089,sheep,head,head,0.0,0.0,0.931034505367279,0.03439803421497345,1.0,1.0,0.95556640625
geometry_dropout,test_unseen,921,val:2009_005089:part_101,2009_005089,sheep,eye,eye,0.0,0.0,0.0,0.0024570024106651545,0.95703125,1.0,3.516674041748047e-06
geometry_dropout,test_unseen,922,val:2009_005089:part_102,2009_005089,sheep,torso,torso,0.5041597485542297,0.6703540086746216,0.4348561763763428,0.7690417766571045,1.0,1.0,0.96630859375
geometry_dropout,test_unseen,923,val:2009_005089:part_103,2009_005089,sheep,neck,neck,0.0,0.0,0.0,0.09090909361839294,1.0,1.0,0.96630859375
geometry_dropout,test_unseen,924,val:2009_005089:part_105,2009_005089,sheep,ear,ear,0.0,0.0,1.0,0.009828009642660618,0.0006213188171386719,0.96728515625,0.0
geometry_dropout,test_unseen,925,val:2009_005089:part_106,2009_005089,sheep,muzzle,muzzle,0.0,0.0,1.0,0.007371007464826107,0.982421875,1.0,3.4570693969726562e-06
geometry_dropout,test_unseen,926,val:2009_005137:part_11,2009_005137,bird,wing,wing,0.1096256673336029,0.19759036600589752,0.05073431134223938,0.42015209794044495,0.98779296875,1.0,1.3649463653564453e-05
geometry_dropout,test_unseen,927,val:2009_005137:part_12,2009_005137,bird,tail,tail,0.0,0.0,0.0,0.3317490518093109,0.986328125,1.0,6.556510925292969e-07
geometry_dropout,test_unseen,928,val:2009_005137:part_13,2009_005137,bird,head,head,0.45955249667167664,0.6297169923782349,0.2506142556667328,0.13973383605480194,1.0,1.0,0.95556640625
geometry_dropout,test_unseen,929,val:2009_005137:part_14,2009_005137,bird,eye,eye,0.0,0.0,0.0,0.006653992459177971,0.95703125,1.0,3.516674041748047e-06
geometry_dropout,test_unseen,930,val:2009_005137:part_15,2009_005137,bird,beak,beak,0.0,0.0,0.0,0.0107731306925416,0.6220703125,0.99951171875,1.7881393432617188e-07
geometry_dropout,test_unseen,931,val:2009_005137:part_16,2009_005137,bird,torso,torso,0.1464059203863144,0.25541725754737854,0.11152219772338867,0.08776932954788208,1.0,1.0,0.96630859375
geometry_dropout,test_unseen,932,val:2009_005137:part_19,2009_005137,bird,foot,foot,0.0,0.0,0.0,0.0019011406693607569,0.99462890625,1.0,2.384185791015625e-07
geometry_dropout,test_unseen,933,val:2009_005260:part_12,2009_005260,bird,tail,tail,0.320175439119339,0.485049843788147,0.2809523940086365,0.04807184264063835,0.986328125,1.0,6.556510925292969e-07
geometry_dropout,test_unseen,934,val:2009_005260:part_13,2009_005260,bird,head,head,0.5065501928329468,0.6724637746810913,0.37560975551605225,0.0739566832780838,1.0,1.0,0.95556640625
geometry_dropout,test_unseen,935,val:2009_005260:part_14,2009_005260,bird,eye,eye,0.0,0.0,0.0,0.0026413099840283394,0.95703125,1.0,3.516674041748047e-06
geometry_dropout,test_unseen,936,val:2009_005260:part_15,2009_005260,bird,beak,beak,0.0,0.0,1.0,0.003697834210470319,0.6220703125,0.99951171875,1.7881393432617188e-07
geometry_dropout,test_unseen,937,val:2009_005260:part_16,2009_005260,bird,torso,torso,0.5646706819534302,0.7217757105827332,0.13176265358924866,0.7749603986740112,1.0,1.0,0.96630859375
geometry_dropout,test_unseen,938,val:2009_005260:part_17,2009_005260,bird,neck,neck,0.1782178282737732,0.3025210201740265,0.4270833432674408,0.07501320540904999,1.0,1.0,0.96630859375
geometry_dropout,test_unseen,939,val:2009_005262:part_12,2009_005262,bird,tail,tail,0.29795917868614197,0.4591194987297058,0.4655870497226715,0.12665198743343353,0.986328125,1.0,6.556510925292969e-07
geometry_dropout,test_unseen,940,val:2009_005262:part_13,2009_005262,bird,head,head,0.02191060408949852,0.042881645262241364,0.37078651785850525,0.1740088164806366,1.0,1.0,0.95556640625
geometry_dropout,test_unseen,941,val:2009_005262:part_14,2009_005262,bird,eye,eye,0.0,0.0,0.0,0.0022026430815458298,0.95703125,1.0,3.516674041748047e-06
geometry_dropout,test_unseen,942,val:2009_005262:part_15,2009_005262,bird,beak,beak,0.0,0.0,0.0,0.11178413778543472,0.6220703125,0.99951171875,1.7881393432617188e-07
geometry_dropout,test_unseen,943,val:2009_005262:part_16,2009_005262,bird,torso,torso,0.5695977210998535,0.7257881760597229,0.2153846174478531,0.5338656306266785,1.0,1.0,0.96630859375
geometry_dropout,test_unseen,944,val:2009_005262:part_18,2009_005262,bird,leg,leg,0.008784772828221321,0.017416546121239662,0.29100528359413147,0.01514317188411951,0.9990234375,1.0,9.5367431640625e-07
geometry_dropout,test_unseen,945,val:2009_005262:part_19,2009_005262,bird,foot,foot,0.061135370284318924,0.11522633582353592,0.7239583134651184,0.014041850343346596,0.99462890625,1.0,2.384185791015625e-07
geometry_dropout,test_unseen,946,val:2010_000003:part_61,2010_000003,dog,head,head,0.38956522941589355,0.5607008934020996,0.0,0.13866665959358215,1.0,1.0,0.95556640625
geometry_dropout,test_unseen,947,val:2010_000003:part_62,2010_000003,dog,eye,eye,0.0,0.0,0.0,0.007555555552244186,0.95703125,1.0,3.516674041748047e-06
geometry_dropout,test_unseen,948,val:2010_000003:part_63,2010_000003,dog,torso,torso,0.6008105278015137,0.7506328821182251,0.03678929805755615,0.30355554819107056,1.0,1.0,0.96630859375
geometry_dropout,test_unseen,949,val:2010_000003:part_65,2010_000003,dog,leg,leg,0.3976608216762543,0.569037675857544,0.020761245861649513,0.25200000405311584,0.9990234375,1.0,9.5367431640625e-07
geometry_dropout,test_unseen,950,val:2010_000003:part_66,2010_000003,dog,nose,nose,0.0,0.0,0.0,0.009777777828276157,0.026153564453125,0.994140625,0.0
geometry_dropout,test_unseen,951,val:2010_000003:part_67,2010_000003,dog,paw,paw,0.05857740715146065,0.11067193746566772,0.03030303120613098,0.09777777642011642,0.99072265625,1.0,2.384185791015625e-07
geometry_dropout,test_unseen,952,val:2010_000003:part_68,2010_000003,dog,ear,ear,0.45890411734580994,0.6291079521179199,0.11274509876966476,0.09866666793823242,0.0006213188171386719,0.96728515625,0.0
geometry_dropout,test_unseen,953,val:2010_000003:part_69,2010_000003,dog,muzzle,muzzle,0.27757352590560913,0.43453237414360046,0.012096773833036423,0.08844444155693054,0.982421875,1.0,3.4570693969726562e-06
geometry_dropout,test_unseen,954,val:2010_000087:part_79,2010_000087,motorbike,wheel,wheel,0.47632575035095215,0.645285427570343,0.31972938776016235,0.3702956438064575,0.99853515625,1.0,8.881092071533203e-06
geometry_dropout,test_unseen,955,val:2010_000087:part_82,2010_000087,motorbike,headlight,headlight,0.0,0.0,0.0,0.02071855403482914,1.0,1.0,0.137939453125
geometry_dropout,test_unseen,956,val:2010_000110:part_61,2010_000110,dog,head,head,0.3322475552558899,0.49877750873565674,0.10128355026245117,0.19650892913341522,1.0,1.0,0.95556640625
geometry_dropout,test_unseen,957,val:2010_000110:part_62,2010_000110,dog,eye,eye,0.38957056403160095,0.560706377029419,0.1164383590221405,0.021955544129014015,0.95703125,1.0,3.516674041748047e-06
geometry_dropout,test_unseen,958,val:2010_000110:part_63,2010_000110,dog,torso,torso,0.6484498977661133,0.7867389917373657,0.23688393831253052,0.44497478008270264,1.0,1.0,0.96630859375
geometry_dropout,test_unseen,959,val:2010_000110:part_65,2010_000110,dog,leg,leg,0.0,0.0,0.0,0.0009545888169668615,0.9990234375,1.0,9.5367431640625e-07
geometry_dropout,test_unseen,960,val:2010_000110:part_66,2010_000110,dog,nose,nose,0.06060606241226196,0.11428571492433548,0.012500000186264515,0.011591436341404915,0.026153564453125,0.994140625,0.0
geometry_dropout,test_unseen,961,val:2010_000110:part_67,2010_000110,dog,paw,paw,0.0,0.0,0.707317054271698,0.018137188628315926,0.99072265625,1.0,2.384185791015625e-07
geometry_dropout,test_unseen,962,val:2010_000110:part_68,2010_000110,dog,ear,ear,0.5528455376625061,0.7120419144630432,0.0,0.058639030903577805,0.0006213188171386719,0.96728515625,0.0
geometry_dropout,test_unseen,963,val:2010_000110:part_69,2010_000110,dog,muzzle,muzzle,0.63981693983078,0.7803516387939453,0.09578163921833038,0.21382790803909302,0.982421875,1.0,3.4570693969726562e-06
geometry_dropout,test_unseen,964,val:2010_000159:part_61,2010_000159,dog,head,head,0.22809112071990967,0.3714563548564911,0.039613332599401474,0.15733051300048828,1.0,1.0,0.95556640625
geometry_dropout,test_unseen,965,val:2010_000159:part_62,2010_000159,dog,eye,eye,0.16045844554901123,0.27654320001602173,0.0,0.005955622065812349,0.95703125,1.0,3.516674041748047e-06
geometry_dropout,test_unseen,966,val:2010_000159:part_63,2010_000159,dog,torso,torso,0.2170972228050232,0.3567458987236023,0.020239191129803658,0.13834059238433838,1.0,1.0,0.96630859375
geometry_dropout,test_unseen,967,val:2010_000159:part_66,2010_000159,dog,nose,nose,0.31422924995422363,0.4781954884529114,0.0,0.00820174254477024,0.026153564453125,0.994140625,0.0
geometry_dropout,test_unseen,968,val:2010_000159:part_68,2010_000159,dog,ear,ear,0.2306547611951828,0.3748488426208496,0.055389221757650375,0.08984481543302536,0.0006213188171386719,0.96728515625,0.0
geometry_dropout,test_unseen,969,val:2010_000159:part_69,2010_000159,dog,muzzle,muzzle,0.18476766347885132,0.3119053244590759,0.009756787680089474,0.05261366814374924,0.982421875,1.0,3.4570693969726562e-06
geometry_dropout,test_unseen,970,val:2010_000160:part_32,2010_000160,car,wheel,wheel,0.09785202890634537,0.17826086282730103,0.06530611962080002,0.015666000545024872,0.99853515625,1.0,8.881092071533203e-06
geometry_dropout,test_unseen,971,val:2010_000160:part_35,2010_000160,car,side,side,0.5192910432815552,0.6835964918136597,0.00986059196293354,0.2620922029018402,1.0,1.0,0.0604248046875
geometry_dropout,test_unseen,972,val:2010_000160:part_36,2010_000160,car,back,back,0.7509778141975403,0.8577811121940613,0.0006311360630206764,0.5460776090621948,1.0,1.0,0.90283203125
geometry_dropout,test_unseen,973,val:2010_000160:part_38,2010_000160,car,mirror,mirror,0.0,0.0,0.0,0.003916500136256218,0.84912109375,1.0,4.231929779052734e-06
geometry_dropout,test_unseen,974,val:2010_000160:part_41,2010_000160,car,window,window,0.0,0.0,0.0,0.07954411953687668,1.0,1.0,0.327880859375
geometry_dropout,test_unseen,975,val:2010_000216:part_60,2010_000216,dog,tail,tail,0.028938906267285347,0.05624999850988388,0.012295082211494446,0.010624912567436695,0.986328125,1.0,6.556510925292969e-07
geometry_dropout,test_unseen,976,val:2010_000216:part_61,2010_000216,dog,head,head,0.30142566561698914,0.46322378516197205,0.049120236188173294,0.0773102194070816,1.0,1.0,0.95556640625
geometry_dropout,test_unseen,977,val:2010_000216:part_62,2010_000216,dog,eye,eye,0.0,0.0,0.0,0.0069900741800665855,0.95703125,1.0,3.516674041748047e-06
geometry_dropout,test_unseen,978,val:2010_000216:part_63,2010_000216,dog,torso,torso,0.46071428060531616,0.6308068633079529,0.06129303202033043,0.4103173613548279,1.0,1.0,0.96630859375
geometry_dropout,test_unseen,979,val:2010_000216:part_65,2010_000216,dog,leg,leg,0.00986547116190195,0.019538188353180885,0.2348877340555191,0.07647141069173813,0.9990234375,1.0,9.5367431640625e-07
geometry_dropout,test_unseen,980,val:2010_000216:part_66,2010_000216,dog,nose,nose,0.0,0.0,0.0,0.007409478537738323,0.026153564453125,0.994140625,0.0
geometry_dropout,test_unseen,981,val:2010_000216:part_67,2010_000216,dog,paw,paw,0.11148648709058762,0.20060789585113525,0.4031413495540619,0.06528729200363159,0.99072265625,1.0,2.384185791015625e-07
geometry_dropout,test_unseen,982,val:2010_000216:part_68,2010_000216,dog,ear,ear,0.0,0.0,0.0,0.2583531439304352,0.0006213188171386719,0.96728515625,0.0
geometry_dropout,test_unseen,983,val:2010_000216:part_69,2010_000216,dog,muzzle,muzzle,0.44370123744010925,0.6146718263626099,0.23195266723632812,0.06291066855192184,0.982421875,1.0,3.4570693969726562e-06
geometry_dropout,test_unseen,984,val:2010_000241:part_12,2010_000241,bird,tail,tail,0.09380531311035156,0.17152103781700134,0.27397260069847107,0.1279643177986145,0.986328125,1.0,6.556510925292969e-07
geometry_dropout,test_unseen,985,val:2010_000241:part_13,2010_000241,bird,head,head,0.4646226465702057,0.6344605684280396,0.15458936989307404,0.048602957278490067,1.0,1.0,0.95556640625
geometry_dropout,test_unseen,986,val:2010_000241:part_14,2010_000241,bird,eye,eye,0.0,0.0,0.0,0.003287156578153372,0.95703125,1.0,3.516674041748047e-06
geometry_dropout,test_unseen,987,val:2010_000241:part_15,2010_000241,bird,beak,beak,0.20895522832870483,0.34567901492118835,0.7254902124404907,0.007043906953185797,0.6220703125,0.99951171875,1.7881393432617188e-07
geometry_dropout,test_unseen,988,val:2010_000241:part_16,2010_000241,bird,torso,torso,0.7294484972953796,0.8435619473457336,0.06890960782766342,0.5914533734321594,1.0,1.0,0.96630859375
geometry_dropout,test_unseen,989,val:2010_000241:part_17,2010_000241,bird,neck,neck,0.5243242979049683,0.6879432797431946,0.13333334028720856,0.04789856821298599,1.0,1.0,0.96630859375
geometry_dropout,test_unseen,990,val:2010_000241:part_18,2010_000241,bird,leg,leg,0.43367698788642883,0.6049855947494507,0.3235294222831726,0.15449635684490204,0.9990234375,1.0,9.5367431640625e-07
geometry_dropout,test_unseen,991,val:2010_000241:part_19,2010_000241,bird,foot,foot,0.07619047909975052,0.14159291982650757,0.8333333134651184,0.015261798165738583,0.99462890625,1.0,2.384185791015625e-07
geometry_dropout,test_unseen,992,val:2010_000309:part_100,2010_000309,sheep,head,head,0.0,0.0,0.0,0.030701754614710808,1.0,1.0,0.95556640625
geometry_dropout,test_unseen,993,val:2010_000309:part_101,2010_000309,sheep,eye,eye,0.0,0.0,0.0,0.001461988314986229,0.95703125,1.0,3.516674041748047e-06
geometry_dropout,test_unseen,994,val:2010_000309:part_102,2010_000309,sheep,torso,torso,0.0,0.0,0.7307692170143127,0.3801169693470001,1.0,1.0,0.96630859375
geometry_dropout,test_unseen,995,val:2010_000309:part_103,2010_000309,sheep,neck,neck,0.0,0.0,0.0,0.019005848094820976,1.0,1.0,0.96630859375
geometry_dropout,test_unseen,996,val:2010_000309:part_105,2010_000309,sheep,ear,ear,0.0,0.0,0.0,0.002923976629972458,0.0006213188171386719,0.96728515625,0.0
geometry_dropout,test_unseen,997,val:2010_000309:part_106,2010_000309,sheep,muzzle,muzzle,0.0,0.0,0.0,0.005847953259944916,0.982421875,1.0,3.4570693969726562e-06
geometry_dropout,test_unseen,998,val:2010_000335:part_11,2010_000335,bird,wing,wing,0.27551019191741943,0.4320000112056732,0.5833333134651184,0.36301368474960327,0.98779296875,1.0,1.3649463653564453e-05
geometry_dropout,test_unseen,999,val:2010_000335:part_12,2010_000335,bird,tail,tail,0.03030303120613098,0.05882352963089943,0.7384615540504456,0.02054794505238533,0.986328125,1.0,6.556510925292969e-07
geometry_dropout,test_unseen,1000,val:2010_000335:part_13,2010_000335,bird,head,head,0.0,0.0,0.7777777910232544,0.19863013923168182,1.0,1.0,0.95556640625
geometry_dropout,test_unseen,1001,val:2010_000335:part_14,2010_000335,bird,eye,eye,0.0,0.0,0.0,0.013698630034923553,0.95703125,1.0,3.516674041748047e-06
geometry_dropout,test_unseen,1002,val:2010_000335:part_15,2010_000335,bird,beak,beak,0.0,0.0,0.0,0.006849315017461777,0.6220703125,0.99951171875,1.7881393432617188e-07
geometry_dropout,test_unseen,1003,val:2010_000335:part_16,2010_000335,bird,torso,torso,0.33870968222618103,0.5060241222381592,0.5566037893295288,0.4109589159488678,1.0,1.0,0.96630859375
geometry_dropout,test_unseen,1004,val:2010_000372:part_32,2010_000372,car,wheel,wheel,0.7408207058906555,0.8511165976524353,0.011949685402214527,0.12231454253196716,0.99853515625,1.0,8.881092071533203e-06
geometry_dropout,test_unseen,1005,val:2010_000372:part_35,2010_000372,car,side,side,0.30910563468933105,0.4722394347190857,0.08409405499696732,0.2762182652950287,1.0,1.0,0.0604248046875
geometry_dropout,test_unseen,1006,val:2010_000372:part_36,2010_000372,car,back,back,0.5264127850532532,0.6897384524345398,0.043551087379455566,0.09663897007703781,1.0,1.0,0.90283203125
geometry_dropout,test_unseen,1007,val:2010_000372:part_38,2010_000372,car,mirror,mirror,0.0,0.0,0.0,0.0026948123704642057,0.84912109375,1.0,4.231929779052734e-06
geometry_dropout,test_unseen,1008,val:2010_000372:part_40,2010_000372,car,door,door,0.008616187609732151,0.01708516664803028,0.0,0.280485063791275,0.15771484375,0.998046875,0.0
geometry_dropout,test_unseen,1009,val:2010_000372:part_41,2010_000372,car,window,window,0.4380645155906677,0.609241783618927,0.02912280708551407,0.12036829441785812,1.0,1.0,0.327880859375
geometry_dropout,test_unseen,1010,val:2010_000422:part_60,2010_000422,dog,tail,tail,0.30898404121398926,0.4720974862575531,0.17504051327705383,0.06217411532998085,0.986328125,1.0,6.556510925292969e-07
geometry_dropout,test_unseen,1011,val:2010_000422:part_61,2010_000422,dog,head,head,0.02096177637577057,0.04106280207633972,0.0025488529354333878,0.3595142364501953,1.0,1.0,0.95556640625
geometry_dropout,test_unseen,1012,val:2010_000422:part_62,2010_000422,dog,eye,eye,0.0,0.0,0.0,0.007062240038067102,0.95703125,1.0,3.516674041748047e-06
geometry_dropout,test_unseen,1013,val:2010_000422:part_63,2010_000422,dog,torso,torso,0.36331209540367126,0.5329844951629639,0.0749601274728775,0.10487756878137589,1.0,1.0,0.96630859375
geometry_dropout,test_unseen,1014,val:2010_000422:part_65,2010_000422,dog,leg,leg,0.5219435691833496,0.6858908534049988,0.16063548624515533,0.10679163038730621,0.9990234375,1.0,9.5367431640625e-07
geometry_dropout,test_unseen,1015,val:2010_000422:part_66,2010_000422,dog,nose,nose,0.0,0.0,0.0,0.009636327624320984,0.026153564453125,0.994140625,0.0
geometry_dropout,test_unseen,1016,val:2010_000422:part_67,2010_000422,dog,paw,paw,0.5022971034049988,0.668705403804779,0.42192983627319336,0.054253846406936646,0.99072265625,1.0,2.384185791015625e-07
geometry_dropout,test_unseen,1017,val:2010_000422:part_68,2010_000422,dog,ear,ear,0.34756582975387573,0.5158424377441406,0.022532189264893532,0.161375492811203,0.0006213188171386719,0.96728515625,0.0
geometry_dropout,test_unseen,1018,val:2010_000422:part_69,2010_000422,dog,muzzle,muzzle,0.5041354894638062,0.6703325510025024,0.03294573724269867,0.11583393812179565,0.982421875,1.0,3.4570693969726562e-06
geometry_dropout,test_unseen,1019,val:2010_000502:part_11,2010_000502,bird,wing,wing,0.049504950642585754,0.09433962404727936,0.9333333373069763,0.30693069100379944,0.98779296875,1.0,1.3649463653564453e-05
geometry_dropout,test_unseen,1020,val:2010_000502:part_12,2010_000502,bird,tail,tail,0.0714285746216774,0.13333334028720856,0.9285714030265808,0.019417475908994675,0.986328125,1.0,6.556510925292969e-07
geometry_dropout,test_unseen,1021,val:2010_000502:part_13,2010_000502,bird,head,head,0.0,0.0,0.0,0.049504950642585754,1.0,1.0,0.95556640625
geometry_dropout,test_unseen,1022,val:2010_000502:part_14,2010_000502,bird,eye,eye,0.0,0.0,0.0,0.009803921915590763,0.95703125,1.0,3.516674041748047e-06
geometry_dropout,test_unseen,1023,val:2010_000502:part_15,2010_000502,bird,beak,beak,0.0,0.0,0.0,0.029702970758080482,0.6220703125,0.99951171875,1.7881393432617188e-07
geometry_dropout,test_unseen,1024,val:2010_000502:part_16,2010_000502,bird,torso,torso,0.0,0.0,1.0,0.5346534848213196,1.0,1.0,0.96630859375
geometry_dropout,test_unseen,1025,val:2010_000502:part_17,2010_000502,bird,neck,neck,0.0,0.0,0.0,0.059405941516160965,1.0,1.0,0.96630859375
geometry_dropout,test_unseen,1026,val:2010_000502:part_18,2010_000502,bird,leg,leg,0.0,0.0,0.4583333432674408,0.019801979884505272,0.9990234375,1.0,9.5367431640625e-07
geometry_dropout,test_unseen,1027,val:2010_000530:part_32,2010_000530,car,wheel,wheel,0.4811188876628876,0.6496695280075073,0.07952871918678284,0.12881356477737427,0.99853515625,1.0,8.881092071533203e-06
geometry_dropout,test_unseen,1028,val:2010_000530:part_33,2010_000530,car,headlight,headlight,0.0,0.0,1.0,0.014915253967046738,1.0,1.0,0.137939453125
geometry_dropout,test_unseen,1029,val:2010_000530:part_34,2010_000530,car,front,front,0.0,0.0,0.8004694581031799,0.06474576145410538,1.0,1.0,0.8779296875
geometry_dropout,test_unseen,1030,val:2010_000530:part_35,2010_000530,car,side,side,0.2658560574054718,0.4200415313243866,0.21240471303462982,0.32745763659477234,1.0,1.0,0.0604248046875
geometry_dropout,test_unseen,1031,val:2010_000530:part_37,2010_000530,car,roof,roof,0.0,0.0,0.0,0.01932203397154808,1.0,1.0,0.99267578125
geometry_dropout,test_unseen,1032,val:2010_000530:part_38,2010_000530,car,mirror,mirror,0.0,0.0,0.0,0.000677966105286032,0.84912109375,1.0,4.231929779052734e-06
geometry_dropout,test_unseen,1033,val:2010_000530:part_40,2010_000530,car,door,door,0.046296294778585434,0.08849557489156723,0.077625572681427,0.2322033941745758,0.15771484375,0.998046875,0.0
geometry_dropout,test_unseen,1034,val:2010_000530:part_41,2010_000530,car,window,window,0.25047439336776733,0.40060698986053467,0.0,0.16677966713905334,1.0,1.0,0.327880859375
geometry_dropout,test_unseen,1035,val:2010_000628:part_32,2010_000628,car,wheel,wheel,0.43769967555999756,0.6088888645172119,0.01976284570991993,0.10753275454044342,0.99853515625,1.0,8.881092071533203e-06
geometry_dropout,test_unseen,1036,val:2010_000628:part_35,2010_000628,car,side,side,0.190476194024086,0.3199999928474426,0.2124031037092209,0.21015283465385437,1.0,1.0,0.0604248046875
geometry_dropout,test_unseen,1037,val:2010_000628:part_36,2010_000628,car,back,back,0.6571798324584961,0.7931303381919861,0.1139240488409996,0.3111353814601898,1.0,1.0,0.90283203125
geometry_dropout,test_unseen,1038,val:2010_000628:part_38,2010_000628,car,mirror,mirror,0.0,0.0,0.0,0.0043668122962117195,0.84912109375,1.0,4.231929779052734e-06
geometry_dropout,test_unseen,1039,val:2010_000628:part_40,2010_000628,car,door,door,0.0,0.0,0.0,0.19159388542175293,0.15771484375,0.998046875,0.0
geometry_dropout,test_unseen,1040,val:2010_000628:part_41,2010_000628,car,window,window,0.0,0.0,0.0,0.14082969725131989,1.0,1.0,0.327880859375
geometry_dropout,test_unseen,1041,val:2010_000639:part_60,2010_000639,dog,tail,tail,0.0,0.0,0.0,0.008683728985488415,0.986328125,1.0,6.556510925292969e-07
geometry_dropout,test_unseen,1042,val:2010_000639:part_61,2010_000639,dog,head,head,0.25604552030563354,0.4077010154724121,0.10374639928340912,0.0863802582025528,1.0,1.0,0.95556640625
geometry_dropout,test_unseen,1043,val:2010_000639:part_62,2010_000639,dog,eye,eye,0.0,0.0,0.0,0.0018281536176800728,0.95703125,1.0,3.516674041748047e-06
geometry_dropout,test_unseen,1044,val:2010_000639:part_63,2010_000639,dog,torso,torso,0.46064338088035583,0.6307404041290283,0.11578221619129181,0.31215721368789673,1.0,1.0,0.96630859375
geometry_dropout,test_unseen,1045,val:2010_000639:part_64,2010_000639,dog,neck,neck,0.052173912525177,0.09917355328798294,0.042553190141916275,0.03382084146142006,1.0,1.0,0.96630859375
geometry_dropout,test_unseen,1046,val:2010_000639:part_65,2010_000639,dog,leg,leg,0.2615571916103363,0.4146576523780823,0.3987915515899658,0.1713894009590149,0.9990234375,1.0,9.5367431640625e-07
geometry_dropout,test_unseen,1047,val:2010_000639:part_66,2010_000639,dog,nose,nose,0.0,0.0,0.0,0.005484460853040218,0.026153564453125,0.994140625,0.0
geometry_dropout,test_unseen,1048,val:2010_000639:part_67,2010_000639,dog,paw,paw,0.14659686386585236,0.2557077705860138,0.5945945978164673,0.06627056747674942,0.99072265625,1.0,2.384185791015625e-07
geometry_dropout,test_unseen,1049,val:2010_000639:part_68,2010_000639,dog,ear,ear,0.0,0.0,0.0,0.21343693137168884,0.0006213188171386719,0.96728515625,0.0
geometry_dropout,test_unseen,1050,val:2010_000639:part_69,2010_000639,dog,muzzle,muzzle,0.30901288986206055,0.4721311330795288,0.032188840210437775,0.06581352651119232,0.982421875,1.0,3.4570693969726562e-06
geometry_dropout,test_unseen,1051,val:2010_000682:part_32,2010_000682,car,wheel,wheel,0.0,0.0,1.0,0.06122449040412903,0.99853515625,1.0,8.881092071533203e-06
geometry_dropout,test_unseen,1052,val:2010_000682:part_34,2010_000682,car,front,front,0.0,0.0,0.0,0.2857142984867096,1.0,1.0,0.8779296875
geometry_dropout,test_unseen,1053,val:2010_000682:part_35,2010_000682,car,side,side,0.0,0.0,0.0,0.4897959232330322,1.0,1.0,0.0604248046875
geometry_dropout,test_unseen,1054,val:2010_000682:part_41,2010_000682,car,window,window,0.0,0.0,0.0,0.10204081982374191,1.0,1.0,0.327880859375
geometry_dropout,test_unseen,1055,val:2010_000788:part_61,2010_000788,dog,head,head,0.45171472430229187,0.6223188638687134,0.08577223867177963,0.45609307289123535,1.0,1.0,0.95556640625
geometry_dropout,test_unseen,1056,val:2010_000788:part_62,2010_000788,dog,eye,eye,0.15555556118488312,0.26923078298568726,0.0,0.007944389246404171,0.95703125,1.0,3.516674041748047e-06
geometry_dropout,test_unseen,1057,val:2010_000788:part_63,2010_000788,dog,torso,torso,0.3875493109226227,0.5586097836494446,0.2489006221294403,0.1264009028673172,1.0,1.0,0.96630859375
geometry_dropout,test_unseen,1058,val:2010_000788:part_66,2010_000788,dog,nose,nose,0.19834710657596588,0.33103448152542114,0.0,0.03433110937476158,0.026153564453125,0.994140625,0.0
geometry_dropout,test_unseen,1059,val:2010_000788:part_68,2010_000788,dog,ear,ear,0.4649275243282318,0.6347447633743286,0.13014981150627136,0.20697970688343048,0.0006213188171386719,0.96728515625,0.0
geometry_dropout,test_unseen,1060,val:2010_000788:part_69,2010_000788,dog,muzzle,muzzle,0.5502732396125793,0.7099048495292664,0.11538461595773697,0.14427578449249268,0.982421875,1.0,3.4570693969726562e-06
geometry_dropout,test_unseen,1061,val:2010_000814:part_13,2010_000814,bird,head,head,0.49259069561958313,0.6600479483604431,0.22227899730205536,0.05435273051261902,1.0,1.0,0.95556640625
geometry_dropout,test_unseen,1062,val:2010_000814:part_14,2010_000814,bird,eye,eye,0.315315306186676,0.4794520437717438,0.0,0.00202977005392313,0.95703125,1.0,3.516674041748047e-06
geometry_dropout,test_unseen,1063,val:2010_000814:part_15,2010_000814,bird,beak,beak,0.0,0.0,0.0,0.013813712634146214,0.6220703125,0.99951171875,1.7881393432617188e-07
geometry_dropout,test_unseen,1064,val:2010_000814:part_16,2010_000814,bird,torso,torso,0.5441826581954956,0.704816460609436,0.05986756831407547,0.4933468699455261,1.0,1.0,0.96630859375
geometry_dropout,test_unseen,1065,val:2010_000814:part_17,2010_000814,bird,neck,neck,0.6387931108474731,0.7795897126197815,0.07807807624340057,0.05085701495409012,1.0,1.0,0.96630859375
geometry_dropout,test_unseen,1066,val:2010_000836:part_11,2010_000836,bird,wing,wing,0.36011478304862976,0.5295358896255493,0.5033222436904907,0.7723214030265808,0.98779296875,1.0,1.3649463653564453e-05
geometry_dropout,test_unseen,1067,val:2010_000836:part_12,2010_000836,bird,tail,tail,0.0,0.0,0.9076923131942749,0.0915178582072258,0.986328125,1.0,6.556510925292969e-07
geometry_dropout,test_unseen,1068,val:2010_000836:part_13,2010_000836,bird,head,head,0.0,0.0,0.3333333432674408,0.004464285913854837,1.0,1.0,0.95556640625
geometry_dropout,test_unseen,1069,val:2010_000836:part_16,2010_000836,bird,torso,torso,0.26923078298568726,0.42424243688583374,0.1962616890668869,0.1294642835855484,1.0,1.0,0.96630859375
geometry_dropout,test_unseen,1070,val:2010_000904:part_61,2010_000904,dog,head,head,0.6402356028556824,0.7806629538536072,0.024212028831243515,0.6022034287452698,1.0,1.0,0.95556640625
geometry_dropout,test_unseen,1071,val:2010_000904:part_63,2010_000904,dog,torso,torso,0.2162455916404724,0.35559526085853577,0.07593045383691788,0.06264017522335052,1.0,1.0,0.96630859375
geometry_dropout,test_unseen,1072,val:2010_000904:part_66,2010_000904,dog,nose,nose,0.5014880895614624,0.667988121509552,0.0,0.026441078633069992,0.026153564453125,0.994140625,0.0
geometry_dropout,test_unseen,1073,val:2010_000904:part_68,2010_000904,dog,ear,ear,0.07150354236364365,0.13346393406391144,0.0,0.2999016344547272,0.0006213188171386719,0.96728515625,0.0
geometry_dropout,test_unseen,1074,val:2010_000918:part_12,2010_000918,bird,tail,tail,0.2786885201931,0.43589743971824646,0.5142857432365417,0.1557970941066742,0.986328125,1.0,6.556510925292969e-07
geometry_dropout,test_unseen,1075,val:2010_000918:part_13,2010_000918,bird,head,head,0.0,0.0,0.09090909361839294,0.025362318381667137,1.0,1.0,0.95556640625
geometry_dropout,test_unseen,1076,val:2010_000918:part_16,2010_000918,bird,torso,torso,0.6572437882423401,0.7931769490242004,0.17142857611179352,0.8115941882133484,1.0,1.0,0.96630859375
geometry_dropout,test_unseen,1077,val:2010_000918:part_18,2010_000918,bird,leg,leg,0.0,0.0,0.31455397605895996,0.007246376946568489,0.9990234375,1.0,9.5367431640625e-07
geometry_dropout,test_unseen,1078,val:2010_000952:part_32,2010_000952,car,wheel,wheel,0.6974865198135376,0.821787416934967,0.05682951211929321,0.06821324676275253,0.99853515625,1.0,8.881092071533203e-06
geometry_dropout,test_unseen,1079,val:2010_000952:part_33,2010_000952,car,headlight,headlight,0.24528302252292633,0.39393940567970276,0.0,0.024427715688943863,1.0,1.0,0.137939453125
geometry_dropout,test_unseen,1080,val:2010_000952:part_34,2010_000952,car,front,front,0.37673407793045044,0.5472866296768188,0.06266067177057266,0.3936856687068939,1.0,1.0,0.8779296875
geometry_dropout,test_unseen,1081,val:2010_000952:part_35,2010_000952,car,side,side,0.3363586366176605,0.5033957362174988,0.056690286844968796,0.19365493953227997,1.0,1.0,0.0604248046875
geometry_dropout,test_unseen,1082,val:2010_000952:part_37,2010_000952,car,roof,roof,0.03380553796887398,0.06540018320083618,0.08595098555088043,0.024120448157191277,1.0,1.0,0.99267578125
geometry_dropout,test_unseen,1083,val:2010_000952:part_40,2010_000952,car,door,door,0.05342136695981026,0.10142450034618378,0.0,0.11699185520410538,0.15771484375,0.998046875,0.0
geometry_dropout,test_unseen,1084,val:2010_000952:part_41,2010_000952,car,window,window,0.5665181279182434,0.7232832312583923,0.047256097197532654,0.176524817943573,1.0,1.0,0.327880859375
geometry_dropout,test_unseen,1085,val:2010_000961:part_11,2010_000961,bird,wing,wing,0.0,0.0,0.037974681705236435,0.04491555690765381,0.98779296875,1.0,1.3649463653564453e-05
geometry_dropout,test_unseen,1086,val:2010_000961:part_12,2010_000961,bird,tail,tail,0.0,0.0,0.0,0.049946099519729614,0.986328125,1.0,6.556510925292969e-07
geometry_dropout,test_unseen,1087,val:2010_000961:part_13,2010_000961,bird,head,head,0.6512096524238586,0.7887668013572693,0.21458333730697632,0.12181099504232407,1.0,1.0,0.95556640625
geometry_dropout,test_unseen,1088,val:2010_000961:part_14,2010_000961,bird,eye,eye,0.0,0.0,0.21568627655506134,0.0046712183393538,0.95703125,1.0,3.516674041748047e-06
geometry_dropout,test_unseen,1089,val:2010_000961:part_15,2010_000961,bird,beak,beak,0.08695652335882187,0.1599999964237213,0.0,0.0075458139181137085,0.6220703125,0.99951171875,1.7881393432617188e-07
geometry_dropout,test_unseen,1090,val:2010_000961:part_16,2010_000961,bird,torso,torso,0.7763158082962036,0.8740741014480591,0.0984349250793457,0.7283506989479065,1.0,1.0,0.96630859375
geometry_dropout,test_unseen,1091,val:2010_000961:part_18,2010_000961,bird,leg,leg,0.0833333358168602,0.1538461595773697,0.007092198356986046,0.010779733769595623,0.9990234375,1.0,9.5367431640625e-07
geometry_dropout,test_unseen,1092,val:2010_000961:part_19,2010_000961,bird,foot,foot,0.14741036295890808,0.2569444477558136,0.3361702263355255,0.019044196233153343,0.99462890625,1.0,2.384185791015625e-07
geometry_dropout,test_unseen,1093,val:2010_001011:part_100,2010_001011,sheep,head,head,0.01875000074505806,0.03680981695652008,0.3412969410419464,0.016304347664117813,1.0,1.0,0.95556640625
geometry_dropout,test_unseen,1094,val:2010_001011:part_101,2010_001011,sheep,eye,eye,0.0,0.0,0.0,0.0009881423320621252,0.95703125,1.0,3.516674041748047e-06
geometry_dropout,test_unseen,1095,val:2010_001011:part_102,2010_001011,sheep,torso,torso,0.20583869516849518,0.34140336513519287,0.1871287077665329,0.20602767169475555,1.0,1.0,0.96630859375
geometry_dropout,test_unseen,1096,val:2010_001011:part_103,2010_001011,sheep,neck,neck,0.38679245114326477,0.557823121547699,0.1269841343164444,0.0207509882748127,1.0,1.0,0.96630859375
geometry_dropout,test_unseen,1097,val:2010_001011:part_105,2010_001011,sheep,ear,ear,0.0,0.0,0.014018691144883633,0.00963438767939806,0.0006213188171386719,0.96728515625,0.0
geometry_dropout,test_unseen,1098,val:2010_001011:part_106,2010_001011,sheep,muzzle,muzzle,0.0025575447361916304,0.005102040711790323,0.33243969082832336,0.00469367578625679,0.982421875,1.0,3.4570693969726562e-06
geometry_dropout,test_unseen,1099,val:2010_001016:part_12,2010_001016,bird,tail,tail,0.26907631754875183,0.42405062913894653,0.5892857313156128,0.08471665531396866,0.986328125,1.0,6.556510925292969e-07
geometry_dropout,test_unseen,1100,val:2010_001016:part_13,2010_001016,bird,head,head,0.4642857015132904,0.6341463327407837,0.34529146552085876,0.06010303273797035,1.0,1.0,0.95556640625
geometry_dropout,test_unseen,1101,val:2010_001016:part_14,2010_001016,bird,eye,eye,0.0,0.0,0.0,0.004579278640449047,0.95703125,1.0,3.516674041748047e-06
geometry_dropout,test_unseen,1102,val:2010_001016:part_15,2010_001016,bird,beak,beak,0.029411764815449715,0.05714285746216774,0.0,0.01946193538606167,0.6220703125,0.99951171875,1.7881393432617188e-07
geometry_dropout,test_unseen,1103,val:2010_001016:part_16,2010_001016,bird,torso,torso,0.7728732228279114,0.871887743473053,0.05024154484272003,0.6720091700553894,1.0,1.0,0.96630859375
geometry_dropout,test_unseen,1104,val:2010_001016:part_17,2010_001016,bird,neck,neck,0.42222222685813904,0.59375,0.2792207896709442,0.09502003341913223,1.0,1.0,0.96630859375
geometry_dropout,test_unseen,1105,val:2010_001016:part_18,2010_001016,bird,leg,leg,0.06916426867246628,0.12938004732131958,0.6911764740943909,0.05666857585310936,0.9990234375,1.0,9.5367431640625e-07
geometry_dropout,test_unseen,1106,val:2010_001061:part_11,2010_001061,bird,wing,wing,0.0,0.0,0.3891402781009674,0.11526986956596375,0.98779296875,1.0,1.3649463653564453e-05
geometry_dropout,test_unseen,1107,val:2010_001061:part_12,2010_001061,bird,tail,tail,0.0,0.0,0.26553672552108765,0.03688635677099228,0.986328125,1.0,6.556510925292969e-07
geometry_dropout,test_unseen,1108,val:2010_001061:part_13,2010_001061,bird,head,head,0.3298097252845764,0.4960254430770874,0.25600001215934753,0.20558719336986542,1.0,1.0,0.95556640625
geometry_dropout,test_unseen,1109,val:2010_001061:part_14,2010_001061,bird,eye,eye,0.0,0.0,0.0,0.0029834553133696318,0.95703125,1.0,3.516674041748047e-06
geometry_dropout,test_unseen,1110,val:2010_001061:part_15,2010_001061,bird,beak,beak,0.0,0.0,1.0,0.018714401870965958,0.6220703125,0.99951171875,1.7881393432617188e-07
geometry_dropout,test_unseen,1111,val:2010_001061:part_16,2010_001061,bird,torso,torso,0.6378205418586731,0.7788649797439575,0.12319054454565048,0.6064550876617432,1.0,1.0,0.96630859375
geometry_dropout,test_unseen,1112,val:2010_001061:part_18,2010_001061,bird,leg,leg,0.037634409964084625,0.07253886014223099,0.30852994322776794,0.00759425014257431,0.9990234375,1.0,9.5367431640625e-07
geometry_dropout,test_unseen,1113,val:2010_001061:part_19,2010_001061,bird,foot,foot,0.0,0.0,0.0,0.000271223223535344,0.99462890625,1.0,2.384185791015625e-07
geometry_dropout,test_unseen,1114,val:2010_001069:part_12,2010_001069,bird,tail,tail,0.4792899489402771,0.6480000019073486,0.07604562491178513,0.1013316661119461,0.986328125,1.0,6.556510925292969e-07
geometry_dropout,test_unseen,1115,val:2010_001069:part_13,2010_001069,bird,head,head,0.2766439914703369,0.43339255452156067,0.16296295821666718,0.060965459793806076,1.0,1.0,0.95556640625
geometry_dropout,test_unseen,1116,val:2010_001069:part_14,2010_001069,bird,eye,eye,0.0,0.0,0.0,0.0047856844030320644,0.95703125,1.0,3.516674041748047e-06
geometry_dropout,test_unseen,1117,val:2010_001069:part_15,2010_001069,bird,beak,beak,0.0,0.0,0.0,0.054931335151195526,0.6220703125,0.99951171875,1.7881393432617188e-07
geometry_dropout,test_unseen,1118,val:2010_001069:part_16,2010_001069,bird,torso,torso,0.6715481281280518,0.8035044074058533,0.15459975600242615,0.6254681944847107,1.0,1.0,0.96630859375
geometry_dropout,test_unseen,1119,val:2010_001069:part_17,2010_001069,bird,neck,neck,0.5447897911071777,0.7053254246711731,0.19858156144618988,0.08780691027641296,1.0,1.0,0.96630859375
geometry_dropout,test_unseen,1120,val:2010_001069:part_18,2010_001069,bird,leg,leg,0.032873108983039856,0.06365372240543365,0.20620155334472656,0.05846858024597168,0.9990234375,1.0,9.5367431640625e-07
geometry_dropout,test_unseen,1121,val:2010_001079:part_99,2010_001079,sheep,tail,tail,0.0,0.0,0.5840708017349243,0.004889346193522215,0.986328125,1.0,6.556510925292969e-07
geometry_dropout,test_unseen,1122,val:2010_001079:part_102,2010_001079,sheep,torso,torso,0.00869077630341053,0.01723179593682289,0.23270809650421143,0.04786412790417671,1.0,1.0,0.96630859375
geometry_dropout,test_unseen,1123,val:2010_001124:part_61,2010_001124,dog,head,head,0.0,0.0,0.0,0.5493333339691162,1.0,1.0,0.95556640625
geometry_dropout,test_unseen,1124,val:2010_001124:part_63,2010_001124,dog,torso,torso,0.7519146800041199,0.8583918809890747,0.026593076065182686,0.3226666748523712,1.0,1.0,0.96630859375
geometry_dropout,test_unseen,1125,val:2010_001124:part_65,2010_001124,dog,leg,leg,0.06735751032829285,0.12621359527111053,0.0,0.09855318814516068,0.9990234375,1.0,9.5367431640625e-07
geometry_dropout,test_unseen,1126,val:2010_001251:part_79,2010_001251,motorbike,wheel,wheel,0.5316780805587769,0.6942425966262817,0.25180116295814514,0.15329547226428986,0.99853515625,1.0,8.881092071533203e-06
geometry_dropout,test_unseen,1127,val:2010_001256:part_99,2010_001256,sheep,tail,tail,0.32967033982276917,0.4958677589893341,0.14765100181102753,0.01379208080470562,0.986328125,1.0,6.556510925292969e-07
geometry_dropout,test_unseen,1128,val:2010_001256:part_100,2010_001256,sheep,head,head,0.3338683843612671,0.5006017088890076,0.2529711425304413,0.035889070481061935,1.0,1.0,0.95556640625
geometry_dropout,test_unseen,1129,val:2010_001256:part_101,2010_001256,sheep,eye,eye,0.0,0.0,0.0,0.0011864155530929565,0.95703125,1.0,3.516674041748047e-06
geometry_dropout,test_unseen,1130,val:2010_001256:part_102,2010_001256,sheep,torso,torso,0.7723072171211243,0.8715274930000305,0.149017795920372,0.7686489820480347,1.0,1.0,0.96630859375
geometry_dropout,test_unseen,1131,val:2010_001256:part_103,2010_001256,sheep,neck,neck,0.39742085337638855,0.568791925907135,0.14386460185050964,0.0716298371553421,1.0,1.0,0.96630859375
geometry_dropout,test_unseen,1132,val:2010_001256:part_105,2010_001256,sheep,ear,ear,0.17499999701976776,0.2978723347187042,0.17000000178813934,0.005190568044781685,0.0006213188171386719,0.96728515625,0.0
geometry_dropout,test_unseen,1133,val:2010_001256:part_106,2010_001256,sheep,muzzle,muzzle,0.16470588743686676,0.28282827138900757,0.4724409580230713,0.01052943803369999,0.982421875,1.0,3.4570693969726562e-06
geometry_dropout,test_unseen,1134,val:2010_001264:part_61,2010_001264,dog,head,head,0.44893112778663635,0.6196721196174622,0.08954545110464096,0.15029853582382202,1.0,1.0,0.95556640625
geometry_dropout,test_unseen,1135,val:2010_001264:part_63,2010_001264,dog,torso,torso,0.6871932744979858,0.8145993947982788,0.039547476917505264,0.3702388405799866,1.0,1.0,0.96630859375
geometry_dropout,test_unseen,1136,val:2010_001264:part_64,2010_001264,dog,neck,neck,0.45159950852394104,0.6222094893455505,0.018971847370266914,0.09573811292648315,1.0,1.0,0.96630859375
geometry_dropout,test_unseen,1137,val:2010_001264:part_65,2010_001264,dog,leg,leg,0.3637469708919525,0.5334522724151611,0.14481185376644135,0.14051884412765503,0.9990234375,1.0,9.5367431640625e-07
geometry_dropout,test_unseen,1138,val:2010_001264:part_67,2010_001264,dog,paw,paw,0.6161616444587708,0.762499988079071,0.15736040472984314,0.020897673442959785,0.99072265625,1.0,2.384185791015625e-07
geometry_dropout,test_unseen,1139,val:2010_001264:part_68,2010_001264,dog,ear,ear,0.012461058795452118,0.02461538463830948,0.0,0.11560633778572083,0.0006213188171386719,0.96728515625,0.0
geometry_dropout,test_unseen,1140,val:2010_001264:part_69,2010_001264,dog,muzzle,muzzle,0.5377839803695679,0.6994271874427795,0.13091380894184113,0.0913115069270134,0.982421875,1.0,3.4570693969726562e-06
geometry_dropout,test_unseen,1141,val:2010_001376:part_60,2010_001376,dog,tail,tail,0.0,0.0,0.0,0.002103137783706188,0.986328125,1.0,6.556510925292969e-07
geometry_dropout,test_unseen,1142,val:2010_001376:part_61,2010_001376,dog,head,head,0.17571036517620087,0.2989007532596588,0.07868269085884094,0.08610246330499649,1.0,1.0,0.95556640625
geometry_dropout,test_unseen,1143,val:2010_001376:part_62,2010_001376,dog,eye,eye,0.11500974744558334,0.20629370212554932,0.0,0.0026499538216739893,0.95703125,1.0,3.516674041748047e-06
geometry_dropout,test_unseen,1144,val:2010_001376:part_63,2010_001376,dog,torso,torso,0.4393515884876251,0.6104854345321655,0.05364253744482994,0.18242618441581726,1.0,1.0,0.96630859375
geometry_dropout,test_unseen,1145,val:2010_001376:part_65,2010_001376,dog,leg,leg,0.3193420171737671,0.4840928614139557,0.04090121388435364,0.07432489097118378,0.9990234375,1.0,9.5367431640625e-07
geometry_dropout,test_unseen,1146,val:2010_001376:part_66,2010_001376,dog,nose,nose,0.008547008968889713,0.016949152573943138,0.0,0.0035332716070115566,0.026153564453125,0.994140625,0.0
geometry_dropout,test_unseen,1147,val:2010_001376:part_67,2010_001376,dog,paw,paw,0.12682519853115082,0.22510181367397308,0.09922756999731064,0.04281988739967346,0.99072265625,1.0,2.384185791015625e-07
geometry_dropout,test_unseen,1148,val:2010_001376:part_68,2010_001376,dog,ear,ear,0.13380281627178192,0.23602484166622162,0.13296903669834137,0.02153613232076168,0.0006213188171386719,0.96728515625,0.0
geometry_dropout,test_unseen,1149,val:2010_001376:part_69,2010_001376,dog,muzzle,muzzle,0.356865793466568,0.5260148644447327,0.0,0.04290401190519333,0.982421875,1.0,3.4570693969726562e-06
geometry_dropout,test_unseen,1150,val:2010_001403:part_35,2010_001403,car,side,side,0.0,0.0,0.44534412026405334,0.0006373486248776317,1.0,1.0,0.0604248046875
geometry_dropout,test_unseen,1151,val:2010_001522:part_100,2010_001522,sheep,head,head,0.41295936703681946,0.5845311284065247,0.11208576709032059,0.07283992320299149,1.0,1.0,0.95556640625
geometry_dropout,test_unseen,1152,val:2010_001522:part_101,2010_001522,sheep,eye,eye,0.029629629105329514,0.057553958147764206,0.12631578743457794,0.007367716170847416,0.95703125,1.0,3.516674041748047e-06
geometry_dropout,test_unseen,1153,val:2010_001522:part_102,2010_001522,sheep,torso,torso,0.6463414430618286,0.7851851582527161,0.28636008501052856,0.7116543650627136,1.0,1.0,0.96630859375
geometry_dropout,test_unseen,1154,val:2010_001522:part_103,2010_001522,sheep,neck,neck,0.4822694957256317,0.6507176756858826,0.15860214829444885,0.07769591361284256,1.0,1.0,0.96630859375
geometry_dropout,test_unseen,1155,val:2010_001522:part_105,2010_001522,sheep,ear,ear,0.53125,0.6938775777816772,0.40851062536239624,0.04437374323606491,0.0006213188171386719,0.96728515625,0.0
geometry_dropout,test_unseen,1156,val:2010_001522:part_106,2010_001522,sheep,muzzle,muzzle,0.5660377144813538,0.7228915691375732,0.056603774428367615,0.06530475616455078,0.982421875,1.0,3.4570693969726562e-06
geometry_dropout,test_unseen,1157,val:2010_001553:part_82,2010_001553,motorbike,headlight,headlight,0.0,0.0,0.0,0.5178830623626709,1.0,1.0,0.137939453125
geometry_dropout,test_unseen,1158,val:2010_001557:part_102,2010_001557,sheep,torso,torso,0.4837462604045868,0.6520606279373169,0.12515802681446075,0.4429376721382141,1.0,1.0,0.96630859375
geometry_dropout,test_unseen,1159,val:2010_001557:part_105,2010_001557,sheep,ear,ear,0.0,0.0,0.0,0.004266341682523489,0.0006213188171386719,0.96728515625,0.0
geometry_dropout,test_unseen,1160,val:2010_001563:part_61,2010_001563,dog,head,head,0.10439560562372208,0.1890547275543213,0.7262569665908813,0.05140186846256256,1.0,1.0,0.95556640625
geometry_dropout,test_unseen,1161,val:2010_001563:part_63,2010_001563,dog,torso,torso,0.22891566157341003,0.37254902720451355,0.4433962404727936,0.4672897160053253,1.0,1.0,0.96630859375
geometry_dropout,test_unseen,1162,val:2010_001563:part_64,2010_001563,dog,neck,neck,0.0,0.0,0.0,0.02570093423128128,1.0,1.0,0.96630859375
geometry_dropout,test_unseen,1163,val:2010_001563:part_65,2010_001563,dog,leg,leg,0.04406779631972313,0.08441558480262756,0.6545454263687134,0.07710280269384384,0.9990234375,1.0,9.5367431640625e-07
geometry_dropout,test_unseen,1164,val:2010_001563:part_67,2010_001563,dog,paw,paw,0.0,0.0,0.0,0.004672897048294544,0.99072265625,1.0,2.384185791015625e-07
geometry_dropout,test_unseen,1165,val:2010_001563:part_68,2010_001563,dog,ear,ear,0.0,0.0,1.0,0.018691588193178177,0.0006213188171386719,0.96728515625,0.0
geometry_dropout,test_unseen,1166,val:2010_001563:part_69,2010_001563,dog,muzzle,muzzle,0.0833333358168602,0.1538461595773697,0.7037037014961243,0.02102803811430931,0.982421875,1.0,3.4570693969726562e-06
geometry_dropout,test_unseen,1167,val:2010_001577:part_100,2010_001577,sheep,head,head,0.33376792073249817,0.5004887580871582,0.06635802239179611,0.15884621441364288,1.0,1.0,0.95556640625
geometry_dropout,test_unseen,1168,val:2010_001577:part_101,2010_001577,sheep,eye,eye,0.138364776968956,0.24309392273426056,0.0,0.0035352723207324743,0.95703125,1.0,3.516674041748047e-06
geometry_dropout,test_unseen,1169,val:2010_001577:part_102,2010_001577,sheep,torso,torso,0.5554555058479309,0.7142030000686646,0.08841463178396225,0.3319942057132721,1.0,1.0,0.96630859375
geometry_dropout,test_unseen,1170,val:2010_001577:part_105,2010_001577,sheep,ear,ear,0.2871287167072296,0.446153849363327,0.1769547313451767,0.03679897263646126,0.0006213188171386719,0.96728515625,0.0
geometry_dropout,test_unseen,1171,val:2010_001577:part_106,2010_001577,sheep,muzzle,muzzle,0.42595672607421875,0.5974329113960266,0.12385918945074081,0.09055118262767792,0.982421875,1.0,3.4570693969726562e-06
geometry_dropout,test_unseen,1172,val:2010_001767:part_32,2010_001767,car,wheel,wheel,0.0,0.0,1.0,0.14799588918685913,0.99853515625,1.0,8.881092071533203e-06
geometry_dropout,test_unseen,1173,val:2010_001767:part_35,2010_001767,car,side,side,0.009803921915590763,0.019417475908994675,0.515625,0.2404933124780655,1.0,1.0,0.0604248046875
geometry_dropout,test_unseen,1174,val:2010_001767:part_38,2010_001767,car,mirror,mirror,0.0,0.0,1.0,0.011305241845548153,0.84912109375,1.0,4.231929779052734e-06
geometry_dropout,test_unseen,1175,val:2010_001767:part_40,2010_001767,car,door,door,0.0,0.0,1.0,0.3309352397918701,0.15771484375,0.998046875,0.0
geometry_dropout,test_unseen,1176,val:2010_001767:part_41,2010_001767,car,window,window,0.0,0.0,0.0,0.2281603217124939,1.0,1.0,0.327880859375
geometry_dropout,test_unseen,1177,val:2010_001768:part_61,2010_001768,dog,head,head,0.0,0.0,1.0,0.041871920228004456,1.0,1.0,0.95556640625
geometry_dropout,test_unseen,1178,val:2010_001768:part_63,2010_001768,dog,torso,torso,0.0,0.0,1.0,0.11822660267353058,1.0,1.0,0.96630859375
geometry_dropout,test_unseen,1179,val:2010_001768:part_64,2010_001768,dog,neck,neck,0.0,0.0,0.0,0.009852216579020023,1.0,1.0,0.96630859375
geometry_dropout,test_unseen,1180,val:2010_001768:part_65,2010_001768,dog,leg,leg,0.0,0.0,1.0,0.0911330059170723,0.9990234375,1.0,9.5367431640625e-07
geometry_dropout,test_unseen,1181,val:2010_001768:part_66,2010_001768,dog,nose,nose,0.0,0.0,0.0,0.002463054144755006,0.026153564453125,0.994140625,0.0
geometry_dropout,test_unseen,1182,val:2010_001768:part_67,2010_001768,dog,paw,paw,0.0,0.0,0.0,0.007389162667095661,0.99072265625,1.0,2.384185791015625e-07
geometry_dropout,test_unseen,1183,val:2010_001768:part_69,2010_001768,dog,muzzle,muzzle,0.0,0.0,0.0,0.009852216579020023,0.982421875,1.0,3.4570693969726562e-06
geometry_dropout,test_unseen,1184,val:2010_001820:part_12,2010_001820,bird,tail,tail,0.01840490847826004,0.03614457696676254,0.0,0.4074999988079071,0.986328125,1.0,6.556510925292969e-07
geometry_dropout,test_unseen,1185,val:2010_001820:part_13,2010_001820,bird,head,head,0.0,0.0,0.46666666865348816,0.027499999850988388,1.0,1.0,0.95556640625
geometry_dropout,test_unseen,1186,val:2010_001820:part_16,2010_001820,bird,torso,torso,0.16883116960525513,0.2888889014720917,0.6071428656578064,0.550000011920929,1.0,1.0,0.96630859375
geometry_dropout,test_unseen,1187,val:2010_001908:part_60,2010_001908,dog,tail,tail,0.1701388955116272,0.29080119729042053,0.6091954112052917,0.03125,0.986328125,1.0,6.556510925292969e-07
geometry_dropout,test_unseen,1188,val:2010_001908:part_61,2010_001908,dog,head,head,0.45959922671318054,0.6297608613967896,0.03667820245027542,0.1558665633201599,1.0,1.0,0.95556640625
geometry_dropout,test_unseen,1189,val:2010_001908:part_62,2010_001908,dog,eye,eye,0.12837837636470795,0.227544903755188,0.0,0.007285275962203741,0.95703125,1.0,3.516674041748047e-06
geometry_dropout,test_unseen,1190,val:2010_001908:part_63,2010_001908,dog,torso,torso,0.7212703824043274,0.8380674719810486,0.04798206314444542,0.36215490102767944,1.0,1.0,0.96630859375
geometry_dropout,test_unseen,1191,val:2010_001908:part_65,2010_001908,dog,leg,leg,0.41326531767845154,0.5848375558853149,0.50600266456604,0.2060966193675995,0.9990234375,1.0,9.5367431640625e-07
geometry_dropout,test_unseen,1192,val:2010_001908:part_66,2010_001908,dog,nose,nose,0.3636363744735718,0.5333333611488342,0.0,0.010352760553359985,0.026153564453125,0.994140625,0.0
geometry_dropout,test_unseen,1193,val:2010_001908:part_67,2010_001908,dog,paw,paw,0.4164178967475891,0.5879873633384705,0.5,0.060391105711460114,0.99072265625,1.0,2.384185791015625e-07
geometry_dropout,test_unseen,1194,val:2010_001908:part_68,2010_001908,dog,ear,ear,0.3855421543121338,0.5565217137336731,0.08923076838254929,0.0920245423913002,0.0006213188171386719,0.96728515625,0.0
geometry_dropout,test_unseen,1195,val:2010_001908:part_69,2010_001908,dog,muzzle,muzzle,0.5519590973854065,0.7113062739372253,0.03412969410419464,0.062308281660079956,0.982421875,1.0,3.4570693969726562e-06
geometry_dropout,test_unseen,1196,val:2010_001956:part_61,2010_001956,dog,head,head,0.4447123408317566,0.6156413555145264,0.052004940807819366,0.26145386695861816,1.0,1.0,0.95556640625
geometry_dropout,test_unseen,1197,val:2010_001956:part_62,2010_001956,dog,eye,eye,0.25095057487487793,0.4012157917022705,0.0,0.00922419037669897,0.95703125,1.0,3.516674041748047e-06
geometry_dropout,test_unseen,1198,val:2010_001956:part_63,2010_001956,dog,torso,torso,0.5262545347213745,0.6896025538444519,0.08961327373981476,0.27794745564460754,1.0,1.0,0.96630859375
geometry_dropout,test_unseen,1199,val:2010_001956:part_65,2010_001956,dog,leg,leg,0.16852612793445587,0.2884422242641449,0.048766158521175385,0.017593158408999443,0.9990234375,1.0,9.5367431640625e-07
geometry_dropout,test_unseen,1200,val:2010_001956:part_66,2010_001956,dog,nose,nose,0.27040815353393555,0.4257028102874756,0.0,0.010751374065876007,0.026153564453125,0.994140625,0.0
geometry_dropout,test_unseen,1201,val:2010_001956:part_67,2010_001956,dog,paw,paw,0.8517017960548401,0.9199124574661255,0.10033167153596878,0.06591325253248215,0.99072265625,1.0,2.384185791015625e-07
geometry_dropout,test_unseen,1202,val:2010_001956:part_68,2010_001956,dog,ear,ear,0.0,0.0,0.0,0.10366524010896683,0.0006213188171386719,0.96728515625,0.0
geometry_dropout,test_unseen,1203,val:2010_001956:part_69,2010_001956,dog,muzzle,muzzle,0.5352514386177063,0.6972817778587341,0.00826730951666832,0.18448381125926971,0.982421875,1.0,3.4570693969726562e-06
geometry_dropout,test_unseen,1204,val:2010_001966:part_32,2010_001966,car,wheel,wheel,0.0,0.0,1.0,0.06167401000857353,0.99853515625,1.0,8.881092071533203e-06
geometry_dropout,test_unseen,1205,val:2010_001966:part_36,2010_001966,car,back,back,0.4293193817138672,0.6007326245307922,0.1972789168357849,0.5550661087036133,1.0,1.0,0.90283203125
geometry_dropout,test_unseen,1206,val:2010_001966:part_41,2010_001966,car,window,window,0.0,0.0,0.0,0.11013215780258179,1.0,1.0,0.327880859375
geometry_dropout,test_unseen,1207,val:2010_001995:part_13,2010_001995,bird,head,head,0.4265117049217224,0.5979785323143005,0.10722610354423523,0.42139092087745667,1.0,1.0,0.95556640625
geometry_dropout,test_unseen,1208,val:2010_001995:part_14,2010_001995,bird,eye,eye,0.224561408162117,0.3667621910572052,0.0,0.009893840178847313,0.95703125,1.0,3.516674041748047e-06
geometry_dropout,test_unseen,1209,val:2010_001995:part_15,2010_001995,bird,beak,beak,0.42203742265701294,0.5935672521591187,0.0,0.02968151867389679,0.6220703125,0.99951171875,1.7881393432617188e-07
geometry_dropout,test_unseen,1210,val:2010_001995:part_16,2010_001995,bird,torso,torso,0.6522043943405151,0.7894960045814514,0.06573757529258728,0.5373727083206177,1.0,1.0,0.96630859375
geometry_dropout,test_unseen,1211,val:2010_002106:part_100,2010_002106,sheep,head,head,0.29391559958457947,0.45430412888526917,0.05342758446931839,0.11714944988489151,1.0,1.0,0.95556640625
geometry_dropout,test_unseen,1212,val:2010_002106:part_101,2010_002106,sheep,eye,eye,0.0,0.0,0.0,0.002114842412993312,0.95703125,1.0,3.516674041748047e-06
geometry_dropout,test_unseen,1213,val:2010_002106:part_102,2010_002106,sheep,torso,torso,0.39516857266426086,0.5664814710617065,0.15148188173770905,0.3418354392051697,1.0,1.0,0.96630859375
geometry_dropout,test_unseen,1214,val:2010_002106:part_105,2010_002106,sheep,ear,ear,0.36347517371177673,0.5331599712371826,0.014668367803096771,0.0473596528172493,0.0006213188171386719,0.96728515625,0.0
geometry_dropout,test_unseen,1215,val:2010_002106:part_106,2010_002106,sheep,muzzle,muzzle,0.6252252459526062,0.7694013118743896,0.24196597933769226,0.09561651200056076,0.982421875,1.0,3.4570693969726562e-06
geometry_dropout,test_unseen,1216,val:2010_002142:part_11,2010_002142,bird,wing,wing,0.29048842191696167,0.4501992166042328,0.19240505993366241,0.5234206914901733,0.98779296875,1.0,1.3649463653564453e-05
geometry_dropout,test_unseen,1217,val:2010_002142:part_13,2010_002142,bird,head,head,0.0,0.0,0.0,0.062311988323926926,1.0,1.0,0.95556640625
geometry_dropout,test_unseen,1218,val:2010_002142:part_14,2010_002142,bird,eye,eye,0.0,0.0,0.0,0.0025784270837903023,0.95703125,1.0,3.516674041748047e-06
geometry_dropout,test_unseen,1219,val:2010_002142:part_15,2010_002142,bird,beak,beak,0.0,0.0,0.0,0.005586592014878988,0.6220703125,0.99951171875,1.7881393432617188e-07
geometry_dropout,test_unseen,1220,val:2010_002142:part_16,2010_002142,bird,torso,torso,0.6622806787490845,0.7968337535858154,0.042274054139852524,0.3566824197769165,1.0,1.0,0.96630859375
geometry_dropout,test_unseen,1221,val:2010_002142:part_18,2010_002142,bird,leg,leg,0.009487666189670563,0.01879699155688286,0.12303149700164795,0.020627416670322418,0.9990234375,1.0,9.5367431640625e-07
geometry_dropout,test_unseen,1222,val:2010_002228:part_61,2010_002228,dog,head,head,0.5933484435081482,0.7447817921638489,0.06515906751155853,0.12624715268611908,1.0,1.0,0.95556640625
geometry_dropout,test_unseen,1223,val:2010_002228:part_62,2010_002228,dog,eye,eye,0.044247787445783615,0.08474576473236084,0.0,0.004556524567306042,0.95703125,1.0,3.516674041748047e-06
geometry_dropout,test_unseen,1224,val:2010_002228:part_63,2010_002228,dog,torso,torso,0.7934982180595398,0.8848608732223511,0.07706481963396072,0.5797784328460693,1.0,1.0,0.96630859375
geometry_dropout,test_unseen,1225,val:2010_002228:part_65,2010_002228,dog,leg,leg,0.49254924058914185,0.6600106954574585,0.14497528970241547,0.15452903509140015,0.9990234375,1.0,9.5367431640625e-07
geometry_dropout,test_unseen,1226,val:2010_002228:part_66,2010_002228,dog,nose,nose,0.0,0.0,0.0,0.0043208422139286995,0.026153564453125,0.994140625,0.0
geometry_dropout,test_unseen,1227,val:2010_002228:part_67,2010_002228,dog,paw,paw,0.42234042286872864,0.5938668847084045,0.33598726987838745,0.055699583142995834,0.99072265625,1.0,2.384185791015625e-07
geometry_dropout,test_unseen,1228,val:2010_002228:part_68,2010_002228,dog,ear,ear,0.625523030757904,0.769626796245575,0.15903614461421967,0.028438998386263847,0.0006213188171386719,0.96728515625,0.0
geometry_dropout,test_unseen,1229,val:2010_002228:part_69,2010_002228,dog,muzzle,muzzle,0.2933673560619354,0.4536489248275757,0.03646833077073097,0.0365307554602623,0.982421875,1.0,3.4570693969726562e-06
geometry_dropout,test_unseen,1230,val:2010_002232:part_99,2010_002232,sheep,tail,tail,0.20336943864822388,0.33799999952316284,0.24860335886478424,0.04993845522403717,0.986328125,1.0,6.556510925292969e-07
geometry_dropout,test_unseen,1231,val:2010_002232:part_100,2010_002232,sheep,head,head,0.0,0.0,0.0,0.0015825567534193397,1.0,1.0,0.95556640625
geometry_dropout,test_unseen,1232,val:2010_002232:part_102,2010_002232,sheep,torso,torso,0.7025270462036133,0.8252756595611572,0.0967022031545639,0.5347283482551575,1.0,1.0,0.96630859375
geometry_dropout,test_unseen,1233,val:2010_002271:part_79,2010_002271,motorbike,wheel,wheel,0.7045859098434448,0.8266944885253906,0.05742501839995384,0.4329283535480499,0.99853515625,1.0,8.881092071533203e-06
geometry_dropout,test_unseen,1234,val:2010_002361:part_32,2010_002361,car,wheel,wheel,0.5297691226005554,0.6926131844520569,0.14404432475566864,0.027132174000144005,0.99853515625,1.0,8.881092071533203e-06
geometry_dropout,test_unseen,1235,val:2010_002361:part_33,2010_002361,car,headlight,headlight,0.3606237769126892,0.5300859808921814,0.0,0.019957559183239937,1.0,1.0,0.137939453125
geometry_dropout,test_unseen,1236,val:2010_002361:part_34,2010_002361,car,front,front,0.664630651473999,0.7985323071479797,0.04702562838792801,0.45149555802345276,1.0,1.0,0.8779296875
geometry_dropout,test_unseen,1237,val:2010_002361:part_35,2010_002361,car,side,side,0.42464834451675415,0.5961447954177856,0.06558210402727127,0.13171988725662231,1.0,1.0,0.0604248046875
geometry_dropout,test_unseen,1238,val:2010_002361:part_37,2010_002361,car,roof,roof,0.009386916644871235,0.018599243834614754,0.029906542971730232,0.011671382002532482,1.0,1.0,0.99267578125
geometry_dropout,test_unseen,1239,val:2010_002361:part_40,2010_002361,car,door,door,0.0,0.0,0.0,0.03400363773107529,0.15771484375,0.998046875,0.0
geometry_dropout,test_unseen,1240,val:2010_002361:part_41,2010_002361,car,window,window,0.49601367115974426,0.6631138324737549,0.0,0.045675020664930344,1.0,1.0,0.327880859375
geometry_dropout,test_unseen,1241,val:2010_002396:part_79,2010_002396,motorbike,wheel,wheel,0.32400813698768616,0.48943525552749634,0.36335402727127075,0.2147199958562851,0.99853515625,1.0,8.881092071533203e-06
geometry_dropout,test_unseen,1242,val:2010_002396:part_82,2010_002396,motorbike,headlight,headlight,0.0,0.0,0.0,0.04447999969124794,1.0,1.0,0.137939453125
geometry_dropout,test_unseen,1243,val:2010_002450:part_11,2010_002450,bird,wing,wing,0.22250638902187347,0.36401674151420593,0.3717948794364929,0.24444444477558136,0.98779296875,1.0,1.3649463653564453e-05
geometry_dropout,test_unseen,1244,val:2010_002450:part_12,2010_002450,bird,tail,tail,0.025423727929592133,0.04958677664399147,0.3636363744735718,0.12222222238779068,0.986328125,1.0,6.556510925292969e-07
geometry_dropout,test_unseen,1245,val:2010_002450:part_13,2010_002450,bird,head,head,0.38297873735427856,0.5538461804389954,0.2971014380455017,0.15833333134651184,1.0,1.0,0.95556640625
geometry_dropout,test_unseen,1246,val:2010_002450:part_15,2010_002450,bird,beak,beak,0.0,0.0,0.0,0.008333333767950535,0.6220703125,0.99951171875,1.7881393432617188e-07
geometry_dropout,test_unseen,1247,val:2010_002450:part_16,2010_002450,bird,torso,torso,0.40234375,0.573816180229187,0.0891089141368866,0.43611112236976624,1.0,1.0,0.96630859375
geometry_dropout,test_unseen,1248,val:2010_002480:part_61,2010_002480,dog,head,head,0.3378095030784607,0.5050188302993774,0.039056841284036636,0.21911850571632385,1.0,1.0,0.95556640625
geometry_dropout,test_unseen,1249,val:2010_002480:part_62,2010_002480,dog,eye,eye,0.44999998807907104,0.6206896305084229,0.11782477051019669,0.009199632331728935,0.95703125,1.0,3.516674041748047e-06
geometry_dropout,test_unseen,1250,val:2010_002480:part_63,2010_002480,dog,torso,torso,0.5380445122718811,0.6996475458145142,0.061722200363874435,0.25955507159233093,1.0,1.0,0.96630859375
geometry_dropout,test_unseen,1251,val:2010_002480:part_64,2010_002480,dog,neck,neck,0.5055731534957886,0.6716022491455078,0.0006933850818313658,0.1559755802154541,1.0,1.0,0.96630859375
geometry_dropout,test_unseen,1252,val:2010_002480:part_66,2010_002480,dog,nose,nose,0.46568626165390015,0.6354514956474304,0.0,0.034122273325920105,0.026153564453125,0.994140625,0.0
geometry_dropout,test_unseen,1253,val:2010_002480:part_68,2010_002480,dog,ear,ear,0.6236510872840881,0.7682082653045654,0.08565989881753922,0.08509659767150879,0.0006213188171386719,0.96728515625,0.0
geometry_dropout,test_unseen,1254,val:2010_002480:part_69,2010_002480,dog,muzzle,muzzle,0.5698078274726868,0.7259587049484253,0.06077348068356514,0.2335451990365982,0.982421875,1.0,3.4570693969726562e-06
geometry_dropout,test_unseen,1255,val:2010_002546:part_35,2010_002546,car,side,side,0.0,0.0,1.0,0.004608294926583767,1.0,1.0,0.0604248046875
geometry_dropout,test_unseen,1256,val:2010_002902:part_33,2010_002902,car,headlight,headlight,0.016229713335633278,0.03194103017449379,0.0,0.05649355426430702,1.0,1.0,0.137939453125
geometry_dropout,test_unseen,1257,val:2010_002902:part_34,2010_002902,car,front,front,0.7667222619056702,0.8679601550102234,0.0347222238779068,0.6986535787582397,1.0,1.0,0.8779296875
geometry_dropout,test_unseen,1258,val:2010_002902:part_38,2010_002902,car,mirror,mirror,0.0,0.0,0.0,0.008691315539181232,0.84912109375,1.0,4.231929779052734e-06
geometry_dropout,test_unseen,1259,val:2010_002902:part_41,2010_002902,car,window,window,0.6029340028762817,0.7522879838943481,0.020847342908382416,0.12759137153625488,1.0,1.0,0.327880859375
geometry_dropout,test_unseen,1260,val:2010_002988:part_32,2010_002988,car,wheel,wheel,0.2947368323802948,0.45528456568717957,0.2519809901714325,0.05158556252717972,0.99853515625,1.0,8.881092071533203e-06
geometry_dropout,test_unseen,1261,val:2010_002988:part_33,2010_002988,car,headlight,headlight,0.07299269735813141,0.13605442643165588,0.0,0.017536168918013573,1.0,1.0,0.137939453125
geometry_dropout,test_unseen,1262,val:2010_002988:part_34,2010_002988,car,front,front,0.7260563373565674,0.8412892818450928,0.0,0.19216717779636383,1.0,1.0,0.8779296875
geometry_dropout,test_unseen,1263,val:2010_002988:part_35,2010_002988,car,side,side,0.3101175129413605,0.4734193682670593,0.13150030374526978,0.17901505529880524,1.0,1.0,0.0604248046875
geometry_dropout,test_unseen,1264,val:2010_002988:part_38,2010_002988,car,mirror,mirror,0.0,0.0,0.0,0.0018997516017407179,0.84912109375,1.0,4.231929779052734e-06
geometry_dropout,test_unseen,1265,val:2010_002988:part_41,2010_002988,car,window,window,0.446304053068161,0.6171649098396301,0.02642706222832203,0.1648399829864502,1.0,1.0,0.327880859375
geometry_dropout,test_unseen,1266,val:2010_003060:part_61,2010_003060,dog,head,head,0.5054207444190979,0.6714677810668945,0.09953464567661285,0.21287664771080017,1.0,1.0,0.95556640625
geometry_dropout,test_unseen,1267,val:2010_003060:part_62,2010_003060,dog,eye,eye,0.4208860695362091,0.5924276113510132,0.0,0.016366789117455482,0.95703125,1.0,3.516674041748047e-06
geometry_dropout,test_unseen,1268,val:2010_003060:part_63,2010_003060,dog,torso,torso,0.52565997838974,0.6890919208526611,0.08956968784332275,0.31953176856040955,1.0,1.0,0.96630859375
geometry_dropout,test_unseen,1269,val:2010_003060:part_64,2010_003060,dog,neck,neck,0.5260960459709167,0.6894664764404297,0.013853903859853745,0.15163667500019073,1.0,1.0,0.96630859375
geometry_dropout,test_unseen,1270,val:2010_003060:part_65,2010_003060,dog,leg,leg,0.21449275314807892,0.35322195291519165,0.053605616092681885,0.05722956731915474,0.9990234375,1.0,9.5367431640625e-07
geometry_dropout,test_unseen,1271,val:2010_003060:part_66,2010_003060,dog,nose,nose,0.5270270109176636,0.6902654767036438,0.0,0.016800347715616226,0.026153564453125,0.994140625,0.0
geometry_dropout,test_unseen,1272,val:2010_003060:part_67,2010_003060,dog,paw,paw,0.19640180468559265,0.32832080125808716,0.18035714328289032,0.025796661153435707,0.99072265625,1.0,2.384185791015625e-07
geometry_dropout,test_unseen,1273,val:2010_003060:part_68,2010_003060,dog,ear,ear,0.6466275453567505,0.7853962779045105,0.22987616062164307,0.10340342670679092,0.0006213188171386719,0.96728515625,0.0
geometry_dropout,test_unseen,1274,val:2010_003060:part_69,2010_003060,dog,muzzle,muzzle,0.5964912176132202,0.7472527623176575,0.031060094013810158,0.09592456370592117,0.982421875,1.0,3.4570693969726562e-06
geometry_dropout,test_unseen,1275,val:2010_003123:part_35,2010_003123,car,side,side,0.0,0.0,0.4821428656578064,0.060141511261463165,1.0,1.0,0.0604248046875
geometry_dropout,test_unseen,1276,val:2010_003123:part_36,2010_003123,car,back,back,0.10683760792016983,0.19305019080638885,0.018115941435098648,0.2853773534297943,1.0,1.0,0.90283203125
geometry_dropout,test_unseen,1277,val:2010_003123:part_37,2010_003123,car,roof,roof,0.0,0.0,0.0,0.05896226316690445,1.0,1.0,0.99267578125
geometry_dropout,test_unseen,1278,val:2010_003123:part_38,2010_003123,car,mirror,mirror,0.0,0.0,0.0,0.003537735901772976,0.84912109375,1.0,4.231929779052734e-06
geometry_dropout,test_unseen,1279,val:2010_003123:part_41,2010_003123,car,window,window,0.0,0.0,0.0,0.09551886469125748,1.0,1.0,0.327880859375
geometry_dropout,test_unseen,1280,val:2010_003168:part_11,2010_003168,bird,wing,wing,0.22778674960136414,0.371052622795105,0.3660377264022827,0.093533955514431,0.98779296875,1.0,1.3649463653564453e-05
geometry_dropout,test_unseen,1281,val:2010_003168:part_12,2010_003168,bird,tail,tail,0.18867924809455872,0.3174603283405304,0.3470790386199951,0.03538023680448532,0.986328125,1.0,6.556510925292969e-07
geometry_dropout,test_unseen,1282,val:2010_003168:part_13,2010_003168,bird,head,head,0.0,0.0,0.8947368264198303,0.017486782744526863,1.0,1.0,0.95556640625
geometry_dropout,test_unseen,1283,val:2010_003168:part_14,2010_003168,bird,eye,eye,0.0,0.0,0.0,0.0008133387309499085,0.95703125,1.0,3.516674041748047e-06
geometry_dropout,test_unseen,1284,val:2010_003168:part_15,2010_003168,bird,beak,beak,0.0,0.0,0.0,0.0012200081255286932,0.6220703125,0.99951171875,1.7881393432617188e-07
geometry_dropout,test_unseen,1285,val:2010_003168:part_16,2010_003168,bird,torso,torso,0.6074400544166565,0.7557856440544128,0.09118357300758362,0.6620577573776245,1.0,1.0,0.96630859375
geometry_dropout,test_unseen,1286,val:2010_003168:part_18,2010_003168,bird,leg,leg,0.0012254902394488454,0.0024479804560542107,0.23097826540470123,0.03294022008776665,0.9990234375,1.0,9.5367431640625e-07
geometry_dropout,test_unseen,1287,val:2010_003168:part_19,2010_003168,bird,foot,foot,0.0,0.0,0.39094650745391846,0.013826758600771427,0.99462890625,1.0,2.384185791015625e-07
geometry_dropout,test_unseen,1288,val:2010_003187:part_61,2010_003187,dog,head,head,0.5381001234054565,0.6996945142745972,0.08268363028764725,0.33770033717155457,1.0,1.0,0.95556640625
geometry_dropout,test_unseen,1289,val:2010_003187:part_62,2010_003187,dog,eye,eye,0.4028925597667694,0.5743740797042847,0.0,0.01399135123938322,0.95703125,1.0,3.516674041748047e-06
geometry_dropout,test_unseen,1290,val:2010_003187:part_63,2010_003187,dog,torso,torso,0.3973022699356079,0.5686704516410828,0.08861859142780304,0.07173746824264526,1.0,1.0,0.96630859375
geometry_dropout,test_unseen,1291,val:2010_003187:part_65,2010_003187,dog,leg,leg,0.2805611193180084,0.4381846487522125,0.146015003323555,0.09278809279203415,0.9990234375,1.0,9.5367431640625e-07
geometry_dropout,test_unseen,1292,val:2010_003187:part_66,2010_003187,dog,nose,nose,0.31042128801345825,0.4737732708454132,0.0,0.028682269155979156,0.026153564453125,0.994140625,0.0
geometry_dropout,test_unseen,1293,val:2010_003187:part_67,2010_003187,dog,paw,paw,0.4537357687950134,0.6242341995239258,0.23207300901412964,0.08929025381803513,0.99072265625,1.0,2.384185791015625e-07
geometry_dropout,test_unseen,1294,val:2010_003187:part_68,2010_003187,dog,ear,ear,0.12809917330741882,0.2271062284708023,0.0,0.16153649985790253,0.0006213188171386719,0.96728515625,0.0
geometry_dropout,test_unseen,1295,val:2010_003187:part_69,2010_003187,dog,muzzle,muzzle,0.5315144062042236,0.6941030621528625,0.04603669047355652,0.1965784728527069,0.982421875,1.0,3.4570693969726562e-06
geometry_dropout,test_unseen,1296,val:2010_003207:part_79,2010_003207,motorbike,wheel,wheel,0.2858234643936157,0.44457653164863586,0.19768403470516205,0.43696796894073486,0.99853515625,1.0,8.881092071533203e-06
geometry_dropout,test_unseen,1297,val:2010_003207:part_82,2010_003207,motorbike,headlight,headlight,0.0,0.0,0.0,0.045399270951747894,1.0,1.0,0.137939453125
geometry_dropout,test_unseen,1298,val:2010_003231:part_32,2010_003231,car,wheel,wheel,0.2150000035762787,0.3539094626903534,0.5677233338356018,0.03654048219323158,0.99853515625,1.0,8.881092071533203e-06
geometry_dropout,test_unseen,1299,val:2010_003231:part_35,2010_003231,car,side,side,0.07074973732233047,0.13214990496635437,0.2306843250989914,0.028391167521476746,1.0,1.0,0.0604248046875
geometry_dropout,test_unseen,1300,val:2010_003231:part_36,2010_003231,car,back,back,0.5316526889801025,0.6942209005355835,0.015882711857557297,0.5767613053321838,1.0,1.0,0.90283203125
geometry_dropout,test_unseen,1301,val:2010_003231:part_37,2010_003231,car,roof,roof,0.0,0.0,0.1850961595773697,0.08096740394830704,1.0,1.0,0.99267578125
geometry_dropout,test_unseen,1302,val:2010_003231:part_38,2010_003231,car,mirror,mirror,0.09890110045671463,0.18000000715255737,0.6022727489471436,0.0031545741949230433,0.84912109375,1.0,4.231929779052734e-06
geometry_dropout,test_unseen,1303,val:2010_003231:part_41,2010_003231,car,window,window,0.5328466892242432,0.6952381134033203,0.005865102633833885,0.26235541701316833,1.0,1.0,0.327880859375
geometry_dropout,test_unseen,1304,val:2010_003276:part_32,2010_003276,car,wheel,wheel,0.6898288130760193,0.8164481520652771,0.08142493665218353,0.062338389456272125,0.99853515625,1.0,8.881092071533203e-06
geometry_dropout,test_unseen,1305,val:2010_003276:part_33,2010_003276,car,headlight,headlight,0.0,0.0,0.0,0.03682996705174446,1.0,1.0,0.137939453125
geometry_dropout,test_unseen,1306,val:2010_003276:part_34,2010_003276,car,front,front,0.5087476968765259,0.6743972897529602,0.010139117948710918,0.390663206577301,1.0,1.0,0.8779296875
geometry_dropout,test_unseen,1307,val:2010_003276:part_35,2010_003276,car,side,side,0.31148725748062134,0.475013792514801,0.04833432659506798,0.16360332071781158,1.0,1.0,0.0604248046875
geometry_dropout,test_unseen,1308,val:2010_003276:part_37,2010_003276,car,roof,roof,0.18899643421173096,0.3179091811180115,0.027636364102363586,0.06702075898647308,1.0,1.0,0.99267578125
geometry_dropout,test_unseen,1309,val:2010_003276:part_38,2010_003276,car,mirror,mirror,0.0,0.0,0.0,0.008176672272384167,0.84912109375,1.0,4.231929779052734e-06
geometry_dropout,test_unseen,1310,val:2010_003276:part_40,2010_003276,car,door,door,0.0007830853573977947,0.0015649452107027173,0.0,0.08791669458150864,0.15771484375,0.998046875,0.0
geometry_dropout,test_unseen,1311,val:2010_003276:part_41,2010_003276,car,window,window,0.18926332890987396,0.318286657333374,0.00390625,0.1763225942850113,1.0,1.0,0.327880859375
geometry_dropout,test_unseen,1312,val:2010_003362:part_13,2010_003362,bird,head,head,0.60243159532547,0.7518967986106873,0.1862446814775467,0.08622785657644272,1.0,1.0,0.95556640625
geometry_dropout,test_unseen,1313,val:2010_003362:part_14,2010_003362,bird,eye,eye,0.36036035418510437,0.5298013091087341,0.07207207381725311,0.003473428310826421,0.95703125,1.0,3.516674041748047e-06
geometry_dropout,test_unseen,1314,val:2010_003362:part_15,2010_003362,bird,beak,beak,0.0,0.0,0.0,0.0050364709459245205,0.6220703125,0.99951171875,1.7881393432617188e-07
geometry_dropout,test_unseen,1315,val:2010_003362:part_16,2010_003362,bird,torso,torso,0.7615960836410522,0.8646659255027771,0.13011229038238525,0.8324070572853088,1.0,1.0,0.96630859375
geometry_dropout,test_unseen,1316,val:2010_003362:part_18,2010_003362,bird,leg,leg,0.3511810898780823,0.5198135375976562,0.14597316086292267,0.04550191015005112,0.9990234375,1.0,9.5367431640625e-07
geometry_dropout,test_unseen,1317,val:2010_003362:part_19,2010_003362,bird,foot,foot,0.060209423303604126,0.11358024924993515,0.4509516954421997,0.011028135195374489,0.99462890625,1.0,2.384185791015625e-07
geometry_dropout,test_unseen,1318,val:2010_003418:part_11,2010_003418,bird,wing,wing,0.3228633999824524,0.48812809586524963,0.34302908182144165,0.6741200685501099,0.98779296875,1.0,1.3649463653564453e-05
geometry_dropout,test_unseen,1319,val:2010_003418:part_12,2010_003418,bird,tail,tail,0.05797101557254791,0.10958904027938843,0.4490445852279663,0.042236026376485825,0.986328125,1.0,6.556510925292969e-07
geometry_dropout,test_unseen,1320,val:2010_003418:part_13,2010_003418,bird,head,head,0.24137930572032928,0.3888888955116272,0.3928571343421936,0.036438923329114914,1.0,1.0,0.95556640625
geometry_dropout,test_unseen,1321,val:2010_003418:part_14,2010_003418,bird,eye,eye,0.0,0.0,0.0,0.0016563147073611617,0.95703125,1.0,3.516674041748047e-06
geometry_dropout,test_unseen,1322,val:2010_003418:part_15,2010_003418,bird,beak,beak,0.0,0.0,0.0,0.004968944005668163,0.6220703125,0.99951171875,1.7881393432617188e-07
geometry_dropout,test_unseen,1323,val:2010_003418:part_16,2010_003418,bird,torso,torso,0.0,0.0,0.0,0.2244306355714798,1.0,1.0,0.96630859375
geometry_dropout,test_unseen,1324,val:2010_003453:part_32,2010_003453,car,wheel,wheel,0.4141221344470978,0.5856950283050537,0.06849315017461777,0.07037118822336197,0.99853515625,1.0,8.881092071533203e-06
geometry_dropout,test_unseen,1325,val:2010_003453:part_33,2010_003453,car,headlight,headlight,0.35580524802207947,0.5248618721961975,0.0,0.021818382665514946,1.0,1.0,0.137939453125
geometry_dropout,test_unseen,1326,val:2010_003453:part_34,2010_003453,car,front,front,0.7263815402984619,0.8415075540542603,0.053233783692121506,0.4225585460662842,1.0,1.0,0.8779296875
geometry_dropout,test_unseen,1327,val:2010_003453:part_35,2010_003453,car,side,side,0.3384704887866974,0.5057570934295654,0.0682186558842659,0.1336168795824051,1.0,1.0,0.0604248046875
geometry_dropout,test_unseen,1328,val:2010_003453:part_38,2010_003453,car,mirror,mirror,0.28947368264198303,0.44897958636283875,0.0,0.0011047282023355365,0.84912109375,1.0,4.231929779052734e-06
geometry_dropout,test_unseen,1329,val:2010_003453:part_40,2010_003453,car,door,door,0.04327424243092537,0.08295851945877075,0.0,0.0994255393743515,0.15771484375,0.998046875,0.0
geometry_dropout,test_unseen,1330,val:2010_003453:part_41,2010_003453,car,window,window,0.6917888522148132,0.817819356918335,0.027043091133236885,0.13278833031654358,1.0,1.0,0.327880859375
geometry_dropout,test_unseen,1331,val:2010_003473:part_11,2010_003473,bird,wing,wing,0.5361588597297668,0.6980513334274292,0.17846360802650452,0.29768824577331543,0.98779296875,1.0,1.3649463653564453e-05
geometry_dropout,test_unseen,1332,val:2010_003473:part_13,2010_003473,bird,head,head,0.7226277589797974,0.8389830589294434,0.03717201203107834,0.22928214073181152,1.0,1.0,0.95556640625
geometry_dropout,test_unseen,1333,val:2010_003473:part_14,2010_003473,bird,eye,eye,0.0,0.0,0.0,0.0025686088483780622,0.95703125,1.0,3.516674041748047e-06
geometry_dropout,test_unseen,1334,val:2010_003473:part_15,2010_003473,bird,beak,beak,0.0,0.0,0.0,0.0020278492011129856,0.6220703125,0.99951171875,1.7881393432617188e-07
geometry_dropout,test_unseen,1335,val:2010_003473:part_16,2010_003473,bird,torso,torso,0.578550398349762,0.7330148220062256,0.1333978772163391,0.46180883049964905,1.0,1.0,0.96630859375
geometry_dropout,test_unseen,1336,val:2010_003506:part_61,2010_003506,dog,head,head,0.6206793189048767,0.765949547290802,0.011066707782447338,0.19404880702495575,1.0,1.0,0.95556640625
geometry_dropout,test_unseen,1337,val:2010_003506:part_62,2010_003506,dog,eye,eye,0.21068249642848969,0.3480392098426819,0.0,0.011521364562213421,0.95703125,1.0,3.516674041748047e-06
geometry_dropout,test_unseen,1338,val:2010_003506:part_63,2010_003506,dog,torso,torso,0.7218489050865173,0.8384578824043274,0.07633991539478302,0.43844687938690186,1.0,1.0,0.96630859375
geometry_dropout,test_unseen,1339,val:2010_003506:part_65,2010_003506,dog,leg,leg,0.0,0.0,0.0,0.03792070969939232,0.9990234375,1.0,9.5367431640625e-07
geometry_dropout,test_unseen,1340,val:2010_003506:part_66,2010_003506,dog,nose,nose,0.0,0.0,0.0,0.014152226969599724,0.026153564453125,0.994140625,0.0
geometry_dropout,test_unseen,1341,val:2010_003506:part_67,2010_003506,dog,paw,paw,0.3965303599834442,0.567879319190979,0.4175182580947876,0.040097977966070175,0.99072265625,1.0,2.384185791015625e-07
geometry_dropout,test_unseen,1342,val:2010_003506:part_68,2010_003506,dog,ear,ear,0.20610687136650085,0.3417721390724182,0.06160164251923561,0.18515831232070923,0.0006213188171386719,0.96728515625,0.0
geometry_dropout,test_unseen,1343,val:2010_003506:part_69,2010_003506,dog,muzzle,muzzle,0.4946921467781067,0.6619318127632141,0.15839999914169312,0.07820012420415878,0.982421875,1.0,3.4570693969726562e-06
geometry_dropout,test_unseen,1344,val:2010_003541:part_100,2010_003541,sheep,head,head,0.4823293089866638,0.6507721543312073,0.09931090474128723,0.12649855017662048,1.0,1.0,0.95556640625
geometry_dropout,test_unseen,1345,val:2010_003541:part_101,2010_003541,sheep,eye,eye,0.02358490601181984,0.04608295112848282,0.07772020995616913,0.002480363706126809,0.95703125,1.0,3.516674041748047e-06
geometry_dropout,test_unseen,1346,val:2010_003541:part_102,2010_003541,sheep,torso,torso,0.7034822106361389,0.8259342908859253,0.1476718932390213,0.5610789656639099,1.0,1.0,0.96630859375
geometry_dropout,test_unseen,1347,val:2010_003541:part_103,2010_003541,sheep,neck,neck,0.2659793794155121,0.42019543051719666,0.2970639169216156,0.06707317382097244,1.0,1.0,0.96630859375
geometry_dropout,test_unseen,1348,val:2010_003541:part_105,2010_003541,sheep,ear,ear,0.05838041380047798,0.11032028496265411,0.14079074561595917,0.008991318754851818,0.0006213188171386719,0.96728515625,0.0
geometry_dropout,test_unseen,1349,val:2010_003541:part_106,2010_003541,sheep,muzzle,muzzle,0.7191265225410461,0.8366184830665588,0.05670497938990593,0.10107482224702835,0.982421875,1.0,3.4570693969726562e-06
geometry_dropout,test_unseen,1350,val:2010_003541:part_107,2010_003541,sheep,horn,horn,0.20155586302280426,0.33549147844314575,0.1378413587808609,0.09611409902572632,0.0299224853515625,0.9990234375,0.0
geometry_dropout,test_unseen,1351,val:2010_003746:part_61,2010_003746,dog,head,head,0.745779812335968,0.8543801307678223,0.01365461852401495,0.3689499795436859,1.0,1.0,0.95556640625
geometry_dropout,test_unseen,1352,val:2010_003746:part_62,2010_003746,dog,eye,eye,0.5802752375602722,0.7343976497650146,0.0,0.01900196447968483,0.95703125,1.0,3.516674041748047e-06
geometry_dropout,test_unseen,1353,val:2010_003746:part_63,2010_003746,dog,torso,torso,0.6801129579544067,0.8096038699150085,0.0769549012184143,0.10095876455307007,1.0,1.0,0.96630859375
geometry_dropout,test_unseen,1354,val:2010_003746:part_65,2010_003746,dog,leg,leg,0.6259542107582092,0.7699530720710754,0.22308942675590515,0.12995263934135437,0.9990234375,1.0,9.5367431640625e-07
geometry_dropout,test_unseen,1355,val:2010_003746:part_66,2010_003746,dog,nose,nose,0.2202283889055252,0.36096256971359253,0.0,0.035347118973731995,0.026153564453125,0.994140625,0.0
geometry_dropout,test_unseen,1356,val:2010_003746:part_67,2010_003746,dog,paw,paw,0.0,0.0,0.0,0.012475453317165375,0.99072265625,1.0,2.384185791015625e-07
geometry_dropout,test_unseen,1357,val:2010_003746:part_68,2010_003746,dog,ear,ear,0.7732758522033691,0.8721439242362976,0.07053942233324051,0.11233683675527573,0.0006213188171386719,0.96728515625,0.0
geometry_dropout,test_unseen,1358,val:2010_003746:part_69,2010_003746,dog,muzzle,muzzle,0.53734290599823,0.6990540623664856,0.0071530756540596485,0.21196720004081726,0.982421875,1.0,3.4570693969726562e-06
geometry_dropout,test_unseen,1359,val:2010_003768:part_32,2010_003768,car,wheel,wheel,0.07721046358346939,0.14335259795188904,0.21845318377017975,0.12623274326324463,0.99853515625,1.0,8.881092071533203e-06
geometry_dropout,test_unseen,1360,val:2010_003768:part_35,2010_003768,car,side,side,0.5338345766067505,0.6960784196853638,0.20821918547153473,0.6883628964424133,1.0,1.0,0.0604248046875
geometry_dropout,test_unseen,1361,val:2010_003771:part_11,2010_003771,bird,wing,wing,0.003759398590773344,0.00749063678085804,0.706250011920929,0.20123755931854248,0.98779296875,1.0,1.3649463653564453e-05
geometry_dropout,test_unseen,1362,val:2010_003771:part_13,2010_003771,bird,head,head,0.5646123290061951,0.7217280864715576,0.32473117113113403,0.0866290032863617,1.0,1.0,0.95556640625
geometry_dropout,test_unseen,1363,val:2010_003771:part_14,2010_003771,bird,eye,eye,0.0,0.0,0.0,0.0032284099142998457,0.95703125,1.0,3.516674041748047e-06
geometry_dropout,test_unseen,1364,val:2010_003771:part_15,2010_003771,bird,beak,beak,0.0,0.0,0.0,0.002959375735372305,0.6220703125,0.99951171875,1.7881393432617188e-07
geometry_dropout,test_unseen,1365,val:2010_003771:part_16,2010_003771,bird,torso,torso,0.6696479916572571,0.8021427392959595,0.06117504462599754,0.6685498952865601,1.0,1.0,0.96630859375
geometry_dropout,test_unseen,1366,val:2010_003771:part_18,2010_003771,bird,leg,leg,0.14091680943965912,0.247023805975914,0.2133105844259262,0.023136937990784645,0.9990234375,1.0,9.5367431640625e-07
geometry_dropout,test_unseen,1367,val:2010_003771:part_19,2010_003771,bird,foot,foot,0.03333333507180214,0.06451612710952759,0.8888888955116272,0.010223298333585262,0.99462890625,1.0,2.384185791015625e-07
geometry_dropout,test_unseen,1368,val:2010_003813:part_32,2010_003813,car,wheel,wheel,0.6578115224838257,0.793590247631073,0.041302621364593506,0.11588530242443085,0.99853515625,1.0,8.881092071533203e-06
geometry_dropout,test_unseen,1369,val:2010_003813:part_34,2010_003813,car,front,front,0.293924480676651,0.4543147087097168,0.026629291474819183,0.2138177454471588,1.0,1.0,0.8779296875
geometry_dropout,test_unseen,1370,val:2010_003813:part_35,2010_003813,car,side,side,0.350188672542572,0.518725574016571,0.06503622978925705,0.29141494631767273,1.0,1.0,0.0604248046875
geometry_dropout,test_unseen,1371,val:2010_003813:part_36,2010_003813,car,back,back,0.0011778563493862748,0.002352941082790494,0.01855817250907421,0.025440312922000885,1.0,1.0,0.90283203125
geometry_dropout,test_unseen,1372,val:2010_003813:part_37,2010_003813,car,roof,roof,0.015169194899499416,0.029885057359933853,0.0,0.02637624368071556,1.0,1.0,0.99267578125
geometry_dropout,test_unseen,1373,val:2010_003813:part_38,2010_003813,car,mirror,mirror,0.0,0.0,0.0,0.00901897344738245,0.84912109375,1.0,4.231929779052734e-06
geometry_dropout,test_unseen,1374,val:2010_003813:part_39,2010_003813,car,license plate,license plate,0.0,0.0,0.0,8.507742313668132e-05,0.99951171875,1.0,0.116943359375
geometry_dropout,test_unseen,1375,val:2010_003813:part_40,2010_003813,car,door,door,0.0,0.0,0.0,0.14957882463932037,0.15771484375,0.998046875,0.0
geometry_dropout,test_unseen,1376,val:2010_003813:part_41,2010_003813,car,window,window,0.1409802883863449,0.24712134897708893,0.0,0.15400323271751404,1.0,1.0,0.327880859375
geometry_dropout,test_unseen,1377,val:2010_003820:part_13,2010_003820,bird,head,head,0.2822186052799225,0.44020354747772217,0.0885416641831398,0.824999988079071,1.0,1.0,0.95556640625
geometry_dropout,test_unseen,1378,val:2010_003820:part_15,2010_003820,bird,beak,beak,0.0,0.0,0.0,0.04583333432674408,0.6220703125,0.99951171875,1.7881393432617188e-07
geometry_dropout,test_unseen,1379,val:2010_003820:part_16,2010_003820,bird,torso,torso,0.08077994734048843,0.1494845300912857,0.021341463550925255,0.0833333358168602,1.0,1.0,0.96630859375
geometry_dropout,test_unseen,1380,val:2010_003854:part_32,2010_003854,car,wheel,wheel,0.3755824863910675,0.5460704565048218,0.0388127863407135,0.055635955184698105,0.99853515625,1.0,8.881092071533203e-06
geometry_dropout,test_unseen,1381,val:2010_003854:part_35,2010_003854,car,side,side,0.6448284983634949,0.7840677499771118,0.028769906610250473,0.5493380427360535,1.0,1.0,0.0604248046875
geometry_dropout,test_unseen,1382,val:2010_003854:part_36,2010_003854,car,back,back,0.2430710345506668,0.39108148217201233,0.0033482143189758062,0.06506940722465515,1.0,1.0,0.90283203125
geometry_dropout,test_unseen,1383,val:2010_003854:part_37,2010_003854,car,roof,roof,0.11684184521436691,0.20923615992069244,0.017592359334230423,0.03162351995706558,1.0,1.0,0.99267578125
geometry_dropout,test_unseen,1384,val:2010_003854:part_38,2010_003854,car,mirror,mirror,0.0,0.0,1.0,0.0030551536474376917,0.84912109375,1.0,4.231929779052734e-06
geometry_dropout,test_unseen,1385,val:2010_003854:part_40,2010_003854,car,door,door,0.03888622298836708,0.07486137002706528,0.08457711338996887,0.09444176405668259,0.15771484375,0.998046875,0.0
geometry_dropout,test_unseen,1386,val:2010_003854:part_41,2010_003854,car,window,window,0.635913074016571,0.777441143989563,0.01244567334651947,0.1886691302061081,1.0,1.0,0.327880859375
geometry_dropout,test_unseen,1387,val:2010_003947:part_79,2010_003947,motorbike,wheel,wheel,0.45218056440353394,0.6227607727050781,0.49390244483947754,0.4086189866065979,0.99853515625,1.0,8.881092071533203e-06
geometry_dropout,test_unseen,1388,val:2010_003947:part_82,2010_003947,motorbike,headlight,headlight,0.0,0.0,0.0,0.014495592564344406,1.0,1.0,0.137939453125
geometry_dropout,test_unseen,1389,val:2010_004042:part_79,2010_004042,motorbike,wheel,wheel,0.5678749084472656,0.7243880033493042,0.29176658391952515,0.2638121545314789,0.99853515625,1.0,8.881092071533203e-06
geometry_dropout,test_unseen,1390,val:2010_004042:part_82,2010_004042,motorbike,headlight,headlight,0.0,0.0,0.0,0.02845303900539875,1.0,1.0,0.137939453125
geometry_dropout,test_unseen,1391,val:2010_004165:part_61,2010_004165,dog,head,head,0.2558635473251343,0.4074702858924866,0.2977839410305023,0.2460874319076538,1.0,1.0,0.95556640625
geometry_dropout,test_unseen,1392,val:2010_004165:part_62,2010_004165,dog,eye,eye,0.0,0.0,0.0,0.002698326949030161,0.95703125,1.0,3.516674041748047e-06
geometry_dropout,test_unseen,1393,val:2010_004165:part_63,2010_004165,dog,torso,torso,0.22882232069969177,0.372425377368927,0.27796804904937744,0.3383702039718628,1.0,1.0,0.96630859375
geometry_dropout,test_unseen,1394,val:2010_004165:part_65,2010_004165,dog,leg,leg,0.08973438292741776,0.16469037532806396,0.2740134000778198,0.09444144368171692,0.9990234375,1.0,9.5367431640625e-07
geometry_dropout,test_unseen,1395,val:2010_004165:part_66,2010_004165,dog,nose,nose,0.0,0.0,0.0,0.011872638948261738,0.026153564453125,0.994140625,0.0
geometry_dropout,test_unseen,1396,val:2010_004165:part_67,2010_004165,dog,paw,paw,0.09660574048757553,0.17619048058986664,0.8140703439712524,0.11926605552434921,0.99072265625,1.0,2.384185791015625e-07
geometry_dropout,test_unseen,1397,val:2010_004165:part_68,2010_004165,dog,ear,ear,0.0,0.0,1.0,0.08148947358131409,0.0006213188171386719,0.96728515625,0.0
geometry_dropout,test_unseen,1398,val:2010_004165:part_69,2010_004165,dog,muzzle,muzzle,0.22121211886405945,0.3622828722000122,0.3317756950855255,0.1019967645406723,0.982421875,1.0,3.4570693969726562e-06
geometry_dropout,test_unseen,1399,val:2010_004219:part_79,2010_004219,motorbike,wheel,wheel,0.7052974700927734,0.8271841406822205,0.1907435804605484,0.28798916935920715,0.99853515625,1.0,8.881092071533203e-06
geometry_dropout,test_unseen,1400,val:2010_004226:part_100,2010_004226,sheep,head,head,0.2236340492963791,0.36552441120147705,0.18915343284606934,0.019046742469072342,1.0,1.0,0.95556640625
geometry_dropout,test_unseen,1401,val:2010_004226:part_101,2010_004226,sheep,eye,eye,0.0,0.0,0.0,0.00046006625052541494,0.95703125,1.0,3.516674041748047e-06
geometry_dropout,test_unseen,1402,val:2010_004226:part_102,2010_004226,sheep,torso,torso,0.3090799152851105,0.4722093641757965,0.07923247665166855,0.2900257706642151,1.0,1.0,0.96630859375
geometry_dropout,test_unseen,1403,val:2010_004226:part_103,2010_004226,sheep,neck,neck,0.2680965065956116,0.42283299565315247,0.02487046644091606,0.04177401587367058,1.0,1.0,0.96630859375
geometry_dropout,test_unseen,1404,val:2010_004226:part_105,2010_004226,sheep,ear,ear,0.3636363744735718,0.5333333611488342,0.5705128312110901,0.0077291131019592285,0.0006213188171386719,0.96728515625,0.0
geometry_dropout,test_unseen,1405,val:2010_004226:part_106,2010_004226,sheep,muzzle,muzzle,0.42032331228256226,0.5918698906898499,0.054320987313985825,0.01932278275489807,0.982421875,1.0,3.4570693969726562e-06
geometry_dropout,test_unseen,1406,val:2010_004337:part_34,2010_004337,car,front,front,0.0,0.0,0.0,0.5547945499420166,1.0,1.0,0.8779296875
geometry_dropout,test_unseen,1407,val:2010_004355:part_79,2010_004355,motorbike,wheel,wheel,0.6081857085227966,0.7563625574111938,0.1103999987244606,0.26976194977760315,0.99853515625,1.0,8.881092071533203e-06
geometry_dropout,test_unseen,1408,val:2010_004355:part_82,2010_004355,motorbike,headlight,headlight,0.0,0.0,0.0,0.017445029690861702,1.0,1.0,0.137939453125
geometry_dropout,test_unseen,1409,val:2010_004550:part_61,2010_004550,dog,head,head,0.4927280843257904,0.6601712703704834,0.050202611833810806,0.14543186128139496,1.0,1.0,0.95556640625
geometry_dropout,test_unseen,1410,val:2010_004550:part_62,2010_004550,dog,eye,eye,0.2014925330877304,0.3354037404060364,0.009999999776482582,0.007608356885612011,0.95703125,1.0,3.516674041748047e-06
geometry_dropout,test_unseen,1411,val:2010_004550:part_63,2010_004550,dog,torso,torso,0.6903599500656128,0.8168200850486755,0.012903225608170033,0.42768943309783936,1.0,1.0,0.96630859375
geometry_dropout,test_unseen,1412,val:2010_004550:part_64,2010_004550,dog,neck,neck,0.5231416821479797,0.6869245171546936,0.0007163324044086039,0.11612098664045334,1.0,1.0,0.96630859375
geometry_dropout,test_unseen,1413,val:2010_004550:part_65,2010_004550,dog,leg,leg,0.28352880477905273,0.44179579615592957,0.18105009198188782,0.05363268032670021,0.9990234375,1.0,9.5367431640625e-07
geometry_dropout,test_unseen,1414,val:2010_004550:part_66,2010_004550,dog,nose,nose,0.0,0.0,0.0,0.014031805098056793,0.026153564453125,0.994140625,0.0
geometry_dropout,test_unseen,1415,val:2010_004550:part_68,2010_004550,dog,ear,ear,0.5700430870056152,0.7261496186256409,0.048327136784791946,0.04053632542490959,0.0006213188171386719,0.96728515625,0.0
geometry_dropout,test_unseen,1416,val:2010_004550:part_69,2010_004550,dog,muzzle,muzzle,0.5667554140090942,0.7234765887260437,0.0196683369576931,0.09516682475805283,0.982421875,1.0,3.4570693969726562e-06
geometry_dropout,test_unseen,1417,val:2010_004556:part_11,2010_004556,bird,wing,wing,0.22639593482017517,0.3692052960395813,0.37861916422843933,0.4653586745262146,0.98779296875,1.0,1.3649463653564453e-05
geometry_dropout,test_unseen,1418,val:2010_004556:part_12,2010_004556,bird,tail,tail,0.0,0.0,0.0,0.050275903195142746,0.986328125,1.0,6.556510925292969e-07
geometry_dropout,test_unseen,1419,val:2010_004556:part_13,2010_004556,bird,head,head,0.0,0.0,0.0,0.023298589512705803,1.0,1.0,0.95556640625
geometry_dropout,test_unseen,1420,val:2010_004556:part_14,2010_004556,bird,eye,eye,0.0,0.0,0.0,0.0012262415839359164,0.95703125,1.0,3.516674041748047e-06
geometry_dropout,test_unseen,1421,val:2010_004556:part_15,2010_004556,bird,beak,beak,0.0,0.0,0.0,0.010423053056001663,0.6220703125,0.99951171875,1.7881393432617188e-07
geometry_dropout,test_unseen,1422,val:2010_004556:part_16,2010_004556,bird,torso,torso,0.234796404838562,0.38029977679252625,0.33528783917427063,0.2814224362373352,1.0,1.0,0.96630859375
geometry_dropout,test_unseen,1423,val:2010_004556:part_17,2010_004556,bird,neck,neck,0.32608696818351746,0.49180328845977783,0.4263959527015686,0.06621704250574112,1.0,1.0,0.96630859375
geometry_dropout,test_unseen,1424,val:2010_004556:part_18,2010_004556,bird,leg,leg,0.027563394978642464,0.05364806950092316,0.33464789390563965,0.05456775054335594,0.9990234375,1.0,9.5367431640625e-07
geometry_dropout,test_unseen,1425,val:2010_004559:part_12,2010_004559,bird,tail,tail,0.7542682886123657,0.8599235415458679,0.2061162143945694,0.14345113933086395,0.986328125,1.0,6.556510925292969e-07
geometry_dropout,test_unseen,1426,val:2010_004559:part_13,2010_004559,bird,head,head,0.2641509473323822,0.41791045665740967,0.18658892810344696,0.052321553230285645,1.0,1.0,0.95556640625
geometry_dropout,test_unseen,1427,val:2010_004559:part_14,2010_004559,bird,eye,eye,0.0,0.0,0.0,0.0015015015378594398,0.95703125,1.0,3.516674041748047e-06
geometry_dropout,test_unseen,1428,val:2010_004559:part_15,2010_004559,bird,beak,beak,0.0,0.0,0.0,0.0005775005556643009,0.6220703125,0.99951171875,1.7881393432617188e-07
geometry_dropout,test_unseen,1429,val:2010_004559:part_16,2010_004559,bird,torso,torso,0.6153503060340881,0.7618784308433533,0.06209515407681465,0.7372372150421143,1.0,1.0,0.96630859375
geometry_dropout,test_unseen,1430,val:2010_004559:part_17,2010_004559,bird,neck,neck,0.23936817049980164,0.386274516582489,0.09905020147562027,0.03268653154373169,1.0,1.0,0.96630859375
geometry_dropout,test_unseen,1431,val:2010_004559:part_18,2010_004559,bird,leg,leg,0.01563785970211029,0.030794166028499603,0.09494554251432419,0.013975514099001884,0.9990234375,1.0,9.5367431640625e-07
geometry_dropout,test_unseen,1432,val:2010_004559:part_19,2010_004559,bird,foot,foot,0.16053511202335358,0.2766570746898651,0.4166666567325592,0.017902517691254616,0.99462890625,1.0,2.384185791015625e-07
geometry_dropout,test_unseen,1433,val:2010_004628:part_60,2010_004628,dog,tail,tail,0.0,0.0,0.0,0.06303030252456665,0.986328125,1.0,6.556510925292969e-07
geometry_dropout,test_unseen,1434,val:2010_004628:part_61,2010_004628,dog,head,head,0.0,0.0,0.0,0.046666666865348816,1.0,1.0,0.95556640625
geometry_dropout,test_unseen,1435,val:2010_004628:part_63,2010_004628,dog,torso,torso,0.5796954035758972,0.73393315076828,0.20286884903907776,0.35151514410972595,1.0,1.0,0.96630859375
geometry_dropout,test_unseen,1436,val:2010_004628:part_64,2010_004628,dog,neck,neck,0.1666666716337204,0.2857142984867096,0.2321428507566452,0.016969697549939156,1.0,1.0,0.96630859375
geometry_dropout,test_unseen,1437,val:2010_004628:part_65,2010_004628,dog,leg,leg,0.28280961513519287,0.44092220067977905,0.5424528121948242,0.16363635659217834,0.9990234375,1.0,9.5367431640625e-07
geometry_dropout,test_unseen,1438,val:2010_004628:part_66,2010_004628,dog,nose,nose,0.0,0.0,0.0,0.000606060610152781,0.026153564453125,0.994140625,0.0
geometry_dropout,test_unseen,1439,val:2010_004628:part_68,2010_004628,dog,ear,ear,0.0,0.0,0.0,0.010909090749919415,0.0006213188171386719,0.96728515625,0.0
geometry_dropout,test_unseen,1440,val:2010_004628:part_69,2010_004628,dog,muzzle,muzzle,0.2647058963775635,0.41860464215278625,0.25925925374031067,0.009696969762444496,0.982421875,1.0,3.4570693969726562e-06
geometry_dropout,test_unseen,1441,val:2010_004697:part_79,2010_004697,motorbike,wheel,wheel,0.34080371260643005,0.5083573460578918,0.3353605568408966,0.21996232867240906,0.99853515625,1.0,8.881092071533203e-06
geometry_dropout,test_unseen,1442,val:2010_004795:part_60,2010_004795,dog,tail,tail,0.017751479521393776,0.03488372266292572,0.47337278723716736,0.004691164940595627,0.986328125,1.0,6.556510925292969e-07
geometry_dropout,test_unseen,1443,val:2010_004795:part_61,2010_004795,dog,head,head,0.3298701345920563,0.49609375,0.21522310376167297,0.1024237722158432,1.0,1.0,0.95556640625
geometry_dropout,test_unseen,1444,val:2010_004795:part_62,2010_004795,dog,eye,eye,0.04494382068514824,0.08602150529623032,0.056179776787757874,0.0031274433713406324,0.95703125,1.0,3.516674041748047e-06
geometry_dropout,test_unseen,1445,val:2010_004795:part_63,2010_004795,dog,torso,torso,0.6202651262283325,0.7656341195106506,0.2461240291595459,0.5308834910392761,1.0,1.0,0.96630859375
geometry_dropout,test_unseen,1446,val:2010_004795:part_64,2010_004795,dog,neck,neck,0.15596330165863037,0.2698412835597992,0.03703703731298447,0.03518373891711235,1.0,1.0,0.96630859375
geometry_dropout,test_unseen,1447,val:2010_004795:part_65,2010_004795,dog,leg,leg,0.2634560763835907,0.4170403480529785,0.35983264446258545,0.16184519231319427,0.9990234375,1.0,9.5367431640625e-07
geometry_dropout,test_unseen,1448,val:2010_004795:part_66,2010_004795,dog,nose,nose,0.0,0.0,0.0,0.00703674741089344,0.026153564453125,0.994140625,0.0
geometry_dropout,test_unseen,1449,val:2010_004795:part_67,2010_004795,dog,paw,paw,0.0,0.0,0.5,0.040656764060258865,0.99072265625,1.0,2.384185791015625e-07
geometry_dropout,test_unseen,1450,val:2010_004795:part_68,2010_004795,dog,ear,ear,0.2151898741722107,0.3541666567325592,0.7142857313156128,0.06098514422774315,0.0006213188171386719,0.96728515625,0.0
geometry_dropout,test_unseen,1451,val:2010_004795:part_69,2010_004795,dog,muzzle,muzzle,0.1187739446759224,0.21232876181602478,0.28688523173332214,0.037529319524765015,0.982421875,1.0,3.4570693969726562e-06
geometry_dropout,test_unseen,1452,val:2010_004941:part_79,2010_004941,motorbike,wheel,wheel,0.6198744177818298,0.7653363943099976,0.11960478127002716,0.2814679443836212,0.99853515625,1.0,8.881092071533203e-06
geometry_dropout,test_unseen,1453,val:2010_004941:part_82,2010_004941,motorbike,headlight,headlight,0.0,0.0,0.0,0.040585342794656754,1.0,1.0,0.137939453125
geometry_dropout,test_unseen,1454,val:2010_004946:part_32,2010_004946,car,wheel,wheel,0.5494505763053894,0.7092198729515076,0.20853079855442047,0.0686577707529068,0.99853515625,1.0,8.881092071533203e-06
geometry_dropout,test_unseen,1455,val:2010_004946:part_36,2010_004946,car,back,back,0.5881876349449158,0.7407029271125793,0.10698582977056503,0.6469029188156128,1.0,1.0,0.90283203125
geometry_dropout,test_unseen,1456,val:2010_004946:part_41,2010_004946,car,window,window,0.2619798183441162,0.41518861055374146,0.0,0.2725987434387207,1.0,1.0,0.327880859375
geometry_dropout,test_unseen,1457,val:2010_004994:part_12,2010_004994,bird,tail,tail,0.0,0.0,0.0,0.004621769301593304,0.986328125,1.0,6.556510925292969e-07
geometry_dropout,test_unseen,1458,val:2010_004994:part_13,2010_004994,bird,head,head,0.3217468857765198,0.4868509769439697,0.1576782464981079,0.07338237762451172,1.0,1.0,0.95556640625
geometry_dropout,test_unseen,1459,val:2010_004994:part_14,2010_004994,bird,eye,eye,0.005524862091988325,0.010989011265337467,0.006097560748457909,0.0016977929044514894,0.95703125,1.0,3.516674041748047e-06
geometry_dropout,test_unseen,1460,val:2010_004994:part_15,2010_004994,bird,beak,beak,0.0,0.0,0.1428571492433548,0.0030182984191924334,0.6220703125,0.99951171875,1.7881393432617188e-07
geometry_dropout,test_unseen,1461,val:2010_004994:part_16,2010_004994,bird,torso,torso,0.1621231734752655,0.2790120244026184,0.1075134202837944,0.2326919436454773,1.0,1.0,0.96630859375
geometry_dropout,test_unseen,1462,val:2010_004994:part_18,2010_004994,bird,leg,leg,0.0,0.0,0.08638360351324081,0.001980758272111416,0.9990234375,1.0,9.5367431640625e-07
geometry_dropout,test_unseen,1463,val:2010_004994:part_19,2010_004994,bird,foot,foot,0.0,0.0,0.5799999833106995,0.005753631237894297,0.99462890625,1.0,2.384185791015625e-07
geometry_dropout,test_unseen,1464,val:2010_005013:part_32,2010_005013,car,wheel,wheel,0.17266187071800232,0.29447853565216064,0.08500000089406967,0.06412103772163391,0.99853515625,1.0,8.881092071533203e-06
geometry_dropout,test_unseen,1465,val:2010_005013:part_34,2010_005013,car,front,front,0.03846153989434242,0.07407407462596893,0.0,0.1577809751033783,1.0,1.0,0.8779296875
geometry_dropout,test_unseen,1466,val:2010_005013:part_35,2010_005013,car,side,side,0.33487653732299805,0.5017340779304504,0.1229235902428627,0.37896254658699036,1.0,1.0,0.0604248046875
geometry_dropout,test_unseen,1467,val:2010_005013:part_36,2010_005013,car,back,back,0.0,0.0,0.0,0.03962536156177521,1.0,1.0,0.90283203125
geometry_dropout,test_unseen,1468,val:2010_005013:part_37,2010_005013,car,roof,roof,0.08055009692907333,0.14909091591835022,0.022082019597291946,0.16786743700504303,1.0,1.0,0.99267578125
geometry_dropout,test_unseen,1469,val:2010_005013:part_38,2010_005013,car,mirror,mirror,0.0,0.0,0.0,0.0036023054271936417,0.84912109375,1.0,4.231929779052734e-06
geometry_dropout,test_unseen,1470,val:2010_005013:part_41,2010_005013,car,window,window,0.28240108489990234,0.4404255449771881,0.018786126747727394,0.1786743551492691,1.0,1.0,0.327880859375
geometry_dropout,test_unseen,1471,val:2010_005159:part_61,2010_005159,dog,head,head,0.46363210678100586,0.6335363984107971,0.04293776676058769,0.3241886794567108,1.0,1.0,0.95556640625
geometry_dropout,test_unseen,1472,val:2010_005159:part_62,2010_005159,dog,eye,eye,0.39662447571754456,0.5679758191108704,0.09562841802835464,0.01100330799818039,0.95703125,1.0,3.516674041748047e-06
geometry_dropout,test_unseen,1473,val:2010_005159:part_63,2010_005159,dog,torso,torso,0.4572300314903259,0.6275330781936646,0.03790577873587608,0.17471469938755035,1.0,1.0,0.96630859375
geometry_dropout,test_unseen,1474,val:2010_005159:part_64,2010_005159,dog,neck,neck,0.7811091542243958,0.8771041631698608,0.0010204081190750003,0.1557191163301468,1.0,1.0,0.96630859375
geometry_dropout,test_unseen,1475,val:2010_005159:part_65,2010_005159,dog,leg,leg,0.547901451587677,0.7079280614852905,0.20581257343292236,0.06345488876104355,0.9990234375,1.0,9.5367431640625e-07
geometry_dropout,test_unseen,1476,val:2010_005159:part_66,2010_005159,dog,nose,nose,0.1368909478187561,0.24081632494926453,0.0,0.016021709889173508,0.026153564453125,0.994140625,0.0
geometry_dropout,test_unseen,1477,val:2010_005159:part_68,2010_005159,dog,ear,ear,0.0,0.0,0.0,0.09928999096155167,0.0006213188171386719,0.96728515625,0.0
geometry_dropout,test_unseen,1478,val:2010_005159:part_69,2010_005159,dog,muzzle,muzzle,0.6162949204444885,0.7626020908355713,0.10943912714719772,0.1514441817998886,0.982421875,1.0,3.4570693969726562e-06
geometry_dropout,test_unseen,1479,val:2010_005206:part_61,2010_005206,dog,head,head,0.3312222957611084,0.4976213276386261,0.06273305416107178,0.12179308384656906,1.0,1.0,0.95556640625
geometry_dropout,test_unseen,1480,val:2010_005206:part_62,2010_005206,dog,eye,eye,0.5,0.6666666865348816,0.0,0.0073201339691877365,0.95703125,1.0,3.516674041748047e-06
geometry_dropout,test_unseen,1481,val:2010_005206:part_63,2010_005206,dog,torso,torso,0.818493127822876,0.9001883268356323,0.0476728156208992,0.5178471803665161,1.0,1.0,0.96630859375
geometry_dropout,test_unseen,1482,val:2010_005206:part_66,2010_005206,dog,nose,nose,0.11946902424097061,0.2134387344121933,0.11764705926179886,0.012897378765046597,0.026153564453125,0.994140625,0.0
geometry_dropout,test_unseen,1483,val:2010_005206:part_68,2010_005206,dog,ear,ear,0.001264622202143073,0.002526049967855215,0.0,0.2205103188753128,0.0006213188171386719,0.96728515625,0.0
geometry_dropout,test_unseen,1484,val:2010_005206:part_69,2010_005206,dog,muzzle,muzzle,0.6477049589157104,0.7861904501914978,0.01430274173617363,0.11733128875494003,0.982421875,1.0,3.4570693969726562e-06
geometry_dropout,test_unseen,1485,val:2010_005245:part_60,2010_005245,dog,tail,tail,0.0,0.0,0.0,0.009345794096589088,0.986328125,1.0,6.556510925292969e-07
geometry_dropout,test_unseen,1486,val:2010_005245:part_61,2010_005245,dog,head,head,0.125,0.2222222238779068,0.7027027010917664,0.14485980570316315,1.0,1.0,0.95556640625
geometry_dropout,test_unseen,1487,val:2010_005245:part_62,2010_005245,dog,eye,eye,0.0,0.0,0.0,0.009345794096589088,0.95703125,1.0,3.516674041748047e-06
geometry_dropout,test_unseen,1488,val:2010_005245:part_63,2010_005245,dog,torso,torso,0.15126051008701324,0.262773722410202,0.234375,0.49065420031547546,1.0,1.0,0.96630859375
geometry_dropout,test_unseen,1489,val:2010_005245:part_64,2010_005245,dog,neck,neck,0.0,0.0,0.0,0.032710280269384384,1.0,1.0,0.96630859375
geometry_dropout,test_unseen,1490,val:2010_005245:part_65,2010_005245,dog,leg,leg,0.050632912665605545,0.09638553857803345,0.895348846912384,0.17990654706954956,0.9990234375,1.0,9.5367431640625e-07
geometry_dropout,test_unseen,1491,val:2010_005245:part_66,2010_005245,dog,nose,nose,0.0,0.0,0.0,0.014018691144883633,0.026153564453125,0.994140625,0.0
geometry_dropout,test_unseen,1492,val:2010_005245:part_67,2010_005245,dog,paw,paw,0.0,0.0,1.0,0.037383176386356354,0.99072265625,1.0,2.384185791015625e-07
geometry_dropout,test_unseen,1493,val:2010_005245:part_68,2010_005245,dog,ear,ear,0.0,0.0,0.0,0.028037382289767265,0.0006213188171386719,0.96728515625,0.0
geometry_dropout,test_unseen,1494,val:2010_005245:part_69,2010_005245,dog,muzzle,muzzle,0.0,0.0,0.5357142686843872,0.04439252242445946,0.982421875,1.0,3.4570693969726562e-06
geometry_dropout,test_unseen,1495,val:2010_005252:part_79,2010_005252,motorbike,wheel,wheel,0.41700679063796997,0.5885741710662842,0.40561896562576294,0.29939740896224976,0.99853515625,1.0,8.881092071533203e-06
geometry_dropout,test_unseen,1496,val:2010_005252:part_82,2010_005252,motorbike,headlight,headlight,0.0,0.0,0.0,0.02220107801258564,1.0,1.0,0.137939453125
geometry_dropout,test_unseen,1497,val:2010_005353:part_11,2010_005353,bird,wing,wing,0.0,0.0,0.8947368264198303,0.06956521421670914,0.98779296875,1.0,1.3649463653564453e-05
geometry_dropout,test_unseen,1498,val:2010_005353:part_12,2010_005353,bird,tail,tail,0.0,0.0,0.29054054617881775,0.04782608523964882,0.986328125,1.0,6.556510925292969e-07
geometry_dropout,test_unseen,1499,val:2010_005353:part_13,2010_005353,bird,head,head,0.32302406430244446,0.48831167817115784,0.3461538553237915,0.21521739661693573,1.0,1.0,0.95556640625
geometry_dropout,test_unseen,1500,val:2010_005353:part_14,2010_005353,bird,eye,eye,0.0,0.0,0.0,0.015217390842735767,0.95703125,1.0,3.516674041748047e-06
geometry_dropout,test_unseen,1501,val:2010_005353:part_15,2010_005353,bird,beak,beak,0.0,0.0,0.0,0.06086956337094307,0.6220703125,0.99951171875,1.7881393432617188e-07
geometry_dropout,test_unseen,1502,val:2010_005353:part_16,2010_005353,bird,torso,torso,0.6130653023719788,0.7601246237754822,0.2776280343532562,0.5891304612159729,1.0,1.0,0.96630859375
geometry_dropout,test_unseen,1503,val:2010_005353:part_18,2010_005353,bird,leg,leg,0.005681818351149559,0.011299435049295425,0.8011363744735718,0.0021739129442721605,0.9990234375,1.0,9.5367431640625e-07
geometry_dropout,test_unseen,1504,val:2010_005353:part_19,2010_005353,bird,foot,foot,0.0,0.0,0.0,0.004347825888544321,0.99462890625,1.0,2.384185791015625e-07
geometry_dropout,test_unseen,1505,val:2010_005366:part_79,2010_005366,motorbike,wheel,wheel,0.492550253868103,0.6600116491317749,0.4214368760585785,0.4355018734931946,0.99853515625,1.0,8.881092071533203e-06
geometry_dropout,test_unseen,1506,val:2010_005366:part_82,2010_005366,motorbike,headlight,headlight,0.0,0.0,0.0,0.01583274081349373,1.0,1.0,0.137939453125
geometry_dropout,test_unseen,1507,val:2010_005428:part_12,2010_005428,bird,tail,tail,0.0,0.0,0.0,0.05300676450133324,0.986328125,1.0,6.556510925292969e-07
geometry_dropout,test_unseen,1508,val:2010_005428:part_13,2010_005428,bird,head,head,0.011520737782120705,0.02277904376387596,0.2881355881690979,0.004752330482006073,1.0,1.0,0.95556640625
geometry_dropout,test_unseen,1509,val:2010_005428:part_14,2010_005428,bird,eye,eye,0.0,0.0,0.0,0.0007311277440749109,0.95703125,1.0,3.516674041748047e-06
geometry_dropout,test_unseen,1510,val:2010_005428:part_15,2010_005428,bird,beak,beak,0.0,0.0,0.0,0.0005483458517119288,0.6220703125,0.99951171875,1.7881393432617188e-07
geometry_dropout,test_unseen,1511,val:2010_005428:part_16,2010_005428,bird,torso,torso,0.4832673668861389,0.651625394821167,0.08155185729265213,0.2917199730873108,1.0,1.0,0.96630859375
geometry_dropout,test_unseen,1512,val:2010_005428:part_17,2010_005428,bird,neck,neck,0.0,0.0,0.2786885201931,0.01626759208738804,1.0,1.0,0.96630859375
geometry_dropout,test_unseen,1513,val:2010_005428:part_18,2010_005428,bird,leg,leg,0.062472112476825714,0.11759764701128006,0.1547452062368393,0.044233229011297226,0.9990234375,1.0,9.5367431640625e-07
geometry_dropout,test_unseen,1514,val:2010_005432:part_32,2010_005432,car,wheel,wheel,0.49854567646980286,0.6653726696968079,0.08099281787872314,0.0659930557012558,0.99853515625,1.0,8.881092071533203e-06
geometry_dropout,test_unseen,1515,val:2010_005432:part_35,2010_005432,car,side,side,0.6297020316123962,0.7727817893028259,0.07541341334581375,0.28449636697769165,1.0,1.0,0.0604248046875
geometry_dropout,test_unseen,1516,val:2010_005432:part_36,2010_005432,car,back,back,0.7841505408287048,0.8790183663368225,0.03160342574119568,0.5399431586265564,1.0,1.0,0.90283203125
geometry_dropout,test_unseen,1517,val:2010_005432:part_38,2010_005432,car,mirror,mirror,0.0,0.0,0.0,0.004104831255972385,0.84912109375,1.0,4.231929779052734e-06
geometry_dropout,test_unseen,1518,val:2010_005432:part_41,2010_005432,car,window,window,0.13252149522304535,0.23402909934520721,0.12396203726530075,0.09321124106645584,1.0,1.0,0.327880859375
geometry_dropout,test_unseen,1519,val:2010_005433:part_79,2010_005433,motorbike,wheel,wheel,0.4343434274196625,0.6056337952613831,0.026500152423977852,0.1887599229812622,0.99853515625,1.0,8.881092071533203e-06
geometry_dropout,test_unseen,1520,val:2010_005433:part_82,2010_005433,motorbike,headlight,headlight,0.0,0.0,0.0,0.019792303442955017,1.0,1.0,0.137939453125
geometry_dropout,test_unseen,1521,val:2010_005501:part_32,2010_005501,car,wheel,wheel,0.1784728616476059,0.3028883635997772,0.0,0.11681531369686127,0.99853515625,1.0,8.881092071533203e-06
geometry_dropout,test_unseen,1522,val:2010_005501:part_34,2010_005501,car,front,front,0.0,0.0,0.0,0.08168371021747589,1.0,1.0,0.8779296875
geometry_dropout,test_unseen,1523,val:2010_005501:part_35,2010_005501,car,side,side,0.30891087651252747,0.47201210260391235,0.06365092098712921,0.31933870911598206,1.0,1.0,0.0604248046875
geometry_dropout,test_unseen,1524,val:2010_005501:part_36,2010_005501,car,back,back,0.0,0.0,0.0,0.023602349683642387,1.0,1.0,0.90283203125
geometry_dropout,test_unseen,1525,val:2010_005501:part_37,2010_005501,car,roof,roof,0.0,0.0,0.0,0.05819012224674225,1.0,1.0,0.99267578125
geometry_dropout,test_unseen,1526,val:2010_005501:part_38,2010_005501,car,mirror,mirror,0.0,0.0,0.0,0.0029366977978497744,0.84912109375,1.0,4.231929779052734e-06
geometry_dropout,test_unseen,1527,val:2010_005501:part_40,2010_005501,car,door,door,0.0,0.0,0.0,0.1631498783826828,0.15771484375,0.998046875,0.0
geometry_dropout,test_unseen,1528,val:2010_005501:part_41,2010_005501,car,window,window,0.14888888597488403,0.25918760895729065,0.0,0.22851860523223877,1.0,1.0,0.327880859375
geometry_dropout,test_unseen,1529,val:2010_005501:part_79,2010_005501,motorbike,wheel,wheel,0.0,0.0,0.22331567108631134,0.00020136931561864913,0.99853515625,1.0,8.881092071533203e-06
geometry_dropout,test_unseen,1530,val:2010_005531:part_11,2010_005531,bird,wing,wing,0.0,0.0,0.47159090638160706,0.09785522520542145,0.98779296875,1.0,1.3649463653564453e-05
geometry_dropout,test_unseen,1531,val:2010_005531:part_12,2010_005531,bird,tail,tail,0.0,0.0,0.10638298094272614,0.04088471829891205,0.986328125,1.0,6.556510925292969e-07
geometry_dropout,test_unseen,1532,val:2010_005531:part_13,2010_005531,bird,head,head,0.4841269850730896,0.6524063944816589,0.15352697670459747,0.21447721123695374,1.0,1.0,0.95556640625
geometry_dropout,test_unseen,1533,val:2010_005531:part_14,2010_005531,bird,eye,eye,0.0,0.0,0.0,0.004691688809543848,0.95703125,1.0,3.516674041748047e-06
geometry_dropout,test_unseen,1534,val:2010_005531:part_15,2010_005531,bird,beak,beak,0.0,0.0,0.0,0.051608577370643616,0.6220703125,0.99951171875,1.7881393432617188e-07
geometry_dropout,test_unseen,1535,val:2010_005531:part_16,2010_005531,bird,torso,torso,0.6557788848876953,0.7921092510223389,0.09155555814504623,0.5710455775260925,1.0,1.0,0.96630859375
geometry_dropout,test_unseen,1536,val:2010_005531:part_18,2010_005531,bird,leg,leg,0.015810277312994003,0.031128404662013054,0.2016129046678543,0.006032171659171581,0.9990234375,1.0,9.5367431640625e-07
geometry_dropout,test_unseen,1537,val:2010_005531:part_19,2010_005531,bird,foot,foot,0.07999999821186066,0.14814814925193787,0.3235294222831726,0.013404825702309608,0.99462890625,1.0,2.384185791015625e-07
geometry_dropout,test_unseen,1538,val:2010_005575:part_61,2010_005575,dog,head,head,0.4194977879524231,0.5910509824752808,0.09235427528619766,0.19679109752178192,1.0,1.0,0.95556640625
geometry_dropout,test_unseen,1539,val:2010_005575:part_62,2010_005575,dog,eye,eye,0.0,0.0,0.0,0.006221348885446787,0.95703125,1.0,3.516674041748047e-06
geometry_dropout,test_unseen,1540,val:2010_005575:part_63,2010_005575,dog,torso,torso,0.20077821612358093,0.33441346883773804,0.0950118750333786,0.0916830375790596,1.0,1.0,0.96630859375
geometry_dropout,test_unseen,1541,val:2010_005575:part_64,2010_005575,dog,neck,neck,0.03448275849223137,0.06666667014360428,0.2380952388048172,0.083497054874897,1.0,1.0,0.96630859375
geometry_dropout,test_unseen,1542,val:2010_005575:part_65,2010_005575,dog,leg,leg,0.23745064437389374,0.38377392292022705,0.10147849470376968,0.23117223381996155,0.9990234375,1.0,9.5367431640625e-07
geometry_dropout,test_unseen,1543,val:2010_005575:part_66,2010_005575,dog,nose,nose,0.5609756112098694,0.71875,0.0,0.042239684611558914,0.026153564453125,0.994140625,0.0
geometry_dropout,test_unseen,1544,val:2010_005575:part_67,2010_005575,dog,paw,paw,0.385729044675827,0.5567164421081543,0.15597344934940338,0.14276358485221863,0.99072265625,1.0,2.384185791015625e-07
geometry_dropout,test_unseen,1545,val:2010_005575:part_68,2010_005575,dog,ear,ear,0.16933637857437134,0.28962817788124084,0.34405145049095154,0.06548788398504257,0.0006213188171386719,0.96728515625,0.0
geometry_dropout,test_unseen,1546,val:2010_005575:part_69,2010_005575,dog,muzzle,muzzle,0.0,0.0,0.0,0.13523247838020325,0.982421875,1.0,3.4570693969726562e-06
geometry_dropout,test_unseen,1547,val:2010_005644:part_61,2010_005644,dog,head,head,0.43425413966178894,0.6055470108985901,0.08969160914421082,0.276106595993042,1.0,1.0,0.95556640625
geometry_dropout,test_unseen,1548,val:2010_005644:part_62,2010_005644,dog,eye,eye,0.5138888955116272,0.6788991093635559,0.0,0.016754986718297005,0.95703125,1.0,3.516674041748047e-06
geometry_dropout,test_unseen,1549,val:2010_005644:part_63,2010_005644,dog,torso,torso,0.7234883308410645,0.8395627737045288,0.07199013233184814,0.3785068690776825,1.0,1.0,0.96630859375
geometry_dropout,test_unseen,1550,val:2010_005644:part_64,2010_005644,dog,neck,neck,0.28996792435646057,0.4495738744735718,0.007626310922205448,0.05595386400818825,1.0,1.0,0.96630859375
geometry_dropout,test_unseen,1551,val:2010_005644:part_66,2010_005644,dog,nose,nose,0.1428571492433548,0.25,0.28484848141670227,0.004597880411893129,0.026153564453125,0.994140625,0.0
geometry_dropout,test_unseen,1552,val:2010_005644:part_68,2010_005644,dog,ear,ear,0.6416219472885132,0.7816926836967468,0.06802063435316086,0.18734413385391235,0.0006213188171386719,0.96728515625,0.0
geometry_dropout,test_unseen,1553,val:2010_005644:part_69,2010_005644,dog,muzzle,muzzle,0.4957983195781708,0.6629213690757751,0.20038536190986633,0.043952617794275284,0.982421875,1.0,3.4570693969726562e-06
geometry_dropout,test_unseen,1554,val:2010_005719:part_100,2010_005719,sheep,head,head,0.4140191674232483,0.5855920314788818,0.11794611066579819,0.05879873409867287,1.0,1.0,0.95556640625
geometry_dropout,test_unseen,1555,val:2010_005719:part_101,2010_005719,sheep,eye,eye,0.06164383515715599,0.11612903326749802,0.0,0.0018264839891344309,0.95703125,1.0,3.516674041748047e-06
geometry_dropout,test_unseen,1556,val:2010_005719:part_102,2010_005719,sheep,torso,torso,0.910611093044281,0.9532144665718079,0.04225463047623634,0.8506498336791992,1.0,1.0,0.96630859375
geometry_dropout,test_unseen,1557,val:2010_005719:part_105,2010_005719,sheep,ear,ear,0.2607802748680115,0.4136807918548584,0.46367520093917847,0.010256410576403141,0.0006213188171386719,0.96728515625,0.0
geometry_dropout,test_unseen,1558,val:2010_005719:part_106,2010_005719,sheep,muzzle,muzzle,0.5357466340065002,0.6977018117904663,0.0,0.04158763587474823,0.982421875,1.0,3.4570693969726562e-06
geometry_dropout,test_unseen,1559,val:2010_005719:part_107,2010_005719,sheep,horn,horn,0.29830509424209595,0.4595300257205963,0.4784172773361206,0.007376185618340969,0.0299224853515625,0.9990234375,0.0
geometry_dropout,test_unseen,1560,val:2010_005788:part_100,2010_005788,sheep,head,head,0.0,0.0,0.12332439422607422,0.006470165215432644,1.0,1.0,0.95556640625
geometry_dropout,test_unseen,1561,val:2010_005788:part_102,2010_005788,sheep,torso,torso,0.00933125987648964,0.018489984795451164,0.12791134417057037,0.0743350088596344,1.0,1.0,0.96630859375
geometry_dropout,test_unseen,1562,val:2010_005788:part_103,2010_005788,sheep,neck,neck,0.0,0.0,0.0,0.008770668879151344,1.0,1.0,0.96630859375
geometry_dropout,test_unseen,1563,val:2010_005788:part_105,2010_005788,sheep,ear,ear,0.0,0.0,0.12631578743457794,0.0012940330198034644,0.0006213188171386719,0.96728515625,0.0
geometry_dropout,test_unseen,1564,val:2010_005788:part_106,2010_005788,sheep,muzzle,muzzle,0.0,0.0,0.1560283750295639,0.006901509594172239,0.982421875,1.0,3.4570693969726562e-06
geometry_dropout,test_unseen,1565,val:2010_005991:part_61,2010_005991,dog,head,head,0.44823065400123596,0.6190045475959778,0.21128608286380768,0.0905013158917427,1.0,1.0,0.95556640625
geometry_dropout,test_unseen,1566,val:2010_005991:part_62,2010_005991,dog,eye,eye,0.0,0.0,0.0,0.001583113451488316,0.95703125,1.0,3.516674041748047e-06
geometry_dropout,test_unseen,1567,val:2010_005991:part_63,2010_005991,dog,torso,torso,0.5760869383811951,0.7310344576835632,0.15271885693073273,0.4253298044204712,1.0,1.0,0.96630859375
geometry_dropout,test_unseen,1568,val:2010_005991:part_64,2010_005991,dog,neck,neck,0.5588235259056091,0.7169811129570007,0.11728394776582718,0.054353561252355576,1.0,1.0,0.96630859375
geometry_dropout,test_unseen,1569,val:2010_005991:part_65,2010_005991,dog,leg,leg,0.33926302194595337,0.5066413879394531,0.2637231647968292,0.33509233593940735,0.9990234375,1.0,9.5367431640625e-07
geometry_dropout,test_unseen,1570,val:2010_005991:part_66,2010_005991,dog,nose,nose,0.0,0.0,0.0,0.0018469657516106963,0.026153564453125,0.994140625,0.0
geometry_dropout,test_unseen,1571,val:2010_005991:part_67,2010_005991,dog,paw,paw,0.0,0.0,1.0,0.023746700957417488,0.99072265625,1.0,2.384185791015625e-07
geometry_dropout,test_unseen,1572,val:2010_005991:part_68,2010_005991,dog,ear,ear,0.3309352397918701,0.4972972869873047,0.19064748287200928,0.02427440695464611,0.0006213188171386719,0.96728515625,0.0
geometry_dropout,test_unseen,1573,val:2010_005991:part_69,2010_005991,dog,muzzle,muzzle,0.09009008854627609,0.1652892529964447,0.13875597715377808,0.02612137235701084,0.982421875,1.0,3.4570693969726562e-06
geometry_dropout,test_unseen,1574,val:2010_005992:part_60,2010_005992,dog,tail,tail,0.2370731681585312,0.38328075408935547,0.6871896982192993,0.025867195799946785,0.986328125,1.0,6.556510925292969e-07
geometry_dropout,test_unseen,1575,val:2010_005992:part_61,2010_005992,dog,head,head,0.5723103880882263,0.7279865145683289,0.00516647519543767,0.1807730495929718,1.0,1.0,0.95556640625
geometry_dropout,test_unseen,1576,val:2010_005992:part_62,2010_005992,dog,eye,eye,0.0,0.0,0.0,0.004658077377825975,0.95703125,1.0,3.516674041748047e-06
geometry_dropout,test_unseen,1577,val:2010_005992:part_63,2010_005992,dog,torso,torso,0.7416167259216309,0.8516417145729065,0.06481029093265533,0.45688802003860474,1.0,1.0,0.96630859375
geometry_dropout,test_unseen,1578,val:2010_005992:part_65,2010_005992,dog,leg,leg,0.5872713327407837,0.7399759888648987,0.14119291305541992,0.20009911060333252,0.9990234375,1.0,9.5367431640625e-07
geometry_dropout,test_unseen,1579,val:2010_005992:part_66,2010_005992,dog,nose,nose,0.0,0.0,0.0,0.004261645022779703,0.026153564453125,0.994140625,0.0
geometry_dropout,test_unseen,1580,val:2010_005992:part_67,2010_005992,dog,paw,paw,0.30536913871765137,0.46786633133888245,0.46271929144859314,0.03191278502345085,0.99072265625,1.0,2.384185791015625e-07
geometry_dropout,test_unseen,1581,val:2010_005992:part_68,2010_005992,dog,ear,ear,0.4361851215362549,0.607421875,0.13572853803634644,0.05183349922299385,0.0006213188171386719,0.96728515625,0.0
geometry_dropout,test_unseen,1582,val:2010_005992:part_69,2010_005992,dog,muzzle,muzzle,0.4541139304637909,0.6245919466018677,0.2751798629760742,0.035976212471723557,0.982421875,1.0,3.4570693969726562e-06
geometry_dropout,test_unseen,1583,val:2010_006026:part_99,2010_006026,sheep,tail,tail,0.10294117778539658,0.18666666746139526,0.8198757767677307,0.13943354785442352,0.986328125,1.0,6.556510925292969e-07
geometry_dropout,test_unseen,1584,val:2010_006026:part_100,2010_006026,sheep,head,head,0.0,0.0,0.0,0.0021786491852253675,1.0,1.0,0.95556640625
geometry_dropout,test_unseen,1585,val:2010_006026:part_102,2010_006026,sheep,torso,torso,0.47736626863479614,0.6462395787239075,0.3716075122356415,0.5206971764564514,1.0,1.0,0.96630859375
