experiment,split,dataset_index,sample_id,image_id,object_name,part_name,query,iou,dice,leakage,part_ratio,gate_u,gate_v,gate_d
fixed_uvd,test_seen,0,val:2008_000009:part_51,2008_000009,cow,tail,tail,0.0,0.0,0.40425533056259155,0.04308797046542168,1.0,1.0,1.0
fixed_uvd,test_seen,1,val:2008_000009:part_54,2008_000009,cow,torso,torso,0.0,0.0,0.01587301678955555,0.17055656015872955,1.0,1.0,1.0
fixed_uvd,test_seen,2,val:2008_000009:part_56,2008_000009,cow,leg,leg,0.04471544548869133,0.08560311049222946,0.6016949415206909,0.03770197555422783,1.0,1.0,1.0
fixed_uvd,test_seen,3,val:2008_000016:part_115,2008_000016,tvmonitor,screen,screen,0.7453926801681519,0.8541260361671448,8.301511115860194e-05,0.6137388944625854,1.0,1.0,1.0
fixed_uvd,test_seen,4,val:2008_000073:part_52,2008_000073,cow,head,head,0.5648854970932007,0.7219512462615967,0.22043010592460632,0.10253164917230606,1.0,1.0,1.0
fixed_uvd,test_seen,5,val:2008_000073:part_53,2008_000073,cow,eye,eye,0.0,0.0,0.0,0.001687763724476099,1.0,1.0,1.0
fixed_uvd,test_seen,6,val:2008_000073:part_54,2008_000073,cow,torso,torso,0.6692432761192322,0.801852285861969,0.1326315850019455,0.7291139364242554,1.0,1.0,1.0
fixed_uvd,test_seen,7,val:2008_000073:part_56,2008_000073,cow,leg,leg,0.07086614519357681,0.13235294818878174,0.12537764012813568,0.06497890502214432,1.0,1.0,1.0
fixed_uvd,test_seen,8,val:2008_000073:part_57,2008_000073,cow,ear,ear,0.027397260069847107,0.0533333346247673,0.38983049988746643,0.04514767974615097,1.0,1.0,1.0
fixed_uvd,test_seen,9,val:2008_000073:part_58,2008_000073,cow,muzzle,muzzle,0.009708737954497337,0.01923076994717121,0.3801652789115906,0.03670886158943176,1.0,1.0,1.0
fixed_uvd,test_seen,10,val:2008_000075:part_22,2008_000075,bus,wheel,wheel,0.6086956262588501,0.7567567825317383,0.07835821062326431,0.05279459431767464,1.0,1.0,1.0
fixed_uvd,test_seen,11,val:2008_000075:part_23,2008_000075,bus,headlight,headlight,0.1262626200914383,0.22421523928642273,0.0,0.003378853900358081,1.0,1.0,1.0
fixed_uvd,test_seen,12,val:2008_000075:part_24,2008_000075,bus,front,front,0.3518424928188324,0.5205377340316772,0.16417139768600464,0.05216106027364731,1.0,1.0,1.0
fixed_uvd,test_seen,13,val:2008_000075:part_25,2008_000075,bus,side,side,0.5685059428215027,0.7249011993408203,0.0858350619673729,0.48465436697006226,1.0,1.0,1.0
fixed_uvd,test_seen,14,val:2008_000075:part_30,2008_000075,bus,door,door,0.3545854389667511,0.5235335230827332,0.003768844297155738,0.07947345823049545,1.0,1.0,1.0
fixed_uvd,test_seen,15,val:2008_000075:part_31,2008_000075,bus,window,window,0.6264781951904297,0.7703493237495422,0.018840579316020012,0.308179646730423,1.0,1.0,1.0
fixed_uvd,test_seen,16,val:2008_000182:part_42,2008_000182,cat,tail,tail,0.2850574851036072,0.44364938139915466,0.02139037474989891,0.13493800163269043,1.0,1.0,1.0
fixed_uvd,test_seen,17,val:2008_000182:part_43,2008_000182,cat,head,head,0.4845360815525055,0.6527777910232544,0.10332103073596954,0.11743253469467163,1.0,1.0,1.0
fixed_uvd,test_seen,18,val:2008_000182:part_44,2008_000182,cat,eye,eye,0.0,0.0,0.0,0.005835156887769699,1.0,1.0,1.0
fixed_uvd,test_seen,19,val:2008_000182:part_45,2008_000182,cat,torso,torso,0.6448893547058105,0.7841127514839172,0.04485488310456276,0.5857038497924805,1.0,1.0,1.0
fixed_uvd,test_seen,20,val:2008_000182:part_47,2008_000182,cat,leg,leg,0.26218098402023315,0.4154411852359772,0.110047847032547,0.09190371632575989,1.0,1.0,1.0
fixed_uvd,test_seen,21,val:2008_000182:part_48,2008_000182,cat,nose,nose,0.0,0.0,0.0,0.0014587892219424248,1.0,1.0,1.0
fixed_uvd,test_seen,22,val:2008_000182:part_50,2008_000182,cat,ear,ear,0.18686868250370026,0.31489360332489014,0.49738219380378723,0.032093361020088196,1.0,1.0,1.0
fixed_uvd,test_seen,23,val:2008_000213:part_83,2008_000213,person,head,head,0.5493341684341431,0.709122896194458,0.020581509917974472,0.1612473577260971,1.0,1.0,1.0
fixed_uvd,test_seen,24,val:2008_000213:part_84,2008_000213,person,eye,eye,0.12820513546466827,0.22727273404598236,0.0,0.00321241095662117,1.0,1.0,1.0
fixed_uvd,test_seen,25,val:2008_000213:part_85,2008_000213,person,torso,torso,0.8387261629104614,0.9122904539108276,0.0500970184803009,0.4017864167690277,1.0,1.0,1.0
fixed_uvd,test_seen,26,val:2008_000213:part_89,2008_000213,person,nose,nose,0.28260868787765503,0.4406779706478119,0.0,0.014730079099535942,1.0,1.0,1.0
fixed_uvd,test_seen,27,val:2008_000213:part_90,2008_000213,person,ear,ear,0.24904213845729828,0.3987730145454407,0.1660079061985016,0.005719658453017473,1.0,1.0,1.0
fixed_uvd,test_seen,28,val:2008_000213:part_91,2008_000213,person,eyebrow,eyebrow,0.1376146823167801,0.24193547666072845,0.0,0.0018804356222972274,1.0,1.0,1.0
fixed_uvd,test_seen,29,val:2008_000213:part_93,2008_000213,person,hair,hair,0.7156919240951538,0.83428955078125,0.18550369143486023,0.104599229991436,1.0,1.0,1.0
fixed_uvd,test_seen,30,val:2008_000213:part_94,2008_000213,person,lower arm,lower arm,0.6482986807823181,0.7866277098655701,0.04944375902414322,0.175350621342659,1.0,1.0,1.0
fixed_uvd,test_seen,31,val:2008_000213:part_95,2008_000213,person,upper arm,upper arm,0.11480215191841125,0.20595967769622803,0.1797257661819458,0.018804356455802917,1.0,1.0,1.0
fixed_uvd,test_seen,32,val:2008_000213:part_96,2008_000213,person,hand,hand,0.7248235940933228,0.8404611349105835,0.07236842066049576,0.1035023108124733,1.0,1.0,1.0
fixed_uvd,test_seen,33,val:2008_000215:part_83,2008_000215,person,head,head,0.0034217280335724354,0.006820119451731443,0.014705882407724857,0.028837155550718307,1.0,1.0,1.0
fixed_uvd,test_seen,34,val:2008_000215:part_84,2008_000215,person,eye,eye,0.0,0.0,0.0,0.0008189050131477416,1.0,1.0,1.0
fixed_uvd,test_seen,35,val:2008_000215:part_85,2008_000215,person,torso,torso,0.25605252385139465,0.40770989656448364,0.027493540197610855,0.15026907622814178,1.0,1.0,1.0
fixed_uvd,test_seen,36,val:2008_000215:part_86,2008_000215,person,neck,neck,0.1818181872367859,0.3076923191547394,0.0,0.011698642745614052,1.0,1.0,1.0
fixed_uvd,test_seen,37,val:2008_000215:part_89,2008_000215,person,nose,nose,0.025423727929592133,0.04958677664399147,0.0,0.004328497685492039,1.0,1.0,1.0
fixed_uvd,test_seen,38,val:2008_000215:part_91,2008_000215,person,eyebrow,eyebrow,0.0,0.0,0.0,5.849321314599365e-05,1.0,1.0,1.0
fixed_uvd,test_seen,39,val:2008_000215:part_92,2008_000215,person,mouth,mouth,0.0,0.0,0.0,0.002924660686403513,1.0,1.0,1.0
fixed_uvd,test_seen,40,val:2008_000215:part_93,2008_000215,person,hair,hair,0.14526128768920898,0.25367361307144165,0.1536388099193573,0.05393074452877045,1.0,1.0,1.0
fixed_uvd,test_seen,41,val:2008_000215:part_95,2008_000215,person,upper arm,upper arm,0.2744079828262329,0.43064385652542114,0.02807169035077095,0.08797379583120346,1.0,1.0,1.0
fixed_uvd,test_seen,42,val:2008_000223:part_83,2008_000223,person,head,head,0.299435019493103,0.46086955070495605,0.2711864411830902,0.033930856734514236,1.0,1.0,1.0
fixed_uvd,test_seen,43,val:2008_000223:part_85,2008_000223,person,torso,torso,0.7994858622550964,0.8885714411735535,0.021563341841101646,0.21062740683555603,1.0,1.0,1.0
fixed_uvd,test_seen,44,val:2008_000223:part_86,2008_000223,person,neck,neck,0.10179640352725983,0.18478260934352875,0.16766467690467834,0.010883483104407787,1.0,1.0,1.0
fixed_uvd,test_seen,45,val:2008_000223:part_87,2008_000223,person,leg,leg,0.5589970350265503,0.7171239256858826,0.41371339559555054,0.5224071741104126,1.0,1.0,1.0
fixed_uvd,test_seen,46,val:2008_000223:part_89,2008_000223,person,nose,nose,0.0,0.0,0.0,0.001280409749597311,1.0,1.0,1.0
fixed_uvd,test_seen,47,val:2008_000223:part_90,2008_000223,person,ear,ear,0.0,0.0,0.0,0.0006402048747986555,1.0,1.0,1.0
fixed_uvd,test_seen,48,val:2008_000223:part_92,2008_000223,person,mouth,mouth,0.0,0.0,0.0,0.0019206146243959665,1.0,1.0,1.0
fixed_uvd,test_seen,49,val:2008_000223:part_93,2008_000223,person,hair,hair,0.02118644118309021,0.04149377718567848,0.47457626461982727,0.0032010243739932775,1.0,1.0,1.0
fixed_uvd,test_seen,50,val:2008_000223:part_94,2008_000223,person,lower arm,lower arm,0.011450381949543953,0.022641509771347046,0.2774869203567505,0.047375161200761795,1.0,1.0,1.0
fixed_uvd,test_seen,51,val:2008_000223:part_95,2008_000223,person,upper arm,upper arm,0.032258063554763794,0.0625,0.08064515888690948,0.12804096937179565,1.0,1.0,1.0
fixed_uvd,test_seen,52,val:2008_000223:part_96,2008_000223,person,hand,hand,0.0,0.0,1.0,0.03329065442085266,1.0,1.0,1.0
fixed_uvd,test_seen,53,val:2008_000233:part_83,2008_000233,person,head,head,0.7505720853805542,0.857516348361969,0.03827160596847534,0.11701609194278717,1.0,1.0,1.0
fixed_uvd,test_seen,54,val:2008_000233:part_84,2008_000233,person,eye,eye,0.0,0.0,0.0,0.0021127904765307903,1.0,1.0,1.0
fixed_uvd,test_seen,55,val:2008_000233:part_85,2008_000233,person,torso,torso,0.8331970572471619,0.9090098142623901,0.03177784010767937,0.5254347324371338,1.0,1.0,1.0
fixed_uvd,test_seen,56,val:2008_000233:part_86,2008_000233,person,neck,neck,0.3933333456516266,0.5645933151245117,0.0,0.01982772722840309,1.0,1.0,1.0
fixed_uvd,test_seen,57,val:2008_000233:part_89,2008_000233,person,nose,nose,0.3896103799343109,0.5607476830482483,0.0,0.006013326812535524,1.0,1.0,1.0
fixed_uvd,test_seen,58,val:2008_000233:part_90,2008_000233,person,ear,ear,0.06521739065647125,0.12244898080825806,0.0731707289814949,0.003900536336004734,1.0,1.0,1.0
fixed_uvd,test_seen,59,val:2008_000233:part_91,2008_000233,person,eyebrow,eyebrow,0.0,0.0,0.0,0.004225580953061581,1.0,1.0,1.0
fixed_uvd,test_seen,60,val:2008_000233:part_92,2008_000233,person,mouth,mouth,0.11971831321716309,0.21383647620677948,0.0,0.0029254022520035505,1.0,1.0,1.0
fixed_uvd,test_seen,61,val:2008_000233:part_93,2008_000233,person,hair,hair,0.28140702843666077,0.43921568989753723,0.27548208832740784,0.02389078587293625,1.0,1.0,1.0
fixed_uvd,test_seen,62,val:2008_000233:part_94,2008_000233,person,lower arm,lower arm,0.5366403460502625,0.698459267616272,0.2933333218097687,0.11181537806987762,1.0,1.0,1.0
fixed_uvd,test_seen,63,val:2008_000233:part_95,2008_000233,person,upper arm,upper arm,0.44972825050354004,0.620431125164032,0.13154301047325134,0.16317243874073029,1.0,1.0,1.0
fixed_uvd,test_seen,64,val:2008_000233:part_96,2008_000233,person,hand,hand,0.0,0.0,0.0,0.005850804504007101,1.0,1.0,1.0
fixed_uvd,test_seen,65,val:2008_000234:part_83,2008_000234,person,head,head,0.5377424955368042,0.6993921399116516,0.05488881096243858,0.14208590984344482,1.0,1.0,1.0
fixed_uvd,test_seen,66,val:2008_000234:part_84,2008_000234,person,eye,eye,0.060975611209869385,0.1149425283074379,0.0,0.00209428952075541,1.0,1.0,1.0
fixed_uvd,test_seen,67,val:2008_000234:part_85,2008_000234,person,torso,torso,0.3379580080509186,0.5051847696304321,0.03602853789925575,0.13370876014232635,1.0,1.0,1.0
fixed_uvd,test_seen,68,val:2008_000234:part_86,2008_000234,person,neck,neck,0.5329861044883728,0.6953567266464233,0.0,0.01447386760264635,1.0,1.0,1.0
fixed_uvd,test_seen,69,val:2008_000234:part_89,2008_000234,person,nose,nose,0.5104895234107971,0.6759259104728699,0.0,0.008702936582267284,1.0,1.0,1.0
fixed_uvd,test_seen,70,val:2008_000234:part_91,2008_000234,person,eyebrow,eyebrow,0.12719298899173737,0.22568093240261078,0.0,0.0021408293396234512,1.0,1.0,1.0
fixed_uvd,test_seen,71,val:2008_000234:part_92,2008_000234,person,mouth,mouth,0.4123076796531677,0.5838779807090759,0.0,0.00977335125207901,1.0,1.0,1.0
fixed_uvd,test_seen,72,val:2008_000234:part_93,2008_000234,person,hair,hair,0.4006696343421936,0.5721115469932556,0.13890457153320312,0.034392889589071274,1.0,1.0,1.0
fixed_uvd,test_seen,73,val:2008_000254:part_83,2008_000254,person,head,head,0.0,0.0,0.0,0.016091953963041306,1.0,1.0,1.0
fixed_uvd,test_seen,74,val:2008_000254:part_85,2008_000254,person,torso,torso,0.0,0.0,0.5785123705863953,0.05517241358757019,1.0,1.0,1.0
fixed_uvd,test_seen,75,val:2008_000254:part_87,2008_000254,person,leg,leg,0.09580838680267334,0.17486338317394257,0.6233766078948975,0.06666667014360428,1.0,1.0,1.0
fixed_uvd,test_seen,76,val:2008_000254:part_88,2008_000254,person,foot,foot,0.0,0.0,0.0,0.004597701132297516,1.0,1.0,1.0
fixed_uvd,test_seen,77,val:2008_000254:part_94,2008_000254,person,lower arm,lower arm,0.0,0.0,0.0,0.004597701132297516,1.0,1.0,1.0
fixed_uvd,test_seen,78,val:2008_000271:part_83,2008_000271,person,head,head,0.5781759023666382,0.7327141165733337,0.002673796843737364,0.11219578981399536,1.0,1.0,1.0
fixed_uvd,test_seen,79,val:2008_000271:part_84,2008_000271,person,eye,eye,0.06499999761581421,0.12206573039293289,0.0,0.003849855624139309,1.0,1.0,1.0
fixed_uvd,test_seen,80,val:2008_000271:part_85,2008_000271,person,torso,torso,0.6205934882164001,0.7658842206001282,0.04780278727412224,0.477382093667984,1.0,1.0,1.0
fixed_uvd,test_seen,81,val:2008_000271:part_86,2008_000271,person,neck,neck,0.7118644118309021,0.8316831588745117,0.0,0.045923277735710144,1.0,1.0,1.0
fixed_uvd,test_seen,82,val:2008_000271:part_89,2008_000271,person,nose,nose,0.4693877696990967,0.6388888955116272,0.0,0.01278702076524496,1.0,1.0,1.0
fixed_uvd,test_seen,83,val:2008_000271:part_90,2008_000271,person,ear,ear,0.0,0.0,0.0,0.0019249278120696545,1.0,1.0,1.0
fixed_uvd,test_seen,84,val:2008_000271:part_91,2008_000271,person,eyebrow,eyebrow,0.0,0.0,0.0,0.0021999175660312176,1.0,1.0,1.0
fixed_uvd,test_seen,85,val:2008_000271:part_92,2008_000271,person,mouth,mouth,0.475862056016922,0.644859790802002,0.0,0.014711948111653328,1.0,1.0,1.0
fixed_uvd,test_seen,86,val:2008_000271:part_93,2008_000271,person,hair,hair,0.4899665415287018,0.6576879620552063,0.1477377712726593,0.09610889852046967,1.0,1.0,1.0
fixed_uvd,test_seen,87,val:2008_000271:part_94,2008_000271,person,lower arm,lower arm,0.17549167573451996,0.29858431220054626,0.2368421107530594,0.028461432084441185,1.0,1.0,1.0
fixed_uvd,test_seen,88,val:2008_000271:part_95,2008_000271,person,upper arm,upper arm,0.5146462321281433,0.6795596480369568,0.07482992857694626,0.19936752319335938,1.0,1.0,1.0
fixed_uvd,test_seen,89,val:2008_000345:part_42,2008_000345,cat,tail,tail,0.4456762671470642,0.6165643930435181,0.44125327467918396,0.07060367614030838,1.0,1.0,1.0
fixed_uvd,test_seen,90,val:2008_000345:part_43,2008_000345,cat,head,head,0.6504660248756409,0.7882210612297058,0.11059293895959854,0.12834645807743073,1.0,1.0,1.0
fixed_uvd,test_seen,91,val:2008_000345:part_44,2008_000345,cat,eye,eye,0.16326530277729034,0.28070175647735596,0.0,0.008792650885879993,1.0,1.0,1.0
fixed_uvd,test_seen,92,val:2008_000345:part_45,2008_000345,cat,torso,torso,0.8817848563194275,0.9371792674064636,0.04339718446135521,0.7090551257133484,1.0,1.0,1.0
fixed_uvd,test_seen,93,val:2008_000345:part_46,2008_000345,cat,neck,neck,0.17330211400985718,0.2954091727733612,0.0714285746216774,0.014304461888968945,1.0,1.0,1.0
fixed_uvd,test_seen,94,val:2008_000345:part_47,2008_000345,cat,leg,leg,0.05645161122083664,0.10687022656202316,0.1652892529964447,0.007874015718698502,1.0,1.0,1.0
fixed_uvd,test_seen,95,val:2008_000345:part_48,2008_000345,cat,nose,nose,0.14444445073604584,0.25242719054222107,0.0,0.001706036739051342,1.0,1.0,1.0
fixed_uvd,test_seen,96,val:2008_000345:part_49,2008_000345,cat,paw,paw,0.2602040767669678,0.41295546293258667,0.5245901346206665,0.008398950099945068,1.0,1.0,1.0
fixed_uvd,test_seen,97,val:2008_000345:part_50,2008_000345,cat,ear,ear,0.45042017102241516,0.6210892200469971,0.39426523447036743,0.04002624750137329,1.0,1.0,1.0
fixed_uvd,test_seen,98,val:2008_000359:part_83,2008_000359,person,head,head,0.42875614762306213,0.600180983543396,0.02419249340891838,0.12666095793247223,1.0,1.0,1.0
fixed_uvd,test_seen,99,val:2008_000359:part_84,2008_000359,person,eye,eye,0.23786407709121704,0.3843137323856354,0.0,0.0021960025187581778,1.0,1.0,1.0
fixed_uvd,test_seen,100,val:2008_000359:part_85,2008_000359,person,torso,torso,0.17549289762973785,0.29858607053756714,0.040062155574560165,0.09926676005125046,1.0,1.0,1.0
fixed_uvd,test_seen,101,val:2008_000359:part_86,2008_000359,person,neck,neck,0.35064101219177246,0.5192216634750366,0.001401541638188064,0.025309858843684196,1.0,1.0,1.0
fixed_uvd,test_seen,102,val:2008_000359:part_89,2008_000359,person,nose,nose,0.6467780470848083,0.7855072617530823,0.0,0.012022183276712894,1.0,1.0,1.0
fixed_uvd,test_seen,103,val:2008_000359:part_90,2008_000359,person,ear,ear,0.42815250158309937,0.5995893478393555,0.04719763994216919,0.00550861656665802,1.0,1.0,1.0
fixed_uvd,test_seen,104,val:2008_000359:part_91,2008_000359,person,eyebrow,eyebrow,0.20279720425605774,0.3372093141078949,0.0,0.006066922098398209,1.0,1.0,1.0
fixed_uvd,test_seen,105,val:2008_000359:part_92,2008_000359,person,mouth,mouth,0.41063830256462097,0.582202136516571,0.0,0.008002381771802902,1.0,1.0,1.0
fixed_uvd,test_seen,106,val:2008_000359:part_93,2008_000359,person,hair,hair,0.6007490754127502,0.7505849599838257,0.1422562152147293,0.06174861267209053,1.0,1.0,1.0
fixed_uvd,test_seen,107,val:2008_000391:part_97,2008_000391,pottedplant,pot,pot,0.19062799215316772,0.320214182138443,0.07042746990919113,0.10539538413286209,1.0,1.0,1.0
fixed_uvd,test_seen,108,val:2008_000391:part_98,2008_000391,pottedplant,plant,plant,0.33181434869766235,0.49828919768333435,0.29368099570274353,0.31546837091445923,1.0,1.0,1.0
fixed_uvd,test_seen,109,val:2008_000401:part_43,2008_000401,cat,head,head,0.648500382900238,0.7867761254310608,0.07493539899587631,0.132429838180542,1.0,1.0,1.0
fixed_uvd,test_seen,110,val:2008_000401:part_44,2008_000401,cat,eye,eye,0.3207547068595886,0.48571428656578064,0.0,0.003535390831530094,1.0,1.0,1.0
fixed_uvd,test_seen,111,val:2008_000401:part_45,2008_000401,cat,torso,torso,0.8953644633293152,0.9447939991950989,0.037863727658987045,0.7419164776802063,1.0,1.0,1.0
fixed_uvd,test_seen,112,val:2008_000401:part_46,2008_000401,cat,neck,neck,0.3342246115207672,0.5010020136833191,0.0,0.05384105443954468,1.0,1.0,1.0
fixed_uvd,test_seen,113,val:2008_000401:part_47,2008_000401,cat,leg,leg,0.430539608001709,0.6019261479377747,0.0628853291273117,0.03203947842121124,1.0,1.0,1.0
fixed_uvd,test_seen,114,val:2008_000401:part_48,2008_000401,cat,nose,nose,0.04838709533214569,0.0923076942563057,0.26229506731033325,0.000294615892926231,1.0,1.0,1.0
fixed_uvd,test_seen,115,val:2008_000401:part_50,2008_000401,cat,ear,ear,0.588921308517456,0.7412844300270081,0.30996885895729065,0.03299697861075401,1.0,1.0,1.0
fixed_uvd,test_seen,116,val:2008_000464:part_43,2008_000464,cat,head,head,0.7830279469490051,0.8783125877380371,0.0,0.11420468986034393,1.0,1.0,1.0
fixed_uvd,test_seen,117,val:2008_000464:part_44,2008_000464,cat,eye,eye,0.25999999046325684,0.4126984179019928,0.0,0.005929363425821066,1.0,1.0,1.0
fixed_uvd,test_seen,118,val:2008_000464:part_45,2008_000464,cat,torso,torso,0.6072664260864258,0.7556512355804443,0.08298610895872116,0.455014169216156,1.0,1.0,1.0
fixed_uvd,test_seen,119,val:2008_000464:part_46,2008_000464,cat,neck,neck,0.4517766535282135,0.6223776340484619,0.0022522523067891598,0.05336426943540573,1.0,1.0,1.0
fixed_uvd,test_seen,120,val:2008_000464:part_47,2008_000464,cat,leg,leg,0.5491395592689514,0.708960771560669,0.088314488530159,0.28280484676361084,1.0,1.0,1.0
fixed_uvd,test_seen,121,val:2008_000464:part_48,2008_000464,cat,nose,nose,0.20000000298023224,0.3333333432674408,0.0,0.0019334880635142326,1.0,1.0,1.0
fixed_uvd,test_seen,122,val:2008_000464:part_49,2008_000464,cat,paw,paw,0.11487965285778046,0.20608440041542053,0.5733944773674011,0.04704820737242699,1.0,1.0,1.0
fixed_uvd,test_seen,123,val:2008_000464:part_50,2008_000464,cat,ear,ear,0.46386945247650146,0.6337579488754272,0.19154228270053864,0.029131218791007996,1.0,1.0,1.0
fixed_uvd,test_seen,124,val:2008_000469:part_83,2008_000469,person,head,head,0.0,0.0,0.7080292105674744,0.026455026119947433,1.0,1.0,1.0
fixed_uvd,test_seen,125,val:2008_000469:part_85,2008_000469,person,torso,torso,0.010810811072587967,0.02139037474989891,0.3486238420009613,0.2063492089509964,1.0,1.0,1.0
fixed_uvd,test_seen,126,val:2008_000469:part_87,2008_000469,person,leg,leg,0.12269938737154007,0.2185792326927185,0.5789473652839661,0.23280423879623413,1.0,1.0,1.0
fixed_uvd,test_seen,127,val:2008_000469:part_88,2008_000469,person,foot,foot,0.0,0.0,0.0,0.013227513059973717,1.0,1.0,1.0
fixed_uvd,test_seen,128,val:2008_000469:part_94,2008_000469,person,lower arm,lower arm,0.0,0.0,0.0,0.026455026119947433,1.0,1.0,1.0
fixed_uvd,test_seen,129,val:2008_000469:part_95,2008_000469,person,upper arm,upper arm,0.0,0.0,0.0,0.05291005223989487,1.0,1.0,1.0
fixed_uvd,test_seen,130,val:2008_000469:part_96,2008_000469,person,hand,hand,0.0,0.0,0.0,0.01587301678955555,1.0,1.0,1.0
fixed_uvd,test_seen,131,val:2008_000474:part_83,2008_000474,person,head,head,0.5313807725906372,0.693989098072052,0.0,0.04729029908776283,1.0,1.0,1.0
fixed_uvd,test_seen,132,val:2008_000474:part_84,2008_000474,person,eye,eye,0.0,0.0,0.0,0.00034518467145971954,1.0,1.0,1.0
fixed_uvd,test_seen,133,val:2008_000474:part_85,2008_000474,person,torso,torso,0.5432098507881165,0.7039999961853027,0.23384253680706024,0.18087676167488098,1.0,1.0,1.0
fixed_uvd,test_seen,134,val:2008_000474:part_86,2008_000474,person,neck,neck,0.07619047909975052,0.14159291982650757,0.07792207598686218,0.012426648288965225,1.0,1.0,1.0
fixed_uvd,test_seen,135,val:2008_000474:part_87,2008_000474,person,leg,leg,0.6202409863471985,0.765615701675415,0.2666666805744171,0.46668967604637146,1.0,1.0,1.0
fixed_uvd,test_seen,136,val:2008_000474:part_88,2008_000474,person,foot,foot,0.5940366983413696,0.7453237175941467,0.16137565672397614,0.10942354053258896,1.0,1.0,1.0
fixed_uvd,test_seen,137,val:2008_000474:part_89,2008_000474,person,nose,nose,0.0,0.0,0.0,0.004487400874495506,1.0,1.0,1.0
fixed_uvd,test_seen,138,val:2008_000474:part_90,2008_000474,person,ear,ear,0.0,0.0,0.0,0.0020711079705506563,1.0,1.0,1.0
fixed_uvd,test_seen,139,val:2008_000474:part_91,2008_000474,person,eyebrow,eyebrow,0.0,0.0,0.0,0.00034518467145971954,1.0,1.0,1.0
fixed_uvd,test_seen,140,val:2008_000474:part_92,2008_000474,person,mouth,mouth,0.0,0.0,0.0,0.0006903693429194391,1.0,1.0,1.0
fixed_uvd,test_seen,141,val:2008_000474:part_93,2008_000474,person,hair,hair,0.3493589758872986,0.5178147554397583,0.2988929748535156,0.05177770182490349,1.0,1.0,1.0
fixed_uvd,test_seen,142,val:2008_000474:part_94,2008_000474,person,lower arm,lower arm,0.0,0.0,0.3082437217235565,0.01656886376440525,1.0,1.0,1.0
fixed_uvd,test_seen,143,val:2008_000474:part_95,2008_000474,person,upper arm,upper arm,0.18840579688549042,0.31707316637039185,0.37827715277671814,0.09872281551361084,1.0,1.0,1.0
fixed_uvd,test_seen,144,val:2008_000510:part_83,2008_000510,person,head,head,0.37867647409439087,0.5493333339691162,0.44897958636283875,0.059605684131383896,1.0,1.0,1.0
fixed_uvd,test_seen,145,val:2008_000510:part_84,2008_000510,person,eye,eye,0.0,0.0,0.0,0.0009170105331577361,1.0,1.0,1.0
fixed_uvd,test_seen,146,val:2008_000510:part_85,2008_000510,person,torso,torso,0.7041284441947937,0.8263795375823975,0.12802767753601074,0.28381475806236267,1.0,1.0,1.0
fixed_uvd,test_seen,147,val:2008_000510:part_87,2008_000510,person,leg,leg,0.529757559299469,0.6926032900810242,0.24537815153598785,0.4089867174625397,1.0,1.0,1.0
fixed_uvd,test_seen,148,val:2008_000510:part_88,2008_000510,person,foot,foot,0.0,0.0,0.44117647409439087,0.03530490770936012,1.0,1.0,1.0
fixed_uvd,test_seen,149,val:2008_000510:part_89,2008_000510,person,nose,nose,0.0,0.0,0.0,0.0018340210663154721,1.0,1.0,1.0
fixed_uvd,test_seen,150,val:2008_000510:part_90,2008_000510,person,ear,ear,0.0,0.0,0.0,0.0009170105331577361,1.0,1.0,1.0
fixed_uvd,test_seen,151,val:2008_000510:part_91,2008_000510,person,eyebrow,eyebrow,0.0,0.0,0.0,0.00045850526657886803,1.0,1.0,1.0
fixed_uvd,test_seen,152,val:2008_000510:part_92,2008_000510,person,mouth,mouth,0.0,0.0,0.0,0.0013755158288404346,1.0,1.0,1.0
fixed_uvd,test_seen,153,val:2008_000510:part_93,2008_000510,person,hair,hair,0.017543859779834747,0.03448275849223137,0.6666666865348816,0.008711599744856358,1.0,1.0,1.0
fixed_uvd,test_seen,154,val:2008_000510:part_94,2008_000510,person,lower arm,lower arm,0.16842105984687805,0.28828829526901245,0.5587188601493835,0.07473635673522949,1.0,1.0,1.0
fixed_uvd,test_seen,155,val:2008_000510:part_95,2008_000510,person,upper arm,upper arm,0.23089171946048737,0.37516170740127563,0.40872374176979065,0.07060981541872025,1.0,1.0,1.0
fixed_uvd,test_seen,156,val:2008_000510:part_96,2008_000510,person,hand,hand,0.08461538702249527,0.1560283750295639,0.835616409778595,0.03117835894227028,1.0,1.0,1.0
fixed_uvd,test_seen,157,val:2008_000573:part_83,2008_000573,person,head,head,0.47608694434165955,0.6450662612915039,0.1272294819355011,0.031071579083800316,1.0,1.0,1.0
fixed_uvd,test_seen,158,val:2008_000573:part_84,2008_000573,person,eye,eye,0.0,0.0,0.0,6.009976641507819e-05,1.0,1.0,1.0
fixed_uvd,test_seen,159,val:2008_000573:part_85,2008_000573,person,torso,torso,0.45720937848091125,0.6275136470794678,0.13260316848754883,0.14399904012680054,1.0,1.0,1.0
fixed_uvd,test_seen,160,val:2008_000573:part_86,2008_000573,person,neck,neck,0.5654596090316772,0.7224199175834656,0.0,0.01833042874932289,1.0,1.0,1.0
fixed_uvd,test_seen,161,val:2008_000573:part_89,2008_000573,person,nose,nose,0.0,0.0,1.0,0.0007211971678771079,1.0,1.0,1.0
fixed_uvd,test_seen,162,val:2008_000573:part_90,2008_000573,person,ear,ear,0.2750000059604645,0.4313725531101227,0.0,0.0038463850505650043,1.0,1.0,1.0
fixed_uvd,test_seen,163,val:2008_000573:part_91,2008_000573,person,eyebrow,eyebrow,0.0,0.0,0.0,0.00048079813132062554,1.0,1.0,1.0
fixed_uvd,test_seen,164,val:2008_000573:part_92,2008_000573,person,mouth,mouth,0.0,0.0,0.7083333134651184,0.00042069837218150496,1.0,1.0,1.0
fixed_uvd,test_seen,165,val:2008_000573:part_93,2008_000573,person,hair,hair,0.6614881157875061,0.7962598204612732,0.14304013550281525,0.10349179804325104,1.0,1.0,1.0
fixed_uvd,test_seen,166,val:2008_000573:part_94,2008_000573,person,lower arm,lower arm,0.20183485746383667,0.3358778655529022,0.541436493396759,0.004868080839514732,1.0,1.0,1.0
fixed_uvd,test_seen,167,val:2008_000573:part_95,2008_000573,person,upper arm,upper arm,0.5900681614875793,0.742192268371582,0.14880000054836273,0.0835987776517868,1.0,1.0,1.0
fixed_uvd,test_seen,168,val:2008_000602:part_71,2008_000602,horse,head,head,0.47676220536231995,0.6456857919692993,0.05583822727203369,0.3690231740474701,1.0,1.0,1.0
fixed_uvd,test_seen,169,val:2008_000602:part_72,2008_000602,horse,eye,eye,0.5,0.6666666865348816,0.0,0.008702454157173634,1.0,1.0,1.0
fixed_uvd,test_seen,170,val:2008_000602:part_73,2008_000602,horse,torso,torso,0.01225114893168211,0.024205747991800308,0.1830543875694275,0.006942407228052616,1.0,1.0,1.0
fixed_uvd,test_seen,171,val:2008_000602:part_74,2008_000602,horse,neck,neck,0.6332454085350037,0.7754442691802979,0.1174282655119896,0.23721522092819214,1.0,1.0,1.0
fixed_uvd,test_seen,172,val:2008_000602:part_76,2008_000602,horse,ear,ear,0.39135801792144775,0.5625554323196411,0.40220820903778076,0.04820572957396507,1.0,1.0,1.0
fixed_uvd,test_seen,173,val:2008_000602:part_77,2008_000602,horse,muzzle,muzzle,0.6656811833381653,0.7992900609970093,0.19512194395065308,0.2642025947570801,1.0,1.0,1.0
fixed_uvd,test_seen,174,val:2008_000630:part_83,2008_000630,person,head,head,0.0,0.0,0.0,0.0013723695883527398,1.0,1.0,1.0
fixed_uvd,test_seen,175,val:2008_000630:part_85,2008_000630,person,torso,torso,0.45469939708709717,0.6251454949378967,0.20321761071681976,0.2456541657447815,1.0,1.0,1.0
fixed_uvd,test_seen,176,val:2008_000630:part_86,2008_000630,person,neck,neck,0.10691823810338974,0.1931818127632141,0.08666666597127914,0.011893870308995247,1.0,1.0,1.0
fixed_uvd,test_seen,177,val:2008_000630:part_87,2008_000630,person,leg,leg,0.4519572854042053,0.6225489974021912,0.32127097249031067,0.4149130880832672,1.0,1.0,1.0
fixed_uvd,test_seen,178,val:2008_000630:part_88,2008_000630,person,foot,foot,0.14901961386203766,0.2593856751918793,0.7117646932601929,0.0562671534717083,1.0,1.0,1.0
fixed_uvd,test_seen,179,val:2008_000630:part_90,2008_000630,person,ear,ear,0.0,0.0,0.0,0.0009149130783043802,1.0,1.0,1.0
fixed_uvd,test_seen,180,val:2008_000630:part_93,2008_000630,person,hair,hair,0.49132949113845825,0.6589147448539734,0.2926829159259796,0.06175663322210312,1.0,1.0,1.0
fixed_uvd,test_seen,181,val:2008_000630:part_94,2008_000630,person,lower arm,lower arm,0.04800000041723251,0.09160305559635162,0.9298245906829834,0.04162854701280594,1.0,1.0,1.0
fixed_uvd,test_seen,182,val:2008_000630:part_95,2008_000630,person,upper arm,upper arm,0.12547528743743896,0.22297297418117523,0.4248366057872772,0.06541628390550613,1.0,1.0,1.0
fixed_uvd,test_seen,183,val:2008_000630:part_96,2008_000630,person,hand,hand,0.0833333358168602,0.1538461595773697,0.8831169009208679,0.018298260867595673,1.0,1.0,1.0
fixed_uvd,test_seen,184,val:2008_000657:part_109,2008_000657,train,head,head,0.008946321904659271,0.017733989283442497,0.16947250068187714,0.012728392146527767,1.0,1.0,1.0
fixed_uvd,test_seen,185,val:2008_000657:part_110,2008_000657,train,front,front,0.8540555238723755,0.9212836623191833,0.07802002131938934,0.6427838206291199,1.0,1.0,1.0
fixed_uvd,test_seen,186,val:2008_000657:part_111,2008_000657,train,side,side,0.6733880639076233,0.8048199415206909,0.10778301954269409,0.2973721921443939,1.0,1.0,1.0
fixed_uvd,test_seen,187,val:2008_000657:part_114,2008_000657,train,coach,coach,0.0810549259185791,0.14995524287223816,0.14299802482128143,0.04229111224412918,1.0,1.0,1.0
fixed_uvd,test_seen,188,val:2008_000661:part_85,2008_000661,person,torso,torso,0.0,0.0,0.00881285686045885,0.00018532246758695692,1.0,1.0,1.0
fixed_uvd,test_seen,189,val:2008_000662:part_83,2008_000662,person,head,head,0.6824092864990234,0.8112286329269409,0.05003625899553299,0.2214241772890091,1.0,1.0,1.0
fixed_uvd,test_seen,190,val:2008_000662:part_84,2008_000662,person,eye,eye,0.024096384644508362,0.0470588244497776,0.0,0.005540734622627497,1.0,1.0,1.0
fixed_uvd,test_seen,191,val:2008_000662:part_85,2008_000662,person,torso,torso,0.3281990587711334,0.4942016005516052,0.30257803201675415,0.07880155742168427,1.0,1.0,1.0
fixed_uvd,test_seen,192,val:2008_000662:part_87,2008_000662,person,leg,leg,0.42845165729522705,0.5998826026916504,0.38664689660072327,0.35727477073669434,1.0,1.0,1.0
fixed_uvd,test_seen,193,val:2008_000662:part_88,2008_000662,person,foot,foot,0.2751445174217224,0.4315503239631653,0.27871620655059814,0.10486353188753128,1.0,1.0,1.0
fixed_uvd,test_seen,194,val:2008_000662:part_89,2008_000662,person,nose,nose,0.4888888895511627,0.6567164063453674,0.0,0.009850194677710533,1.0,1.0,1.0
fixed_uvd,test_seen,195,val:2008_000662:part_90,2008_000662,person,ear,ear,0.380952388048172,0.5517241358757019,0.39259257912635803,0.01395444292575121,1.0,1.0,1.0
fixed_uvd,test_seen,196,val:2008_000662:part_91,2008_000662,person,eyebrow,eyebrow,0.0,0.0,0.0,0.0006156371673569083,1.0,1.0,1.0
fixed_uvd,test_seen,197,val:2008_000662:part_92,2008_000662,person,mouth,mouth,0.0,0.0,0.0,0.004309460520744324,1.0,1.0,1.0
fixed_uvd,test_seen,198,val:2008_000662:part_93,2008_000662,person,hair,hair,0.3543599247932434,0.5232876539230347,0.09215686470270157,0.045146726071834564,1.0,1.0,1.0
fixed_uvd,test_seen,199,val:2008_000662:part_94,2008_000662,person,lower arm,lower arm,0.4484412372112274,0.6192052960395813,0.17616580426692963,0.08947260677814484,1.0,1.0,1.0
fixed_uvd,test_seen,200,val:2008_000662:part_96,2008_000662,person,hand,hand,0.14974358677864075,0.26048171520233154,0.29599055647850037,0.05602298304438591,1.0,1.0,1.0
fixed_uvd,test_seen,201,val:2008_000666:part_83,2008_000666,person,head,head,0.568965494632721,0.7252747416496277,0.07262569665908813,0.1531631499528885,1.0,1.0,1.0
fixed_uvd,test_seen,202,val:2008_000666:part_84,2008_000666,person,eye,eye,0.0,0.0,0.0,0.0005549389752559364,1.0,1.0,1.0
fixed_uvd,test_seen,203,val:2008_000666:part_85,2008_000666,person,torso,torso,0.7301790118217468,0.8440502882003784,0.048114433884620667,0.3240843415260315,1.0,1.0,1.0
fixed_uvd,test_seen,204,val:2008_000666:part_87,2008_000666,person,leg,leg,0.5603576898574829,0.7182425856590271,0.1944894641637802,0.2386237531900406,1.0,1.0,1.0
fixed_uvd,test_seen,205,val:2008_000666:part_88,2008_000666,person,foot,foot,0.328125,0.4941176474094391,0.3636363744735718,0.05160932242870331,1.0,1.0,1.0
fixed_uvd,test_seen,206,val:2008_000666:part_89,2008_000666,person,nose,nose,0.0,0.0,0.0,0.0011098779505118728,1.0,1.0,1.0
fixed_uvd,test_seen,207,val:2008_000666:part_90,2008_000666,person,ear,ear,0.0,0.0,0.0,0.0005549389752559364,1.0,1.0,1.0
fixed_uvd,test_seen,208,val:2008_000666:part_92,2008_000666,person,mouth,mouth,0.0,0.0,0.0,0.0011098779505118728,1.0,1.0,1.0
fixed_uvd,test_seen,209,val:2008_000666:part_94,2008_000666,person,lower arm,lower arm,0.4655870497226715,0.6353591084480286,0.2586206793785095,0.07214206457138062,1.0,1.0,1.0
fixed_uvd,test_seen,210,val:2008_000666:part_95,2008_000666,person,upper arm,upper arm,0.2853107452392578,0.44395604729652405,0.1843971610069275,0.0960044413805008,1.0,1.0,1.0
fixed_uvd,test_seen,211,val:2008_000666:part_96,2008_000666,person,hand,hand,0.18421052396297455,0.31111112236976624,0.7784430980682373,0.03218645974993706,1.0,1.0,1.0
fixed_uvd,test_seen,212,val:2008_000673:part_83,2008_000673,person,head,head,0.035087719559669495,0.06779661029577255,0.0,0.032422199845314026,1.0,1.0,1.0
fixed_uvd,test_seen,213,val:2008_000673:part_84,2008_000673,person,eye,eye,0.0,0.0,0.0,0.00011832918971776962,1.0,1.0,1.0
fixed_uvd,test_seen,214,val:2008_000673:part_85,2008_000673,person,torso,torso,0.3454647362232208,0.5135247707366943,0.10220673680305481,0.08058217912912369,1.0,1.0,1.0
fixed_uvd,test_seen,215,val:2008_000673:part_87,2008_000673,person,leg,leg,0.013341671787202358,0.026332030072808266,0.18303106725215912,0.007573068141937256,1.0,1.0,1.0
fixed_uvd,test_seen,216,val:2008_000673:part_88,2008_000673,person,foot,foot,0.0,0.0,0.29263564944267273,0.008401372469961643,1.0,1.0,1.0
fixed_uvd,test_seen,217,val:2008_000673:part_89,2008_000673,person,nose,nose,0.0,0.0,0.0,0.00023665837943553925,1.0,1.0,1.0
fixed_uvd,test_seen,218,val:2008_000673:part_90,2008_000673,person,ear,ear,0.0,0.0,0.8181818127632141,0.00023665837943553925,1.0,1.0,1.0
fixed_uvd,test_seen,219,val:2008_000673:part_93,2008_000673,person,hair,hair,0.0,0.0,0.4285714328289032,0.0014199502766132355,1.0,1.0,1.0
fixed_uvd,test_seen,220,val:2008_000673:part_94,2008_000673,person,lower arm,lower arm,0.0,0.0,0.26702702045440674,0.0004733167588710785,1.0,1.0,1.0
fixed_uvd,test_seen,221,val:2008_000673:part_95,2008_000673,person,upper arm,upper arm,0.015940489247441292,0.031380753964185715,0.11437733471393585,0.0048514967784285545,1.0,1.0,1.0
fixed_uvd,test_seen,222,val:2008_000673:part_96,2008_000673,person,hand,hand,0.0,0.0,0.2457466870546341,0.0008283043280243874,1.0,1.0,1.0
fixed_uvd,test_seen,223,val:2008_000700:part_83,2008_000700,person,head,head,0.5809524059295654,0.7349397540092468,0.030701754614710808,0.08533501625061035,1.0,1.0,1.0
fixed_uvd,test_seen,224,val:2008_000700:part_84,2008_000700,person,eye,eye,0.0,0.0,0.0,0.0022123893722891808,1.0,1.0,1.0
fixed_uvd,test_seen,225,val:2008_000700:part_85,2008_000700,person,torso,torso,0.4285714328289032,0.6000000238418579,0.11570248007774353,0.18046776950359344,1.0,1.0,1.0
fixed_uvd,test_seen,226,val:2008_000700:part_86,2008_000700,person,neck,neck,0.28342247009277344,0.4416666626930237,0.0,0.04329961910843849,1.0,1.0,1.0
fixed_uvd,test_seen,227,val:2008_000700:part_87,2008_000700,person,leg,leg,0.4982142746448517,0.6650774478912354,0.33544304966926575,0.29614412784576416,1.0,1.0,1.0
fixed_uvd,test_seen,228,val:2008_000700:part_88,2008_000700,person,foot,foot,0.4005681872367859,0.5720081329345703,0.5092024803161621,0.05278129130601883,1.0,1.0,1.0
fixed_uvd,test_seen,229,val:2008_000700:part_89,2008_000700,person,nose,nose,0.05128205195069313,0.09756097197532654,0.0,0.005689001176506281,1.0,1.0,1.0
fixed_uvd,test_seen,230,val:2008_000700:part_90,2008_000700,person,ear,ear,0.0,0.0,0.0,0.0028445005882531404,1.0,1.0,1.0
fixed_uvd,test_seen,231,val:2008_000700:part_91,2008_000700,person,eyebrow,eyebrow,0.0,0.0,0.0,0.0006321112741716206,1.0,1.0,1.0
fixed_uvd,test_seen,232,val:2008_000700:part_92,2008_000700,person,mouth,mouth,0.0,0.0,0.0,0.003792667528614402,1.0,1.0,1.0
fixed_uvd,test_seen,233,val:2008_000700:part_93,2008_000700,person,hair,hair,0.35465115308761597,0.5236051678657532,0.027522936463356018,0.03919089585542679,1.0,1.0,1.0
fixed_uvd,test_seen,234,val:2008_000700:part_94,2008_000700,person,lower arm,lower arm,0.28238341212272644,0.4404040277004242,0.5540540814399719,0.07901390641927719,1.0,1.0,1.0
fixed_uvd,test_seen,235,val:2008_000700:part_95,2008_000700,person,upper arm,upper arm,0.34914088249206543,0.5175751447677612,0.35808464884757996,0.16498103737831116,1.0,1.0,1.0
fixed_uvd,test_seen,236,val:2008_000700:part_96,2008_000700,person,hand,hand,0.2056555300951004,0.3411513864994049,0.5026595592498779,0.02939317375421524,1.0,1.0,1.0
fixed_uvd,test_seen,237,val:2008_000725:part_6,2008_000725,bicycle,wheel,wheel,0.3017154335975647,0.4635658860206604,0.5356711149215698,0.47584789991378784,1.0,1.0,1.0
fixed_uvd,test_seen,238,val:2008_000725:part_7,2008_000725,bicycle,saddle,saddle,0.0,0.0,0.0,0.08530318737030029,1.0,1.0,1.0
fixed_uvd,test_seen,239,val:2008_000725:part_8,2008_000725,bicycle,handlebar,handlebar,0.21387283504009247,0.3523809611797333,0.5714285969734192,0.10071942210197449,1.0,1.0,1.0
fixed_uvd,test_seen,240,val:2008_000725:part_9,2008_000725,bicycle,chainwheel,chainwheel,0.0,0.0,1.0,0.010277491994202137,1.0,1.0,1.0
fixed_uvd,test_seen,241,val:2008_000731:part_83,2008_000731,person,head,head,0.6736684441566467,0.8050201535224915,0.14208494126796722,0.17196398973464966,1.0,1.0,1.0
fixed_uvd,test_seen,242,val:2008_000731:part_84,2008_000731,person,eye,eye,0.1147540956735611,0.20588235557079315,0.0,0.005695388652384281,1.0,1.0,1.0
fixed_uvd,test_seen,243,val:2008_000731:part_85,2008_000731,person,torso,torso,0.5398229956626892,0.7011494040489197,0.1600688397884369,0.1489987075328827,1.0,1.0,1.0
fixed_uvd,test_seen,244,val:2008_000731:part_87,2008_000731,person,leg,leg,0.4317871630191803,0.6031443476676941,0.3633364737033844,0.3771817088127136,1.0,1.0,1.0
fixed_uvd,test_seen,245,val:2008_000731:part_88,2008_000731,person,foot,foot,0.6095778942108154,0.7574382424354553,0.25068119168281555,0.1620429903268814,1.0,1.0,1.0
fixed_uvd,test_seen,246,val:2008_000731:part_89,2008_000731,person,nose,nose,0.139860138297081,0.24539877474308014,0.0,0.008634943515062332,1.0,1.0,1.0
fixed_uvd,test_seen,247,val:2008_000731:part_90,2008_000731,person,ear,ear,0.0,0.0,0.3484848439693451,0.0007348888320848346,1.0,1.0,1.0
fixed_uvd,test_seen,248,val:2008_000731:part_92,2008_000731,person,mouth,mouth,0.1418439745903015,0.2484472095966339,0.0,0.020393164828419685,1.0,1.0,1.0
fixed_uvd,test_seen,249,val:2008_000731:part_94,2008_000731,person,lower arm,lower arm,0.012087912298738956,0.02388707920908928,0.256515771150589,0.03527466580271721,1.0,1.0,1.0
fixed_uvd,test_seen,250,val:2008_000731:part_95,2008_000731,person,upper arm,upper arm,0.0026773761492222548,0.005340454168617725,0.12745098769664764,0.0064302776008844376,1.0,1.0,1.0
fixed_uvd,test_seen,251,val:2008_000731:part_96,2008_000731,person,hand,hand,0.4190751314163208,0.590631365776062,0.3807339370250702,0.06026088446378708,1.0,1.0,1.0
fixed_uvd,test_seen,252,val:2008_000765:part_71,2008_000765,horse,head,head,0.5704441070556641,0.7264748811721802,0.06386418640613556,0.23808130621910095,1.0,1.0,1.0
fixed_uvd,test_seen,253,val:2008_000765:part_72,2008_000765,horse,eye,eye,0.1267605572938919,0.22499999403953552,0.0,0.006434630136936903,1.0,1.0,1.0
fixed_uvd,test_seen,254,val:2008_000765:part_73,2008_000765,horse,torso,torso,0.2777777910232544,0.43478259444236755,0.06523764878511429,0.11670079082250595,1.0,1.0,1.0
fixed_uvd,test_seen,255,val:2008_000765:part_74,2008_000765,horse,neck,neck,0.6696832776069641,0.8021680116653442,0.09350649267435074,0.3050599694252014,1.0,1.0,1.0
fixed_uvd,test_seen,256,val:2008_000765:part_76,2008_000765,horse,ear,ear,0.4657980501651764,0.6355555653572083,0.39840638637542725,0.058204151690006256,1.0,1.0,1.0
fixed_uvd,test_seen,257,val:2008_000765:part_77,2008_000765,horse,muzzle,muzzle,0.660557746887207,0.7955853939056396,0.20217210054397583,0.2594325840473175,1.0,1.0,1.0
fixed_uvd,test_seen,258,val:2008_000795:part_20,2008_000795,bottle,body,body,0.0,0.0,0.0,0.9306930899620056,1.0,1.0,1.0
fixed_uvd,test_seen,259,val:2008_000795:part_21,2008_000795,bottle,cap,cap,0.0,0.0,0.0,0.06930693238973618,1.0,1.0,1.0
fixed_uvd,test_seen,260,val:2008_000853:part_42,2008_000853,cat,tail,tail,0.1367521435022354,0.24060150980949402,0.3838862478733063,0.09717314690351486,1.0,1.0,1.0
fixed_uvd,test_seen,261,val:2008_000853:part_43,2008_000853,cat,head,head,0.21646341681480408,0.3558897376060486,0.1088709682226181,0.2667844593524933,1.0,1.0,1.0
fixed_uvd,test_seen,262,val:2008_000853:part_45,2008_000853,cat,torso,torso,0.0,0.0,0.0,0.351590096950531,1.0,1.0,1.0
fixed_uvd,test_seen,263,val:2008_000853:part_46,2008_000853,cat,neck,neck,0.0,0.0,0.18803419172763824,0.02120141312479973,1.0,1.0,1.0
fixed_uvd,test_seen,264,val:2008_000853:part_47,2008_000853,cat,leg,leg,0.0,0.0,0.0,0.11130741983652115,1.0,1.0,1.0
fixed_uvd,test_seen,265,val:2008_000853:part_48,2008_000853,cat,nose,nose,0.0,0.0,0.0,0.0035335689317435026,1.0,1.0,1.0
fixed_uvd,test_seen,266,val:2008_000853:part_49,2008_000853,cat,paw,paw,0.1875,0.31578946113586426,0.5496688485145569,0.06890459358692169,1.0,1.0,1.0
fixed_uvd,test_seen,267,val:2008_000853:part_50,2008_000853,cat,ear,ear,0.0,0.0,0.0,0.0795053020119667,1.0,1.0,1.0
fixed_uvd,test_seen,268,val:2008_000911:part_20,2008_000911,bottle,body,body,0.7093023061752319,0.8299319744110107,0.2781010866165161,0.9642708897590637,1.0,1.0,1.0
fixed_uvd,test_seen,269,val:2008_000911:part_21,2008_000911,bottle,cap,cap,0.22101449966430664,0.36201781034469604,0.7490040063858032,0.03572912514209747,1.0,1.0,1.0
fixed_uvd,test_seen,270,val:2008_000919:part_51,2008_000919,cow,tail,tail,0.06937173008918762,0.12974296510219574,0.10505836457014084,0.022519035264849663,1.0,1.0,1.0
fixed_uvd,test_seen,271,val:2008_000919:part_54,2008_000919,cow,torso,torso,0.833043098449707,0.9089182019233704,0.025909466668963432,0.8413988947868347,1.0,1.0,1.0
fixed_uvd,test_seen,272,val:2008_000919:part_56,2008_000919,cow,leg,leg,0.48059624433517456,0.6491928696632385,0.056338027119636536,0.12891985476016998,1.0,1.0,1.0
fixed_uvd,test_seen,273,val:2008_000992:part_83,2008_000992,person,head,head,0.6450268030166626,0.7842143177986145,0.024178549647331238,0.11922797560691833,1.0,1.0,1.0
fixed_uvd,test_seen,274,val:2008_000992:part_84,2008_000992,person,eye,eye,0.4632352888584137,0.6331658363342285,0.0,0.008716405369341373,1.0,1.0,1.0
fixed_uvd,test_seen,275,val:2008_000992:part_85,2008_000992,person,torso,torso,0.5715422630310059,0.7273648381233215,0.10077673941850662,0.2984331250190735,1.0,1.0,1.0
fixed_uvd,test_seen,276,val:2008_000992:part_86,2008_000992,person,neck,neck,0.28125,0.4390243887901306,0.0,0.0071599045768380165,1.0,1.0,1.0
fixed_uvd,test_seen,277,val:2008_000992:part_89,2008_000992,person,nose,nose,0.5354838967323303,0.6974790096282959,0.0,0.009442772716283798,1.0,1.0,1.0
fixed_uvd,test_seen,278,val:2008_000992:part_90,2008_000992,person,ear,ear,0.15789473056793213,0.27272728085517883,0.6933333277702332,0.008197572082281113,1.0,1.0,1.0
fixed_uvd,test_seen,279,val:2008_000992:part_91,2008_000992,person,eyebrow,eyebrow,0.14179104566574097,0.24836601316928864,0.0,0.005395870190113783,1.0,1.0,1.0
fixed_uvd,test_seen,280,val:2008_000992:part_92,2008_000992,person,mouth,mouth,0.39393940567970276,0.5652173757553101,0.0,0.007056138012558222,1.0,1.0,1.0
fixed_uvd,test_seen,281,val:2008_000992:part_93,2008_000992,person,hair,hair,0.704277753829956,0.826482355594635,0.19502867758274078,0.12244474142789841,1.0,1.0,1.0
fixed_uvd,test_seen,282,val:2008_000992:part_94,2008_000992,person,lower arm,lower arm,0.6530181765556335,0.7900919318199158,0.1008257269859314,0.16758327186107635,1.0,1.0,1.0
fixed_uvd,test_seen,283,val:2008_000992:part_95,2008_000992,person,upper arm,upper arm,0.5641632080078125,0.7213610410690308,0.18618042767047882,0.1122756078839302,1.0,1.0,1.0
fixed_uvd,test_seen,284,val:2008_000992:part_96,2008_000992,person,hand,hand,0.5833333134651184,0.7368420958518982,0.0,0.12669917941093445,1.0,1.0,1.0
fixed_uvd,test_seen,285,val:2008_001013:part_83,2008_001013,person,head,head,0.09405940771102905,0.1719457060098648,0.528205156326294,0.029988465830683708,1.0,1.0,1.0
fixed_uvd,test_seen,286,val:2008_001013:part_84,2008_001013,person,eye,eye,0.0,0.0,0.0,0.0011534024961292744,1.0,1.0,1.0
fixed_uvd,test_seen,287,val:2008_001013:part_85,2008_001013,person,torso,torso,0.23163841664791107,0.3761467933654785,0.39225590229034424,0.32064589858055115,1.0,1.0,1.0
fixed_uvd,test_seen,288,val:2008_001013:part_87,2008_001013,person,leg,leg,0.19359999895095825,0.3243967890739441,0.5382114052772522,0.15109573304653168,1.0,1.0,1.0
fixed_uvd,test_seen,289,val:2008_001013:part_90,2008_001013,person,ear,ear,0.0,0.0,0.0,0.0069204154424369335,1.0,1.0,1.0
fixed_uvd,test_seen,290,val:2008_001013:part_93,2008_001013,person,hair,hair,0.0,0.0,1.0,0.024221453815698624,1.0,1.0,1.0
fixed_uvd,test_seen,291,val:2008_001013:part_94,2008_001013,person,lower arm,lower arm,0.0,0.0,0.3360995948314667,0.03690887987613678,1.0,1.0,1.0
fixed_uvd,test_seen,292,val:2008_001013:part_95,2008_001013,person,upper arm,upper arm,0.3881118893623352,0.5591939687728882,0.38545453548431396,0.1407151073217392,1.0,1.0,1.0
fixed_uvd,test_seen,293,val:2008_001013:part_96,2008_001013,person,hand,hand,0.0,0.0,0.0,0.0219146478921175,1.0,1.0,1.0
fixed_uvd,test_seen,294,val:2008_001028:part_83,2008_001028,person,head,head,0.33018869161605835,0.4964539110660553,0.056603774428367615,0.0743202418088913,1.0,1.0,1.0
fixed_uvd,test_seen,295,val:2008_001028:part_84,2008_001028,person,eye,eye,0.0,0.0,0.0,0.002416918519884348,1.0,1.0,1.0
fixed_uvd,test_seen,296,val:2008_001028:part_85,2008_001028,person,torso,torso,0.6141636371612549,0.7609682083129883,0.00899742916226387,0.3287009000778198,1.0,1.0,1.0
fixed_uvd,test_seen,297,val:2008_001028:part_86,2008_001028,person,neck,neck,0.12987013161182404,0.2298850566148758,0.0,0.016314199194312096,1.0,1.0,1.0
fixed_uvd,test_seen,298,val:2008_001028:part_87,2008_001028,person,leg,leg,0.6170799136161804,0.7632027268409729,0.18987341225147247,0.2797583043575287,1.0,1.0,1.0
fixed_uvd,test_seen,299,val:2008_001028:part_88,2008_001028,person,foot,foot,0.40167364478111267,0.5731343030929565,0.2710280418395996,0.07311177998781204,1.0,1.0,1.0
fixed_uvd,test_seen,300,val:2008_001028:part_89,2008_001028,person,nose,nose,0.0,0.0,0.0,0.0036253775469958782,1.0,1.0,1.0
fixed_uvd,test_seen,301,val:2008_001028:part_92,2008_001028,person,mouth,mouth,0.0,0.0,0.0,0.002416918519884348,1.0,1.0,1.0
fixed_uvd,test_seen,302,val:2008_001028:part_93,2008_001028,person,hair,hair,0.08547008782625198,0.15748031437397003,0.0882352963089943,0.015105740167200565,1.0,1.0,1.0
fixed_uvd,test_seen,303,val:2008_001028:part_94,2008_001028,person,lower arm,lower arm,0.12862318754196167,0.22792936861515045,0.14147286117076874,0.06465256959199905,1.0,1.0,1.0
fixed_uvd,test_seen,304,val:2008_001028:part_95,2008_001028,person,upper arm,upper arm,0.2551928758621216,0.4066193997859955,0.16871166229248047,0.11722054332494736,1.0,1.0,1.0
fixed_uvd,test_seen,305,val:2008_001028:part_96,2008_001028,person,hand,hand,0.06572769582271576,0.12334802001714706,0.12918660044670105,0.010876133106648922,1.0,1.0,1.0
fixed_uvd,test_seen,306,val:2008_001074:part_83,2008_001074,person,head,head,0.4690181016921997,0.6385464072227478,0.12022900581359863,0.052738554775714874,1.0,1.0,1.0
fixed_uvd,test_seen,307,val:2008_001074:part_84,2008_001074,person,eye,eye,0.03999999910593033,0.07692307978868484,0.06185567006468773,0.0007488232804462314,1.0,1.0,1.0
fixed_uvd,test_seen,308,val:2008_001074:part_85,2008_001074,person,torso,torso,0.688252329826355,0.8153429627418518,0.08208718150854111,0.5128369927406311,1.0,1.0,1.0
fixed_uvd,test_seen,309,val:2008_001074:part_86,2008_001074,person,neck,neck,0.3798076808452606,0.5505226254463196,0.0,0.013585793785750866,1.0,1.0,1.0
fixed_uvd,test_seen,310,val:2008_001074:part_87,2008_001074,person,leg,leg,0.1758982092142105,0.2991724908351898,0.07132132351398468,0.051133930683135986,1.0,1.0,1.0
fixed_uvd,test_seen,311,val:2008_001074:part_89,2008_001074,person,nose,nose,0.14159291982650757,0.24806201457977295,0.2566371560096741,0.0017115960363298655,1.0,1.0,1.0
fixed_uvd,test_seen,312,val:2008_001074:part_90,2008_001074,person,ear,ear,0.07432432472705841,0.138364776968956,0.0,0.003958065994083881,1.0,1.0,1.0
fixed_uvd,test_seen,313,val:2008_001074:part_91,2008_001074,person,eyebrow,eyebrow,0.0,0.0,0.0,0.0005348737468011677,1.0,1.0,1.0
fixed_uvd,test_seen,314,val:2008_001074:part_92,2008_001074,person,mouth,mouth,0.015384615398943424,0.03030303120613098,0.0535714291036129,0.0010697474936023355,1.0,1.0,1.0
fixed_uvd,test_seen,315,val:2008_001074:part_93,2008_001074,person,hair,hair,0.74349445104599,0.8528784513473511,0.08969315141439438,0.11489088833332062,1.0,1.0,1.0
fixed_uvd,test_seen,316,val:2008_001074:part_94,2008_001074,person,lower arm,lower arm,0.4934210479259491,0.6607929468154907,0.0945485532283783,0.06867779046297073,1.0,1.0,1.0
fixed_uvd,test_seen,317,val:2008_001074:part_95,2008_001074,person,upper arm,upper arm,0.6406035423278809,0.7809364795684814,0.1773211508989334,0.11531878262758255,1.0,1.0,1.0
fixed_uvd,test_seen,318,val:2008_001074:part_96,2008_001074,person,hand,hand,0.3860369622707367,0.5570370554924011,0.13832487165927887,0.060119811445474625,1.0,1.0,1.0
fixed_uvd,test_seen,319,val:2008_001076:part_83,2008_001076,person,head,head,0.5202109217643738,0.684393048286438,0.04661016911268234,0.1024237722158432,1.0,1.0,1.0
fixed_uvd,test_seen,320,val:2008_001076:part_84,2008_001076,person,eye,eye,0.0,0.0,0.0,0.004169924650341272,1.0,1.0,1.0
fixed_uvd,test_seen,321,val:2008_001076:part_85,2008_001076,person,torso,torso,0.6705942749977112,0.8028212189674377,0.11227153986692429,0.35079488158226013,1.0,1.0,1.0
fixed_uvd,test_seen,322,val:2008_001076:part_86,2008_001076,person,neck,neck,0.11403508484363556,0.20472441613674164,0.0,0.011727912351489067,1.0,1.0,1.0
fixed_uvd,test_seen,323,val:2008_001076:part_89,2008_001076,person,nose,nose,0.6666666865348816,0.800000011920929,0.0,0.005473025608807802,1.0,1.0,1.0
fixed_uvd,test_seen,324,val:2008_001076:part_91,2008_001076,person,eyebrow,eyebrow,0.0,0.0,0.0,0.0023455824702978134,1.0,1.0,1.0
fixed_uvd,test_seen,325,val:2008_001076:part_92,2008_001076,person,mouth,mouth,0.0,0.0,0.0,0.006776127032935619,1.0,1.0,1.0
fixed_uvd,test_seen,326,val:2008_001076:part_93,2008_001076,person,hair,hair,0.37050360441207886,0.5406824350357056,0.2777777910232544,0.10086004436016083,1.0,1.0,1.0
fixed_uvd,test_seen,327,val:2008_001076:part_94,2008_001076,person,lower arm,lower arm,0.25958189368247986,0.41217151284217834,0.12704917788505554,0.061245765537023544,1.0,1.0,1.0
fixed_uvd,test_seen,328,val:2008_001076:part_95,2008_001076,person,upper arm,upper arm,0.31572771072387695,0.4799286425113678,0.10863509774208069,0.10502997040748596,1.0,1.0,1.0
fixed_uvd,test_seen,329,val:2008_001076:part_96,2008_001076,person,hand,hand,0.19875776767730713,0.3316062092781067,0.6753246784210205,0.020328382030129433,1.0,1.0,1.0
fixed_uvd,test_seen,330,val:2008_001078:part_42,2008_001078,cat,tail,tail,0.3102310299873352,0.4735516309738159,0.5913621187210083,0.017611447721719742,1.0,1.0,1.0
fixed_uvd,test_seen,331,val:2008_001078:part_43,2008_001078,cat,head,head,0.6930232644081116,0.8186812996864319,0.08872901648283005,0.1711612492799759,1.0,1.0,1.0
fixed_uvd,test_seen,332,val:2008_001078:part_44,2008_001078,cat,eye,eye,0.07023411244153976,0.13124999403953552,0.0,0.008438818156719208,1.0,1.0,1.0
fixed_uvd,test_seen,333,val:2008_001078:part_45,2008_001078,cat,torso,torso,0.8002089262008667,0.8890178203582764,0.12084432691335678,0.5692533254623413,1.0,1.0,1.0
fixed_uvd,test_seen,334,val:2008_001078:part_46,2008_001078,cat,neck,neck,0.056338027119636536,0.1066666692495346,0.0,0.011190607212483883,1.0,1.0,1.0
fixed_uvd,test_seen,335,val:2008_001078:part_47,2008_001078,cat,leg,leg,0.4082295596599579,0.5797770023345947,0.3698781728744507,0.14584480226039886,1.0,1.0,1.0
fixed_uvd,test_seen,336,val:2008_001078:part_48,2008_001078,cat,nose,nose,0.02083333395421505,0.040816325694322586,0.0,0.0025683359708637,1.0,1.0,1.0
fixed_uvd,test_seen,337,val:2008_001078:part_49,2008_001078,cat,paw,paw,0.08259586989879608,0.15258856117725372,0.8255451917648315,0.016877636313438416,1.0,1.0,1.0
fixed_uvd,test_seen,338,val:2008_001078:part_50,2008_001078,cat,ear,ear,0.3142857253551483,0.47826087474823,0.3055555522441864,0.04256099835038185,1.0,1.0,1.0
fixed_uvd,test_seen,339,val:2008_001170:part_83,2008_001170,person,head,head,0.6869773268699646,0.8144475817680359,0.11633986979722977,0.10395244508981705,1.0,1.0,1.0
fixed_uvd,test_seen,340,val:2008_001170:part_84,2008_001170,person,eye,eye,0.0,0.0,0.0,0.002731362357735634,1.0,1.0,1.0
fixed_uvd,test_seen,341,val:2008_001170:part_85,2008_001170,person,torso,torso,0.5845031142234802,0.7377746105194092,0.03439454361796379,0.34158098697662354,1.0,1.0,1.0
fixed_uvd,test_seen,342,val:2008_001170:part_86,2008_001170,person,neck,neck,0.27947598695755005,0.436860054731369,0.05921052768826485,0.02265424095094204,1.0,1.0,1.0
fixed_uvd,test_seen,343,val:2008_001170:part_87,2008_001170,person,leg,leg,0.4299231171607971,0.6013234257698059,0.17826375365257263,0.14604756236076355,1.0,1.0,1.0
fixed_uvd,test_seen,344,val:2008_001170:part_89,2008_001170,person,nose,nose,0.3962264060974121,0.5675675868988037,0.0,0.00578406173735857,1.0,1.0,1.0
fixed_uvd,test_seen,345,val:2008_001170:part_91,2008_001170,person,eyebrow,eyebrow,0.0,0.0,0.0,0.0024100258015096188,1.0,1.0,1.0
fixed_uvd,test_seen,346,val:2008_001170:part_92,2008_001170,person,mouth,mouth,0.0,0.0,0.0,0.004338046070188284,1.0,1.0,1.0
fixed_uvd,test_seen,347,val:2008_001170:part_94,2008_001170,person,lower arm,lower arm,0.39925023913383484,0.5706630945205688,0.07047872245311737,0.11905527114868164,1.0,1.0,1.0
fixed_uvd,test_seen,348,val:2008_001170:part_95,2008_001170,person,upper arm,upper arm,0.5219150185585022,0.6858661770820618,0.12264922261238098,0.16613110899925232,1.0,1.0,1.0
fixed_uvd,test_seen,349,val:2008_001170:part_96,2008_001170,person,hand,hand,0.29531052708625793,0.4559686779975891,0.18042226135730743,0.08049485832452774,1.0,1.0,1.0
fixed_uvd,test_seen,350,val:2008_001231:part_83,2008_001231,person,head,head,0.0,0.0,0.7045454382896423,0.003722084453329444,1.0,1.0,1.0
fixed_uvd,test_seen,351,val:2008_001231:part_85,2008_001231,person,torso,torso,0.6369426846504211,0.7782101035118103,0.20000000298023224,0.46650123596191406,1.0,1.0,1.0
fixed_uvd,test_seen,352,val:2008_001231:part_86,2008_001231,person,neck,neck,0.10638298094272614,0.19230769574642181,0.41489362716674805,0.012406948022544384,1.0,1.0,1.0
fixed_uvd,test_seen,353,val:2008_001231:part_87,2008_001231,person,leg,leg,0.3127753436565399,0.47651007771492004,0.5718749761581421,0.31513646245002747,1.0,1.0,1.0
fixed_uvd,test_seen,354,val:2008_001231:part_88,2008_001231,person,foot,foot,0.0,0.0,1.0,0.0459057055413723,1.0,1.0,1.0
fixed_uvd,test_seen,355,val:2008_001231:part_93,2008_001231,person,hair,hair,0.16883116960525513,0.2888889014720917,0.6578947305679321,0.06451612710952759,1.0,1.0,1.0
fixed_uvd,test_seen,356,val:2008_001231:part_94,2008_001231,person,lower arm,lower arm,0.05829596519470215,0.11016949266195297,0.8116592168807983,0.016129031777381897,1.0,1.0,1.0
fixed_uvd,test_seen,357,val:2008_001231:part_95,2008_001231,person,upper arm,upper arm,0.16731517016887665,0.2866666615009308,0.4747081696987152,0.053349874913692474,1.0,1.0,1.0
fixed_uvd,test_seen,358,val:2008_001231:part_96,2008_001231,person,hand,hand,0.0714285746216774,0.13333334028720856,0.8714285492897034,0.006203474011272192,1.0,1.0,1.0
fixed_uvd,test_seen,359,val:2008_001249:part_83,2008_001249,person,head,head,0.6887905597686768,0.8157204985618591,0.13561847805976868,0.06101956591010094,1.0,1.0,1.0
fixed_uvd,test_seen,360,val:2008_001249:part_84,2008_001249,person,eye,eye,0.0,0.0,0.0,0.0006436663097701967,1.0,1.0,1.0
fixed_uvd,test_seen,361,val:2008_001249:part_85,2008_001249,person,torso,torso,0.7544812560081482,0.8600619435310364,0.01995934173464775,0.5508496165275574,1.0,1.0,1.0
fixed_uvd,test_seen,362,val:2008_001249:part_87,2008_001249,person,leg,leg,0.2548845410346985,0.40622788667678833,0.08303730189800262,0.07389289140701294,1.0,1.0,1.0
fixed_uvd,test_seen,363,val:2008_001249:part_89,2008_001249,person,nose,nose,0.08641975373029709,0.15909090638160706,0.0,0.00347579806111753,1.0,1.0,1.0
fixed_uvd,test_seen,364,val:2008_001249:part_90,2008_001249,person,ear,ear,0.0,0.0,0.0,0.0010298661654815078,1.0,1.0,1.0
fixed_uvd,test_seen,365,val:2008_001249:part_92,2008_001249,person,mouth,mouth,0.12727272510528564,0.22580644488334656,0.0,0.004119464661926031,1.0,1.0,1.0
fixed_uvd,test_seen,366,val:2008_001249:part_93,2008_001249,person,hair,hair,0.0,0.0,0.0,0.00012873327068518847,1.0,1.0,1.0
fixed_uvd,test_seen,367,val:2008_001249:part_94,2008_001249,person,lower arm,lower arm,0.5220588445663452,0.6859903335571289,0.012461058795452118,0.07723996043205261,1.0,1.0,1.0
fixed_uvd,test_seen,368,val:2008_001249:part_95,2008_001249,person,upper arm,upper arm,0.4856524169445038,0.6537901163101196,0.13232514262199402,0.14894439280033112,1.0,1.0,1.0
fixed_uvd,test_seen,369,val:2008_001249:part_96,2008_001249,person,hand,hand,0.5508772134780884,0.7104072570800781,0.2098609358072281,0.06887229532003403,1.0,1.0,1.0
fixed_uvd,test_seen,370,val:2008_001283:part_97,2008_001283,pottedplant,pot,pot,0.5816686153411865,0.7355126142501831,0.24418604373931885,0.4464043378829956,1.0,1.0,1.0
fixed_uvd,test_seen,371,val:2008_001283:part_98,2008_001283,pottedplant,plant,plant,0.3476368188858032,0.5159206390380859,0.5651537179946899,0.5434192419052124,1.0,1.0,1.0
fixed_uvd,test_seen,372,val:2008_001308:part_83,2008_001308,person,head,head,0.0,0.0,0.0,0.025201380252838135,1.0,1.0,1.0
fixed_uvd,test_seen,373,val:2008_001308:part_84,2008_001308,person,eye,eye,0.0,0.0,0.0,0.000690448796376586,1.0,1.0,1.0
fixed_uvd,test_seen,374,val:2008_001308:part_85,2008_001308,person,torso,torso,0.7706453800201416,0.8704683780670166,0.021739130839705467,0.28550058603286743,1.0,1.0,1.0
fixed_uvd,test_seen,375,val:2008_001308:part_87,2008_001308,person,leg,leg,0.6438764929771423,0.7833635807037354,0.14988139271736145,0.3545454442501068,1.0,1.0,1.0
fixed_uvd,test_seen,376,val:2008_001308:part_89,2008_001308,person,nose,nose,0.0,0.0,0.0,0.004142692778259516,1.0,1.0,1.0
fixed_uvd,test_seen,377,val:2008_001308:part_90,2008_001308,person,ear,ear,0.0,0.0,0.0,0.0016110471915453672,1.0,1.0,1.0
fixed_uvd,test_seen,378,val:2008_001308:part_91,2008_001308,person,eyebrow,eyebrow,0.0,0.0,0.0,0.0008055235957726836,1.0,1.0,1.0
fixed_uvd,test_seen,379,val:2008_001308:part_92,2008_001308,person,mouth,mouth,0.0,0.0,0.0,0.003912542946636677,1.0,1.0,1.0
fixed_uvd,test_seen,380,val:2008_001308:part_93,2008_001308,person,hair,hair,0.0,0.0,0.0,0.007479861844331026,1.0,1.0,1.0
fixed_uvd,test_seen,381,val:2008_001308:part_94,2008_001308,person,lower arm,lower arm,0.49843260645866394,0.6652719378471375,0.13902439177036285,0.15696202218532562,1.0,1.0,1.0
fixed_uvd,test_seen,382,val:2008_001308:part_95,2008_001308,person,upper arm,upper arm,0.47675180435180664,0.6456762552261353,0.042553190141916275,0.13509781658649445,1.0,1.0,1.0
fixed_uvd,test_seen,383,val:2008_001308:part_96,2008_001308,person,hand,hand,0.1638176590204239,0.28151774406433105,0.1808176040649414,0.02082853764295578,1.0,1.0,1.0
fixed_uvd,test_seen,384,val:2008_001404:part_83,2008_001404,person,head,head,0.7792607545852661,0.8759377002716064,0.019780220463871956,0.1900692880153656,1.0,1.0,1.0
fixed_uvd,test_seen,385,val:2008_001404:part_84,2008_001404,person,eye,eye,0.0,0.0,0.0,0.0027713626623153687,1.0,1.0,1.0
fixed_uvd,test_seen,386,val:2008_001404:part_85,2008_001404,person,torso,torso,0.49552032351493835,0.6626728177070618,0.032036613672971725,0.1983833760023117,1.0,1.0,1.0
fixed_uvd,test_seen,387,val:2008_001404:part_87,2008_001404,person,leg,leg,0.2536887228488922,0.404707670211792,0.29308006167411804,0.2678983807563782,1.0,1.0,1.0
fixed_uvd,test_seen,388,val:2008_001404:part_88,2008_001404,person,foot,foot,0.19315403699874878,0.3237704932689667,0.5591397881507874,0.06974595785140991,1.0,1.0,1.0
fixed_uvd,test_seen,389,val:2008_001404:part_89,2008_001404,person,nose,nose,0.11363636702299118,0.20408163964748383,0.0,0.006928406655788422,1.0,1.0,1.0
fixed_uvd,test_seen,390,val:2008_001404:part_91,2008_001404,person,eyebrow,eyebrow,0.0,0.0,0.0,0.005542725324630737,1.0,1.0,1.0
fixed_uvd,test_seen,391,val:2008_001404:part_92,2008_001404,person,mouth,mouth,0.0,0.0,0.0,0.0062355659902095795,1.0,1.0,1.0
fixed_uvd,test_seen,392,val:2008_001404:part_94,2008_001404,person,lower arm,lower arm,0.10262008756399155,0.18613861501216888,0.3322332203388214,0.023325635120272636,1.0,1.0,1.0
fixed_uvd,test_seen,393,val:2008_001404:part_95,2008_001404,person,upper arm,upper arm,0.46590909361839294,0.6356589198112488,0.10606060922145844,0.20161662995815277,1.0,1.0,1.0
fixed_uvd,test_seen,394,val:2008_001404:part_96,2008_001404,person,hand,hand,0.010380622930824757,0.02054794505238533,0.2884615361690521,0.01939953863620758,1.0,1.0,1.0
fixed_uvd,test_seen,395,val:2008_001433:part_43,2008_001433,cat,head,head,0.6570841670036316,0.7930607199668884,0.07506053149700165,0.19316831231117249,1.0,1.0,1.0
fixed_uvd,test_seen,396,val:2008_001433:part_44,2008_001433,cat,eye,eye,0.19634702801704407,0.32824426889419556,0.0,0.00900990143418312,1.0,1.0,1.0
fixed_uvd,test_seen,397,val:2008_001433:part_45,2008_001433,cat,torso,torso,0.8397775888442993,0.9129120707511902,0.06309977918863297,0.6554455161094666,1.0,1.0,1.0
fixed_uvd,test_seen,398,val:2008_001433:part_47,2008_001433,cat,leg,leg,0.4175306260585785,0.5890957713127136,0.382999986410141,0.04990098997950554,1.0,1.0,1.0
fixed_uvd,test_seen,399,val:2008_001433:part_48,2008_001433,cat,nose,nose,0.2278480976819992,0.3711340129375458,0.0,0.002772277221083641,1.0,1.0,1.0
fixed_uvd,test_seen,400,val:2008_001433:part_49,2008_001433,cat,paw,paw,0.3176470696926117,0.4821428656578064,0.3556230962276459,0.011782178655266762,1.0,1.0,1.0
fixed_uvd,test_seen,401,val:2008_001433:part_50,2008_001433,cat,ear,ear,0.518207311630249,0.6826568245887756,0.24582870304584503,0.07198020070791245,1.0,1.0,1.0
fixed_uvd,test_seen,402,val:2008_001491:part_83,2008_001491,person,head,head,0.18965516984462738,0.3188405930995941,0.005235602147877216,0.02570480853319168,1.0,1.0,1.0
fixed_uvd,test_seen,403,val:2008_001491:part_84,2008_001491,person,eye,eye,0.0,0.0,0.0,0.003454947378486395,1.0,1.0,1.0
fixed_uvd,test_seen,404,val:2008_001491:part_85,2008_001491,person,torso,torso,0.5081532001495361,0.6738747954368591,0.07052022963762283,0.19098949432373047,1.0,1.0,1.0
fixed_uvd,test_seen,405,val:2008_001491:part_87,2008_001491,person,leg,leg,0.13801079988479614,0.2425474226474762,0.12449333816766739,0.09991708397865295,1.0,1.0,1.0
fixed_uvd,test_seen,406,val:2008_001491:part_88,2008_001491,person,foot,foot,0.14463602006435394,0.2527196705341339,0.3060648739337921,0.06716418266296387,1.0,1.0,1.0
fixed_uvd,test_seen,407,val:2008_001491:part_89,2008_001491,person,nose,nose,0.2075471729040146,0.34375,0.0,0.005389717873185873,1.0,1.0,1.0
fixed_uvd,test_seen,408,val:2008_001491:part_90,2008_001491,person,ear,ear,0.0,0.0,0.0,0.00013819789455737919,1.0,1.0,1.0
fixed_uvd,test_seen,409,val:2008_001491:part_91,2008_001491,person,eyebrow,eyebrow,0.0,0.0,0.0,0.0009673853055574,1.0,1.0,1.0
fixed_uvd,test_seen,410,val:2008_001491:part_92,2008_001491,person,mouth,mouth,0.0,0.0,0.0,0.002902155974879861,1.0,1.0,1.0
fixed_uvd,test_seen,411,val:2008_001491:part_93,2008_001491,person,hair,hair,0.7033708095550537,0.8258575201034546,0.027100270614027977,0.10751796513795853,1.0,1.0,1.0
fixed_uvd,test_seen,412,val:2008_001491:part_94,2008_001491,person,lower arm,lower arm,0.3610038757324219,0.5304964780807495,0.22965116798877716,0.05223880708217621,1.0,1.0,1.0
fixed_uvd,test_seen,413,val:2008_001491:part_95,2008_001491,person,upper arm,upper arm,0.4597901999950409,0.6299400925636292,0.12255772948265076,0.07517965883016586,1.0,1.0,1.0
fixed_uvd,test_seen,414,val:2008_001491:part_96,2008_001491,person,hand,hand,0.13899138569831848,0.2440604716539383,0.05842391401529312,0.026257600635290146,1.0,1.0,1.0
fixed_uvd,test_seen,415,val:2008_001504:part_83,2008_001504,person,head,head,0.4278768301010132,0.5993189811706543,0.1746293306350708,0.027088481932878494,1.0,1.0,1.0
fixed_uvd,test_seen,416,val:2008_001504:part_84,2008_001504,person,eye,eye,0.0,0.0,0.3492063581943512,0.001581809250637889,1.0,1.0,1.0
fixed_uvd,test_seen,417,val:2008_001504:part_85,2008_001504,person,torso,torso,0.7988117933273315,0.888154923915863,0.06058068200945854,0.30439940094947815,1.0,1.0,1.0
fixed_uvd,test_seen,418,val:2008_001504:part_86,2008_001504,person,neck,neck,0.7388535141944885,0.8498168587684631,0.035999998450279236,0.029263470321893692,1.0,1.0,1.0
fixed_uvd,test_seen,419,val:2008_001504:part_87,2008_001504,person,leg,leg,0.8436525464057922,0.9151968955993652,0.03441295400261879,0.3788433074951172,1.0,1.0,1.0
fixed_uvd,test_seen,420,val:2008_001504:part_89,2008_001504,person,nose,nose,0.24444444477558136,0.3928571343421936,0.4296296238899231,0.0032624814193695784,1.0,1.0,1.0
fixed_uvd,test_seen,421,val:2008_001504:part_91,2008_001504,person,eyebrow,eyebrow,0.0,0.0,0.0,0.0003954523126594722,1.0,1.0,1.0
fixed_uvd,test_seen,422,val:2008_001504:part_92,2008_001504,person,mouth,mouth,0.3235294222831726,0.4888888895511627,0.2238806039094925,0.0022738506086170673,1.0,1.0,1.0
fixed_uvd,test_seen,423,val:2008_001504:part_93,2008_001504,person,hair,hair,0.6699438095092773,0.8023549318313599,0.07814992219209671,0.05556104704737663,1.0,1.0,1.0
fixed_uvd,test_seen,424,val:2008_001504:part_94,2008_001504,person,lower arm,lower arm,0.42409637570381165,0.5956006646156311,0.25178825855255127,0.047750864177942276,1.0,1.0,1.0
fixed_uvd,test_seen,425,val:2008_001504:part_95,2008_001504,person,upper arm,upper arm,0.6782312989234924,0.8082691431045532,0.11424439400434494,0.1071675717830658,1.0,1.0,1.0
fixed_uvd,test_seen,426,val:2008_001504:part_96,2008_001504,person,hand,hand,0.5873016119003296,0.7400000095367432,0.11221121996641159,0.039248641580343246,1.0,1.0,1.0
fixed_uvd,test_seen,427,val:2008_001513:part_42,2008_001513,cat,tail,tail,0.5198072791099548,0.6840437054634094,0.020489471033215523,0.212323397397995,1.0,1.0,1.0
fixed_uvd,test_seen,428,val:2008_001513:part_43,2008_001513,cat,head,head,0.5737704634666443,0.7291666865348816,0.0044742729514837265,0.06299058347940445,1.0,1.0,1.0
fixed_uvd,test_seen,429,val:2008_001513:part_45,2008_001513,cat,torso,torso,0.6770365834236145,0.8074201345443726,0.03538663312792778,0.42719781398773193,1.0,1.0,1.0
fixed_uvd,test_seen,430,val:2008_001513:part_46,2008_001513,cat,neck,neck,0.23255814611911774,0.37735849618911743,0.00626304792240262,0.030808476731181145,1.0,1.0,1.0
fixed_uvd,test_seen,431,val:2008_001513:part_47,2008_001513,cat,leg,leg,0.42500001192092896,0.5964912176132202,0.053743962198495865,0.1895604431629181,1.0,1.0,1.0
fixed_uvd,test_seen,432,val:2008_001513:part_49,2008_001513,cat,paw,paw,0.36000001430511475,0.529411792755127,0.3911367952823639,0.04493720456957817,1.0,1.0,1.0
fixed_uvd,test_seen,433,val:2008_001513:part_50,2008_001513,cat,ear,ear,0.35483869910240173,0.523809552192688,0.22580644488334656,0.01295133400708437,1.0,1.0,1.0
fixed_uvd,test_seen,434,val:2008_001531:part_83,2008_001531,person,head,head,0.6108843684196472,0.7584459185600281,0.003636363660916686,0.18042117357254028,1.0,1.0,1.0
fixed_uvd,test_seen,435,val:2008_001531:part_85,2008_001531,person,torso,torso,0.40102827548980713,0.5724770426750183,0.017924528568983078,0.16363118588924408,1.0,1.0,1.0
fixed_uvd,test_seen,436,val:2008_001531:part_86,2008_001531,person,neck,neck,0.16981132328510284,0.29032257199287415,0.021052632480859756,0.008252703584730625,1.0,1.0,1.0
fixed_uvd,test_seen,437,val:2008_001531:part_87,2008_001531,person,leg,leg,0.391282320022583,0.5624772310256958,0.4598662257194519,0.2706317603588104,1.0,1.0,1.0
fixed_uvd,test_seen,438,val:2008_001531:part_88,2008_001531,person,foot,foot,0.1821705400943756,0.3081967234611511,0.698113203048706,0.02646556682884693,1.0,1.0,1.0
fixed_uvd,test_seen,439,val:2008_001531:part_89,2008_001531,person,nose,nose,0.0,0.0,0.0,0.009675583802163601,1.0,1.0,1.0
fixed_uvd,test_seen,440,val:2008_001531:part_92,2008_001531,person,mouth,mouth,0.0,0.0,0.0,0.0008537279209122062,1.0,1.0,1.0
fixed_uvd,test_seen,441,val:2008_001531:part_94,2008_001531,person,lower arm,lower arm,0.34180137515068054,0.5094664096832275,0.4458204209804535,0.07342060655355453,1.0,1.0,1.0
fixed_uvd,test_seen,442,val:2008_001531:part_95,2008_001531,person,upper arm,upper arm,0.446413516998291,0.6172695159912109,0.32275712490081787,0.22766079008579254,1.0,1.0,1.0
fixed_uvd,test_seen,443,val:2008_001531:part_96,2008_001531,person,hand,hand,0.1685214638710022,0.2884353697299957,0.7161501049995422,0.03471827134490013,1.0,1.0,1.0
fixed_uvd,test_seen,444,val:2008_001546:part_0,2008_001546,aeroplane,body,body,0.7583098411560059,0.862544059753418,0.05486725643277168,0.536594569683075,1.0,1.0,1.0
fixed_uvd,test_seen,445,val:2008_001546:part_1,2008_001546,aeroplane,stern,stern,0.6603773832321167,0.7954545617103577,0.12039800733327866,0.267544686794281,1.0,1.0,1.0
fixed_uvd,test_seen,446,val:2008_001546:part_2,2008_001546,aeroplane,wing,wing,0.3236669898033142,0.4890459477901459,0.008419083431363106,0.06509877741336823,1.0,1.0,1.0
fixed_uvd,test_seen,447,val:2008_001546:part_4,2008_001546,aeroplane,engine,engine,0.4195804297924042,0.5911329984664917,0.013353115878999233,0.06415804475545883,1.0,1.0,1.0
fixed_uvd,test_seen,448,val:2008_001546:part_5,2008_001546,aeroplane,wheel,wheel,0.3071672320365906,0.4699738919734955,0.459090918302536,0.030667921528220177,1.0,1.0,1.0
fixed_uvd,test_seen,449,val:2008_001547:part_83,2008_001547,person,head,head,0.6204620599746704,0.7657840847969055,0.07260726392269135,0.06037251278758049,1.0,1.0,1.0
fixed_uvd,test_seen,450,val:2008_001547:part_84,2008_001547,person,eye,eye,0.0,0.0,0.0,0.001605651923455298,1.0,1.0,1.0
fixed_uvd,test_seen,451,val:2008_001547:part_85,2008_001547,person,torso,torso,0.3459168076515198,0.514024019241333,0.037337660789489746,0.16538214683532715,1.0,1.0,1.0
fixed_uvd,test_seen,452,val:2008_001547:part_86,2008_001547,person,neck,neck,0.050724636763334274,0.09655172377824783,0.031496062874794006,0.005780346691608429,1.0,1.0,1.0
fixed_uvd,test_seen,453,val:2008_001547:part_87,2008_001547,person,leg,leg,0.6525119543075562,0.7897213101387024,0.17521367967128754,0.3612716794013977,1.0,1.0,1.0
fixed_uvd,test_seen,454,val:2008_001547:part_88,2008_001547,person,foot,foot,0.37365591526031494,0.5440313220024109,0.5415472984313965,0.05202312022447586,1.0,1.0,1.0
fixed_uvd,test_seen,455,val:2008_001547:part_89,2008_001547,person,nose,nose,0.0,0.0,0.0,0.0019267823081463575,1.0,1.0,1.0
fixed_uvd,test_seen,456,val:2008_001547:part_90,2008_001547,person,ear,ear,0.0,0.0,0.0,0.0006422607693821192,1.0,1.0,1.0
fixed_uvd,test_seen,457,val:2008_001547:part_91,2008_001547,person,eyebrow,eyebrow,0.0,0.0,0.0,0.0012845215387642384,1.0,1.0,1.0
fixed_uvd,test_seen,458,val:2008_001547:part_92,2008_001547,person,mouth,mouth,0.0,0.0,0.0,0.0006422607693821192,1.0,1.0,1.0
fixed_uvd,test_seen,459,val:2008_001547:part_93,2008_001547,person,hair,hair,0.22489960491657257,0.36721310019493103,0.13114753365516663,0.019588952884078026,1.0,1.0,1.0
fixed_uvd,test_seen,460,val:2008_001547:part_94,2008_001547,person,lower arm,lower arm,0.3171912729740143,0.48161765933036804,0.12784810364246368,0.09569685161113739,1.0,1.0,1.0
fixed_uvd,test_seen,461,val:2008_001547:part_95,2008_001547,person,upper arm,upper arm,0.36899861693382263,0.5390781760215759,0.2745762765407562,0.13102120161056519,1.0,1.0,1.0
fixed_uvd,test_seen,462,val:2008_001547:part_96,2008_001547,person,hand,hand,0.5118483304977417,0.6771159768104553,0.03333333507180214,0.05427103489637375,1.0,1.0,1.0
fixed_uvd,test_seen,463,val:2008_001629:part_83,2008_001629,person,head,head,0.10688073188066483,0.19312059879302979,0.13412953913211823,0.02155251055955887,1.0,1.0,1.0
fixed_uvd,test_seen,464,val:2008_001629:part_84,2008_001629,person,eye,eye,0.0,0.0,0.0,0.0010045662056654692,1.0,1.0,1.0
fixed_uvd,test_seen,465,val:2008_001629:part_89,2008_001629,person,nose,nose,0.0,0.0,0.7692307829856873,0.003105022944509983,1.0,1.0,1.0
fixed_uvd,test_seen,466,val:2008_001629:part_91,2008_001629,person,eyebrow,eyebrow,0.0,0.0,0.0,0.0018264839891344309,1.0,1.0,1.0
fixed_uvd,test_seen,467,val:2008_001629:part_92,2008_001629,person,mouth,mouth,0.0,0.0,0.0,0.001095890416763723,1.0,1.0,1.0
fixed_uvd,test_seen,468,val:2008_001629:part_93,2008_001629,person,hair,hair,0.16068866848945618,0.2768850326538086,0.13139763474464417,0.03607305884361267,1.0,1.0,1.0
fixed_uvd,test_seen,469,val:2008_001629:part_94,2008_001629,person,lower arm,lower arm,0.0680701732635498,0.12746386229991913,0.11417624354362488,0.019817352294921875,1.0,1.0,1.0
fixed_uvd,test_seen,470,val:2008_001629:part_96,2008_001629,person,hand,hand,0.3424242436885834,0.5101580023765564,0.2594936788082123,0.02602739818394184,1.0,1.0,1.0
fixed_uvd,test_seen,471,val:2008_001640:part_42,2008_001640,cat,tail,tail,0.4173602759838104,0.5889261960983276,0.5724637508392334,0.06565656512975693,1.0,1.0,1.0
fixed_uvd,test_seen,472,val:2008_001640:part_43,2008_001640,cat,head,head,0.6813040375709534,0.8104471564292908,0.10490462929010391,0.19101731479167938,1.0,1.0,1.0
fixed_uvd,test_seen,473,val:2008_001640:part_44,2008_001640,cat,eye,eye,0.2718893885612488,0.4275362193584442,0.0,0.013708514161407948,1.0,1.0,1.0
fixed_uvd,test_seen,474,val:2008_001640:part_45,2008_001640,cat,torso,torso,0.7925828099250793,0.884291410446167,0.08493589609861374,0.5452741980552673,1.0,1.0,1.0
fixed_uvd,test_seen,475,val:2008_001640:part_46,2008_001640,cat,neck,neck,0.4400826394557953,0.6111907958984375,0.00849256943911314,0.040764790028333664,1.0,1.0,1.0
fixed_uvd,test_seen,476,val:2008_001640:part_47,2008_001640,cat,leg,leg,0.09620991349220276,0.17553190886974335,0.13629737496376038,0.02380952425301075,1.0,1.0,1.0
fixed_uvd,test_seen,477,val:2008_001640:part_48,2008_001640,cat,nose,nose,0.21978022158145905,0.36036035418510437,0.0,0.0037878789007663727,1.0,1.0,1.0
fixed_uvd,test_seen,478,val:2008_001640:part_49,2008_001640,cat,paw,paw,0.3079056739807129,0.4708377420902252,0.4005563259124756,0.04040404036641121,1.0,1.0,1.0
fixed_uvd,test_seen,479,val:2008_001640:part_50,2008_001640,cat,ear,ear,0.5703918933868408,0.7264325618743896,0.3194029927253723,0.07431457191705704,1.0,1.0,1.0
fixed_uvd,test_seen,480,val:2008_001682:part_70,2008_001682,horse,tail,tail,0.22745901346206665,0.37061768770217896,0.3191489279270172,0.10040522366762161,1.0,1.0,1.0
fixed_uvd,test_seen,481,val:2008_001682:part_71,2008_001682,horse,head,head,0.3936651647090912,0.5649350881576538,0.20909090340137482,0.03962179273366928,1.0,1.0,1.0
fixed_uvd,test_seen,482,val:2008_001682:part_72,2008_001682,horse,eye,eye,0.0,0.0,0.0,0.000450247636763379,1.0,1.0,1.0
fixed_uvd,test_seen,483,val:2008_001682:part_73,2008_001682,horse,torso,torso,0.6751444935798645,0.8060731291770935,0.1251489818096161,0.5493021011352539,1.0,1.0,1.0
fixed_uvd,test_seen,484,val:2008_001682:part_74,2008_001682,horse,neck,neck,0.6259542107582092,0.7699530720710754,0.047413792461156845,0.08734804391860962,1.0,1.0,1.0
fixed_uvd,test_seen,485,val:2008_001682:part_75,2008_001682,horse,leg,leg,0.16596342623233795,0.2846803367137909,0.2405063360929489,0.15983791649341583,1.0,1.0,1.0
fixed_uvd,test_seen,486,val:2008_001682:part_76,2008_001682,horse,ear,ear,0.15217390656471252,0.2641509473323822,0.4117647111415863,0.008554705418646336,1.0,1.0,1.0
fixed_uvd,test_seen,487,val:2008_001682:part_77,2008_001682,horse,muzzle,muzzle,0.1764705926179886,0.30000001192092896,0.5,0.01981089636683464,1.0,1.0,1.0
fixed_uvd,test_seen,488,val:2008_001688:part_97,2008_001688,pottedplant,pot,pot,0.0,0.0,1.0,0.17227722704410553,1.0,1.0,1.0
fixed_uvd,test_seen,489,val:2008_001688:part_98,2008_001688,pottedplant,plant,plant,0.0,0.0,0.48235294222831726,0.18613861501216888,1.0,1.0,1.0
fixed_uvd,test_seen,490,val:2008_001821:part_83,2008_001821,person,head,head,0.7274741530418396,0.8422402739524841,0.029368212446570396,0.5627787709236145,1.0,1.0,1.0
fixed_uvd,test_seen,491,val:2008_001821:part_84,2008_001821,person,eye,eye,0.24041812121868134,0.38764044642448425,0.0,0.0074024866335093975,1.0,1.0,1.0
fixed_uvd,test_seen,492,val:2008_001821:part_85,2008_001821,person,torso,torso,0.27655985951423645,0.4332892894744873,0.16536380350589752,0.05770143121480942,1.0,1.0,1.0
fixed_uvd,test_seen,493,val:2008_001821:part_86,2008_001821,person,neck,neck,0.7012770771980286,0.8244125247001648,0.03986486420035362,0.1503274142742157,1.0,1.0,1.0
fixed_uvd,test_seen,494,val:2008_001821:part_89,2008_001821,person,nose,nose,0.6320422291755676,0.7745415568351746,0.0,0.039195217192173004,1.0,1.0,1.0
fixed_uvd,test_seen,495,val:2008_001821:part_90,2008_001821,person,ear,ear,0.6416465044021606,0.7817109227180481,0.17910447716712952,0.026193413883447647,1.0,1.0,1.0
fixed_uvd,test_seen,496,val:2008_001821:part_91,2008_001821,person,eyebrow,eyebrow,0.2110091745853424,0.3484848439693451,0.0,0.015754010528326035,1.0,1.0,1.0
fixed_uvd,test_seen,497,val:2008_001821:part_92,2008_001821,person,mouth,mouth,0.5106382966041565,0.6760563254356384,0.0,0.017177565023303032,1.0,1.0,1.0
fixed_uvd,test_seen,498,val:2008_001821:part_93,2008_001821,person,hair,hair,0.6182767748832703,0.7641174793243408,0.07354555279016495,0.12119199335575104,1.0,1.0,1.0
fixed_uvd,test_seen,499,val:2008_001874:part_83,2008_001874,person,head,head,0.5875706076622009,0.7402135133743286,0.012422360479831696,0.037968676537275314,1.0,1.0,1.0
fixed_uvd,test_seen,500,val:2008_001874:part_84,2008_001874,person,eye,eye,0.0,0.0,0.0,0.0009492168901488185,1.0,1.0,1.0
fixed_uvd,test_seen,501,val:2008_001874:part_85,2008_001874,person,torso,torso,0.7870662212371826,0.8808473348617554,0.029788995161652565,0.33459895849227905,1.0,1.0,1.0
fixed_uvd,test_seen,502,val:2008_001874:part_86,2008_001874,person,neck,neck,0.11952191591262817,0.21352313458919525,0.009803921915590763,0.02831830456852913,1.0,1.0,1.0
fixed_uvd,test_seen,503,val:2008_001874:part_87,2008_001874,person,leg,leg,0.0146689023822546,0.028913671150803566,0.13336138427257538,0.006960923783481121,1.0,1.0,1.0
fixed_uvd,test_seen,504,val:2008_001874:part_89,2008_001874,person,nose,nose,0.0,0.0,0.0,0.0028476507868617773,1.0,1.0,1.0
fixed_uvd,test_seen,505,val:2008_001874:part_90,2008_001874,person,ear,ear,0.0,0.0,0.0,0.0034804618917405605,1.0,1.0,1.0
fixed_uvd,test_seen,506,val:2008_001874:part_91,2008_001874,person,eyebrow,eyebrow,0.0,0.0,0.0,0.0015820281114429235,1.0,1.0,1.0
fixed_uvd,test_seen,507,val:2008_001874:part_92,2008_001874,person,mouth,mouth,0.0,0.0,0.0,0.0020566366147249937,1.0,1.0,1.0
fixed_uvd,test_seen,508,val:2008_001874:part_93,2008_001874,person,hair,hair,0.6709323525428772,0.8030634522438049,0.025462962687015533,0.07625375688076019,1.0,1.0,1.0
fixed_uvd,test_seen,509,val:2008_001874:part_94,2008_001874,person,lower arm,lower arm,0.30290457606315613,0.46496814489364624,0.20723684132099152,0.0528397411108017,1.0,1.0,1.0
fixed_uvd,test_seen,510,val:2008_001874:part_95,2008_001874,person,upper arm,upper arm,0.41994380950927734,0.591493546962738,0.17330211400985718,0.09239044785499573,1.0,1.0,1.0
fixed_uvd,test_seen,511,val:2008_001874:part_96,2008_001874,person,hand,hand,0.4595660865306854,0.6297297477722168,0.22995780408382416,0.04208194836974144,1.0,1.0,1.0
fixed_uvd,test_seen,512,val:2008_001885:part_43,2008_001885,cat,head,head,0.747032642364502,0.8552017211914062,0.040946654975414276,0.15162508189678192,1.0,1.0,1.0
fixed_uvd,test_seen,513,val:2008_001885:part_45,2008_001885,cat,torso,torso,0.8407018184661865,0.9134579300880432,0.01770143024623394,0.7199230194091797,1.0,1.0,1.0
fixed_uvd,test_seen,514,val:2008_001885:part_46,2008_001885,cat,neck,neck,0.205098494887352,0.3403846025466919,0.010844307020306587,0.03983119875192642,1.0,1.0,1.0
fixed_uvd,test_seen,515,val:2008_001885:part_47,2008_001885,cat,leg,leg,0.1715341955423355,0.29283684492111206,0.012425021268427372,0.06181979551911354,1.0,1.0,1.0
fixed_uvd,test_seen,516,val:2008_001885:part_48,2008_001885,cat,nose,nose,0.0,0.0,1.0,7.403568451991305e-05,1.0,1.0,1.0
fixed_uvd,test_seen,517,val:2008_001885:part_50,2008_001885,cat,ear,ear,0.43914079666137695,0.6102819442749023,0.1764705926179886,0.015695564448833466,1.0,1.0,1.0
fixed_uvd,test_seen,518,val:2008_001895:part_85,2008_001895,person,torso,torso,8.153281669365242e-05,0.00016305233293678612,0.04183315485715866,0.00020454080367926508,1.0,1.0,1.0
fixed_uvd,test_seen,519,val:2008_001966:part_97,2008_001966,pottedplant,pot,pot,0.7985948324203491,0.8880208134651184,0.09162462502717972,0.9562654495239258,1.0,1.0,1.0
fixed_uvd,test_seen,520,val:2008_001971:part_0,2008_001971,aeroplane,body,body,0.4184914827346802,0.5900514721870422,0.3920953571796417,0.5843230485916138,1.0,1.0,1.0
fixed_uvd,test_seen,521,val:2008_001971:part_1,2008_001971,aeroplane,stern,stern,0.3399638235569,0.5074223875999451,0.4117647111415863,0.16943784058094025,1.0,1.0,1.0
fixed_uvd,test_seen,522,val:2008_001971:part_2,2008_001971,aeroplane,wing,wing,0.13819876313209534,0.24283765256404877,0.25465837121009827,0.07046714425086975,1.0,1.0,1.0
fixed_uvd,test_seen,523,val:2008_001971:part_4,2008_001971,aeroplane,engine,engine,0.10967741906642914,0.19767442345619202,0.4220779240131378,0.04275534301996231,1.0,1.0,1.0
fixed_uvd,test_seen,524,val:2008_001992:part_71,2008_001992,horse,head,head,0.41872426867485046,0.5902827978134155,0.04620376229286194,0.4337726831436157,1.0,1.0,1.0
fixed_uvd,test_seen,525,val:2008_001992:part_72,2008_001992,horse,eye,eye,0.06976744532585144,0.1304347813129425,0.0,0.005346114747226238,1.0,1.0,1.0
fixed_uvd,test_seen,526,val:2008_001992:part_76,2008_001992,horse,ear,ear,0.17757008969783783,0.30158731341362,0.22638563811779022,0.02129228413105011,1.0,1.0,1.0
fixed_uvd,test_seen,527,val:2008_002152:part_42,2008_002152,cat,tail,tail,0.0546875,0.10370370000600815,0.0,0.006732327863574028,1.0,1.0,1.0
fixed_uvd,test_seen,528,val:2008_002152:part_43,2008_002152,cat,head,head,0.18677493929862976,0.3147605061531067,0.020168067887425423,0.05335992947220802,1.0,1.0,1.0
fixed_uvd,test_seen,529,val:2008_002152:part_44,2008_002152,cat,eye,eye,0.0,0.0,0.0,0.0011220546439290047,1.0,1.0,1.0
fixed_uvd,test_seen,530,val:2008_002152:part_45,2008_002152,cat,torso,torso,0.1776481717824936,0.3016999065876007,0.06156037375330925,0.1436229944229126,1.0,1.0,1.0
fixed_uvd,test_seen,531,val:2008_002152:part_46,2008_002152,cat,neck,neck,0.20046350359916687,0.3339768350124359,0.009389671497046947,0.022939782589673996,1.0,1.0,1.0
fixed_uvd,test_seen,532,val:2008_002152:part_47,2008_002152,cat,leg,leg,0.16172507405281067,0.2784222662448883,0.0929919108748436,0.014960727654397488,1.0,1.0,1.0
fixed_uvd,test_seen,533,val:2008_002152:part_48,2008_002152,cat,nose,nose,0.0,0.0,0.0,0.0007480364292860031,1.0,1.0,1.0
fixed_uvd,test_seen,534,val:2008_002152:part_49,2008_002152,cat,paw,paw,0.2028985470533371,0.33734938502311707,0.07169811427593231,0.00835307314991951,1.0,1.0,1.0
fixed_uvd,test_seen,535,val:2008_002152:part_50,2008_002152,cat,ear,ear,0.23762376606464386,0.3840000033378601,0.31065088510513306,0.020196983590722084,1.0,1.0,1.0
fixed_uvd,test_seen,536,val:2008_002205:part_22,2008_002205,bus,wheel,wheel,0.6253846287727356,0.7695220112800598,0.05859065800905228,0.05105411633849144,1.0,1.0,1.0
fixed_uvd,test_seen,537,val:2008_002205:part_25,2008_002205,bus,side,side,0.6708517074584961,0.8030056953430176,0.045402225106954575,0.6513904929161072,1.0,1.0,1.0
fixed_uvd,test_seen,538,val:2008_002205:part_28,2008_002205,bus,mirror,mirror,0.0,0.0,0.0,0.002042164793238044,1.0,1.0,1.0
fixed_uvd,test_seen,539,val:2008_002205:part_30,2008_002205,bus,door,door,0.4054603576660156,0.5769787430763245,0.02402578294277191,0.08565078675746918,1.0,1.0,1.0
fixed_uvd,test_seen,540,val:2008_002205:part_31,2008_002205,bus,window,window,0.5859193205833435,0.7389017939567566,0.01285046711564064,0.18265360593795776,1.0,1.0,1.0
fixed_uvd,test_seen,541,val:2008_002212:part_83,2008_002212,person,head,head,0.0,0.0,0.43640896677970886,0.024706609547138214,1.0,1.0,1.0
fixed_uvd,test_seen,542,val:2008_002212:part_84,2008_002212,person,eye,eye,0.0,0.0,0.0,0.0012353304773569107,1.0,1.0,1.0
fixed_uvd,test_seen,543,val:2008_002212:part_85,2008_002212,person,torso,torso,0.24259056150913239,0.3904593586921692,0.17206983268260956,0.20382952690124512,1.0,1.0,1.0
fixed_uvd,test_seen,544,val:2008_002212:part_89,2008_002212,person,nose,nose,0.0,0.0,0.0,0.0006176652386784554,1.0,1.0,1.0
fixed_uvd,test_seen,545,val:2008_002212:part_90,2008_002212,person,ear,ear,0.0,0.0,0.0,0.0043236566707491875,1.0,1.0,1.0
fixed_uvd,test_seen,546,val:2008_002212:part_92,2008_002212,person,mouth,mouth,0.0,0.0,0.0,0.0012353304773569107,1.0,1.0,1.0
fixed_uvd,test_seen,547,val:2008_002212:part_93,2008_002212,person,hair,hair,0.0,0.0,0.10000000149011612,0.061766523867845535,1.0,1.0,1.0
fixed_uvd,test_seen,548,val:2008_002212:part_94,2008_002212,person,lower arm,lower arm,0.0,0.0,0.4532163739204407,0.045089561492204666,1.0,1.0,1.0
fixed_uvd,test_seen,549,val:2008_002212:part_95,2008_002212,person,upper arm,upper arm,0.0,0.0,0.07563025504350662,0.13032735884189606,1.0,1.0,1.0
fixed_uvd,test_seen,550,val:2008_002212:part_96,2008_002212,person,hand,hand,0.2573099434375763,0.40930232405662537,0.363095223903656,0.029030265286564827,1.0,1.0,1.0
fixed_uvd,test_seen,551,val:2008_002241:part_85,2008_002241,person,torso,torso,0.34808510541915894,0.5164141654968262,0.13073593378067017,0.1853131800889969,1.0,1.0,1.0
fixed_uvd,test_seen,552,val:2008_002241:part_86,2008_002241,person,neck,neck,0.05000000074505806,0.095238097012043,0.9166666865348816,0.003887688973918557,1.0,1.0,1.0
fixed_uvd,test_seen,553,val:2008_002241:part_87,2008_002241,person,leg,leg,0.13783270120620728,0.24227234721183777,0.32438477873802185,0.1308855265378952,1.0,1.0,1.0
fixed_uvd,test_seen,554,val:2008_002241:part_88,2008_002241,person,foot,foot,0.1666666716337204,0.2857142984867096,0.7692307829856873,0.006911447271704674,1.0,1.0,1.0
fixed_uvd,test_seen,555,val:2008_002241:part_93,2008_002241,person,hair,hair,0.2772277295589447,0.43410852551460266,0.5764706134796143,0.019006479531526566,1.0,1.0,1.0
fixed_uvd,test_seen,556,val:2008_002241:part_94,2008_002241,person,lower arm,lower arm,0.0317460335791111,0.0615384615957737,0.7777777910232544,0.008639308623969555,1.0,1.0,1.0
fixed_uvd,test_seen,557,val:2008_002241:part_95,2008_002241,person,upper arm,upper arm,0.11340206116437912,0.20370370149612427,0.3529411852359772,0.039308853447437286,1.0,1.0,1.0
fixed_uvd,test_seen,558,val:2008_002241:part_96,2008_002241,person,hand,hand,0.0,0.0,0.0,0.0004319654544815421,1.0,1.0,1.0
fixed_uvd,test_seen,559,val:2008_002269:part_6,2008_002269,bicycle,wheel,wheel,0.25131282210350037,0.4016786515712738,0.5783449411392212,0.45329567790031433,1.0,1.0,1.0
fixed_uvd,test_seen,560,val:2008_002269:part_7,2008_002269,bicycle,saddle,saddle,0.0,0.0,1.0,0.03879472613334656,1.0,1.0,1.0
fixed_uvd,test_seen,561,val:2008_002269:part_8,2008_002269,bicycle,handlebar,handlebar,0.17492416501045227,0.2977624833583832,0.7190751433372498,0.05593220517039299,1.0,1.0,1.0
fixed_uvd,test_seen,562,val:2008_002269:part_9,2008_002269,bicycle,chainwheel,chainwheel,0.5649484395980835,0.7220026254653931,0.31880733370780945,0.06082862615585327,1.0,1.0,1.0
fixed_uvd,test_seen,563,val:2008_002273:part_97,2008_002273,pottedplant,pot,pot,0.6921866536140442,0.8180972933769226,0.20783080160617828,0.8737863898277283,1.0,1.0,1.0
fixed_uvd,test_seen,564,val:2008_002273:part_98,2008_002273,pottedplant,plant,plant,0.2728189527988434,0.42868462204933167,0.05056179687380791,0.12488967180252075,1.0,1.0,1.0
fixed_uvd,test_seen,565,val:2008_002358:part_0,2008_002358,aeroplane,body,body,0.7631431818008423,0.865662157535553,0.06143031641840935,0.5868808031082153,1.0,1.0,1.0
fixed_uvd,test_seen,566,val:2008_002358:part_1,2008_002358,aeroplane,stern,stern,0.553398072719574,0.7124999761581421,0.2564982771873474,0.22465170919895172,1.0,1.0,1.0
fixed_uvd,test_seen,567,val:2008_002358:part_2,2008_002358,aeroplane,wing,wing,0.3648068606853485,0.5345911979675293,0.05346820876002312,0.05069659277796745,1.0,1.0,1.0
fixed_uvd,test_seen,568,val:2008_002358:part_3,2008_002358,aeroplane,tail,tail,0.0,0.0,0.11917098611593246,0.0001934984466060996,1.0,1.0,1.0
fixed_uvd,test_seen,569,val:2008_002358:part_5,2008_002358,aeroplane,wheel,wheel,0.18775510787963867,0.3161512017250061,0.6737288236618042,0.010642414912581444,1.0,1.0,1.0
fixed_uvd,test_seen,570,val:2008_002379:part_97,2008_002379,pottedplant,pot,pot,0.8589580655097961,0.924128532409668,0.0379146933555603,0.6507666110992432,1.0,1.0,1.0
fixed_uvd,test_seen,571,val:2008_002379:part_98,2008_002379,pottedplant,plant,plant,0.45449715852737427,0.624954342842102,0.3844085931777954,0.3453020453453064,1.0,1.0,1.0
fixed_uvd,test_seen,572,val:2008_002464:part_115,2008_002464,tvmonitor,screen,screen,0.7794310450553894,0.8760452270507812,0.0003916576970368624,0.5586797595024109,1.0,1.0,1.0
fixed_uvd,test_seen,573,val:2008_002467:part_20,2008_002467,bottle,body,body,0.3725280463695526,0.5428348779678345,0.0939994603395462,0.3964073061943054,1.0,1.0,1.0
fixed_uvd,test_seen,574,val:2008_002467:part_21,2008_002467,bottle,cap,cap,0.1824953407049179,0.30866143107414246,0.2732558250427246,0.03816083446145058,1.0,1.0,1.0
fixed_uvd,test_seen,575,val:2008_002495:part_83,2008_002495,person,head,head,0.011538461782038212,0.022813688963651657,0.29279279708862305,0.01335070002824068,1.0,1.0,1.0
fixed_uvd,test_seen,576,val:2008_002495:part_84,2008_002495,person,eye,eye,0.0,0.0,0.0,0.0013025073567405343,1.0,1.0,1.0
fixed_uvd,test_seen,577,val:2008_002495:part_85,2008_002495,person,torso,torso,0.19866220653057098,0.3314732015132904,0.17926421761512756,0.096711166203022,1.0,1.0,1.0
fixed_uvd,test_seen,578,val:2008_002495:part_87,2008_002495,person,leg,leg,0.297686368227005,0.45879557728767395,0.4241943955421448,0.20547053217887878,1.0,1.0,1.0
fixed_uvd,test_seen,579,val:2008_002495:part_88,2008_002495,person,foot,foot,0.11074918508529663,0.1994134932756424,0.6846473217010498,0.03256268426775932,1.0,1.0,1.0
fixed_uvd,test_seen,580,val:2008_002495:part_89,2008_002495,person,nose,nose,0.0,0.0,0.0,0.0009768805466592312,1.0,1.0,1.0
fixed_uvd,test_seen,581,val:2008_002495:part_92,2008_002495,person,mouth,mouth,0.0,0.0,0.0,0.0009768805466592312,1.0,1.0,1.0
fixed_uvd,test_seen,582,val:2008_002495:part_93,2008_002495,person,hair,hair,0.031674209982156754,0.061403509229421616,0.19847328960895538,0.031585801392793655,1.0,1.0,1.0
fixed_uvd,test_seen,583,val:2008_002495:part_94,2008_002495,person,lower arm,lower arm,0.051051050424575806,0.09714286029338837,0.6095238327980042,0.011396938934922218,1.0,1.0,1.0
fixed_uvd,test_seen,584,val:2008_002495:part_95,2008_002495,person,upper arm,upper arm,0.1458333283662796,0.2545454502105713,0.13606911897659302,0.028329534456133842,1.0,1.0,1.0
fixed_uvd,test_seen,585,val:2008_002495:part_96,2008_002495,person,hand,hand,0.07377049326896667,0.13740457594394684,0.6218487620353699,0.003907522186636925,1.0,1.0,1.0
fixed_uvd,test_seen,586,val:2008_002588:part_83,2008_002588,person,head,head,0.5973018407821655,0.7478885054588318,0.03641556575894356,0.24958080053329468,1.0,1.0,1.0
fixed_uvd,test_seen,587,val:2008_002588:part_85,2008_002588,person,torso,torso,0.25799572467803955,0.41016948223114014,0.12273212522268295,0.03134270757436752,1.0,1.0,1.0
fixed_uvd,test_seen,588,val:2008_002588:part_86,2008_002588,person,neck,neck,0.75650554895401,0.8613756895065308,0.031707316637039185,0.2231394350528717,1.0,1.0,1.0
fixed_uvd,test_seen,589,val:2008_002588:part_90,2008_002588,person,ear,ear,0.36283186078071594,0.5324675440788269,0.0,0.03160066902637482,1.0,1.0,1.0
fixed_uvd,test_seen,590,val:2008_002588:part_91,2008_002588,person,eyebrow,eyebrow,0.0,0.0,0.0,0.0009028763161040843,1.0,1.0,1.0
fixed_uvd,test_seen,591,val:2008_002588:part_93,2008_002588,person,hair,hair,0.7755725383758545,0.8736027479171753,0.024043716490268707,0.4599509835243225,1.0,1.0,1.0
fixed_uvd,test_seen,592,val:2008_002623:part_43,2008_002623,cat,head,head,0.699851393699646,0.8234265446662903,0.13996627926826477,0.11176470667123795,1.0,1.0,1.0
fixed_uvd,test_seen,593,val:2008_002623:part_45,2008_002623,cat,torso,torso,0.7604072093963623,0.8638992309570312,0.15538066625595093,0.8559837937355042,1.0,1.0,1.0
fixed_uvd,test_seen,594,val:2008_002623:part_50,2008_002623,cat,ear,ear,0.24062499403953552,0.38790932297706604,0.5843621492385864,0.031237322837114334,1.0,1.0,1.0
fixed_uvd,test_seen,595,val:2008_002680:part_115,2008_002680,tvmonitor,screen,screen,0.891056478023529,0.9423901438713074,0.0,0.617047131061554,1.0,1.0,1.0
fixed_uvd,test_seen,596,val:2008_002681:part_43,2008_002681,cat,head,head,0.5682819485664368,0.7247191071510315,0.001542416401207447,0.2127048522233963,1.0,1.0,1.0
fixed_uvd,test_seen,597,val:2008_002681:part_44,2008_002681,cat,eye,eye,0.1992882490158081,0.3323442041873932,0.0,0.00996789988130331,1.0,1.0,1.0
fixed_uvd,test_seen,598,val:2008_002681:part_45,2008_002681,cat,torso,torso,0.7223693132400513,0.8388088345527649,0.0015655577881261706,0.4477107524871826,1.0,1.0,1.0
fixed_uvd,test_seen,599,val:2008_002681:part_47,2008_002681,cat,leg,leg,0.5332992076873779,0.6956230998039246,0.13666300475597382,0.1978374719619751,1.0,1.0,1.0
fixed_uvd,test_seen,600,val:2008_002681:part_48,2008_002681,cat,nose,nose,0.11538461595773697,0.2068965584039688,0.0,0.004223686642944813,1.0,1.0,1.0
fixed_uvd,test_seen,601,val:2008_002681:part_49,2008_002681,cat,paw,paw,0.442827433347702,0.6138328313827515,0.3761904835700989,0.04629160463809967,1.0,1.0,1.0
fixed_uvd,test_seen,602,val:2008_002681:part_50,2008_002681,cat,ear,ear,0.555112898349762,0.7139196991920471,0.13543091714382172,0.07433687895536423,1.0,1.0,1.0
fixed_uvd,test_seen,603,val:2008_002775:part_20,2008_002775,bottle,body,body,0.8513066172599792,0.9196819067001343,0.07787048071622849,0.9362891316413879,1.0,1.0,1.0
fixed_uvd,test_seen,604,val:2008_002775:part_21,2008_002775,bottle,cap,cap,0.49226006865501404,0.6597510576248169,0.03833865746855736,0.06296572089195251,1.0,1.0,1.0
fixed_uvd,test_seen,605,val:2008_002778:part_51,2008_002778,cow,tail,tail,0.26744186878204346,0.4220183491706848,0.5126582384109497,0.028373265638947487,1.0,1.0,1.0
fixed_uvd,test_seen,606,val:2008_002778:part_52,2008_002778,cow,head,head,0.5865257382392883,0.7393838763237,0.12549537420272827,0.06998738646507263,1.0,1.0,1.0
fixed_uvd,test_seen,607,val:2008_002778:part_53,2008_002778,cow,eye,eye,0.0,0.0,0.9285714030265808,0.0022068095859140158,1.0,1.0,1.0
fixed_uvd,test_seen,608,val:2008_002778:part_54,2008_002778,cow,torso,torso,0.7430641651153564,0.852595329284668,0.13087038695812225,0.571878969669342,1.0,1.0,1.0
fixed_uvd,test_seen,609,val:2008_002778:part_56,2008_002778,cow,leg,leg,0.45658746361732483,0.6269276142120361,0.27845150232315063,0.19356872141361237,1.0,1.0,1.0
fixed_uvd,test_seen,610,val:2008_002778:part_57,2008_002778,cow,ear,ear,0.45896655321121216,0.6291666626930237,0.1993127167224884,0.029791928827762604,1.0,1.0,1.0
fixed_uvd,test_seen,611,val:2008_002778:part_58,2008_002778,cow,muzzle,muzzle,0.5639097690582275,0.7211538553237915,0.14102564752101898,0.03688524663448334,1.0,1.0,1.0
fixed_uvd,test_seen,612,val:2008_002835:part_75,2008_002835,horse,leg,leg,0.0,0.0,0.3130966126918793,0.002872646087780595,1.0,1.0,1.0
fixed_uvd,test_seen,613,val:2008_002835:part_83,2008_002835,person,head,head,0.6682808995246887,0.8011611104011536,0.15979380905628204,0.1431969553232193,1.0,1.0,1.0
fixed_uvd,test_seen,614,val:2008_002835:part_84,2008_002835,person,eye,eye,0.0,0.0,0.0,0.0019029495306313038,1.0,1.0,1.0
fixed_uvd,test_seen,615,val:2008_002835:part_85,2008_002835,person,torso,torso,0.2289789766073227,0.37263286113739014,0.08036530017852783,0.25784966349601746,1.0,1.0,1.0
fixed_uvd,test_seen,616,val:2008_002835:part_87,2008_002835,person,leg,leg,0.6082839965820312,0.7564385533332825,0.2271604984998703,0.2611798346042633,1.0,1.0,1.0
fixed_uvd,test_seen,617,val:2008_002835:part_88,2008_002835,person,foot,foot,0.1428571492433548,0.25,0.2924528419971466,0.07136061042547226,1.0,1.0,1.0
fixed_uvd,test_seen,618,val:2008_002835:part_89,2008_002835,person,nose,nose,0.0,0.0,0.0,0.0023786870297044516,1.0,1.0,1.0
fixed_uvd,test_seen,619,val:2008_002835:part_90,2008_002835,person,ear,ear,0.0,0.0,0.8529411554336548,0.0033301617950201035,1.0,1.0,1.0
fixed_uvd,test_seen,620,val:2008_002835:part_91,2008_002835,person,eyebrow,eyebrow,0.0,0.0,0.0,0.00047573738265782595,1.0,1.0,1.0
fixed_uvd,test_seen,621,val:2008_002835:part_92,2008_002835,person,mouth,mouth,0.0,0.0,0.0,0.0023786870297044516,1.0,1.0,1.0
fixed_uvd,test_seen,622,val:2008_002835:part_94,2008_002835,person,lower arm,lower arm,0.09025270491838455,0.16556291282176971,0.0,0.048525214195251465,1.0,1.0,1.0
fixed_uvd,test_seen,623,val:2008_002835:part_95,2008_002835,person,upper arm,upper arm,0.38395416736602783,0.5548654198646545,0.0347222238779068,0.09276878833770752,1.0,1.0,1.0
fixed_uvd,test_seen,624,val:2008_002835:part_96,2008_002835,person,hand,hand,0.0,0.0,0.0,0.028544243425130844,1.0,1.0,1.0
fixed_uvd,test_seen,625,val:2008_002864:part_20,2008_002864,bottle,body,body,0.0,0.0,0.37595129013061523,0.21512386202812195,1.0,1.0,1.0
fixed_uvd,test_seen,626,val:2008_002864:part_21,2008_002864,bottle,cap,cap,0.0,0.0,0.4583333432674408,0.00782268587499857,1.0,1.0,1.0
fixed_uvd,test_seen,627,val:2008_002900:part_114,2008_002900,train,coach,coach,0.8147292137145996,0.8979071974754333,0.15891946852207184,0.9783046841621399,1.0,1.0,1.0
fixed_uvd,test_seen,628,val:2008_002929:part_83,2008_002929,person,head,head,0.19083969295024872,0.3205128312110901,0.17142857611179352,0.020803095772862434,1.0,1.0,1.0
fixed_uvd,test_seen,629,val:2008_002929:part_84,2008_002929,person,eye,eye,0.0,0.0,0.0,0.001209482317790389,1.0,1.0,1.0
fixed_uvd,test_seen,630,val:2008_002929:part_85,2008_002929,person,torso,torso,0.21937322616577148,0.3598130941390991,0.03097345121204853,0.09192065894603729,1.0,1.0,1.0
fixed_uvd,test_seen,631,val:2008_002929:part_86,2008_002929,person,neck,neck,0.0,0.0,0.0,0.007498790509998798,1.0,1.0,1.0
fixed_uvd,test_seen,632,val:2008_002929:part_87,2008_002929,person,leg,leg,0.3073534369468689,0.4701918065547943,0.2660582661628723,0.2440735399723053,1.0,1.0,1.0
fixed_uvd,test_seen,633,val:2008_002929:part_89,2008_002929,person,nose,nose,0.0,0.0,0.0,0.001209482317790389,1.0,1.0,1.0
fixed_uvd,test_seen,634,val:2008_002929:part_91,2008_002929,person,eyebrow,eyebrow,0.0,0.0,0.0,0.0016932752914726734,1.0,1.0,1.0
fixed_uvd,test_seen,635,val:2008_002929:part_92,2008_002929,person,mouth,mouth,0.0,0.0,0.0,0.0009675858891569078,1.0,1.0,1.0
fixed_uvd,test_seen,636,val:2008_002929:part_93,2008_002929,person,hair,hair,0.0,0.0,0.0,0.006047411821782589,1.0,1.0,1.0
fixed_uvd,test_seen,637,val:2008_002929:part_94,2008_002929,person,lower arm,lower arm,0.09324324131011963,0.17058096826076508,0.25214898586273193,0.026850508525967598,1.0,1.0,1.0
fixed_uvd,test_seen,638,val:2008_002929:part_95,2008_002929,person,upper arm,upper arm,0.11048950999975204,0.19899244606494904,0.20818504691123962,0.05611998215317726,1.0,1.0,1.0
fixed_uvd,test_seen,639,val:2008_002929:part_96,2008_002929,person,hand,hand,0.49677419662475586,0.6637930870056152,0.027027027681469917,0.02031930349767208,1.0,1.0,1.0
fixed_uvd,test_seen,640,val:2008_002942:part_83,2008_002942,person,head,head,0.575211763381958,0.7303294539451599,0.04063474014401436,0.3624279797077179,1.0,1.0,1.0
fixed_uvd,test_seen,641,val:2008_002942:part_84,2008_002942,person,eye,eye,0.6787252426147461,0.8086197972297668,0.0,0.02980167604982853,1.0,1.0,1.0
fixed_uvd,test_seen,642,val:2008_002942:part_85,2008_002942,person,torso,torso,0.4896218180656433,0.6573773622512817,0.11388684809207916,0.21384382247924805,1.0,1.0,1.0
fixed_uvd,test_seen,643,val:2008_002942:part_89,2008_002942,person,nose,nose,0.7647058963775635,0.8666666746139526,0.0,0.0546540804207325,1.0,1.0,1.0
fixed_uvd,test_seen,644,val:2008_002942:part_91,2008_002942,person,eyebrow,eyebrow,0.08439383655786514,0.15565164387226105,0.0,0.00650475500151515,1.0,1.0,1.0
fixed_uvd,test_seen,645,val:2008_002942:part_92,2008_002942,person,mouth,mouth,0.4192139804363251,0.5907692313194275,0.00917431153357029,0.011347969062626362,1.0,1.0,1.0
fixed_uvd,test_seen,646,val:2008_002942:part_93,2008_002942,person,hair,hair,0.46821320056915283,0.6378000378608704,0.11012648046016693,0.20779862999916077,1.0,1.0,1.0
fixed_uvd,test_seen,647,val:2008_002942:part_95,2008_002942,person,upper arm,upper arm,0.35820478200912476,0.5274679660797119,0.05083996430039406,0.10244988650083542,1.0,1.0,1.0
fixed_uvd,test_seen,648,val:2008_003003:part_97,2008_003003,pottedplant,pot,pot,0.18000000715255737,0.3050847351551056,0.4727272689342499,0.6057692170143127,1.0,1.0,1.0
fixed_uvd,test_seen,649,val:2008_003003:part_98,2008_003003,pottedplant,plant,plant,0.27272728085517883,0.4285714328289032,0.5113636255264282,0.36538460850715637,1.0,1.0,1.0
fixed_uvd,test_seen,650,val:2008_003026:part_115,2008_003026,tvmonitor,screen,screen,0.9324462413787842,0.9650423526763916,0.0019459458999335766,0.7833089232444763,1.0,1.0,1.0
fixed_uvd,test_seen,651,val:2008_003034:part_83,2008_003034,person,head,head,0.23461538553237915,0.3800623118877411,0.0446428582072258,0.02233993634581566,1.0,1.0,1.0
fixed_uvd,test_seen,652,val:2008_003034:part_84,2008_003034,person,eye,eye,0.0,0.0,0.0,0.0009212344302795827,1.0,1.0,1.0
fixed_uvd,test_seen,653,val:2008_003034:part_85,2008_003034,person,torso,torso,0.13915298879146576,0.24430955946445465,0.0915798619389534,0.07646246254444122,1.0,1.0,1.0
fixed_uvd,test_seen,654,val:2008_003034:part_86,2008_003034,person,neck,neck,0.3231707215309143,0.48847925662994385,0.0,0.014048825018107891,1.0,1.0,1.0
fixed_uvd,test_seen,655,val:2008_003034:part_87,2008_003034,person,leg,leg,0.2829670310020447,0.44111350178718567,0.23769508302211761,0.1540764570236206,1.0,1.0,1.0
fixed_uvd,test_seen,656,val:2008_003034:part_88,2008_003034,person,foot,foot,0.0,0.0,0.4323040246963501,0.004836481064558029,1.0,1.0,1.0
fixed_uvd,test_seen,657,val:2008_003034:part_89,2008_003034,person,nose,nose,0.0,0.0,0.0,0.0018424688605591655,1.0,1.0,1.0
fixed_uvd,test_seen,658,val:2008_003034:part_90,2008_003034,person,ear,ear,0.0,0.0,0.0,0.0039152465760707855,1.0,1.0,1.0
fixed_uvd,test_seen,659,val:2008_003034:part_91,2008_003034,person,eyebrow,eyebrow,0.0,0.0,0.0,0.00023030860756989568,1.0,1.0,1.0
fixed_uvd,test_seen,660,val:2008_003034:part_92,2008_003034,person,mouth,mouth,0.0,0.0,0.0,0.0011515431106090546,1.0,1.0,1.0
fixed_uvd,test_seen,661,val:2008_003034:part_93,2008_003034,person,hair,hair,0.5894039869308472,0.7416666746139526,0.229545459151268,0.06448641419410706,1.0,1.0,1.0
fixed_uvd,test_seen,662,val:2008_003034:part_94,2008_003034,person,lower arm,lower arm,0.0941176488995552,0.17204301059246063,0.16139240562915802,0.03869184851646423,1.0,1.0,1.0
fixed_uvd,test_seen,663,val:2008_003034:part_95,2008_003034,person,upper arm,upper arm,0.3767313063144684,0.5472837090492249,0.23877550661563873,0.11768770217895508,1.0,1.0,1.0
fixed_uvd,test_seen,664,val:2008_003034:part_96,2008_003034,person,hand,hand,0.0,0.0,0.24652087688446045,0.007139566820114851,1.0,1.0,1.0
fixed_uvd,test_seen,665,val:2008_003076:part_20,2008_003076,bottle,body,body,0.0,0.0,0.5426997542381287,0.4608030617237091,1.0,1.0,1.0
fixed_uvd,test_seen,666,val:2008_003076:part_21,2008_003076,bottle,cap,cap,0.0,0.0,0.4897959232330322,0.009560229256749153,1.0,1.0,1.0
fixed_uvd,test_seen,667,val:2008_003105:part_109,2008_003105,train,head,head,0.16932132840156555,0.28960615396499634,0.5519534349441528,0.21748699247837067,1.0,1.0,1.0
fixed_uvd,test_seen,668,val:2008_003105:part_111,2008_003105,train,side,side,0.6373146176338196,0.7784876823425293,0.12120858579874039,0.5673269033432007,1.0,1.0,1.0
fixed_uvd,test_seen,669,val:2008_003105:part_112,2008_003105,train,back,back,0.44698286056518555,0.6178136467933655,0.12608031928539276,0.18937574326992035,1.0,1.0,1.0
fixed_uvd,test_seen,670,val:2008_003108:part_83,2008_003108,person,head,head,0.4278688430786133,0.599311113357544,0.2959268391132355,0.07468476891517639,1.0,1.0,1.0
fixed_uvd,test_seen,671,val:2008_003108:part_84,2008_003108,person,eye,eye,0.0,0.0,0.0,0.0009699321235530078,1.0,1.0,1.0
fixed_uvd,test_seen,672,val:2008_003108:part_85,2008_003108,person,torso,torso,0.38439658284187317,0.555327296257019,0.04351687431335449,0.1600387990474701,1.0,1.0,1.0
fixed_uvd,test_seen,673,val:2008_003108:part_86,2008_003108,person,neck,neck,0.5287356376647949,0.6917293071746826,0.125,0.015796037390828133,1.0,1.0,1.0
fixed_uvd,test_seen,674,val:2008_003108:part_87,2008_003108,person,leg,leg,0.7564821243286133,0.861360490322113,0.09172339737415314,0.307884156703949,1.0,1.0,1.0
fixed_uvd,test_seen,675,val:2008_003108:part_88,2008_003108,person,foot,foot,0.12051282078027725,0.21510297060012817,0.4476439654827118,0.007620895281434059,1.0,1.0,1.0
fixed_uvd,test_seen,676,val:2008_003108:part_89,2008_003108,person,nose,nose,0.0,0.0,0.0,0.0026326728984713554,1.0,1.0,1.0
fixed_uvd,test_seen,677,val:2008_003108:part_90,2008_003108,person,ear,ear,0.10000000149011612,0.1818181872367859,0.2222222238779068,0.005681030917912722,1.0,1.0,1.0
fixed_uvd,test_seen,678,val:2008_003108:part_91,2008_003108,person,eyebrow,eyebrow,0.0,0.0,0.0,0.0009699321235530078,1.0,1.0,1.0
fixed_uvd,test_seen,679,val:2008_003108:part_92,2008_003108,person,mouth,mouth,0.0,0.0,0.0,0.0013856173027306795,1.0,1.0,1.0
fixed_uvd,test_seen,680,val:2008_003108:part_93,2008_003108,person,hair,hair,0.33852139115333557,0.5058139562606812,0.20183485746383667,0.017458777874708176,1.0,1.0,1.0
fixed_uvd,test_seen,681,val:2008_003108:part_94,2008_003108,person,lower arm,lower arm,0.36141908168792725,0.5309446454048157,0.0902777761220932,0.025218235328793526,1.0,1.0,1.0
fixed_uvd,test_seen,682,val:2008_003108:part_95,2008_003108,person,upper arm,upper arm,0.599656343460083,0.7497314810752869,0.03290676325559616,0.10641540586948395,1.0,1.0,1.0
fixed_uvd,test_seen,683,val:2008_003108:part_96,2008_003108,person,hand,hand,0.4201183319091797,0.5916666388511658,0.20652173459529877,0.02050713635981083,1.0,1.0,1.0
fixed_uvd,test_seen,684,val:2008_003135:part_97,2008_003135,pottedplant,pot,pot,0.41491395235061646,0.5864864587783813,0.30985915660858154,0.2810218930244446,1.0,1.0,1.0
fixed_uvd,test_seen,685,val:2008_003135:part_98,2008_003135,pottedplant,plant,plant,0.11356262117624283,0.20396269857883453,0.5768282413482666,0.3642335832118988,1.0,1.0,1.0
fixed_uvd,test_seen,686,val:2008_003155:part_0,2008_003155,aeroplane,body,body,0.7045786380767822,0.8266895413398743,0.10058855265378952,0.5299853682518005,1.0,1.0,1.0
fixed_uvd,test_seen,687,val:2008_003155:part_1,2008_003155,aeroplane,stern,stern,0.3400765359401703,0.507547914981842,0.319810688495636,0.15797172486782074,1.0,1.0,1.0
fixed_uvd,test_seen,688,val:2008_003155:part_2,2008_003155,aeroplane,wing,wing,0.3880544900894165,0.5591343641281128,0.41183575987815857,0.24215829372406006,1.0,1.0,1.0
fixed_uvd,test_seen,689,val:2008_003155:part_5,2008_003155,aeroplane,wheel,wheel,0.3663793206214905,0.5362775921821594,0.5743706822395325,0.032016903162002563,1.0,1.0,1.0
fixed_uvd,test_seen,690,val:2008_003210:part_83,2008_003210,person,head,head,0.16924363374710083,0.28949248790740967,0.03868797421455383,0.02080443874001503,1.0,1.0,1.0
fixed_uvd,test_seen,691,val:2008_003210:part_84,2008_003210,person,eye,eye,0.0,0.0,0.0,0.00029720625025220215,1.0,1.0,1.0
fixed_uvd,test_seen,692,val:2008_003210:part_89,2008_003210,person,nose,nose,0.0,0.0,0.0,0.000544878130313009,1.0,1.0,1.0
fixed_uvd,test_seen,693,val:2008_003210:part_90,2008_003210,person,ear,ear,0.0,0.0,0.0793650820851326,0.002229047007858753,1.0,1.0,1.0
fixed_uvd,test_seen,694,val:2008_003210:part_93,2008_003210,person,hair,hair,0.0,0.0,0.1288021057844162,0.011392906308174133,1.0,1.0,1.0
fixed_uvd,test_seen,695,val:2008_003238:part_83,2008_003238,person,head,head,0.0,0.0,0.0185528751462698,0.00016123830573633313,1.0,1.0,1.0
fixed_uvd,test_seen,696,val:2008_003238:part_85,2008_003238,person,torso,torso,0.0006163328071124852,0.001231906353496015,0.10046225041151047,0.00032247661147266626,1.0,1.0,1.0
fixed_uvd,test_seen,697,val:2008_003238:part_86,2008_003238,person,neck,neck,0.0,0.0,0.4403669834136963,0.0006449532229453325,1.0,1.0,1.0
fixed_uvd,test_seen,698,val:2008_003238:part_87,2008_003238,person,leg,leg,0.0011695906287059188,0.002336448524147272,0.023781675845384598,0.0004837149172089994,1.0,1.0,1.0
fixed_uvd,test_seen,699,val:2008_003270:part_6,2008_003270,bicycle,wheel,wheel,0.34501317143440247,0.51302570104599,0.6079233288764954,0.685249924659729,1.0,1.0,1.0
fixed_uvd,test_seen,700,val:2008_003270:part_7,2008_003270,bicycle,saddle,saddle,0.42222222685813904,0.59375,0.5551401972770691,0.040720026940107346,1.0,1.0,1.0
fixed_uvd,test_seen,701,val:2008_003270:part_8,2008_003270,bicycle,handlebar,handlebar,0.2368815541267395,0.3830302953720093,0.7074010372161865,0.04264243319630623,1.0,1.0,1.0
fixed_uvd,test_seen,702,val:2008_003270:part_9,2008_003270,bicycle,chainwheel,chainwheel,0.3454810380935669,0.5135427713394165,0.5858895778656006,0.04736106097698212,1.0,1.0,1.0
fixed_uvd,test_seen,703,val:2008_003330:part_83,2008_003330,person,head,head,0.6942501664161682,0.8195368051528931,0.0,0.17441968619823456,1.0,1.0,1.0
fixed_uvd,test_seen,704,val:2008_003330:part_84,2008_003330,person,eye,eye,0.29535865783691406,0.4560260474681854,0.0,0.00435230229049921,1.0,1.0,1.0
fixed_uvd,test_seen,705,val:2008_003330:part_85,2008_003330,person,torso,torso,0.420127809047699,0.5916760563850403,0.038170505315065384,0.23385436832904816,1.0,1.0,1.0
fixed_uvd,test_seen,706,val:2008_003330:part_86,2008_003330,person,neck,neck,0.3629423975944519,0.5325865745544434,0.013778099790215492,0.027377387508749962,1.0,1.0,1.0
fixed_uvd,test_seen,707,val:2008_003330:part_89,2008_003330,person,nose,nose,0.80078125,0.8893709182739258,0.0,0.009827779605984688,1.0,1.0,1.0
fixed_uvd,test_seen,708,val:2008_003330:part_91,2008_003330,person,eyebrow,eyebrow,0.08852458745241165,0.16265060007572174,0.0,0.0019655560608953238,1.0,1.0,1.0
fixed_uvd,test_seen,709,val:2008_003330:part_92,2008_003330,person,mouth,mouth,0.6683168411254883,0.8011869192123413,0.0,0.0066922502592206,1.0,1.0,1.0
fixed_uvd,test_seen,710,val:2008_003330:part_93,2008_003330,person,hair,hair,0.7127141952514648,0.8322628736495972,0.17031659185886383,0.29899850487709045,1.0,1.0,1.0
fixed_uvd,test_seen,711,val:2008_003330:part_95,2008_003330,person,upper arm,upper arm,0.6931626796722412,0.8187785744667053,0.1426907330751419,0.22945526242256165,1.0,1.0,1.0
fixed_uvd,test_seen,712,val:2008_003333:part_83,2008_003333,person,head,head,0.6309012770652771,0.7736842036247253,0.2211981564760208,0.08628904074430466,1.0,1.0,1.0
fixed_uvd,test_seen,713,val:2008_003333:part_84,2008_003333,person,eye,eye,0.0,0.0,0.0,0.0010587612632662058,1.0,1.0,1.0
fixed_uvd,test_seen,714,val:2008_003333:part_85,2008_003333,person,torso,torso,0.26885247230529785,0.4237726032733917,0.10901639610528946,0.17363683879375458,1.0,1.0,1.0
fixed_uvd,test_seen,715,val:2008_003333:part_86,2008_003333,person,neck,neck,0.24460431933403015,0.39306357502937317,0.07246376574039459,0.018528321757912636,1.0,1.0,1.0
fixed_uvd,test_seen,716,val:2008_003333:part_87,2008_003333,person,leg,leg,0.5986336469650269,0.7489316463470459,0.24642856419086456,0.3980942368507385,1.0,1.0,1.0
fixed_uvd,test_seen,717,val:2008_003333:part_88,2008_003333,person,foot,foot,0.013513513840734959,0.02666666731238365,0.9473684430122375,0.029645314440131187,1.0,1.0,1.0
fixed_uvd,test_seen,718,val:2008_003333:part_89,2008_003333,person,nose,nose,0.0,0.0,0.0,0.0015881418948993087,1.0,1.0,1.0
fixed_uvd,test_seen,719,val:2008_003333:part_90,2008_003333,person,ear,ear,0.0,0.0,0.0,0.005293806083500385,1.0,1.0,1.0
fixed_uvd,test_seen,720,val:2008_003333:part_91,2008_003333,person,eyebrow,eyebrow,0.0,0.0,0.0,0.0005293806316331029,1.0,1.0,1.0
fixed_uvd,test_seen,721,val:2008_003333:part_92,2008_003333,person,mouth,mouth,0.0,0.0,0.0,0.0010587612632662058,1.0,1.0,1.0
fixed_uvd,test_seen,722,val:2008_003333:part_94,2008_003333,person,lower arm,lower arm,0.446540892124176,0.6173912882804871,0.12828947603702545,0.08258337527513504,1.0,1.0,1.0
fixed_uvd,test_seen,723,val:2008_003333:part_95,2008_003333,person,upper arm,upper arm,0.2607913613319397,0.41369470953941345,0.24944812059402466,0.1312863975763321,1.0,1.0,1.0
fixed_uvd,test_seen,724,val:2008_003333:part_96,2008_003333,person,hand,hand,0.07339449226856232,0.1367521435022354,0.6419752836227417,0.019057702273130417,1.0,1.0,1.0
fixed_uvd,test_seen,725,val:2008_003369:part_0,2008_003369,aeroplane,body,body,0.7517279386520386,0.8582701683044434,0.09004107862710953,0.7284144163131714,1.0,1.0,1.0
fixed_uvd,test_seen,726,val:2008_003369:part_2,2008_003369,aeroplane,wing,wing,0.5273181200027466,0.6905151009559631,0.13268810510635376,0.17676609754562378,1.0,1.0,1.0
fixed_uvd,test_seen,727,val:2008_003369:part_4,2008_003369,aeroplane,engine,engine,0.0,0.0,0.04056795313954353,0.0075353216379880905,1.0,1.0,1.0
fixed_uvd,test_seen,728,val:2008_003369:part_5,2008_003369,aeroplane,wheel,wheel,0.5207956433296204,0.6848989129066467,0.227544903755188,0.035583462566137314,1.0,1.0,1.0
fixed_uvd,test_seen,729,val:2008_003379:part_75,2008_003379,horse,leg,leg,0.0,0.0,0.3008849620819092,0.0005824111867696047,1.0,1.0,1.0
fixed_uvd,test_seen,730,val:2008_003379:part_83,2008_003379,person,head,head,0.020408162847161293,0.03999999910593033,0.7105262875556946,0.0921248123049736,1.0,1.0,1.0
fixed_uvd,test_seen,731,val:2008_003379:part_85,2008_003379,person,torso,torso,0.05000000074505806,0.095238097012043,0.5837104320526123,0.3893016278743744,1.0,1.0,1.0
fixed_uvd,test_seen,732,val:2008_003379:part_87,2008_003379,person,leg,leg,0.28453946113586426,0.4430217742919922,0.3582342863082886,0.2852897346019745,1.0,1.0,1.0
fixed_uvd,test_seen,733,val:2008_003379:part_88,2008_003379,person,foot,foot,0.17763157188892365,0.3016759753227234,0.7569444179534912,0.05200594291090965,1.0,1.0,1.0
fixed_uvd,test_seen,734,val:2008_003379:part_90,2008_003379,person,ear,ear,0.0,0.0,0.0,0.005943536292761564,1.0,1.0,1.0
fixed_uvd,test_seen,735,val:2008_003379:part_93,2008_003379,person,hair,hair,0.0,0.0,1.0,0.016344724223017693,1.0,1.0,1.0
fixed_uvd,test_seen,736,val:2008_003379:part_94,2008_003379,person,lower arm,lower arm,0.017543859779834747,0.03448275849223137,0.13513512909412384,0.03120356611907482,1.0,1.0,1.0
fixed_uvd,test_seen,737,val:2008_003379:part_95,2008_003379,person,upper arm,upper arm,0.005917159840464592,0.0117647061124444,0.02654867246747017,0.08469539135694504,1.0,1.0,1.0
fixed_uvd,test_seen,738,val:2008_003379:part_96,2008_003379,person,hand,hand,0.0,0.0,0.0,0.008915304206311703,1.0,1.0,1.0
fixed_uvd,test_seen,739,val:2008_003451:part_83,2008_003451,person,head,head,0.7088122367858887,0.8295964002609253,0.08749999850988388,0.10034096240997314,1.0,1.0,1.0
fixed_uvd,test_seen,740,val:2008_003451:part_84,2008_003451,person,eye,eye,0.0,0.0,0.0,0.00024354603374376893,1.0,1.0,1.0
fixed_uvd,test_seen,741,val:2008_003451:part_85,2008_003451,person,torso,torso,0.39362257719039917,0.5648912191390991,0.2342638224363327,0.20433512330055237,1.0,1.0,1.0
fixed_uvd,test_seen,742,val:2008_003451:part_87,2008_003451,person,leg,leg,0.68853360414505,0.8155403137207031,0.13329486548900604,0.3239162266254425,1.0,1.0,1.0
fixed_uvd,test_seen,743,val:2008_003451:part_88,2008_003451,person,foot,foot,0.5017921328544617,0.6682577729225159,0.27966102957725525,0.044568922370672226,1.0,1.0,1.0
fixed_uvd,test_seen,744,val:2008_003451:part_89,2008_003451,person,nose,nose,0.0,0.0,0.0,0.003409644355997443,1.0,1.0,1.0
fixed_uvd,test_seen,745,val:2008_003451:part_90,2008_003451,person,ear,ear,0.0,0.0,1.0,0.00048709206748753786,1.0,1.0,1.0
fixed_uvd,test_seen,746,val:2008_003451:part_91,2008_003451,person,eyebrow,eyebrow,0.0,0.0,0.0,0.0012177301105111837,1.0,1.0,1.0
fixed_uvd,test_seen,747,val:2008_003451:part_92,2008_003451,person,mouth,mouth,0.05263157933950424,0.10000000149011612,0.0,0.0009741841349750757,1.0,1.0,1.0
fixed_uvd,test_seen,748,val:2008_003451:part_94,2008_003451,person,lower arm,lower arm,0.333776593208313,0.5004985332489014,0.12583892047405243,0.09912323206663132,1.0,1.0,1.0
fixed_uvd,test_seen,749,val:2008_003451:part_95,2008_003451,person,upper arm,upper arm,0.5534644722938538,0.7125550508499146,0.12062256783246994,0.19191427528858185,1.0,1.0,1.0
fixed_uvd,test_seen,750,val:2008_003451:part_96,2008_003451,person,hand,hand,0.311355322599411,0.4748603403568268,0.2265625,0.02484169416129589,1.0,1.0,1.0
fixed_uvd,test_seen,751,val:2008_003461:part_83,2008_003461,person,head,head,0.6428571343421936,0.782608687877655,0.190476194024086,0.07436001300811768,1.0,1.0,1.0
fixed_uvd,test_seen,752,val:2008_003461:part_84,2008_003461,person,eye,eye,0.0,0.0,0.0,0.00040633889148011804,1.0,1.0,1.0
fixed_uvd,test_seen,753,val:2008_003461:part_85,2008_003461,person,torso,torso,0.27721336483955383,0.43409091234207153,0.0729537382721901,0.1292157620191574,1.0,1.0,1.0
fixed_uvd,test_seen,754,val:2008_003461:part_86,2008_003461,person,neck,neck,0.0,0.0,1.0,0.007314099930226803,1.0,1.0,1.0
fixed_uvd,test_seen,755,val:2008_003461:part_87,2008_003461,person,leg,leg,0.4991999864578247,0.6659551858901978,0.35280001163482666,0.2535554766654968,1.0,1.0,1.0
fixed_uvd,test_seen,756,val:2008_003461:part_88,2008_003461,person,foot,foot,0.20000000298023224,0.3333333432674408,0.3795454502105713,0.0430719219148159,1.0,1.0,1.0
fixed_uvd,test_seen,757,val:2008_003461:part_89,2008_003461,person,nose,nose,0.0,0.0,0.0,0.0012190166162326932,1.0,1.0,1.0
fixed_uvd,test_seen,758,val:2008_003461:part_90,2008_003461,person,ear,ear,0.0,0.0,0.0,0.0032507111318409443,1.0,1.0,1.0
fixed_uvd,test_seen,759,val:2008_003461:part_91,2008_003461,person,eyebrow,eyebrow,0.0,0.0,0.0,0.0008126777829602361,1.0,1.0,1.0
fixed_uvd,test_seen,760,val:2008_003461:part_92,2008_003461,person,mouth,mouth,0.0,0.0,0.0,0.0016253555659204721,1.0,1.0,1.0
fixed_uvd,test_seen,761,val:2008_003461:part_93,2008_003461,person,hair,hair,0.0,0.0,0.0,0.002844372298568487,1.0,1.0,1.0
fixed_uvd,test_seen,762,val:2008_003461:part_94,2008_003461,person,lower arm,lower arm,0.15228426456451416,0.26431718468666077,0.07887323945760727,0.04022755101323128,1.0,1.0,1.0
fixed_uvd,test_seen,763,val:2008_003461:part_95,2008_003461,person,upper arm,upper arm,0.5345268249511719,0.6966666579246521,0.03661971911787987,0.09955302625894547,1.0,1.0,1.0
fixed_uvd,test_seen,764,val:2008_003461:part_96,2008_003461,person,hand,hand,0.12154696136713028,0.21674877405166626,0.45856353640556335,0.008939455263316631,1.0,1.0,1.0
fixed_uvd,test_seen,765,val:2008_003492:part_83,2008_003492,person,head,head,0.6905999183654785,0.8169879913330078,0.016634050756692886,0.09307543188333511,1.0,1.0,1.0
fixed_uvd,test_seen,766,val:2008_003492:part_84,2008_003492,person,eye,eye,0.1803278625011444,0.3055555522441864,0.0,0.0013339801225811243,1.0,1.0,1.0
fixed_uvd,test_seen,767,val:2008_003492:part_85,2008_003492,person,torso,torso,0.5313858389854431,0.6939933896064758,0.06120162829756737,0.323186993598938,1.0,1.0,1.0
fixed_uvd,test_seen,768,val:2008_003492:part_87,2008_003492,person,leg,leg,0.6526822447776794,0.7898460030555725,0.029411764815449715,0.06118118017911911,1.0,1.0,1.0
fixed_uvd,test_seen,769,val:2008_003492:part_89,2008_003492,person,nose,nose,0.6333333253860474,0.7755101919174194,0.0,0.0060635460540652275,1.0,1.0,1.0
fixed_uvd,test_seen,770,val:2008_003492:part_90,2008_003492,person,ear,ear,0.2163742631673813,0.35576921701431274,0.0,0.002243512077257037,1.0,1.0,1.0
fixed_uvd,test_seen,771,val:2008_003492:part_91,2008_003492,person,eyebrow,eyebrow,0.0634920671582222,0.11940298229455948,0.0,0.0012733446201309562,1.0,1.0,1.0
fixed_uvd,test_seen,772,val:2008_003492:part_92,2008_003492,person,mouth,mouth,0.24017466604709625,0.38732394576072693,0.0,0.003456221194937825,1.0,1.0,1.0
fixed_uvd,test_seen,773,val:2008_003492:part_93,2008_003492,person,hair,hair,0.7222464084625244,0.8387259840965271,0.07493249326944351,0.2102837711572647,1.0,1.0,1.0
fixed_uvd,test_seen,774,val:2008_003492:part_94,2008_003492,person,lower arm,lower arm,0.24148902297019958,0.3890312612056732,0.08240534365177155,0.046022314578294754,1.0,1.0,1.0
fixed_uvd,test_seen,775,val:2008_003492:part_95,2008_003492,person,upper arm,upper arm,0.560931921005249,0.7187141180038452,0.005376344081014395,0.20876789093017578,1.0,1.0,1.0
fixed_uvd,test_seen,776,val:2008_003492:part_96,2008_003492,person,hand,hand,0.6295811533927917,0.7726907730102539,0.1484098881483078,0.04117147624492645,1.0,1.0,1.0
fixed_uvd,test_seen,777,val:2008_003499:part_42,2008_003499,cat,tail,tail,0.40810322761535645,0.5796495676040649,0.1743934601545334,0.14340464770793915,1.0,1.0,1.0
fixed_uvd,test_seen,778,val:2008_003499:part_43,2008_003499,cat,head,head,0.7487951517105103,0.8563554883003235,0.08030769228935242,0.17810605466365814,1.0,1.0,1.0
fixed_uvd,test_seen,779,val:2008_003499:part_44,2008_003499,cat,eye,eye,0.2241992950439453,0.36627906560897827,0.0,0.008013378828763962,1.0,1.0,1.0
fixed_uvd,test_seen,780,val:2008_003499:part_45,2008_003499,cat,torso,torso,0.7111335396766663,0.8311841487884521,0.049889568239450455,0.409309446811676,1.0,1.0,1.0
fixed_uvd,test_seen,781,val:2008_003499:part_46,2008_003499,cat,neck,neck,0.20316766202449799,0.3377212882041931,0.008928571827709675,0.028639119118452072,1.0,1.0,1.0
fixed_uvd,test_seen,782,val:2008_003499:part_47,2008_003499,cat,leg,leg,0.37434375286102295,0.54475998878479,0.061083272099494934,0.12751725316047668,1.0,1.0,1.0
fixed_uvd,test_seen,783,val:2008_003499:part_48,2008_003499,cat,nose,nose,0.41333332657814026,0.5849056839942932,0.0,0.0022298097610473633,1.0,1.0,1.0
fixed_uvd,test_seen,784,val:2008_003499:part_49,2008_003499,cat,paw,paw,0.2482837587594986,0.39780017733573914,0.11118508875370026,0.04738345742225647,1.0,1.0,1.0
fixed_uvd,test_seen,785,val:2008_003499:part_50,2008_003499,cat,ear,ear,0.5307892560958862,0.6934844255447388,0.19409659504890442,0.045083966106176376,1.0,1.0,1.0
fixed_uvd,test_seen,786,val:2008_003546:part_83,2008_003546,person,head,head,0.0,0.0,0.0,0.01843910850584507,1.0,1.0,1.0
fixed_uvd,test_seen,787,val:2008_003546:part_84,2008_003546,person,eye,eye,0.0,0.0,0.0,0.00042881647823378444,1.0,1.0,1.0
fixed_uvd,test_seen,788,val:2008_003546:part_85,2008_003546,person,torso,torso,0.20095238089561462,0.3346550464630127,0.02500000037252903,0.111635223031044,1.0,1.0,1.0
fixed_uvd,test_seen,789,val:2008_003546:part_86,2008_003546,person,neck,neck,0.0,0.0,0.0,0.00414522597566247,1.0,1.0,1.0
fixed_uvd,test_seen,790,val:2008_003546:part_87,2008_003546,person,leg,leg,0.5482295751571655,0.7082018852233887,0.1326315850019455,0.1588050276041031,1.0,1.0,1.0
fixed_uvd,test_seen,791,val:2008_003546:part_88,2008_003546,person,foot,foot,0.0,0.0,0.4375,0.009148084558546543,1.0,1.0,1.0
fixed_uvd,test_seen,792,val:2008_003546:part_89,2008_003546,person,nose,nose,0.0,0.0,0.0,0.0005717552849091589,1.0,1.0,1.0
fixed_uvd,test_seen,793,val:2008_003546:part_90,2008_003546,person,ear,ear,0.0,0.0,0.0,0.00028587764245457947,1.0,1.0,1.0
fixed_uvd,test_seen,794,val:2008_003546:part_91,2008_003546,person,eyebrow,eyebrow,0.0,0.0,0.0,0.00028587764245457947,1.0,1.0,1.0
fixed_uvd,test_seen,795,val:2008_003546:part_92,2008_003546,person,mouth,mouth,0.0,0.0,0.0,0.0015723269898444414,1.0,1.0,1.0
fixed_uvd,test_seen,796,val:2008_003546:part_93,2008_003546,person,hair,hair,0.0,0.0,0.4166666567325592,0.039594054222106934,1.0,1.0,1.0
fixed_uvd,test_seen,797,val:2008_003546:part_94,2008_003546,person,lower arm,lower arm,0.0,0.0,0.7115384340286255,0.007575757801532745,1.0,1.0,1.0
fixed_uvd,test_seen,798,val:2008_003546:part_95,2008_003546,person,upper arm,upper arm,0.028901733458042145,0.056179776787757874,0.774193525314331,0.01658090390264988,1.0,1.0,1.0
fixed_uvd,test_seen,799,val:2008_003546:part_96,2008_003546,person,hand,hand,0.0,0.0,0.7527675032615662,0.006718124728649855,1.0,1.0,1.0
fixed_uvd,test_seen,800,val:2008_003676:part_97,2008_003676,pottedplant,pot,pot,0.0,0.0,0.07500000298023224,0.023072252050042152,1.0,1.0,1.0
fixed_uvd,test_seen,801,val:2008_003676:part_98,2008_003676,pottedplant,plant,plant,0.3503434658050537,0.5188953280448914,0.4268537163734436,0.4590163826942444,1.0,1.0,1.0
fixed_uvd,test_seen,802,val:2008_003733:part_83,2008_003733,person,head,head,0.5714782476425171,0.7273129820823669,0.04254503548145294,0.10924802720546722,1.0,1.0,1.0
fixed_uvd,test_seen,803,val:2008_003733:part_84,2008_003733,person,eye,eye,0.027027027681469917,0.05263157933950424,0.0,0.0009728739969432354,1.0,1.0,1.0
fixed_uvd,test_seen,804,val:2008_003733:part_85,2008_003733,person,torso,torso,0.12633763253688812,0.2243334949016571,0.06541932374238968,0.1590362787246704,1.0,1.0,1.0
fixed_uvd,test_seen,805,val:2008_003733:part_86,2008_003733,person,neck,neck,0.008333333767950535,0.01652892492711544,0.0,0.006695662159472704,1.0,1.0,1.0
fixed_uvd,test_seen,806,val:2008_003733:part_89,2008_003733,person,nose,nose,0.2371794879436493,0.3834196925163269,0.0,0.0028041661716997623,1.0,1.0,1.0
fixed_uvd,test_seen,807,val:2008_003733:part_90,2008_003733,person,ear,ear,0.05045871436595917,0.09606987237930298,0.46305418014526367,0.001487924950197339,1.0,1.0,1.0
fixed_uvd,test_seen,808,val:2008_003733:part_91,2008_003733,person,eyebrow,eyebrow,0.0,0.0,0.0,0.0012017855187878013,1.0,1.0,1.0
fixed_uvd,test_seen,809,val:2008_003733:part_92,2008_003733,person,mouth,mouth,0.19672131538391113,0.3287671208381653,0.0,0.0012590134283527732,1.0,1.0,1.0
fixed_uvd,test_seen,810,val:2008_003733:part_93,2008_003733,person,hair,hair,0.049754299223423004,0.09479227662086487,0.14374224841594696,0.005436648614704609,1.0,1.0,1.0
fixed_uvd,test_seen,811,val:2008_003733:part_94,2008_003733,person,lower arm,lower arm,0.050051599740982056,0.09533169865608215,0.029999999329447746,0.05350806936621666,1.0,1.0,1.0
fixed_uvd,test_seen,812,val:2008_003733:part_95,2008_003733,person,upper arm,upper arm,0.009972801432013512,0.01974865421652794,0.07323943823575974,0.06936018913984299,1.0,1.0,1.0
fixed_uvd,test_seen,813,val:2008_003733:part_96,2008_003733,person,hand,hand,0.1459459513425827,0.25471699237823486,0.10049834102392197,0.016023807227611542,1.0,1.0,1.0
fixed_uvd,test_seen,814,val:2008_003777:part_22,2008_003777,bus,wheel,wheel,0.5514950156211853,0.7109207510948181,0.28933092951774597,0.01965031772851944,1.0,1.0,1.0
fixed_uvd,test_seen,815,val:2008_003777:part_25,2008_003777,bus,side,side,0.5567901134490967,0.7153053283691406,0.10068672150373459,0.5819794535636902,1.0,1.0,1.0
fixed_uvd,test_seen,816,val:2008_003777:part_28,2008_003777,bus,mirror,mirror,0.0,0.0,0.0,0.006601681467145681,1.0,1.0,1.0
fixed_uvd,test_seen,817,val:2008_003777:part_31,2008_003777,bus,window,window,0.6660856008529663,0.7995815277099609,0.12271483242511749,0.3176027536392212,1.0,1.0,1.0
fixed_uvd,test_seen,818,val:2008_003782:part_70,2008_003782,horse,tail,tail,0.13513512909412384,0.2380952388048172,0.056603774428367615,0.03379012644290924,1.0,1.0,1.0
fixed_uvd,test_seen,819,val:2008_003782:part_71,2008_003782,horse,head,head,0.4579256474971771,0.628187894821167,0.2661122679710388,0.0495588518679142,1.0,1.0,1.0
fixed_uvd,test_seen,820,val:2008_003782:part_72,2008_003782,horse,eye,eye,0.0,0.0,0.0,0.0007508916896767914,1.0,1.0,1.0
fixed_uvd,test_seen,821,val:2008_003782:part_73,2008_003782,horse,torso,torso,0.7019836902618408,0.8249005675315857,0.1081208661198616,0.573868989944458,1.0,1.0,1.0
fixed_uvd,test_seen,822,val:2008_003782:part_74,2008_003782,horse,neck,neck,0.5873303413391113,0.7400227785110474,0.18609023094177246,0.12952882051467896,1.0,1.0,1.0
fixed_uvd,test_seen,823,val:2008_003782:part_75,2008_003782,horse,leg,leg,0.41479289531707764,0.5863655209541321,0.48345229029655457,0.15956448018550873,1.0,1.0,1.0
fixed_uvd,test_seen,824,val:2008_003782:part_76,2008_003782,horse,ear,ear,0.03153153136372566,0.061135370284318924,0.8708133697509766,0.0037544583901762962,1.0,1.0,1.0
fixed_uvd,test_seen,825,val:2008_003782:part_77,2008_003782,horse,muzzle,muzzle,0.4695431590080261,0.6390328407287598,0.3023872673511505,0.037920031696558,1.0,1.0,1.0
fixed_uvd,test_seen,826,val:2008_003856:part_83,2008_003856,person,head,head,0.7613240480422974,0.8644906282424927,0.04606525972485542,0.10176531970500946,1.0,1.0,1.0
fixed_uvd,test_seen,827,val:2008_003856:part_84,2008_003856,person,eye,eye,0.0,0.0,0.0,0.002076843287795782,1.0,1.0,1.0
fixed_uvd,test_seen,828,val:2008_003856:part_85,2008_003856,person,torso,torso,0.8031864762306213,0.8908523917198181,0.0376012958586216,0.5580477714538574,1.0,1.0,1.0
fixed_uvd,test_seen,829,val:2008_003856:part_86,2008_003856,person,neck,neck,0.5280898809432983,0.6911764740943909,0.01315789483487606,0.024922117590904236,1.0,1.0,1.0
fixed_uvd,test_seen,830,val:2008_003856:part_89,2008_003856,person,nose,nose,0.3404255211353302,0.5079365372657776,0.07894736528396606,0.005192107986658812,1.0,1.0,1.0
fixed_uvd,test_seen,831,val:2008_003856:part_90,2008_003856,person,ear,ear,0.011904762126505375,0.0235294122248888,0.0,0.004984423518180847,1.0,1.0,1.0
fixed_uvd,test_seen,832,val:2008_003856:part_91,2008_003856,person,eyebrow,eyebrow,0.0,0.0,0.0,0.0006230529397726059,1.0,1.0,1.0
fixed_uvd,test_seen,833,val:2008_003856:part_92,2008_003856,person,mouth,mouth,0.0,0.0,0.0,0.001661474583670497,1.0,1.0,1.0
fixed_uvd,test_seen,834,val:2008_003856:part_94,2008_003856,person,lower arm,lower arm,0.2784222662448883,0.43557170033454895,0.45773524045944214,0.09865005314350128,1.0,1.0,1.0
fixed_uvd,test_seen,835,val:2008_003856:part_95,2008_003856,person,upper arm,upper arm,0.6672340631484985,0.8004083633422852,0.1467639058828354,0.179023876786232,1.0,1.0,1.0
fixed_uvd,test_seen,836,val:2008_003856:part_96,2008_003856,person,hand,hand,0.138364776968956,0.24309392273426056,0.8151260614395142,0.012876427732408047,1.0,1.0,1.0
fixed_uvd,test_seen,837,val:2008_003874:part_83,2008_003874,person,head,head,0.07275710999965668,0.1356450766324997,0.04106280207633972,0.025159213691949844,1.0,1.0,1.0
fixed_uvd,test_seen,838,val:2008_003874:part_84,2008_003874,person,eye,eye,0.0,0.0,0.0,0.001224718289449811,1.0,1.0,1.0
fixed_uvd,test_seen,839,val:2008_003874:part_85,2008_003874,person,torso,torso,0.40394601225852966,0.5754438042640686,0.006365490611642599,0.23805025219917297,1.0,1.0,1.0
fixed_uvd,test_seen,840,val:2008_003874:part_86,2008_003874,person,neck,neck,0.3484455943107605,0.5168107748031616,0.0,0.011862271465361118,1.0,1.0,1.0
fixed_uvd,test_seen,841,val:2008_003874:part_87,2008_003874,person,leg,leg,0.2655068039894104,0.4196054935455322,0.0015267175622284412,0.12978515028953552,1.0,1.0,1.0
fixed_uvd,test_seen,842,val:2008_003874:part_89,2008_003874,person,nose,nose,0.1796875,0.30463576316833496,0.0,0.002379452809691429,1.0,1.0,1.0
fixed_uvd,test_seen,843,val:2008_003874:part_90,2008_003874,person,ear,ear,0.0,0.0,0.0,0.0009097907459363341,1.0,1.0,1.0
fixed_uvd,test_seen,844,val:2008_003874:part_91,2008_003874,person,eyebrow,eyebrow,0.0,0.0,0.0,0.0007348309736698866,1.0,1.0,1.0
fixed_uvd,test_seen,845,val:2008_003874:part_92,2008_003874,person,mouth,mouth,0.012269938364624977,0.024242423474788666,0.0,0.0017146056052297354,1.0,1.0,1.0
fixed_uvd,test_seen,846,val:2008_003874:part_93,2008_003874,person,hair,hair,0.4320346415042877,0.6033857464790344,0.14699792861938477,0.024074463173747063,1.0,1.0,1.0
fixed_uvd,test_seen,847,val:2008_003874:part_94,2008_003874,person,lower arm,lower arm,0.23640167713165283,0.3824027180671692,0.15025094151496887,0.03320736065506935,1.0,1.0,1.0
fixed_uvd,test_seen,848,val:2008_003874:part_95,2008_003874,person,upper arm,upper arm,0.26923078298568726,0.42424243688583374,0.07871772348880768,0.05987123027443886,1.0,1.0,1.0
fixed_uvd,test_seen,849,val:2008_003874:part_96,2008_003874,person,hand,hand,0.16586826741695404,0.2845403254032135,0.05309181660413742,0.012107214890420437,1.0,1.0,1.0
fixed_uvd,test_seen,850,val:2008_003876:part_0,2008_003876,aeroplane,body,body,0.694231390953064,0.8195236921310425,0.15813788771629333,0.5989431738853455,1.0,1.0,1.0
fixed_uvd,test_seen,851,val:2008_003876:part_1,2008_003876,aeroplane,stern,stern,0.5014771223068237,0.6679783463478088,0.3316023647785187,0.18097753822803497,1.0,1.0,1.0
fixed_uvd,test_seen,852,val:2008_003876:part_2,2008_003876,aeroplane,wing,wing,0.16545718908309937,0.2839352488517761,0.2039187252521515,0.06023778021335602,1.0,1.0,1.0
fixed_uvd,test_seen,853,val:2008_003876:part_4,2008_003876,aeroplane,engine,engine,0.4296875,0.6010928750038147,0.025433525443077087,0.10990753024816513,1.0,1.0,1.0
fixed_uvd,test_seen,854,val:2008_003885:part_115,2008_003885,tvmonitor,screen,screen,0.7551389932632446,0.8604891300201416,0.00308872084133327,0.5828675031661987,1.0,1.0,1.0
fixed_uvd,test_seen,855,val:2008_003926:part_0,2008_003926,aeroplane,body,body,0.7274813652038574,0.8422451019287109,0.11849653720855713,0.6453601717948914,1.0,1.0,1.0
fixed_uvd,test_seen,856,val:2008_003926:part_1,2008_003926,aeroplane,stern,stern,0.642691433429718,0.7824859023094177,0.21854305267333984,0.18997403979301453,1.0,1.0,1.0
fixed_uvd,test_seen,857,val:2008_003926:part_2,2008_003926,aeroplane,wing,wing,0.09939759224653244,0.18082191050052643,0.22702035307884216,0.03309539332985878,1.0,1.0,1.0
fixed_uvd,test_seen,858,val:2008_003926:part_3,2008_003926,aeroplane,tail,tail,0.0,0.0,0.0,0.0003243593964725733,1.0,1.0,1.0
fixed_uvd,test_seen,859,val:2008_003926:part_4,2008_003926,aeroplane,engine,engine,0.6004619002342224,0.7503607273101807,0.0451977401971817,0.10999350994825363,1.0,1.0,1.0
fixed_uvd,test_seen,860,val:2008_003926:part_5,2008_003926,aeroplane,wheel,wheel,0.1311953365802765,0.2319587618112564,0.24125874042510986,0.01654769666492939,1.0,1.0,1.0
fixed_uvd,test_seen,861,val:2008_003976:part_0,2008_003976,aeroplane,body,body,0.7797260284423828,0.8762315511703491,0.14506769180297852,0.6386237740516663,1.0,1.0,1.0
fixed_uvd,test_seen,862,val:2008_003976:part_1,2008_003976,aeroplane,stern,stern,0.6032345294952393,0.7525218725204468,0.28594771027565,0.25260820984840393,1.0,1.0,1.0
fixed_uvd,test_seen,863,val:2008_003976:part_3,2008_003976,aeroplane,tail,tail,0.0,0.0,0.0,0.0004439511685632169,1.0,1.0,1.0
fixed_uvd,test_seen,864,val:2008_003976:part_4,2008_003976,aeroplane,engine,engine,0.15356265008449554,0.2662406861782074,0.09516837447881699,0.056825749576091766,1.0,1.0,1.0
fixed_uvd,test_seen,865,val:2008_003976:part_5,2008_003976,aeroplane,wheel,wheel,0.0,0.0,0.6211180090904236,0.0015538290608674288,1.0,1.0,1.0
fixed_uvd,test_seen,866,val:2008_004101:part_83,2008_004101,person,head,head,0.7127588391304016,0.8322932720184326,0.10771369189023972,0.08527249097824097,1.0,1.0,1.0
fixed_uvd,test_seen,867,val:2008_004101:part_84,2008_004101,person,eye,eye,0.0,0.0,0.0,0.001212764298543334,1.0,1.0,1.0
fixed_uvd,test_seen,868,val:2008_004101:part_85,2008_004101,person,torso,torso,0.7962815761566162,0.8865888118743896,0.037980929017066956,0.39581596851348877,1.0,1.0,1.0
fixed_uvd,test_seen,869,val:2008_004101:part_86,2008_004101,person,neck,neck,0.48813560605049133,0.6560364365577698,0.06666667014360428,0.01622072234749794,1.0,1.0,1.0
fixed_uvd,test_seen,870,val:2008_004101:part_89,2008_004101,person,nose,nose,0.6363636255264282,0.7777777910232544,0.0,0.0034866975620388985,1.0,1.0,1.0
fixed_uvd,test_seen,871,val:2008_004101:part_90,2008_004101,person,ear,ear,0.20942407846450806,0.34632036089897156,0.43455496430397034,0.003031910862773657,1.0,1.0,1.0
fixed_uvd,test_seen,872,val:2008_004101:part_91,2008_004101,person,eyebrow,eyebrow,0.0,0.0,0.0,0.0015159554313868284,1.0,1.0,1.0
fixed_uvd,test_seen,873,val:2008_004101:part_92,2008_004101,person,mouth,mouth,0.1666666716337204,0.2857142984867096,0.08620689809322357,0.0014401576481759548,1.0,1.0,1.0
fixed_uvd,test_seen,874,val:2008_004101:part_93,2008_004101,person,hair,hair,0.0736842080950737,0.13725490868091583,0.2222222238779068,0.0043204729445278645,1.0,1.0,1.0
fixed_uvd,test_seen,875,val:2008_004101:part_94,2008_004101,person,lower arm,lower arm,0.48242422938346863,0.6508585214614868,0.14199598133563995,0.07223527878522873,1.0,1.0,1.0
fixed_uvd,test_seen,876,val:2008_004101:part_95,2008_004101,person,upper arm,upper arm,0.4779323935508728,0.6467581391334534,0.18254603445529938,0.09239748120307922,1.0,1.0,1.0
fixed_uvd,test_seen,877,val:2008_004101:part_96,2008_004101,person,hand,hand,0.7093124389648438,0.8299388885498047,0.07182835787534714,0.06761161237955093,1.0,1.0,1.0
fixed_uvd,test_seen,878,val:2008_004140:part_83,2008_004140,person,head,head,0.5191594362258911,0.6834825277328491,0.028064992278814316,0.03774617239832878,1.0,1.0,1.0
fixed_uvd,test_seen,879,val:2008_004140:part_84,2008_004140,person,eye,eye,0.0,0.0,0.0,0.00041028446867130697,1.0,1.0,1.0
fixed_uvd,test_seen,880,val:2008_004140:part_85,2008_004140,person,torso,torso,0.45900866389274597,0.6292062401771545,0.07699574530124664,0.19974015653133392,1.0,1.0,1.0
fixed_uvd,test_seen,881,val:2008_004140:part_87,2008_004140,person,leg,leg,0.8376068472862244,0.9116278886795044,0.10968271642923355,0.22045952081680298,1.0,1.0,1.0
fixed_uvd,test_seen,882,val:2008_004140:part_89,2008_004140,person,nose,nose,0.0,0.0,0.0,0.0014359955675899982,1.0,1.0,1.0
fixed_uvd,test_seen,883,val:2008_004140:part_90,2008_004140,person,ear,ear,0.3466666638851166,0.5148515105247498,0.0,0.00321389501914382,1.0,1.0,1.0
fixed_uvd,test_seen,884,val:2008_004140:part_91,2008_004140,person,eyebrow,eyebrow,0.0,0.0,0.0,0.0008205689373426139,1.0,1.0,1.0
fixed_uvd,test_seen,885,val:2008_004140:part_92,2008_004140,person,mouth,mouth,0.0,0.0,0.6666666865348816,0.00041028446867130697,1.0,1.0,1.0
fixed_uvd,test_seen,886,val:2008_004140:part_93,2008_004140,person,hair,hair,0.75650554895401,0.8613756895065308,0.04708520323038101,0.03412199020385742,1.0,1.0,1.0
fixed_uvd,test_seen,887,val:2008_004140:part_94,2008_004140,person,lower arm,lower arm,0.6203703880310059,0.7657142877578735,0.03546099364757538,0.04752461612224579,1.0,1.0,1.0
fixed_uvd,test_seen,888,val:2008_004140:part_95,2008_004140,person,upper arm,upper arm,0.6854733824729919,0.813389778137207,0.03070891834795475,0.14612965285778046,1.0,1.0,1.0
fixed_uvd,test_seen,889,val:2008_004140:part_96,2008_004140,person,hand,hand,0.2640586793422699,0.41779497265815735,0.2819383144378662,0.01983041502535343,1.0,1.0,1.0
fixed_uvd,test_seen,890,val:2008_004175:part_70,2008_004175,horse,tail,tail,0.28776979446411133,0.44692736864089966,0.6962962746620178,0.059863947331905365,1.0,1.0,1.0
fixed_uvd,test_seen,891,val:2008_004175:part_71,2008_004175,horse,head,head,0.14785991609096527,0.25762712955474854,0.4124513566493988,0.05170068144798279,1.0,1.0,1.0
fixed_uvd,test_seen,892,val:2008_004175:part_72,2008_004175,horse,eye,eye,0.0,0.0,0.0,0.004081632476300001,1.0,1.0,1.0
fixed_uvd,test_seen,893,val:2008_004175:part_73,2008_004175,horse,torso,torso,0.4078212380409241,0.579365074634552,0.05167173221707344,0.5809524059295654,1.0,1.0,1.0
fixed_uvd,test_seen,894,val:2008_004175:part_74,2008_004175,horse,neck,neck,0.5746606588363647,0.7298850417137146,0.1822429895401001,0.18231292068958282,1.0,1.0,1.0
fixed_uvd,test_seen,895,val:2008_004175:part_75,2008_004175,horse,leg,leg,0.0,0.0,1.0,0.08027210831642151,1.0,1.0,1.0
fixed_uvd,test_seen,896,val:2008_004175:part_76,2008_004175,horse,ear,ear,0.0,0.0,0.0,0.004081632476300001,1.0,1.0,1.0
fixed_uvd,test_seen,897,val:2008_004175:part_77,2008_004175,horse,muzzle,muzzle,0.18110236525535583,0.30666667222976685,0.36220473051071167,0.031292516738176346,1.0,1.0,1.0
fixed_uvd,test_seen,898,val:2008_004212:part_109,2008_004212,train,head,head,0.01689189113676548,0.033222589641809464,0.07673267275094986,0.05027933046221733,1.0,1.0,1.0
fixed_uvd,test_seen,899,val:2008_004212:part_110,2008_004212,train,front,front,0.7323585748672485,0.8455045819282532,0.02486402541399002,0.3651599884033203,1.0,1.0,1.0
fixed_uvd,test_seen,900,val:2008_004212:part_111,2008_004212,train,side,side,0.6687637567520142,0.8015080094337463,0.07129216939210892,0.549263596534729,1.0,1.0,1.0
fixed_uvd,test_seen,901,val:2008_004212:part_114,2008_004212,train,coach,coach,0.011323196813464165,0.02239283360540867,0.04797406867146492,0.010411376133561134,1.0,1.0,1.0
fixed_uvd,test_seen,902,val:2008_004279:part_115,2008_004279,tvmonitor,screen,screen,0.7455456852912903,0.8542264699935913,0.017145246267318726,0.6554293632507324,1.0,1.0,1.0
fixed_uvd,test_seen,903,val:2008_004363:part_6,2008_004363,bicycle,wheel,wheel,0.2978571355342865,0.45899835228919983,0.6651126742362976,0.557601273059845,1.0,1.0,1.0
fixed_uvd,test_seen,904,val:2008_004363:part_7,2008_004363,bicycle,saddle,saddle,0.3529411852359772,0.52173912525177,0.561904788017273,0.0294581800699234,1.0,1.0,1.0
fixed_uvd,test_seen,905,val:2008_004363:part_8,2008_004363,bicycle,handlebar,handlebar,0.0,0.0,0.9514066576957703,0.031562335789203644,1.0,1.0,1.0
fixed_uvd,test_seen,906,val:2008_004363:part_9,2008_004363,bicycle,chainwheel,chainwheel,0.19780220091342926,0.3302752375602722,0.6412213444709778,0.0341925285756588,1.0,1.0,1.0
fixed_uvd,test_seen,907,val:2008_004367:part_109,2008_004367,train,head,head,0.05358385667204857,0.10171730816364288,0.2293986678123474,0.010703070089221,1.0,1.0,1.0
fixed_uvd,test_seen,908,val:2008_004367:part_110,2008_004367,train,front,front,0.8382427096366882,0.9120044112205505,0.04483925551176071,0.32115617394447327,1.0,1.0,1.0
fixed_uvd,test_seen,909,val:2008_004367:part_111,2008_004367,train,side,side,0.43275678157806396,0.6040896773338318,0.058927781879901886,0.31731078028678894,1.0,1.0,1.0
fixed_uvd,test_seen,910,val:2008_004367:part_114,2008_004367,train,coach,coach,0.0193959791213274,0.03805386647582054,0.06392694264650345,0.021854771301150322,1.0,1.0,1.0
fixed_uvd,test_seen,911,val:2008_004396:part_71,2008_004396,horse,head,head,0.6646341681480408,0.7985348105430603,0.09132814407348633,0.24406780302524567,1.0,1.0,1.0
fixed_uvd,test_seen,912,val:2008_004396:part_72,2008_004396,horse,eye,eye,0.34574466943740845,0.5138339996337891,0.15340909361839294,0.006692742463201284,1.0,1.0,1.0
fixed_uvd,test_seen,913,val:2008_004396:part_73,2008_004396,horse,torso,torso,0.6253577470779419,0.7695016860961914,0.21723519265651703,0.20312906801700592,1.0,1.0,1.0
fixed_uvd,test_seen,914,val:2008_004396:part_76,2008_004396,horse,ear,ear,0.6351063847541809,0.7768380045890808,0.27128952741622925,0.06214689090847969,1.0,1.0,1.0
fixed_uvd,test_seen,915,val:2008_004396:part_77,2008_004396,horse,muzzle,muzzle,0.8355499505996704,0.9104083180427551,0.02571532130241394,0.40773576498031616,1.0,1.0,1.0
fixed_uvd,test_seen,916,val:2008_004399:part_83,2008_004399,person,head,head,0.5714285969734192,0.7272727489471436,0.1827957034111023,0.20900900661945343,1.0,1.0,1.0
fixed_uvd,test_seen,917,val:2008_004399:part_84,2008_004399,person,eye,eye,0.0,0.0,0.0,0.007207207381725311,1.0,1.0,1.0
fixed_uvd,test_seen,918,val:2008_004399:part_85,2008_004399,person,torso,torso,0.6158192157745361,0.7622377872467041,0.056338027119636536,0.2594594657421112,1.0,1.0,1.0
fixed_uvd,test_seen,919,val:2008_004399:part_87,2008_004399,person,leg,leg,0.07747489213943481,0.1438082605600357,0.5767511129379272,0.14414414763450623,1.0,1.0,1.0
fixed_uvd,test_seen,920,val:2008_004399:part_88,2008_004399,person,foot,foot,0.04545454680919647,0.08695652335882187,0.0,0.03963964059948921,1.0,1.0,1.0
fixed_uvd,test_seen,921,val:2008_004399:part_89,2008_004399,person,nose,nose,0.0,0.0,0.0,0.007207207381725311,1.0,1.0,1.0
fixed_uvd,test_seen,922,val:2008_004399:part_94,2008_004399,person,lower arm,lower arm,0.0531177818775177,0.10087719559669495,0.6117647290229797,0.05585585534572601,1.0,1.0,1.0
fixed_uvd,test_seen,923,val:2008_004399:part_95,2008_004399,person,upper arm,upper arm,0.12844036519527435,0.22764228284358978,0.16339869797229767,0.16756756603717804,1.0,1.0,1.0
fixed_uvd,test_seen,924,val:2008_004399:part_96,2008_004399,person,hand,hand,0.0,0.0,0.0,0.007207207381725311,1.0,1.0,1.0
fixed_uvd,test_seen,925,val:2008_004477:part_97,2008_004477,pottedplant,pot,pot,0.0,0.0,1.0,0.06299212574958801,1.0,1.0,1.0
fixed_uvd,test_seen,926,val:2008_004477:part_98,2008_004477,pottedplant,plant,plant,0.22235722839832306,0.36381709575653076,0.5111111402511597,0.9315944910049438,1.0,1.0,1.0
fixed_uvd,test_seen,927,val:2008_004575:part_83,2008_004575,person,head,head,0.0,0.0,0.0,0.04368932172656059,1.0,1.0,1.0
fixed_uvd,test_seen,928,val:2008_004575:part_84,2008_004575,person,eye,eye,0.0,0.0,0.0,0.0007925500394776464,1.0,1.0,1.0
fixed_uvd,test_seen,929,val:2008_004575:part_85,2008_004575,person,torso,torso,0.0,0.0,0.13351748883724213,0.26827818155288696,1.0,1.0,1.0
fixed_uvd,test_seen,930,val:2008_004575:part_86,2008_004575,person,neck,neck,0.0,0.0,0.0,0.012878937646746635,1.0,1.0,1.0
fixed_uvd,test_seen,931,val:2008_004575:part_87,2008_004575,person,leg,leg,0.4063701331615448,0.5778992772102356,0.1926480531692505,0.10818307846784592,1.0,1.0,1.0
fixed_uvd,test_seen,932,val:2008_004575:part_89,2008_004575,person,nose,nose,0.0,0.0,0.0,0.0026748564559966326,1.0,1.0,1.0
fixed_uvd,test_seen,933,val:2008_004575:part_90,2008_004575,person,ear,ear,0.0,0.0,0.0,0.0025757874827831984,1.0,1.0,1.0
fixed_uvd,test_seen,934,val:2008_004575:part_91,2008_004575,person,eyebrow,eyebrow,0.0,0.0,0.0,0.0009906875202432275,1.0,1.0,1.0
fixed_uvd,test_seen,935,val:2008_004575:part_92,2008_004575,person,mouth,mouth,0.0,0.0,0.0,0.0020804437808692455,1.0,1.0,1.0
fixed_uvd,test_seen,936,val:2008_004575:part_93,2008_004575,person,hair,hair,0.0,0.0,0.0,0.016940757632255554,1.0,1.0,1.0
fixed_uvd,test_seen,937,val:2008_004575:part_94,2008_004575,person,lower arm,lower arm,0.0,0.0,0.03837471827864647,0.013473350554704666,1.0,1.0,1.0
fixed_uvd,test_seen,938,val:2008_004575:part_95,2008_004575,person,upper arm,upper arm,0.011871508322656155,0.02346445806324482,0.030656933784484863,0.07568852603435516,1.0,1.0,1.0
fixed_uvd,test_seen,939,val:2008_004575:part_96,2008_004575,person,hand,hand,0.35521236062049866,0.5242165327072144,0.1286127120256424,0.03576381877064705,1.0,1.0,1.0
fixed_uvd,test_seen,940,val:2008_004610:part_109,2008_004610,train,head,head,0.04361370578408241,0.0835820883512497,0.38051044940948486,0.012852777726948261,1.0,1.0,1.0
fixed_uvd,test_seen,941,val:2008_004610:part_110,2008_004610,train,front,front,0.7997918128967285,0.8887603878974915,0.09369932860136032,0.6225957274436951,1.0,1.0,1.0
fixed_uvd,test_seen,942,val:2008_004610:part_111,2008_004610,train,side,side,0.8027883768081665,0.890607476234436,0.05752111226320267,0.3268020749092102,1.0,1.0,1.0
fixed_uvd,test_seen,943,val:2008_004624:part_70,2008_004624,horse,tail,tail,0.12809917330741882,0.2271062284708023,0.65727698802948,0.01678321696817875,1.0,1.0,1.0
fixed_uvd,test_seen,944,val:2008_004624:part_71,2008_004624,horse,head,head,0.34317344427108765,0.5109890103340149,0.40707963705062866,0.03860139846801758,1.0,1.0,1.0
fixed_uvd,test_seen,945,val:2008_004624:part_72,2008_004624,horse,eye,eye,0.0,0.0,0.0,0.0005591277731582522,1.0,1.0,1.0
fixed_uvd,test_seen,946,val:2008_004624:part_73,2008_004624,horse,torso,torso,0.7702037692070007,0.8701865673065186,0.15286171436309814,0.6223776340484619,1.0,1.0,1.0
fixed_uvd,test_seen,947,val:2008_004624:part_74,2008_004624,horse,neck,neck,0.48757171630859375,0.6555269956588745,0.30724069476127625,0.07468531280755997,1.0,1.0,1.0
fixed_uvd,test_seen,948,val:2008_004624:part_75,2008_004624,horse,leg,leg,0.36848634481430054,0.5385313034057617,0.45009416341781616,0.17146852612495422,1.0,1.0,1.0
fixed_uvd,test_seen,949,val:2008_004624:part_76,2008_004624,horse,ear,ear,0.0,0.0,1.0,0.002797202905640006,1.0,1.0,1.0
fixed_uvd,test_seen,950,val:2008_004624:part_77,2008_004624,horse,muzzle,muzzle,0.07929515093564987,0.1469387710094452,0.46706587076187134,0.02181818149983883,1.0,1.0,1.0
fixed_uvd,test_seen,951,val:2008_004624:part_78,2008_004624,horse,hoof,hoof,0.08013937622308731,0.1483870893716812,0.7149122953414917,0.02293706312775612,1.0,1.0,1.0
fixed_uvd,test_seen,952,val:2008_004654:part_83,2008_004654,person,head,head,0.26595744490623474,0.42016807198524475,0.0059523810632526875,0.06274900585412979,1.0,1.0,1.0
fixed_uvd,test_seen,953,val:2008_004654:part_84,2008_004654,person,eye,eye,0.0,0.0,0.0,0.0009960159659385681,1.0,1.0,1.0
fixed_uvd,test_seen,954,val:2008_004654:part_85,2008_004654,person,torso,torso,0.5,0.6666666865348816,0.11675512045621872,0.24037185311317444,1.0,1.0,1.0
fixed_uvd,test_seen,955,val:2008_004654:part_86,2008_004654,person,neck,neck,0.25172412395477295,0.40220385789871216,0.0,0.03519256412982941,1.0,1.0,1.0
fixed_uvd,test_seen,956,val:2008_004654:part_87,2008_004654,person,leg,leg,0.25121477246284485,0.4015533924102783,0.5709946751594543,0.41766268014907837,1.0,1.0,1.0
fixed_uvd,test_seen,957,val:2008_004654:part_88,2008_004654,person,foot,foot,0.22282609343528748,0.36444443464279175,0.1649484485387802,0.042496681213378906,1.0,1.0,1.0
fixed_uvd,test_seen,958,val:2008_004654:part_89,2008_004654,person,nose,nose,0.0,0.0,0.0,0.0016600266098976135,1.0,1.0,1.0
fixed_uvd,test_seen,959,val:2008_004654:part_90,2008_004654,person,ear,ear,0.03999999910593033,0.07692307978868484,0.0,0.0006640106439590454,1.0,1.0,1.0
fixed_uvd,test_seen,960,val:2008_004654:part_91,2008_004654,person,eyebrow,eyebrow,0.0,0.0,0.0,0.0026560425758361816,1.0,1.0,1.0
fixed_uvd,test_seen,961,val:2008_004654:part_92,2008_004654,person,mouth,mouth,0.0,0.0,0.0,0.0019920319318771362,1.0,1.0,1.0
fixed_uvd,test_seen,962,val:2008_004654:part_93,2008_004654,person,hair,hair,0.1975683867931366,0.3299492299556732,0.13840830326080322,0.034860558807849884,1.0,1.0,1.0
fixed_uvd,test_seen,963,val:2008_004654:part_94,2008_004654,person,lower arm,lower arm,0.21033868193626404,0.34756994247436523,0.6089385747909546,0.047144755721092224,1.0,1.0,1.0
fixed_uvd,test_seen,964,val:2008_004654:part_95,2008_004654,person,upper arm,upper arm,0.29289939999580383,0.45308923721313477,0.49915966391563416,0.09262948483228683,1.0,1.0,1.0
fixed_uvd,test_seen,965,val:2008_004654:part_96,2008_004654,person,hand,hand,0.07339449226856232,0.1367521435022354,0.8317757248878479,0.013280212879180908,1.0,1.0,1.0
fixed_uvd,test_seen,966,val:2008_004659:part_20,2008_004659,bottle,body,body,0.8816576600074768,0.9371073842048645,0.05005656182765961,0.8871365189552307,1.0,1.0,1.0
fixed_uvd,test_seen,967,val:2008_004659:part_21,2008_004659,bottle,cap,cap,0.7945361137390137,0.8855058550834656,0.0839201882481575,0.10202070325613022,1.0,1.0,1.0
fixed_uvd,test_seen,968,val:2008_004687:part_70,2008_004687,horse,tail,tail,0.3068932890892029,0.4696531891822815,0.3603133261203766,0.15858352184295654,1.0,1.0,1.0
fixed_uvd,test_seen,969,val:2008_004687:part_71,2008_004687,horse,head,head,0.3343283534049988,0.501118540763855,0.5909090638160706,0.03566846251487732,1.0,1.0,1.0
fixed_uvd,test_seen,970,val:2008_004687:part_72,2008_004687,horse,eye,eye,0.0,0.0,0.0,0.0023094688076525927,1.0,1.0,1.0
fixed_uvd,test_seen,971,val:2008_004687:part_73,2008_004687,horse,torso,torso,0.4418930411338806,0.6129345297813416,0.2202524095773697,0.4672825336456299,1.0,1.0,1.0
fixed_uvd,test_seen,972,val:2008_004687:part_74,2008_004687,horse,neck,neck,0.40464743971824646,0.5761551856994629,0.27397260069847107,0.16884782910346985,1.0,1.0,1.0
fixed_uvd,test_seen,973,val:2008_004687:part_75,2008_004687,horse,leg,leg,0.2371615320444107,0.3833962380886078,0.42900609970092773,0.08698999136686325,1.0,1.0,1.0
fixed_uvd,test_seen,974,val:2008_004687:part_77,2008_004687,horse,muzzle,muzzle,0.3463034927845001,0.5144508481025696,0.6196581125259399,0.028740055859088898,1.0,1.0,1.0
fixed_uvd,test_seen,975,val:2008_004687:part_78,2008_004687,horse,hoof,hoof,0.1315789520740509,0.23255814611911774,0.6631578803062439,0.006415191106498241,1.0,1.0,1.0
fixed_uvd,test_seen,976,val:2008_004701:part_52,2008_004701,cow,head,head,0.6693167686462402,0.8019050359725952,0.0539337620139122,0.27347323298454285,1.0,1.0,1.0
fixed_uvd,test_seen,977,val:2008_004701:part_53,2008_004701,cow,eye,eye,0.3529411852359772,0.52173912525177,0.005347593687474728,0.003112473525106907,1.0,1.0,1.0
fixed_uvd,test_seen,978,val:2008_004701:part_54,2008_004701,cow,torso,torso,0.820859968662262,0.9016178846359253,0.03623781353235245,0.5204904675483704,1.0,1.0,1.0
fixed_uvd,test_seen,979,val:2008_004701:part_58,2008_004701,cow,muzzle,muzzle,0.6653685569763184,0.7990646362304688,0.135645791888237,0.11511436104774475,1.0,1.0,1.0
fixed_uvd,test_seen,980,val:2008_004701:part_59,2008_004701,cow,horn,horn,0.4788811206817627,0.6476262807846069,0.3781268298625946,0.08719641715288162,1.0,1.0,1.0
fixed_uvd,test_seen,981,val:2008_004704:part_0,2008_004704,aeroplane,body,body,0.7227777242660522,0.8390840888023376,0.15102511644363403,0.5245962738990784,1.0,1.0,1.0
fixed_uvd,test_seen,982,val:2008_004704:part_1,2008_004704,aeroplane,stern,stern,0.08679245412349701,0.1597222238779068,0.48498499393463135,0.028401708230376244,1.0,1.0,1.0
fixed_uvd,test_seen,983,val:2008_004704:part_2,2008_004704,aeroplane,wing,wing,0.3147846460342407,0.47883832454681396,0.31510165333747864,0.1406162977218628,1.0,1.0,1.0
fixed_uvd,test_seen,984,val:2008_004704:part_4,2008_004704,aeroplane,engine,engine,0.6712643504142761,0.803301215171814,0.23322775959968567,0.21746797859668732,1.0,1.0,1.0
fixed_uvd,test_seen,985,val:2008_004704:part_5,2008_004704,aeroplane,wheel,wheel,0.42065009474754333,0.5921937823295593,0.42307692766189575,0.051048822700977325,1.0,1.0,1.0
fixed_uvd,test_seen,986,val:2008_004705:part_71,2008_004705,horse,head,head,0.4369890093803406,0.6082009077072144,0.10882435739040375,0.15465974807739258,1.0,1.0,1.0
fixed_uvd,test_seen,987,val:2008_004705:part_72,2008_004705,horse,eye,eye,0.125827819108963,0.2235294133424759,0.0258620698004961,0.005388146266341209,1.0,1.0,1.0
fixed_uvd,test_seen,988,val:2008_004705:part_73,2008_004705,horse,torso,torso,0.6491848230361938,0.7872796654701233,0.24214747548103333,0.38984236121177673,1.0,1.0,1.0
fixed_uvd,test_seen,989,val:2008_004705:part_76,2008_004705,horse,ear,ear,0.5250255465507507,0.6885465383529663,0.44069528579711914,0.05138694867491722,1.0,1.0,1.0
fixed_uvd,test_seen,990,val:2008_004705:part_77,2008_004705,horse,muzzle,muzzle,0.7914071083068848,0.8835591673851013,0.06009615212678909,0.3754739463329315,1.0,1.0,1.0
fixed_uvd,test_seen,991,val:2008_004754:part_115,2008_004754,tvmonitor,screen,screen,0.8356598019599915,0.9104734659194946,0.0,0.5940051078796387,1.0,1.0,1.0
fixed_uvd,test_seen,992,val:2008_004758:part_6,2008_004758,bicycle,wheel,wheel,0.23503078520298004,0.38060715794563293,0.6910187602043152,0.5495772361755371,1.0,1.0,1.0
fixed_uvd,test_seen,993,val:2008_004758:part_7,2008_004758,bicycle,saddle,saddle,0.48159509897232056,0.6501035094261169,0.36437246203422546,0.060466308146715164,1.0,1.0,1.0
fixed_uvd,test_seen,994,val:2008_004758:part_8,2008_004758,bicycle,handlebar,handlebar,0.11386861652135849,0.20445609092712402,0.6263982057571411,0.08096335828304291,1.0,1.0,1.0
fixed_uvd,test_seen,995,val:2008_004758:part_9,2008_004758,bicycle,chainwheel,chainwheel,0.0,0.0,0.7727272510528564,0.06661542505025864,1.0,1.0,1.0
fixed_uvd,test_seen,996,val:2008_004910:part_115,2008_004910,tvmonitor,screen,screen,0.8133764863014221,0.8970850706100464,0.0,0.4633720815181732,1.0,1.0,1.0
fixed_uvd,test_seen,997,val:2008_004995:part_6,2008_004995,bicycle,wheel,wheel,0.3265460133552551,0.49232518672943115,0.44481605291366577,0.5515035390853882,1.0,1.0,1.0
fixed_uvd,test_seen,998,val:2008_004995:part_7,2008_004995,bicycle,saddle,saddle,0.3012552261352539,0.46302250027656555,0.6580086350440979,0.05118362233042717,1.0,1.0,1.0
fixed_uvd,test_seen,999,val:2008_004995:part_8,2008_004995,bicycle,handlebar,handlebar,0.20170454680919647,0.3356974124908447,0.7791411280632019,0.06206014007329941,1.0,1.0,1.0
fixed_uvd,test_seen,1000,val:2008_004995:part_9,2008_004995,bicycle,chainwheel,chainwheel,0.44999998807907104,0.6206896305084229,0.20257234573364258,0.09788867831230164,1.0,1.0,1.0
fixed_uvd,test_seen,1001,val:2008_005089:part_20,2008_005089,bottle,body,body,0.24264705181121826,0.39053255319595337,0.4761904776096344,0.4335378408432007,1.0,1.0,1.0
fixed_uvd,test_seen,1002,val:2008_005089:part_21,2008_005089,bottle,cap,cap,0.0,0.0,0.0,0.0061349691823124886,1.0,1.0,1.0
fixed_uvd,test_seen,1003,val:2008_005097:part_52,2008_005097,cow,head,head,0.2356896549463272,0.38147062063217163,0.014589558355510235,0.055900152772665024,1.0,1.0,1.0
fixed_uvd,test_seen,1004,val:2008_005097:part_53,2008_005097,cow,eye,eye,0.009756097570061684,0.019323671236634254,0.0,0.0016641452675685287,1.0,1.0,1.0
fixed_uvd,test_seen,1005,val:2008_005097:part_54,2008_005097,cow,torso,torso,0.2456403374671936,0.39440008997917175,0.037977803498506546,0.13695159554481506,1.0,1.0,1.0
fixed_uvd,test_seen,1006,val:2008_005097:part_57,2008_005097,cow,ear,ear,0.2601598799228668,0.41289982199668884,0.05536568537354469,0.03241300955414772,1.0,1.0,1.0
fixed_uvd,test_seen,1007,val:2008_005097:part_58,2008_005097,cow,muzzle,muzzle,0.29672494530677795,0.45765286684036255,0.0015588464448228478,0.05359303951263428,1.0,1.0,1.0
fixed_uvd,test_seen,1008,val:2008_005105:part_51,2008_005105,cow,tail,tail,0.18853363394737244,0.3172541856765747,0.0655270665884018,0.04264972731471062,1.0,1.0,1.0
fixed_uvd,test_seen,1009,val:2008_005105:part_52,2008_005105,cow,head,head,0.44117647409439087,0.6122449040412903,0.0,0.034709617495536804,1.0,1.0,1.0
fixed_uvd,test_seen,1010,val:2008_005105:part_53,2008_005105,cow,eye,eye,0.0,0.0,0.0,0.0012477313866838813,1.0,1.0,1.0
fixed_uvd,test_seen,1011,val:2008_005105:part_54,2008_005105,cow,torso,torso,0.8684290647506714,0.9295820593833923,0.0529707632958889,0.6733212471008301,1.0,1.0,1.0
fixed_uvd,test_seen,1012,val:2008_005105:part_56,2008_005105,cow,leg,leg,0.4248655438423157,0.5963587760925293,0.38139986991882324,0.16084392368793488,1.0,1.0,1.0
fixed_uvd,test_seen,1013,val:2008_005105:part_57,2008_005105,cow,ear,ear,0.2649402320384979,0.4188976287841797,0.37288135290145874,0.025181489065289497,1.0,1.0,1.0
fixed_uvd,test_seen,1014,val:2008_005105:part_58,2008_005105,cow,muzzle,muzzle,0.6719576716423035,0.8037974834442139,0.01983002759516239,0.031647004187107086,1.0,1.0,1.0
fixed_uvd,test_seen,1015,val:2008_005105:part_59,2008_005105,cow,horn,horn,0.09836065769195557,0.17910447716712952,0.3786982297897339,0.01485934667289257,1.0,1.0,1.0
fixed_uvd,test_seen,1016,val:2008_005217:part_97,2008_005217,pottedplant,pot,pot,0.5984663367271423,0.7488006949424744,0.1588752269744873,0.22283373773097992,1.0,1.0,1.0
fixed_uvd,test_seen,1017,val:2008_005217:part_98,2008_005217,pottedplant,plant,plant,0.3631395399570465,0.5327987670898438,0.40383240580558777,0.6054012775421143,1.0,1.0,1.0
fixed_uvd,test_seen,1018,val:2008_005242:part_97,2008_005242,pottedplant,pot,pot,0.5596474409103394,0.7176589369773865,0.1536952257156372,0.21070754528045654,1.0,1.0,1.0
fixed_uvd,test_seen,1019,val:2008_005242:part_98,2008_005242,pottedplant,plant,plant,0.6567919254302979,0.7928478121757507,0.10152284055948257,0.6091302633285522,1.0,1.0,1.0
fixed_uvd,test_seen,1020,val:2008_005245:part_83,2008_005245,person,head,head,0.6158357858657837,0.7622504830360413,0.25,0.08833196014165878,1.0,1.0,1.0
fixed_uvd,test_seen,1021,val:2008_005245:part_85,2008_005245,person,torso,torso,0.4057771563529968,0.5772994160652161,0.10921501368284225,0.1791290044784546,1.0,1.0,1.0
fixed_uvd,test_seen,1022,val:2008_005245:part_87,2008_005245,person,leg,leg,0.5260545611381531,0.6894308924674988,0.24582967162132263,0.290057510137558,1.0,1.0,1.0
fixed_uvd,test_seen,1023,val:2008_005245:part_88,2008_005245,person,foot,foot,0.2658959627151489,0.42009133100509644,0.6690140962600708,0.03163516893982887,1.0,1.0,1.0
fixed_uvd,test_seen,1024,val:2008_005245:part_94,2008_005245,person,lower arm,lower arm,0.20054945349693298,0.33409610390663147,0.260869562625885,0.047247327864170074,1.0,1.0,1.0
fixed_uvd,test_seen,1025,val:2008_005245:part_95,2008_005245,person,upper arm,upper arm,0.3838120102882385,0.5547170042991638,0.14079421758651733,0.10394412279129028,1.0,1.0,1.0
fixed_uvd,test_seen,1026,val:2008_005245:part_96,2008_005245,person,hand,hand,0.0,0.0,0.0,0.01848808489739895,1.0,1.0,1.0
fixed_uvd,test_seen,1027,val:2008_005254:part_115,2008_005254,tvmonitor,screen,screen,0.8200802206993103,0.9011473655700684,0.0,0.5196326971054077,1.0,1.0,1.0
fixed_uvd,test_seen,1028,val:2008_005338:part_83,2008_005338,person,head,head,0.027272727340459824,0.05309734493494034,0.9680851101875305,0.05588235333561897,1.0,1.0,1.0
fixed_uvd,test_seen,1029,val:2008_005338:part_84,2008_005338,person,eye,eye,0.0,0.0,0.0,0.0029411765281111,1.0,1.0,1.0
fixed_uvd,test_seen,1030,val:2008_005338:part_85,2008_005338,person,torso,torso,0.2974238991737366,0.4584837555885315,0.45390069484710693,0.385294109582901,1.0,1.0,1.0
fixed_uvd,test_seen,1031,val:2008_005338:part_87,2008_005338,person,leg,leg,0.10245901346206665,0.1858736127614975,0.7969924807548523,0.4000000059604645,1.0,1.0,1.0
fixed_uvd,test_seen,1032,val:2008_005338:part_88,2008_005338,person,foot,foot,0.0,0.0,0.0,0.026470588520169258,1.0,1.0,1.0
fixed_uvd,test_seen,1033,val:2008_005338:part_89,2008_005338,person,nose,nose,0.0,0.0,0.0,0.0029411765281111,1.0,1.0,1.0
fixed_uvd,test_seen,1034,val:2008_005338:part_91,2008_005338,person,eyebrow,eyebrow,0.0,0.0,0.0,0.0029411765281111,1.0,1.0,1.0
fixed_uvd,test_seen,1035,val:2008_005338:part_92,2008_005338,person,mouth,mouth,0.0,0.0,1.0,0.0058823530562222,1.0,1.0,1.0
fixed_uvd,test_seen,1036,val:2008_005338:part_94,2008_005338,person,lower arm,lower arm,0.0,0.0,0.6133333444595337,0.01764705963432789,1.0,1.0,1.0
fixed_uvd,test_seen,1037,val:2008_005338:part_95,2008_005338,person,upper arm,upper arm,0.056872036308050156,0.10762331634759903,0.5961538553237915,0.0882352963089943,1.0,1.0,1.0
fixed_uvd,test_seen,1038,val:2008_005399:part_20,2008_005399,bottle,body,body,0.10367892682552338,0.1878787875175476,0.3954581022262573,0.19781264662742615,1.0,1.0,1.0
fixed_uvd,test_seen,1039,val:2008_005399:part_21,2008_005399,bottle,cap,cap,0.0,0.0,0.7382199168205261,0.0033285783138126135,1.0,1.0,1.0
fixed_uvd,test_seen,1040,val:2008_005439:part_115,2008_005439,tvmonitor,screen,screen,0.7865700125694275,0.8805364370346069,0.0,0.1750725507736206,1.0,1.0,1.0
fixed_uvd,test_seen,1041,val:2008_005445:part_83,2008_005445,person,head,head,0.26377952098846436,0.41744548082351685,0.10050251334905624,0.01946394331753254,1.0,1.0,1.0
fixed_uvd,test_seen,1042,val:2008_005445:part_84,2008_005445,person,eye,eye,0.0,0.0,0.0,0.00047862157225608826,1.0,1.0,1.0
fixed_uvd,test_seen,1043,val:2008_005445:part_85,2008_005445,person,torso,torso,0.23062381148338318,0.3748079836368561,0.06707946211099625,0.10625398904085159,1.0,1.0,1.0
fixed_uvd,test_seen,1044,val:2008_005445:part_87,2008_005445,person,leg,leg,0.4845553934574127,0.6527953147888184,0.3176060914993286,0.25526484847068787,1.0,1.0,1.0
fixed_uvd,test_seen,1045,val:2008_005445:part_88,2008_005445,person,foot,foot,0.20914286375045776,0.34593573212623596,0.6691176295280457,0.03860880807042122,1.0,1.0,1.0
fixed_uvd,test_seen,1046,val:2008_005445:part_89,2008_005445,person,nose,nose,0.0,0.0,0.0,0.0023931078612804413,1.0,1.0,1.0
fixed_uvd,test_seen,1047,val:2008_005445:part_90,2008_005445,person,ear,ear,0.0,0.0,1.0,0.0014358647167682648,1.0,1.0,1.0
fixed_uvd,test_seen,1048,val:2008_005445:part_91,2008_005445,person,eyebrow,eyebrow,0.0,0.0,0.0,0.00015954051923472434,1.0,1.0,1.0
fixed_uvd,test_seen,1049,val:2008_005445:part_93,2008_005445,person,hair,hair,0.0,0.0,0.0,0.007977026514708996,1.0,1.0,1.0
fixed_uvd,test_seen,1050,val:2008_005445:part_94,2008_005445,person,lower arm,lower arm,0.2599363923072815,0.4126183092594147,0.21071115136146545,0.07115507125854492,1.0,1.0,1.0
fixed_uvd,test_seen,1051,val:2008_005445:part_95,2008_005445,person,upper arm,upper arm,0.2920604944229126,0.45208486914634705,0.34980618953704834,0.053446076810359955,1.0,1.0,1.0
fixed_uvd,test_seen,1052,val:2008_005445:part_96,2008_005445,person,hand,hand,0.06642729043960571,0.12457912415266037,0.30843374133110046,0.028557753190398216,1.0,1.0,1.0
fixed_uvd,test_seen,1053,val:2008_005525:part_71,2008_005525,horse,head,head,0.603919267654419,0.7530544400215149,0.005964214913547039,0.20428448915481567,1.0,1.0,1.0
fixed_uvd,test_seen,1054,val:2008_005525:part_72,2008_005525,horse,eye,eye,0.0,0.0,0.0,0.0035989717580378056,1.0,1.0,1.0
fixed_uvd,test_seen,1055,val:2008_005525:part_73,2008_005525,horse,torso,torso,0.2392241358757019,0.38608697056770325,0.06455469131469727,0.10745501518249512,1.0,1.0,1.0
fixed_uvd,test_seen,1056,val:2008_005525:part_75,2008_005525,horse,leg,leg,0.20572569966316223,0.34124791622161865,0.1807228922843933,0.0970008596777916,1.0,1.0,1.0
fixed_uvd,test_seen,1057,val:2008_005525:part_76,2008_005525,horse,ear,ear,0.4873563349246979,0.6553323268890381,0.25,0.05809768661856651,1.0,1.0,1.0
fixed_uvd,test_seen,1058,val:2008_005525:part_77,2008_005525,horse,muzzle,muzzle,0.5501269102096558,0.7097830772399902,0.0,0.2623821794986725,1.0,1.0,1.0
fixed_uvd,test_seen,1059,val:2008_005525:part_78,2008_005525,horse,hoof,hoof,0.0,0.0,0.26923078298568726,0.0037703514099121094,1.0,1.0,1.0
fixed_uvd,test_seen,1060,val:2008_005544:part_112,2008_005544,train,back,back,0.905854344367981,0.9506018757820129,0.06905436515808105,1.0,1.0,1.0,1.0
fixed_uvd,test_seen,1061,val:2008_005544:part_114,2008_005544,train,coach,coach,0.0,0.0,0.057794149965047836,0.0002687088563106954,1.0,1.0,1.0
fixed_uvd,test_seen,1062,val:2008_005642:part_70,2008_005642,horse,tail,tail,0.0,0.0,0.12280701845884323,0.026174772530794144,1.0,1.0,1.0
fixed_uvd,test_seen,1063,val:2008_005642:part_71,2008_005642,horse,head,head,0.35777777433395386,0.5270048975944519,0.3154761791229248,0.05667765811085701,1.0,1.0,1.0
fixed_uvd,test_seen,1064,val:2008_005642:part_72,2008_005642,horse,eye,eye,0.0,0.0,0.0,0.0020610056817531586,1.0,1.0,1.0
fixed_uvd,test_seen,1065,val:2008_005642:part_73,2008_005642,horse,torso,torso,0.7672277092933655,0.8682839274406433,0.053946055471897125,0.5280296802520752,1.0,1.0,1.0
fixed_uvd,test_seen,1066,val:2008_005642:part_74,2008_005642,horse,neck,neck,0.24679486453533173,0.3958868980407715,0.07339449226856232,0.05770816281437874,1.0,1.0,1.0
fixed_uvd,test_seen,1067,val:2008_005642:part_75,2008_005642,horse,leg,leg,0.3475078344345093,0.5157786011695862,0.47385984659194946,0.24093157052993774,1.0,1.0,1.0
fixed_uvd,test_seen,1068,val:2008_005642:part_76,2008_005642,horse,ear,ear,0.13302752375602722,0.23481781780719757,0.6646706461906433,0.01648804545402527,1.0,1.0,1.0
fixed_uvd,test_seen,1069,val:2008_005642:part_77,2008_005642,horse,muzzle,muzzle,0.23976607620716095,0.38679245114326477,0.0,0.0527617484331131,1.0,1.0,1.0
fixed_uvd,test_seen,1070,val:2008_005676:part_22,2008_005676,bus,wheel,wheel,0.15075376629829407,0.2620087265968323,0.6796116232872009,0.09071274101734161,1.0,1.0,1.0
fixed_uvd,test_seen,1071,val:2008_005676:part_25,2008_005676,bus,side,side,0.4402116537094116,0.6113151907920837,0.351081520318985,0.6616270542144775,1.0,1.0,1.0
fixed_uvd,test_seen,1072,val:2008_005676:part_30,2008_005676,bus,door,door,0.3564954698085785,0.525612473487854,0.09365558624267578,0.0849532037973404,1.0,1.0,1.0
fixed_uvd,test_seen,1073,val:2008_005676:part_31,2008_005676,bus,window,window,0.1600688397884369,0.2759643793106079,0.01882845163345337,0.1411087065935135,1.0,1.0,1.0
fixed_uvd,test_seen,1074,val:2008_005680:part_97,2008_005680,pottedplant,pot,pot,0.1240086480975151,0.22065426409244537,0.15177713334560394,0.12457912415266037,1.0,1.0,1.0
fixed_uvd,test_seen,1075,val:2008_005680:part_98,2008_005680,pottedplant,plant,plant,0.111508809030056,0.20064404606819153,0.33093732595443726,0.1344396322965622,1.0,1.0,1.0
fixed_uvd,test_seen,1076,val:2008_005691:part_71,2008_005691,horse,head,head,0.5485865473747253,0.7084997296333313,0.11145194619894028,0.08154461532831192,1.0,1.0,1.0
fixed_uvd,test_seen,1077,val:2008_005691:part_73,2008_005691,horse,torso,torso,0.6872240900993347,0.8146209716796875,0.05575208738446236,0.5431397557258606,1.0,1.0,1.0
fixed_uvd,test_seen,1078,val:2008_005691:part_74,2008_005691,horse,neck,neck,0.7390896081924438,0.8499730229377747,0.12411347776651382,0.18223905563354492,1.0,1.0,1.0
fixed_uvd,test_seen,1079,val:2008_005691:part_75,2008_005691,horse,leg,leg,0.3976919651031494,0.5690695643424988,0.3695031404495239,0.1470959633588791,1.0,1.0,1.0
fixed_uvd,test_seen,1080,val:2008_005691:part_76,2008_005691,horse,ear,ear,0.13768115639686584,0.24203822016716003,0.28125,0.006102693732827902,1.0,1.0,1.0
fixed_uvd,test_seen,1081,val:2008_005691:part_77,2008_005691,horse,muzzle,muzzle,0.48374760150909424,0.6520618796348572,0.39080458879470825,0.026725588366389275,1.0,1.0,1.0
fixed_uvd,test_seen,1082,val:2008_005691:part_78,2008_005691,horse,hoof,hoof,0.21507760882377625,0.3540146052837372,0.515625,0.010521885938942432,1.0,1.0,1.0
fixed_uvd,test_seen,1083,val:2008_005727:part_6,2008_005727,bicycle,wheel,wheel,0.13946910202503204,0.24479663372039795,0.8134037852287292,0.6561375260353088,1.0,1.0,1.0
fixed_uvd,test_seen,1084,val:2008_005727:part_7,2008_005727,bicycle,saddle,saddle,0.16587677597999573,0.28455284237861633,0.7535211443901062,0.04158336669206619,1.0,1.0,1.0
fixed_uvd,test_seen,1085,val:2008_005727:part_8,2008_005727,bicycle,handlebar,handlebar,0.10772357881069183,0.19449540972709656,0.8852813839912415,0.03318672627210617,1.0,1.0,1.0
fixed_uvd,test_seen,1086,val:2008_005727:part_9,2008_005727,bicycle,chainwheel,chainwheel,0.17596566677093506,0.29927006363868713,0.34375,0.08396641165018082,1.0,1.0,1.0
fixed_uvd,test_seen,1087,val:2008_005738:part_6,2008_005738,bicycle,wheel,wheel,0.0928143709897995,0.1698630154132843,0.8825757503509521,0.8015872836112976,1.0,1.0,1.0
fixed_uvd,test_seen,1088,val:2008_005738:part_8,2008_005738,bicycle,handlebar,handlebar,0.0,0.0,0.0,0.075396828353405,1.0,1.0,1.0
fixed_uvd,test_seen,1089,val:2008_005738:part_9,2008_005738,bicycle,chainwheel,chainwheel,0.0,0.0,0.9920634627342224,0.003968254197388887,1.0,1.0,1.0
fixed_uvd,test_seen,1090,val:2008_005812:part_20,2008_005812,bottle,body,body,0.5522100925445557,0.7115146517753601,0.43352600932121277,0.9774266481399536,1.0,1.0,1.0
fixed_uvd,test_seen,1091,val:2008_005812:part_21,2008_005812,bottle,cap,cap,0.06410256773233414,0.1204819306731224,0.5448718070983887,0.011286681517958641,1.0,1.0,1.0
fixed_uvd,test_seen,1092,val:2008_005904:part_20,2008_005904,bottle,body,body,0.9040675759315491,0.9496171474456787,0.07633330672979355,0.9953434467315674,1.0,1.0,1.0
fixed_uvd,test_seen,1093,val:2008_006036:part_70,2008_006036,horse,tail,tail,0.023178808391094208,0.04530744254589081,0.36614173650741577,0.069182388484478,1.0,1.0,1.0
fixed_uvd,test_seen,1094,val:2008_006036:part_71,2008_006036,horse,head,head,0.0,0.0,0.0,0.04779874160885811,1.0,1.0,1.0
fixed_uvd,test_seen,1095,val:2008_006036:part_73,2008_006036,horse,torso,torso,0.6737160086631775,0.8050541281700134,0.09061488509178162,0.6163522005081177,1.0,1.0,1.0
fixed_uvd,test_seen,1096,val:2008_006036:part_74,2008_006036,horse,neck,neck,0.0,0.0,0.20000000298023224,0.13962264358997345,1.0,1.0,1.0
fixed_uvd,test_seen,1097,val:2008_006036:part_75,2008_006036,horse,leg,leg,0.15217390656471252,0.2641509473323822,0.692307710647583,0.06792452931404114,1.0,1.0,1.0
fixed_uvd,test_seen,1098,val:2008_006036:part_77,2008_006036,horse,muzzle,muzzle,0.0,0.0,0.0,0.025157231837511063,1.0,1.0,1.0
fixed_uvd,test_seen,1099,val:2008_006055:part_109,2008_006055,train,head,head,0.018999366089701653,0.037290241569280624,0.4008293151855469,0.01797802746295929,1.0,1.0,1.0
fixed_uvd,test_seen,1100,val:2008_006055:part_110,2008_006055,train,front,front,0.7042230367660522,0.826444685459137,0.14713804423809052,0.4872933030128479,1.0,1.0,1.0
fixed_uvd,test_seen,1101,val:2008_006055:part_111,2008_006055,train,side,side,0.6305297017097473,0.7734047174453735,0.10160116106271744,0.4810786843299866,1.0,1.0,1.0
fixed_uvd,test_seen,1102,val:2008_006055:part_114,2008_006055,train,coach,coach,0.0026978417299687862,0.005381166003644466,0.12365107983350754,0.001997558632865548,1.0,1.0,1.0
fixed_uvd,test_seen,1103,val:2008_006063:part_52,2008_006063,cow,head,head,0.6563196778297424,0.7925036549568176,0.010727056302130222,0.19754406809806824,1.0,1.0,1.0
fixed_uvd,test_seen,1104,val:2008_006063:part_53,2008_006063,cow,eye,eye,0.21153846383094788,0.3492063581943512,0.0,0.00535004585981369,1.0,1.0,1.0
fixed_uvd,test_seen,1105,val:2008_006063:part_54,2008_006063,cow,torso,torso,0.7168045043945312,0.8350449800491333,0.05033281818032265,0.40369918942451477,1.0,1.0,1.0
fixed_uvd,test_seen,1106,val:2008_006063:part_56,2008_006063,cow,leg,leg,0.6801470518112183,0.8096280097961426,0.1993171125650406,0.09018648415803909,1.0,1.0,1.0
fixed_uvd,test_seen,1107,val:2008_006063:part_57,2008_006063,cow,ear,ear,0.6656671762466431,0.7992799282073975,0.16180844604969025,0.08417405188083649,1.0,1.0,1.0
fixed_uvd,test_seen,1108,val:2008_006063:part_58,2008_006063,cow,muzzle,muzzle,0.8141342997550964,0.8975457549095154,0.028359031304717064,0.2073270082473755,1.0,1.0,1.0
fixed_uvd,test_seen,1109,val:2008_006108:part_83,2008_006108,person,head,head,0.2796071767807007,0.43702030181884766,0.04556354880332947,0.0463402234017849,1.0,1.0,1.0
fixed_uvd,test_seen,1110,val:2008_006108:part_84,2008_006108,person,eye,eye,0.09195402264595032,0.16842105984687805,0.0,0.002880379557609558,1.0,1.0,1.0
fixed_uvd,test_seen,1111,val:2008_006108:part_85,2008_006108,person,torso,torso,0.35098540782928467,0.5195990800857544,0.03169548138976097,0.2021348625421524,1.0,1.0,1.0
fixed_uvd,test_seen,1112,val:2008_006108:part_86,2008_006108,person,neck,neck,0.1744185984134674,0.2970297038555145,0.0,0.009657743386924267,1.0,1.0,1.0
fixed_uvd,test_seen,1113,val:2008_006108:part_89,2008_006108,person,nose,nose,0.13636364042758942,0.23999999463558197,0.0,0.002541511319577694,1.0,1.0,1.0
fixed_uvd,test_seen,1114,val:2008_006108:part_90,2008_006108,person,ear,ear,0.0,0.0,0.695652186870575,0.0017790579004213214,1.0,1.0,1.0
fixed_uvd,test_seen,1115,val:2008_006108:part_91,2008_006108,person,eyebrow,eyebrow,0.0,0.0,0.0,8.471704495605081e-05,1.0,1.0,1.0
fixed_uvd,test_seen,1116,val:2008_006108:part_92,2008_006108,person,mouth,mouth,0.125,0.2222222238779068,0.0,0.0019484920194372535,1.0,1.0,1.0
fixed_uvd,test_seen,1117,val:2008_006108:part_93,2008_006108,person,hair,hair,0.25107482075691223,0.40137457847595215,0.24264705181121826,0.031091155484318733,1.0,1.0,1.0
fixed_uvd,test_seen,1118,val:2008_006108:part_95,2008_006108,person,upper arm,upper arm,0.3205921947956085,0.4855279326438904,0.1498032659292221,0.11419858038425446,1.0,1.0,1.0
fixed_uvd,test_seen,1119,val:2008_006159:part_115,2008_006159,tvmonitor,screen,screen,0.6771724224090576,0.8075167536735535,0.0,0.5246666669845581,1.0,1.0,1.0
fixed_uvd,test_seen,1120,val:2008_006216:part_83,2008_006216,person,head,head,0.09677419066429138,0.1764705926179886,0.698630154132843,0.020968908444046974,1.0,1.0,1.0
fixed_uvd,test_seen,1121,val:2008_006216:part_84,2008_006216,person,eye,eye,0.0,0.0,0.0,0.0014461316168308258,1.0,1.0,1.0
fixed_uvd,test_seen,1122,val:2008_006216:part_85,2008_006216,person,torso,torso,0.38121891021728516,0.5520036220550537,0.1086142286658287,0.22378885746002197,1.0,1.0,1.0
fixed_uvd,test_seen,1123,val:2008_006216:part_86,2008_006216,person,neck,neck,0.0,0.0,0.5,0.008315256796777248,1.0,1.0,1.0
fixed_uvd,test_seen,1124,val:2008_006216:part_87,2008_006216,person,leg,leg,0.33648255467414856,0.5035345554351807,0.32173240184783936,0.19739696383476257,1.0,1.0,1.0
fixed_uvd,test_seen,1125,val:2008_006216:part_88,2008_006216,person,foot,foot,0.07829181849956512,0.1452145278453827,0.5257353186607361,0.0112075200304389,1.0,1.0,1.0
fixed_uvd,test_seen,1126,val:2008_006216:part_89,2008_006216,person,nose,nose,0.0,0.0,0.0,0.0010845987126231194,1.0,1.0,1.0
fixed_uvd,test_seen,1127,val:2008_006216:part_91,2008_006216,person,eyebrow,eyebrow,0.0,0.0,0.0,0.00036153290420770645,1.0,1.0,1.0
fixed_uvd,test_seen,1128,val:2008_006216:part_92,2008_006216,person,mouth,mouth,0.0,0.0,0.0,0.0010845987126231194,1.0,1.0,1.0
fixed_uvd,test_seen,1129,val:2008_006216:part_93,2008_006216,person,hair,hair,0.0,0.0,0.9032257795333862,0.0021691974252462387,1.0,1.0,1.0
fixed_uvd,test_seen,1130,val:2008_006216:part_94,2008_006216,person,lower arm,lower arm,0.05673758685588837,0.10738255083560944,0.4721029996871948,0.023499637842178345,1.0,1.0,1.0
fixed_uvd,test_seen,1131,val:2008_006216:part_95,2008_006216,person,upper arm,upper arm,0.09368421137332916,0.17131857573986053,0.3497326076030731,0.03759942203760147,1.0,1.0,1.0
fixed_uvd,test_seen,1132,val:2008_006216:part_96,2008_006216,person,hand,hand,0.06392694264650345,0.1201716735959053,0.06392694264650345,0.00506146065890789,1.0,1.0,1.0
fixed_uvd,test_seen,1133,val:2008_006219:part_71,2008_006219,horse,head,head,0.34328359365463257,0.5111111402511597,0.12406015396118164,0.06045015901327133,1.0,1.0,1.0
fixed_uvd,test_seen,1134,val:2008_006219:part_72,2008_006219,horse,eye,eye,0.0,0.0,0.0,0.0009646302205510437,1.0,1.0,1.0
fixed_uvd,test_seen,1135,val:2008_006219:part_73,2008_006219,horse,torso,torso,0.24173317849636078,0.38934803009033203,0.08408953249454498,0.16881029307842255,1.0,1.0,1.0
fixed_uvd,test_seen,1136,val:2008_006219:part_74,2008_006219,horse,neck,neck,0.17008443176746368,0.2907216548919678,0.16713881492614746,0.08488745987415314,1.0,1.0,1.0
fixed_uvd,test_seen,1137,val:2008_006219:part_75,2008_006219,horse,leg,leg,0.24217118322849274,0.38991597294807434,0.5178970694541931,0.09517684578895569,1.0,1.0,1.0
fixed_uvd,test_seen,1138,val:2008_006219:part_76,2008_006219,horse,ear,ear,0.019607843831181526,0.03846153989434242,0.800000011920929,0.005466238129884005,1.0,1.0,1.0
fixed_uvd,test_seen,1139,val:2008_006219:part_77,2008_006219,horse,muzzle,muzzle,0.17774343490600586,0.3018372654914856,0.41112828254699707,0.03697749227285385,1.0,1.0,1.0
fixed_uvd,test_seen,1140,val:2008_006219:part_78,2008_006219,horse,hoof,hoof,0.0,0.0,0.0,0.010610932484269142,1.0,1.0,1.0
fixed_uvd,test_seen,1141,val:2008_006254:part_6,2008_006254,bicycle,wheel,wheel,0.14058956503868103,0.24652087688446045,0.7593896985054016,0.161594957113266,1.0,1.0,1.0
fixed_uvd,test_seen,1142,val:2008_006254:part_8,2008_006254,bicycle,handlebar,handlebar,0.013468013145029545,0.02657807245850563,0.6991869807243347,0.04407135397195816,1.0,1.0,1.0
fixed_uvd,test_seen,1143,val:2008_006275:part_83,2008_006275,person,head,head,0.480063796043396,0.6487069129943848,0.3659711182117462,0.021291447803378105,1.0,1.0,1.0
fixed_uvd,test_seen,1144,val:2008_006275:part_85,2008_006275,person,torso,torso,0.1784989833831787,0.3029260039329529,0.00159744406118989,0.10910994559526443,1.0,1.0,1.0
fixed_uvd,test_seen,1145,val:2008_006275:part_86,2008_006275,person,neck,neck,0.125,0.2222222238779068,0.0,0.002303664805367589,1.0,1.0,1.0
fixed_uvd,test_seen,1146,val:2008_006275:part_87,2008_006275,person,leg,leg,0.21358470618724823,0.3519897758960724,0.13716234266757965,0.061849914491176605,1.0,1.0,1.0
fixed_uvd,test_seen,1147,val:2008_006275:part_89,2008_006275,person,nose,nose,0.0,0.0,0.6666666865348816,0.0011867365101352334,1.0,1.0,1.0
fixed_uvd,test_seen,1148,val:2008_006275:part_90,2008_006275,person,ear,ear,0.0,0.0,0.0,0.0005584642058238387,1.0,1.0,1.0
fixed_uvd,test_seen,1149,val:2008_006275:part_92,2008_006275,person,mouth,mouth,0.0,0.0,0.0,0.0006282722461037338,1.0,1.0,1.0
fixed_uvd,test_seen,1150,val:2008_006275:part_93,2008_006275,person,hair,hair,0.0,0.0,0.0,0.0013961605727672577,1.0,1.0,1.0
fixed_uvd,test_seen,1151,val:2008_006275:part_94,2008_006275,person,lower arm,lower arm,0.0,0.0,0.31284916400909424,0.03825479745864868,1.0,1.0,1.0
fixed_uvd,test_seen,1152,val:2008_006275:part_95,2008_006275,person,upper arm,upper arm,0.3821532428264618,0.5529824495315552,0.09980237483978271,0.05766143277287483,1.0,1.0,1.0
fixed_uvd,test_seen,1153,val:2008_006275:part_96,2008_006275,person,hand,hand,0.1314285695552826,0.23232322931289673,0.22508038580417633,0.005933682434260845,1.0,1.0,1.0
fixed_uvd,test_seen,1154,val:2008_006325:part_42,2008_006325,cat,tail,tail,0.6019976735115051,0.751558780670166,0.3689880669116974,0.0989730954170227,1.0,1.0,1.0
fixed_uvd,test_seen,1155,val:2008_006325:part_43,2008_006325,cat,head,head,0.7112970948219299,0.8312958478927612,0.07473982870578766,0.1974422037601471,1.0,1.0,1.0
fixed_uvd,test_seen,1156,val:2008_006325:part_44,2008_006325,cat,eye,eye,0.12751677632331848,0.2261904776096344,0.0,0.00434700446203351,1.0,1.0,1.0
fixed_uvd,test_seen,1157,val:2008_006325:part_45,2008_006325,cat,torso,torso,0.7068910002708435,0.8282790184020996,0.0874565988779068,0.4227934181690216,1.0,1.0,1.0
fixed_uvd,test_seen,1158,val:2008_006325:part_46,2008_006325,cat,neck,neck,0.5588952302932739,0.7170401215553284,0.0038759689778089523,0.05588105693459511,1.0,1.0,1.0
fixed_uvd,test_seen,1159,val:2008_006325:part_47,2008_006325,cat,leg,leg,0.435763418674469,0.6070128083229065,0.04796599969267845,0.12127511948347092,1.0,1.0,1.0
fixed_uvd,test_seen,1160,val:2008_006325:part_48,2008_006325,cat,nose,nose,0.4396551847457886,0.6107784509658813,0.0,0.003465003566816449,1.0,1.0,1.0
fixed_uvd,test_seen,1161,val:2008_006325:part_49,2008_006325,cat,paw,paw,0.5312988758087158,0.6939192414283752,0.130952388048172,0.04391104355454445,1.0,1.0,1.0
fixed_uvd,test_seen,1162,val:2008_006325:part_50,2008_006325,cat,ear,ear,0.4606598913669586,0.6307558417320251,0.29294872283935547,0.04674604535102844,1.0,1.0,1.0
fixed_uvd,test_seen,1163,val:2008_006341:part_42,2008_006341,cat,tail,tail,0.0,0.0,0.7878128290176392,0.14542749524116516,1.0,1.0,1.0
fixed_uvd,test_seen,1164,val:2008_006341:part_43,2008_006341,cat,head,head,0.732513427734375,0.8456078171730042,0.0,0.14894481003284454,1.0,1.0,1.0
fixed_uvd,test_seen,1165,val:2008_006341:part_44,2008_006341,cat,eye,eye,0.0,0.0,0.0,0.000405844155466184,1.0,1.0,1.0
fixed_uvd,test_seen,1166,val:2008_006341:part_45,2008_006341,cat,torso,torso,0.6580842733383179,0.793788731098175,0.08741475641727448,0.5907738208770752,1.0,1.0,1.0
fixed_uvd,test_seen,1167,val:2008_006341:part_46,2008_006341,cat,neck,neck,0.06641366332769394,0.12455516308546066,0.0,0.04437229409813881,1.0,1.0,1.0
fixed_uvd,test_seen,1168,val:2008_006341:part_47,2008_006341,cat,leg,leg,0.24836601316928864,0.39790576696395874,0.4789271950721741,0.0163690485060215,1.0,1.0,1.0
fixed_uvd,test_seen,1169,val:2008_006341:part_48,2008_006341,cat,nose,nose,0.0,0.0,1.0,0.0006764069548808038,1.0,1.0,1.0
fixed_uvd,test_seen,1170,val:2008_006341:part_49,2008_006341,cat,paw,paw,0.0139860138297081,0.027586206793785095,0.0,0.01785714365541935,1.0,1.0,1.0
fixed_uvd,test_seen,1171,val:2008_006341:part_50,2008_006341,cat,ear,ear,0.26249998807907104,0.41584157943725586,0.0301204826682806,0.023403679952025414,1.0,1.0,1.0
fixed_uvd,test_seen,1172,val:2008_006408:part_83,2008_006408,person,head,head,0.5364906787872314,0.6983324885368347,0.0,0.113189697265625,1.0,1.0,1.0
fixed_uvd,test_seen,1173,val:2008_006408:part_84,2008_006408,person,eye,eye,0.0,0.0,0.0,0.0002101944264722988,1.0,1.0,1.0
fixed_uvd,test_seen,1174,val:2008_006408:part_85,2008_006408,person,torso,torso,0.6386480331420898,0.7794816493988037,0.11866940557956696,0.4108250141143799,1.0,1.0,1.0
fixed_uvd,test_seen,1175,val:2008_006408:part_89,2008_006408,person,nose,nose,0.24409449100494385,0.39240506291389465,0.0,0.010825012810528278,1.0,1.0,1.0
fixed_uvd,test_seen,1176,val:2008_006408:part_90,2008_006408,person,ear,ear,0.1597222238779068,0.27544909715652466,0.0,0.005570152308791876,1.0,1.0,1.0
fixed_uvd,test_seen,1177,val:2008_006408:part_91,2008_006408,person,eyebrow,eyebrow,0.0,0.0,0.0,0.0003152916324324906,1.0,1.0,1.0
fixed_uvd,test_seen,1178,val:2008_006408:part_92,2008_006408,person,mouth,mouth,0.0,0.0,0.0,0.003047819249331951,1.0,1.0,1.0
fixed_uvd,test_seen,1179,val:2008_006408:part_93,2008_006408,person,hair,hair,0.8420253396034241,0.9142385721206665,0.07562136650085449,0.18360483646392822,1.0,1.0,1.0
fixed_uvd,test_seen,1180,val:2008_006408:part_94,2008_006408,person,lower arm,lower arm,0.5761107206344604,0.7310535907745361,0.21328958868980408,0.09931686520576477,1.0,1.0,1.0
fixed_uvd,test_seen,1181,val:2008_006408:part_95,2008_006408,person,upper arm,upper arm,0.528103768825531,0.6911883354187012,0.12119289487600327,0.094377301633358,1.0,1.0,1.0
fixed_uvd,test_seen,1182,val:2008_006408:part_96,2008_006408,person,hand,hand,0.6824584007263184,0.8112633228302002,0.059001512825489044,0.06862848252058029,1.0,1.0,1.0
fixed_uvd,test_seen,1183,val:2008_006480:part_43,2008_006480,cat,head,head,0.6945134997367859,0.8197202086448669,0.15350793302059174,0.23112156987190247,1.0,1.0,1.0
fixed_uvd,test_seen,1184,val:2008_006480:part_45,2008_006480,cat,torso,torso,0.5020487308502197,0.6684852838516235,0.11930947750806808,0.4619886875152588,1.0,1.0,1.0
fixed_uvd,test_seen,1185,val:2008_006480:part_46,2008_006480,cat,neck,neck,0.386393278837204,0.5574079155921936,0.0535791739821434,0.17990966141223907,1.0,1.0,1.0
fixed_uvd,test_seen,1186,val:2008_006480:part_47,2008_006480,cat,leg,leg,0.28070899844169617,0.43836498260498047,0.09486165642738342,0.05280234292149544,1.0,1.0,1.0
fixed_uvd,test_seen,1187,val:2008_006480:part_49,2008_006480,cat,paw,paw,0.5869252681732178,0.7397012114524841,0.20707443356513977,0.054201919585466385,1.0,1.0,1.0
fixed_uvd,test_seen,1188,val:2008_006480:part_50,2008_006480,cat,ear,ear,0.27898088097572327,0.43625497817993164,0.5697823166847229,0.014186653308570385,1.0,1.0,1.0
fixed_uvd,test_seen,1189,val:2008_006523:part_114,2008_006523,train,coach,coach,0.9030103087425232,0.9490335583686829,0.08950921893119812,0.9964622855186462,1.0,1.0,1.0
fixed_uvd,test_seen,1190,val:2008_006528:part_51,2008_006528,cow,tail,tail,0.0,0.0,0.0,0.009876543655991554,1.0,1.0,1.0
fixed_uvd,test_seen,1191,val:2008_006528:part_52,2008_006528,cow,head,head,0.5802171230316162,0.7343511581420898,0.11432506889104843,0.1441975235939026,1.0,1.0,1.0
fixed_uvd,test_seen,1192,val:2008_006528:part_53,2008_006528,cow,eye,eye,0.0,0.0,0.09433962404727936,0.003703703638166189,1.0,1.0,1.0
fixed_uvd,test_seen,1193,val:2008_006528:part_54,2008_006528,cow,torso,torso,0.7743902206420898,0.8728522062301636,0.05872888118028641,0.5358024835586548,1.0,1.0,1.0
fixed_uvd,test_seen,1194,val:2008_006528:part_56,2008_006528,cow,leg,leg,0.3856794238090515,0.5566647052764893,0.4529307186603546,0.1424691379070282,1.0,1.0,1.0
fixed_uvd,test_seen,1195,val:2008_006528:part_57,2008_006528,cow,ear,ear,0.22902098298072815,0.3726884722709656,0.39405205845832825,0.040740739554166794,1.0,1.0,1.0
fixed_uvd,test_seen,1196,val:2008_006528:part_58,2008_006528,cow,muzzle,muzzle,0.5113835334777832,0.6767091751098633,0.307282418012619,0.07407407462596893,1.0,1.0,1.0
fixed_uvd,test_seen,1197,val:2008_006528:part_59,2008_006528,cow,horn,horn,0.11704834550619125,0.20956720411777496,0.5490909218788147,0.04049382731318474,1.0,1.0,1.0
fixed_uvd,test_seen,1198,val:2008_006553:part_109,2008_006553,train,head,head,0.02024291455745697,0.0396825410425663,0.6860759258270264,0.012221100740134716,1.0,1.0,1.0
fixed_uvd,test_seen,1199,val:2008_006553:part_110,2008_006553,train,front,front,0.8068296313285828,0.8930887579917908,0.14820951223373413,0.7278842926025391,1.0,1.0,1.0
fixed_uvd,test_seen,1200,val:2008_006553:part_111,2008_006553,train,side,side,0.6783775091171265,0.808372974395752,0.1396103948354721,0.24386142194271088,1.0,1.0,1.0
fixed_uvd,test_seen,1201,val:2008_006553:part_114,2008_006553,train,coach,coach,0.002506265649572015,0.004999999888241291,0.1262531280517578,0.0008969615446403623,1.0,1.0,1.0
fixed_uvd,test_seen,1202,val:2008_006554:part_22,2008_006554,bus,wheel,wheel,0.830110490322113,0.9071698188781738,0.020667726173996925,0.07443850487470627,1.0,1.0,1.0
fixed_uvd,test_seen,1203,val:2008_006554:part_23,2008_006554,bus,headlight,headlight,0.05298013240098953,0.10062892735004425,0.0,0.008663102053105831,1.0,1.0,1.0
fixed_uvd,test_seen,1204,val:2008_006554:part_24,2008_006554,bus,front,front,0.3098006546497345,0.4730500876903534,0.11330471932888031,0.08812834322452545,1.0,1.0,1.0
fixed_uvd,test_seen,1205,val:2008_006554:part_25,2008_006554,bus,side,side,0.46966323256492615,0.6391440033912659,0.1151917427778244,0.4043850302696228,1.0,1.0,1.0
fixed_uvd,test_seen,1206,val:2008_006554:part_28,2008_006554,bus,mirror,mirror,0.0,0.0,0.0,0.0019251336343586445,1.0,1.0,1.0
fixed_uvd,test_seen,1207,val:2008_006554:part_31,2008_006554,bus,window,window,0.750697672367096,0.8575983047485352,0.020311264321208,0.39967915415763855,1.0,1.0,1.0
fixed_uvd,test_seen,1208,val:2008_006703:part_0,2008_006703,aeroplane,body,body,0.558477520942688,0.7166962623596191,0.26549962162971497,0.5179306268692017,1.0,1.0,1.0
fixed_uvd,test_seen,1209,val:2008_006703:part_1,2008_006703,aeroplane,stern,stern,0.39133572578430176,0.5625324249267578,0.35186541080474854,0.3292181193828583,1.0,1.0,1.0
fixed_uvd,test_seen,1210,val:2008_006703:part_2,2008_006703,aeroplane,wing,wing,0.1312849223613739,0.2320987582206726,0.2604748606681824,0.11052322387695312,1.0,1.0,1.0
fixed_uvd,test_seen,1211,val:2008_006703:part_5,2008_006703,aeroplane,wheel,wheel,0.3106796145439148,0.4740740656852722,0.5540540814399719,0.03586125746369362,1.0,1.0,1.0
fixed_uvd,test_seen,1212,val:2008_006722:part_83,2008_006722,person,head,head,0.003636363660916686,0.007246376946568489,0.10687960684299469,0.001453941222280264,1.0,1.0,1.0
fixed_uvd,test_seen,1213,val:2008_006722:part_85,2008_006722,person,torso,torso,0.001303780940361321,0.0026041667442768812,0.3258427083492279,0.005815764889121056,1.0,1.0,1.0
fixed_uvd,test_seen,1214,val:2008_006722:part_87,2008_006722,person,leg,leg,0.0007256894023157656,0.001450326293706894,0.0912395492196083,0.000726970611140132,1.0,1.0,1.0
fixed_uvd,test_seen,1215,val:2008_006722:part_90,2008_006722,person,ear,ear,0.05243445560336113,0.09964412450790405,0.39849624037742615,0.0015577941667288542,1.0,1.0,1.0
fixed_uvd,test_seen,1216,val:2008_006752:part_109,2008_006752,train,head,head,0.03378378227353096,0.06535948067903519,0.2246376872062683,0.0024598229210823774,1.0,1.0,1.0
fixed_uvd,test_seen,1217,val:2008_006752:part_111,2008_006752,train,side,side,0.7097896337509155,0.830265462398529,0.0661078616976738,0.7359790205955505,1.0,1.0,1.0
fixed_uvd,test_seen,1218,val:2008_006752:part_113,2008_006752,train,roof,roof,0.17864254117012024,0.30313268303871155,0.037832874804735184,0.17497539520263672,1.0,1.0,1.0
fixed_uvd,test_seen,1219,val:2008_006752:part_114,2008_006752,train,coach,coach,0.05739617347717285,0.10856134444475174,0.07917249947786331,0.060511644929647446,1.0,1.0,1.0
fixed_uvd,test_seen,1220,val:2008_007025:part_51,2008_007025,cow,tail,tail,0.007194244768470526,0.014285714365541935,0.04128440469503403,0.007230320479720831,1.0,1.0,1.0
fixed_uvd,test_seen,1221,val:2008_007025:part_52,2008_007025,cow,head,head,0.24018126726150513,0.3873325288295746,0.0,0.02530612237751484,1.0,1.0,1.0
fixed_uvd,test_seen,1222,val:2008_007025:part_54,2008_007025,cow,torso,torso,0.4812620282173157,0.6498000025749207,0.04832194000482559,0.4156268239021301,1.0,1.0,1.0
fixed_uvd,test_seen,1223,val:2008_007025:part_55,2008_007025,cow,neck,neck,0.07749627530574799,0.1438450962305069,0.05970149114727974,0.018542274832725525,1.0,1.0,1.0
fixed_uvd,test_seen,1224,val:2008_007025:part_56,2008_007025,cow,leg,leg,0.2503660321235657,0.4004683792591095,0.4118831753730774,0.06717201322317123,1.0,1.0,1.0
fixed_uvd,test_seen,1225,val:2008_007025:part_57,2008_007025,cow,ear,ear,0.0,0.0,0.25806450843811035,0.005597667768597603,1.0,1.0,1.0
fixed_uvd,test_seen,1226,val:2008_007025:part_58,2008_007025,cow,muzzle,muzzle,0.304964542388916,0.46739131212234497,0.21770334243774414,0.015626821666955948,1.0,1.0,1.0
fixed_uvd,test_seen,1227,val:2008_007025:part_59,2008_007025,cow,horn,horn,0.0,0.0,0.0,0.0027988338842988014,1.0,1.0,1.0
fixed_uvd,test_seen,1228,val:2008_007031:part_51,2008_007031,cow,tail,tail,0.16877637803554535,0.288808673620224,0.2595744729042053,0.008810572326183319,1.0,1.0,1.0
fixed_uvd,test_seen,1229,val:2008_007031:part_52,2008_007031,cow,head,head,0.3824451267719269,0.5532879829406738,0.10252366214990616,0.05202433466911316,1.0,1.0,1.0
fixed_uvd,test_seen,1230,val:2008_007031:part_53,2008_007031,cow,eye,eye,0.0,0.0,0.0,0.0006293266196735203,1.0,1.0,1.0
fixed_uvd,test_seen,1231,val:2008_007031:part_54,2008_007031,cow,torso,torso,0.74611896276474,0.8546026349067688,0.09400676935911179,0.6656177639961243,1.0,1.0,1.0
fixed_uvd,test_seen,1232,val:2008_007031:part_55,2008_007031,cow,neck,neck,0.3088552951812744,0.47194719314575195,0.013301088474690914,0.08076358586549759,1.0,1.0,1.0
fixed_uvd,test_seen,1233,val:2008_007031:part_56,2008_007031,cow,leg,leg,0.5278350710868835,0.6909581422805786,0.2827918231487274,0.13656388223171234,1.0,1.0,1.0
fixed_uvd,test_seen,1234,val:2008_007031:part_57,2008_007031,cow,ear,ear,0.23469388484954834,0.3801652789115906,0.0,0.007761694956570864,1.0,1.0,1.0
fixed_uvd,test_seen,1235,val:2008_007031:part_58,2008_007031,cow,muzzle,muzzle,0.4166666567325592,0.5882353186607361,0.014388489536941051,0.03503251448273659,1.0,1.0,1.0
fixed_uvd,test_seen,1236,val:2008_007123:part_51,2008_007123,cow,tail,tail,0.07746478915214539,0.1437908560037613,0.316546767950058,0.017225468531250954,1.0,1.0,1.0
fixed_uvd,test_seen,1237,val:2008_007123:part_52,2008_007123,cow,head,head,0.5828025341033936,0.7364184856414795,0.10526315867900848,0.05936634913086891,1.0,1.0,1.0
fixed_uvd,test_seen,1238,val:2008_007123:part_54,2008_007123,cow,torso,torso,0.7929658889770508,0.8845298290252686,0.10446096956729889,0.6936327219009399,1.0,1.0,1.0
fixed_uvd,test_seen,1239,val:2008_007123:part_55,2008_007123,cow,neck,neck,0.18518517911434174,0.3125,0.035087719559669495,0.029221778735518456,1.0,1.0,1.0
fixed_uvd,test_seen,1240,val:2008_007123:part_56,2008_007123,cow,leg,leg,0.3848484754562378,0.5557987093925476,0.32120582461357117,0.12580744922161102,1.0,1.0,1.0
fixed_uvd,test_seen,1241,val:2008_007123:part_57,2008_007123,cow,ear,ear,0.1230769231915474,0.21917808055877686,0.5045871734619141,0.011381113901734352,1.0,1.0,1.0
fixed_uvd,test_seen,1242,val:2008_007123:part_58,2008_007123,cow,muzzle,muzzle,0.4951923191547394,0.6623794436454773,0.15121951699256897,0.032605353742837906,1.0,1.0,1.0
fixed_uvd,test_seen,1243,val:2008_007123:part_59,2008_007123,cow,horn,horn,0.0,0.0,0.20967741310596466,0.0049215625040233135,1.0,1.0,1.0
fixed_uvd,test_seen,1244,val:2008_007219:part_20,2008_007219,bottle,body,body,0.5371516942977905,0.6988922357559204,0.27783557772636414,0.8193445205688477,1.0,1.0,1.0
fixed_uvd,test_seen,1245,val:2008_007219:part_21,2008_007219,bottle,cap,cap,0.0,0.0,0.7586206793785095,0.05595523491501808,1.0,1.0,1.0
fixed_uvd,test_seen,1246,val:2008_007273:part_51,2008_007273,cow,tail,tail,0.058571428060531616,0.11066126823425293,0.00650406489148736,0.02558375708758831,1.0,1.0,1.0
fixed_uvd,test_seen,1247,val:2008_007273:part_52,2008_007273,cow,head,head,0.5,0.6666666865348816,0.0,0.038172587752342224,1.0,1.0,1.0
fixed_uvd,test_seen,1248,val:2008_007273:part_53,2008_007273,cow,eye,eye,0.0,0.0,0.0,0.0006091370596550405,1.0,1.0,1.0
fixed_uvd,test_seen,1249,val:2008_007273:part_54,2008_007273,cow,torso,torso,0.803633451461792,0.8911272287368774,0.056239016354084015,0.6775634288787842,1.0,1.0,1.0
fixed_uvd,test_seen,1250,val:2008_007273:part_55,2008_007273,cow,neck,neck,0.18614718317985535,0.31386861205101013,0.0,0.026802031323313713,1.0,1.0,1.0
fixed_uvd,test_seen,1251,val:2008_007273:part_56,2008_007273,cow,leg,leg,0.28471851348876953,0.4432387351989746,0.4578917920589447,0.12243654578924179,1.0,1.0,1.0
fixed_uvd,test_seen,1252,val:2008_007273:part_57,2008_007273,cow,ear,ear,0.10919540375471115,0.196891188621521,0.328125,0.013197969645261765,1.0,1.0,1.0
fixed_uvd,test_seen,1253,val:2008_007273:part_58,2008_007273,cow,muzzle,muzzle,0.4682926833629608,0.6378737688064575,0.012500000186264515,0.028629440814256668,1.0,1.0,1.0
fixed_uvd,test_seen,1254,val:2008_007350:part_0,2008_007350,aeroplane,body,body,0.7363879680633545,0.8481836915016174,0.07739183306694031,0.5809826850891113,1.0,1.0,1.0
fixed_uvd,test_seen,1255,val:2008_007350:part_1,2008_007350,aeroplane,stern,stern,0.6498690843582153,0.787782609462738,0.19709543883800507,0.2445404976606369,1.0,1.0,1.0
fixed_uvd,test_seen,1256,val:2008_007350:part_2,2008_007350,aeroplane,wing,wing,0.17667844891548157,0.3003003001213074,0.0,0.07620564103126526,1.0,1.0,1.0
fixed_uvd,test_seen,1257,val:2008_007350:part_4,2008_007350,aeroplane,engine,engine,0.40566039085388184,0.5771812200546265,0.0,0.0800727903842926,1.0,1.0,1.0
fixed_uvd,test_seen,1258,val:2008_007350:part_5,2008_007350,aeroplane,wheel,wheel,0.14222222566604614,0.24902723729610443,0.7117117047309875,0.007961783558130264,1.0,1.0,1.0
fixed_uvd,test_seen,1259,val:2008_007392:part_70,2008_007392,horse,tail,tail,0.08383233845233917,0.15469613671302795,0.04729729890823364,0.012118986807763577,1.0,1.0,1.0
fixed_uvd,test_seen,1260,val:2008_007392:part_71,2008_007392,horse,head,head,0.5521628260612488,0.7114754319190979,0.20375335216522217,0.08703635632991791,1.0,1.0,1.0
fixed_uvd,test_seen,1261,val:2008_007392:part_73,2008_007392,horse,torso,torso,0.477994441986084,0.6468149423599243,0.17777778208255768,0.5115681290626526,1.0,1.0,1.0
fixed_uvd,test_seen,1262,val:2008_007392:part_74,2008_007392,horse,neck,neck,0.45467835664749146,0.6251256465911865,0.04172876477241516,0.11898641288280487,1.0,1.0,1.0
fixed_uvd,test_seen,1263,val:2008_007392:part_75,2008_007392,horse,leg,leg,0.28947368264198303,0.44897958636283875,0.45705750584602356,0.17407271265983582,1.0,1.0,1.0
fixed_uvd,test_seen,1264,val:2008_007392:part_76,2008_007392,horse,ear,ear,0.05925925821065903,0.1118881106376648,0.7415730357170105,0.019831068813800812,1.0,1.0,1.0
fixed_uvd,test_seen,1265,val:2008_007392:part_77,2008_007392,horse,muzzle,muzzle,0.39393940567970276,0.5652173757553101,0.4451219439506531,0.05802423879504204,1.0,1.0,1.0
fixed_uvd,test_seen,1266,val:2008_007392:part_85,2008_007392,person,torso,torso,0.004694835748523474,0.009345794096589088,0.19387754797935486,0.31969308853149414,1.0,1.0,1.0
fixed_uvd,test_seen,1267,val:2008_007402:part_83,2008_007402,person,head,head,0.26451611518859863,0.4183673560619354,0.15143603086471558,0.02343124896287918,1.0,1.0,1.0
fixed_uvd,test_seen,1268,val:2008_007402:part_84,2008_007402,person,eye,eye,0.0,0.0,0.0,0.0005714938743039966,1.0,1.0,1.0
fixed_uvd,test_seen,1269,val:2008_007402:part_85,2008_007402,person,torso,torso,0.36830049753189087,0.5383327603340149,0.03998037800192833,0.21682478487491608,1.0,1.0,1.0
fixed_uvd,test_seen,1270,val:2008_007402:part_88,2008_007402,person,foot,foot,0.1109057292342186,0.19966721534729004,0.6281310319900513,0.009372499771416187,1.0,1.0,1.0
fixed_uvd,test_seen,1271,val:2008_007402:part_89,2008_007402,person,nose,nose,0.0,0.0,1.0,0.0019430791726335883,1.0,1.0,1.0
fixed_uvd,test_seen,1272,val:2008_007402:part_90,2008_007402,person,ear,ear,0.013698630034923553,0.027027027681469917,0.0,0.0020573779474943876,1.0,1.0,1.0
fixed_uvd,test_seen,1273,val:2008_007402:part_91,2008_007402,person,eyebrow,eyebrow,0.0,0.0,0.0,0.00022859754972159863,1.0,1.0,1.0
fixed_uvd,test_seen,1274,val:2008_007402:part_92,2008_007402,person,mouth,mouth,0.0,0.0,0.0,0.00045719509944319725,1.0,1.0,1.0
fixed_uvd,test_seen,1275,val:2008_007402:part_93,2008_007402,person,hair,hair,0.6281779408454895,0.7716330289840698,0.1659528911113739,0.06892216205596924,1.0,1.0,1.0
fixed_uvd,test_seen,1276,val:2008_007402:part_94,2008_007402,person,lower arm,lower arm,0.4646739065647125,0.6345083713531494,0.09497206658124924,0.041376158595085144,1.0,1.0,1.0
fixed_uvd,test_seen,1277,val:2008_007402:part_95,2008_007402,person,upper arm,upper arm,0.6255247592926025,0.76962810754776,0.013663535006344318,0.08743856102228165,1.0,1.0,1.0
fixed_uvd,test_seen,1278,val:2008_007402:part_96,2008_007402,person,hand,hand,0.40289855003356934,0.5743801593780518,0.12925170361995697,0.0217167679220438,1.0,1.0,1.0
fixed_uvd,test_seen,1279,val:2008_007507:part_0,2008_007507,aeroplane,body,body,0.09917355328798294,0.18045112490653992,0.6493902206420898,0.32568806409835815,1.0,1.0,1.0
fixed_uvd,test_seen,1280,val:2008_007507:part_1,2008_007507,aeroplane,stern,stern,0.03861003741621971,0.07434944063425064,0.5601660013198853,0.12844036519527435,1.0,1.0,1.0
fixed_uvd,test_seen,1281,val:2008_007507:part_2,2008_007507,aeroplane,wing,wing,0.2847222089767456,0.44324323534965515,0.45588234066963196,0.44954127073287964,1.0,1.0,1.0
fixed_uvd,test_seen,1282,val:2008_007507:part_5,2008_007507,aeroplane,wheel,wheel,0.0,0.0,0.0,0.059633027762174606,1.0,1.0,1.0
fixed_uvd,test_seen,1283,val:2008_007527:part_115,2008_007527,tvmonitor,screen,screen,0.8263750672340393,0.9049347043037415,0.013605441898107529,0.8297625780105591,1.0,1.0,1.0
fixed_uvd,test_seen,1284,val:2008_007548:part_42,2008_007548,cat,tail,tail,0.4726867377758026,0.6419379115104675,0.375,0.10371589660644531,1.0,1.0,1.0
fixed_uvd,test_seen,1285,val:2008_007548:part_43,2008_007548,cat,head,head,0.3571428656578064,0.5263158082962036,0.02380952425301075,0.05432737618684769,1.0,1.0,1.0
fixed_uvd,test_seen,1286,val:2008_007548:part_45,2008_007548,cat,torso,torso,0.7365745306015015,0.8483074307441711,0.034261927008628845,0.5507996082305908,1.0,1.0,1.0
fixed_uvd,test_seen,1287,val:2008_007548:part_47,2008_007548,cat,leg,leg,0.39395371079444885,0.5652320981025696,0.30207252502441406,0.24012228846549988,1.0,1.0,1.0
fixed_uvd,test_seen,1288,val:2008_007548:part_49,2008_007548,cat,paw,paw,0.17826618254184723,0.30259066820144653,0.6495726704597473,0.03433678299188614,1.0,1.0,1.0
fixed_uvd,test_seen,1289,val:2008_007548:part_50,2008_007548,cat,ear,ear,0.0,0.0,0.1230769231915474,0.009642520919442177,1.0,1.0,1.0
fixed_uvd,test_seen,1290,val:2008_007596:part_51,2008_007596,cow,tail,tail,0.04651162773370743,0.08888889104127884,0.25581395626068115,0.011928429827094078,1.0,1.0,1.0
fixed_uvd,test_seen,1291,val:2008_007596:part_52,2008_007596,cow,head,head,0.24170616269111633,0.3893129825592041,0.27962085604667664,0.05069582536816597,1.0,1.0,1.0
fixed_uvd,test_seen,1292,val:2008_007596:part_54,2008_007596,cow,torso,torso,0.6750503182411194,0.8060060143470764,0.17640320956707,0.7872763276100159,1.0,1.0,1.0
fixed_uvd,test_seen,1293,val:2008_007596:part_55,2008_007596,cow,neck,neck,0.1319018453359604,0.23306232690811157,0.16871166229248047,0.042743537575006485,1.0,1.0,1.0
fixed_uvd,test_seen,1294,val:2008_007596:part_56,2008_007596,cow,leg,leg,0.11977715790271759,0.21393035352230072,0.22054380178451538,0.07057654112577438,1.0,1.0,1.0
fixed_uvd,test_seen,1295,val:2008_007596:part_57,2008_007596,cow,ear,ear,0.0,0.0,0.0,0.000994035741314292,1.0,1.0,1.0
fixed_uvd,test_seen,1296,val:2008_007596:part_58,2008_007596,cow,muzzle,muzzle,0.0,0.0,0.4137931168079376,0.026838965713977814,1.0,1.0,1.0
fixed_uvd,test_seen,1297,val:2008_007737:part_20,2008_007737,bottle,body,body,0.19601593911647797,0.32778146862983704,0.47960197925567627,0.5629965662956238,1.0,1.0,1.0
fixed_uvd,test_seen,1298,val:2008_007797:part_22,2008_007797,bus,wheel,wheel,0.4063400626182556,0.5778688788414001,0.1169811338186264,0.01324228011071682,1.0,1.0,1.0
fixed_uvd,test_seen,1299,val:2008_007797:part_25,2008_007797,bus,side,side,0.5561317205429077,0.7147617340087891,0.07206238061189651,0.13557006418704987,1.0,1.0,1.0
fixed_uvd,test_seen,1300,val:2008_007797:part_26,2008_007797,bus,back,back,0.7983180284500122,0.8878496289253235,0.08015551418066025,0.6407957077026367,1.0,1.0,1.0
fixed_uvd,test_seen,1301,val:2008_007797:part_31,2008_007797,bus,window,window,0.5854518413543701,0.7385299801826477,0.030110342428088188,0.18984560668468475,1.0,1.0,1.0
fixed_uvd,test_seen,1302,val:2008_007804:part_22,2008_007804,bus,wheel,wheel,0.0,0.0,0.0,0.018518518656492233,1.0,1.0,1.0
fixed_uvd,test_seen,1303,val:2008_007804:part_24,2008_007804,bus,front,front,0.23148147761821747,0.37593984603881836,0.04494382068514824,0.32592591643333435,1.0,1.0,1.0
fixed_uvd,test_seen,1304,val:2008_007804:part_25,2008_007804,bus,side,side,0.014814814552664757,0.029197080060839653,0.0,0.385185182094574,1.0,1.0,1.0
fixed_uvd,test_seen,1305,val:2008_007804:part_31,2008_007804,bus,window,window,0.3819444477558136,0.552763819694519,0.02380952425301075,0.27037036418914795,1.0,1.0,1.0
fixed_uvd,test_seen,1306,val:2008_007811:part_20,2008_007811,bottle,body,body,0.8823680877685547,0.9375085830688477,0.07337553054094315,0.9536304473876953,1.0,1.0,1.0
fixed_uvd,test_seen,1307,val:2008_007811:part_21,2008_007811,bottle,cap,cap,0.3488371968269348,0.517241358757019,0.45955249667167664,0.016034984961152077,1.0,1.0,1.0
fixed_uvd,test_seen,1308,val:2008_007828:part_115,2008_007828,tvmonitor,screen,screen,0.0,0.0,0.0,0.25470513105392456,1.0,1.0,1.0
fixed_uvd,test_seen,1309,val:2008_007836:part_0,2008_007836,aeroplane,body,body,0.1743772178888321,0.2969697117805481,0.3968871533870697,0.37244898080825806,1.0,1.0,1.0
fixed_uvd,test_seen,1310,val:2008_007836:part_1,2008_007836,aeroplane,stern,stern,0.02259887009859085,0.0441988967359066,0.39855071902275085,0.21938775479793549,1.0,1.0,1.0
fixed_uvd,test_seen,1311,val:2008_007836:part_2,2008_007836,aeroplane,wing,wing,0.20000000298023224,0.3333333432674408,0.5315789580345154,0.3877550959587097,1.0,1.0,1.0
fixed_uvd,test_seen,1312,val:2008_007945:part_70,2008_007945,horse,tail,tail,0.1867656111717224,0.31474727392196655,0.2918586730957031,0.08860316872596741,1.0,1.0,1.0
fixed_uvd,test_seen,1313,val:2008_007945:part_71,2008_007945,horse,head,head,0.33851468563079834,0.5058064460754395,0.039175257086753845,0.07441827654838562,1.0,1.0,1.0
fixed_uvd,test_seen,1314,val:2008_007945:part_73,2008_007945,horse,torso,torso,0.34913507103919983,0.5175687670707703,0.023565184324979782,0.3462371528148651,1.0,1.0,1.0
fixed_uvd,test_seen,1315,val:2008_007945:part_74,2008_007945,horse,neck,neck,0.6129404902458191,0.7600286602973938,0.0904223695397377,0.0776325911283493,1.0,1.0,1.0
fixed_uvd,test_seen,1316,val:2008_007945:part_75,2008_007945,horse,leg,leg,0.15633496642112732,0.2703973650932312,0.314453125,0.11830060929059982,1.0,1.0,1.0
fixed_uvd,test_seen,1317,val:2008_007945:part_76,2008_007945,horse,ear,ear,0.0,0.0,0.0,0.004262455273419619,1.0,1.0,1.0
fixed_uvd,test_seen,1318,val:2008_007994:part_87,2008_007994,person,leg,leg,0.0,0.0,0.0,0.00011156356049468741,1.0,1.0,1.0
fixed_uvd,test_seen,1319,val:2008_007994:part_88,2008_007994,person,foot,foot,0.0,0.0,0.0,0.00011157600965816528,1.0,1.0,1.0
fixed_uvd,test_seen,1320,val:2008_008221:part_83,2008_008221,person,head,head,0.25242719054222107,0.40310078859329224,0.2142857164144516,0.05757776275277138,1.0,1.0,1.0
fixed_uvd,test_seen,1321,val:2008_008221:part_85,2008_008221,person,torso,torso,0.539130449295044,0.700564980506897,0.10729990899562836,0.4189278483390808,1.0,1.0,1.0
fixed_uvd,test_seen,1322,val:2008_008221:part_87,2008_008221,person,leg,leg,0.3053892254829407,0.4678899049758911,0.3896848261356354,0.3461284041404724,1.0,1.0,1.0
fixed_uvd,test_seen,1323,val:2008_008221:part_90,2008_008221,person,ear,ear,0.0,0.0,0.0,0.001985440030694008,1.0,1.0,1.0
fixed_uvd,test_seen,1324,val:2008_008221:part_93,2008_008221,person,hair,hair,0.12820513546466827,0.22727273404598236,0.20588235557079315,0.006618133746087551,1.0,1.0,1.0
fixed_uvd,test_seen,1325,val:2008_008221:part_94,2008_008221,person,lower arm,lower arm,0.26153847575187683,0.4146341383457184,0.25806450843811035,0.046988748013973236,1.0,1.0,1.0
fixed_uvd,test_seen,1326,val:2008_008221:part_95,2008_008221,person,upper arm,upper arm,0.1515151560306549,0.2631579041481018,0.2142857164144516,0.1019192561507225,1.0,1.0,1.0
fixed_uvd,test_seen,1327,val:2008_008221:part_96,2008_008221,person,hand,hand,0.03846153989434242,0.07407407462596893,0.3365384638309479,0.0026472534518688917,1.0,1.0,1.0
fixed_uvd,test_seen,1328,val:2008_008221:part_109,2008_008221,train,head,head,0.0,0.0,0.35280728340148926,7.641754200449213e-05,1.0,1.0,1.0
fixed_uvd,test_seen,1329,val:2008_008252:part_23,2008_008252,bus,headlight,headlight,0.19001387059688568,0.3193473219871521,0.019417475908994675,0.016414746642112732,1.0,1.0,1.0
fixed_uvd,test_seen,1330,val:2008_008252:part_24,2008_008252,bus,front,front,0.8197172284126282,0.9009281396865845,0.07455840706825256,0.6108337044715881,1.0,1.0,1.0
fixed_uvd,test_seen,1331,val:2008_008252:part_28,2008_008252,bus,mirror,mirror,0.08689655363559723,0.15989847481250763,0.23538461327552795,0.00943847931921482,1.0,1.0,1.0
fixed_uvd,test_seen,1332,val:2008_008252:part_30,2008_008252,bus,door,door,0.12287025153636932,0.2188502997159958,0.022765886038541794,0.03310307115316391,1.0,1.0,1.0
fixed_uvd,test_seen,1333,val:2008_008252:part_31,2008_008252,bus,window,window,0.8010239005088806,0.8895205855369568,0.021262003108859062,0.32296013832092285,1.0,1.0,1.0
fixed_uvd,test_seen,1334,val:2008_008296:part_70,2008_008296,horse,tail,tail,0.0,0.0,1.0,0.17272727191448212,1.0,1.0,1.0
fixed_uvd,test_seen,1335,val:2008_008296:part_71,2008_008296,horse,head,head,0.0,0.0,0.14705882966518402,0.05454545468091965,1.0,1.0,1.0
fixed_uvd,test_seen,1336,val:2008_008296:part_73,2008_008296,horse,torso,torso,0.022727273404598236,0.04444444552063942,0.0,0.5333333611488342,1.0,1.0,1.0
fixed_uvd,test_seen,1337,val:2008_008296:part_74,2008_008296,horse,neck,neck,0.0,0.0,0.2150537669658661,0.08787878602743149,1.0,1.0,1.0
fixed_uvd,test_seen,1338,val:2008_008296:part_75,2008_008296,horse,leg,leg,0.0,0.0,0.0,0.08787878602743149,1.0,1.0,1.0
fixed_uvd,test_seen,1339,val:2008_008296:part_77,2008_008296,horse,muzzle,muzzle,0.0,0.0,0.2957746386528015,0.03333333507180214,1.0,1.0,1.0
fixed_uvd,test_seen,1340,val:2008_008301:part_22,2008_008301,bus,wheel,wheel,0.48469388484954834,0.6529209613800049,0.03432701155543327,0.04435651749372482,1.0,1.0,1.0
fixed_uvd,test_seen,1341,val:2008_008301:part_25,2008_008301,bus,side,side,0.9477161169052124,0.9731562733650208,0.014253135770559311,0.9498819708824158,1.0,1.0,1.0
fixed_uvd,test_seen,1342,val:2008_008335:part_83,2008_008335,person,head,head,0.6172032356262207,0.7632970213890076,0.03520408272743225,0.08209052681922913,1.0,1.0,1.0
fixed_uvd,test_seen,1343,val:2008_008335:part_84,2008_008335,person,eye,eye,0.05714285746216774,0.10810811072587967,0.0,0.00399005739018321,1.0,1.0,1.0
fixed_uvd,test_seen,1344,val:2008_008335:part_85,2008_008335,person,torso,torso,0.8381659984588623,0.9119589924812317,0.02081756293773651,0.31783097982406616,1.0,1.0,1.0
fixed_uvd,test_seen,1345,val:2008_008335:part_86,2008_008335,person,neck,neck,0.38947367668151855,0.560606062412262,0.0962962955236435,0.01687598042190075,1.0,1.0,1.0
fixed_uvd,test_seen,1346,val:2008_008335:part_89,2008_008335,person,nose,nose,0.4715026021003723,0.6408450603485107,0.0,0.008830455131828785,1.0,1.0,1.0
fixed_uvd,test_seen,1347,val:2008_008335:part_90,2008_008335,person,ear,ear,0.45728641748428345,0.6275861859321594,0.19186046719551086,0.007718471810221672,1.0,1.0,1.0
fixed_uvd,test_seen,1348,val:2008_008335:part_91,2008_008335,person,eyebrow,eyebrow,0.0,0.0,0.0,0.0031397175043821335,1.0,1.0,1.0
fixed_uvd,test_seen,1349,val:2008_008335:part_92,2008_008335,person,mouth,mouth,0.368794322013855,0.5388600826263428,0.0,0.004120879340916872,1.0,1.0,1.0
fixed_uvd,test_seen,1350,val:2008_008335:part_93,2008_008335,person,hair,hair,0.7795018553733826,0.8760899305343628,0.11120332032442093,0.12742020189762115,1.0,1.0,1.0
fixed_uvd,test_seen,1351,val:2008_008335:part_94,2008_008335,person,lower arm,lower arm,0.4876421093940735,0.6555906534194946,0.1366906464099884,0.1300366371870041,1.0,1.0,1.0
fixed_uvd,test_seen,1352,val:2008_008335:part_95,2008_008335,person,upper arm,upper arm,0.6373554468154907,0.7785181403160095,0.05939450114965439,0.20781004428863525,1.0,1.0,1.0
fixed_uvd,test_seen,1353,val:2008_008335:part_96,2008_008335,person,hand,hand,0.4418254792690277,0.6128695607185364,0.236570805311203,0.067503921687603,1.0,1.0,1.0
fixed_uvd,test_seen,1354,val:2008_008362:part_20,2008_008362,bottle,body,body,0.0,0.0,0.0,0.269565224647522,1.0,1.0,1.0
fixed_uvd,test_seen,1355,val:2008_008362:part_21,2008_008362,bottle,cap,cap,0.0,0.0,0.0,0.008695651777088642,1.0,1.0,1.0
fixed_uvd,test_seen,1356,val:2008_008392:part_70,2008_008392,horse,tail,tail,0.0,0.0,0.0,0.005654632579535246,1.0,1.0,1.0
fixed_uvd,test_seen,1357,val:2008_008392:part_71,2008_008392,horse,head,head,0.7262930870056152,0.841448187828064,0.07673861086368561,0.08351457118988037,1.0,1.0,1.0
fixed_uvd,test_seen,1358,val:2008_008392:part_72,2008_008392,horse,eye,eye,0.0,0.0,0.0,0.0010874293511733413,1.0,1.0,1.0
fixed_uvd,test_seen,1359,val:2008_008392:part_73,2008_008392,horse,torso,torso,0.6225590705871582,0.7673792839050293,0.15047915279865265,0.5337103009223938,1.0,1.0,1.0
fixed_uvd,test_seen,1360,val:2008_008392:part_74,2008_008392,horse,neck,neck,0.5494100451469421,0.7091860771179199,0.2418879121541977,0.16202697157859802,1.0,1.0,1.0
fixed_uvd,test_seen,1361,val:2008_008392:part_75,2008_008392,horse,leg,leg,0.4532163739204407,0.6237424612045288,0.4013814330101013,0.14897781610488892,1.0,1.0,1.0
fixed_uvd,test_seen,1362,val:2008_008392:part_77,2008_008392,horse,muzzle,muzzle,0.5839415788650513,0.7373272180557251,0.1111111119389534,0.027620704844594002,1.0,1.0,1.0
fixed_uvd,test_seen,1363,val:2008_008392:part_78,2008_008392,horse,hoof,hoof,0.13846154510974884,0.2432432472705841,0.7594936490058899,0.012831665575504303,1.0,1.0,1.0
fixed_uvd,test_seen,1364,val:2008_008393:part_71,2008_008393,horse,head,head,0.5699672698974609,0.7260881066322327,0.01615508832037449,0.37401852011680603,1.0,1.0,1.0
fixed_uvd,test_seen,1365,val:2008_008393:part_72,2008_008393,horse,eye,eye,0.17190775275230408,0.2933810353279114,0.0,0.006193091627210379,1.0,1.0,1.0
fixed_uvd,test_seen,1366,val:2008_008393:part_73,2008_008393,horse,torso,torso,0.8603346347808838,0.9249246120452881,0.03454472869634628,0.32753345370292664,1.0,1.0,1.0
fixed_uvd,test_seen,1367,val:2008_008393:part_77,2008_008393,horse,muzzle,muzzle,0.8061716556549072,0.8926855325698853,0.00021970778470858932,0.2858406901359558,1.0,1.0,1.0
fixed_uvd,test_seen,1368,val:2008_008421:part_71,2008_008421,horse,head,head,0.7375686764717102,0.8489663600921631,0.05318373814225197,0.4062059223651886,1.0,1.0,1.0
fixed_uvd,test_seen,1369,val:2008_008421:part_72,2008_008421,horse,eye,eye,0.19503545761108398,0.3264094889163971,0.0,0.004454012494534254,1.0,1.0,1.0
fixed_uvd,test_seen,1370,val:2008_008421:part_73,2008_008421,horse,torso,torso,0.05171465128660202,0.09834350645542145,0.14120455086231232,0.02145349234342575,1.0,1.0,1.0
fixed_uvd,test_seen,1371,val:2008_008421:part_74,2008_008421,horse,neck,neck,0.6434481143951416,0.7830464839935303,0.12078049033880234,0.2535817623138428,1.0,1.0,1.0
fixed_uvd,test_seen,1372,val:2008_008421:part_76,2008_008421,horse,ear,ear,0.5632184147834778,0.720588207244873,0.22013652324676514,0.05433895066380501,1.0,1.0,1.0
fixed_uvd,test_seen,1373,val:2008_008421:part_77,2008_008421,horse,muzzle,muzzle,0.6551724076271057,0.7916666865348816,0.10623818635940552,0.2593719959259033,1.0,1.0,1.0
fixed_uvd,test_seen,1374,val:2008_008434:part_97,2008_008434,pottedplant,pot,pot,0.37152615189552307,0.5417704582214355,0.16938111186027527,0.2325415164232254,1.0,1.0,1.0
fixed_uvd,test_seen,1375,val:2008_008434:part_98,2008_008434,pottedplant,plant,plant,0.6685126423835754,0.8013275861740112,0.14444008469581604,0.7505773901939392,1.0,1.0,1.0
fixed_uvd,test_seen,1376,val:2008_008469:part_22,2008_008469,bus,wheel,wheel,0.0,0.0,0.0,0.003787684952840209,1.0,1.0,1.0
fixed_uvd,test_seen,1377,val:2008_008469:part_23,2008_008469,bus,headlight,headlight,0.3779527544975281,0.5485714077949524,0.11363636702299118,0.011158314533531666,1.0,1.0,1.0
fixed_uvd,test_seen,1378,val:2008_008469:part_24,2008_008469,bus,front,front,0.36348479986190796,0.5331702828407288,0.16077987849712372,0.13999079167842865,1.0,1.0,1.0
fixed_uvd,test_seen,1379,val:2008_008469:part_25,2008_008469,bus,side,side,0.39191934466362,0.5631351470947266,0.14698609709739685,0.3818395733833313,1.0,1.0,1.0
fixed_uvd,test_seen,1380,val:2008_008469:part_28,2008_008469,bus,mirror,mirror,0.0,0.0,0.008510638028383255,0.004811383318156004,1.0,1.0,1.0
fixed_uvd,test_seen,1381,val:2008_008469:part_30,2008_008469,bus,door,door,0.2766900360584259,0.43344902992248535,0.07194404304027557,0.17310743033885956,1.0,1.0,1.0
fixed_uvd,test_seen,1382,val:2008_008469:part_31,2008_008469,bus,window,window,0.4641437828540802,0.6340139508247375,0.05004321411252022,0.2751701772212982,1.0,1.0,1.0
fixed_uvd,test_seen,1383,val:2008_008629:part_6,2008_008629,bicycle,wheel,wheel,0.005809731315821409,0.011552346870303154,0.6032711863517761,0.05879899859428406,1.0,1.0,1.0
fixed_uvd,test_seen,1384,val:2008_008629:part_7,2008_008629,bicycle,saddle,saddle,0.0,0.0,0.9333333373069763,0.0033361134119331837,1.0,1.0,1.0
fixed_uvd,test_seen,1385,val:2008_008629:part_8,2008_008629,bicycle,handlebar,handlebar,0.0022573363967239857,0.0045045046135783195,0.8883610367774963,0.004795663058757782,1.0,1.0,1.0
fixed_uvd,test_seen,1386,val:2008_008629:part_9,2008_008629,bicycle,chainwheel,chainwheel,0.0,0.0,0.3340857923030853,0.00917431153357029,1.0,1.0,1.0
fixed_uvd,test_seen,1387,val:2008_008682:part_22,2008_008682,bus,wheel,wheel,0.1876288652420044,0.3159722089767456,0.11087419837713242,0.013153042644262314,1.0,1.0,1.0
fixed_uvd,test_seen,1388,val:2008_008682:part_23,2008_008682,bus,headlight,headlight,0.0,0.0,0.0,0.001598033239133656,1.0,1.0,1.0
fixed_uvd,test_seen,1389,val:2008_008682:part_24,2008_008682,bus,front,front,0.3926650285720825,0.5639045238494873,0.09559279680252075,0.15205900371074677,1.0,1.0,1.0
fixed_uvd,test_seen,1390,val:2008_008682:part_25,2008_008682,bus,side,side,0.5920464992523193,0.7437552809715271,0.013820335268974304,0.18893669545650482,1.0,1.0,1.0
fixed_uvd,test_seen,1391,val:2008_008682:part_28,2008_008682,bus,mirror,mirror,0.08080808073282242,0.14953270554542542,0.0,0.0027043637819588184,1.0,1.0,1.0
fixed_uvd,test_seen,1392,val:2008_008682:part_29,2008_008682,bus,license plate,license plate,0.0,0.0,0.0,0.0004917025216855109,1.0,1.0,1.0
fixed_uvd,test_seen,1393,val:2008_008682:part_30,2008_008682,bus,door,door,0.0,0.0,0.0,0.00774431461468339,1.0,1.0,1.0
fixed_uvd,test_seen,1394,val:2008_008682:part_31,2008_008682,bus,window,window,0.09257737547159195,0.169466033577919,0.048876743763685226,0.08543331176042557,1.0,1.0,1.0
fixed_uvd,test_seen,1395,val:2008_008711:part_6,2008_008711,bicycle,wheel,wheel,0.12096592038869858,0.2158244401216507,0.8434579372406006,0.5820444822311401,1.0,1.0,1.0
fixed_uvd,test_seen,1396,val:2008_008711:part_7,2008_008711,bicycle,saddle,saddle,0.5123456716537476,0.6775510311126709,0.47133758664131165,0.06639004498720169,1.0,1.0,1.0
fixed_uvd,test_seen,1397,val:2008_008711:part_8,2008_008711,bicycle,handlebar,handlebar,0.0839160829782486,0.1548387110233307,0.8235294222831726,0.03281780332326889,1.0,1.0,1.0
fixed_uvd,test_seen,1398,val:2008_008711:part_9,2008_008711,bicycle,chainwheel,chainwheel,0.25475841760635376,0.4060676693916321,0.7004470825195312,0.07016219943761826,1.0,1.0,1.0
fixed_uvd,test_seen,1399,val:2009_000012:part_70,2009_000012,horse,tail,tail,0.5545722842216492,0.7134724855422974,0.10220126062631607,0.0804310142993927,1.0,1.0,1.0
fixed_uvd,test_seen,1400,val:2009_000012:part_71,2009_000012,horse,head,head,0.438867449760437,0.6100178956985474,0.19176319241523743,0.06561477482318878,1.0,1.0,1.0
fixed_uvd,test_seen,1401,val:2009_000012:part_72,2009_000012,horse,eye,eye,0.0,0.0,0.0,0.0005772560834884644,1.0,1.0,1.0
fixed_uvd,test_seen,1402,val:2009_000012:part_73,2009_000012,horse,torso,torso,0.6607142686843872,0.7956989407539368,0.08555896580219269,0.5458918809890747,1.0,1.0,1.0
fixed_uvd,test_seen,1403,val:2009_000012:part_74,2009_000012,horse,neck,neck,0.5466143488883972,0.7068527936935425,0.14807502925395966,0.10833173245191574,1.0,1.0,1.0
fixed_uvd,test_seen,1404,val:2009_000012:part_75,2009_000012,horse,leg,leg,0.3995703458786011,0.5709900259971619,0.29527992010116577,0.15085625648498535,1.0,1.0,1.0
fixed_uvd,test_seen,1405,val:2009_000012:part_76,2009_000012,horse,ear,ear,0.0,0.0,0.03999999910593033,0.002501443028450012,1.0,1.0,1.0
fixed_uvd,test_seen,1406,val:2009_000012:part_77,2009_000012,horse,muzzle,muzzle,0.2954545319080353,0.45614033937454224,0.18928571045398712,0.02289782650768757,1.0,1.0,1.0
fixed_uvd,test_seen,1407,val:2009_000013:part_43,2009_000013,cat,head,head,0.47772276401519775,0.6465661525726318,0.06611569970846176,0.06890527904033661,1.0,1.0,1.0
fixed_uvd,test_seen,1408,val:2009_000013:part_44,2009_000013,cat,eye,eye,0.0,0.0,0.0,0.000776397529989481,1.0,1.0,1.0
fixed_uvd,test_seen,1409,val:2009_000013:part_45,2009_000013,cat,torso,torso,0.2841830849647522,0.442589670419693,0.08883970975875854,0.2465062141418457,1.0,1.0,1.0
fixed_uvd,test_seen,1410,val:2009_000013:part_46,2009_000013,cat,neck,neck,0.0,0.0,0.0,0.011840062215924263,1.0,1.0,1.0
fixed_uvd,test_seen,1411,val:2009_000013:part_47,2009_000013,cat,leg,leg,0.060975611209869385,0.1149425283074379,0.3885965049266815,0.04891304299235344,1.0,1.0,1.0
fixed_uvd,test_seen,1412,val:2009_000013:part_48,2009_000013,cat,nose,nose,0.0,0.0,0.0,0.000776397529989481,1.0,1.0,1.0
fixed_uvd,test_seen,1413,val:2009_000013:part_49,2009_000013,cat,paw,paw,0.0,0.0,0.7840909361839294,0.008928571827709675,1.0,1.0,1.0
fixed_uvd,test_seen,1414,val:2009_000013:part_50,2009_000013,cat,ear,ear,0.20588235557079315,0.3414634168148041,0.13215859234333038,0.027562111616134644,1.0,1.0,1.0
fixed_uvd,test_seen,1415,val:2009_000022:part_109,2009_000022,train,head,head,0.01826483942568302,0.035874441266059875,0.35078534483909607,0.016877636313438416,1.0,1.0,1.0
fixed_uvd,test_seen,1416,val:2009_000022:part_110,2009_000022,train,front,front,0.4201355278491974,0.5916836857795715,0.20135527849197388,0.22890295088291168,1.0,1.0,1.0
fixed_uvd,test_seen,1417,val:2009_000022:part_111,2009_000022,train,side,side,0.5868157744407654,0.7396142482757568,0.05457340553402901,0.7357594966888428,1.0,1.0,1.0
fixed_uvd,test_seen,1418,val:2009_000022:part_114,2009_000022,train,coach,coach,0.001411432633176446,0.002818886423483491,0.06476868689060211,0.007383966352790594,1.0,1.0,1.0
fixed_uvd,test_seen,1419,val:2009_000080:part_42,2009_000080,cat,tail,tail,0.5703125,0.7263681888580322,0.24847561120986938,0.1401630938053131,1.0,1.0,1.0
fixed_uvd,test_seen,1420,val:2009_000080:part_43,2009_000080,cat,head,head,0.4253859221935272,0.5968712568283081,0.03776978328824043,0.07008154690265656,1.0,1.0,1.0
fixed_uvd,test_seen,1421,val:2009_000080:part_44,2009_000080,cat,eye,eye,0.0,0.0,0.0,0.0007645260193385184,1.0,1.0,1.0
fixed_uvd,test_seen,1422,val:2009_000080:part_45,2009_000080,cat,torso,torso,0.8273381590843201,0.9055117964744568,0.06377440690994263,0.5777267813682556,1.0,1.0,1.0
fixed_uvd,test_seen,1423,val:2009_000080:part_46,2009_000080,cat,neck,neck,0.22906403243541718,0.37274548411369324,0.006756756920367479,0.051732923835515976,1.0,1.0,1.0
fixed_uvd,test_seen,1424,val:2009_000080:part_47,2009_000080,cat,leg,leg,0.5129151344299316,0.6780487895011902,0.22457626461982727,0.08868501335382462,1.0,1.0,1.0
fixed_uvd,test_seen,1425,val:2009_000080:part_49,2009_000080,cat,paw,paw,0.2090592384338379,0.3458213210105896,0.18385650217533112,0.031600408256053925,1.0,1.0,1.0
fixed_uvd,test_seen,1426,val:2009_000080:part_50,2009_000080,cat,ear,ear,0.2182539701461792,0.3583061993122101,0.3700000047683716,0.027268093079328537,1.0,1.0,1.0
fixed_uvd,test_seen,1427,val:2009_000121:part_20,2009_000121,bottle,body,body,0.1537594199180603,0.2665363550186157,0.09354935586452484,0.163834810256958,1.0,1.0,1.0
fixed_uvd,test_seen,1428,val:2009_000136:part_115,2009_000136,tvmonitor,screen,screen,0.6007843017578125,0.7506124377250671,0.0008190008229576051,0.45504993200302124,1.0,1.0,1.0
fixed_uvd,test_seen,1429,val:2009_000149:part_6,2009_000149,bicycle,wheel,wheel,0.09771736711263657,0.1780373901128769,0.8759377002716064,0.4960390031337738,1.0,1.0,1.0
fixed_uvd,test_seen,1430,val:2009_000149:part_7,2009_000149,bicycle,saddle,saddle,0.38277512788772583,0.5536332130432129,0.28099173307418823,0.10237660259008408,1.0,1.0,1.0
fixed_uvd,test_seen,1431,val:2009_000149:part_8,2009_000149,bicycle,handlebar,handlebar,0.10143043100833893,0.18417945504188538,0.8264706134796143,0.10176721215248108,1.0,1.0,1.0
fixed_uvd,test_seen,1432,val:2009_000149:part_9,2009_000149,bicycle,chainwheel,chainwheel,0.0,0.0,0.71875,0.07190737128257751,1.0,1.0,1.0
fixed_uvd,test_seen,1433,val:2009_000201:part_20,2009_000201,bottle,body,body,0.8085557222366333,0.8941451907157898,0.15193189680576324,0.9297792315483093,1.0,1.0,1.0
fixed_uvd,test_seen,1434,val:2009_000201:part_21,2009_000201,bottle,cap,cap,0.5837563276290894,0.7371794581413269,0.23863635957241058,0.031939879059791565,1.0,1.0,1.0
fixed_uvd,test_seen,1435,val:2009_000205:part_0,2009_000205,aeroplane,body,body,0.46336784958839417,0.633289635181427,0.4711934030056,0.6069237589836121,1.0,1.0,1.0
fixed_uvd,test_seen,1436,val:2009_000205:part_1,2009_000205,aeroplane,stern,stern,0.3888888955116272,0.5600000023841858,0.27831557393074036,0.35451358556747437,1.0,1.0,1.0
fixed_uvd,test_seen,1437,val:2009_000205:part_4,2009_000205,aeroplane,engine,engine,0.0018214936135336757,0.003636363660916686,0.8757514953613281,0.022348817437887192,1.0,1.0,1.0
fixed_uvd,test_seen,1438,val:2009_000219:part_52,2009_000219,cow,head,head,0.5335628390312195,0.6958473920822144,0.047238998115062714,0.21213926374912262,1.0,1.0,1.0
fixed_uvd,test_seen,1439,val:2009_000219:part_53,2009_000219,cow,eye,eye,0.41605839133262634,0.5876288414001465,0.0,0.00859794020652771,1.0,1.0,1.0
fixed_uvd,test_seen,1440,val:2009_000219:part_54,2009_000219,cow,torso,torso,0.7718276977539062,0.8712220788002014,0.08970840275287628,0.4106580317020416,1.0,1.0,1.0
fixed_uvd,test_seen,1441,val:2009_000219:part_57,2009_000219,cow,ear,ear,0.496653288602829,0.663685142993927,0.0,0.053375329822301865,1.0,1.0,1.0
fixed_uvd,test_seen,1442,val:2009_000219:part_58,2009_000219,cow,muzzle,muzzle,0.6831546425819397,0.8117550611495972,0.09337978810071945,0.16991572082042694,1.0,1.0,1.0
fixed_uvd,test_seen,1443,val:2009_000219:part_83,2009_000219,person,head,head,0.0,0.0,0.2784150242805481,0.00012868356134276837,1.0,1.0,1.0
fixed_uvd,test_seen,1444,val:2009_000309:part_52,2009_000309,cow,head,head,0.4392857253551483,0.6104218363761902,0.08109619468450546,0.17553101480007172,1.0,1.0,1.0
fixed_uvd,test_seen,1445,val:2009_000309:part_53,2009_000309,cow,eye,eye,0.18333333730697632,0.30985915660858154,0.0,0.003228547051548958,1.0,1.0,1.0
fixed_uvd,test_seen,1446,val:2009_000309:part_54,2009_000309,cow,torso,torso,0.37190812826156616,0.5421764254570007,0.28530940413475037,0.16805437207221985,1.0,1.0,1.0
fixed_uvd,test_seen,1447,val:2009_000309:part_55,2009_000309,cow,neck,neck,0.3945205509662628,0.5658153295516968,0.26774847507476807,0.08920985460281372,1.0,1.0,1.0
fixed_uvd,test_seen,1448,val:2009_000309:part_56,2009_000309,cow,leg,leg,0.0,0.0,0.23668639361858368,0.015293118543922901,1.0,1.0,1.0
fixed_uvd,test_seen,1449,val:2009_000309:part_57,2009_000309,cow,ear,ear,0.1780952364206314,0.3023443818092346,0.14313726127147675,0.036873407661914825,1.0,1.0,1.0
fixed_uvd,test_seen,1450,val:2009_000309:part_58,2009_000309,cow,muzzle,muzzle,0.3923705816268921,0.5636007785797119,0.19003558158874512,0.10858114063739777,1.0,1.0,1.0
fixed_uvd,test_seen,1451,val:2009_000309:part_83,2009_000309,person,head,head,0.0,0.0,0.0853242352604866,0.00019743337179534137,1.0,1.0,1.0
fixed_uvd,test_seen,1452,val:2009_000335:part_22,2009_000335,bus,wheel,wheel,0.2821229100227356,0.44008713960647583,0.03481012582778931,0.011387163773179054,1.0,1.0,1.0
fixed_uvd,test_seen,1453,val:2009_000335:part_23,2009_000335,bus,headlight,headlight,0.0,0.0,0.04545454680919647,0.0020703934133052826,1.0,1.0,1.0
fixed_uvd,test_seen,1454,val:2009_000335:part_24,2009_000335,bus,front,front,0.539577305316925,0.7009420990943909,0.11056068539619446,0.23801560699939728,1.0,1.0,1.0
fixed_uvd,test_seen,1455,val:2009_000335:part_25,2009_000335,bus,side,side,0.4013494551181793,0.5728042721748352,0.06732788681983948,0.2767956554889679,1.0,1.0,1.0
fixed_uvd,test_seen,1456,val:2009_000335:part_28,2009_000335,bus,mirror,mirror,0.10526315867900848,0.190476194024086,0.0,0.0025481765624135733,1.0,1.0,1.0
fixed_uvd,test_seen,1457,val:2009_000335:part_29,2009_000335,bus,license plate,license plate,0.0,0.0,0.0,0.0005574136157520115,1.0,1.0,1.0
fixed_uvd,test_seen,1458,val:2009_000335:part_30,2009_000335,bus,door,door,0.25469571352005005,0.40598803758621216,0.005681818351149559,0.034878164529800415,1.0,1.0,1.0
fixed_uvd,test_seen,1459,val:2009_000335:part_31,2009_000335,bus,window,window,0.4185248613357544,0.5900846719741821,0.04313519224524498,0.20441153645515442,1.0,1.0,1.0
fixed_uvd,test_seen,1460,val:2009_000351:part_7,2009_000351,bicycle,saddle,saddle,0.24320827424526215,0.391259104013443,0.6856403350830078,0.30176565051078796,1.0,1.0,1.0
fixed_uvd,test_seen,1461,val:2009_000351:part_8,2009_000351,bicycle,handlebar,handlebar,0.16393442451953888,0.28169015049934387,0.6407599449157715,0.210272878408432,1.0,1.0,1.0
fixed_uvd,test_seen,1462,val:2009_000354:part_6,2009_000354,bicycle,wheel,wheel,0.27276986837387085,0.4286240041255951,0.46031373739242554,0.4305504560470581,1.0,1.0,1.0
fixed_uvd,test_seen,1463,val:2009_000354:part_9,2009_000354,bicycle,chainwheel,chainwheel,0.32406818866729736,0.48950377106666565,0.39565837383270264,0.3423733711242676,1.0,1.0,1.0
fixed_uvd,test_seen,1464,val:2009_000387:part_0,2009_000387,aeroplane,body,body,0.5968443751335144,0.7475298047065735,0.1808481514453888,0.5012446045875549,1.0,1.0,1.0
fixed_uvd,test_seen,1465,val:2009_000387:part_1,2009_000387,aeroplane,stern,stern,0.5778490900993347,0.7324516773223877,0.27184465527534485,0.24779361486434937,1.0,1.0,1.0
fixed_uvd,test_seen,1466,val:2009_000387:part_2,2009_000387,aeroplane,wing,wing,0.4729596972465515,0.6421895623207092,0.0535905696451664,0.12785698473453522,1.0,1.0,1.0
fixed_uvd,test_seen,1467,val:2009_000387:part_3,2009_000387,aeroplane,tail,tail,0.0,0.0,0.0,0.0002262955385958776,1.0,1.0,1.0
fixed_uvd,test_seen,1468,val:2009_000387:part_4,2009_000387,aeroplane,engine,engine,0.29900988936424255,0.4603658616542816,0.14455445110797882,0.06834125518798828,1.0,1.0,1.0
fixed_uvd,test_seen,1469,val:2009_000387:part_5,2009_000387,aeroplane,wheel,wheel,0.12765957415103912,0.22641509771347046,0.5326633453369141,0.017877347767353058,1.0,1.0,1.0
fixed_uvd,test_seen,1470,val:2009_000391:part_115,2009_000391,tvmonitor,screen,screen,0.7733296751976013,0.8721781373023987,0.026600167155265808,0.6332133412361145,1.0,1.0,1.0
fixed_uvd,test_seen,1471,val:2009_000412:part_71,2009_000412,horse,head,head,0.0990825667977333,0.1803005039691925,0.060913704335689545,0.019525669515132904,1.0,1.0,1.0
fixed_uvd,test_seen,1472,val:2009_000412:part_72,2009_000412,horse,eye,eye,0.0,0.0,0.0,0.0004762358439620584,1.0,1.0,1.0
fixed_uvd,test_seen,1473,val:2009_000412:part_73,2009_000412,horse,torso,torso,0.2806808650493622,0.43833068013191223,0.04851556941866875,0.1904943287372589,1.0,1.0,1.0
fixed_uvd,test_seen,1474,val:2009_000412:part_74,2009_000412,horse,neck,neck,0.16023489832878113,0.276211142539978,0.02241593971848488,0.0552433580160141,1.0,1.0,1.0
fixed_uvd,test_seen,1475,val:2009_000412:part_75,2009_000412,horse,leg,leg,0.10879749804735184,0.19624413549900055,0.4420654773712158,0.05162396281957626,1.0,1.0,1.0
fixed_uvd,test_seen,1476,val:2009_000412:part_76,2009_000412,horse,ear,ear,0.30434781312942505,0.46666666865348816,0.3333333432674408,0.004000381100922823,1.0,1.0,1.0
fixed_uvd,test_seen,1477,val:2009_000412:part_77,2009_000412,horse,muzzle,muzzle,0.17225950956344604,0.29389312863349915,0.13466334342956543,0.011715401895344257,1.0,1.0,1.0
fixed_uvd,test_seen,1478,val:2009_000412:part_78,2009_000412,horse,hoof,hoof,0.0,0.0,0.9655172228813171,0.0012382131535559893,1.0,1.0,1.0
fixed_uvd,test_seen,1479,val:2009_000418:part_97,2009_000418,pottedplant,pot,pot,0.41600000858306885,0.5875706076622009,0.36652541160583496,0.2802850306034088,1.0,1.0,1.0
fixed_uvd,test_seen,1480,val:2009_000418:part_98,2009_000418,pottedplant,plant,plant,0.5301587581634521,0.6929460763931274,0.35622817277908325,0.6971496343612671,1.0,1.0,1.0
fixed_uvd,test_seen,1481,val:2009_000421:part_83,2009_000421,person,head,head,0.0,0.0,0.0,0.00187265919521451,1.0,1.0,1.0
fixed_uvd,test_seen,1482,val:2009_000421:part_85,2009_000421,person,torso,torso,0.0,0.0,0.48728814721107483,0.05337078496813774,1.0,1.0,1.0
fixed_uvd,test_seen,1483,val:2009_000421:part_86,2009_000421,person,neck,neck,0.0,0.0,0.0,0.00749063678085804,1.0,1.0,1.0
fixed_uvd,test_seen,1484,val:2009_000421:part_87,2009_000421,person,leg,leg,0.014362657442688942,0.028318583965301514,0.7200000286102295,0.014044944196939468,1.0,1.0,1.0
fixed_uvd,test_seen,1485,val:2009_000421:part_88,2009_000421,person,foot,foot,0.0,0.0,0.0,0.018726591020822525,1.0,1.0,1.0
fixed_uvd,test_seen,1486,val:2009_000421:part_93,2009_000421,person,hair,hair,0.0,0.0,0.0,0.033707864582538605,1.0,1.0,1.0
fixed_uvd,test_seen,1487,val:2009_000421:part_94,2009_000421,person,lower arm,lower arm,0.0,0.0,0.9459459185600281,0.008426966145634651,1.0,1.0,1.0
fixed_uvd,test_seen,1488,val:2009_000421:part_95,2009_000421,person,upper arm,upper arm,0.0,0.0,0.44680851697921753,0.02340823970735073,1.0,1.0,1.0
fixed_uvd,test_seen,1489,val:2009_000421:part_96,2009_000421,person,hand,hand,0.0,0.0,0.9322034120559692,0.000936329597607255,1.0,1.0,1.0
fixed_uvd,test_seen,1490,val:2009_000426:part_22,2009_000426,bus,wheel,wheel,0.0,0.0,0.201171875,0.002787289908155799,1.0,1.0,1.0
fixed_uvd,test_seen,1491,val:2009_000426:part_23,2009_000426,bus,headlight,headlight,0.1647634655237198,0.2829131782054901,0.11295680701732635,0.008919327519834042,1.0,1.0,1.0
fixed_uvd,test_seen,1492,val:2009_000426:part_24,2009_000426,bus,front,front,0.4808695614337921,0.6494421362876892,0.1132611408829689,0.22951342165470123,1.0,1.0,1.0
fixed_uvd,test_seen,1493,val:2009_000426:part_25,2009_000426,bus,side,side,0.2891887128353119,0.4486367404460907,0.11533654481172562,0.13227681815624237,1.0,1.0,1.0
fixed_uvd,test_seen,1494,val:2009_000426:part_28,2009_000426,bus,mirror,mirror,0.0,0.0,0.0,0.00565421674400568,1.0,1.0,1.0
fixed_uvd,test_seen,1495,val:2009_000426:part_31,2009_000426,bus,window,window,0.43718215823173523,0.6083879470825195,0.010013224557042122,0.18611133098602295,1.0,1.0,1.0
fixed_uvd,test_seen,1496,val:2009_000440:part_0,2009_000440,aeroplane,body,body,0.6421725153923035,0.7821011543273926,0.18986928462982178,0.6580196022987366,1.0,1.0,1.0
fixed_uvd,test_seen,1497,val:2009_000440:part_1,2009_000440,aeroplane,stern,stern,0.4319702684879303,0.6033229231834412,0.4727815091609955,0.1850680112838745,1.0,1.0,1.0
fixed_uvd,test_seen,1498,val:2009_000440:part_2,2009_000440,aeroplane,wing,wing,0.3819507658481598,0.5527704358100891,0.10391978174448013,0.13255299627780914,1.0,1.0,1.0
fixed_uvd,test_seen,1499,val:2009_000440:part_5,2009_000440,aeroplane,wheel,wheel,0.18867924809455872,0.3174603283405304,0.7971698045730591,0.01265422347933054,1.0,1.0,1.0
fixed_uvd,test_seen,1500,val:2009_000455:part_22,2009_000455,bus,wheel,wheel,0.0717821791768074,0.1339491903781891,0.13500000536441803,0.0096859410405159,1.0,1.0,1.0
fixed_uvd,test_seen,1501,val:2009_000455:part_23,2009_000455,bus,headlight,headlight,0.0,0.0,0.0,0.0038156735245138407,1.0,1.0,1.0
fixed_uvd,test_seen,1502,val:2009_000455:part_24,2009_000455,bus,front,front,0.4355670213699341,0.6068222522735596,0.15765352547168732,0.34047549962997437,1.0,1.0,1.0
fixed_uvd,test_seen,1503,val:2009_000455:part_25,2009_000455,bus,side,side,0.44216135144233704,0.613192617893219,0.13600629568099976,0.18285882472991943,1.0,1.0,1.0
fixed_uvd,test_seen,1504,val:2009_000455:part_28,2009_000455,bus,mirror,mirror,0.04545454680919647,0.08695652335882187,0.0,0.0008805400575511158,1.0,1.0,1.0
fixed_uvd,test_seen,1505,val:2009_000455:part_30,2009_000455,bus,door,door,0.23483365774154663,0.38034865260124207,0.0,0.04167889803647995,1.0,1.0,1.0
fixed_uvd,test_seen,1506,val:2009_000455:part_31,2009_000455,bus,window,window,0.5809859037399292,0.7349665760993958,0.09265734255313873,0.4188435673713684,1.0,1.0,1.0
fixed_uvd,test_seen,1507,val:2009_000457:part_6,2009_000457,bicycle,wheel,wheel,0.18251533806324005,0.30869001150131226,0.7814645171165466,0.6932515501976013,1.0,1.0,1.0
fixed_uvd,test_seen,1508,val:2009_000457:part_8,2009_000457,bicycle,handlebar,handlebar,0.027184465900063515,0.05293005704879761,0.9475728273391724,0.017177913337945938,1.0,1.0,1.0
fixed_uvd,test_seen,1509,val:2009_000457:part_9,2009_000457,bicycle,chainwheel,chainwheel,0.20700636506080627,0.3430079221725464,0.6498316526412964,0.10061349719762802,1.0,1.0,1.0
fixed_uvd,test_seen,1510,val:2009_000488:part_42,2009_000488,cat,tail,tail,0.0,0.0,0.0941176488995552,0.020642202347517014,1.0,1.0,1.0
fixed_uvd,test_seen,1511,val:2009_000488:part_43,2009_000488,cat,head,head,0.030927835032343864,0.05999999865889549,0.4736842215061188,0.18577980995178223,1.0,1.0,1.0
fixed_uvd,test_seen,1512,val:2009_000488:part_44,2009_000488,cat,eye,eye,0.0,0.0,0.0,0.0068807341158390045,1.0,1.0,1.0
fixed_uvd,test_seen,1513,val:2009_000488:part_45,2009_000488,cat,torso,torso,0.2074074000120163,0.34355828166007996,0.0,0.6169725060462952,1.0,1.0,1.0
fixed_uvd,test_seen,1514,val:2009_000488:part_47,2009_000488,cat,leg,leg,0.0719178095459938,0.1341852992773056,0.09574468433856964,0.07110092043876648,1.0,1.0,1.0
fixed_uvd,test_seen,1515,val:2009_000488:part_48,2009_000488,cat,nose,nose,0.0,0.0,0.0,0.0022935778833925724,1.0,1.0,1.0
fixed_uvd,test_seen,1516,val:2009_000488:part_49,2009_000488,cat,paw,paw,0.0,0.0,0.0,0.04128440469503403,1.0,1.0,1.0
fixed_uvd,test_seen,1517,val:2009_000488:part_50,2009_000488,cat,ear,ear,0.0,0.0,0.0,0.05045871436595917,1.0,1.0,1.0
fixed_uvd,test_seen,1518,val:2009_000573:part_6,2009_000573,bicycle,wheel,wheel,0.27922192215919495,0.4365496337413788,0.6702747941017151,0.6329773664474487,1.0,1.0,1.0
fixed_uvd,test_seen,1519,val:2009_000573:part_7,2009_000573,bicycle,saddle,saddle,0.19335347414016724,0.324050635099411,0.75,0.03412346914410591,1.0,1.0,1.0
fixed_uvd,test_seen,1520,val:2009_000573:part_8,2009_000573,bicycle,handlebar,handlebar,0.11191336065530777,0.20129869878292084,0.6964285969734192,0.05105496197938919,1.0,1.0,1.0
fixed_uvd,test_seen,1521,val:2009_000573:part_9,2009_000573,bicycle,chainwheel,chainwheel,0.2866666615009308,0.4455958604812622,0.2538461685180664,0.04923157021403313,1.0,1.0,1.0
fixed_uvd,test_seen,1522,val:2009_000628:part_109,2009_000628,train,head,head,0.0,0.0,0.019736841320991516,0.03252032399177551,1.0,1.0,1.0
fixed_uvd,test_seen,1523,val:2009_000628:part_110,2009_000628,train,front,front,0.7117318511009216,0.8315926790237427,0.05477707087993622,0.40487805008888245,1.0,1.0,1.0
fixed_uvd,test_seen,1524,val:2009_000628:part_111,2009_000628,train,side,side,0.43532007932662964,0.6065825819969177,0.07287932932376862,0.4273712635040283,1.0,1.0,1.0
fixed_uvd,test_seen,1525,val:2009_000628:part_113,2009_000628,train,roof,roof,0.2666666805744171,0.42105263471603394,0.14691942930221558,0.09457994252443314,1.0,1.0,1.0
fixed_uvd,test_seen,1526,val:2009_000628:part_114,2009_000628,train,coach,coach,0.04268292710185051,0.08187134563922882,0.12028910964727402,0.031165311112999916,1.0,1.0,1.0
fixed_uvd,test_seen,1527,val:2009_000641:part_52,2009_000641,cow,head,head,0.4231843650341034,0.5947006940841675,0.04929577559232712,0.05646929889917374,1.0,1.0,1.0
fixed_uvd,test_seen,1528,val:2009_000641:part_53,2009_000641,cow,eye,eye,0.0,0.0,0.0,0.0007309941574931145,1.0,1.0,1.0
fixed_uvd,test_seen,1529,val:2009_000641:part_54,2009_000641,cow,torso,torso,0.31641706824302673,0.48072466254234314,0.04379776492714882,0.2457967847585678,1.0,1.0,1.0
fixed_uvd,test_seen,1530,val:2009_000641:part_56,2009_000641,cow,leg,leg,0.2480158656835556,0.3974562883377075,0.3494228720664978,0.05573830381035805,1.0,1.0,1.0
fixed_uvd,test_seen,1531,val:2009_000641:part_57,2009_000641,cow,ear,ear,0.32773110270500183,0.49367088079452515,0.16371680796146393,0.016447369009256363,1.0,1.0,1.0
fixed_uvd,test_seen,1532,val:2009_000641:part_58,2009_000641,cow,muzzle,muzzle,0.4530201256275177,0.6235565543174744,0.22372882068157196,0.025219298899173737,1.0,1.0,1.0
fixed_uvd,test_seen,1533,val:2009_000704:part_115,2009_000704,tvmonitor,screen,screen,0.16742081940174103,0.2868216931819916,0.0,0.5068807601928711,1.0,1.0,1.0
fixed_uvd,test_seen,1534,val:2009_000705:part_70,2009_000705,horse,tail,tail,0.21003134548664093,0.3471502661705017,0.6828479170799255,0.05895865336060524,1.0,1.0,1.0
fixed_uvd,test_seen,1535,val:2009_000705:part_71,2009_000705,horse,head,head,0.16746412217617035,0.28688523173332214,0.4097560942173004,0.02986217476427555,1.0,1.0,1.0
fixed_uvd,test_seen,1536,val:2009_000705:part_72,2009_000705,horse,eye,eye,0.0,0.0,0.0,0.0007656968082301319,1.0,1.0,1.0
fixed_uvd,test_seen,1537,val:2009_000705:part_73,2009_000705,horse,torso,torso,0.5883738994598389,0.7408506274223328,0.27155518531799316,0.5980091691017151,1.0,1.0,1.0
fixed_uvd,test_seen,1538,val:2009_000705:part_74,2009_000705,horse,neck,neck,0.4787878692150116,0.6475409865379333,0.37216827273368835,0.13705971837043762,1.0,1.0,1.0
fixed_uvd,test_seen,1539,val:2009_000705:part_75,2009_000705,horse,leg,leg,0.1956181526184082,0.32722511887550354,0.7522281408309937,0.1554364413022995,1.0,1.0,1.0
fixed_uvd,test_seen,1540,val:2009_000705:part_76,2009_000705,horse,ear,ear,0.0317460335791111,0.0615384615957737,0.6190476417541504,0.0015313936164602637,1.0,1.0,1.0
fixed_uvd,test_seen,1541,val:2009_000705:part_77,2009_000705,horse,muzzle,muzzle,0.11363636702299118,0.20408163964748383,0.7251908183097839,0.01225114893168211,1.0,1.0,1.0
fixed_uvd,test_seen,1542,val:2009_000705:part_78,2009_000705,horse,hoof,hoof,0.0,0.0,1.0,0.004594180732965469,1.0,1.0,1.0
fixed_uvd,test_seen,1543,val:2009_000712:part_109,2009_000712,train,head,head,0.0013440860202535987,0.0026845638640224934,0.3411131203174591,0.0008205368649214506,1.0,1.0,1.0
fixed_uvd,test_seen,1544,val:2009_000712:part_111,2009_000712,train,side,side,0.863617479801178,0.9268184304237366,0.11586378514766693,0.9772593975067139,1.0,1.0,1.0
fixed_uvd,test_seen,1545,val:2009_000712:part_114,2009_000712,train,coach,coach,0.004624396096915007,0.00920621957629919,0.12343268096446991,0.005392099265009165,1.0,1.0,1.0
fixed_uvd,test_seen,1546,val:2009_000716:part_42,2009_000716,cat,tail,tail,0.4444444477558136,0.6153846383094788,0.3705521523952484,0.07683257758617401,1.0,1.0,1.0
fixed_uvd,test_seen,1547,val:2009_000716:part_43,2009_000716,cat,head,head,0.7447681427001953,0.8537158966064453,0.01953973062336445,0.17638009786605835,1.0,1.0,1.0
fixed_uvd,test_seen,1548,val:2009_000716:part_44,2009_000716,cat,eye,eye,0.32620319724082947,0.49193549156188965,0.0,0.016108596697449684,1.0,1.0,1.0
fixed_uvd,test_seen,1549,val:2009_000716:part_45,2009_000716,cat,torso,torso,0.7759554982185364,0.8738456964492798,0.03623703122138977,0.5195475220680237,1.0,1.0,1.0
fixed_uvd,test_seen,1550,val:2009_000716:part_46,2009_000716,cat,neck,neck,0.20483461022377014,0.34002113342285156,0.0,0.0696832612156868,1.0,1.0,1.0
fixed_uvd,test_seen,1551,val:2009_000716:part_47,2009_000716,cat,leg,leg,0.2240070104598999,0.3660224378108978,0.20107237994670868,0.07547511160373688,1.0,1.0,1.0
fixed_uvd,test_seen,1552,val:2009_000716:part_48,2009_000716,cat,nose,nose,0.2954545319080353,0.45614033937454224,0.0,0.006334841717034578,1.0,1.0,1.0
fixed_uvd,test_seen,1553,val:2009_000716:part_49,2009_000716,cat,paw,paw,0.16652506589889526,0.2855061888694763,0.41938579082489014,0.029954751953482628,1.0,1.0,1.0
fixed_uvd,test_seen,1554,val:2009_000716:part_50,2009_000716,cat,ear,ear,0.2958715558052063,0.4566371738910675,0.16835017502307892,0.024253394454717636,1.0,1.0,1.0
fixed_uvd,test_seen,1555,val:2009_000727:part_70,2009_000727,horse,tail,tail,0.45802921056747437,0.6282853484153748,0.49799999594688416,0.18066465854644775,1.0,1.0,1.0
fixed_uvd,test_seen,1556,val:2009_000727:part_71,2009_000727,horse,head,head,0.0,0.0,0.07407407462596893,0.05800604075193405,1.0,1.0,1.0
fixed_uvd,test_seen,1557,val:2009_000727:part_72,2009_000727,horse,eye,eye,0.0,0.0,0.0,0.001208459259942174,1.0,1.0,1.0
fixed_uvd,test_seen,1558,val:2009_000727:part_73,2009_000727,horse,torso,torso,0.4446878433227539,0.6156178712844849,0.14007091522216797,0.45619335770606995,1.0,1.0,1.0
fixed_uvd,test_seen,1559,val:2009_000727:part_74,2009_000727,horse,neck,neck,0.1516587734222412,0.2633744776248932,0.1794871836900711,0.12326283752918243,1.0,1.0,1.0
fixed_uvd,test_seen,1560,val:2009_000727:part_75,2009_000727,horse,leg,leg,0.12125000357627869,0.21627648174762726,0.477142870426178,0.11903323233127594,1.0,1.0,1.0
fixed_uvd,test_seen,1561,val:2009_000727:part_76,2009_000727,horse,ear,ear,0.0,0.0,0.0,0.002416918519884348,1.0,1.0,1.0
fixed_uvd,test_seen,1562,val:2009_000727:part_77,2009_000727,horse,muzzle,muzzle,0.0,0.0,0.0,0.03262839838862419,1.0,1.0,1.0
fixed_uvd,test_seen,1563,val:2009_000727:part_78,2009_000727,horse,hoof,hoof,0.0,0.0,0.6928571462631226,0.0072507550939917564,1.0,1.0,1.0
fixed_uvd,test_seen,1564,val:2009_000727:part_85,2009_000727,person,torso,torso,0.0,0.0,0.0,0.026128266006708145,1.0,1.0,1.0
fixed_uvd,test_seen,1565,val:2009_000727:part_86,2009_000727,person,neck,neck,0.0,0.0,0.0,0.01425178162753582,1.0,1.0,1.0
fixed_uvd,test_seen,1566,val:2009_000731:part_52,2009_000731,cow,head,head,0.8070544004440308,0.8932264447212219,0.04576457664370537,0.23910996317863464,1.0,1.0,1.0
fixed_uvd,test_seen,1567,val:2009_000731:part_53,2009_000731,cow,eye,eye,0.1564885526895523,0.27062705159187317,0.021008403971791267,0.0038262302987277508,1.0,1.0,1.0
fixed_uvd,test_seen,1568,val:2009_000731:part_54,2009_000731,cow,torso,torso,0.4238754212856293,0.5953827500343323,0.2742997407913208,0.5383211970329285,1.0,1.0,1.0
fixed_uvd,test_seen,1569,val:2009_000731:part_57,2009_000731,cow,ear,ear,0.5153873562812805,0.6802054047584534,0.15903353691101074,0.08894513547420502,1.0,1.0,1.0
fixed_uvd,test_seen,1570,val:2009_000731:part_58,2009_000731,cow,muzzle,muzzle,0.561060905456543,0.7188200354576111,0.29240506887435913,0.12926772236824036,1.0,1.0,1.0
fixed_uvd,test_seen,1571,val:2009_000771:part_52,2009_000771,cow,head,head,0.6559028029441833,0.7921996116638184,0.15191739797592163,0.11627381294965744,1.0,1.0,1.0
fixed_uvd,test_seen,1572,val:2009_000771:part_53,2009_000771,cow,eye,eye,0.05000000074505806,0.095238097012043,0.0,0.002826295793056488,1.0,1.0,1.0
fixed_uvd,test_seen,1573,val:2009_000771:part_54,2009_000771,cow,torso,torso,0.33662834763526917,0.5036977529525757,0.06224163621664047,0.26126277446746826,1.0,1.0,1.0
fixed_uvd,test_seen,1574,val:2009_000771:part_57,2009_000771,cow,ear,ear,0.4423692524433136,0.6133925318717957,0.33617928624153137,0.0468599870800972,1.0,1.0,1.0
fixed_uvd,test_seen,1575,val:2009_000771:part_58,2009_000771,cow,muzzle,muzzle,0.7534584999084473,0.8593969941139221,0.012916045263409615,0.08682380616664886,1.0,1.0,1.0
fixed_uvd,test_seen,1576,val:2009_000771:part_59,2009_000771,cow,horn,horn,0.09823063015937805,0.17888888716697693,0.3279901444911957,0.010061613284051418,1.0,1.0,1.0
fixed_uvd,test_seen,1577,val:2009_000840:part_20,2009_000840,bottle,body,body,0.6354721188545227,0.7771115303039551,0.340151309967041,0.9593908786773682,1.0,1.0,1.0
fixed_uvd,test_seen,1578,val:2009_000840:part_21,2009_000840,bottle,cap,cap,0.3212669789791107,0.48630136251449585,0.6485148668289185,0.03807106614112854,1.0,1.0,1.0
fixed_uvd,test_seen,1579,val:2009_000845:part_109,2009_000845,train,head,head,0.00792752020061016,0.01573033630847931,0.37384259700775146,0.010956594720482826,1.0,1.0,1.0
fixed_uvd,test_seen,1580,val:2009_000845:part_110,2009_000845,train,front,front,0.2868352234363556,0.44579946994781494,0.1179077997803688,0.1466498076915741,1.0,1.0,1.0
fixed_uvd,test_seen,1581,val:2009_000845:part_111,2009_000845,train,side,side,0.7045907974243164,0.8266978859901428,0.232929989695549,0.8242730498313904,1.0,1.0,1.0
fixed_uvd,test_seen,1582,val:2009_000931:part_71,2009_000931,horse,head,head,0.2009132355451584,0.3346007466316223,0.2989690601825714,0.02141527086496353,1.0,1.0,1.0
fixed_uvd,test_seen,1583,val:2009_000931:part_72,2009_000931,horse,eye,eye,0.0,0.0,0.0,0.00031036624568514526,1.0,1.0,1.0
fixed_uvd,test_seen,1584,val:2009_000931:part_73,2009_000931,horse,torso,torso,0.432405561208725,0.6037473678588867,0.057575758546590805,0.279950350522995,1.0,1.0,1.0
fixed_uvd,test_seen,1585,val:2009_000931:part_74,2009_000931,horse,neck,neck,0.2732919156551361,0.4292683005332947,0.21369294822216034,0.04127870872616768,1.0,1.0,1.0
fixed_uvd,test_seen,1586,val:2009_000931:part_75,2009_000931,horse,leg,leg,0.10555174946784973,0.19094854593276978,0.6726768612861633,0.053072623908519745,1.0,1.0,1.0
fixed_uvd,test_seen,1587,val:2009_000931:part_76,2009_000931,horse,ear,ear,0.0,0.0,0.0,0.0006207324913702905,1.0,1.0,1.0
fixed_uvd,test_seen,1588,val:2009_000931:part_77,2009_000931,horse,muzzle,muzzle,0.18918919563293457,0.3181818127632141,0.5357142686843872,0.014897579327225685,1.0,1.0,1.0
fixed_uvd,test_seen,1589,val:2009_000931:part_78,2009_000931,horse,hoof,hoof,0.0,0.0,0.708737850189209,0.002482929965481162,1.0,1.0,1.0
fixed_uvd,test_seen,1590,val:2009_000964:part_43,2009_000964,cat,head,head,0.48897796869277954,0.6567967534065247,0.14111922681331635,0.14722837507724762,1.0,1.0,1.0
fixed_uvd,test_seen,1591,val:2009_000964:part_44,2009_000964,cat,eye,eye,0.0,0.0,0.0,0.0008869179873727262,1.0,1.0,1.0
fixed_uvd,test_seen,1592,val:2009_000964:part_45,2009_000964,cat,torso,torso,0.702190637588501,0.8250434994697571,0.08128544688224792,0.5711751580238342,1.0,1.0,1.0
fixed_uvd,test_seen,1593,val:2009_000964:part_46,2009_000964,cat,neck,neck,0.0,0.0,0.0,0.07583148777484894,1.0,1.0,1.0
fixed_uvd,test_seen,1594,val:2009_000964:part_47,2009_000964,cat,leg,leg,0.07172995805740356,0.13385826349258423,0.2991371154785156,0.10066518932580948,1.0,1.0,1.0
fixed_uvd,test_seen,1595,val:2009_000964:part_48,2009_000964,cat,nose,nose,0.0,0.0,0.0,0.0004434589936863631,1.0,1.0,1.0
fixed_uvd,test_seen,1596,val:2009_000964:part_49,2009_000964,cat,paw,paw,0.03305784985423088,0.06400000303983688,0.8468468189239502,0.0062084258534014225,1.0,1.0,1.0
fixed_uvd,test_seen,1597,val:2009_000964:part_50,2009_000964,cat,ear,ear,0.31284916400909424,0.47659575939178467,0.4137931168079376,0.05277162045240402,1.0,1.0,1.0
fixed_uvd,test_seen,1598,val:2009_001008:part_42,2009_001008,cat,tail,tail,0.15887850522994995,0.27419355511665344,0.02484472095966339,0.04778778925538063,1.0,1.0,1.0
fixed_uvd,test_seen,1599,val:2009_001008:part_43,2009_001008,cat,head,head,0.7603613138198853,0.8638696074485779,0.05725915729999542,0.2977624833583832,1.0,1.0,1.0
fixed_uvd,test_seen,1600,val:2009_001008:part_44,2009_001008,cat,eye,eye,0.20469798147678375,0.3398328721523285,0.0,0.007188417483121157,1.0,1.0,1.0
fixed_uvd,test_seen,1601,val:2009_001008:part_45,2009_001008,cat,torso,torso,0.5598313808441162,0.7178101539611816,0.07106789201498032,0.32044142484664917,1.0,1.0,1.0
fixed_uvd,test_seen,1602,val:2009_001008:part_46,2009_001008,cat,neck,neck,0.34890303015708923,0.5173137187957764,0.005888125393539667,0.08980459719896317,1.0,1.0,1.0
fixed_uvd,test_seen,1603,val:2009_001008:part_47,2009_001008,cat,leg,leg,0.3435448706150055,0.5114006400108337,0.1412024199962616,0.06510073691606522,1.0,1.0,1.0
fixed_uvd,test_seen,1604,val:2009_001008:part_48,2009_001008,cat,nose,nose,0.2969924807548523,0.4579710066318512,0.0,0.018224157392978668,1.0,1.0,1.0
fixed_uvd,test_seen,1605,val:2009_001008:part_49,2009_001008,cat,paw,paw,0.2749004065990448,0.4312500059604645,0.22011952102184296,0.02794370800256729,1.0,1.0,1.0
fixed_uvd,test_seen,1606,val:2009_001008:part_50,2009_001008,cat,ear,ear,0.6919159889221191,0.8179082274436951,0.1463245451450348,0.12311430275440216,1.0,1.0,1.0
fixed_uvd,test_seen,1607,val:2009_001082:part_22,2009_001082,bus,wheel,wheel,0.0,0.0,0.0,0.00454038567841053,1.0,1.0,1.0
fixed_uvd,test_seen,1608,val:2009_001082:part_23,2009_001082,bus,headlight,headlight,0.10742857307195663,0.19401444494724274,0.0,0.005018320865929127,1.0,1.0,1.0
fixed_uvd,test_seen,1609,val:2009_001082:part_24,2009_001082,bus,front,front,0.4040520489215851,0.5755513906478882,0.10726191103458405,0.2628644108772278,1.0,1.0,1.0
fixed_uvd,test_seen,1610,val:2009_001082:part_25,2009_001082,bus,side,side,0.04658513143658638,0.08902310580015182,0.06694144755601883,0.02310020662844181,1.0,1.0,1.0
fixed_uvd,test_seen,1611,val:2009_001082:part_28,2009_001082,bus,mirror,mirror,0.0,0.0,0.10280373692512512,0.0027879560366272926,1.0,1.0,1.0
fixed_uvd,test_seen,1612,val:2009_001082:part_30,2009_001082,bus,door,door,0.013220018707215786,0.026095060631632805,0.048991356045007706,0.0038234826643019915,1.0,1.0,1.0
fixed_uvd,test_seen,1613,val:2009_001082:part_31,2009_001082,bus,window,window,0.2966298758983612,0.45753976702690125,0.05410447716712952,0.12764856219291687,1.0,1.0,1.0
fixed_uvd,test_seen,1614,val:2009_001215:part_94,2009_001215,person,lower arm,lower arm,0.7869142293930054,0.8807520866394043,0.10541044920682907,0.6095054745674133,1.0,1.0,1.0
fixed_uvd,test_seen,1615,val:2009_001215:part_96,2009_001215,person,hand,hand,0.4412955343723297,0.6123595237731934,0.5056689381599426,0.3481053411960602,1.0,1.0,1.0
fixed_uvd,test_seen,1616,val:2009_001255:part_6,2009_001255,bicycle,wheel,wheel,0.10881512612104416,0.1962728053331375,0.8567949533462524,0.315082311630249,1.0,1.0,1.0
fixed_uvd,test_seen,1617,val:2009_001255:part_7,2009_001255,bicycle,saddle,saddle,0.2708333432674408,0.4262295067310333,0.5343511700630188,0.07289217412471771,1.0,1.0,1.0
fixed_uvd,test_seen,1618,val:2009_001255:part_8,2009_001255,bicycle,handlebar,handlebar,0.0870387926697731,0.16013924777507782,0.6126482486724854,0.04601948335766792,1.0,1.0,1.0
fixed_uvd,test_seen,1619,val:2009_001255:part_9,2009_001255,bicycle,chainwheel,chainwheel,0.18465228378772736,0.311740905046463,0.7652173638343811,0.05005038529634476,1.0,1.0,1.0
fixed_uvd,test_seen,1620,val:2009_001278:part_20,2009_001278,bottle,body,body,0.5766488313674927,0.7314867377281189,0.400370717048645,0.9718309640884399,1.0,1.0,1.0
fixed_uvd,test_seen,1621,val:2009_001278:part_21,2009_001278,bottle,cap,cap,0.31147539615631104,0.4749999940395355,0.6499999761581421,0.028169013559818268,1.0,1.0,1.0
fixed_uvd,test_seen,1622,val:2009_001299:part_83,2009_001299,person,head,head,0.6194968819618225,0.7650485634803772,0.014234875328838825,0.07010185718536377,1.0,1.0,1.0
fixed_uvd,test_seen,1623,val:2009_001299:part_84,2009_001299,person,eye,eye,0.0,0.0,0.0,0.0026962251868098974,1.0,1.0,1.0
fixed_uvd,test_seen,1624,val:2009_001299:part_85,2009_001299,person,torso,torso,0.40612074732780457,0.5776470303535461,0.10710988193750381,0.18484121561050415,1.0,1.0,1.0
fixed_uvd,test_seen,1625,val:2009_001299:part_86,2009_001299,person,neck,neck,0.0,0.0,0.0,0.017974834889173508,1.0,1.0,1.0
fixed_uvd,test_seen,1626,val:2009_001299:part_87,2009_001299,person,leg,leg,0.5878178477287292,0.7404096722602844,0.1112600564956665,0.3573996424674988,1.0,1.0,1.0
fixed_uvd,test_seen,1627,val:2009_001299:part_88,2009_001299,person,foot,foot,0.42134830355644226,0.5928853750228882,0.4024145007133484,0.07849011570215225,1.0,1.0,1.0
fixed_uvd,test_seen,1628,val:2009_001299:part_89,2009_001299,person,nose,nose,0.4399999976158142,0.6111111044883728,0.0,0.0068903532810509205,1.0,1.0,1.0
fixed_uvd,test_seen,1629,val:2009_001299:part_90,2009_001299,person,ear,ear,0.0,0.0,0.0,0.005092869978398085,1.0,1.0,1.0
fixed_uvd,test_seen,1630,val:2009_001299:part_91,2009_001299,person,eyebrow,eyebrow,0.0,0.0,0.0,0.003594967070966959,1.0,1.0,1.0
fixed_uvd,test_seen,1631,val:2009_001299:part_92,2009_001299,person,mouth,mouth,0.0,0.0,0.0,0.004194128327071667,1.0,1.0,1.0
fixed_uvd,test_seen,1632,val:2009_001299:part_93,2009_001299,person,hair,hair,0.3206106722354889,0.48554912209510803,0.25581395626068115,0.02636309154331684,1.0,1.0,1.0
fixed_uvd,test_seen,1633,val:2009_001299:part_94,2009_001299,person,lower arm,lower arm,0.08785529434680939,0.16152018308639526,0.125,0.05182744190096855,1.0,1.0,1.0
fixed_uvd,test_seen,1634,val:2009_001299:part_95,2009_001299,person,upper arm,upper arm,0.3777777850627899,0.5483871102333069,0.3252525329589844,0.11174356192350388,1.0,1.0,1.0
fixed_uvd,test_seen,1635,val:2009_001299:part_96,2009_001299,person,hand,hand,0.3405017852783203,0.5080214142799377,0.0,0.05542241036891937,1.0,1.0,1.0
fixed_uvd,test_seen,1636,val:2009_001300:part_109,2009_001300,train,head,head,0.0,0.0,0.8080000281333923,0.0016425756039097905,1.0,1.0,1.0
fixed_uvd,test_seen,1637,val:2009_001300:part_110,2009_001300,train,front,front,0.6962929964065552,0.8209583759307861,0.14293567836284637,0.6501314043998718,1.0,1.0,1.0
fixed_uvd,test_seen,1638,val:2009_001300:part_111,2009_001300,train,side,side,0.42044445872306824,0.5919899940490723,0.27361562848091125,0.34395530819892883,1.0,1.0,1.0
fixed_uvd,test_seen,1639,val:2009_001332:part_0,2009_001332,aeroplane,body,body,0.6826832890510559,0.8114222288131714,0.06897678971290588,0.5561115145683289,1.0,1.0,1.0
fixed_uvd,test_seen,1640,val:2009_001332:part_1,2009_001332,aeroplane,stern,stern,0.7283489108085632,0.842826247215271,0.2329212725162506,0.29473432898521423,1.0,1.0,1.0
fixed_uvd,test_seen,1641,val:2009_001332:part_2,2009_001332,aeroplane,wing,wing,0.2971193492412567,0.4581218361854553,0.01923076994717121,0.09054086357355118,1.0,1.0,1.0
fixed_uvd,test_seen,1642,val:2009_001332:part_4,2009_001332,aeroplane,engine,engine,0.10227272659540176,0.1855670064687729,0.0,0.023588277399539948,1.0,1.0,1.0
fixed_uvd,test_seen,1643,val:2009_001332:part_5,2009_001332,aeroplane,wheel,wheel,0.2028985470533371,0.33734938502311707,0.7613636255264282,0.0162020493298769,1.0,1.0,1.0
fixed_uvd,test_seen,1644,val:2009_001333:part_109,2009_001333,train,head,head,0.20888157188892365,0.34557822346687317,0.21800947189331055,0.035104043781757355,1.0,1.0,1.0
fixed_uvd,test_seen,1645,val:2009_001333:part_110,2009_001333,train,front,front,0.897504448890686,0.9459840059280396,0.02220131643116474,0.4508543312549591,1.0,1.0,1.0
fixed_uvd,test_seen,1646,val:2009_001333:part_111,2009_001333,train,side,side,0.8389674425125122,0.9124331474304199,0.027924293652176857,0.4670952558517456,1.0,1.0,1.0
fixed_uvd,test_seen,1647,val:2009_001333:part_114,2009_001333,train,coach,coach,0.006323257461190224,0.012567049823701382,0.06014805659651756,0.0034681102260947227,1.0,1.0,1.0
fixed_uvd,test_seen,1648,val:2009_001363:part_115,2009_001363,tvmonitor,screen,screen,0.5127812027931213,0.6779317259788513,0.13367757201194763,0.6555256247520447,1.0,1.0,1.0
fixed_uvd,test_seen,1649,val:2009_001391:part_43,2009_001391,cat,head,head,0.6671408414840698,0.8003413081169128,0.11420413851737976,0.09641140699386597,1.0,1.0,1.0
fixed_uvd,test_seen,1650,val:2009_001391:part_44,2009_001391,cat,eye,eye,0.1493212729692459,0.25984251499176025,0.0,0.005009712651371956,1.0,1.0,1.0
fixed_uvd,test_seen,1651,val:2009_001391:part_45,2009_001391,cat,torso,torso,0.48191824555397034,0.6503978967666626,0.0483548678457737,0.3888150453567505,1.0,1.0,1.0
fixed_uvd,test_seen,1652,val:2009_001391:part_46,2009_001391,cat,neck,neck,0.5606276988983154,0.7184643745422363,0.020338982343673706,0.05152847245335579,1.0,1.0,1.0
fixed_uvd,test_seen,1653,val:2009_001391:part_47,2009_001391,cat,leg,leg,0.502187967300415,0.6686086654663086,0.07622130960226059,0.3896329700946808,1.0,1.0,1.0
fixed_uvd,test_seen,1654,val:2009_001391:part_48,2009_001391,cat,nose,nose,0.18681319057941437,0.31481480598449707,0.0,0.0018403026042506099,1.0,1.0,1.0
fixed_uvd,test_seen,1655,val:2009_001391:part_49,2009_001391,cat,paw,paw,0.24369747936725616,0.3918918967247009,0.24695652723312378,0.0168694406747818,1.0,1.0,1.0
fixed_uvd,test_seen,1656,val:2009_001391:part_50,2009_001391,cat,ear,ear,0.4830508530139923,0.6514285802841187,0.42268040776252747,0.029956037178635597,1.0,1.0,1.0
fixed_uvd,test_seen,1657,val:2009_001411:part_42,2009_001411,cat,tail,tail,0.5780346989631653,0.732600748538971,0.1780821979045868,0.03222532197833061,1.0,1.0,1.0
fixed_uvd,test_seen,1658,val:2009_001411:part_43,2009_001411,cat,head,head,0.679854691028595,0.8094208240509033,0.10822861641645432,0.2149200737476349,1.0,1.0,1.0
fixed_uvd,test_seen,1659,val:2009_001411:part_44,2009_001411,cat,eye,eye,0.16289593279361725,0.28015562891960144,0.0,0.008880994282662868,1.0,1.0,1.0
fixed_uvd,test_seen,1660,val:2009_001411:part_45,2009_001411,cat,torso,torso,0.5807639956474304,0.7347890138626099,0.07378024607896805,0.39456990361213684,1.0,1.0,1.0
fixed_uvd,test_seen,1661,val:2009_001411:part_46,2009_001411,cat,neck,neck,0.49223947525024414,0.6597325205802917,0.1015719473361969,0.06584623456001282,1.0,1.0,1.0
fixed_uvd,test_seen,1662,val:2009_001411:part_47,2009_001411,cat,leg,leg,0.39114081859588623,0.5623310208320618,0.12211669236421585,0.14184217154979706,1.0,1.0,1.0
fixed_uvd,test_seen,1663,val:2009_001411:part_48,2009_001411,cat,nose,nose,0.2068965584039688,0.34285715222358704,0.0,0.0030449123587459326,1.0,1.0,1.0
fixed_uvd,test_seen,1664,val:2009_001411:part_49,2009_001411,cat,paw,paw,0.4495530128479004,0.6202642917633057,0.301630437374115,0.05062166973948479,1.0,1.0,1.0
fixed_uvd,test_seen,1665,val:2009_001411:part_50,2009_001411,cat,ear,ear,0.5357142686843872,0.6976743936538696,0.21981777250766754,0.07409287244081497,1.0,1.0,1.0
fixed_uvd,test_seen,1666,val:2009_001433:part_75,2009_001433,horse,leg,leg,0.0,0.0,0.9399999976158142,0.0002840909000951797,1.0,1.0,1.0
fixed_uvd,test_seen,1667,val:2009_001433:part_83,2009_001433,person,head,head,0.2057877779006958,0.3413333296775818,0.5632184147834778,0.076975017786026,1.0,1.0,1.0
fixed_uvd,test_seen,1668,val:2009_001433:part_84,2009_001433,person,eye,eye,0.0,0.0,0.0,0.004051316529512405,1.0,1.0,1.0
fixed_uvd,test_seen,1669,val:2009_001433:part_85,2009_001433,person,torso,torso,0.35353535413742065,0.5223880410194397,0.10144927352666855,0.307224839925766,1.0,1.0,1.0
fixed_uvd,test_seen,1670,val:2009_001433:part_86,2009_001433,person,neck,neck,0.027027027681469917,0.05263157933950424,0.3576158881187439,0.026333559304475784,1.0,1.0,1.0
fixed_uvd,test_seen,1671,val:2009_001433:part_87,2009_001433,person,leg,leg,0.03076923079788685,0.05970149114727974,0.3448275923728943,0.11613774299621582,1.0,1.0,1.0
fixed_uvd,test_seen,1672,val:2009_001433:part_88,2009_001433,person,foot,foot,0.23076923191547394,0.375,0.5384615659713745,0.038487508893013,1.0,1.0,1.0
fixed_uvd,test_seen,1673,val:2009_001433:part_89,2009_001433,person,nose,nose,0.0,0.0,0.0,0.004051316529512405,1.0,1.0,1.0
fixed_uvd,test_seen,1674,val:2009_001433:part_91,2009_001433,person,eyebrow,eyebrow,0.0,0.0,0.0,0.004726536106318235,1.0,1.0,1.0
fixed_uvd,test_seen,1675,val:2009_001433:part_92,2009_001433,person,mouth,mouth,0.0,0.0,0.0,0.004726536106318235,1.0,1.0,1.0
fixed_uvd,test_seen,1676,val:2009_001433:part_93,2009_001433,person,hair,hair,0.0,0.0,0.931034505367279,0.003376097185537219,1.0,1.0,1.0
fixed_uvd,test_seen,1677,val:2009_001433:part_94,2009_001433,person,lower arm,lower arm,0.0,0.0,0.1505376398563385,0.03241053223609924,1.0,1.0,1.0
fixed_uvd,test_seen,1678,val:2009_001433:part_95,2009_001433,person,upper arm,upper arm,0.09397590160369873,0.17180617153644562,0.10305343568325043,0.12964212894439697,1.0,1.0,1.0
fixed_uvd,test_seen,1679,val:2009_001433:part_96,2009_001433,person,hand,hand,0.1551724076271057,0.26865673065185547,0.7222222089767456,0.020931802690029144,1.0,1.0,1.0
fixed_uvd,test_seen,1680,val:2009_001644:part_98,2009_001644,pottedplant,plant,plant,0.18888288736343384,0.3177485167980194,0.21193529665470123,0.254184752702713,1.0,1.0,1.0
fixed_uvd,test_seen,1681,val:2009_001663:part_6,2009_001663,bicycle,wheel,wheel,0.1900532841682434,0.3194029927253723,0.6582278609275818,0.7051792740821838,1.0,1.0,1.0
fixed_uvd,test_seen,1682,val:2009_001663:part_7,2009_001663,bicycle,saddle,saddle,0.0,0.0,1.0,0.04581673443317413,1.0,1.0,1.0
fixed_uvd,test_seen,1683,val:2009_001663:part_8,2009_001663,bicycle,handlebar,handlebar,0.0,0.0,1.0,0.05378486216068268,1.0,1.0,1.0
fixed_uvd,test_seen,1684,val:2009_001663:part_9,2009_001663,bicycle,chainwheel,chainwheel,0.0,0.0,0.0,0.04780876636505127,1.0,1.0,1.0
fixed_uvd,test_seen,1685,val:2009_001684:part_97,2009_001684,pottedplant,pot,pot,0.7010027170181274,0.8242229223251343,0.046296294778585434,0.357474148273468,1.0,1.0,1.0
fixed_uvd,test_seen,1686,val:2009_001684:part_98,2009_001684,pottedplant,plant,plant,0.3108915388584137,0.47432076930999756,0.4086892604827881,0.5818765759468079,1.0,1.0,1.0
fixed_uvd,test_seen,1687,val:2009_001687:part_96,2009_001687,person,hand,hand,0.2484668344259262,0.3980351388454437,0.17059552669525146,0.998630940914154,1.0,1.0,1.0
fixed_uvd,test_seen,1688,val:2009_001718:part_83,2009_001718,person,head,head,0.5860759615898132,0.7390263080596924,0.0,0.07163742929697037,1.0,1.0,1.0
fixed_uvd,test_seen,1689,val:2009_001718:part_84,2009_001718,person,eye,eye,0.1160714253783226,0.20800000429153442,0.0,0.0033625729847699404,1.0,1.0,1.0
fixed_uvd,test_seen,1690,val:2009_001718:part_85,2009_001718,person,torso,torso,0.6356784105300903,0.777265727519989,0.13320013880729675,0.32236841320991516,1.0,1.0,1.0
fixed_uvd,test_seen,1691,val:2009_001718:part_86,2009_001718,person,neck,neck,0.20930232107639313,0.3461538553237915,0.0,0.0024853800423443317,1.0,1.0,1.0
fixed_uvd,test_seen,1692,val:2009_001718:part_87,2009_001718,person,leg,leg,0.6363636255264282,0.7777777910232544,0.2816513776779175,0.24444444477558136,1.0,1.0,1.0
fixed_uvd,test_seen,1693,val:2009_001718:part_88,2009_001718,person,foot,foot,0.5251641273498535,0.6886656880378723,0.3678756356239319,0.045467834919691086,1.0,1.0,1.0
fixed_uvd,test_seen,1694,val:2009_001718:part_89,2009_001718,person,nose,nose,0.2647058963775635,0.41860464215278625,0.0,0.0049707600846886635,1.0,1.0,1.0
fixed_uvd,test_seen,1695,val:2009_001718:part_90,2009_001718,person,ear,ear,0.0,0.0,1.0,0.0013157895300537348,1.0,1.0,1.0
fixed_uvd,test_seen,1696,val:2009_001718:part_91,2009_001718,person,eyebrow,eyebrow,0.0,0.0,0.0,0.003070175414904952,1.0,1.0,1.0
fixed_uvd,test_seen,1697,val:2009_001718:part_92,2009_001718,person,mouth,mouth,0.0,0.0,0.0,0.0021929824724793434,1.0,1.0,1.0
fixed_uvd,test_seen,1698,val:2009_001718:part_93,2009_001718,person,hair,hair,0.5561735033988953,0.7147963047027588,0.17023959755897522,0.08859649300575256,1.0,1.0,1.0
fixed_uvd,test_seen,1699,val:2009_001718:part_94,2009_001718,person,lower arm,lower arm,0.37272727489471436,0.5430463552474976,0.25594404339790344,0.05000000074505806,1.0,1.0,1.0
fixed_uvd,test_seen,1700,val:2009_001718:part_95,2009_001718,person,upper arm,upper arm,0.5165004134178162,0.681174099445343,0.22126929461956024,0.1184210553765297,1.0,1.0,1.0
fixed_uvd,test_seen,1701,val:2009_001718:part_96,2009_001718,person,hand,hand,0.3027139902114868,0.46474358439445496,0.49873417615890503,0.03347953036427498,1.0,1.0,1.0
fixed_uvd,test_seen,1702,val:2009_001775:part_97,2009_001775,pottedplant,pot,pot,0.1750936359167099,0.2980079650878906,0.32958802580833435,0.052542850375175476,1.0,1.0,1.0
fixed_uvd,test_seen,1703,val:2009_001775:part_98,2009_001775,pottedplant,plant,plant,0.4130038917064667,0.5845757126808167,0.18900981545448303,0.46810901165008545,1.0,1.0,1.0
fixed_uvd,test_seen,1704,val:2009_001804:part_22,2009_001804,bus,wheel,wheel,0.5761973857879639,0.7311233878135681,0.035353533923625946,0.04319199547171593,1.0,1.0,1.0
fixed_uvd,test_seen,1705,val:2009_001804:part_23,2009_001804,bus,headlight,headlight,0.13636364042758942,0.23999999463558197,0.12393162399530411,0.0079887630417943,1.0,1.0,1.0
fixed_uvd,test_seen,1706,val:2009_001804:part_24,2009_001804,bus,front,front,0.6221498250961304,0.7670682668685913,0.09983360767364502,0.1733824908733368,1.0,1.0,1.0
fixed_uvd,test_seen,1707,val:2009_001804:part_25,2009_001804,bus,side,side,0.4098525047302246,0.5814118981361389,0.05786726251244545,0.27565622329711914,1.0,1.0,1.0
fixed_uvd,test_seen,1708,val:2009_001804:part_28,2009_001804,bus,mirror,mirror,0.29230770468711853,0.4523809552192688,0.0,0.003511544317007065,1.0,1.0,1.0
fixed_uvd,test_seen,1709,val:2009_001804:part_30,2009_001804,bus,door,door,0.25902992486953735,0.41147541999816895,0.0,0.051444120705127716,1.0,1.0,1.0
fixed_uvd,test_seen,1710,val:2009_001804:part_31,2009_001804,bus,window,window,0.7306885719299316,0.8443905711174011,0.04764752835035324,0.4290229082107544,1.0,1.0,1.0
fixed_uvd,test_seen,1711,val:2009_001816:part_22,2009_001816,bus,wheel,wheel,0.591549277305603,0.7433628439903259,0.08052434772253036,0.02965218760073185,1.0,1.0,1.0
fixed_uvd,test_seen,1712,val:2009_001816:part_23,2009_001816,bus,headlight,headlight,0.3862660825252533,0.5572755336761475,0.0,0.00913607981055975,1.0,1.0,1.0
fixed_uvd,test_seen,1713,val:2009_001816:part_24,2009_001816,bus,front,front,0.629835844039917,0.7728825807571411,0.09064068645238876,0.17422664165496826,1.0,1.0,1.0
fixed_uvd,test_seen,1714,val:2009_001816:part_25,2009_001816,bus,side,side,0.6335372924804688,0.7756630778312683,0.05074288696050644,0.41200512647628784,1.0,1.0,1.0
fixed_uvd,test_seen,1715,val:2009_001816:part_28,2009_001816,bus,mirror,mirror,0.345388799905777,0.5134408473968506,0.0,0.028530213981866837,1.0,1.0,1.0
fixed_uvd,test_seen,1716,val:2009_001816:part_31,2009_001816,bus,window,window,0.6345102787017822,0.7763919234275818,0.09931811690330505,0.346049040555954,1.0,1.0,1.0
fixed_uvd,test_seen,1717,val:2009_001818:part_20,2009_001818,bottle,body,body,0.8528040051460266,0.920555055141449,0.13660995662212372,0.976197361946106,1.0,1.0,1.0
fixed_uvd,test_seen,1718,val:2009_001818:part_21,2009_001818,bottle,cap,cap,0.1572052389383316,0.27169811725616455,0.7372262477874756,0.018465088680386543,1.0,1.0,1.0
fixed_uvd,test_seen,1719,val:2009_001850:part_0,2009_001850,aeroplane,body,body,0.488061785697937,0.6559697985649109,0.2584683299064636,0.48891744017601013,1.0,1.0,1.0
fixed_uvd,test_seen,1720,val:2009_001850:part_1,2009_001850,aeroplane,stern,stern,0.5119705200195312,0.6772229075431824,0.4005524814128876,0.1786058396100998,1.0,1.0,1.0
fixed_uvd,test_seen,1721,val:2009_001850:part_2,2009_001850,aeroplane,wing,wing,0.23438549041748047,0.37976062297821045,0.23298245668411255,0.13266944885253906,1.0,1.0,1.0
fixed_uvd,test_seen,1722,val:2009_001850:part_4,2009_001850,aeroplane,engine,engine,0.42905789613723755,0.6004765629768372,0.08644859492778778,0.12945711612701416,1.0,1.0,1.0
fixed_uvd,test_seen,1723,val:2009_001850:part_5,2009_001850,aeroplane,wheel,wheel,0.014492753893136978,0.02857142873108387,0.30882352590560913,0.001284934114664793,1.0,1.0,1.0
fixed_uvd,test_seen,1724,val:2009_001851:part_0,2009_001851,aeroplane,body,body,0.5325264930725098,0.6949654221534729,0.07389312982559204,0.36242154240608215,1.0,1.0,1.0
fixed_uvd,test_seen,1725,val:2009_001851:part_1,2009_001851,aeroplane,stern,stern,0.6893012523651123,0.8160785436630249,0.24597115814685822,0.3889451324939728,1.0,1.0,1.0
fixed_uvd,test_seen,1726,val:2009_001851:part_2,2009_001851,aeroplane,wing,wing,0.35305917263031006,0.5218680500984192,0.07054871320724487,0.09232638031244278,1.0,1.0,1.0
fixed_uvd,test_seen,1727,val:2009_001851:part_4,2009_001851,aeroplane,engine,engine,0.3498293459415436,0.5183312296867371,0.05711422860622406,0.11824256181716919,1.0,1.0,1.0
fixed_uvd,test_seen,1728,val:2009_001851:part_5,2009_001851,aeroplane,wheel,wheel,0.34020617604255676,0.5076923370361328,0.5581395626068115,0.008908686228096485,1.0,1.0,1.0
fixed_uvd,test_seen,1729,val:2009_001854:part_83,2009_001854,person,head,head,0.0,0.0,0.0,0.02600472792983055,1.0,1.0,1.0
fixed_uvd,test_seen,1730,val:2009_001854:part_85,2009_001854,person,torso,torso,0.5041782855987549,0.6703703999519348,0.09850746393203735,0.48463356494903564,1.0,1.0,1.0
fixed_uvd,test_seen,1731,val:2009_001854:part_87,2009_001854,person,leg,leg,0.460829496383667,0.6309148073196411,0.49751242995262146,0.2742316722869873,1.0,1.0,1.0
fixed_uvd,test_seen,1732,val:2009_001854:part_88,2009_001854,person,foot,foot,0.0,0.0,0.0,0.016548464074730873,1.0,1.0,1.0
fixed_uvd,test_seen,1733,val:2009_001854:part_93,2009_001854,person,hair,hair,0.0,0.0,0.0,0.007092198356986046,1.0,1.0,1.0
fixed_uvd,test_seen,1734,val:2009_001854:part_94,2009_001854,person,lower arm,lower arm,0.0,0.0,1.0,0.042553190141916275,1.0,1.0,1.0
fixed_uvd,test_seen,1735,val:2009_001854:part_95,2009_001854,person,upper arm,upper arm,0.0,0.0,0.0,0.1252955049276352,1.0,1.0,1.0
fixed_uvd,test_seen,1736,val:2009_001854:part_96,2009_001854,person,hand,hand,0.0,0.0,1.0,0.014184396713972092,1.0,1.0,1.0
fixed_uvd,test_seen,1737,val:2009_002035:part_52,2009_002035,cow,head,head,0.6201329827308655,0.7655333876609802,0.2010050266981125,0.33537736535072327,1.0,1.0,1.0
fixed_uvd,test_seen,1738,val:2009_002035:part_53,2009_002035,cow,eye,eye,0.0,0.0,0.0,0.005188679322600365,1.0,1.0,1.0
fixed_uvd,test_seen,1739,val:2009_002035:part_54,2009_002035,cow,torso,torso,0.24742268025875092,0.39669421315193176,0.5280787944793701,0.1490565985441208,1.0,1.0,1.0
fixed_uvd,test_seen,1740,val:2009_002035:part_57,2009_002035,cow,ear,ear,0.39753466844558716,0.5689085125923157,0.47651007771492004,0.14669811725616455,1.0,1.0,1.0
fixed_uvd,test_seen,1741,val:2009_002035:part_58,2009_002035,cow,muzzle,muzzle,0.6792260408401489,0.8089751601219177,0.04857444390654564,0.33113208413124084,1.0,1.0,1.0
fixed_uvd,test_seen,1742,val:2009_002035:part_59,2009_002035,cow,horn,horn,0.07847533375024796,0.14553014934062958,0.48543688654899597,0.03254716843366623,1.0,1.0,1.0
fixed_uvd,test_seen,1743,val:2009_002042:part_83,2009_002042,person,head,head,0.25438597798347473,0.4055944085121155,0.19178082048892975,0.04154302552342415,1.0,1.0,1.0
fixed_uvd,test_seen,1744,val:2009_002042:part_85,2009_002042,person,torso,torso,0.7710526585578918,0.870728075504303,0.09759547561407089,0.37922847270965576,1.0,1.0,1.0
fixed_uvd,test_seen,1745,val:2009_002042:part_86,2009_002042,person,neck,neck,0.19327731430530548,0.3239436745643616,0.21359223127365112,0.0231453999876976,1.0,1.0,1.0
fixed_uvd,test_seen,1746,val:2009_002042:part_87,2009_002042,person,leg,leg,0.6614173054695129,0.7962085604667664,0.2695852518081665,0.3614243268966675,1.0,1.0,1.0
fixed_uvd,test_seen,1747,val:2009_002042:part_89,2009_002042,person,nose,nose,0.0,0.0,0.0,0.004747774451971054,1.0,1.0,1.0
fixed_uvd,test_seen,1748,val:2009_002042:part_92,2009_002042,person,mouth,mouth,0.0,0.0,0.0,0.0035608308389782906,1.0,1.0,1.0
fixed_uvd,test_seen,1749,val:2009_002042:part_93,2009_002042,person,hair,hair,0.08421052992343903,0.1553398072719574,0.4399999976158142,0.0462907999753952,1.0,1.0,1.0
fixed_uvd,test_seen,1750,val:2009_002042:part_94,2009_002042,person,lower arm,lower arm,0.0934959352016449,0.17100371420383453,0.7957446575164795,0.020178042352199554,1.0,1.0,1.0
fixed_uvd,test_seen,1751,val:2009_002042:part_95,2009_002042,person,upper arm,upper arm,0.19298245012760162,0.3235294222831726,0.5120000243186951,0.09376854449510574,1.0,1.0,1.0
fixed_uvd,test_seen,1752,val:2009_002042:part_96,2009_002042,person,hand,hand,0.020618556067347527,0.04040404036641121,0.8999999761581421,0.0231453999876976,1.0,1.0,1.0
fixed_uvd,test_seen,1753,val:2009_002094:part_115,2009_002094,tvmonitor,screen,screen,0.6148918867111206,0.7615270018577576,0.04070746898651123,0.5041522979736328,1.0,1.0,1.0
fixed_uvd,test_seen,1754,val:2009_002097:part_70,2009_002097,horse,tail,tail,0.1731843501329422,0.29523810744285583,0.7080925107002258,0.05696689710021019,1.0,1.0,1.0
fixed_uvd,test_seen,1755,val:2009_002097:part_71,2009_002097,horse,head,head,0.32743361592292786,0.4933333396911621,0.06741572916507721,0.046959199011325836,1.0,1.0,1.0
fixed_uvd,test_seen,1756,val:2009_002097:part_73,2009_002097,horse,torso,torso,0.6281920075416565,0.7716436386108398,0.22650602459907532,0.5881447196006775,1.0,1.0,1.0
fixed_uvd,test_seen,1757,val:2009_002097:part_74,2009_002097,horse,neck,neck,0.524904191493988,0.6884422302246094,0.33203125,0.10931485891342163,1.0,1.0,1.0
fixed_uvd,test_seen,1758,val:2009_002097:part_75,2009_002097,horse,leg,leg,0.25592416524887085,0.4075471758842468,0.5580204725265503,0.16089299321174622,1.0,1.0,1.0
fixed_uvd,test_seen,1759,val:2009_002097:part_77,2009_002097,horse,muzzle,muzzle,0.0,0.0,0.0555555559694767,0.0192455742508173,1.0,1.0,1.0
fixed_uvd,test_seen,1760,val:2009_002097:part_78,2009_002097,horse,hoof,hoof,0.1071428582072258,0.19354838132858276,0.8695651888847351,0.012317166663706303,1.0,1.0,1.0
fixed_uvd,test_seen,1761,val:2009_002122:part_51,2009_002122,cow,tail,tail,0.19162996113300323,0.32162660360336304,0.19647355377674103,0.02589462324976921,1.0,1.0,1.0
fixed_uvd,test_seen,1762,val:2009_002122:part_52,2009_002122,cow,head,head,0.4380776286125183,0.6092544794082642,0.11003860831260681,0.04675418138504028,1.0,1.0,1.0
fixed_uvd,test_seen,1763,val:2009_002122:part_53,2009_002122,cow,eye,eye,0.0,0.0,0.0,0.0012587663950398564,1.0,1.0,1.0
fixed_uvd,test_seen,1764,val:2009_002122:part_54,2009_002122,cow,torso,torso,0.4611775875091553,0.631240963935852,0.07196877151727676,0.3830246329307556,1.0,1.0,1.0
fixed_uvd,test_seen,1765,val:2009_002122:part_55,2009_002122,cow,neck,neck,0.29583975672721863,0.45659929513931274,0.10776545107364655,0.03776299208402634,1.0,1.0,1.0
fixed_uvd,test_seen,1766,val:2009_002122:part_56,2009_002122,cow,leg,leg,0.30534350872039795,0.46783626079559326,0.3102918565273285,0.0674339160323143,1.0,1.0,1.0
fixed_uvd,test_seen,1767,val:2009_002122:part_57,2009_002122,cow,ear,ear,0.0,0.0,0.17073170840740204,0.0068333032540977,1.0,1.0,1.0
fixed_uvd,test_seen,1768,val:2009_002122:part_58,2009_002122,cow,muzzle,muzzle,0.3426183760166168,0.5103734731674194,0.2385057508945465,0.024096384644508362,1.0,1.0,1.0
fixed_uvd,test_seen,1769,val:2009_002122:part_59,2009_002122,cow,horn,horn,0.0,0.0,0.0,0.00737277464941144,1.0,1.0,1.0
fixed_uvd,test_seen,1770,val:2009_002150:part_52,2009_002150,cow,head,head,0.6899263858795166,0.8165165185928345,0.056458763778209686,0.3118576407432556,1.0,1.0,1.0
fixed_uvd,test_seen,1771,val:2009_002150:part_53,2009_002150,cow,eye,eye,0.19018404185771942,0.3195876181125641,0.0,0.004187285900115967,1.0,1.0,1.0
fixed_uvd,test_seen,1772,val:2009_002150:part_54,2009_002150,cow,torso,torso,0.5242922306060791,0.6879156231880188,0.08272058516740799,0.20793680846691132,1.0,1.0,1.0
fixed_uvd,test_seen,1773,val:2009_002150:part_56,2009_002150,cow,leg,leg,0.3924466371536255,0.5636792182922363,0.3250443935394287,0.13494479656219482,1.0,1.0,1.0
fixed_uvd,test_seen,1774,val:2009_002150:part_57,2009_002150,cow,ear,ear,0.5904058814048767,0.7424594163894653,0.2113330215215683,0.1232394352555275,1.0,1.0,1.0
fixed_uvd,test_seen,1775,val:2009_002150:part_58,2009_002150,cow,muzzle,muzzle,0.72756028175354,0.8422980308532715,0.09772636741399765,0.17719832062721252,1.0,1.0,1.0
fixed_uvd,test_seen,1776,val:2009_002150:part_59,2009_002150,cow,horn,horn,0.0005740527994930744,0.001147446921095252,0.14255167543888092,0.032356299459934235,1.0,1.0,1.0
fixed_uvd,test_seen,1777,val:2009_002165:part_70,2009_002165,horse,tail,tail,0.450236976146698,0.6209150552749634,0.3218116760253906,0.07383966445922852,1.0,1.0,1.0
fixed_uvd,test_seen,1778,val:2009_002165:part_71,2009_002165,horse,head,head,0.6635859608650208,0.7977777719497681,0.09796673059463501,0.06885308772325516,1.0,1.0,1.0
fixed_uvd,test_seen,1779,val:2009_002165:part_72,2009_002165,horse,eye,eye,0.0,0.0,0.0,0.001342539326287806,1.0,1.0,1.0
fixed_uvd,test_seen,1780,val:2009_002165:part_73,2009_002165,horse,torso,torso,0.6518538594245911,0.7892391681671143,0.06408470124006271,0.4737245738506317,1.0,1.0,1.0
fixed_uvd,test_seen,1781,val:2009_002165:part_74,2009_002165,horse,neck,neck,0.4876847267150879,0.6556291580200195,0.1982758641242981,0.049098581075668335,1.0,1.0,1.0
fixed_uvd,test_seen,1782,val:2009_002165:part_75,2009_002165,horse,leg,leg,0.3515695035457611,0.5202388763427734,0.20715631544589996,0.08534714579582214,1.0,1.0,1.0
fixed_uvd,test_seen,1783,val:2009_002165:part_77,2009_002165,horse,muzzle,muzzle,0.2921348214149475,0.4521739184856415,0.294545441865921,0.035481397062540054,1.0,1.0,1.0
fixed_uvd,test_seen,1784,val:2009_002165:part_78,2009_002165,horse,hoof,hoof,0.13898305594921112,0.244047611951828,0.6360294222831726,0.012274645268917084,1.0,1.0,1.0
fixed_uvd,test_seen,1785,val:2009_002171:part_52,2009_002171,cow,head,head,0.37931033968925476,0.550000011920929,0.08222811669111252,0.07128944247961044,1.0,1.0,1.0
fixed_uvd,test_seen,1786,val:2009_002171:part_53,2009_002171,cow,eye,eye,0.0,0.0,0.0,0.0023373588919639587,1.0,1.0,1.0
fixed_uvd,test_seen,1787,val:2009_002171:part_54,2009_002171,cow,torso,torso,0.6978699564933777,0.8220534920692444,0.08386276662349701,0.5668095350265503,1.0,1.0,1.0
fixed_uvd,test_seen,1788,val:2009_002171:part_55,2009_002171,cow,neck,neck,0.24731183052062988,0.3965517282485962,0.0,0.07674328237771988,1.0,1.0,1.0
fixed_uvd,test_seen,1789,val:2009_002171:part_56,2009_002171,cow,leg,leg,0.23235613107681274,0.37709251046180725,0.49040767550468445,0.1172574982047081,1.0,1.0,1.0
fixed_uvd,test_seen,1790,val:2009_002171:part_57,2009_002171,cow,ear,ear,0.0,0.0,1.0,0.01947798952460289,1.0,1.0,1.0
fixed_uvd,test_seen,1791,val:2009_002171:part_58,2009_002171,cow,muzzle,muzzle,0.4054054021835327,0.5769230723381042,0.05382436141371727,0.0853135958313942,1.0,1.0,1.0
fixed_uvd,test_seen,1792,val:2009_002185:part_20,2009_002185,bottle,body,body,0.46937015652656555,0.6388725638389587,0.49253731966018677,0.7947103381156921,1.0,1.0,1.0
fixed_uvd,test_seen,1793,val:2009_002185:part_21,2009_002185,bottle,cap,cap,0.0762711837887764,0.14173229038715363,0.6864407062530518,0.011335012502968311,1.0,1.0,1.0
fixed_uvd,test_seen,1794,val:2009_002202:part_109,2009_002202,train,head,head,0.2073170691728592,0.34343433380126953,0.1364942491054535,0.05580800771713257,1.0,1.0,1.0
fixed_uvd,test_seen,1795,val:2009_002202:part_110,2009_002202,train,front,front,0.7239031791687012,0.8398420214653015,0.0876242071390152,0.16642999649047852,1.0,1.0,1.0
fixed_uvd,test_seen,1796,val:2009_002202:part_111,2009_002202,train,side,side,0.8096065521240234,0.8947873711585999,0.08526011556386948,0.7419767379760742,1.0,1.0,1.0
fixed_uvd,test_seen,1797,val:2009_002202:part_114,2009_002202,train,coach,coach,0.028069043532013893,0.05460536479949951,0.08682974427938461,0.028401022776961327,1.0,1.0,1.0
fixed_uvd,test_seen,1798,val:2009_002221:part_52,2009_002221,cow,head,head,0.3305167257785797,0.49682462215423584,0.0437932163476944,0.10031317919492722,1.0,1.0,1.0
fixed_uvd,test_seen,1799,val:2009_002221:part_53,2009_002221,cow,eye,eye,0.6352941393852234,0.7769784331321716,0.0,0.003274176735430956,1.0,1.0,1.0
fixed_uvd,test_seen,1800,val:2009_002221:part_54,2009_002221,cow,torso,torso,0.5854415893554688,0.7385218143463135,0.04959706589579582,0.4384549558162689,1.0,1.0,1.0
fixed_uvd,test_seen,1801,val:2009_002221:part_57,2009_002221,cow,ear,ear,0.31521740555763245,0.4793388545513153,0.18144044280052185,0.011673151515424252,1.0,1.0,1.0
fixed_uvd,test_seen,1802,val:2009_002221:part_58,2009_002221,cow,muzzle,muzzle,0.43586626648902893,0.6071126461029053,0.031562741845846176,0.050441302359104156,1.0,1.0,1.0
fixed_uvd,test_seen,1803,val:2009_002221:part_59,2009_002221,cow,horn,horn,0.3497854173183441,0.5182830095291138,0.25219297409057617,0.00820916797965765,1.0,1.0,1.0
fixed_uvd,test_seen,1804,val:2009_002265:part_109,2009_002265,train,head,head,0.03802281245589256,0.07326007634401321,0.21879589557647705,0.021465236321091652,1.0,1.0,1.0
fixed_uvd,test_seen,1805,val:2009_002265:part_110,2009_002265,train,front,front,0.7964823842048645,0.8867132663726807,0.06669498980045319,0.30113548040390015,1.0,1.0,1.0
fixed_uvd,test_seen,1806,val:2009_002265:part_111,2009_002265,train,side,side,0.6639386415481567,0.7980325818061829,0.07565605640411377,0.4548141360282898,1.0,1.0,1.0
fixed_uvd,test_seen,1807,val:2009_002265:part_113,2009_002265,train,roof,roof,0.20266440510749817,0.3370257019996643,0.12481382489204407,0.1378130316734314,1.0,1.0,1.0
fixed_uvd,test_seen,1808,val:2009_002265:part_114,2009_002265,train,coach,coach,0.002501876326277852,0.00499126547947526,0.11177945137023926,0.002644268097355962,1.0,1.0,1.0
fixed_uvd,test_seen,1809,val:2009_002268:part_43,2009_002268,cat,head,head,0.7914801239967346,0.8836047053337097,0.09112022072076797,0.6303555965423584,1.0,1.0,1.0
fixed_uvd,test_seen,1810,val:2009_002268:part_44,2009_002268,cat,eye,eye,0.33023256063461304,0.4965035021305084,0.0,0.018958868458867073,1.0,1.0,1.0
fixed_uvd,test_seen,1811,val:2009_002268:part_45,2009_002268,cat,torso,torso,0.12308694422245026,0.2191939651966095,0.1383914053440094,0.040488433092832565,1.0,1.0,1.0
fixed_uvd,test_seen,1812,val:2009_002268:part_46,2009_002268,cat,neck,neck,0.43111559748649597,0.6024888753890991,0.0984005555510521,0.14813624322414398,1.0,1.0,1.0
fixed_uvd,test_seen,1813,val:2009_002268:part_48,2009_002268,cat,nose,nose,0.4141414165496826,0.5857142806053162,0.0,0.01403170544654131,1.0,1.0,1.0
fixed_uvd,test_seen,1814,val:2009_002268:part_50,2009_002268,cat,ear,ear,0.5867347121238708,0.7395498156547546,0.3372483253479004,0.14160239696502686,1.0,1.0,1.0
fixed_uvd,test_seen,1815,val:2009_002291:part_109,2009_002291,train,head,head,0.011759934946894646,0.023246493190526962,0.1694706678390503,0.004503455013036728,1.0,1.0,1.0
fixed_uvd,test_seen,1816,val:2009_002291:part_110,2009_002291,train,front,front,0.3077039420604706,0.4706018269062042,0.09173893183469772,0.16181381046772003,1.0,1.0,1.0
fixed_uvd,test_seen,1817,val:2009_002291:part_111,2009_002291,train,side,side,0.7975798845291138,0.8873929381370544,0.09504242986440659,0.6994332075119019,1.0,1.0,1.0
fixed_uvd,test_seen,1818,val:2009_002291:part_114,2009_002291,train,coach,coach,0.01161220669746399,0.022957822307944298,0.09757854044437408,0.01001630537211895,1.0,1.0,1.0
fixed_uvd,test_seen,1819,val:2009_002295:part_6,2009_002295,bicycle,wheel,wheel,0.10902637243270874,0.19661636650562286,0.8445408344268799,0.5726495981216431,1.0,1.0,1.0
fixed_uvd,test_seen,1820,val:2009_002295:part_7,2009_002295,bicycle,saddle,saddle,0.008849557489156723,0.017543859779834747,0.5166666507720947,0.03846153989434242,1.0,1.0,1.0
fixed_uvd,test_seen,1821,val:2009_002295:part_8,2009_002295,bicycle,handlebar,handlebar,0.1702786386013031,0.29100528359413147,0.7054794430732727,0.061253562569618225,1.0,1.0,1.0
fixed_uvd,test_seen,1822,val:2009_002295:part_9,2009_002295,bicycle,chainwheel,chainwheel,0.0,0.0,0.0,0.19515669345855713,1.0,1.0,1.0
fixed_uvd,test_seen,1823,val:2009_002320:part_0,2009_002320,aeroplane,body,body,0.712909460067749,0.8323959708213806,0.1493212729692459,0.40896615386009216,1.0,1.0,1.0
fixed_uvd,test_seen,1824,val:2009_002320:part_1,2009_002320,aeroplane,stern,stern,0.14598539471626282,0.25477707386016846,0.26903024315834045,0.1280878335237503,1.0,1.0,1.0
fixed_uvd,test_seen,1825,val:2009_002320:part_2,2009_002320,aeroplane,wing,wing,0.4432314336299896,0.6142208576202393,0.19668246805667877,0.4373284578323364,1.0,1.0,1.0
fixed_uvd,test_seen,1826,val:2009_002320:part_5,2009_002320,aeroplane,wheel,wheel,0.0784313753247261,0.145454540848732,0.8478260636329651,0.008234217762947083,1.0,1.0,1.0
fixed_uvd,test_seen,1827,val:2009_002346:part_85,2009_002346,person,torso,torso,0.0034427358768880367,0.0068618482910096645,0.15630020201206207,0.0016538037452846766,1.0,1.0,1.0
fixed_uvd,test_seen,1828,val:2009_002366:part_115,2009_002366,tvmonitor,screen,screen,0.9150179028511047,0.9556233286857605,0.010335413739085197,0.8807066679000854,1.0,1.0,1.0
fixed_uvd,test_seen,1829,val:2009_002372:part_20,2009_002372,bottle,body,body,0.005797101650387049,0.011527377180755138,0.37948718667030334,0.27191412448883057,1.0,1.0,1.0
fixed_uvd,test_seen,1830,val:2009_002372:part_21,2009_002372,bottle,cap,cap,0.0,0.0,1.0,0.010733452625572681,1.0,1.0,1.0
fixed_uvd,test_seen,1831,val:2009_002487:part_98,2009_002487,pottedplant,plant,plant,0.5324088931083679,0.694865345954895,0.38998958468437195,0.9431589245796204,1.0,1.0,1.0
fixed_uvd,test_seen,1832,val:2009_002521:part_20,2009_002521,bottle,body,body,0.7561907768249512,0.861171543598175,0.2133953869342804,0.9566863179206848,1.0,1.0,1.0
fixed_uvd,test_seen,1833,val:2009_002521:part_21,2009_002521,bottle,cap,cap,0.6071428656578064,0.7555555701255798,0.16271185874938965,0.042052146047353745,1.0,1.0,1.0
fixed_uvd,test_seen,1834,val:2009_002527:part_42,2009_002527,cat,tail,tail,0.045723509043455124,0.08744855970144272,0.1040358766913414,0.09990359097719193,1.0,1.0,1.0
fixed_uvd,test_seen,1835,val:2009_002527:part_43,2009_002527,cat,head,head,0.6919905543327332,0.8179603219032288,0.013240857049822807,0.1550976186990738,1.0,1.0,1.0
fixed_uvd,test_seen,1836,val:2009_002527:part_44,2009_002527,cat,eye,eye,0.03100775182247162,0.060150377452373505,0.0,0.006748613901436329,1.0,1.0,1.0
fixed_uvd,test_seen,1837,val:2009_002527:part_45,2009_002527,cat,torso,torso,0.4360872805118561,0.6073269844055176,0.10758551955223083,0.40202459692955017,1.0,1.0,1.0
fixed_uvd,test_seen,1838,val:2009_002527:part_46,2009_002527,cat,neck,neck,0.5108225345611572,0.676217794418335,0.012205754406750202,0.0720655545592308,1.0,1.0,1.0
fixed_uvd,test_seen,1839,val:2009_002527:part_47,2009_002527,cat,leg,leg,0.32313108444213867,0.48843398690223694,0.04742022231221199,0.18462279438972473,1.0,1.0,1.0
fixed_uvd,test_seen,1840,val:2009_002527:part_48,2009_002527,cat,nose,nose,0.1463414579629898,0.25531914830207825,0.20270270109176636,0.002410219283774495,1.0,1.0,1.0
fixed_uvd,test_seen,1841,val:2009_002527:part_49,2009_002527,cat,paw,paw,0.20156775414943695,0.33550792932510376,0.13985148072242737,0.03193540498614311,1.0,1.0,1.0
fixed_uvd,test_seen,1842,val:2009_002527:part_50,2009_002527,cat,ear,ear,0.44029849767684937,0.6113989353179932,0.29828324913978577,0.03687635436654091,1.0,1.0,1.0
fixed_uvd,test_seen,1843,val:2009_002535:part_22,2009_002535,bus,wheel,wheel,0.4381139576435089,0.6092896461486816,0.0710059180855751,0.02390565164387226,1.0,1.0,1.0
fixed_uvd,test_seen,1844,val:2009_002535:part_23,2009_002535,bus,headlight,headlight,0.0782608687877655,0.14516128599643707,0.04324324429035187,0.006693582516163588,1.0,1.0,1.0
fixed_uvd,test_seen,1845,val:2009_002535:part_24,2009_002535,bus,front,front,0.608744740486145,0.7567946910858154,0.1696028709411621,0.25010624527931213,1.0,1.0,1.0
fixed_uvd,test_seen,1846,val:2009_002535:part_25,2009_002535,bus,side,side,0.6042832136154175,0.7533373236656189,0.10509244352579117,0.41138970851898193,1.0,1.0,1.0
fixed_uvd,test_seen,1847,val:2009_002535:part_31,2009_002535,bus,window,window,0.5435340404510498,0.7042722105979919,0.06323469430208206,0.3064173460006714,1.0,1.0,1.0
fixed_uvd,test_seen,1848,val:2009_002549:part_52,2009_002549,cow,head,head,0.049751244485378265,0.09478673338890076,0.04702194407582283,0.02382604591548443,1.0,1.0,1.0
fixed_uvd,test_seen,1849,val:2009_002549:part_53,2009_002549,cow,eye,eye,0.0,0.0,0.0,0.00023132083879318088,1.0,1.0,1.0
fixed_uvd,test_seen,1850,val:2009_002549:part_54,2009_002549,cow,torso,torso,0.3827117383480072,0.5535669326782227,0.03999999910593033,0.30464956164360046,1.0,1.0,1.0
fixed_uvd,test_seen,1851,val:2009_002549:part_55,2009_002549,cow,neck,neck,0.1636904776096344,0.2813299298286438,0.0535714291036129,0.02544529177248478,1.0,1.0,1.0
fixed_uvd,test_seen,1852,val:2009_002549:part_56,2009_002549,cow,leg,leg,0.1663244366645813,0.2852112650871277,0.4924924969673157,0.08605135232210159,1.0,1.0,1.0
fixed_uvd,test_seen,1853,val:2009_002549:part_57,2009_002549,cow,ear,ear,0.0,0.0,0.029556650668382645,0.00346981268376112,1.0,1.0,1.0
fixed_uvd,test_seen,1854,val:2009_002549:part_58,2009_002549,cow,muzzle,muzzle,0.0,0.0,0.0,0.003238491714000702,1.0,1.0,1.0
fixed_uvd,test_seen,1855,val:2009_002562:part_115,2009_002562,tvmonitor,screen,screen,0.8776441812515259,0.9348354935646057,0.0,0.49155789613723755,1.0,1.0,1.0
fixed_uvd,test_seen,1856,val:2009_002568:part_109,2009_002568,train,head,head,0.005977796856313944,0.011884549632668495,0.26083189249038696,0.003613097593188286,1.0,1.0,1.0
fixed_uvd,test_seen,1857,val:2009_002568:part_110,2009_002568,train,front,front,0.8703323602676392,0.9306713342666626,0.06032152473926544,0.5001881718635559,1.0,1.0,1.0
fixed_uvd,test_seen,1858,val:2009_002568:part_111,2009_002568,train,side,side,0.817908763885498,0.8998347520828247,0.01822393760085106,0.46925103664398193,1.0,1.0,1.0
fixed_uvd,test_seen,1859,val:2009_002568:part_114,2009_002568,train,coach,coach,0.0026674570981413126,0.005320721305906773,0.03186129406094551,0.0013549115974456072,1.0,1.0,1.0
fixed_uvd,test_seen,1860,val:2009_002571:part_97,2009_002571,pottedplant,pot,pot,0.0,0.0,0.0,0.06451612710952759,1.0,1.0,1.0
fixed_uvd,test_seen,1861,val:2009_002571:part_98,2009_002571,pottedplant,plant,plant,0.0,0.0,0.9021479487419128,0.08602150529623032,1.0,1.0,1.0
fixed_uvd,test_seen,1862,val:2009_002573:part_20,2009_002573,bottle,body,body,0.0,0.0,0.0,0.9152542352676392,1.0,1.0,1.0
fixed_uvd,test_seen,1863,val:2009_002573:part_21,2009_002573,bottle,cap,cap,0.0,0.0,0.0,0.06779661029577255,1.0,1.0,1.0
fixed_uvd,test_seen,1864,val:2009_002584:part_97,2009_002584,pottedplant,pot,pot,0.013698630034923553,0.027027027681469917,0.0,0.03216374292969704,1.0,1.0,1.0
fixed_uvd,test_seen,1865,val:2009_002584:part_98,2009_002584,pottedplant,plant,plant,0.09394718706607819,0.17175817489624023,0.42778706550598145,0.179824560880661,1.0,1.0,1.0
fixed_uvd,test_seen,1866,val:2009_002594:part_20,2009_002594,bottle,body,body,0.6720778942108154,0.8038834929466248,0.2807757258415222,0.9209694266319275,1.0,1.0,1.0
fixed_uvd,test_seen,1867,val:2009_002594:part_21,2009_002594,bottle,cap,cap,0.19453924894332886,0.3257142901420593,0.33453238010406494,0.07586933672428131,1.0,1.0,1.0
fixed_uvd,test_seen,1868,val:2009_002635:part_51,2009_002635,cow,tail,tail,0.06446776539087296,0.12112676352262497,0.4736842215061188,0.021603455767035484,1.0,1.0,1.0
fixed_uvd,test_seen,1869,val:2009_002635:part_52,2009_002635,cow,head,head,0.26056337356567383,0.4134078323841095,0.32231405377388,0.02784445509314537,1.0,1.0,1.0
fixed_uvd,test_seen,1870,val:2009_002635:part_54,2009_002635,cow,torso,torso,0.7646396160125732,0.866624116897583,0.09402795135974884,0.3744599223136902,1.0,1.0,1.0
fixed_uvd,test_seen,1871,val:2009_002635:part_55,2009_002635,cow,neck,neck,0.2571428716182709,0.40909090638160706,0.371257483959198,0.025444071739912033,1.0,1.0,1.0
fixed_uvd,test_seen,1872,val:2009_002635:part_56,2009_002635,cow,leg,leg,0.17525772750377655,0.2982456088066101,0.3030303120613098,0.059049446135759354,1.0,1.0,1.0
fixed_uvd,test_seen,1873,val:2009_002635:part_57,2009_002635,cow,ear,ear,0.0,0.0,1.0,0.0033605375792831182,1.0,1.0,1.0
fixed_uvd,test_seen,1874,val:2009_002635:part_58,2009_002635,cow,muzzle,muzzle,0.0,0.0,1.0,0.005760921631008387,1.0,1.0,1.0
fixed_uvd,test_seen,1875,val:2009_002638:part_109,2009_002638,train,head,head,0.007827788591384888,0.015533980913460255,0.45258620381355286,0.0036735576577484608,1.0,1.0,1.0
fixed_uvd,test_seen,1876,val:2009_002638:part_110,2009_002638,train,front,front,0.7894983291625977,0.8823683261871338,0.08126901090145111,0.7141827940940857,1.0,1.0,1.0
fixed_uvd,test_seen,1877,val:2009_002638:part_111,2009_002638,train,side,side,0.4279927909374237,0.5994327068328857,0.05448392406105995,0.2756608724594116,1.0,1.0,1.0
fixed_uvd,test_seen,1878,val:2009_002649:part_20,2009_002649,bottle,body,body,0.8693974614143372,0.9301365613937378,0.10270913690328598,0.9632907509803772,1.0,1.0,1.0
fixed_uvd,test_seen,1879,val:2009_002649:part_21,2009_002649,bottle,cap,cap,0.5439673066139221,0.704635739326477,0.36579573154449463,0.03649076819419861,1.0,1.0,1.0
fixed_uvd,test_seen,1880,val:2009_002651:part_83,2009_002651,person,head,head,0.3364705741405487,0.5035211443901062,0.4593837559223175,0.1926940679550171,1.0,1.0,1.0
fixed_uvd,test_seen,1881,val:2009_002651:part_85,2009_002651,person,torso,torso,0.20666666328907013,0.3425414264202118,0.14861461520195007,0.13333334028720856,1.0,1.0,1.0
fixed_uvd,test_seen,1882,val:2009_002651:part_87,2009_002651,person,leg,leg,0.44459834694862366,0.6155321002006531,0.46121883392333984,0.2931506931781769,1.0,1.0,1.0
fixed_uvd,test_seen,1883,val:2009_002651:part_88,2009_002651,person,foot,foot,0.0,0.0,1.0,0.056621003895998,1.0,1.0,1.0
fixed_uvd,test_seen,1884,val:2009_002651:part_94,2009_002651,person,lower arm,lower arm,0.0,0.0,0.05128205195069313,0.05296803638339043,1.0,1.0,1.0
fixed_uvd,test_seen,1885,val:2009_002651:part_95,2009_002651,person,upper arm,upper arm,0.07339449226856232,0.1367521435022354,0.24555160105228424,0.06392694264650345,1.0,1.0,1.0
fixed_uvd,test_seen,1886,val:2009_002651:part_96,2009_002651,person,hand,hand,0.0,0.0,0.84375,0.03378995507955551,1.0,1.0,1.0
fixed_uvd,test_seen,1887,val:2009_002732:part_20,2009_002732,bottle,body,body,0.4527518153190613,0.6233023405075073,0.2537722885608673,0.7613636255264282,1.0,1.0,1.0
fixed_uvd,test_seen,1888,val:2009_002732:part_21,2009_002732,bottle,cap,cap,0.156521737575531,0.27067670226097107,0.3372093141078949,0.20454545319080353,1.0,1.0,1.0
fixed_uvd,test_seen,1889,val:2009_002749:part_20,2009_002749,bottle,body,body,0.7996478080749512,0.8886714577674866,0.19088037312030792,0.9562601447105408,1.0,1.0,1.0
fixed_uvd,test_seen,1890,val:2009_002749:part_21,2009_002749,bottle,cap,cap,0.435960590839386,0.6072041392326355,0.37438422441482544,0.040962740778923035,1.0,1.0,1.0
fixed_uvd,test_seen,1891,val:2009_002753:part_43,2009_002753,cat,head,head,0.69832843542099,0.8223714828491211,0.066850446164608,0.6411676406860352,1.0,1.0,1.0
fixed_uvd,test_seen,1892,val:2009_002753:part_44,2009_002753,cat,eye,eye,0.733905553817749,0.8465346693992615,0.0,0.02709580771625042,1.0,1.0,1.0
fixed_uvd,test_seen,1893,val:2009_002753:part_47,2009_002753,cat,leg,leg,0.2540322542190552,0.40514469146728516,0.23981373012065887,0.06871257722377777,1.0,1.0,1.0
fixed_uvd,test_seen,1894,val:2009_002753:part_48,2009_002753,cat,nose,nose,0.43884891271591187,0.6100000143051147,0.0,0.018263472244143486,1.0,1.0,1.0
fixed_uvd,test_seen,1895,val:2009_002753:part_49,2009_002753,cat,paw,paw,0.5308176279067993,0.6935086250305176,0.2747541069984436,0.1360778510570526,1.0,1.0,1.0
fixed_uvd,test_seen,1896,val:2009_002753:part_50,2009_002753,cat,ear,ear,0.4656543731689453,0.6354218125343323,0.30437955260276794,0.0983532965183258,1.0,1.0,1.0
fixed_uvd,test_seen,1897,val:2009_002771:part_97,2009_002771,pottedplant,pot,pot,0.631313145160675,0.7739937901496887,0.280927836894989,0.609929084777832,1.0,1.0,1.0
fixed_uvd,test_seen,1898,val:2009_002771:part_98,2009_002771,pottedplant,plant,plant,0.029673591256141663,0.05763688683509827,0.9354838728904724,0.38061466813087463,1.0,1.0,1.0
fixed_uvd,test_seen,1899,val:2009_002808:part_0,2009_002808,aeroplane,body,body,0.4265909492969513,0.598056435585022,0.2213427573442459,0.8577183485031128,1.0,1.0,1.0
fixed_uvd,test_seen,1900,val:2009_002808:part_1,2009_002808,aeroplane,stern,stern,0.07151979207992554,0.13349224627017975,0.17292006313800812,0.08039770275354385,1.0,1.0,1.0
fixed_uvd,test_seen,1901,val:2009_002808:part_2,2009_002808,aeroplane,wing,wing,0.03146934136748314,0.06101847067475319,0.25082916021347046,0.03497042879462242,1.0,1.0,1.0
fixed_uvd,test_seen,1902,val:2009_002856:part_20,2009_002856,bottle,body,body,0.772156298160553,0.8714314103126526,0.20471204817295074,0.9712656140327454,1.0,1.0,1.0
fixed_uvd,test_seen,1903,val:2009_002856:part_21,2009_002856,bottle,cap,cap,0.40789473056793213,0.5794392228126526,0.4275362193584442,0.01667032204568386,1.0,1.0,1.0
fixed_uvd,test_seen,1904,val:2009_002887:part_114,2009_002887,train,coach,coach,0.8474017977714539,0.9173984527587891,0.0454610250890255,0.9963094592094421,1.0,1.0,1.0
fixed_uvd,test_seen,1905,val:2009_002888:part_0,2009_002888,aeroplane,body,body,0.19985465705394745,0.33313143253326416,0.18629714846611023,0.1321321278810501,1.0,1.0,1.0
fixed_uvd,test_seen,1906,val:2009_002888:part_1,2009_002888,aeroplane,stern,stern,0.11601512879133224,0.20790959894657135,0.4646017551422119,0.07770270109176636,1.0,1.0,1.0
fixed_uvd,test_seen,1907,val:2009_002888:part_2,2009_002888,aeroplane,wing,wing,0.021608218550682068,0.04230235889554024,0.7681686282157898,0.04954954981803894,1.0,1.0,1.0
fixed_uvd,test_seen,1908,val:2009_002888:part_5,2009_002888,aeroplane,wheel,wheel,0.0,0.0,0.624329149723053,0.010510510765016079,1.0,1.0,1.0
fixed_uvd,test_seen,1909,val:2009_002928:part_6,2009_002928,bicycle,wheel,wheel,0.1481371968984604,0.2580479085445404,0.7632325291633606,0.5351302027702332,1.0,1.0,1.0
fixed_uvd,test_seen,1910,val:2009_002928:part_7,2009_002928,bicycle,saddle,saddle,0.0,0.0,0.7068965435028076,0.040884312242269516,1.0,1.0,1.0
fixed_uvd,test_seen,1911,val:2009_002928:part_8,2009_002928,bicycle,handlebar,handlebar,0.20935672521591187,0.3462282419204712,0.769328236579895,0.07419745624065399,1.0,1.0,1.0
fixed_uvd,test_seen,1912,val:2009_002928:part_9,2009_002928,bicycle,chainwheel,chainwheel,0.2975206673145294,0.4585987329483032,0.6461538672447205,0.06056935340166092,1.0,1.0,1.0
fixed_uvd,test_seen,1913,val:2009_002936:part_43,2009_002936,cat,head,head,0.6978021860122681,0.8220064640045166,0.131386861205101,0.16301774978637695,1.0,1.0,1.0
fixed_uvd,test_seen,1914,val:2009_002936:part_44,2009_002936,cat,eye,eye,0.08433734625577927,0.15555556118488312,0.0,0.007100591901689768,1.0,1.0,1.0
fixed_uvd,test_seen,1915,val:2009_002936:part_45,2009_002936,cat,torso,torso,0.6233583688735962,0.7679861187934875,0.037817396223545074,0.47633135318756104,1.0,1.0,1.0
fixed_uvd,test_seen,1916,val:2009_002936:part_46,2009_002936,cat,neck,neck,0.3961661458015442,0.5675057172775269,0.03883495181798935,0.06834319233894348,1.0,1.0,1.0
fixed_uvd,test_seen,1917,val:2009_002936:part_47,2009_002936,cat,leg,leg,0.3690795302391052,0.5391644835472107,0.024943310767412186,0.19230769574642181,1.0,1.0,1.0
fixed_uvd,test_seen,1918,val:2009_002936:part_48,2009_002936,cat,nose,nose,0.0,0.0,0.0,0.004142011981457472,1.0,1.0,1.0
fixed_uvd,test_seen,1919,val:2009_002936:part_49,2009_002936,cat,paw,paw,0.2678571343421936,0.4225352108478546,0.29573169350624084,0.028994083404541016,1.0,1.0,1.0
fixed_uvd,test_seen,1920,val:2009_002936:part_50,2009_002936,cat,ear,ear,0.23247233033180237,0.3772455155849457,0.6090534925460815,0.026923077180981636,1.0,1.0,1.0
fixed_uvd,test_seen,1921,val:2009_002975:part_70,2009_002975,horse,tail,tail,0.10501858592033386,0.19007569551467896,0.45910781621932983,0.014707796275615692,1.0,1.0,1.0
fixed_uvd,test_seen,1922,val:2009_002975:part_71,2009_002975,horse,head,head,0.5543345808982849,0.7132757306098938,0.09847094863653183,0.11857347190380096,1.0,1.0,1.0
fixed_uvd,test_seen,1923,val:2009_002975:part_72,2009_002975,horse,eye,eye,0.2380952388048172,0.38461539149284363,0.0,0.0027333071921020746,1.0,1.0,1.0
fixed_uvd,test_seen,1924,val:2009_002975:part_73,2009_002975,horse,torso,torso,0.7672775983810425,0.8683158755302429,0.08463157713413239,0.5866197943687439,1.0,1.0,1.0
fixed_uvd,test_seen,1925,val:2009_002975:part_75,2009_002975,horse,leg,leg,0.31880977749824524,0.4834810495376587,0.4640614092350006,0.13653521239757538,1.0,1.0,1.0
fixed_uvd,test_seen,1926,val:2009_002975:part_76,2009_002975,horse,ear,ear,0.20078739523887634,0.33442622423171997,0.02857142873108387,0.007809449452906847,1.0,1.0,1.0
fixed_uvd,test_seen,1927,val:2009_002975:part_77,2009_002975,horse,muzzle,muzzle,0.6212499737739563,0.766383945941925,0.26408010721206665,0.06481842696666718,1.0,1.0,1.0
fixed_uvd,test_seen,1928,val:2009_002975:part_78,2009_002975,horse,hoof,hoof,0.033834587782621384,0.06545454263687134,0.8538461327552795,0.0019523623632267118,1.0,1.0,1.0
fixed_uvd,test_seen,1929,val:2009_002982:part_108,2009_002982,train,headlight,headlight,0.0,0.0,0.0,0.00023367215180769563,1.0,1.0,1.0
fixed_uvd,test_seen,1930,val:2009_002982:part_109,2009_002982,train,head,head,0.05423171818256378,0.10288386791944504,0.42601320147514343,0.02594367228448391,1.0,1.0,1.0
fixed_uvd,test_seen,1931,val:2009_002982:part_110,2009_002982,train,front,front,0.8833907246589661,0.9380854368209839,0.029398564249277115,0.5022788643836975,1.0,1.0,1.0
fixed_uvd,test_seen,1932,val:2009_002982:part_111,2009_002982,train,side,side,0.8559340834617615,0.922375500202179,0.06644219905138016,0.4534299373626709,1.0,1.0,1.0
fixed_uvd,test_seen,1933,val:2009_002982:part_114,2009_002982,train,coach,coach,0.0004676175012718886,0.0009347978630103171,0.0785597413778305,0.00023372677969746292,1.0,1.0,1.0
fixed_uvd,test_seen,1934,val:2009_003003:part_20,2009_003003,bottle,body,body,0.8302301168441772,0.9072412252426147,0.14542502164840698,0.952525794506073,1.0,1.0,1.0
fixed_uvd,test_seen,1935,val:2009_003003:part_21,2009_003003,bottle,cap,cap,0.5308310985565186,0.6935201287269592,0.17842324078083038,0.043639250099658966,1.0,1.0,1.0
fixed_uvd,test_seen,1936,val:2009_003005:part_0,2009_003005,aeroplane,body,body,0.5332320332527161,0.6955659985542297,0.15722543001174927,0.42361927032470703,1.0,1.0,1.0
fixed_uvd,test_seen,1937,val:2009_003005:part_1,2009_003005,aeroplane,stern,stern,0.3861449658870697,0.5571494698524475,0.4433465003967285,0.18889541923999786,1.0,1.0,1.0
fixed_uvd,test_seen,1938,val:2009_003005:part_2,2009_003005,aeroplane,wing,wing,0.23866015672683716,0.38535210490226746,0.46591731905937195,0.2326674461364746,1.0,1.0,1.0
fixed_uvd,test_seen,1939,val:2009_003005:part_4,2009_003005,aeroplane,engine,engine,0.44562646746635437,0.6165167689323425,0.08816424757242203,0.1160399541258812,1.0,1.0,1.0
fixed_uvd,test_seen,1940,val:2009_003005:part_5,2009_003005,aeroplane,wheel,wheel,0.11949685215950012,0.21348313987255096,0.6804123520851135,0.023795533925294876,1.0,1.0,1.0
fixed_uvd,test_seen,1941,val:2009_003043:part_85,2009_003043,person,torso,torso,0.0,0.0,0.0,0.2857142984867096,1.0,1.0,1.0
fixed_uvd,test_seen,1942,val:2009_003043:part_87,2009_003043,person,leg,leg,0.0,0.0,0.0,0.2142857164144516,1.0,1.0,1.0
fixed_uvd,test_seen,1943,val:2009_003043:part_95,2009_003043,person,upper arm,upper arm,0.0,0.0,0.0,0.2857142984867096,1.0,1.0,1.0
fixed_uvd,test_seen,1944,val:2009_003059:part_52,2009_003059,cow,head,head,0.3128514289855957,0.4765983819961548,0.063788503408432,0.381247878074646,1.0,1.0,1.0
fixed_uvd,test_seen,1945,val:2009_003059:part_53,2009_003059,cow,eye,eye,0.4109589159488678,0.582524299621582,0.0,0.004169292747974396,1.0,1.0,1.0
fixed_uvd,test_seen,1946,val:2009_003059:part_54,2009_003059,cow,torso,torso,0.0,0.0,0.12802736461162567,0.01313812006264925,1.0,1.0,1.0
fixed_uvd,test_seen,1947,val:2009_003059:part_57,2009_003059,cow,ear,ear,0.30843785405158997,0.47145968675613403,0.028985507786273956,0.11882483959197998,1.0,1.0,1.0
fixed_uvd,test_seen,1948,val:2009_003059:part_58,2009_003059,cow,muzzle,muzzle,0.014164306223392487,0.02793296054005623,0.07848837226629257,0.02007078193128109,1.0,1.0,1.0
fixed_uvd,test_seen,1949,val:2009_003065:part_6,2009_003065,bicycle,wheel,wheel,0.1414514183998108,0.24784483015537262,0.7994858622550964,0.6109979748725891,1.0,1.0,1.0
fixed_uvd,test_seen,1950,val:2009_003065:part_8,2009_003065,bicycle,handlebar,handlebar,0.049441784620285034,0.09422492235898972,0.9468438625335693,0.11405295133590698,1.0,1.0,1.0
fixed_uvd,test_seen,1951,val:2009_003065:part_9,2009_003065,bicycle,chainwheel,chainwheel,0.23118279874324799,0.375545859336853,0.644444465637207,0.09979633241891861,1.0,1.0,1.0
fixed_uvd,test_seen,1952,val:2009_003071:part_83,2009_003071,person,head,head,0.7255892157554626,0.8409755825996399,0.04794520512223244,0.20578628778457642,1.0,1.0,1.0
fixed_uvd,test_seen,1953,val:2009_003071:part_84,2009_003071,person,eye,eye,0.0,0.0,0.11666666716337204,0.007466169074177742,1.0,1.0,1.0
fixed_uvd,test_seen,1954,val:2009_003071:part_85,2009_003071,person,torso,torso,0.5788359642028809,0.7332439422607422,0.09756097197532654,0.27531498670578003,1.0,1.0,1.0
fixed_uvd,test_seen,1955,val:2009_003071:part_89,2009_003071,person,nose,nose,0.2238806039094925,0.3658536672592163,0.05882352963089943,0.014465702697634697,1.0,1.0,1.0
fixed_uvd,test_seen,1956,val:2009_003071:part_90,2009_003071,person,ear,ear,0.17045454680919647,0.291262149810791,0.7045454382896423,0.006999533157795668,1.0,1.0,1.0
fixed_uvd,test_seen,1957,val:2009_003071:part_91,2009_003071,person,eyebrow,eyebrow,0.0,0.0,0.0,0.0009332711342722178,1.0,1.0,1.0
fixed_uvd,test_seen,1958,val:2009_003071:part_92,2009_003071,person,mouth,mouth,0.0,0.0,0.0,0.004199719987809658,1.0,1.0,1.0
fixed_uvd,test_seen,1959,val:2009_003071:part_93,2009_003071,person,hair,hair,0.6217008829116821,0.7667269706726074,0.21180030703544617,0.20765282213687897,1.0,1.0,1.0
fixed_uvd,test_seen,1960,val:2009_003071:part_94,2009_003071,person,lower arm,lower arm,0.07954545319080353,0.1473684161901474,0.10833333432674408,0.03266448900103569,1.0,1.0,1.0
fixed_uvd,test_seen,1961,val:2009_003071:part_95,2009_003071,person,upper arm,upper arm,0.35907337069511414,0.5284090638160706,0.08099688589572906,0.17872141301631927,1.0,1.0,1.0
fixed_uvd,test_seen,1962,val:2009_003071:part_96,2009_003071,person,hand,hand,0.0,0.0,0.5,0.03639757260680199,1.0,1.0,1.0
fixed_uvd,test_seen,1963,val:2009_003105:part_109,2009_003105,train,head,head,0.039772726595401764,0.0765027329325676,0.34532374143600464,0.00469583785161376,1.0,1.0,1.0
fixed_uvd,test_seen,1964,val:2009_003105:part_110,2009_003105,train,front,front,0.7433173656463623,0.8527619242668152,0.09045583754777908,0.24322305619716644,1.0,1.0,1.0
fixed_uvd,test_seen,1965,val:2009_003105:part_111,2009_003105,train,side,side,0.8553030490875244,0.9220089912414551,0.07052096724510193,0.7282817363739014,1.0,1.0,1.0
fixed_uvd,test_seen,1966,val:2009_003193:part_6,2009_003193,bicycle,wheel,wheel,0.11091548949480057,0.1996830403804779,0.8607515096664429,0.5741846561431885,1.0,1.0,1.0
fixed_uvd,test_seen,1967,val:2009_003193:part_7,2009_003193,bicycle,saddle,saddle,0.19819819927215576,0.3308270573616028,0.688622772693634,0.04547542333602905,1.0,1.0,1.0
fixed_uvd,test_seen,1968,val:2009_003193:part_8,2009_003193,bicycle,handlebar,handlebar,0.06635071337223053,0.12444444745779037,0.8461538553237915,0.06155259534716606,1.0,1.0,1.0
fixed_uvd,test_seen,1969,val:2009_003193:part_9,2009_003193,bicycle,chainwheel,chainwheel,0.09154929220676422,0.16774193942546844,0.4583333432674408,0.060174550861120224,1.0,1.0,1.0
fixed_uvd,test_seen,1970,val:2009_003224:part_6,2009_003224,bicycle,wheel,wheel,0.33036014437675476,0.4966476857662201,0.6470693945884705,0.6830903887748718,1.0,1.0,1.0
fixed_uvd,test_seen,1971,val:2009_003224:part_7,2009_003224,bicycle,saddle,saddle,0.3654618561267853,0.5352941155433655,0.6178861856460571,0.02740524709224701,1.0,1.0,1.0
fixed_uvd,test_seen,1972,val:2009_003224:part_8,2009_003224,bicycle,handlebar,handlebar,0.15614035725593567,0.2701062262058258,0.824457585811615,0.04431486874818802,1.0,1.0,1.0
fixed_uvd,test_seen,1973,val:2009_003224:part_9,2009_003224,bicycle,chainwheel,chainwheel,0.06164383515715599,0.11612903326749802,0.6641929745674133,0.023615160956978798,1.0,1.0,1.0
fixed_uvd,test_seen,1974,val:2009_003269:part_20,2009_003269,bottle,body,body,0.8275039792060852,0.9056111574172974,0.11139455437660217,0.9689387679100037,1.0,1.0,1.0
fixed_uvd,test_seen,1975,val:2009_003269:part_21,2009_003269,bottle,cap,cap,0.11428571492433548,0.20512820780277252,0.4691357910633087,0.031061260029673576,1.0,1.0,1.0
fixed_uvd,test_seen,1976,val:2009_003299:part_109,2009_003299,train,head,head,0.018581906333565712,0.036485835909843445,0.4403669834136963,0.01821466162800789,1.0,1.0,1.0
fixed_uvd,test_seen,1977,val:2009_003299:part_110,2009_003299,train,front,front,0.48948872089385986,0.6572573781013489,0.21704545617103577,0.33403581380844116,1.0,1.0,1.0
fixed_uvd,test_seen,1978,val:2009_003299:part_111,2009_003299,train,side,side,0.6292028427124023,0.7724058032035828,0.1375415325164795,0.6474484205245972,1.0,1.0,1.0
fixed_uvd,test_seen,1979,val:2009_003304:part_22,2009_003304,bus,wheel,wheel,0.4455852210521698,0.6164772510528564,0.1793248951435089,0.01529967412352562,1.0,1.0,1.0
fixed_uvd,test_seen,1980,val:2009_003304:part_23,2009_003304,bus,headlight,headlight,0.126195028424263,0.22410866618156433,0.0,0.015233153477311134,1.0,1.0,1.0
fixed_uvd,test_seen,1981,val:2009_003304:part_24,2009_003304,bus,front,front,0.7478276491165161,0.8557224273681641,0.11898016929626465,0.2900286018848419,1.0,1.0,1.0
fixed_uvd,test_seen,1982,val:2009_003304:part_25,2009_003304,bus,side,side,0.623314619064331,0.7679529190063477,0.0818510502576828,0.3088538646697998,1.0,1.0,1.0
fixed_uvd,test_seen,1983,val:2009_003304:part_28,2009_003304,bus,mirror,mirror,0.12747874855995178,0.2261306494474411,0.20588235557079315,0.003858178621158004,1.0,1.0,1.0
fixed_uvd,test_seen,1984,val:2009_003304:part_30,2009_003304,bus,door,door,0.7481713891029358,0.8559473752975464,0.00957956351339817,0.09758531302213669,1.0,1.0,1.0
fixed_uvd,test_seen,1985,val:2009_003304:part_31,2009_003304,bus,window,window,0.6318262815475464,0.7743793725967407,0.02060350403189659,0.2598283886909485,1.0,1.0,1.0
fixed_uvd,test_seen,1986,val:2009_003311:part_109,2009_003311,train,head,head,0.02158273383975029,0.0422535203397274,0.35201793909072876,0.024545256048440933,1.0,1.0,1.0
fixed_uvd,test_seen,1987,val:2009_003311:part_110,2009_003311,train,front,front,0.3838661313056946,0.5547735095024109,0.07611771672964096,0.21992109715938568,1.0,1.0,1.0
fixed_uvd,test_seen,1988,val:2009_003311:part_111,2009_003311,train,side,side,0.394316166639328,0.565605103969574,0.046620890498161316,0.38067060708999634,1.0,1.0,1.0
fixed_uvd,test_seen,1989,val:2009_003311:part_114,2009_003311,train,coach,coach,0.01027190312743187,0.02033492736518383,0.06046286225318909,0.011724742129445076,1.0,1.0,1.0
fixed_uvd,test_seen,1990,val:2009_003323:part_70,2009_003323,horse,tail,tail,0.38009509444236755,0.5508245229721069,0.11361309885978699,0.26185518503189087,1.0,1.0,1.0
fixed_uvd,test_seen,1991,val:2009_003323:part_71,2009_003323,horse,head,head,0.0,0.0,0.0,0.04418228194117546,1.0,1.0,1.0
fixed_uvd,test_seen,1992,val:2009_003323:part_73,2009_003323,horse,torso,torso,0.6004258394241333,0.7503325939178467,0.060733385384082794,0.43765902519226074,1.0,1.0,1.0
fixed_uvd,test_seen,1993,val:2009_003323:part_74,2009_003323,horse,neck,neck,0.40740740299224854,0.5789473652839661,0.23076923191547394,0.057598888874053955,1.0,1.0,1.0
fixed_uvd,test_seen,1994,val:2009_003323:part_75,2009_003323,horse,leg,leg,0.29570236802101135,0.4564356505870819,0.19673247635364532,0.12745778262615204,1.0,1.0,1.0
fixed_uvd,test_seen,1995,val:2009_003323:part_76,2009_003323,horse,ear,ear,0.07692307978868484,0.1428571492433548,0.07339449226856232,0.003932454157620668,1.0,1.0,1.0
fixed_uvd,test_seen,1996,val:2009_003323:part_77,2009_003323,horse,muzzle,muzzle,0.0,0.0,0.0,0.021512838080525398,1.0,1.0,1.0
fixed_uvd,test_seen,1997,val:2009_003323:part_78,2009_003323,horse,hoof,hoof,0.2935323417186737,0.45384615659713745,0.48750001192092896,0.02313208393752575,1.0,1.0,1.0
fixed_uvd,test_seen,1998,val:2009_003343:part_6,2009_003343,bicycle,wheel,wheel,0.1638481765985489,0.28156280517578125,0.7560156583786011,0.6905640363693237,1.0,1.0,1.0
fixed_uvd,test_seen,1999,val:2009_003343:part_8,2009_003343,bicycle,handlebar,handlebar,0.0,0.0,0.5374149680137634,0.030047442764043808,1.0,1.0,1.0
fixed_uvd,test_seen,2000,val:2009_003343:part_9,2009_003343,bicycle,chainwheel,chainwheel,0.0,0.0,0.0,0.005271481350064278,1.0,1.0,1.0
fixed_uvd,test_seen,2001,val:2009_003433:part_114,2009_003433,train,coach,coach,0.8318045735359192,0.9081804752349854,0.12056808918714523,0.9148521423339844,1.0,1.0,1.0
fixed_uvd,test_seen,2002,val:2009_003481:part_71,2009_003481,horse,head,head,0.43704599142074585,0.6082561016082764,0.176933154463768,0.06171761453151703,1.0,1.0,1.0
fixed_uvd,test_seen,2003,val:2009_003481:part_72,2009_003481,horse,eye,eye,0.0,0.0,0.0,0.0021834061481058598,1.0,1.0,1.0
fixed_uvd,test_seen,2004,val:2009_003481:part_73,2009_003481,horse,torso,torso,0.5938697457313538,0.745192289352417,0.12877115607261658,0.3754003047943115,1.0,1.0,1.0
fixed_uvd,test_seen,2005,val:2009_003481:part_74,2009_003481,horse,neck,neck,0.6318318247795105,0.7743834853172302,0.12270715087652206,0.1653566211462021,1.0,1.0,1.0
fixed_uvd,test_seen,2006,val:2009_003481:part_75,2009_003481,horse,leg,leg,0.013574660755693913,0.02678571455180645,0.39793282747268677,0.00887918472290039,1.0,1.0,1.0
fixed_uvd,test_seen,2007,val:2009_003481:part_76,2009_003481,horse,ear,ear,0.21509434282779694,0.35403725504875183,0.29921260476112366,0.009898107498884201,1.0,1.0,1.0
fixed_uvd,test_seen,2008,val:2009_003481:part_77,2009_003481,horse,muzzle,muzzle,0.4423076808452606,0.6133333444595337,0.3130016028881073,0.04032023251056671,1.0,1.0,1.0
fixed_uvd,test_seen,2009,val:2009_003494:part_83,2009_003494,person,head,head,0.0,0.0,0.0,0.002452483167871833,1.0,1.0,1.0
fixed_uvd,test_seen,2010,val:2009_003494:part_85,2009_003494,person,torso,torso,0.4647727310657501,0.6346004605293274,0.0,0.1773451864719391,1.0,1.0,1.0
fixed_uvd,test_seen,2011,val:2009_003494:part_87,2009_003494,person,leg,leg,0.3348837196826935,0.5017421841621399,0.44542163610458374,0.14362354576587677,1.0,1.0,1.0
fixed_uvd,test_seen,2012,val:2009_003494:part_88,2009_003494,person,foot,foot,0.291262149810791,0.451127827167511,0.5714285969734192,0.03969956934452057,1.0,1.0,1.0
fixed_uvd,test_seen,2013,val:2009_003494:part_93,2009_003494,person,hair,hair,0.6048387289047241,0.7537688612937927,0.31888246536254883,0.11541999131441116,1.0,1.0,1.0
fixed_uvd,test_seen,2014,val:2009_003494:part_94,2009_003494,person,lower arm,lower arm,0.5315315127372742,0.6941176652908325,0.03381642326712608,0.04077253118157387,1.0,1.0,1.0
fixed_uvd,test_seen,2015,val:2009_003494:part_95,2009_003494,person,upper arm,upper arm,0.543795645236969,0.7044917345046997,0.0,0.03709380701184273,1.0,1.0,1.0
fixed_uvd,test_seen,2016,val:2009_003494:part_96,2009_003494,person,hand,hand,0.08940397202968597,0.16413374245166779,0.7384615540504456,0.020539546385407448,1.0,1.0,1.0
fixed_uvd,test_seen,2017,val:2009_003507:part_97,2009_003507,pottedplant,pot,pot,0.0,0.0,1.0,0.28260868787765503,1.0,1.0,1.0
fixed_uvd,test_seen,2018,val:2009_003507:part_98,2009_003507,pottedplant,plant,plant,0.0,0.0,0.0,0.3695652186870575,1.0,1.0,1.0
fixed_uvd,test_seen,2019,val:2009_003517:part_20,2009_003517,bottle,body,body,0.8110418319702148,0.8956632614135742,0.17634040117263794,0.9669223427772522,1.0,1.0,1.0
fixed_uvd,test_seen,2020,val:2009_003517:part_21,2009_003517,bottle,cap,cap,0.73046875,0.8442437648773193,0.043478261679410934,0.022770853713154793,1.0,1.0,1.0
fixed_uvd,test_seen,2021,val:2009_003523:part_115,2009_003523,tvmonitor,screen,screen,0.8244389295578003,0.9037725329399109,0.0,0.5440605282783508,1.0,1.0,1.0
fixed_uvd,test_seen,2022,val:2009_003542:part_52,2009_003542,cow,head,head,0.6620019674301147,0.7966319918632507,0.0636112242937088,0.31392836570739746,1.0,1.0,1.0
fixed_uvd,test_seen,2023,val:2009_003542:part_53,2009_003542,cow,eye,eye,0.44186046719551086,0.6129032373428345,0.0,0.004678783472627401,1.0,1.0,1.0
fixed_uvd,test_seen,2024,val:2009_003542:part_54,2009_003542,cow,torso,torso,0.4503251314163208,0.6209988594055176,0.06873580813407898,0.26867014169692993,1.0,1.0,1.0
fixed_uvd,test_seen,2025,val:2009_003542:part_55,2009_003542,cow,neck,neck,0.5986325740814209,0.7489307522773743,0.03876970708370209,0.21990282833576202,1.0,1.0,1.0
fixed_uvd,test_seen,2026,val:2009_003542:part_57,2009_003542,cow,ear,ear,0.24219590425491333,0.3899480104446411,0.20761245489120483,0.05164657160639763,1.0,1.0,1.0
fixed_uvd,test_seen,2027,val:2009_003542:part_58,2009_003542,cow,muzzle,muzzle,0.7454659342765808,0.8541741371154785,0.16100628674030304,0.10806190222501755,1.0,1.0,1.0
fixed_uvd,test_seen,2028,val:2009_003542:part_59,2009_003542,cow,horn,horn,0.13211679458618164,0.23339781165122986,0.25105664134025574,0.033111389726400375,1.0,1.0,1.0
fixed_uvd,test_seen,2029,val:2009_003551:part_115,2009_003551,tvmonitor,screen,screen,0.43880388140678406,0.6099565029144287,0.0015067222993820906,0.14373576641082764,1.0,1.0,1.0
fixed_uvd,test_seen,2030,val:2009_003564:part_97,2009_003564,pottedplant,pot,pot,0.26096490025520325,0.4139130413532257,0.6411609649658203,0.4170212745666504,1.0,1.0,1.0
fixed_uvd,test_seen,2031,val:2009_003564:part_98,2009_003564,pottedplant,plant,plant,0.28828829526901245,0.4475524425506592,0.48986485600471497,0.5659574270248413,1.0,1.0,1.0
fixed_uvd,test_seen,2032,val:2009_003569:part_52,2009_003569,cow,head,head,0.32958802580833435,0.49577465653419495,0.125,0.043142758309841156,1.0,1.0,1.0
fixed_uvd,test_seen,2033,val:2009_003569:part_53,2009_003569,cow,eye,eye,0.0,0.0,0.0,0.001753770629875362,1.0,1.0,1.0
fixed_uvd,test_seen,2034,val:2009_003569:part_54,2009_003569,cow,torso,torso,0.5549923777580261,0.7138200998306274,0.12920448184013367,0.4191511869430542,1.0,1.0,1.0
fixed_uvd,test_seen,2035,val:2009_003569:part_55,2009_003569,cow,neck,neck,0.3842364549636841,0.5551601648330688,0.005494505632668734,0.034724656492471695,1.0,1.0,1.0
fixed_uvd,test_seen,2036,val:2009_003569:part_56,2009_003569,cow,leg,leg,0.2188633680343628,0.3591269850730896,0.39676111936569214,0.09365134686231613,1.0,1.0,1.0
fixed_uvd,test_seen,2037,val:2009_003569:part_57,2009_003569,cow,ear,ear,0.0,0.0,1.0,0.00491055753082037,1.0,1.0,1.0
fixed_uvd,test_seen,2038,val:2009_003569:part_58,2009_003569,cow,muzzle,muzzle,0.2567567527294159,0.40860214829444885,0.6274510025978088,0.014731673523783684,1.0,1.0,1.0
fixed_uvd,test_seen,2039,val:2009_003696:part_0,2009_003696,aeroplane,body,body,0.6578783988952637,0.7936389446258545,0.12826086580753326,0.5064346790313721,1.0,1.0,1.0
fixed_uvd,test_seen,2040,val:2009_003696:part_1,2009_003696,aeroplane,stern,stern,0.35054346919059753,0.5191146731376648,0.5814515948295593,0.2380838841199875,1.0,1.0,1.0
fixed_uvd,test_seen,2041,val:2009_003696:part_2,2009_003696,aeroplane,wing,wing,0.1304202824831009,0.2307465374469757,0.48732680082321167,0.10247854888439178,1.0,1.0,1.0
fixed_uvd,test_seen,2042,val:2009_003696:part_4,2009_003696,aeroplane,engine,engine,0.3260188102722168,0.49172577261924744,0.11255060881376266,0.10891325026750565,1.0,1.0,1.0
fixed_uvd,test_seen,2043,val:2009_003696:part_5,2009_003696,aeroplane,wheel,wheel,0.12408759444952011,0.22077922523021698,0.7844827771186829,0.018112488090991974,1.0,1.0,1.0
fixed_uvd,test_seen,2044,val:2009_003703:part_22,2009_003703,bus,wheel,wheel,0.4933687150478363,0.6607459783554077,0.10857142508029938,0.02723088674247265,1.0,1.0,1.0
fixed_uvd,test_seen,2045,val:2009_003703:part_23,2009_003703,bus,headlight,headlight,0.2238806039094925,0.3658536672592163,0.0,0.006136537995189428,1.0,1.0,1.0
fixed_uvd,test_seen,2046,val:2009_003703:part_24,2009_003703,bus,front,front,0.4660595953464508,0.635798990726471,0.14030611515045166,0.1521349996328354,1.0,1.0,1.0
fixed_uvd,test_seen,2047,val:2009_003703:part_25,2009_003703,bus,side,side,0.5,0.6666666865348816,0.10088559240102768,0.2820250689983368,1.0,1.0,1.0
fixed_uvd,test_seen,2048,val:2009_003703:part_28,2009_003703,bus,mirror,mirror,0.09210526198148727,0.16867469251155853,0.6010638475418091,0.009204806759953499,1.0,1.0,1.0
fixed_uvd,test_seen,2049,val:2009_003703:part_30,2009_003703,bus,door,door,0.4208633005619049,0.5924050807952881,0.13070115447044373,0.05759396404027939,1.0,1.0,1.0
fixed_uvd,test_seen,2050,val:2009_003703:part_31,2009_003703,bus,window,window,0.6960887312889099,0.8208163976669312,0.05087364837527275,0.39082077145576477,1.0,1.0,1.0
fixed_uvd,test_seen,2051,val:2009_003771:part_42,2009_003771,cat,tail,tail,0.3501400649547577,0.5186722278594971,0.47058823704719543,0.016397744417190552,1.0,1.0,1.0
fixed_uvd,test_seen,2052,val:2009_003771:part_43,2009_003771,cat,head,head,0.6727676391601562,0.8043766617774963,0.0560806542634964,0.18745900690555573,1.0,1.0,1.0
fixed_uvd,test_seen,2053,val:2009_003771:part_44,2009_003771,cat,eye,eye,0.06583072245121002,0.12352941185235977,0.0,0.009182736277580261,1.0,1.0,1.0
fixed_uvd,test_seen,2054,val:2009_003771:part_45,2009_003771,cat,torso,torso,0.6429124474525452,0.7826496958732605,0.025968672707676888,0.4764528274536133,1.0,1.0,1.0
fixed_uvd,test_seen,2055,val:2009_003771:part_47,2009_003771,cat,leg,leg,0.38289010524749756,0.5537534952163696,0.012622720561921597,0.19205036759376526,1.0,1.0,1.0
fixed_uvd,test_seen,2056,val:2009_003771:part_48,2009_003771,cat,nose,nose,0.0,0.0,0.0,0.0026236390694975853,1.0,1.0,1.0
fixed_uvd,test_seen,2057,val:2009_003771:part_49,2009_003771,cat,paw,paw,0.4154786169528961,0.5870503783226013,0.3897435963153839,0.05444050952792168,1.0,1.0,1.0
fixed_uvd,test_seen,2058,val:2009_003771:part_50,2009_003771,cat,ear,ear,0.5566037893295288,0.7151514887809753,0.31529849767684937,0.05955660343170166,1.0,1.0,1.0
fixed_uvd,test_seen,2059,val:2009_003773:part_52,2009_003773,cow,head,head,0.5073907971382141,0.6732040643692017,0.09072715044021606,0.40145939588546753,1.0,1.0,1.0
fixed_uvd,test_seen,2060,val:2009_003773:part_53,2009_003773,cow,eye,eye,0.3822630047798157,0.5530973672866821,0.0764525979757309,0.008001023903489113,1.0,1.0,1.0
fixed_uvd,test_seen,2061,val:2009_003773:part_54,2009_003773,cow,torso,torso,0.159028097987175,0.2744162976741791,0.14981575310230255,0.08839531242847443,1.0,1.0,1.0
fixed_uvd,test_seen,2062,val:2009_003773:part_55,2009_003773,cow,neck,neck,0.2325194925069809,0.37730762362480164,0.07583744078874588,0.24073481559753418,1.0,1.0,1.0
fixed_uvd,test_seen,2063,val:2009_003773:part_57,2009_003773,cow,ear,ear,0.4662947356700897,0.6360177397727966,0.03566265106201172,0.06906484067440033,1.0,1.0,1.0
fixed_uvd,test_seen,2064,val:2009_003773:part_58,2009_003773,cow,muzzle,muzzle,0.5214511156082153,0.6854654550552368,0.2845423221588135,0.16046853363513947,1.0,1.0,1.0
fixed_uvd,test_seen,2065,val:2009_003773:part_59,2009_003773,cow,horn,horn,0.07500000298023224,0.13953489065170288,0.0602409653365612,0.0294437687844038,1.0,1.0,1.0
fixed_uvd,test_seen,2066,val:2009_003804:part_70,2009_003804,horse,tail,tail,0.0044247787445783615,0.008810572326183319,0.22921913862228394,0.008193186484277248,1.0,1.0,1.0
fixed_uvd,test_seen,2067,val:2009_003804:part_71,2009_003804,horse,head,head,0.6030061841011047,0.7523441910743713,0.009782608598470688,0.12835992872714996,1.0,1.0,1.0
fixed_uvd,test_seen,2068,val:2009_003804:part_72,2009_003804,horse,eye,eye,0.0,0.0,0.0,0.001724881469272077,1.0,1.0,1.0
fixed_uvd,test_seen,2069,val:2009_003804:part_73,2009_003804,horse,torso,torso,0.5646997690200806,0.7217995524406433,0.1244647428393364,0.3655311167240143,1.0,1.0,1.0
fixed_uvd,test_seen,2070,val:2009_003804:part_74,2009_003804,horse,neck,neck,0.36768150329589844,0.5376712083816528,0.10696517676115036,0.11010493338108063,1.0,1.0,1.0
fixed_uvd,test_seen,2071,val:2009_003804:part_75,2009_003804,horse,leg,leg,0.3247223496437073,0.4902496933937073,0.4040156602859497,0.20166738331317902,1.0,1.0,1.0
fixed_uvd,test_seen,2072,val:2009_003804:part_76,2009_003804,horse,ear,ear,0.4051094949245453,0.5766233801841736,0.13349515199661255,0.05145896226167679,1.0,1.0,1.0
fixed_uvd,test_seen,2073,val:2009_003804:part_77,2009_003804,horse,muzzle,muzzle,0.6218487620353699,0.7668393850326538,0.18232044577598572,0.09184993803501129,1.0,1.0,1.0
fixed_uvd,test_seen,2074,val:2009_003804:part_78,2009_003804,horse,hoof,hoof,0.38522428274154663,0.5561904907226562,0.46739131212234497,0.022567197680473328,1.0,1.0,1.0
fixed_uvd,test_seen,2075,val:2009_003806:part_0,2009_003806,aeroplane,body,body,0.752771258354187,0.8589497804641724,0.1430034190416336,0.6503695249557495,1.0,1.0,1.0
fixed_uvd,test_seen,2076,val:2009_003806:part_1,2009_003806,aeroplane,stern,stern,0.5411089658737183,0.7022332549095154,0.34465086460113525,0.24360431730747223,1.0,1.0,1.0
fixed_uvd,test_seen,2077,val:2009_003806:part_2,2009_003806,aeroplane,wing,wing,0.2844387888908386,0.4428997039794922,0.11284046620130539,0.06708356738090515,1.0,1.0,1.0
fixed_uvd,test_seen,2078,val:2009_003806:part_4,2009_003806,aeroplane,engine,engine,0.05138339847326279,0.09774436056613922,0.10803689062595367,0.011085844598710537,1.0,1.0,1.0
fixed_uvd,test_seen,2079,val:2009_003806:part_5,2009_003806,aeroplane,wheel,wheel,0.07552870362997055,0.1404494345188141,0.801886796951294,0.010801591910421848,1.0,1.0,1.0
fixed_uvd,test_seen,2080,val:2009_003849:part_83,2009_003849,person,head,head,0.7693150639533997,0.8696190714836121,0.1138392835855484,0.14420472085475922,1.0,1.0,1.0
fixed_uvd,test_seen,2081,val:2009_003849:part_84,2009_003849,person,eye,eye,0.05932203307747841,0.1120000034570694,0.0,0.003010536776855588,1.0,1.0,1.0
fixed_uvd,test_seen,2082,val:2009_003849:part_85,2009_003849,person,torso,torso,0.8950570225715637,0.944622814655304,0.03459768369793892,0.61806321144104,1.0,1.0,1.0
fixed_uvd,test_seen,2083,val:2009_003849:part_86,2009_003849,person,neck,neck,0.30455636978149414,0.46691176295280457,0.0,0.020270949229598045,1.0,1.0,1.0
fixed_uvd,test_seen,2084,val:2009_003849:part_89,2009_003849,person,nose,nose,0.43877550959587097,0.609929084777832,0.0,0.0078273955732584,1.0,1.0,1.0
fixed_uvd,test_seen,2085,val:2009_003849:part_90,2009_003849,person,ear,ear,0.08181817829608917,0.15126051008701324,0.5879396796226501,0.0039136977866292,1.0,1.0,1.0
fixed_uvd,test_seen,2086,val:2009_003849:part_91,2009_003849,person,eyebrow,eyebrow,0.2222222238779068,0.3636363744735718,0.0,0.0026091318577528,1.0,1.0,1.0
fixed_uvd,test_seen,2087,val:2009_003849:part_92,2009_003849,person,mouth,mouth,0.09638553857803345,0.17582418024539948,0.0,0.0009031610679812729,1.0,1.0,1.0
fixed_uvd,test_seen,2088,val:2009_003849:part_94,2009_003849,person,lower arm,lower arm,0.3082926869392395,0.47129008173942566,0.14763779938220978,0.032614149153232574,1.0,1.0,1.0
fixed_uvd,test_seen,2089,val:2009_003849:part_95,2009_003849,person,upper arm,upper arm,0.515875518321991,0.6806304454803467,0.12103112041950226,0.16467636823654175,1.0,1.0,1.0
fixed_uvd,test_seen,2090,val:2009_003857:part_115,2009_003857,tvmonitor,screen,screen,0.8599663376808167,0.9247117638587952,0.030567685142159462,0.8113350868225098,1.0,1.0,1.0
fixed_uvd,test_seen,2091,val:2009_003895:part_115,2009_003895,tvmonitor,screen,screen,0.3352116644382477,0.5021101832389832,0.052345242351293564,0.3048856556415558,1.0,1.0,1.0
fixed_uvd,test_seen,2092,val:2009_003904:part_43,2009_003904,cat,head,head,0.6483463048934937,0.786662757396698,0.09955643117427826,0.14669398963451385,1.0,1.0,1.0
fixed_uvd,test_seen,2093,val:2009_003904:part_44,2009_003904,cat,eye,eye,0.11946902424097061,0.2134387344121933,0.0,0.011541365645825863,1.0,1.0,1.0
fixed_uvd,test_seen,2094,val:2009_003904:part_45,2009_003904,cat,torso,torso,0.48282694816589355,0.6512249708175659,0.05798089876770973,0.33610183000564575,1.0,1.0,1.0
fixed_uvd,test_seen,2095,val:2009_003904:part_46,2009_003904,cat,neck,neck,0.288711279630661,0.448062002658844,0.0,0.03753640502691269,1.0,1.0,1.0
fixed_uvd,test_seen,2096,val:2009_003904:part_47,2009_003904,cat,leg,leg,0.6593920588493347,0.794739305973053,0.12269938737154007,0.30212491750717163,1.0,1.0,1.0
fixed_uvd,test_seen,2097,val:2009_003904:part_48,2009_003904,cat,nose,nose,0.39759036898612976,0.568965494632721,0.0,0.00420666579157114,1.0,1.0,1.0
fixed_uvd,test_seen,2098,val:2009_003904:part_49,2009_003904,cat,paw,paw,0.6932623982429504,0.818848192691803,0.21181818842887878,0.08736921846866608,1.0,1.0,1.0
fixed_uvd,test_seen,2099,val:2009_003904:part_50,2009_003904,cat,ear,ear,0.5405405163764954,0.7017543911933899,0.25867506861686707,0.04843059182167053,1.0,1.0,1.0
fixed_uvd,test_seen,2100,val:2009_003938:part_109,2009_003938,train,head,head,0.12044373899698257,0.2149929255247116,0.4457627236843109,0.02929394133388996,1.0,1.0,1.0
fixed_uvd,test_seen,2101,val:2009_003938:part_110,2009_003938,train,front,front,0.5532101988792419,0.7123442888259888,0.20866142213344574,0.1877816766500473,1.0,1.0,1.0
fixed_uvd,test_seen,2102,val:2009_003938:part_111,2009_003938,train,side,side,0.6128364205360413,0.7599486708641052,0.14569732546806335,0.5215322971343994,1.0,1.0,1.0
fixed_uvd,test_seen,2103,val:2009_003938:part_113,2009_003938,train,roof,roof,0.030225783586502075,0.058677978813648224,0.1233077198266983,0.02403605356812477,1.0,1.0,1.0
fixed_uvd,test_seen,2104,val:2009_003938:part_114,2009_003938,train,coach,coach,0.006544859614223242,0.013004605658352375,0.16612111032009125,0.006259389221668243,1.0,1.0,1.0
fixed_uvd,test_seen,2105,val:2009_003971:part_6,2009_003971,bicycle,wheel,wheel,0.2792437970638275,0.43657636642456055,0.35767683386802673,0.36921948194503784,1.0,1.0,1.0
fixed_uvd,test_seen,2106,val:2009_003971:part_8,2009_003971,bicycle,handlebar,handlebar,0.3237904906272888,0.4891869127750397,0.5665735602378845,0.40836799144744873,1.0,1.0,1.0
fixed_uvd,test_seen,2107,val:2009_003991:part_83,2009_003991,person,head,head,0.32534247636795044,0.49095606803894043,0.2326388955116272,0.031220436096191406,1.0,1.0,1.0
fixed_uvd,test_seen,2108,val:2009_003991:part_84,2009_003991,person,eye,eye,0.0,0.0,0.0,0.005045726895332336,1.0,1.0,1.0
fixed_uvd,test_seen,2109,val:2009_003991:part_85,2009_003991,person,torso,torso,0.3915703594684601,0.5627747774124146,0.04686423018574715,0.18795332312583923,1.0,1.0,1.0
fixed_uvd,test_seen,2110,val:2009_003991:part_87,2009_003991,person,leg,leg,0.6141672730445862,0.7609710693359375,0.15145814418792725,0.3402712047100067,1.0,1.0,1.0
fixed_uvd,test_seen,2111,val:2009_003991:part_88,2009_003991,person,foot,foot,0.3439635634422302,0.511864423751831,0.5375000238418579,0.059918008744716644,1.0,1.0,1.0
fixed_uvd,test_seen,2112,val:2009_003991:part_89,2009_003991,person,nose,nose,0.0,0.0,0.0,0.002522863447666168,1.0,1.0,1.0
fixed_uvd,test_seen,2113,val:2009_003991:part_90,2009_003991,person,ear,ear,0.0,0.0,0.0,0.002207505516707897,1.0,1.0,1.0
fixed_uvd,test_seen,2114,val:2009_003991:part_93,2009_003991,person,hair,hair,0.6441893577575684,0.783595085144043,0.19664634764194489,0.15452538430690765,1.0,1.0,1.0
fixed_uvd,test_seen,2115,val:2009_003991:part_94,2009_003991,person,lower arm,lower arm,0.3242753744125366,0.4897400736808777,0.08384457975625992,0.07631661742925644,1.0,1.0,1.0
fixed_uvd,test_seen,2116,val:2009_003991:part_95,2009_003991,person,upper arm,upper arm,0.5204081535339355,0.6845637559890747,0.06652360409498215,0.08798485994338989,1.0,1.0,1.0
fixed_uvd,test_seen,2117,val:2009_003991:part_96,2009_003991,person,hand,hand,0.03717472031712532,0.0716845914721489,0.772455096244812,0.035320088267326355,1.0,1.0,1.0
fixed_uvd,test_seen,2118,val:2009_004072:part_22,2009_004072,bus,wheel,wheel,0.0972568541765213,0.1772727221250534,0.04724409431219101,0.0023757752496749163,1.0,1.0,1.0
fixed_uvd,test_seen,2119,val:2009_004072:part_23,2009_004072,bus,headlight,headlight,0.32773110270500183,0.49367088079452515,0.029411764815449715,0.007248127367347479,1.0,1.0,1.0
fixed_uvd,test_seen,2120,val:2009_004072:part_24,2009_004072,bus,front,front,0.5937685966491699,0.7451126575469971,0.04706817492842674,0.2999516725540161,1.0,1.0,1.0
fixed_uvd,test_seen,2121,val:2009_004072:part_25,2009_004072,bus,side,side,0.4280357360839844,0.5994748473167419,0.04064122959971428,0.16469356417655945,1.0,1.0,1.0
fixed_uvd,test_seen,2122,val:2009_004072:part_28,2009_004072,bus,mirror,mirror,0.32591092586517334,0.4916030466556549,0.0,0.00785213802009821,1.0,1.0,1.0
fixed_uvd,test_seen,2123,val:2009_004072:part_30,2009_004072,bus,door,door,0.4312267601490021,0.6025974154472351,0.010780408047139645,0.076226145029068,1.0,1.0,1.0
fixed_uvd,test_seen,2124,val:2009_004072:part_31,2009_004072,bus,window,window,0.751926839351654,0.8583998084068298,0.0563749335706234,0.441531777381897,1.0,1.0,1.0
fixed_uvd,test_seen,2125,val:2009_004099:part_43,2009_004099,cat,head,head,0.5340136289596558,0.6962305903434753,0.07194244861602783,0.6811797618865967,1.0,1.0,1.0
fixed_uvd,test_seen,2126,val:2009_004099:part_44,2009_004099,cat,eye,eye,0.0,0.0,0.0,0.05477528274059296,1.0,1.0,1.0
fixed_uvd,test_seen,2127,val:2009_004099:part_48,2009_004099,cat,nose,nose,0.0,0.0,0.0,0.009831461124122143,1.0,1.0,1.0
fixed_uvd,test_seen,2128,val:2009_004099:part_50,2009_004099,cat,ear,ear,0.3202846944332123,0.4851751923561096,0.26424869894981384,0.25,1.0,1.0,1.0
fixed_uvd,test_seen,2129,val:2009_004125:part_83,2009_004125,person,head,head,0.0,0.0,0.0,0.06122449040412903,1.0,1.0,1.0
fixed_uvd,test_seen,2130,val:2009_004125:part_85,2009_004125,person,torso,torso,0.0,0.0,0.0,0.17006802558898926,1.0,1.0,1.0
fixed_uvd,test_seen,2131,val:2009_004125:part_94,2009_004125,person,lower arm,lower arm,0.0,0.0,0.0,0.013605441898107529,1.0,1.0,1.0
fixed_uvd,test_seen,2132,val:2009_004125:part_95,2009_004125,person,upper arm,upper arm,0.0,0.0,0.0,0.06802721321582794,1.0,1.0,1.0
fixed_uvd,test_seen,2133,val:2009_004221:part_83,2009_004221,person,head,head,0.5600814819335938,0.7180156707763672,0.14937759935855865,0.07091136276721954,1.0,1.0,1.0
fixed_uvd,test_seen,2134,val:2009_004221:part_85,2009_004221,person,torso,torso,0.6448243260383606,0.7840646505355835,0.02819640189409256,0.3513108491897583,1.0,1.0,1.0
fixed_uvd,test_seen,2135,val:2009_004221:part_86,2009_004221,person,neck,neck,0.2977099120616913,0.4588235318660736,0.08661417663097382,0.02147315815091133,1.0,1.0,1.0
fixed_uvd,test_seen,2136,val:2009_004221:part_87,2009_004221,person,leg,leg,0.6406357884407043,0.7809603810310364,0.3338108956813812,0.24419476091861725,1.0,1.0,1.0
fixed_uvd,test_seen,2137,val:2009_004221:part_88,2009_004221,person,foot,foot,0.0,0.0,0.6428571343421936,0.024719100445508957,1.0,1.0,1.0
fixed_uvd,test_seen,2138,val:2009_004221:part_89,2009_004221,person,nose,nose,0.0,0.0,0.0,0.005243445746600628,1.0,1.0,1.0
fixed_uvd,test_seen,2139,val:2009_004221:part_90,2009_004221,person,ear,ear,0.0,0.0,0.598802387714386,0.001498127356171608,1.0,1.0,1.0
fixed_uvd,test_seen,2140,val:2009_004221:part_91,2009_004221,person,eyebrow,eyebrow,0.0,0.0,0.0,0.0002496879023965448,1.0,1.0,1.0
fixed_uvd,test_seen,2141,val:2009_004221:part_92,2009_004221,person,mouth,mouth,0.0,0.0,0.0,0.004244694020599127,1.0,1.0,1.0
fixed_uvd,test_seen,2142,val:2009_004221:part_93,2009_004221,person,hair,hair,0.2460850179195404,0.3949730694293976,0.3785046637058258,0.032209739089012146,1.0,1.0,1.0
fixed_uvd,test_seen,2143,val:2009_004221:part_94,2009_004221,person,lower arm,lower arm,0.23395444452762604,0.37919461727142334,0.08018867671489716,0.04294631630182266,1.0,1.0,1.0
fixed_uvd,test_seen,2144,val:2009_004221:part_95,2009_004221,person,upper arm,upper arm,0.6752136945724487,0.8061224222183228,0.06637649983167648,0.16204744577407837,1.0,1.0,1.0
fixed_uvd,test_seen,2145,val:2009_004221:part_96,2009_004221,person,hand,hand,0.10810811072587967,0.19512194395065308,0.6272727251052856,0.013483146205544472,1.0,1.0,1.0
fixed_uvd,test_seen,2146,val:2009_004247:part_20,2009_004247,bottle,body,body,0.6266899108886719,0.7705093622207642,0.3598754405975342,0.9548969268798828,1.0,1.0,1.0
fixed_uvd,test_seen,2147,val:2009_004247:part_21,2009_004247,bottle,cap,cap,0.08387096971273422,0.1547619104385376,0.4486754834651947,0.04381443187594414,1.0,1.0,1.0
fixed_uvd,test_seen,2148,val:2009_004248:part_43,2009_004248,cat,head,head,0.7739633917808533,0.8725810050964355,0.02249627374112606,0.3943949341773987,1.0,1.0,1.0
fixed_uvd,test_seen,2149,val:2009_004248:part_44,2009_004248,cat,eye,eye,0.6666666865348816,0.800000011920929,0.0,0.03421536087989807,1.0,1.0,1.0
fixed_uvd,test_seen,2150,val:2009_004248:part_45,2009_004248,cat,torso,torso,0.7361518144607544,0.8480269908905029,0.12528735399246216,0.37296783924102783,1.0,1.0,1.0
fixed_uvd,test_seen,2151,val:2009_004248:part_46,2009_004248,cat,neck,neck,0.2722322940826416,0.427960067987442,0.014958863146603107,0.05652676522731781,1.0,1.0,1.0
fixed_uvd,test_seen,2152,val:2009_004248:part_48,2009_004248,cat,nose,nose,0.3538961112499237,0.5227817893028259,0.0,0.007414461579173803,1.0,1.0,1.0
fixed_uvd,test_seen,2153,val:2009_004248:part_50,2009_004248,cat,ear,ear,0.6249148845672607,0.7691662907600403,0.1342925727367401,0.12618188560009003,1.0,1.0,1.0
fixed_uvd,test_seen,2154,val:2009_004255:part_109,2009_004255,train,head,head,0.0,0.0,0.3878327012062073,0.004253643099218607,1.0,1.0,1.0
fixed_uvd,test_seen,2155,val:2009_004255:part_110,2009_004255,train,front,front,0.7448293566703796,0.8537560701370239,0.14163821935653687,0.6916108727455139,1.0,1.0,1.0
fixed_uvd,test_seen,2156,val:2009_004255:part_111,2009_004255,train,side,side,0.6813245415687561,0.8104616403579712,0.1266048550605774,0.3021661937236786,1.0,1.0,1.0
fixed_uvd,test_seen,2157,val:2009_004324:part_20,2009_004324,bottle,body,body,0.7807899117469788,0.8769028782844543,0.1444983333349228,0.9948952198028564,1.0,1.0,1.0
fixed_uvd,test_seen,2158,val:2009_004324:part_21,2009_004324,bottle,cap,cap,0.0,0.0,0.0,0.0016120364889502525,1.0,1.0,1.0
fixed_uvd,test_seen,2159,val:2009_004497:part_70,2009_004497,horse,tail,tail,0.06865503638982773,0.1284886747598648,0.318514347076416,0.005469135474413633,1.0,1.0,1.0
fixed_uvd,test_seen,2160,val:2009_004497:part_71,2009_004497,horse,head,head,0.6028369069099426,0.752212405204773,0.01841004192829132,0.228582963347435,1.0,1.0,1.0
fixed_uvd,test_seen,2161,val:2009_004497:part_72,2009_004497,horse,eye,eye,0.279720276594162,0.437158465385437,0.00716845877468586,0.0039001209661364555,1.0,1.0,1.0
fixed_uvd,test_seen,2162,val:2009_004497:part_73,2009_004497,horse,torso,torso,0.4370916783809662,0.6083003282546997,0.03066718764603138,0.26372888684272766,1.0,1.0,1.0
fixed_uvd,test_seen,2163,val:2009_004497:part_74,2009_004497,horse,neck,neck,0.5125434994697571,0.6777239441871643,0.03566121682524681,0.1590980440378189,1.0,1.0,1.0
fixed_uvd,test_seen,2164,val:2009_004497:part_76,2009_004497,horse,ear,ear,0.615472137928009,0.7619718313217163,0.07759882509708405,0.03303895518183708,1.0,1.0,1.0
fixed_uvd,test_seen,2165,val:2009_004497:part_77,2009_004497,horse,muzzle,muzzle,0.5359422564506531,0.697867751121521,0.03752821683883667,0.0892096683382988,1.0,1.0,1.0
fixed_uvd,test_seen,2166,val:2009_004504:part_43,2009_004504,cat,head,head,0.7980613708496094,0.8876909017562866,0.07600434124469757,0.39535191655158997,1.0,1.0,1.0
fixed_uvd,test_seen,2167,val:2009_004504:part_44,2009_004504,cat,eye,eye,0.12574850022792816,0.22340425848960876,0.0,0.005017826333642006,1.0,1.0,1.0
fixed_uvd,test_seen,2168,val:2009_004504:part_45,2009_004504,cat,torso,torso,0.6845465898513794,0.8127369284629822,0.06470325589179993,0.226594477891922,1.0,1.0,1.0
fixed_uvd,test_seen,2169,val:2009_004504:part_47,2009_004504,cat,leg,leg,0.3898584246635437,0.5610045194625854,0.11639849096536636,0.17166247963905334,1.0,1.0,1.0
fixed_uvd,test_seen,2170,val:2009_004504:part_48,2009_004504,cat,nose,nose,0.23622047901153564,0.3821656107902527,0.0,0.0039614420384168625,1.0,1.0,1.0
fixed_uvd,test_seen,2171,val:2009_004504:part_49,2009_004504,cat,paw,paw,0.5537135004997253,0.712761402130127,0.21750663220882416,0.11026013642549515,1.0,1.0,1.0
fixed_uvd,test_seen,2172,val:2009_004504:part_50,2009_004504,cat,ear,ear,0.5023923516273499,0.668789803981781,0.28878048062324524,0.07196619361639023,1.0,1.0,1.0
fixed_uvd,test_seen,2173,val:2009_004507:part_85,2009_004507,person,torso,torso,0.0,0.0,0.0,0.0005640158196911216,1.0,1.0,1.0
fixed_uvd,test_seen,2174,val:2009_004579:part_20,2009_004579,bottle,body,body,0.45981553196907043,0.6299638748168945,0.0775594636797905,0.482903391122818,1.0,1.0,1.0
fixed_uvd,test_seen,2175,val:2009_004579:part_21,2009_004579,bottle,cap,cap,0.28502416610717773,0.4436090290546417,0.3949275314807892,0.01435872446745634,1.0,1.0,1.0
fixed_uvd,test_seen,2176,val:2009_004590:part_22,2009_004590,bus,wheel,wheel,0.0017050298629328609,0.0034042552579194307,0.13846154510974884,0.00041600799886509776,1.0,1.0,1.0
fixed_uvd,test_seen,2177,val:2009_004590:part_23,2009_004590,bus,headlight,headlight,0.0,0.0,0.0,0.0027456528041511774,1.0,1.0,1.0
fixed_uvd,test_seen,2178,val:2009_004590:part_24,2009_004590,bus,front,front,0.1908368021249771,0.320508748292923,0.15331144630908966,0.09243697673082352,1.0,1.0,1.0
fixed_uvd,test_seen,2179,val:2009_004590:part_28,2009_004590,bus,mirror,mirror,0.0,0.0,0.0,0.00041600799886509776,1.0,1.0,1.0
fixed_uvd,test_seen,2180,val:2009_004590:part_31,2009_004590,bus,window,window,0.05348033457994461,0.1015307679772377,0.12464207410812378,0.038688741624355316,1.0,1.0,1.0
fixed_uvd,test_seen,2181,val:2009_004653:part_0,2009_004653,aeroplane,body,body,0.5477439761161804,0.7077966332435608,0.3766094446182251,0.6306620240211487,1.0,1.0,1.0
fixed_uvd,test_seen,2182,val:2009_004653:part_1,2009_004653,aeroplane,stern,stern,0.3956044018268585,0.5669291615486145,0.2747252881526947,0.2926829159259796,1.0,1.0,1.0
fixed_uvd,test_seen,2183,val:2009_004653:part_2,2009_004653,aeroplane,wing,wing,0.11049723625183105,0.19900497794151306,0.32596686482429504,0.023228803649544716,1.0,1.0,1.0
fixed_uvd,test_seen,2184,val:2009_004653:part_4,2009_004653,aeroplane,engine,engine,0.05862646549940109,0.11075949668884277,0.356783926486969,0.04065040498971939,1.0,1.0,1.0
fixed_uvd,test_seen,2185,val:2009_004653:part_5,2009_004653,aeroplane,wheel,wheel,0.0,0.0,0.26271185278892517,0.0011614401591941714,1.0,1.0,1.0
fixed_uvd,test_seen,2186,val:2009_004721:part_42,2009_004721,cat,tail,tail,0.40053924918174744,0.5719786286354065,0.3071049153804779,0.1077980175614357,1.0,1.0,1.0
fixed_uvd,test_seen,2187,val:2009_004721:part_43,2009_004721,cat,head,head,0.6363252997398376,0.7777491807937622,0.1300467550754547,0.09917676448822021,1.0,1.0,1.0
fixed_uvd,test_seen,2188,val:2009_004721:part_44,2009_004721,cat,eye,eye,0.0,0.0,0.0,0.0006482141907326877,1.0,1.0,1.0
fixed_uvd,test_seen,2189,val:2009_004721:part_45,2009_004721,cat,torso,torso,0.39792802929878235,0.5693112015724182,0.11620622873306274,0.32119011878967285,1.0,1.0,1.0
fixed_uvd,test_seen,2190,val:2009_004721:part_46,2009_004721,cat,neck,neck,0.5329713225364685,0.6953441500663757,0.06124093383550644,0.047643739730119705,1.0,1.0,1.0
fixed_uvd,test_seen,2191,val:2009_004721:part_47,2009_004721,cat,leg,leg,0.47254040837287903,0.641802966594696,0.08848156034946442,0.31872689723968506,1.0,1.0,1.0
fixed_uvd,test_seen,2192,val:2009_004721:part_48,2009_004721,cat,nose,nose,0.02459016442298889,0.04800000041723251,0.0,0.0012316069332882762,1.0,1.0,1.0
fixed_uvd,test_seen,2193,val:2009_004721:part_49,2009_004721,cat,paw,paw,0.3978494703769684,0.5692307949066162,0.30063867568969727,0.06858105957508087,1.0,1.0,1.0
fixed_uvd,test_seen,2194,val:2009_004721:part_50,2009_004721,cat,ear,ear,0.47718632221221924,0.646074652671814,0.2528517246246338,0.016270175576210022,1.0,1.0,1.0
fixed_uvd,test_seen,2195,val:2009_004730:part_109,2009_004730,train,head,head,0.000876168196555227,0.0017508025048300624,0.38084113597869873,0.0009270704467780888,1.0,1.0,1.0
fixed_uvd,test_seen,2196,val:2009_004730:part_111,2009_004730,train,side,side,0.6508452296257019,0.7884994149208069,0.3151308298110962,0.995673656463623,1.0,1.0,1.0
fixed_uvd,test_seen,2197,val:2009_004730:part_114,2009_004730,train,coach,coach,0.00021925017063040286,0.00043840421130880713,0.32653507590293884,0.0006180469645187259,1.0,1.0,1.0
fixed_uvd,test_seen,2198,val:2009_004732:part_22,2009_004732,bus,wheel,wheel,0.5569620132446289,0.7154471278190613,0.1232394352555275,0.01648961380124092,1.0,1.0,1.0
fixed_uvd,test_seen,2199,val:2009_004732:part_23,2009_004732,bus,headlight,headlight,0.07297297567129135,0.13602015376091003,0.21751412749290466,0.00340891070663929,1.0,1.0,1.0
fixed_uvd,test_seen,2200,val:2009_004732:part_24,2009_004732,bus,front,front,0.46770426630973816,0.6373276710510254,0.06386909633874893,0.14816869795322418,1.0,1.0,1.0
fixed_uvd,test_seen,2201,val:2009_004732:part_25,2009_004732,bus,side,side,0.5644640922546387,0.721606969833374,0.11304178088903427,0.3240843415260315,1.0,1.0,1.0
fixed_uvd,test_seen,2202,val:2009_004732:part_28,2009_004732,bus,mirror,mirror,0.0,0.0,0.0,0.01704455353319645,1.0,1.0,1.0
fixed_uvd,test_seen,2203,val:2009_004732:part_30,2009_004732,bus,door,door,0.3517568111419678,0.5204439163208008,0.0,0.07903916388750076,1.0,1.0,1.0
fixed_uvd,test_seen,2204,val:2009_004732:part_31,2009_004732,bus,window,window,0.41673579812049866,0.5883041620254517,0.036835089325904846,0.29332488775253296,1.0,1.0,1.0
fixed_uvd,test_seen,2205,val:2009_004738:part_83,2009_004738,person,head,head,0.6674057841300964,0.8005319237709045,0.14666666090488434,0.24512353539466858,1.0,1.0,1.0
fixed_uvd,test_seen,2206,val:2009_004738:part_85,2009_004738,person,torso,torso,0.1675213724374771,0.28696924448013306,0.04128440469503403,0.30234071612358093,1.0,1.0,1.0
fixed_uvd,test_seen,2207,val:2009_004738:part_87,2009_004738,person,leg,leg,0.2554621994495392,0.4069611728191376,0.3930041193962097,0.16970090568065643,1.0,1.0,1.0
fixed_uvd,test_seen,2208,val:2009_004738:part_88,2009_004738,person,foot,foot,0.0,0.0,0.4795321524143219,0.031209362670779228,1.0,1.0,1.0
fixed_uvd,test_seen,2209,val:2009_004738:part_94,2009_004738,person,lower arm,lower arm,0.175298810005188,0.29830509424209595,0.597122311592102,0.10143043100833893,1.0,1.0,1.0
fixed_uvd,test_seen,2210,val:2009_004738:part_95,2009_004738,person,upper arm,upper arm,0.16956521570682526,0.2899628281593323,0.027624309062957764,0.11443433165550232,1.0,1.0,1.0
fixed_uvd,test_seen,2211,val:2009_004738:part_96,2009_004738,person,hand,hand,0.0,0.0,0.37704917788505554,0.020806241780519485,1.0,1.0,1.0
fixed_uvd,test_seen,2212,val:2009_004789:part_22,2009_004789,bus,wheel,wheel,0.6520432829856873,0.7893779277801514,0.07061688601970673,0.06446266919374466,1.0,1.0,1.0
fixed_uvd,test_seen,2213,val:2009_004789:part_23,2009_004789,bus,headlight,headlight,0.0,0.0,0.0,0.004419325850903988,1.0,1.0,1.0
fixed_uvd,test_seen,2214,val:2009_004789:part_24,2009_004789,bus,front,front,0.32838016748428345,0.49440690875053406,0.07259666919708252,0.10563889145851135,1.0,1.0,1.0
fixed_uvd,test_seen,2215,val:2009_004789:part_25,2009_004789,bus,side,side,0.6529937386512756,0.7900740504264832,0.04334193840622902,0.3885607421398163,1.0,1.0,1.0
fixed_uvd,test_seen,2216,val:2009_004789:part_28,2009_004789,bus,mirror,mirror,0.15157894790172577,0.2632541060447693,0.0,0.003909403923898935,1.0,1.0,1.0
fixed_uvd,test_seen,2217,val:2009_004789:part_31,2009_004789,bus,window,window,0.4383792281150818,0.6095461249351501,0.02011321298778057,0.1555262804031372,1.0,1.0,1.0
fixed_uvd,test_seen,2218,val:2009_004799:part_108,2009_004799,train,headlight,headlight,0.0,0.0,0.0,0.014257939532399178,1.0,1.0,1.0
fixed_uvd,test_seen,2219,val:2009_004799:part_114,2009_004799,train,coach,coach,0.45612311363220215,0.6264897584915161,0.07585470378398895,0.5562756657600403,1.0,1.0,1.0
fixed_uvd,test_seen,2220,val:2009_004848:part_6,2009_004848,bicycle,wheel,wheel,0.09913326054811478,0.18038442730903625,0.8759590983390808,0.594629168510437,1.0,1.0,1.0
fixed_uvd,test_seen,2221,val:2009_004848:part_7,2009_004848,bicycle,saddle,saddle,0.11971831321716309,0.21383647620677948,0.7446808218955994,0.023017901927232742,1.0,1.0,1.0
fixed_uvd,test_seen,2222,val:2009_004848:part_8,2009_004848,bicycle,handlebar,handlebar,0.10951525717973709,0.19741100072860718,0.8308550119400024,0.10230179131031036,1.0,1.0,1.0
fixed_uvd,test_seen,2223,val:2009_004848:part_9,2009_004848,bicycle,chainwheel,chainwheel,0.10582010447978973,0.19138756394386292,0.7599999904632568,0.043478261679410934,1.0,1.0,1.0
fixed_uvd,test_seen,2224,val:2009_004859:part_83,2009_004859,person,head,head,0.649397611618042,0.7874360680580139,0.0,0.16304348409175873,1.0,1.0,1.0
fixed_uvd,test_seen,2225,val:2009_004859:part_84,2009_004859,person,eye,eye,0.18978102505207062,0.3190183937549591,0.0,0.007638073060661554,1.0,1.0,1.0
fixed_uvd,test_seen,2226,val:2009_004859:part_85,2009_004859,person,torso,torso,0.5133802890777588,0.678455114364624,0.16780579090118408,0.3237367868423462,1.0,1.0,1.0
fixed_uvd,test_seen,2227,val:2009_004859:part_87,2009_004859,person,leg,leg,0.7033097147941589,0.8258153796195984,0.09724237769842148,0.11045828461647034,1.0,1.0,1.0
fixed_uvd,test_seen,2228,val:2009_004859:part_89,2009_004859,person,nose,nose,0.26035502552986145,0.4131455421447754,0.0,0.0064629847183823586,1.0,1.0,1.0
fixed_uvd,test_seen,2229,val:2009_004859:part_90,2009_004859,person,ear,ear,0.3368421196937561,0.5039370059967041,0.23636363446712494,0.013072855770587921,1.0,1.0,1.0
fixed_uvd,test_seen,2230,val:2009_004859:part_91,2009_004859,person,eyebrow,eyebrow,0.028301887214183807,0.055045872926712036,0.0,0.0017626321641728282,1.0,1.0,1.0
fixed_uvd,test_seen,2231,val:2009_004859:part_92,2009_004859,person,mouth,mouth,0.3191489279270172,0.4838709533214569,0.0,0.0022032903507351875,1.0,1.0,1.0
fixed_uvd,test_seen,2232,val:2009_004859:part_93,2009_004859,person,hair,hair,0.5594520568847656,0.717498242855072,0.25306838750839233,0.1667156219482422,1.0,1.0,1.0
fixed_uvd,test_seen,2233,val:2009_004859:part_94,2009_004859,person,lower arm,lower arm,0.5551242232322693,0.7139291167259216,0.00414250185713172,0.11692126840353012,1.0,1.0,1.0
fixed_uvd,test_seen,2234,val:2009_004859:part_95,2009_004859,person,upper arm,upper arm,0.28389444947242737,0.44223955273628235,0.04185623303055763,0.0458284355700016,1.0,1.0,1.0
fixed_uvd,test_seen,2235,val:2009_004859:part_96,2009_004859,person,hand,hand,0.5786163806915283,0.7330677509307861,0.02181818149983883,0.0333431251347065,1.0,1.0,1.0
fixed_uvd,test_seen,2236,val:2009_004867:part_22,2009_004867,bus,wheel,wheel,0.4263888895511627,0.5978578329086304,0.0634920671582222,0.021508146077394485,1.0,1.0,1.0
fixed_uvd,test_seen,2237,val:2009_004867:part_23,2009_004867,bus,headlight,headlight,0.21010100841522217,0.34724539518356323,0.0,0.01068967767059803,1.0,1.0,1.0
fixed_uvd,test_seen,2238,val:2009_004867:part_24,2009_004867,bus,front,front,0.6616792678833008,0.7963982820510864,0.12339930236339569,0.29409492015838623,1.0,1.0,1.0
fixed_uvd,test_seen,2239,val:2009_004867:part_25,2009_004867,bus,side,side,0.41743993759155273,0.5890054702758789,0.09769498556852341,0.23755554854869843,1.0,1.0,1.0
fixed_uvd,test_seen,2240,val:2009_004867:part_28,2009_004867,bus,mirror,mirror,0.5322195887565613,0.6947040557861328,0.08563535660505295,0.01803078129887581,1.0,1.0,1.0
fixed_uvd,test_seen,2241,val:2009_004867:part_30,2009_004867,bus,door,door,0.3514346778392792,0.5200912356376648,0.021889125928282738,0.09633588790893555,1.0,1.0,1.0
fixed_uvd,test_seen,2242,val:2009_004867:part_31,2009_004867,bus,window,window,0.681869387626648,0.8108469843864441,0.015795519575476646,0.32094791531562805,1.0,1.0,1.0
fixed_uvd,test_seen,2243,val:2009_004882:part_6,2009_004882,bicycle,wheel,wheel,0.1534464806318283,0.2660660743713379,0.8143268823623657,0.6042923927307129,1.0,1.0,1.0
fixed_uvd,test_seen,2244,val:2009_004882:part_7,2009_004882,bicycle,saddle,saddle,0.0782608687877655,0.14516128599643707,0.747706413269043,0.02012072503566742,1.0,1.0,1.0
fixed_uvd,test_seen,2245,val:2009_004882:part_8,2009_004882,bicycle,handlebar,handlebar,0.06882590800523758,0.12878787517547607,0.8550000190734863,0.04292421042919159,1.0,1.0,1.0
fixed_uvd,test_seen,2246,val:2009_004882:part_9,2009_004882,bicycle,chainwheel,chainwheel,0.19230769574642181,0.32258063554763794,0.7227723002433777,0.036217302083969116,1.0,1.0,1.0
fixed_uvd,test_seen,2247,val:2009_004942:part_70,2009_004942,horse,tail,tail,0.25689223408699036,0.4087736904621124,0.41644561290740967,0.02221032977104187,1.0,1.0,1.0
fixed_uvd,test_seen,2248,val:2009_004942:part_71,2009_004942,horse,head,head,0.5381125211715698,0.6997050046920776,0.05338417366147041,0.05762197822332382,1.0,1.0,1.0
fixed_uvd,test_seen,2249,val:2009_004942:part_72,2009_004942,horse,eye,eye,0.1621621549129486,0.27906978130340576,0.3166666626930237,0.002319150837138295,1.0,1.0,1.0
fixed_uvd,test_seen,2250,val:2009_004942:part_73,2009_004942,horse,torso,torso,0.8316102623939514,0.9080646634101868,0.038254544138908386,0.5403621196746826,1.0,1.0,1.0
fixed_uvd,test_seen,2251,val:2009_004942:part_74,2009_004942,horse,neck,neck,0.39717891812324524,0.5685440897941589,0.06244175136089325,0.07216127216815948,1.0,1.0,1.0
fixed_uvd,test_seen,2252,val:2009_004942:part_75,2009_004942,horse,leg,leg,0.38493800163269043,0.5558920502662659,0.419725626707077,0.19632503390312195,1.0,1.0,1.0
fixed_uvd,test_seen,2253,val:2009_004942:part_76,2009_004942,horse,ear,ear,0.2969924807548523,0.4579710066318512,0.2864077687263489,0.012398537248373032,1.0,1.0,1.0
fixed_uvd,test_seen,2254,val:2009_004942:part_77,2009_004942,horse,muzzle,muzzle,0.6398104429244995,0.7803468108177185,0.02871621586382389,0.03978235647082329,1.0,1.0,1.0
fixed_uvd,test_seen,2255,val:2009_004942:part_78,2009_004942,horse,hoof,hoof,0.27938342094421387,0.4367469847202301,0.5290519595146179,0.030951743945479393,1.0,1.0,1.0
fixed_uvd,test_seen,2256,val:2009_004969:part_0,2009_004969,aeroplane,body,body,0.5797911286354065,0.734009861946106,0.2382688969373703,0.6173508763313293,1.0,1.0,1.0
fixed_uvd,test_seen,2257,val:2009_004969:part_1,2009_004969,aeroplane,stern,stern,0.5,0.6666666865348816,0.2829912006855011,0.15620966255664825,1.0,1.0,1.0
fixed_uvd,test_seen,2258,val:2009_004969:part_2,2009_004969,aeroplane,wing,wing,0.1989743560552597,0.33190760016441345,0.32084691524505615,0.12806609272956848,1.0,1.0,1.0
fixed_uvd,test_seen,2259,val:2009_004969:part_5,2009_004969,aeroplane,wheel,wheel,0.6419437527656555,0.781931459903717,0.3243967890739441,0.06945520639419556,1.0,1.0,1.0
fixed_uvd,test_seen,2260,val:2009_004987:part_83,2009_004987,person,head,head,0.6072874665260315,0.755667507648468,0.25406503677368164,0.1959766447544098,1.0,1.0,1.0
fixed_uvd,test_seen,2261,val:2009_004987:part_84,2009_004987,person,eye,eye,0.0,0.0,0.0,0.0012978585436940193,1.0,1.0,1.0
fixed_uvd,test_seen,2262,val:2009_004987:part_85,2009_004987,person,torso,torso,0.25696203112602234,0.40886202454566956,0.1903485208749771,0.16028553247451782,1.0,1.0,1.0
fixed_uvd,test_seen,2263,val:2009_004987:part_86,2009_004987,person,neck,neck,0.0,0.0,0.0,0.006489292718470097,1.0,1.0,1.0
fixed_uvd,test_seen,2264,val:2009_004987:part_87,2009_004987,person,leg,leg,0.2169954478740692,0.35660848021507263,0.49214091897010803,0.3640493154525757,1.0,1.0,1.0
fixed_uvd,test_seen,2265,val:2009_004987:part_88,2009_004987,person,foot,foot,0.17417417466640472,0.2966752052307129,0.6610738039016724,0.06035042181611061,1.0,1.0,1.0
fixed_uvd,test_seen,2266,val:2009_004987:part_89,2009_004987,person,nose,nose,0.0,0.0,0.0,0.0012978585436940193,1.0,1.0,1.0
fixed_uvd,test_seen,2267,val:2009_004987:part_94,2009_004987,person,lower arm,lower arm,0.1178947389125824,0.21092279255390167,0.4526315927505493,0.07268007844686508,1.0,1.0,1.0
fixed_uvd,test_seen,2268,val:2009_004987:part_95,2009_004987,person,upper arm,upper arm,0.17741934955120087,0.30136987566947937,0.02380952425301075,0.0791693702340126,1.0,1.0,1.0
fixed_uvd,test_seen,2269,val:2009_004987:part_96,2009_004987,person,hand,hand,0.06112852692604065,0.11521418392658234,0.35143768787384033,0.03309539332985878,1.0,1.0,1.0
fixed_uvd,test_seen,2270,val:2009_004993:part_115,2009_004993,tvmonitor,screen,screen,0.5247446894645691,0.6883050203323364,0.0,0.1889527589082718,1.0,1.0,1.0
fixed_uvd,test_seen,2271,val:2009_005038:part_20,2009_005038,bottle,body,body,0.7176513075828552,0.835619330406189,0.2619912922382355,0.9285046458244324,1.0,1.0,1.0
fixed_uvd,test_seen,2272,val:2009_005038:part_21,2009_005038,bottle,cap,cap,0.09217876940965652,0.16879795491695404,0.3888888955116272,0.03130841255187988,1.0,1.0,1.0
fixed_uvd,test_seen,2273,val:2009_005078:part_83,2009_005078,person,head,head,0.3888888955116272,0.5600000023841858,0.5103092789649963,0.24215246737003326,1.0,1.0,1.0
fixed_uvd,test_seen,2274,val:2009_005078:part_85,2009_005078,person,torso,torso,0.0873015895485878,0.16058394312858582,0.2711864411830902,0.028400598093867302,1.0,1.0,1.0
fixed_uvd,test_seen,2275,val:2009_005078:part_87,2009_005078,person,leg,leg,0.4403470754623413,0.6114457845687866,0.4160919487476349,0.3423019349575043,1.0,1.0,1.0
fixed_uvd,test_seen,2276,val:2009_005078:part_88,2009_005078,person,foot,foot,0.09677419066429138,0.1764705926179886,0.6206896305084229,0.06576980650424957,1.0,1.0,1.0
fixed_uvd,test_seen,2277,val:2009_005078:part_94,2009_005078,person,lower arm,lower arm,0.1222570538520813,0.2178770899772644,0.5,0.1165919303894043,1.0,1.0,1.0
fixed_uvd,test_seen,2278,val:2009_005078:part_95,2009_005078,person,upper arm,upper arm,0.0,0.0,0.3756345212459564,0.05231688916683197,1.0,1.0,1.0
fixed_uvd,test_seen,2279,val:2009_005078:part_96,2009_005078,person,hand,hand,0.007692307699471712,0.015267175622284412,0.6278688311576843,0.06726457178592682,1.0,1.0,1.0
fixed_uvd,test_seen,2280,val:2009_005087:part_83,2009_005087,person,head,head,0.4248366057872772,0.5963302850723267,0.0,0.12737642228603363,1.0,1.0,1.0
fixed_uvd,test_seen,2281,val:2009_005087:part_85,2009_005087,person,torso,torso,0.0,0.0,0.0,0.03707224503159523,1.0,1.0,1.0
fixed_uvd,test_seen,2282,val:2009_005087:part_87,2009_005087,person,leg,leg,0.555438220500946,0.7141887545585632,0.3687281310558319,0.5855513215065002,1.0,1.0,1.0
fixed_uvd,test_seen,2283,val:2009_005087:part_88,2009_005087,person,foot,foot,0.07806691527366638,0.14482758939266205,0.7260273694992065,0.13688212633132935,1.0,1.0,1.0
fixed_uvd,test_seen,2284,val:2009_005087:part_90,2009_005087,person,ear,ear,0.0,0.0,0.0,0.008555132895708084,1.0,1.0,1.0
fixed_uvd,test_seen,2285,val:2009_005087:part_93,2009_005087,person,hair,hair,0.0,0.0,0.0,0.028517110273241997,1.0,1.0,1.0
fixed_uvd,test_seen,2286,val:2009_005087:part_95,2009_005087,person,upper arm,upper arm,0.29729729890823364,0.4583333432674408,0.37142857909202576,0.057984791696071625,1.0,1.0,1.0
fixed_uvd,test_seen,2287,val:2009_005148:part_114,2009_005148,train,coach,coach,0.9041391611099243,0.94965660572052,0.0895165428519249,0.9945679306983948,1.0,1.0,1.0
fixed_uvd,test_seen,2288,val:2009_005156:part_6,2009_005156,bicycle,wheel,wheel,0.09062321484088898,0.1661861091852188,0.8952199816703796,0.46360424160957336,1.0,1.0,1.0
fixed_uvd,test_seen,2289,val:2009_005156:part_7,2009_005156,bicycle,saddle,saddle,0.33409610390663147,0.5008576512336731,0.6368159055709839,0.1279151886701584,1.0,1.0,1.0
fixed_uvd,test_seen,2290,val:2009_005156:part_8,2009_005156,bicycle,handlebar,handlebar,0.09350649267435074,0.17102137207984924,0.85546875,0.11660777032375336,1.0,1.0,1.0
fixed_uvd,test_seen,2291,val:2009_005156:part_9,2009_005156,bicycle,chainwheel,chainwheel,0.17037037014961243,0.29113924503326416,0.7038834691047668,0.07773851603269577,1.0,1.0,1.0
fixed_uvd,test_seen,2292,val:2009_005158:part_43,2009_005158,cat,head,head,0.6764252781867981,0.8069853186607361,0.07558369636535645,0.26712527871131897,1.0,1.0,1.0
fixed_uvd,test_seen,2293,val:2009_005158:part_44,2009_005158,cat,eye,eye,0.3611111044883728,0.5306122303009033,0.0,0.016393441706895828,1.0,1.0,1.0
fixed_uvd,test_seen,2294,val:2009_005158:part_45,2009_005158,cat,torso,torso,0.7603603601455688,0.8638690114021301,0.021468328312039375,0.4487704932689667,1.0,1.0,1.0
fixed_uvd,test_seen,2295,val:2009_005158:part_46,2009_005158,cat,neck,neck,0.4675675630569458,0.6372007131576538,0.004228329751640558,0.0999707281589508,1.0,1.0,1.0
fixed_uvd,test_seen,2296,val:2009_005158:part_47,2009_005158,cat,leg,leg,0.1750585436820984,0.2979571521282196,0.06048150360584259,0.04449648782610893,1.0,1.0,1.0
fixed_uvd,test_seen,2297,val:2009_005158:part_48,2009_005158,cat,nose,nose,0.3258427083492279,0.49152541160583496,0.0,0.005854800809174776,1.0,1.0,1.0
fixed_uvd,test_seen,2298,val:2009_005158:part_49,2009_005158,cat,paw,paw,0.36079078912734985,0.5302663445472717,0.22923588752746582,0.032786883413791656,1.0,1.0,1.0
fixed_uvd,test_seen,2299,val:2009_005158:part_50,2009_005158,cat,ear,ear,0.6069868803024292,0.7554348111152649,0.30293160676956177,0.07172130793333054,1.0,1.0,1.0
fixed_uvd,test_seen,2300,val:2009_005189:part_0,2009_005189,aeroplane,body,body,0.43315789103507996,0.6044803261756897,0.12894736230373383,0.35581496357917786,1.0,1.0,1.0
fixed_uvd,test_seen,2301,val:2009_005189:part_1,2009_005189,aeroplane,stern,stern,0.1818181872367859,0.3076923191547394,0.30000001192092896,0.24340683221817017,1.0,1.0,1.0
fixed_uvd,test_seen,2302,val:2009_005189:part_2,2009_005189,aeroplane,wing,wing,0.12595558166503906,0.22373101115226746,0.6068503260612488,0.1759619563817978,1.0,1.0,1.0
fixed_uvd,test_seen,2303,val:2009_005189:part_4,2009_005189,aeroplane,engine,engine,0.2136150300502777,0.3520309329032898,0.4084755778312683,0.1595330685377121,1.0,1.0,1.0
fixed_uvd,test_seen,2304,val:2009_005189:part_5,2009_005189,aeroplane,wheel,wheel,0.2631579041481018,0.4166666567325592,0.4859813153743744,0.0159965418279171,1.0,1.0,1.0
fixed_uvd,test_seen,2305,val:2009_005190:part_20,2009_005190,bottle,body,body,0.7210366129875183,0.8379096388816833,0.12355447560548782,0.8519784808158875,1.0,1.0,1.0
fixed_uvd,test_seen,2306,val:2009_005190:part_21,2009_005190,bottle,cap,cap,0.0,0.0,0.0,0.07327796518802643,1.0,1.0,1.0
fixed_uvd,test_seen,2307,val:2009_005217:part_85,2009_005217,person,torso,torso,0.3764646053314209,0.5470021963119507,0.09663169831037521,0.3044072389602661,1.0,1.0,1.0
fixed_uvd,test_seen,2308,val:2009_005217:part_87,2009_005217,person,leg,leg,0.4961997866630554,0.6632801294326782,0.42944106459617615,0.32422274351119995,1.0,1.0,1.0
fixed_uvd,test_seen,2309,val:2009_005217:part_88,2009_005217,person,foot,foot,0.08679927885532379,0.15973377227783203,0.6586270928382874,0.021182097494602203,1.0,1.0,1.0
fixed_uvd,test_seen,2310,val:2009_005217:part_94,2009_005217,person,lower arm,lower arm,0.43122270703315735,0.6025934219360352,0.02860858291387558,0.18517252802848816,1.0,1.0,1.0
fixed_uvd,test_seen,2311,val:2009_005217:part_95,2009_005217,person,upper arm,upper arm,0.379518061876297,0.5502183437347412,0.06618407368659973,0.1390502154827118,1.0,1.0,1.0
fixed_uvd,test_seen,2312,val:2009_005217:part_96,2009_005217,person,hand,hand,0.0,0.0,0.0,0.007516228128224611,1.0,1.0,1.0
fixed_uvd,test_seen,2313,val:2009_005219:part_42,2009_005219,cat,tail,tail,0.31435078382492065,0.4783362150192261,0.010723860934376717,0.029973553493618965,1.0,1.0,1.0
fixed_uvd,test_seen,2314,val:2009_005219:part_43,2009_005219,cat,head,head,0.7244898080825806,0.8402366638183594,0.07058288156986237,0.2732882797718048,1.0,1.0,1.0
fixed_uvd,test_seen,2315,val:2009_005219:part_44,2009_005219,cat,eye,eye,0.2768361568450928,0.4336283206939697,0.0,0.01733764261007309,1.0,1.0,1.0
fixed_uvd,test_seen,2316,val:2009_005219:part_45,2009_005219,cat,torso,torso,0.5106592774391174,0.676074743270874,0.1344255805015564,0.38010579347610474,1.0,1.0,1.0
fixed_uvd,test_seen,2317,val:2009_005219:part_46,2009_005219,cat,neck,neck,0.4730158746242523,0.642241358757019,0.04278074949979782,0.04069938138127327,1.0,1.0,1.0
fixed_uvd,test_seen,2318,val:2009_005219:part_47,2009_005219,cat,leg,leg,0.32569974660873413,0.4913627505302429,0.31298699975013733,0.07992947101593018,1.0,1.0,1.0
fixed_uvd,test_seen,2319,val:2009_005219:part_48,2009_005219,cat,nose,nose,0.23728813230991364,0.3835616409778595,0.0,0.008962679654359818,1.0,1.0,1.0
fixed_uvd,test_seen,2320,val:2009_005219:part_49,2009_005219,cat,paw,paw,0.0,0.0,1.0,0.02982662431895733,1.0,1.0,1.0
fixed_uvd,test_seen,2321,val:2009_005219:part_50,2009_005219,cat,ear,ear,0.6451063752174377,0.7842731475830078,0.14119750261306763,0.11960035562515259,1.0,1.0,1.0
fixed_uvd,test_seen,2322,val:2009_005220:part_109,2009_005220,train,head,head,0.20297029614448547,0.3374485671520233,0.4868420958518982,0.05330929532647133,1.0,1.0,1.0
fixed_uvd,test_seen,2323,val:2009_005220:part_110,2009_005220,train,front,front,0.899062991142273,0.9468490481376648,0.058377306908369064,0.4711134135723114,1.0,1.0,1.0
fixed_uvd,test_seen,2324,val:2009_005220:part_111,2009_005220,train,side,side,0.8065440058708191,0.8929137587547302,0.07211173325777054,0.46304404735565186,1.0,1.0,1.0
fixed_uvd,test_seen,2325,val:2009_005220:part_114,2009_005220,train,coach,coach,0.010978519916534424,0.021718602627515793,0.09201084077358246,0.007125074975192547,1.0,1.0,1.0
fixed_uvd,test_seen,2326,val:2009_005231:part_22,2009_005231,bus,wheel,wheel,0.09404990077018738,0.17192982137203217,0.43713733553886414,0.02053467556834221,1.0,1.0,1.0
fixed_uvd,test_seen,2327,val:2009_005231:part_23,2009_005231,bus,headlight,headlight,0.0,0.0,0.0,0.0027121270541101694,1.0,1.0,1.0
fixed_uvd,test_seen,2328,val:2009_005231:part_24,2009_005231,bus,front,front,0.0,0.0,0.25755879282951355,0.061604030430316925,1.0,1.0,1.0
fixed_uvd,test_seen,2329,val:2009_005231:part_25,2009_005231,bus,side,side,0.27808597683906555,0.4351600706577301,0.1695561707019806,0.31073227524757385,1.0,1.0,1.0
fixed_uvd,test_seen,2330,val:2009_005231:part_30,2009_005231,bus,door,door,0.21562808752059937,0.35475996136665344,0.002074688905850053,0.10267338156700134,1.0,1.0,1.0
fixed_uvd,test_seen,2331,val:2009_005231:part_31,2009_005231,bus,window,window,0.3981281518936157,0.5695159435272217,0.055514972656965256,0.22200697660446167,1.0,1.0,1.0
fixed_uvd,test_seen,2332,val:2009_005302:part_20,2009_005302,bottle,body,body,0.11962488293647766,0.21368743479251862,0.2126253992319107,0.1058284193277359,1.0,1.0,1.0
fixed_uvd,test_seen,2333,val:2009_005302:part_21,2009_005302,bottle,cap,cap,0.0,0.0,1.0,0.0030124427285045385,1.0,1.0,1.0
fixed_uvd,test_seen,2334,val:2010_000038:part_70,2010_000038,horse,tail,tail,0.5856279134750366,0.7386700510978699,0.3280276954174042,0.1089438647031784,1.0,1.0,1.0
fixed_uvd,test_seen,2335,val:2010_000038:part_71,2010_000038,horse,head,head,0.2946428656578064,0.45517241954803467,0.0,0.028306374326348305,1.0,1.0,1.0
fixed_uvd,test_seen,2336,val:2010_000038:part_72,2010_000038,horse,eye,eye,0.0,0.0,0.0,0.002140818163752556,1.0,1.0,1.0
fixed_uvd,test_seen,2337,val:2010_000038:part_73,2010_000038,horse,torso,torso,0.6940116286277771,0.8193705677986145,0.05908271670341492,0.4794243574142456,1.0,1.0,1.0
fixed_uvd,test_seen,2338,val:2010_000038:part_74,2010_000038,horse,neck,neck,0.8186046481132507,0.9002557396888733,0.04015296325087547,0.10811132192611694,1.0,1.0,1.0
fixed_uvd,test_seen,2339,val:2010_000038:part_75,2010_000038,horse,leg,leg,0.32667064666748047,0.49246683716773987,0.3772418200969696,0.14426736533641815,1.0,1.0,1.0
fixed_uvd,test_seen,2340,val:2010_000038:part_76,2010_000038,horse,ear,ear,0.09090909361839294,0.1666666716337204,0.4848484992980957,0.0032112274784594774,1.0,1.0,1.0
fixed_uvd,test_seen,2341,val:2010_000038:part_77,2010_000038,horse,muzzle,muzzle,0.48614609241485596,0.6542372703552246,0.11733333021402359,0.025570884346961975,1.0,1.0,1.0
fixed_uvd,test_seen,2342,val:2010_000038:part_78,2010_000038,horse,hoof,hoof,0.15261958539485931,0.2648221254348755,0.6582914590835571,0.01284490991383791,1.0,1.0,1.0
fixed_uvd,test_seen,2343,val:2010_000038:part_85,2010_000038,person,torso,torso,0.0,0.0,0.15945330262184143,0.005691519472748041,1.0,1.0,1.0
fixed_uvd,test_seen,2344,val:2010_000065:part_6,2010_000065,bicycle,wheel,wheel,0.5307462811470032,0.6934477090835571,0.29937106370925903,0.5794169902801514,1.0,1.0,1.0
fixed_uvd,test_seen,2345,val:2010_000083:part_6,2010_000083,bicycle,wheel,wheel,0.14070351421833038,0.24669604003429413,0.7232876420021057,0.5913621187210083,1.0,1.0,1.0
fixed_uvd,test_seen,2346,val:2010_000083:part_7,2010_000083,bicycle,saddle,saddle,0.095238097012043,0.17391304671764374,0.875,0.023255813866853714,1.0,1.0,1.0
fixed_uvd,test_seen,2347,val:2010_000083:part_8,2010_000083,bicycle,handlebar,handlebar,0.0,0.0,0.9749373197555542,0.019933555275201797,1.0,1.0,1.0
fixed_uvd,test_seen,2348,val:2010_000083:part_9,2010_000083,bicycle,chainwheel,chainwheel,0.0,0.0,0.0,0.08637873828411102,1.0,1.0,1.0
fixed_uvd,test_seen,2349,val:2010_000084:part_83,2010_000084,person,head,head,0.08920187503099442,0.16379310190677643,0.577464759349823,0.046454768627882004,1.0,1.0,1.0
fixed_uvd,test_seen,2350,val:2010_000084:part_84,2010_000084,person,eye,eye,0.0,0.0,0.0,0.0024449878837913275,1.0,1.0,1.0
fixed_uvd,test_seen,2351,val:2010_000084:part_85,2010_000084,person,torso,torso,0.12680114805698395,0.22506393492221832,0.33968254923820496,0.18581907451152802,1.0,1.0,1.0
fixed_uvd,test_seen,2352,val:2010_000084:part_89,2010_000084,person,nose,nose,0.0,0.0,0.0,0.004889975767582655,1.0,1.0,1.0
fixed_uvd,test_seen,2353,val:2010_000084:part_91,2010_000084,person,eyebrow,eyebrow,0.0,0.0,0.0,0.0024449878837913275,1.0,1.0,1.0
fixed_uvd,test_seen,2354,val:2010_000084:part_92,2010_000084,person,mouth,mouth,0.0,0.0,0.0,0.0024449878837913275,1.0,1.0,1.0
fixed_uvd,test_seen,2355,val:2010_000084:part_93,2010_000084,person,hair,hair,0.028169013559818268,0.054794520139694214,0.8029196858406067,0.02200488932430744,1.0,1.0,1.0
fixed_uvd,test_seen,2356,val:2010_000084:part_94,2010_000084,person,lower arm,lower arm,0.0,0.0,0.23529411852359772,0.05378973111510277,1.0,1.0,1.0
fixed_uvd,test_seen,2357,val:2010_000084:part_95,2010_000084,person,upper arm,upper arm,0.0036496350076049566,0.007272727321833372,0.14705882966518402,0.09046454727649689,1.0,1.0,1.0
fixed_uvd,test_seen,2358,val:2010_000084:part_96,2010_000084,person,hand,hand,0.0,0.0,0.0,0.01955990307033062,1.0,1.0,1.0
fixed_uvd,test_seen,2359,val:2010_000110:part_83,2010_000110,person,head,head,0.03932584449648857,0.07567567378282547,0.7950191497802734,0.004548587370663881,1.0,1.0,1.0
fixed_uvd,test_seen,2360,val:2010_000110:part_85,2010_000110,person,torso,torso,0.0,0.0,0.21556885540485382,0.006616126745939255,1.0,1.0,1.0
fixed_uvd,test_seen,2361,val:2010_000110:part_90,2010_000110,person,ear,ear,0.0,0.0,1.0,0.0002755959867499769,1.0,1.0,1.0
fixed_uvd,test_seen,2362,val:2010_000163:part_42,2010_000163,cat,tail,tail,0.39950525760650635,0.5709235668182373,0.1784576177597046,0.05038478225469589,1.0,1.0,1.0
fixed_uvd,test_seen,2363,val:2010_000163:part_43,2010_000163,cat,head,head,0.7795064449310303,0.8760928511619568,0.012687427923083305,0.11492667347192764,1.0,1.0,1.0
fixed_uvd,test_seen,2364,val:2010_000163:part_44,2010_000163,cat,eye,eye,0.10059171915054321,0.1827957034111023,0.0,0.007768258918076754,1.0,1.0,1.0
fixed_uvd,test_seen,2365,val:2010_000163:part_45,2010_000163,cat,torso,torso,0.7033436894416809,0.8258388042449951,0.01131071150302887,0.5029039978981018,1.0,1.0,1.0
fixed_uvd,test_seen,2366,val:2010_000163:part_46,2010_000163,cat,neck,neck,0.517241358757019,0.6818181872367859,0.024291498586535454,0.0439959354698658,1.0,1.0,1.0
fixed_uvd,test_seen,2367,val:2010_000163:part_47,2010_000163,cat,leg,leg,0.5132766962051392,0.678364634513855,0.020048603415489197,0.17474952340126038,1.0,1.0,1.0
fixed_uvd,test_seen,2368,val:2010_000163:part_48,2010_000163,cat,nose,nose,0.1944444477558136,0.3255814015865326,0.0,0.0025410193484276533,1.0,1.0,1.0
fixed_uvd,test_seen,2369,val:2010_000163:part_49,2010_000163,cat,paw,paw,0.5788819789886475,0.7332808971405029,0.21820615231990814,0.038042690604925156,1.0,1.0,1.0
fixed_uvd,test_seen,2370,val:2010_000163:part_50,2010_000163,cat,ear,ear,0.7371428608894348,0.8486841917037964,0.15560166537761688,0.06243647634983063,1.0,1.0,1.0
fixed_uvd,test_seen,2371,val:2010_000174:part_83,2010_000174,person,head,head,0.17004048824310303,0.2906574308872223,0.0008849557489156723,0.03007446974515915,1.0,1.0,1.0
fixed_uvd,test_seen,2372,val:2010_000174:part_85,2010_000174,person,torso,torso,0.45069071650505066,0.6213463544845581,0.06321723014116287,0.24766087532043457,1.0,1.0,1.0
fixed_uvd,test_seen,2373,val:2010_000174:part_87,2010_000174,person,leg,leg,0.5380200743675232,0.6996268630027771,0.15805470943450928,0.03952644765377045,1.0,1.0,1.0
fixed_uvd,test_seen,2374,val:2010_000174:part_89,2010_000174,person,nose,nose,0.0,0.0,0.4098360538482666,0.0019094902090728283,1.0,1.0,1.0
fixed_uvd,test_seen,2375,val:2010_000174:part_90,2010_000174,person,ear,ear,0.0,0.0,0.23188406229019165,0.00420087855309248,1.0,1.0,1.0
fixed_uvd,test_seen,2376,val:2010_000174:part_92,2010_000174,person,mouth,mouth,0.0,0.0,0.0,9.547451190883294e-05,1.0,1.0,1.0
fixed_uvd,test_seen,2377,val:2010_000174:part_93,2010_000174,person,hair,hair,0.19379845261573792,0.3246753215789795,0.21553398668766022,0.08315829932689667,1.0,1.0,1.0
fixed_uvd,test_seen,2378,val:2010_000174:part_94,2010_000174,person,lower arm,lower arm,0.5569705367088318,0.7154541611671448,0.05263157933950424,0.09480618685483932,1.0,1.0,1.0
fixed_uvd,test_seen,2379,val:2010_000174:part_95,2010_000174,person,upper arm,upper arm,0.3543660342693329,0.5232943296432495,0.09878788143396378,0.11733817309141159,1.0,1.0,1.0
fixed_uvd,test_seen,2380,val:2010_000174:part_96,2010_000174,person,hand,hand,0.6652601957321167,0.7989864945411682,0.23672230541706085,0.050124116241931915,1.0,1.0,1.0
fixed_uvd,test_seen,2381,val:2010_000238:part_0,2010_000238,aeroplane,body,body,0.8042077422142029,0.8914802074432373,0.1186373308300972,0.8651260733604431,1.0,1.0,1.0
fixed_uvd,test_seen,2382,val:2010_000238:part_5,2010_000238,aeroplane,wheel,wheel,0.3774193525314331,0.5480093955993652,0.14049586653709412,0.02591036446392536,1.0,1.0,1.0
fixed_uvd,test_seen,2383,val:2010_000256:part_20,2010_000256,bottle,body,body,0.0,0.0,0.0,0.9768785834312439,1.0,1.0,1.0
fixed_uvd,test_seen,2384,val:2010_000256:part_21,2010_000256,bottle,cap,cap,0.0,0.0,0.0,0.023121386766433716,1.0,1.0,1.0
fixed_uvd,test_seen,2385,val:2010_000284:part_97,2010_000284,pottedplant,pot,pot,0.0,0.0,1.0,0.23404255509376526,1.0,1.0,1.0
fixed_uvd,test_seen,2386,val:2010_000284:part_98,2010_000284,pottedplant,plant,plant,0.0,0.0,0.0,0.4893617033958435,1.0,1.0,1.0
fixed_uvd,test_seen,2387,val:2010_000318:part_115,2010_000318,tvmonitor,screen,screen,0.4145440459251404,0.5861168503761292,0.01092896144837141,0.2755219638347626,1.0,1.0,1.0
fixed_uvd,test_seen,2388,val:2010_000330:part_97,2010_000330,pottedplant,pot,pot,0.7608841061592102,0.8642069101333618,0.14584040641784668,0.2836296856403351,1.0,1.0,1.0
fixed_uvd,test_seen,2389,val:2010_000330:part_98,2010_000330,pottedplant,plant,plant,0.7043595910072327,0.8265386819839478,0.22296296060085297,0.7122623920440674,1.0,1.0,1.0
fixed_uvd,test_seen,2390,val:2010_000342:part_6,2010_000342,bicycle,wheel,wheel,0.1436000019311905,0.25113674998283386,0.7244819402694702,0.6038028597831726,1.0,1.0,1.0
fixed_uvd,test_seen,2391,val:2010_000342:part_7,2010_000342,bicycle,saddle,saddle,0.4917127192020416,0.6592592597007751,0.49152541160583496,0.036088474094867706,1.0,1.0,1.0
fixed_uvd,test_seen,2392,val:2010_000342:part_8,2010_000342,bicycle,handlebar,handlebar,0.21588946878910065,0.3551136255264282,0.752964437007904,0.07683352380990982,1.0,1.0,1.0
fixed_uvd,test_seen,2393,val:2010_000342:part_9,2010_000342,bicycle,chainwheel,chainwheel,0.3489208519458771,0.5173333287239075,0.2222222238779068,0.05820721760392189,1.0,1.0,1.0
fixed_uvd,test_seen,2394,val:2010_000426:part_20,2010_000426,bottle,body,body,0.9478060007095337,0.973203718662262,0.03962240368127823,0.9944519400596619,1.0,1.0,1.0
fixed_uvd,test_seen,2395,val:2010_000427:part_51,2010_000427,cow,tail,tail,0.26917293667793274,0.4241706132888794,0.5641762614250183,0.0581279881298542,1.0,1.0,1.0
fixed_uvd,test_seen,2396,val:2010_000427:part_52,2010_000427,cow,head,head,0.5092024803161621,0.6747967600822449,0.19398906826972961,0.06715407222509384,1.0,1.0,1.0
fixed_uvd,test_seen,2397,val:2010_000427:part_53,2010_000427,cow,eye,eye,0.11764705926179886,0.21052631735801697,0.0,0.0014441736275330186,1.0,1.0,1.0
fixed_uvd,test_seen,2398,val:2010_000427:part_54,2010_000427,cow,torso,torso,0.7871682643890381,0.8809112310409546,0.11610487103462219,0.6941962242126465,1.0,1.0,1.0
fixed_uvd,test_seen,2399,val:2010_000427:part_56,2010_000427,cow,leg,leg,0.2714654505252838,0.4270119369029999,0.34900662302970886,0.08294972777366638,1.0,1.0,1.0
fixed_uvd,test_seen,2400,val:2010_000427:part_57,2010_000427,cow,ear,ear,0.5405405163764954,0.7017543911933899,0.41354724764823914,0.03168155997991562,1.0,1.0,1.0
fixed_uvd,test_seen,2401,val:2010_000427:part_58,2010_000427,cow,muzzle,muzzle,0.5742574334144592,0.7295597195625305,0.12330316752195358,0.04937268793582916,1.0,1.0,1.0
fixed_uvd,test_seen,2402,val:2010_000552:part_42,2010_000552,cat,tail,tail,0.7741684317588806,0.8727113008499146,0.12614953517913818,0.1781497299671173,1.0,1.0,1.0
fixed_uvd,test_seen,2403,val:2010_000552:part_43,2010_000552,cat,head,head,0.6311377286911011,0.7738619446754456,0.029304029420018196,0.09394057095050812,1.0,1.0,1.0
fixed_uvd,test_seen,2404,val:2010_000552:part_44,2010_000552,cat,eye,eye,0.04301075264811516,0.0824742242693901,0.0,0.0019895334262400866,1.0,1.0,1.0
fixed_uvd,test_seen,2405,val:2010_000552:part_45,2010_000552,cat,torso,torso,0.42656511068344116,0.5980310440063477,0.02468436397612095,0.24319882690906525,1.0,1.0,1.0
fixed_uvd,test_seen,2406,val:2010_000552:part_46,2010_000552,cat,neck,neck,0.0,0.0,0.0,0.016305522993206978,1.0,1.0,1.0
fixed_uvd,test_seen,2407,val:2010_000552:part_48,2010_000552,cat,nose,nose,0.1666666716337204,0.2857142984867096,0.042553190141916275,0.0006920116138644516,1.0,1.0,1.0
fixed_uvd,test_seen,2408,val:2010_000552:part_50,2010_000552,cat,ear,ear,0.4091981053352356,0.5807531476020813,0.04605263099074364,0.031054019927978516,1.0,1.0,1.0
fixed_uvd,test_seen,2409,val:2010_000559:part_83,2010_000559,person,head,head,0.6040213108062744,0.7531337738037109,0.08900756388902664,0.14875145256519318,1.0,1.0,1.0
fixed_uvd,test_seen,2410,val:2010_000559:part_85,2010_000559,person,torso,torso,0.767485499382019,0.8684489727020264,0.042482517659664154,0.41537636518478394,1.0,1.0,1.0
fixed_uvd,test_seen,2411,val:2010_000559:part_86,2010_000559,person,neck,neck,0.46518105268478394,0.6349809765815735,0.027713626623153687,0.05540141463279724,1.0,1.0,1.0
fixed_uvd,test_seen,2412,val:2010_000559:part_89,2010_000559,person,nose,nose,0.2062780261039734,0.34200742840766907,0.06849315017461777,0.004475073888897896,1.0,1.0,1.0
fixed_uvd,test_seen,2413,val:2010_000559:part_90,2010_000559,person,ear,ear,0.4202898442745209,0.5918367505073547,0.0,0.0072496198117733,1.0,1.0,1.0
fixed_uvd,test_seen,2414,val:2010_000559:part_92,2010_000559,person,mouth,mouth,0.36496350169181824,0.5347593426704407,0.0,0.005549091380089521,1.0,1.0,1.0
fixed_uvd,test_seen,2415,val:2010_000559:part_93,2010_000559,person,hair,hair,0.25,0.4000000059604645,0.10255047678947449,0.04994182288646698,1.0,1.0,1.0
fixed_uvd,test_seen,2416,val:2010_000559:part_94,2010_000559,person,lower arm,lower arm,0.30929791927337646,0.4724637567996979,0.20710058510303497,0.016378769651055336,1.0,1.0,1.0
fixed_uvd,test_seen,2417,val:2010_000559:part_95,2010_000559,person,upper arm,upper arm,0.6098039150238037,0.7576126456260681,0.16405919194221497,0.15573257207870483,1.0,1.0,1.0
fixed_uvd,test_seen,2418,val:2010_000572:part_0,2010_000572,aeroplane,body,body,0.5017653703689575,0.6682340502738953,0.18429361283779144,0.46363312005996704,1.0,1.0,1.0
fixed_uvd,test_seen,2419,val:2010_000572:part_1,2010_000572,aeroplane,stern,stern,0.7871853709220886,0.8809219002723694,0.16892430186271667,0.38982445001602173,1.0,1.0,1.0
fixed_uvd,test_seen,2420,val:2010_000572:part_2,2010_000572,aeroplane,wing,wing,0.23744912445545197,0.3837719261646271,0.1093088835477829,0.1454675793647766,1.0,1.0,1.0
fixed_uvd,test_seen,2421,val:2010_000573:part_20,2010_000573,bottle,body,body,0.0,0.0,1.0,0.9770992398262024,1.0,1.0,1.0
fixed_uvd,test_seen,2422,val:2010_000573:part_21,2010_000573,bottle,cap,cap,0.0,0.0,1.0,0.022900763899087906,1.0,1.0,1.0
fixed_uvd,test_seen,2423,val:2010_000622:part_0,2010_000622,aeroplane,body,body,0.735805332660675,0.8477970361709595,0.10568136721849442,0.47150012850761414,1.0,1.0,1.0
fixed_uvd,test_seen,2424,val:2010_000622:part_1,2010_000622,aeroplane,stern,stern,0.5647668242454529,0.7218543291091919,0.20000000298023224,0.3591700494289398,1.0,1.0,1.0
fixed_uvd,test_seen,2425,val:2010_000622:part_2,2010_000622,aeroplane,wing,wing,0.20121951401233673,0.3350253701210022,0.04607721045613289,0.043405674397945404,1.0,1.0,1.0
fixed_uvd,test_seen,2426,val:2010_000622:part_4,2010_000622,aeroplane,engine,engine,0.3448546826839447,0.5128504633903503,0.058918483555316925,0.11280705779790878,1.0,1.0,1.0
fixed_uvd,test_seen,2427,val:2010_000622:part_5,2010_000622,aeroplane,wheel,wheel,0.16956521570682526,0.2899628281593323,0.004444444552063942,0.010493679903447628,1.0,1.0,1.0
fixed_uvd,test_seen,2428,val:2010_000666:part_70,2010_000666,horse,tail,tail,0.23731587827205658,0.38359788060188293,0.7333333492279053,0.04585900157690048,1.0,1.0,1.0
fixed_uvd,test_seen,2429,val:2010_000666:part_71,2010_000666,horse,head,head,0.3961864411830902,0.5675265789031982,0.17773018777370453,0.04380561411380768,1.0,1.0,1.0
fixed_uvd,test_seen,2430,val:2010_000666:part_72,2010_000666,horse,eye,eye,0.0,0.0,0.0,0.0009126169024966657,1.0,1.0,1.0
fixed_uvd,test_seen,2431,val:2010_000666:part_73,2010_000666,horse,torso,torso,0.5526573061943054,0.7118857502937317,0.12186865508556366,0.41250285506248474,1.0,1.0,1.0
fixed_uvd,test_seen,2432,val:2010_000666:part_74,2010_000666,horse,neck,neck,0.6244604587554932,0.7688219547271729,0.11755485832691193,0.11202372610569,1.0,1.0,1.0
fixed_uvd,test_seen,2433,val:2010_000666:part_75,2010_000666,horse,leg,leg,0.2772616147994995,0.4341500699520111,0.6038185954093933,0.2135523557662964,1.0,1.0,1.0
fixed_uvd,test_seen,2434,val:2010_000666:part_76,2010_000666,horse,ear,ear,0.09210526198148727,0.16867469251155853,0.7419354915618896,0.004791238810867071,1.0,1.0,1.0
fixed_uvd,test_seen,2435,val:2010_000666:part_77,2010_000666,horse,muzzle,muzzle,0.550000011920929,0.7096773982048035,0.38728323578834534,0.024184348061680794,1.0,1.0,1.0
fixed_uvd,test_seen,2436,val:2010_000666:part_78,2010_000666,horse,hoof,hoof,0.028169013559818268,0.054794520139694214,0.7049180269241333,0.00821355264633894,1.0,1.0,1.0
fixed_uvd,test_seen,2437,val:2010_000666:part_85,2010_000666,person,torso,torso,0.0,0.0,0.20393119752407074,0.012224938720464706,1.0,1.0,1.0
fixed_uvd,test_seen,2438,val:2010_000666:part_86,2010_000666,person,neck,neck,0.0,0.0,0.16363635659217834,0.0036674817092716694,1.0,1.0,1.0
fixed_uvd,test_seen,2439,val:2010_000679:part_83,2010_000679,person,head,head,0.0,0.0,0.0,0.02450980432331562,1.0,1.0,1.0
fixed_uvd,test_seen,2440,val:2010_000679:part_85,2010_000679,person,torso,torso,0.30263158679008484,0.46464645862579346,0.3243243098258972,0.30392158031463623,1.0,1.0,1.0
fixed_uvd,test_seen,2441,val:2010_000679:part_87,2010_000679,person,leg,leg,0.0,0.0,0.0,0.10784313827753067,1.0,1.0,1.0
fixed_uvd,test_seen,2442,val:2010_000679:part_88,2010_000679,person,foot,foot,0.0,0.0,0.0,0.014705882407724857,1.0,1.0,1.0
fixed_uvd,test_seen,2443,val:2010_000679:part_90,2010_000679,person,ear,ear,0.0,0.0,0.0,0.0049019609577953815,1.0,1.0,1.0
fixed_uvd,test_seen,2444,val:2010_000679:part_94,2010_000679,person,lower arm,lower arm,0.0,0.0,0.0,0.029411764815449715,1.0,1.0,1.0
fixed_uvd,test_seen,2445,val:2010_000679:part_95,2010_000679,person,upper arm,upper arm,0.0,0.0,0.0,0.03921568766236305,1.0,1.0,1.0
fixed_uvd,test_seen,2446,val:2010_000683:part_42,2010_000683,cat,tail,tail,0.3757575750350952,0.5462555289268494,0.20820385217666626,0.03019643761217594,1.0,1.0,1.0
fixed_uvd,test_seen,2447,val:2010_000683:part_43,2010_000683,cat,head,head,0.3194531798362732,0.48422056436538696,0.05656469240784645,0.0968935564160347,1.0,1.0,1.0
fixed_uvd,test_seen,2448,val:2010_000683:part_44,2010_000683,cat,eye,eye,0.012383900582790375,0.024464832618832588,0.0,0.0003654636675491929,1.0,1.0,1.0
fixed_uvd,test_seen,2449,val:2010_000683:part_45,2010_000683,cat,torso,torso,0.19516094028949738,0.32658520340919495,0.04435182362794876,0.08478757739067078,1.0,1.0,1.0
fixed_uvd,test_seen,2450,val:2010_000683:part_46,2010_000683,cat,neck,neck,0.0,0.0,0.04713114723563194,0.0037460026796907187,1.0,1.0,1.0
fixed_uvd,test_seen,2451,val:2010_000683:part_47,2010_000683,cat,leg,leg,0.2761017084121704,0.43272680044174194,0.05357785150408745,0.2169026881456375,1.0,1.0,1.0
fixed_uvd,test_seen,2452,val:2010_000683:part_48,2010_000683,cat,nose,nose,0.0,0.0,0.0,0.0010507081169635057,1.0,1.0,1.0
fixed_uvd,test_seen,2453,val:2010_000683:part_49,2010_000683,cat,paw,paw,0.3976510167121887,0.5690276026725769,0.1411764770746231,0.010872544720768929,1.0,1.0,1.0
fixed_uvd,test_seen,2454,val:2010_000683:part_50,2010_000683,cat,ear,ear,0.25954198837280273,0.4121212065219879,0.0981675386428833,0.030973047018051147,1.0,1.0,1.0
fixed_uvd,test_seen,2455,val:2010_000724:part_42,2010_000724,cat,tail,tail,0.24887555837631226,0.39855942130088806,0.642642617225647,0.02669864147901535,1.0,1.0,1.0
fixed_uvd,test_seen,2456,val:2010_000724:part_43,2010_000724,cat,head,head,0.7007434964179993,0.8240436911582947,0.04856229946017265,0.18864908814430237,1.0,1.0,1.0
fixed_uvd,test_seen,2457,val:2010_000724:part_44,2010_000724,cat,eye,eye,0.025316456332802773,0.04938271641731262,0.05128205195069313,0.006714628078043461,1.0,1.0,1.0
fixed_uvd,test_seen,2458,val:2010_000724:part_45,2010_000724,cat,torso,torso,0.6973370909690857,0.8216836452484131,0.08367656916379929,0.5159072875976562,1.0,1.0,1.0
fixed_uvd,test_seen,2459,val:2010_000724:part_46,2010_000724,cat,neck,neck,0.37925925850868225,0.5499463081359863,0.0,0.042206235229969025,1.0,1.0,1.0
fixed_uvd,test_seen,2460,val:2010_000724:part_47,2010_000724,cat,leg,leg,0.24834071099758148,0.39787328243255615,0.3375668525695801,0.1216626688838005,1.0,1.0,1.0
fixed_uvd,test_seen,2461,val:2010_000724:part_48,2010_000724,cat,nose,nose,0.0,0.0,0.1666666716337204,0.0006394883967004716,1.0,1.0,1.0
fixed_uvd,test_seen,2462,val:2010_000724:part_49,2010_000724,cat,paw,paw,0.31213873624801636,0.4757709205150604,0.4399999976158142,0.0203037578612566,1.0,1.0,1.0
fixed_uvd,test_seen,2463,val:2010_000724:part_50,2010_000724,cat,ear,ear,0.5484429001808167,0.708379864692688,0.03492647036910057,0.05611510947346687,1.0,1.0,1.0
fixed_uvd,test_seen,2464,val:2010_000738:part_20,2010_000738,bottle,body,body,0.0,0.0,0.0,0.8285714387893677,1.0,1.0,1.0
fixed_uvd,test_seen,2465,val:2010_000738:part_21,2010_000738,bottle,cap,cap,0.0,0.0,0.0,0.11428571492433548,1.0,1.0,1.0
fixed_uvd,test_seen,2466,val:2010_000764:part_114,2010_000764,train,coach,coach,0.8614367246627808,0.9255611300468445,0.0686303973197937,0.924416720867157,1.0,1.0,1.0
fixed_uvd,test_seen,2467,val:2010_000874:part_71,2010_000874,horse,head,head,0.20759430527687073,0.3438146412372589,0.036714211106300354,0.07305172085762024,1.0,1.0,1.0
fixed_uvd,test_seen,2468,val:2010_000874:part_72,2010_000874,horse,eye,eye,0.0,0.0,0.0,0.001324411015957594,1.0,1.0,1.0
fixed_uvd,test_seen,2469,val:2010_000874:part_73,2010_000874,horse,torso,torso,0.0,0.0,0.06692294031381607,0.04844556003808975,1.0,1.0,1.0
fixed_uvd,test_seen,2470,val:2010_000874:part_75,2010_000874,horse,leg,leg,0.1611912101507187,0.2776307761669159,0.26391807198524475,0.07702495157718658,1.0,1.0,1.0
fixed_uvd,test_seen,2471,val:2010_000874:part_76,2010_000874,horse,ear,ear,0.1463768184185028,0.25537294149398804,0.0917573869228363,0.010316464118659496,1.0,1.0,1.0
fixed_uvd,test_seen,2472,val:2010_000874:part_77,2010_000874,horse,muzzle,muzzle,0.33028048276901245,0.49655765295028687,0.1085582971572876,0.040638506412506104,1.0,1.0,1.0
fixed_uvd,test_seen,2473,val:2010_000874:part_78,2010_000874,horse,hoof,hoof,0.041944075375795364,0.0805111825466156,0.37353548407554626,0.007946466095745564,1.0,1.0,1.0
fixed_uvd,test_seen,2474,val:2010_000907:part_52,2010_000907,cow,head,head,0.7102702856063843,0.8305941820144653,0.0398230105638504,0.07517462968826294,1.0,1.0,1.0
fixed_uvd,test_seen,2475,val:2010_000907:part_53,2010_000907,cow,eye,eye,0.02631578966975212,0.05128205195069313,0.0,0.00011087703751400113,1.0,1.0,1.0
fixed_uvd,test_seen,2476,val:2010_000907:part_54,2010_000907,cow,torso,torso,0.6132372617721558,0.7602567672729492,0.014314928092062473,0.4869719445705414,1.0,1.0,1.0
fixed_uvd,test_seen,2477,val:2010_000907:part_56,2010_000907,cow,leg,leg,0.3533138334751129,0.5221462249755859,0.11144945025444031,0.12584543228149414,1.0,1.0,1.0
fixed_uvd,test_seen,2478,val:2010_000907:part_57,2010_000907,cow,ear,ear,0.6000000238418579,0.75,0.13588111102581024,0.041800644248723984,1.0,1.0,1.0
fixed_uvd,test_seen,2479,val:2010_000907:part_58,2010_000907,cow,muzzle,muzzle,0.6894049644470215,0.8161512017250061,0.0,0.06663709878921509,1.0,1.0,1.0
fixed_uvd,test_seen,2480,val:2010_000929:part_83,2010_000929,person,head,head,0.0,0.0,0.0,0.21052631735801697,1.0,1.0,1.0
fixed_uvd,test_seen,2481,val:2010_000929:part_85,2010_000929,person,torso,torso,0.024193547666072845,0.04724409431219101,0.7711864113807678,0.2368421107530594,1.0,1.0,1.0
fixed_uvd,test_seen,2482,val:2010_000929:part_87,2010_000929,person,leg,leg,0.06923077255487442,0.12949639558792114,0.9285714030265808,0.34210526943206787,1.0,1.0,1.0
fixed_uvd,test_seen,2483,val:2010_000929:part_88,2010_000929,person,foot,foot,0.0,0.0,0.0,0.02631578966975212,1.0,1.0,1.0
fixed_uvd,test_seen,2484,val:2010_000929:part_94,2010_000929,person,lower arm,lower arm,0.0,0.0,0.0,0.025641025975346565,1.0,1.0,1.0
fixed_uvd,test_seen,2485,val:2010_000929:part_95,2010_000929,person,upper arm,upper arm,0.0,0.0,0.0,0.18421052396297455,1.0,1.0,1.0
fixed_uvd,test_seen,2486,val:2010_000941:part_43,2010_000941,cat,head,head,0.6262491941452026,0.7701761722564697,0.12431156635284424,0.1036958247423172,1.0,1.0,1.0
fixed_uvd,test_seen,2487,val:2010_000941:part_44,2010_000941,cat,eye,eye,0.02380952425301075,0.04651162773370743,0.0,0.002304351655766368,1.0,1.0,1.0
fixed_uvd,test_seen,2488,val:2010_000941:part_45,2010_000941,cat,torso,torso,0.8084490299224854,0.8940799832344055,0.03896624222397804,0.7201098799705505,1.0,1.0,1.0
fixed_uvd,test_seen,2489,val:2010_000941:part_46,2010_000941,cat,neck,neck,0.1826678067445755,0.30890804529190063,0.007462686393409967,0.07586634904146194,1.0,1.0,1.0
fixed_uvd,test_seen,2490,val:2010_000941:part_47,2010_000941,cat,leg,leg,0.1595982164144516,0.2752646803855896,0.1340206116437912,0.014712398871779442,1.0,1.0,1.0
fixed_uvd,test_seen,2491,val:2010_000941:part_48,2010_000941,cat,nose,nose,0.0,0.0,0.1190476194024086,0.0014180626021698117,1.0,1.0,1.0
fixed_uvd,test_seen,2492,val:2010_000941:part_49,2010_000941,cat,paw,paw,0.15000000596046448,0.260869562625885,0.0535714291036129,0.007267570588737726,1.0,1.0,1.0
fixed_uvd,test_seen,2493,val:2010_000941:part_50,2010_000941,cat,ear,ear,0.4511873424053192,0.6218181848526001,0.45192307233810425,0.02109368145465851,1.0,1.0,1.0
fixed_uvd,test_seen,2494,val:2010_001000:part_52,2010_001000,cow,head,head,0.5538576245307922,0.7128807902336121,0.07389438152313232,0.15967197716236115,1.0,1.0,1.0
fixed_uvd,test_seen,2495,val:2010_001000:part_53,2010_001000,cow,eye,eye,0.15570934116840363,0.269461065530777,0.03125,0.002465562429279089,1.0,1.0,1.0
fixed_uvd,test_seen,2496,val:2010_001000:part_54,2010_001000,cow,torso,torso,0.8205004334449768,0.9014009833335876,0.06292297691106796,0.5475156903266907,1.0,1.0,1.0
fixed_uvd,test_seen,2497,val:2010_001000:part_55,2010_001000,cow,neck,neck,0.45338982343673706,0.6239067316055298,0.04846839979290962,0.06399742513895035,1.0,1.0,1.0
fixed_uvd,test_seen,2498,val:2010_001000:part_57,2010_001000,cow,ear,ear,0.7028599381446838,0.825505256652832,0.20427916944026947,0.08307873457670212,1.0,1.0,1.0
fixed_uvd,test_seen,2499,val:2010_001000:part_58,2010_001000,cow,muzzle,muzzle,0.644780695438385,0.78403240442276,0.03920000046491623,0.14273463189601898,1.0,1.0,1.0
fixed_uvd,test_seen,2500,val:2010_001010:part_52,2010_001010,cow,head,head,0.41691067814826965,0.5884784460067749,0.01778808981180191,0.18897059559822083,1.0,1.0,1.0
fixed_uvd,test_seen,2501,val:2010_001010:part_53,2010_001010,cow,eye,eye,0.07058823853731155,0.1318681389093399,0.0,0.004705882165580988,1.0,1.0,1.0
fixed_uvd,test_seen,2502,val:2010_001010:part_54,2010_001010,cow,torso,torso,0.46873944997787476,0.6382880806922913,0.10804321616888046,0.2716176509857178,1.0,1.0,1.0
fixed_uvd,test_seen,2503,val:2010_001010:part_56,2010_001010,cow,leg,leg,0.3332006335258484,0.49985069036483765,0.3932126760482788,0.16750000417232513,1.0,1.0,1.0
fixed_uvd,test_seen,2504,val:2010_001010:part_57,2010_001010,cow,ear,ear,0.28092244267463684,0.4386252164840698,0.05137844756245613,0.06235294044017792,1.0,1.0,1.0
fixed_uvd,test_seen,2505,val:2010_001010:part_58,2010_001010,cow,muzzle,muzzle,0.6097046136856079,0.7575360536575317,0.011259675957262516,0.2398529350757599,1.0,1.0,1.0
fixed_uvd,test_seen,2506,val:2010_001017:part_0,2010_001017,aeroplane,body,body,0.5414724946022034,0.702539324760437,0.2088397741317749,0.43648019433021545,1.0,1.0,1.0
fixed_uvd,test_seen,2507,val:2010_001017:part_1,2010_001017,aeroplane,stern,stern,0.5363636612892151,0.6982248425483704,0.3261648714542389,0.13286712765693665,1.0,1.0,1.0
fixed_uvd,test_seen,2508,val:2010_001017:part_2,2010_001017,aeroplane,wing,wing,0.3157486319541931,0.4799528419971466,0.5680131912231445,0.28146854043006897,1.0,1.0,1.0
fixed_uvd,test_seen,2509,val:2010_001017:part_4,2010_001017,aeroplane,engine,engine,0.20048309862613678,0.3340040147304535,0.13694266974925995,0.10664335638284683,1.0,1.0,1.0
fixed_uvd,test_seen,2510,val:2010_001024:part_0,2010_001024,aeroplane,body,body,0.7015306353569031,0.8245877027511597,0.1067577674984932,0.4555807113647461,1.0,1.0,1.0
fixed_uvd,test_seen,2511,val:2010_001024:part_2,2010_001024,aeroplane,wing,wing,0.3845769464969635,0.555515468120575,0.31281450390815735,0.16128146648406982,1.0,1.0,1.0
fixed_uvd,test_seen,2512,val:2010_001024:part_4,2010_001024,aeroplane,engine,engine,0.5730675458908081,0.7285987734794617,0.289843887090683,0.21780887246131897,1.0,1.0,1.0
fixed_uvd,test_seen,2513,val:2010_001036:part_83,2010_001036,person,head,head,0.0,0.0,0.0,0.04545454680919647,1.0,1.0,1.0
fixed_uvd,test_seen,2514,val:2010_001036:part_85,2010_001036,person,torso,torso,0.0,0.0,0.0,0.16042780876159668,1.0,1.0,1.0
fixed_uvd,test_seen,2515,val:2010_001036:part_87,2010_001036,person,leg,leg,0.0,0.0,1.0,0.1042780727148056,1.0,1.0,1.0
fixed_uvd,test_seen,2516,val:2010_001036:part_94,2010_001036,person,lower arm,lower arm,0.0,0.0,0.0,0.050802137702703476,1.0,1.0,1.0
fixed_uvd,test_seen,2517,val:2010_001036:part_95,2010_001036,person,upper arm,upper arm,0.0,0.0,0.34117648005485535,0.1042780727148056,1.0,1.0,1.0
fixed_uvd,test_seen,2518,val:2010_001070:part_43,2010_001070,cat,head,head,0.7042253613471985,0.8264462947845459,0.0018115942366421223,0.3032185137271881,1.0,1.0,1.0
fixed_uvd,test_seen,2519,val:2010_001070:part_44,2010_001070,cat,eye,eye,0.13385826349258423,0.2361111044883728,0.0,0.018068887293338776,1.0,1.0,1.0
fixed_uvd,test_seen,2520,val:2010_001070:part_45,2010_001070,cat,torso,torso,0.5,0.6666666865348816,0.032258063554763794,0.32580462098121643,1.0,1.0,1.0
fixed_uvd,test_seen,2521,val:2010_001070:part_47,2010_001070,cat,leg,leg,0.5204991102218628,0.6846424341201782,0.3249475955963135,0.21230943500995636,1.0,1.0,1.0
fixed_uvd,test_seen,2522,val:2010_001070:part_48,2010_001070,cat,nose,nose,0.0,0.0,0.0,0.010163749568164349,1.0,1.0,1.0
fixed_uvd,test_seen,2523,val:2010_001070:part_49,2010_001070,cat,paw,paw,0.012658228166401386,0.02500000037252903,0.8904109597206116,0.049124788492918015,1.0,1.0,1.0
fixed_uvd,test_seen,2524,val:2010_001070:part_50,2010_001070,cat,ear,ear,0.13793103396892548,0.24242424964904785,0.08571428805589676,0.06098249554634094,1.0,1.0,1.0
fixed_uvd,test_seen,2525,val:2010_001104:part_114,2010_001104,train,coach,coach,0.7279385924339294,0.8425514698028564,0.22267058491706848,0.9849690794944763,1.0,1.0,1.0
fixed_uvd,test_seen,2526,val:2010_001149:part_43,2010_001149,cat,head,head,0.0,0.0,0.0,0.09885931760072708,1.0,1.0,1.0
fixed_uvd,test_seen,2527,val:2010_001149:part_44,2010_001149,cat,eye,eye,0.0,0.0,0.0,0.0076045626774430275,1.0,1.0,1.0
fixed_uvd,test_seen,2528,val:2010_001149:part_45,2010_001149,cat,torso,torso,0.0,0.0,0.0,0.463878333568573,1.0,1.0,1.0
fixed_uvd,test_seen,2529,val:2010_001149:part_46,2010_001149,cat,neck,neck,0.0,0.0,0.0,0.026615969836711884,1.0,1.0,1.0
fixed_uvd,test_seen,2530,val:2010_001149:part_47,2010_001149,cat,leg,leg,0.0,0.0,0.0,0.04182509332895279,1.0,1.0,1.0
fixed_uvd,test_seen,2531,val:2010_001149:part_48,2010_001149,cat,nose,nose,0.0,0.0,0.0,0.0038022813387215137,1.0,1.0,1.0
fixed_uvd,test_seen,2532,val:2010_001149:part_49,2010_001149,cat,paw,paw,0.0,0.0,0.0,0.01901140622794628,1.0,1.0,1.0
fixed_uvd,test_seen,2533,val:2010_001149:part_50,2010_001149,cat,ear,ear,0.0,0.0,0.0,0.022813688963651657,1.0,1.0,1.0
fixed_uvd,test_seen,2534,val:2010_001151:part_83,2010_001151,person,head,head,0.0,0.0,1.0,0.07999999821186066,1.0,1.0,1.0
fixed_uvd,test_seen,2535,val:2010_001151:part_85,2010_001151,person,torso,torso,0.22058823704719543,0.3614457845687866,0.5357142686843872,0.36000001430511475,1.0,1.0,1.0
fixed_uvd,test_seen,2536,val:2010_001151:part_87,2010_001151,person,leg,leg,0.0,0.0,0.0,0.2133333384990692,1.0,1.0,1.0
fixed_uvd,test_seen,2537,val:2010_001151:part_88,2010_001151,person,foot,foot,0.0,0.0,0.0,0.0533333346247673,1.0,1.0,1.0
fixed_uvd,test_seen,2538,val:2010_001151:part_94,2010_001151,person,lower arm,lower arm,0.0,0.0,0.0,0.07999999821186066,1.0,1.0,1.0
fixed_uvd,test_seen,2539,val:2010_001151:part_95,2010_001151,person,upper arm,upper arm,0.0,0.0,1.0,0.06666667014360428,1.0,1.0,1.0
fixed_uvd,test_seen,2540,val:2010_001151:part_109,2010_001151,train,head,head,0.0009832842042669654,0.0019646366126835346,0.37168142199516296,0.0005102040595375001,1.0,1.0,1.0
fixed_uvd,test_seen,2541,val:2010_001174:part_0,2010_001174,aeroplane,body,body,0.4219452440738678,0.5934760570526123,0.15396150946617126,0.44736841320991516,1.0,1.0,1.0
fixed_uvd,test_seen,2542,val:2010_001174:part_1,2010_001174,aeroplane,stern,stern,0.7066219449043274,0.8280943036079407,0.18867062032222748,0.2847852408885956,1.0,1.0,1.0
fixed_uvd,test_seen,2543,val:2010_001174:part_2,2010_001174,aeroplane,wing,wing,0.3630698621273041,0.5327237844467163,0.06790591776371002,0.2298850566148758,1.0,1.0,1.0
fixed_uvd,test_seen,2544,val:2010_001174:part_5,2010_001174,aeroplane,wheel,wheel,0.314371258020401,0.4783599078655243,0.3601398468017578,0.023139744997024536,1.0,1.0,1.0
fixed_uvd,test_seen,2545,val:2010_001206:part_22,2010_001206,bus,wheel,wheel,0.31881803274154663,0.48349055647850037,0.04521739110350609,0.029098274186253548,1.0,1.0,1.0
fixed_uvd,test_seen,2546,val:2010_001206:part_23,2010_001206,bus,headlight,headlight,0.16049382090568542,0.27659574151039124,0.03105590119957924,0.0057557024993002415,1.0,1.0,1.0
fixed_uvd,test_seen,2547,val:2010_001206:part_24,2010_001206,bus,front,front,0.5373197793960571,0.6990345120429993,0.09260832518339157,0.13547217845916748,1.0,1.0,1.0
fixed_uvd,test_seen,2548,val:2010_001206:part_25,2010_001206,bus,side,side,0.5765902400016785,0.7314395904541016,0.08781389892101288,0.41505008935928345,1.0,1.0,1.0
fixed_uvd,test_seen,2549,val:2010_001206:part_31,2010_001206,bus,window,window,0.8027462959289551,0.8905815482139587,0.048283498734235764,0.40034109354019165,1.0,1.0,1.0
fixed_uvd,test_seen,2550,val:2010_001246:part_6,2010_001246,bicycle,wheel,wheel,0.22633136808872223,0.36911943554878235,0.6791045069694519,0.3087378740310669,1.0,1.0,1.0
fixed_uvd,test_seen,2551,val:2010_001246:part_7,2010_001246,bicycle,saddle,saddle,0.0,0.0,0.0,0.04660193994641304,1.0,1.0,1.0
fixed_uvd,test_seen,2552,val:2010_001246:part_8,2010_001246,bicycle,handlebar,handlebar,0.0,0.0,0.7692307829856873,0.03106796182692051,1.0,1.0,1.0
fixed_uvd,test_seen,2553,val:2010_001292:part_43,2010_001292,cat,head,head,0.7142240405082703,0.8332913517951965,0.046719539910554886,0.2911859452724457,1.0,1.0,1.0
fixed_uvd,test_seen,2554,val:2010_001292:part_44,2010_001292,cat,eye,eye,0.48669201135635376,0.6547314524650574,0.0,0.009370424784719944,1.0,1.0,1.0
fixed_uvd,test_seen,2555,val:2010_001292:part_45,2010_001292,cat,torso,torso,0.7361099123954773,0.8479992151260376,0.06719160079956055,0.4999707043170929,1.0,1.0,1.0
fixed_uvd,test_seen,2556,val:2010_001292:part_46,2010_001292,cat,neck,neck,0.3159472346305847,0.4801822304725647,0.0053956834599375725,0.09259150922298431,1.0,1.0,1.0
fixed_uvd,test_seen,2557,val:2010_001292:part_48,2010_001292,cat,nose,nose,0.4861111044883728,0.6542056202888489,0.0,0.005563689395785332,1.0,1.0,1.0
fixed_uvd,test_seen,2558,val:2010_001292:part_50,2010_001292,cat,ear,ear,0.6445682644844055,0.7838753461837769,0.19954776763916016,0.06928257644176483,1.0,1.0,1.0
fixed_uvd,test_seen,2559,val:2010_001313:part_83,2010_001313,person,head,head,0.4419642984867096,0.6130030751228333,0.17370891571044922,0.171875,1.0,1.0,1.0
fixed_uvd,test_seen,2560,val:2010_001313:part_85,2010_001313,person,torso,torso,0.3589041233062744,0.5282257795333862,0.30188679695129395,0.27812498807907104,1.0,1.0,1.0
fixed_uvd,test_seen,2561,val:2010_001313:part_87,2010_001313,person,leg,leg,0.45079365372657776,0.6214442253112793,0.3894389569759369,0.24062499403953552,1.0,1.0,1.0
fixed_uvd,test_seen,2562,val:2010_001313:part_88,2010_001313,person,foot,foot,0.0,0.0,1.0,0.04374999925494194,1.0,1.0,1.0
fixed_uvd,test_seen,2563,val:2010_001313:part_94,2010_001313,person,lower arm,lower arm,0.014141414314508438,0.027888447046279907,0.47058823704719543,0.04062499850988388,1.0,1.0,1.0
fixed_uvd,test_seen,2564,val:2010_001313:part_95,2010_001313,person,upper arm,upper arm,0.18393781781196594,0.31072211265563965,0.4405405521392822,0.13593749701976776,1.0,1.0,1.0
fixed_uvd,test_seen,2565,val:2010_001313:part_96,2010_001313,person,hand,hand,0.0,0.0,0.0,0.04531250149011612,1.0,1.0,1.0
fixed_uvd,test_seen,2566,val:2010_001331:part_43,2010_001331,cat,head,head,0.49246087670326233,0.6599313616752625,0.06949587166309357,0.18607893586158752,1.0,1.0,1.0
fixed_uvd,test_seen,2567,val:2010_001331:part_44,2010_001331,cat,eye,eye,0.29591837525367737,0.4566929042339325,0.0,0.005148005206137896,1.0,1.0,1.0
fixed_uvd,test_seen,2568,val:2010_001331:part_45,2010_001331,cat,torso,torso,0.8111063241958618,0.895702600479126,0.07220686227083206,0.6906906962394714,1.0,1.0,1.0
fixed_uvd,test_seen,2569,val:2010_001331:part_46,2010_001331,cat,neck,neck,0.06848306208848953,0.12818746268749237,0.00565709313377738,0.06477906554937363,1.0,1.0,1.0
fixed_uvd,test_seen,2570,val:2010_001331:part_48,2010_001331,cat,nose,nose,0.29885056614875793,0.4601770043373108,0.0,0.0038610037881881,1.0,1.0,1.0
fixed_uvd,test_seen,2571,val:2010_001331:part_50,2010_001331,cat,ear,ear,0.5678496956825256,0.7243674993515015,0.036496348679065704,0.03646503761410713,1.0,1.0,1.0
fixed_uvd,test_seen,2572,val:2010_001351:part_43,2010_001351,cat,head,head,0.7406947612762451,0.8510335087776184,0.07234314829111099,0.19379965960979462,1.0,1.0,1.0
fixed_uvd,test_seen,2573,val:2010_001351:part_44,2010_001351,cat,eye,eye,0.06321839243173599,0.11891891807317734,0.0,0.0017136625247076154,1.0,1.0,1.0
fixed_uvd,test_seen,2574,val:2010_001351:part_45,2010_001351,cat,torso,torso,0.7096945643424988,0.8302003741264343,0.05725295841693878,0.4368281662464142,1.0,1.0,1.0
fixed_uvd,test_seen,2575,val:2010_001351:part_46,2010_001351,cat,neck,neck,0.46879756450653076,0.6383419632911682,0.029230769723653793,0.04907306283712387,1.0,1.0,1.0
fixed_uvd,test_seen,2576,val:2010_001351:part_47,2010_001351,cat,leg,leg,0.5193899869918823,0.6836822628974915,0.05378754064440727,0.19566911458969116,1.0,1.0,1.0
fixed_uvd,test_seen,2577,val:2010_001351:part_48,2010_001351,cat,nose,nose,0.0,0.0,0.10476190596818924,0.001557875075377524,1.0,1.0,1.0
fixed_uvd,test_seen,2578,val:2010_001351:part_49,2010_001351,cat,paw,paw,0.4829760491847992,0.6513605713844299,0.3364611268043518,0.06698862463235855,1.0,1.0,1.0
fixed_uvd,test_seen,2579,val:2010_001351:part_50,2010_001351,cat,ear,ear,0.4797047972679138,0.6483790278434753,0.1459999978542328,0.047047827392816544,1.0,1.0,1.0
fixed_uvd,test_seen,2580,val:2010_001367:part_20,2010_001367,bottle,body,body,0.40120968222618103,0.5726618766784668,0.24045801162719727,0.7974217534065247,1.0,1.0,1.0
fixed_uvd,test_seen,2581,val:2010_001367:part_21,2010_001367,bottle,cap,cap,0.0,0.0,1.0,0.20257826149463654,1.0,1.0,1.0
fixed_uvd,test_seen,2582,val:2010_001403:part_22,2010_001403,bus,wheel,wheel,0.4934333860874176,0.660804033279419,0.09979210048913956,0.015450265258550644,1.0,1.0,1.0
fixed_uvd,test_seen,2583,val:2010_001403:part_25,2010_001403,bus,side,side,0.5772233009338379,0.731948733329773,0.0663762167096138,0.2217971384525299,1.0,1.0,1.0
fixed_uvd,test_seen,2584,val:2010_001403:part_26,2010_001403,bus,back,back,0.7411586046218872,0.85133957862854,0.09130338579416275,0.5136354565620422,1.0,1.0,1.0
fixed_uvd,test_seen,2585,val:2010_001403:part_28,2010_001403,bus,mirror,mirror,0.0,0.0,0.0,0.000686678453348577,1.0,1.0,1.0
fixed_uvd,test_seen,2586,val:2010_001403:part_31,2010_001403,bus,window,window,0.47922006249427795,0.6479361057281494,0.040429338812828064,0.2398960143327713,1.0,1.0,1.0
fixed_uvd,test_seen,2587,val:2010_001448:part_0,2010_001448,aeroplane,body,body,0.5625874400138855,0.7200716137886047,0.15050287544727325,0.38682276010513306,1.0,1.0,1.0
fixed_uvd,test_seen,2588,val:2010_001448:part_1,2010_001448,aeroplane,stern,stern,0.5554592609405518,0.7142060995101929,0.4251120984554291,0.15610651671886444,1.0,1.0,1.0
fixed_uvd,test_seen,2589,val:2010_001448:part_2,2010_001448,aeroplane,wing,wing,0.4849260449409485,0.6531316041946411,0.3084591329097748,0.39256197214126587,1.0,1.0,1.0
fixed_uvd,test_seen,2590,val:2010_001448:part_4,2010_001448,aeroplane,engine,engine,0.25196078419685364,0.40250587463378906,0.5428571701049805,0.06014692410826683,1.0,1.0,1.0
fixed_uvd,test_seen,2591,val:2010_001451:part_71,2010_001451,horse,head,head,0.460944801568985,0.6310228705406189,0.05443214997649193,0.37026238441467285,1.0,1.0,1.0
fixed_uvd,test_seen,2592,val:2010_001451:part_72,2010_001451,horse,eye,eye,0.625,0.7692307829856873,0.0,0.010180184617638588,1.0,1.0,1.0
fixed_uvd,test_seen,2593,val:2010_001451:part_73,2010_001451,horse,torso,torso,0.07944090664386749,0.14718899130821228,0.1252242624759674,0.025187592953443527,1.0,1.0,1.0
fixed_uvd,test_seen,2594,val:2010_001451:part_74,2010_001451,horse,neck,neck,0.6062068939208984,0.7548304200172424,0.07293015718460083,0.29947903752326965,1.0,1.0,1.0
fixed_uvd,test_seen,2595,val:2010_001451:part_76,2010_001451,horse,ear,ear,0.7677018642425537,0.8685874938964844,0.0,0.03302585706114769,1.0,1.0,1.0
fixed_uvd,test_seen,2596,val:2010_001451:part_77,2010_001451,horse,muzzle,muzzle,0.7503110766410828,0.8573459982872009,0.16515806317329407,0.26186493039131165,1.0,1.0,1.0
fixed_uvd,test_seen,2597,val:2010_001534:part_43,2010_001534,cat,head,head,0.7059314846992493,0.8276199698448181,0.10357894748449326,0.11834360659122467,1.0,1.0,1.0
fixed_uvd,test_seen,2598,val:2010_001534:part_44,2010_001534,cat,eye,eye,0.0,0.0,0.0,0.002077418379485607,1.0,1.0,1.0
fixed_uvd,test_seen,2599,val:2010_001534:part_45,2010_001534,cat,torso,torso,0.8581440448760986,0.9236571788787842,0.0619259811937809,0.6888719797134399,1.0,1.0,1.0
fixed_uvd,test_seen,2600,val:2010_001534:part_46,2010_001534,cat,neck,neck,0.2728758156299591,0.4287548065185547,0.10702614486217499,0.02312859147787094,1.0,1.0,1.0
fixed_uvd,test_seen,2601,val:2010_001534:part_47,2010_001534,cat,leg,leg,0.4278832674026489,0.5993252396583557,0.2246127426624298,0.1075410321354866,1.0,1.0,1.0
fixed_uvd,test_seen,2602,val:2010_001534:part_48,2010_001534,cat,nose,nose,0.0833333358168602,0.1538461595773697,0.261904776096344,0.0004847309610340744,1.0,1.0,1.0
fixed_uvd,test_seen,2603,val:2010_001534:part_49,2010_001534,cat,paw,paw,0.35877862572669983,0.5280898809432983,0.32057416439056396,0.018212035298347473,1.0,1.0,1.0
fixed_uvd,test_seen,2604,val:2010_001534:part_50,2010_001534,cat,ear,ear,0.5540897250175476,0.7130730152130127,0.18894009292125702,0.036493316292762756,1.0,1.0,1.0
fixed_uvd,test_seen,2605,val:2010_001579:part_83,2010_001579,person,head,head,0.1971874088048935,0.32941776514053345,0.0920611247420311,0.08805885165929794,1.0,1.0,1.0
fixed_uvd,test_seen,2606,val:2010_001579:part_85,2010_001579,person,torso,torso,0.5110886096954346,0.6764508485794067,0.014355975203216076,0.31431224942207336,1.0,1.0,1.0
fixed_uvd,test_seen,2607,val:2010_001579:part_86,2010_001579,person,neck,neck,0.025236593559384346,0.04923076927661896,0.0036630036775022745,0.026924725621938705,1.0,1.0,1.0
fixed_uvd,test_seen,2608,val:2010_001579:part_89,2010_001579,person,nose,nose,0.22695034742355347,0.36994218826293945,0.0,0.005142122507095337,1.0,1.0,1.0
fixed_uvd,test_seen,2609,val:2010_001579:part_90,2010_001579,person,ear,ear,0.0,0.0,0.7647058963775635,0.002499643014743924,1.0,1.0,1.0
fixed_uvd,test_seen,2610,val:2010_001579:part_91,2010_001579,person,eyebrow,eyebrow,0.0,0.0,0.0,0.00014283673954196274,1.0,1.0,1.0
fixed_uvd,test_seen,2611,val:2010_001579:part_92,2010_001579,person,mouth,mouth,0.09473684430122375,0.17307692766189575,0.0,0.0036423366982489824,1.0,1.0,1.0
fixed_uvd,test_seen,2612,val:2010_001579:part_93,2010_001579,person,hair,hair,0.34320735931396484,0.5110266208648682,0.2142857164144516,0.02892443910241127,1.0,1.0,1.0
fixed_uvd,test_seen,2613,val:2010_001646:part_22,2010_001646,bus,wheel,wheel,0.08753315359354019,0.1609756052494049,0.024390242993831635,0.008713516406714916,1.0,1.0,1.0
fixed_uvd,test_seen,2614,val:2010_001646:part_23,2010_001646,bus,headlight,headlight,0.20610687136650085,0.3417721390724182,0.0,0.003825446357950568,1.0,1.0,1.0
fixed_uvd,test_seen,2615,val:2010_001646:part_24,2010_001646,bus,front,front,0.3024475574493408,0.4644295275211334,0.09662237018346786,0.17434117197990417,1.0,1.0,1.0
fixed_uvd,test_seen,2616,val:2010_001646:part_25,2010_001646,bus,side,side,0.42951664328575134,0.6009256839752197,0.11872751265764236,0.1768914759159088,1.0,1.0,1.0
fixed_uvd,test_seen,2617,val:2010_001646:part_28,2010_001646,bus,mirror,mirror,0.0,0.0,0.1846153885126114,0.00028336638933978975,1.0,1.0,1.0
fixed_uvd,test_seen,2618,val:2010_001646:part_29,2010_001646,bus,license plate,license plate,0.0,0.0,0.0,0.00014168319466989487,1.0,1.0,1.0
fixed_uvd,test_seen,2619,val:2010_001646:part_31,2010_001646,bus,window,window,0.2994709014892578,0.4609120488166809,0.04636538028717041,0.20529894530773163,1.0,1.0,1.0
fixed_uvd,test_seen,2620,val:2010_001656:part_43,2010_001656,cat,head,head,0.46644240617752075,0.6361551284790039,0.08250560611486435,0.22262132167816162,1.0,1.0,1.0
fixed_uvd,test_seen,2621,val:2010_001656:part_45,2010_001656,cat,torso,torso,0.6234763264656067,0.7680756449699402,0.08585686981678009,0.4254489839076996,1.0,1.0,1.0
fixed_uvd,test_seen,2622,val:2010_001656:part_46,2010_001656,cat,neck,neck,0.5718927979469299,0.7276485562324524,0.0382513664662838,0.12793274223804474,1.0,1.0,1.0
fixed_uvd,test_seen,2623,val:2010_001656:part_47,2010_001656,cat,leg,leg,0.43762069940567017,0.6088124513626099,0.18587569892406464,0.14917844533920288,1.0,1.0,1.0
fixed_uvd,test_seen,2624,val:2010_001656:part_50,2010_001656,cat,ear,ear,0.5702479481697083,0.7263157963752747,0.10824230313301086,0.05372564122080803,1.0,1.0,1.0
fixed_uvd,test_seen,2625,val:2010_001692:part_52,2010_001692,cow,head,head,0.6157024502754211,0.7621483206748962,0.1837237924337387,0.09314695745706558,1.0,1.0,1.0
fixed_uvd,test_seen,2626,val:2010_001692:part_53,2010_001692,cow,eye,eye,0.0,0.0,0.9629629850387573,0.002102919388562441,1.0,1.0,1.0
fixed_uvd,test_seen,2627,val:2010_001692:part_54,2010_001692,cow,torso,torso,0.8536363840103149,0.9210397005081177,0.10276618599891663,0.7128896713256836,1.0,1.0,1.0
fixed_uvd,test_seen,2628,val:2010_001692:part_56,2010_001692,cow,leg,leg,0.40697672963142395,0.5785123705863953,0.41003185510635376,0.08411677181720734,1.0,1.0,1.0
fixed_uvd,test_seen,2629,val:2010_001692:part_57,2010_001692,cow,ear,ear,0.28523489832878113,0.44386422634124756,0.2945736348628998,0.015462642535567284,1.0,1.0,1.0
fixed_uvd,test_seen,2630,val:2010_001692:part_58,2010_001692,cow,muzzle,muzzle,0.811170220375061,0.8957415819168091,0.05202312022447586,0.08287975937128067,1.0,1.0,1.0
fixed_uvd,test_seen,2631,val:2010_001692:part_83,2010_001692,person,head,head,0.0,0.0,0.07117437571287155,0.000656922347843647,1.0,1.0,1.0
fixed_uvd,test_seen,2632,val:2010_001692:part_85,2010_001692,person,torso,torso,0.0,0.0,0.10021208971738815,0.0004926917608827353,1.0,1.0,1.0
fixed_uvd,test_seen,2633,val:2010_001692:part_90,2010_001692,person,ear,ear,0.010282776318490505,0.020356234163045883,0.8685566782951355,0.0008204791811294854,1.0,1.0,1.0
fixed_uvd,test_seen,2634,val:2010_001699:part_98,2010_001699,pottedplant,plant,plant,0.0,0.0,0.5219033360481262,0.09014084190130234,1.0,1.0,1.0
fixed_uvd,test_seen,2635,val:2010_001734:part_109,2010_001734,train,head,head,0.0,0.0,0.7383720874786377,0.01738334819674492,1.0,1.0,1.0
fixed_uvd,test_seen,2636,val:2010_001734:part_110,2010_001734,train,front,front,0.6712150573730469,0.8032659292221069,0.17530696094036102,0.505946934223175,1.0,1.0,1.0
fixed_uvd,test_seen,2637,val:2010_001734:part_111,2010_001734,train,side,side,0.6507462859153748,0.7884267568588257,0.11965811997652054,0.4766697287559509,1.0,1.0,1.0
fixed_uvd,test_seen,2638,val:2010_001752:part_115,2010_001752,tvmonitor,screen,screen,0.8494179248809814,0.9185786843299866,0.0,0.3565712571144104,1.0,1.0,1.0
fixed_uvd,test_seen,2639,val:2010_001773:part_97,2010_001773,pottedplant,pot,pot,0.2769627273082733,0.43378356099128723,0.17189686000347137,0.18960970640182495,1.0,1.0,1.0
fixed_uvd,test_seen,2640,val:2010_001773:part_98,2010_001773,pottedplant,plant,plant,0.09507989138364792,0.17364923655986786,0.39113032817840576,0.08913502097129822,1.0,1.0,1.0
fixed_uvd,test_seen,2641,val:2010_001830:part_20,2010_001830,bottle,body,body,0.8538734316825867,0.9211776852607727,0.09469733387231827,0.9199917912483215,1.0,1.0,1.0
fixed_uvd,test_seen,2642,val:2010_001830:part_21,2010_001830,bottle,cap,cap,0.460966557264328,0.6310432553291321,0.4244185984134674,0.027695147320628166,1.0,1.0,1.0
fixed_uvd,test_seen,2643,val:2010_001851:part_97,2010_001851,pottedplant,pot,pot,0.0,0.0,0.43589743971824646,0.06310013681650162,1.0,1.0,1.0
fixed_uvd,test_seen,2644,val:2010_001851:part_98,2010_001851,pottedplant,plant,plant,0.0,0.0,0.4990215301513672,0.08230452984571457,1.0,1.0,1.0
fixed_uvd,test_seen,2645,val:2010_001913:part_42,2010_001913,cat,tail,tail,0.09045226126909256,0.1658986210823059,0.2916666567325592,0.010012014769017696,1.0,1.0,1.0
fixed_uvd,test_seen,2646,val:2010_001913:part_43,2010_001913,cat,head,head,0.5661016702651978,0.7229437232017517,0.22580644488334656,0.08570284396409988,1.0,1.0,1.0
fixed_uvd,test_seen,2647,val:2010_001913:part_44,2010_001913,cat,eye,eye,0.0,0.0,0.0,0.0008009611628949642,1.0,1.0,1.0
fixed_uvd,test_seen,2648,val:2010_001913:part_45,2010_001913,cat,torso,torso,0.7618279457092285,0.864815354347229,0.10722476989030838,0.613936722278595,1.0,1.0,1.0
fixed_uvd,test_seen,2649,val:2010_001913:part_47,2010_001913,cat,leg,leg,0.14369501173496246,0.25128206610679626,0.026587888598442078,0.04124949872493744,1.0,1.0,1.0
fixed_uvd,test_seen,2650,val:2010_001913:part_48,2010_001913,cat,nose,nose,0.0,0.0,0.0,0.0012000000569969416,1.0,1.0,1.0
fixed_uvd,test_seen,2651,val:2010_001913:part_49,2010_001913,cat,paw,paw,0.1428571492433548,0.25,0.0,0.010012014769017696,1.0,1.0,1.0
fixed_uvd,test_seen,2652,val:2010_001913:part_50,2010_001913,cat,ear,ear,0.11602210253477097,0.20792078971862793,0.49723756313323975,0.008410092443227768,1.0,1.0,1.0
fixed_uvd,test_seen,2653,val:2010_001951:part_108,2010_001951,train,headlight,headlight,0.0,0.0,0.0,0.002052334602922201,1.0,1.0,1.0
fixed_uvd,test_seen,2654,val:2010_001951:part_109,2010_001951,train,head,head,0.01490514911711216,0.029372496530413628,0.23680000007152557,0.01590559259057045,1.0,1.0,1.0
fixed_uvd,test_seen,2655,val:2010_001951:part_110,2010_001951,train,front,front,0.8324768543243408,0.908581018447876,0.07338501513004303,0.4184196889400482,1.0,1.0,1.0
fixed_uvd,test_seen,2656,val:2010_001951:part_111,2010_001951,train,side,side,0.8206806182861328,0.901509702205658,0.10104790329933167,0.563494086265564,1.0,1.0,1.0
fixed_uvd,test_seen,2657,val:2010_002017:part_20,2010_002017,bottle,body,body,0.7068160772323608,0.8282275795936584,0.13667425513267517,0.9783728122711182,1.0,1.0,1.0
fixed_uvd,test_seen,2658,val:2010_002017:part_21,2010_002017,bottle,cap,cap,0.0,0.0,0.0,0.01853759028017521,1.0,1.0,1.0
fixed_uvd,test_seen,2659,val:2010_002025:part_42,2010_002025,cat,tail,tail,0.2991293668746948,0.46050742268562317,0.1428571492433548,0.03776835277676582,1.0,1.0,1.0
fixed_uvd,test_seen,2660,val:2010_002025:part_43,2010_002025,cat,head,head,0.18868575990200043,0.3174695372581482,0.02161913551390171,0.08428306132555008,1.0,1.0,1.0
fixed_uvd,test_seen,2661,val:2010_002025:part_44,2010_002025,cat,eye,eye,0.08355091512203217,0.15421687066555023,0.0,0.003975616302341223,1.0,1.0,1.0
fixed_uvd,test_seen,2662,val:2010_002025:part_45,2010_002025,cat,torso,torso,0.15971238911151886,0.2754344642162323,0.021890079602599144,0.14232705533504486,1.0,1.0,1.0
fixed_uvd,test_seen,2663,val:2010_002025:part_47,2010_002025,cat,leg,leg,0.027651170268654823,0.05381431058049202,0.023833168670535088,0.023919956758618355,1.0,1.0,1.0
fixed_uvd,test_seen,2664,val:2010_002025:part_48,2010_002025,cat,nose,nose,0.0,0.0,0.0,0.0007288630004040897,1.0,1.0,1.0
fixed_uvd,test_seen,2665,val:2010_002025:part_49,2010_002025,cat,paw,paw,0.14945848286151886,0.2600502371788025,0.13882702589035034,0.016233766451478004,1.0,1.0,1.0
fixed_uvd,test_seen,2666,val:2010_002025:part_50,2010_002025,cat,ear,ear,0.24936708807945251,0.39918947219848633,0.12313937395811081,0.016432547941803932,1.0,1.0,1.0
fixed_uvd,test_seen,2667,val:2010_002030:part_6,2010_002030,bicycle,wheel,wheel,0.18148228526115417,0.3072111904621124,0.7782619595527649,0.525145411491394,1.0,1.0,1.0
fixed_uvd,test_seen,2668,val:2010_002030:part_7,2010_002030,bicycle,saddle,saddle,0.34317344427108765,0.5109890103340149,0.5863808393478394,0.10229216516017914,1.0,1.0,1.0
fixed_uvd,test_seen,2669,val:2010_002030:part_8,2010_002030,bicycle,handlebar,handlebar,0.16797488927841187,0.28763440251350403,0.7786561250686646,0.08142319321632385,1.0,1.0,1.0
fixed_uvd,test_seen,2670,val:2010_002030:part_9,2010_002030,bicycle,chainwheel,chainwheel,0.3016759753227234,0.46351930499076843,0.4757281541824341,0.044474855065345764,1.0,1.0,1.0
fixed_uvd,test_seen,2671,val:2010_002137:part_43,2010_002137,cat,head,head,0.3529411852359772,0.52173912525177,0.0572916679084301,0.15755854547023773,1.0,1.0,1.0
fixed_uvd,test_seen,2672,val:2010_002137:part_44,2010_002137,cat,eye,eye,0.0,0.0,0.0,0.007806955371052027,1.0,1.0,1.0
fixed_uvd,test_seen,2673,val:2010_002137:part_45,2010_002137,cat,torso,torso,0.7093333601951599,0.8299531936645508,0.11336898058652878,0.7012065052986145,1.0,1.0,1.0
fixed_uvd,test_seen,2674,val:2010_002137:part_47,2010_002137,cat,leg,leg,0.1744471788406372,0.2970711290836334,0.20551379024982452,0.05606813356280327,1.0,1.0,1.0
fixed_uvd,test_seen,2675,val:2010_002137:part_48,2010_002137,cat,nose,nose,0.0,0.0,0.0,0.0014194464311003685,1.0,1.0,1.0
fixed_uvd,test_seen,2676,val:2010_002137:part_49,2010_002137,cat,paw,paw,0.25,0.4000000059604645,0.574999988079071,0.021291695535182953,1.0,1.0,1.0
fixed_uvd,test_seen,2677,val:2010_002137:part_50,2010_002137,cat,ear,ear,0.3617021143436432,0.53125,0.29487180709838867,0.03548616170883179,1.0,1.0,1.0
fixed_uvd,test_seen,2678,val:2010_002146:part_42,2010_002146,cat,tail,tail,0.36012861132621765,0.5295508503913879,0.5519999861717224,0.03154631704092026,1.0,1.0,1.0
fixed_uvd,test_seen,2679,val:2010_002146:part_43,2010_002146,cat,head,head,0.7549800872802734,0.8603859543800354,0.0023501762188971043,0.16611962020397186,1.0,1.0,1.0
fixed_uvd,test_seen,2680,val:2010_002146:part_44,2010_002146,cat,eye,eye,0.12538225948810577,0.22282609343528748,0.0,0.010393872857093811,1.0,1.0,1.0
fixed_uvd,test_seen,2681,val:2010_002146:part_45,2010_002146,cat,torso,torso,0.7040079832077026,0.8262965679168701,0.0931549146771431,0.5395696759223938,1.0,1.0,1.0
fixed_uvd,test_seen,2682,val:2010_002146:part_47,2010_002146,cat,leg,leg,0.2825709283351898,0.44063204526901245,0.1260623186826706,0.14642596244812012,1.0,1.0,1.0
fixed_uvd,test_seen,2683,val:2010_002146:part_48,2010_002146,cat,nose,nose,0.054347824305295944,0.10309278219938278,0.0,0.001823486527428031,1.0,1.0,1.0
fixed_uvd,test_seen,2684,val:2010_002146:part_49,2010_002146,cat,paw,paw,0.23290598392486572,0.3778162896633148,0.4527363181114197,0.03191101551055908,1.0,1.0,1.0
fixed_uvd,test_seen,2685,val:2010_002146:part_50,2010_002146,cat,ear,ear,0.42574256658554077,0.5972222089767456,0.22018349170684814,0.045404814183712006,1.0,1.0,1.0
fixed_uvd,test_seen,2686,val:2010_002147:part_0,2010_002147,aeroplane,body,body,0.784083366394043,0.8789761662483215,0.09467455744743347,0.4692436158657074,1.0,1.0,1.0
fixed_uvd,test_seen,2687,val:2010_002147:part_1,2010_002147,aeroplane,stern,stern,0.49362650513648987,0.6609771847724915,0.3117590546607971,0.20110440254211426,1.0,1.0,1.0
fixed_uvd,test_seen,2688,val:2010_002147:part_2,2010_002147,aeroplane,wing,wing,0.3711903393268585,0.5414133071899414,0.21160714328289032,0.1809425950050354,1.0,1.0,1.0
fixed_uvd,test_seen,2689,val:2010_002147:part_4,2010_002147,aeroplane,engine,engine,0.5727908611297607,0.7283750772476196,0.1741424798965454,0.1230255588889122,1.0,1.0,1.0
fixed_uvd,test_seen,2690,val:2010_002147:part_5,2010_002147,aeroplane,wheel,wheel,0.08683473616838455,0.15979380905628204,0.3141210377216339,0.005265185609459877,1.0,1.0,1.0
fixed_uvd,test_seen,2691,val:2010_002161:part_73,2010_002161,horse,torso,torso,0.0,0.0,0.08132322877645493,0.00015076134877745062,1.0,1.0,1.0
fixed_uvd,test_seen,2692,val:2010_002161:part_75,2010_002161,horse,leg,leg,0.0,0.0,0.2661498785018921,0.00022614201589021832,1.0,1.0,1.0
fixed_uvd,test_seen,2693,val:2010_002161:part_83,2010_002161,person,head,head,0.30541011691093445,0.4679144322872162,0.17843137681484222,0.05661274865269661,1.0,1.0,1.0
fixed_uvd,test_seen,2694,val:2010_002161:part_84,2010_002161,person,eye,eye,0.0,0.0,1.0,0.0016650808975100517,1.0,1.0,1.0
fixed_uvd,test_seen,2695,val:2010_002161:part_85,2010_002161,person,torso,torso,0.451090008020401,0.6217257380485535,0.007418397814035416,0.29686012864112854,1.0,1.0,1.0
fixed_uvd,test_seen,2696,val:2010_002161:part_86,2010_002161,person,neck,neck,0.09359605610370636,0.171171173453331,0.0,0.012369172647595406,1.0,1.0,1.0
fixed_uvd,test_seen,2697,val:2010_002161:part_87,2010_002161,person,leg,leg,0.41310882568359375,0.5846808552742004,0.26915115118026733,0.3292102813720703,1.0,1.0,1.0
fixed_uvd,test_seen,2698,val:2010_002161:part_89,2010_002161,person,nose,nose,0.0,0.0,0.0,0.005708848591893911,1.0,1.0,1.0
fixed_uvd,test_seen,2699,val:2010_002161:part_91,2010_002161,person,eyebrow,eyebrow,0.0,0.0,0.0,0.0007136060739867389,1.0,1.0,1.0
fixed_uvd,test_seen,2700,val:2010_002161:part_92,2010_002161,person,mouth,mouth,0.0,0.0,0.0,0.007136060856282711,1.0,1.0,1.0
fixed_uvd,test_seen,2701,val:2010_002161:part_93,2010_002161,person,hair,hair,0.29411765933036804,0.4545454680919647,0.20747996866703033,0.12012369185686111,1.0,1.0,1.0
fixed_uvd,test_seen,2702,val:2010_002161:part_94,2010_002161,person,lower arm,lower arm,0.2912946343421936,0.4511668086051941,0.3136160671710968,0.06208372861146927,1.0,1.0,1.0
fixed_uvd,test_seen,2703,val:2010_002161:part_95,2010_002161,person,upper arm,upper arm,0.1655328869819641,0.2840466797351837,0.18972331285476685,0.06398668140172958,1.0,1.0,1.0
fixed_uvd,test_seen,2704,val:2010_002161:part_96,2010_002161,person,hand,hand,0.1538461595773697,0.2666666805744171,0.8159204125404358,0.014985728077590466,1.0,1.0,1.0
fixed_uvd,test_seen,2705,val:2010_002200:part_0,2010_002200,aeroplane,body,body,0.5560513138771057,0.7146953344345093,0.21349622309207916,0.46044713258743286,1.0,1.0,1.0
fixed_uvd,test_seen,2706,val:2010_002200:part_1,2010_002200,aeroplane,stern,stern,0.5297297239303589,0.6925795078277588,0.3374805450439453,0.2987962067127228,1.0,1.0,1.0
fixed_uvd,test_seen,2707,val:2010_002200:part_2,2010_002200,aeroplane,wing,wing,0.14861461520195007,0.2587719261646271,0.013853903859853745,0.0507308691740036,1.0,1.0,1.0
fixed_uvd,test_seen,2708,val:2010_002200:part_4,2010_002200,aeroplane,engine,engine,0.4285714328289032,0.6000000238418579,0.16809605062007904,0.11478933691978455,1.0,1.0,1.0
fixed_uvd,test_seen,2709,val:2010_002200:part_5,2010_002200,aeroplane,wheel,wheel,0.0,0.0,0.35260117053985596,0.0025795355904847383,1.0,1.0,1.0
fixed_uvd,test_seen,2710,val:2010_002251:part_83,2010_002251,person,head,head,0.6308186054229736,0.7736220359802246,0.2211221158504486,0.13983629643917084,1.0,1.0,1.0
fixed_uvd,test_seen,2711,val:2010_002251:part_85,2010_002251,person,torso,torso,0.38665446639060974,0.5576796531677246,0.10957551747560501,0.1718963235616684,1.0,1.0,1.0
fixed_uvd,test_seen,2712,val:2010_002251:part_87,2010_002251,person,leg,leg,0.5238401889801025,0.6875264048576355,0.30704814195632935,0.31787174940109253,1.0,1.0,1.0
fixed_uvd,test_seen,2713,val:2010_002251:part_88,2010_002251,person,foot,foot,0.0,0.0,0.7731958627700806,0.06718963384628296,1.0,1.0,1.0
fixed_uvd,test_seen,2714,val:2010_002251:part_94,2010_002251,person,lower arm,lower arm,0.24043716490268707,0.3876652121543884,0.1843220293521881,0.07128240168094635,1.0,1.0,1.0
fixed_uvd,test_seen,2715,val:2010_002251:part_95,2010_002251,person,upper arm,upper arm,0.6679946780204773,0.8009554147720337,0.05167173221707344,0.20395635068416595,1.0,1.0,1.0
fixed_uvd,test_seen,2716,val:2010_002251:part_96,2010_002251,person,hand,hand,0.05911330133676529,0.11162790656089783,0.8344370722770691,0.021828103810548782,1.0,1.0,1.0
fixed_uvd,test_seen,2717,val:2010_002305:part_43,2010_002305,cat,head,head,0.4954666793346405,0.6626248359680176,0.07466666400432587,0.11199517548084259,1.0,1.0,1.0
fixed_uvd,test_seen,2718,val:2010_002305:part_45,2010_002305,cat,torso,torso,0.5881518721580505,0.740674614906311,0.10808179527521133,0.4723327159881592,1.0,1.0,1.0
fixed_uvd,test_seen,2719,val:2010_002305:part_46,2010_002305,cat,neck,neck,0.48059701919555664,0.649193525314331,0.0,0.04569017514586449,1.0,1.0,1.0
fixed_uvd,test_seen,2720,val:2010_002305:part_47,2010_002305,cat,leg,leg,0.27974504232406616,0.4371887147426605,0.04040995612740517,0.26582279801368713,1.0,1.0,1.0
fixed_uvd,test_seen,2721,val:2010_002305:part_49,2010_002305,cat,paw,paw,0.3033898174762726,0.4655396640300751,0.11328790336847305,0.043881855905056,1.0,1.0,1.0
fixed_uvd,test_seen,2722,val:2010_002305:part_50,2010_002305,cat,ear,ear,0.0,0.0,0.005656108725816011,0.00482218200340867,1.0,1.0,1.0
fixed_uvd,test_seen,2723,val:2010_002310:part_0,2010_002310,aeroplane,body,body,0.4880361258983612,0.6559466123580933,0.22232472896575928,0.380952388048172,1.0,1.0,1.0
fixed_uvd,test_seen,2724,val:2010_002310:part_1,2010_002310,aeroplane,stern,stern,0.42194992303848267,0.5934807062149048,0.47831398248672485,0.3485308885574341,1.0,1.0,1.0
fixed_uvd,test_seen,2725,val:2010_002310:part_2,2010_002310,aeroplane,wing,wing,0.3172641098499298,0.4817015826702118,0.4479469060897827,0.2654508650302887,1.0,1.0,1.0
fixed_uvd,test_seen,2726,val:2010_002336:part_97,2010_002336,pottedplant,pot,pot,0.42206233739852905,0.5935919284820557,0.00561797758564353,0.582047700881958,1.0,1.0,1.0
fixed_uvd,test_seen,2727,val:2010_002336:part_98,2010_002336,pottedplant,plant,plant,0.2780373692512512,0.4351005554199219,0.21728971600532532,0.3338008522987366,1.0,1.0,1.0
fixed_uvd,test_seen,2728,val:2010_002348:part_42,2010_002348,cat,tail,tail,0.5869095921516418,0.7396887540817261,0.17136304080486298,0.17024627327919006,1.0,1.0,1.0
fixed_uvd,test_seen,2729,val:2010_002348:part_43,2010_002348,cat,head,head,0.6842367053031921,0.8125184774398804,0.019538188353180885,0.13521382212638855,1.0,1.0,1.0
fixed_uvd,test_seen,2730,val:2010_002348:part_44,2010_002348,cat,eye,eye,0.0,0.0,0.0,0.0006681939703412354,1.0,1.0,1.0
fixed_uvd,test_seen,2731,val:2010_002348:part_45,2010_002348,cat,torso,torso,0.48046815395355225,0.649075984954834,0.0390649251639843,0.29710766673088074,1.0,1.0,1.0
fixed_uvd,test_seen,2732,val:2010_002348:part_46,2010_002348,cat,neck,neck,0.3055991530418396,0.4681362807750702,0.006322444882243872,0.028493700549006462,1.0,1.0,1.0
fixed_uvd,test_seen,2733,val:2010_002348:part_47,2010_002348,cat,leg,leg,0.5551733374595642,0.7139697670936584,0.16339758038520813,0.2596410810947418,1.0,1.0,1.0
fixed_uvd,test_seen,2734,val:2010_002348:part_48,2010_002348,cat,nose,nose,0.0,0.0,0.0,0.0002386406995356083,1.0,1.0,1.0
fixed_uvd,test_seen,2735,val:2010_002348:part_49,2010_002348,cat,paw,paw,0.37802350521087646,0.5486459136009216,0.20551924407482147,0.029448263347148895,1.0,1.0,1.0
fixed_uvd,test_seen,2736,val:2010_002348:part_50,2010_002348,cat,ear,ear,0.5011261105537415,0.6676669120788574,0.058519791811704636,0.035891562700271606,1.0,1.0,1.0
fixed_uvd,test_seen,2737,val:2010_002390:part_52,2010_002390,cow,head,head,0.5480912923812866,0.7080864906311035,0.03265395388007164,0.1549692451953888,1.0,1.0,1.0
fixed_uvd,test_seen,2738,val:2010_002390:part_53,2010_002390,cow,eye,eye,0.2680412232875824,0.42276424169540405,0.0,0.0014945105649530888,1.0,1.0,1.0
fixed_uvd,test_seen,2739,val:2010_002390:part_54,2010_002390,cow,torso,torso,0.46233418583869934,0.6323235630989075,0.0511130765080452,0.34925562143325806,1.0,1.0,1.0
fixed_uvd,test_seen,2740,val:2010_002390:part_57,2010_002390,cow,ear,ear,0.3947368562221527,0.5660377144813538,0.014084506779909134,0.02626889757812023,1.0,1.0,1.0
fixed_uvd,test_seen,2741,val:2010_002390:part_58,2010_002390,cow,muzzle,muzzle,0.5703875422477722,0.7264290452003479,0.042940571904182434,0.10519055277109146,1.0,1.0,1.0
fixed_uvd,test_seen,2742,val:2010_002422:part_42,2010_002422,cat,tail,tail,0.460896760225296,0.6309778690338135,0.1625329852104187,0.07151304930448532,1.0,1.0,1.0
fixed_uvd,test_seen,2743,val:2010_002422:part_43,2010_002422,cat,head,head,0.708477795124054,0.8293672800064087,0.03798297420144081,0.18662777543067932,1.0,1.0,1.0
fixed_uvd,test_seen,2744,val:2010_002422:part_44,2010_002422,cat,eye,eye,0.18400000035762787,0.31081080436706543,0.0,0.01261531189084053,1.0,1.0,1.0
fixed_uvd,test_seen,2745,val:2010_002422:part_45,2010_002422,cat,torso,torso,0.5777650475502014,0.7323841452598572,0.048413630574941635,0.4144130051136017,1.0,1.0,1.0
fixed_uvd,test_seen,2746,val:2010_002422:part_46,2010_002422,cat,neck,neck,0.05564853549003601,0.10543004423379898,0.030853761360049248,0.012378774583339691,1.0,1.0,1.0
fixed_uvd,test_seen,2747,val:2010_002422:part_47,2010_002422,cat,leg,leg,0.4173427224159241,0.5889086723327637,0.07068682461977005,0.1871008425951004,1.0,1.0,1.0
fixed_uvd,test_seen,2748,val:2010_002422:part_48,2010_002422,cat,nose,nose,0.12244898080825806,0.2181818187236786,0.0,0.0026807538233697414,1.0,1.0,1.0
fixed_uvd,test_seen,2749,val:2010_002422:part_49,2010_002422,cat,paw,paw,0.0,0.0,0.1773049682378769,0.0007884569931775331,1.0,1.0,1.0
fixed_uvd,test_seen,2750,val:2010_002422:part_50,2010_002422,cat,ear,ear,0.6880819201469421,0.8152233958244324,0.19241982698440552,0.06181502714753151,1.0,1.0,1.0
fixed_uvd,test_seen,2751,val:2010_002512:part_42,2010_002512,cat,tail,tail,0.4701298773288727,0.6395759582519531,0.2296718955039978,0.07718481123447418,1.0,1.0,1.0
fixed_uvd,test_seen,2752,val:2010_002512:part_43,2010_002512,cat,head,head,0.5307086706161499,0.693415641784668,0.07581803947687149,0.12374641746282578,1.0,1.0,1.0
fixed_uvd,test_seen,2753,val:2010_002512:part_44,2010_002512,cat,eye,eye,0.0,0.0,0.0,0.0030444127041846514,1.0,1.0,1.0
fixed_uvd,test_seen,2754,val:2010_002512:part_45,2010_002512,cat,torso,torso,0.8578805327415466,0.9235045313835144,0.03554230555891991,0.7009312510490417,1.0,1.0,1.0
fixed_uvd,test_seen,2755,val:2010_002512:part_46,2010_002512,cat,neck,neck,0.1630546897649765,0.2803904116153717,0.03822313994169235,0.02847421169281006,1.0,1.0,1.0
fixed_uvd,test_seen,2756,val:2010_002512:part_48,2010_002512,cat,nose,nose,0.0,0.0,0.0,0.0010744985193014145,1.0,1.0,1.0
fixed_uvd,test_seen,2757,val:2010_002512:part_50,2010_002512,cat,ear,ear,0.22758620977401733,0.37078651785850525,0.0,0.027399713173508644,1.0,1.0,1.0
fixed_uvd,test_seen,2758,val:2010_002531:part_42,2010_002531,cat,tail,tail,0.3104477524757385,0.4738040864467621,0.3879728317260742,0.10288065671920776,1.0,1.0,1.0
fixed_uvd,test_seen,2759,val:2010_002531:part_43,2010_002531,cat,head,head,0.7966616153717041,0.8868243098258972,0.0008285004296340048,0.16475096344947815,1.0,1.0,1.0
fixed_uvd,test_seen,2760,val:2010_002531:part_44,2010_002531,cat,eye,eye,0.08715596050024033,0.16033755242824554,0.0,0.004540939349681139,1.0,1.0,1.0
fixed_uvd,test_seen,2761,val:2010_002531:part_45,2010_002531,cat,torso,torso,0.5797280669212341,0.7339593172073364,0.06448289752006531,0.3993188738822937,1.0,1.0,1.0
fixed_uvd,test_seen,2762,val:2010_002531:part_46,2010_002531,cat,neck,neck,0.32258063554763794,0.4878048896789551,0.006279435008764267,0.03178657591342926,1.0,1.0,1.0
fixed_uvd,test_seen,2763,val:2010_002531:part_47,2010_002531,cat,leg,leg,0.24389328062534332,0.3921450078487396,0.10114068537950516,0.09649496525526047,1.0,1.0,1.0
fixed_uvd,test_seen,2764,val:2010_002531:part_48,2010_002531,cat,nose,nose,0.1487603336572647,0.2589927911758423,0.0,0.002838087035343051,1.0,1.0,1.0
fixed_uvd,test_seen,2765,val:2010_002531:part_49,2010_002531,cat,paw,paw,0.35196688771247864,0.5206738114356995,0.275534451007843,0.03292180970311165,1.0,1.0,1.0
fixed_uvd,test_seen,2766,val:2010_002531:part_50,2010_002531,cat,ear,ear,0.6506717801094055,0.7883720993995667,0.2321428507566452,0.058464594185352325,1.0,1.0,1.0
fixed_uvd,test_seen,2767,val:2010_002536:part_6,2010_002536,bicycle,wheel,wheel,0.07243195921182632,0.13507981598377228,0.8642892241477966,0.25298330187797546,1.0,1.0,1.0
fixed_uvd,test_seen,2768,val:2010_002546:part_22,2010_002546,bus,wheel,wheel,0.1589147299528122,0.27424749732017517,0.18333333730697632,0.022444646805524826,1.0,1.0,1.0
fixed_uvd,test_seen,2769,val:2010_002546:part_25,2010_002546,bus,side,side,0.2106858342885971,0.3480437695980072,0.11168219894170761,0.18971791863441467,1.0,1.0,1.0
fixed_uvd,test_seen,2770,val:2010_002546:part_27,2010_002546,bus,roof,roof,0.08171482384204865,0.15108385682106018,0.1270599514245987,0.028814073652029037,1.0,1.0,1.0
fixed_uvd,test_seen,2771,val:2010_002546:part_31,2010_002546,bus,window,window,0.1821436882019043,0.308158278465271,0.027538925409317017,0.12352138012647629,1.0,1.0,1.0
fixed_uvd,test_seen,2772,val:2010_002623:part_83,2010_002623,person,head,head,0.6405758261680603,0.7809158563613892,0.04875217750668526,0.49771788716316223,1.0,1.0,1.0
fixed_uvd,test_seen,2773,val:2010_002623:part_84,2010_002623,person,eye,eye,0.45584726333618164,0.6262295246124268,0.0,0.018764037638902664,1.0,1.0,1.0
fixed_uvd,test_seen,2774,val:2010_002623:part_85,2010_002623,person,torso,torso,0.16276894509792328,0.2799678146839142,0.03611738234758377,0.0454973541200161,1.0,1.0,1.0
fixed_uvd,test_seen,2775,val:2010_002623:part_89,2010_002623,person,nose,nose,0.5500878691673279,0.7097505927085876,0.0,0.028472071513533592,1.0,1.0,1.0
fixed_uvd,test_seen,2776,val:2010_002623:part_90,2010_002623,person,ear,ear,0.3415178656578064,0.5091513991355896,0.17169374227523804,0.012316162697970867,1.0,1.0,1.0
fixed_uvd,test_seen,2777,val:2010_002623:part_91,2010_002623,person,eyebrow,eyebrow,0.09272727370262146,0.16971713304519653,0.0,0.0060856337659060955,1.0,1.0,1.0
fixed_uvd,test_seen,2778,val:2010_002623:part_92,2010_002623,person,mouth,mouth,0.4557640850543976,0.6261510252952576,0.0,0.018256900832057,1.0,1.0,1.0
fixed_uvd,test_seen,2779,val:2010_002623:part_93,2010_002623,person,hair,hair,0.5714285969734192,0.7272727489471436,0.1195715144276619,0.14504092931747437,1.0,1.0,1.0
fixed_uvd,test_seen,2780,val:2010_002623:part_94,2010_002623,person,lower arm,lower arm,0.0677083358168602,0.12682926654815674,0.035087719559669495,0.007389697711914778,1.0,1.0,1.0
fixed_uvd,test_seen,2781,val:2010_002623:part_95,2010_002623,person,upper arm,upper arm,0.7358625531196594,0.8478350639343262,0.02368421107530594,0.1861914098262787,1.0,1.0,1.0
fixed_uvd,test_seen,2782,val:2010_002682:part_83,2010_002682,person,head,head,0.0,0.0,0.0,0.06818182021379471,1.0,1.0,1.0
fixed_uvd,test_seen,2783,val:2010_002682:part_85,2010_002682,person,torso,torso,0.0,0.0,0.0,0.5227272510528564,1.0,1.0,1.0
fixed_uvd,test_seen,2784,val:2010_002691:part_71,2010_002691,horse,head,head,0.5376532673835754,0.6993166208267212,0.042663220316171646,0.07572274655103683,1.0,1.0,1.0
fixed_uvd,test_seen,2785,val:2010_002691:part_72,2010_002691,horse,eye,eye,0.28378379344940186,0.4421052634716034,0.05000000074505806,0.0038314175326377153,1.0,1.0,1.0
fixed_uvd,test_seen,2786,val:2010_002691:part_73,2010_002691,horse,torso,torso,0.8416953086853027,0.9140440225601196,0.04014978185296059,0.5986067652702332,1.0,1.0,1.0
fixed_uvd,test_seen,2787,val:2010_002691:part_74,2010_002691,horse,neck,neck,0.7008704543113708,0.8241314888000488,0.11788953095674515,0.19568094611167908,1.0,1.0,1.0
fixed_uvd,test_seen,2788,val:2010_002691:part_75,2010_002691,horse,leg,leg,0.5653983354568481,0.722369909286499,0.2753012180328369,0.06778126209974289,1.0,1.0,1.0
fixed_uvd,test_seen,2789,val:2010_002691:part_76,2010_002691,horse,ear,ear,0.23999999463558197,0.3870967626571655,0.2557252049446106,0.005503308959305286,1.0,1.0,1.0
fixed_uvd,test_seen,2790,val:2010_002691:part_77,2010_002691,horse,muzzle,muzzle,0.5678715109825134,0.7243852615356445,0.19168026745319366,0.050574712455272675,1.0,1.0,1.0
fixed_uvd,test_seen,2791,val:2010_002693:part_43,2010_002693,cat,head,head,0.6621417999267578,0.7967332005500793,0.012280701659619808,0.21195219457149506,1.0,1.0,1.0
fixed_uvd,test_seen,2792,val:2010_002693:part_44,2010_002693,cat,eye,eye,0.05161290243268013,0.09815950691699982,0.0,0.0123505974188447,1.0,1.0,1.0
fixed_uvd,test_seen,2793,val:2010_002693:part_45,2010_002693,cat,torso,torso,0.6502271294593811,0.7880456447601318,0.02190280705690384,0.43107569217681885,1.0,1.0,1.0
fixed_uvd,test_seen,2794,val:2010_002693:part_46,2010_002693,cat,neck,neck,0.4955223798751831,0.6626746654510498,0.0,0.1211155354976654,1.0,1.0,1.0
fixed_uvd,test_seen,2795,val:2010_002693:part_47,2010_002693,cat,leg,leg,0.4365079402923584,0.6077347993850708,0.2861952781677246,0.12390438467264175,1.0,1.0,1.0
fixed_uvd,test_seen,2796,val:2010_002693:part_48,2010_002693,cat,nose,nose,0.0,0.0,0.0,0.004382470156997442,1.0,1.0,1.0
fixed_uvd,test_seen,2797,val:2010_002693:part_49,2010_002693,cat,paw,paw,0.19596542418003082,0.3277108371257782,0.6617646813392639,0.029880478978157043,1.0,1.0,1.0
fixed_uvd,test_seen,2798,val:2010_002693:part_50,2010_002693,cat,ear,ear,0.2732095420360565,0.42916667461395264,0.38769230246543884,0.06175298988819122,1.0,1.0,1.0
fixed_uvd,test_seen,2799,val:2010_002701:part_52,2010_002701,cow,head,head,0.0,0.0,0.0,0.14102564752101898,1.0,1.0,1.0
fixed_uvd,test_seen,2800,val:2010_002701:part_54,2010_002701,cow,torso,torso,0.3735632300376892,0.5439330339431763,0.46721312403678894,0.75,1.0,1.0,1.0
fixed_uvd,test_seen,2801,val:2010_002701:part_55,2010_002701,cow,neck,neck,0.0,0.0,0.0,0.057692307978868484,1.0,1.0,1.0
fixed_uvd,test_seen,2802,val:2010_002701:part_56,2010_002701,cow,leg,leg,0.0416666679084301,0.07999999821186066,0.5522388219833374,0.05128205195069313,1.0,1.0,1.0
fixed_uvd,test_seen,2803,val:2010_002763:part_43,2010_002763,cat,head,head,0.0,0.0,0.0,0.04536082595586777,1.0,1.0,1.0
fixed_uvd,test_seen,2804,val:2010_002763:part_45,2010_002763,cat,torso,torso,0.8313252925872803,0.9078947305679321,0.08721625059843063,0.8608247637748718,1.0,1.0,1.0
fixed_uvd,test_seen,2805,val:2010_002763:part_47,2010_002763,cat,leg,leg,0.04313725605607033,0.0827067643404007,0.6097046136856079,0.05979381501674652,1.0,1.0,1.0
fixed_uvd,test_seen,2806,val:2010_002763:part_49,2010_002763,cat,paw,paw,0.0,0.0,0.945229709148407,0.028865979984402657,1.0,1.0,1.0
fixed_uvd,test_seen,2807,val:2010_002763:part_83,2010_002763,person,head,head,0.0,0.0,0.0,0.00027352297911420465,1.0,1.0,1.0
fixed_uvd,test_seen,2808,val:2010_002763:part_90,2010_002763,person,ear,ear,0.0,0.0,0.0,0.00027352297911420465,1.0,1.0,1.0
fixed_uvd,test_seen,2809,val:2010_002792:part_83,2010_002792,person,head,head,0.18518517911434174,0.3125,0.0,0.043988004326820374,1.0,1.0,1.0
fixed_uvd,test_seen,2810,val:2010_002792:part_85,2010_002792,person,torso,torso,0.30199915170669556,0.46390068531036377,0.06404255330562592,0.12923748791217804,1.0,1.0,1.0
fixed_uvd,test_seen,2811,val:2010_002792:part_87,2010_002792,person,leg,leg,0.4668442904949188,0.636528730392456,0.287227600812912,0.15004998445510864,1.0,1.0,1.0
fixed_uvd,test_seen,2812,val:2010_002792:part_89,2010_002792,person,nose,nose,0.0,0.0,0.0,0.008997546508908272,1.0,1.0,1.0
fixed_uvd,test_seen,2813,val:2010_002792:part_93,2010_002792,person,hair,hair,0.8485978245735168,0.9180989265441895,0.043336592614650726,0.4785967469215393,1.0,1.0,1.0
fixed_uvd,test_seen,2814,val:2010_002792:part_94,2010_002792,person,lower arm,lower arm,0.3013817071914673,0.4631718695163727,0.28947368264198303,0.033354539424180984,1.0,1.0,1.0
fixed_uvd,test_seen,2815,val:2010_002792:part_95,2010_002792,person,upper arm,upper arm,0.3686826825141907,0.5387409329414368,0.12608473002910614,0.12223938852548599,1.0,1.0,1.0
fixed_uvd,test_seen,2816,val:2010_002792:part_96,2010_002792,person,hand,hand,0.4121405780315399,0.5837104320526123,0.44117647409439087,0.015450331382453442,1.0,1.0,1.0
fixed_uvd,test_seen,2817,val:2010_002868:part_23,2010_002868,bus,headlight,headlight,0.23760932683944702,0.3839811682701111,0.0,0.008820286951959133,1.0,1.0,1.0
fixed_uvd,test_seen,2818,val:2010_002868:part_24,2010_002868,bus,front,front,0.6065651178359985,0.7551080584526062,0.11842921376228333,0.41102534532546997,1.0,1.0,1.0
fixed_uvd,test_seen,2819,val:2010_002868:part_28,2010_002868,bus,mirror,mirror,0.0,0.0,0.4652777910232544,0.0018963615875691175,1.0,1.0,1.0
fixed_uvd,test_seen,2820,val:2010_002868:part_31,2010_002868,bus,window,window,0.5220197439193726,0.685956597328186,0.02686028927564621,0.24255788326263428,1.0,1.0,1.0
fixed_uvd,test_seen,2821,val:2010_002900:part_43,2010_002900,cat,head,head,0.609761118888855,0.7575796246528625,0.05726013332605362,0.2068498432636261,1.0,1.0,1.0
fixed_uvd,test_seen,2822,val:2010_002900:part_44,2010_002900,cat,eye,eye,0.356890469789505,0.5260416865348816,0.0,0.005175587721168995,1.0,1.0,1.0
fixed_uvd,test_seen,2823,val:2010_002900:part_45,2010_002900,cat,torso,torso,0.6459580063819885,0.7849021553993225,0.03936624526977539,0.4849768877029419,1.0,1.0,1.0
fixed_uvd,test_seen,2824,val:2010_002900:part_46,2010_002900,cat,neck,neck,0.59746253490448,0.7480144500732422,0.009083402343094349,0.06019660457968712,1.0,1.0,1.0
fixed_uvd,test_seen,2825,val:2010_002900:part_47,2010_002900,cat,leg,leg,0.41918909549713135,0.5907444953918457,0.1043342873454094,0.21247698366641998,1.0,1.0,1.0
fixed_uvd,test_seen,2826,val:2010_002900:part_48,2010_002900,cat,nose,nose,0.021739130839705467,0.042553190141916275,0.0,0.0022578067146241665,1.0,1.0,1.0
fixed_uvd,test_seen,2827,val:2010_002900:part_50,2010_002900,cat,ear,ear,0.4874686598777771,0.6554338932037354,0.23462088406085968,0.01695091836154461,1.0,1.0,1.0
fixed_uvd,test_seen,2828,val:2010_002921:part_115,2010_002921,tvmonitor,screen,screen,0.2858133912086487,0.4445643424987793,0.02489481121301651,0.17524082958698273,1.0,1.0,1.0
fixed_uvd,test_seen,2829,val:2010_002929:part_83,2010_002929,person,head,head,0.04545454680919647,0.08695652335882187,0.022727273404598236,0.0024032683577388525,1.0,1.0,1.0
fixed_uvd,test_seen,2830,val:2010_002929:part_85,2010_002929,person,torso,torso,0.6813110113143921,0.8104521036148071,0.03601694852113724,0.23912520706653595,1.0,1.0,1.0
fixed_uvd,test_seen,2831,val:2010_002929:part_86,2010_002929,person,neck,neck,0.40909090638160706,0.5806451439857483,0.03896103799343109,0.015140591189265251,1.0,1.0,1.0
fixed_uvd,test_seen,2832,val:2010_002929:part_87,2010_002929,person,leg,leg,0.8333333134651184,0.9090909361839294,0.01587301678955555,0.2064407616853714,1.0,1.0,1.0
fixed_uvd,test_seen,2833,val:2010_002929:part_90,2010_002929,person,ear,ear,0.0,0.0,0.0,0.00048042277921922505,1.0,1.0,1.0
fixed_uvd,test_seen,2834,val:2010_002929:part_93,2010_002929,person,hair,hair,0.7182539701461792,0.8360277414321899,0.08658009022474289,0.04854602366685867,1.0,1.0,1.0
fixed_uvd,test_seen,2835,val:2010_002929:part_94,2010_002929,person,lower arm,lower arm,0.2785235047340393,0.4356955289840698,0.3758389353752136,0.019947128370404243,1.0,1.0,1.0
fixed_uvd,test_seen,2836,val:2010_002929:part_95,2010_002929,person,upper arm,upper arm,0.4896030128002167,0.6573604345321655,0.12466124445199966,0.10069695115089417,1.0,1.0,1.0
fixed_uvd,test_seen,2837,val:2010_002929:part_96,2010_002929,person,hand,hand,0.0,0.0,0.0,0.008171112276613712,1.0,1.0,1.0
fixed_uvd,test_seen,2838,val:2010_002939:part_0,2010_002939,aeroplane,body,body,0.2685256898403168,0.42336657643318176,0.07986309379339218,0.24762406945228577,1.0,1.0,1.0
fixed_uvd,test_seen,2839,val:2010_002939:part_1,2010_002939,aeroplane,stern,stern,0.3838461637496948,0.5547526478767395,0.27597954869270325,0.1099964827299118,1.0,1.0,1.0
fixed_uvd,test_seen,2840,val:2010_002939:part_2,2010_002939,aeroplane,wing,wing,0.3314843475818634,0.4979170262813568,0.20574162900447845,0.3940514028072357,1.0,1.0,1.0
fixed_uvd,test_seen,2841,val:2010_002939:part_3,2010_002939,aeroplane,tail,tail,0.0,0.0,0.14359304308891296,0.00017599436978343874,1.0,1.0,1.0
fixed_uvd,test_seen,2842,val:2010_002939:part_4,2010_002939,aeroplane,engine,engine,0.16784289479255676,0.2874408960342407,0.08980263024568558,0.13481168448925018,1.0,1.0,1.0
fixed_uvd,test_seen,2843,val:2010_002939:part_5,2010_002939,aeroplane,wheel,wheel,0.3056994676589966,0.4682539701461792,0.35875216126441956,0.031502991914749146,1.0,1.0,1.0
fixed_uvd,test_seen,2844,val:2010_003014:part_83,2010_003014,person,head,head,0.3843478262424469,0.5552763938903809,0.0,0.028608666732907295,1.0,1.0,1.0
fixed_uvd,test_seen,2845,val:2010_003014:part_84,2010_003014,person,eye,eye,0.0,0.0,0.0,0.00045617466093972325,1.0,1.0,1.0
fixed_uvd,test_seen,2846,val:2010_003014:part_85,2010_003014,person,torso,torso,0.361925333738327,0.531490683555603,0.035174328833818436,0.07644183933734894,1.0,1.0,1.0
fixed_uvd,test_seen,2847,val:2010_003014:part_86,2010_003014,person,neck,neck,0.3314606845378876,0.49789029359817505,0.0,0.010557184927165508,1.0,1.0,1.0
fixed_uvd,test_seen,2848,val:2010_003014:part_87,2010_003014,person,leg,leg,0.040193524211645126,0.07728085666894913,0.2568735182285309,0.016226783394813538,1.0,1.0,1.0
fixed_uvd,test_seen,2849,val:2010_003014:part_89,2010_003014,person,nose,nose,0.0,0.0,0.0,0.002541544381529093,1.0,1.0,1.0
fixed_uvd,test_seen,2850,val:2010_003014:part_90,2010_003014,person,ear,ear,0.0,0.0,0.75,0.0013685239246115088,1.0,1.0,1.0
fixed_uvd,test_seen,2851,val:2010_003014:part_91,2010_003014,person,eyebrow,eyebrow,0.0,0.0,0.0,6.51678055874072e-05,1.0,1.0,1.0
fixed_uvd,test_seen,2852,val:2010_003014:part_92,2010_003014,person,mouth,mouth,0.0,0.0,0.0,0.0027370478492230177,1.0,1.0,1.0
fixed_uvd,test_seen,2853,val:2010_003014:part_93,2010_003014,person,hair,hair,0.3103904724121094,0.47373735904693604,0.1428571492433548,0.03460410609841347,1.0,1.0,1.0
fixed_uvd,test_seen,2854,val:2010_003014:part_94,2010_003014,person,lower arm,lower arm,0.21313868463039398,0.35138386487960815,0.14400584995746613,0.019159335643053055,1.0,1.0,1.0
fixed_uvd,test_seen,2855,val:2010_003014:part_95,2010_003014,person,upper arm,upper arm,0.414972722530365,0.5865452289581299,0.0846269428730011,0.05584881082177162,1.0,1.0,1.0
fixed_uvd,test_seen,2856,val:2010_003014:part_96,2010_003014,person,hand,hand,0.15094339847564697,0.26229506731033325,0.17273953557014465,0.007363962009549141,1.0,1.0,1.0
fixed_uvd,test_seen,2857,val:2010_003127:part_0,2010_003127,aeroplane,body,body,0.1546255499124527,0.26783668994903564,0.551632821559906,0.2589350938796997,1.0,1.0,1.0
fixed_uvd,test_seen,2858,val:2010_003127:part_1,2010_003127,aeroplane,stern,stern,0.1348811537027359,0.2377009242773056,0.5883020758628845,0.21298322081565857,1.0,1.0,1.0
fixed_uvd,test_seen,2859,val:2010_003127:part_2,2010_003127,aeroplane,wing,wing,0.01094177458435297,0.021646695211529732,0.555685818195343,0.020423049107193947,1.0,1.0,1.0
fixed_uvd,test_seen,2860,val:2010_003127:part_4,2010_003127,aeroplane,engine,engine,0.12261806428432465,0.21845018863677979,0.5433333516120911,0.11305616050958633,1.0,1.0,1.0
fixed_uvd,test_seen,2861,val:2010_003127:part_5,2010_003127,aeroplane,wheel,wheel,0.06329113990068436,0.1190476194024086,0.6666666865348816,0.008752735331654549,1.0,1.0,1.0
fixed_uvd,test_seen,2862,val:2010_003132:part_0,2010_003132,aeroplane,body,body,0.29364004731178284,0.4539749026298523,0.2297830432653427,0.18598784506320953,1.0,1.0,1.0
fixed_uvd,test_seen,2863,val:2010_003132:part_1,2010_003132,aeroplane,stern,stern,0.0,0.0,0.0,0.03577571362257004,1.0,1.0,1.0
fixed_uvd,test_seen,2864,val:2010_003132:part_2,2010_003132,aeroplane,wing,wing,0.43321850895881653,0.6045393943786621,0.42053472995758057,0.5640408396720886,1.0,1.0,1.0
fixed_uvd,test_seen,2865,val:2010_003183:part_52,2010_003183,cow,head,head,0.6200345158576965,0.7654584050178528,0.17248061299324036,0.25653496384620667,1.0,1.0,1.0
fixed_uvd,test_seen,2866,val:2010_003183:part_53,2010_003183,cow,eye,eye,0.0,0.0,0.0,0.012158054858446121,1.0,1.0,1.0
fixed_uvd,test_seen,2867,val:2010_003183:part_54,2010_003183,cow,torso,torso,0.13538461923599243,0.23848238587379456,0.23943662643432617,0.3623100221157074,1.0,1.0,1.0
fixed_uvd,test_seen,2868,val:2010_003183:part_57,2010_003183,cow,ear,ear,0.6488372087478638,0.7870239615440369,0.15466666221618652,0.2030395120382309,1.0,1.0,1.0
fixed_uvd,test_seen,2869,val:2010_003183:part_58,2010_003183,cow,muzzle,muzzle,0.23708920180797577,0.383301705121994,0.32203391194343567,0.06930091232061386,1.0,1.0,1.0
fixed_uvd,test_seen,2870,val:2010_003183:part_59,2010_003183,cow,horn,horn,0.0160857904702425,0.03166227042675018,0.1282798796892166,0.021884499117732048,1.0,1.0,1.0
fixed_uvd,test_seen,2871,val:2010_003239:part_52,2010_003239,cow,head,head,0.034700315445661545,0.06707317382097244,0.0,0.03475513309240341,1.0,1.0,1.0
fixed_uvd,test_seen,2872,val:2010_003239:part_53,2010_003239,cow,eye,eye,0.0,0.0,0.0,0.0013540961081162095,1.0,1.0,1.0
fixed_uvd,test_seen,2873,val:2010_003239:part_54,2010_003239,cow,torso,torso,0.3637753129005432,0.5334827899932861,0.07591093331575394,0.24802528321743011,1.0,1.0,1.0
fixed_uvd,test_seen,2874,val:2010_003239:part_56,2010_003239,cow,leg,leg,0.21425677835941315,0.3529019355773926,0.3891252875328064,0.0996389091014862,1.0,1.0,1.0
fixed_uvd,test_seen,2875,val:2010_003239:part_57,2010_003239,cow,ear,ear,0.26279863715171814,0.4162162244319916,0.35537189245224,0.028097495436668396,1.0,1.0,1.0
fixed_uvd,test_seen,2876,val:2010_003239:part_58,2010_003239,cow,muzzle,muzzle,0.29870128631591797,0.46000000834465027,0.29378530383110046,0.03644775599241257,1.0,1.0,1.0
fixed_uvd,test_seen,2877,val:2010_003239:part_83,2010_003239,person,head,head,0.0,0.0,0.12339331954717636,0.0004943153471685946,1.0,1.0,1.0
fixed_uvd,test_seen,2878,val:2010_003239:part_85,2010_003239,person,torso,torso,0.0,0.0,0.06596305966377258,0.0019772613886743784,1.0,1.0,1.0
fixed_uvd,test_seen,2879,val:2010_003239:part_90,2010_003239,person,ear,ear,0.0,0.0,0.3412322402000427,0.0004943153471685946,1.0,1.0,1.0
fixed_uvd,test_seen,2880,val:2010_003275:part_43,2010_003275,cat,head,head,0.6903669834136963,0.8168249726295471,0.10747663676738739,0.1299593448638916,1.0,1.0,1.0
fixed_uvd,test_seen,2881,val:2010_003275:part_45,2010_003275,cat,torso,torso,0.7407552599906921,0.8510733842849731,0.07917002588510513,0.5513809323310852,1.0,1.0,1.0
fixed_uvd,test_seen,2882,val:2010_003275:part_47,2010_003275,cat,leg,leg,0.6911314725875854,0.8173598647117615,0.1682659387588501,0.28865835070610046,1.0,1.0,1.0
fixed_uvd,test_seen,2883,val:2010_003275:part_50,2010_003275,cat,ear,ear,0.2379862666130066,0.38447320461273193,0.391780823469162,0.024674050509929657,1.0,1.0,1.0
fixed_uvd,test_seen,2884,val:2010_003293:part_6,2010_003293,bicycle,wheel,wheel,0.0,0.0,1.0,0.2957746386528015,1.0,1.0,1.0
fixed_uvd,test_seen,2885,val:2010_003293:part_9,2010_003293,bicycle,chainwheel,chainwheel,0.0,0.0,0.0,0.014084506779909134,1.0,1.0,1.0
fixed_uvd,test_seen,2886,val:2010_003302:part_97,2010_003302,pottedplant,pot,pot,0.4503311216831207,0.621004581451416,0.2441471517086029,0.12511251866817474,1.0,1.0,1.0
fixed_uvd,test_seen,2887,val:2010_003302:part_98,2010_003302,pottedplant,plant,plant,0.6324414610862732,0.7748412489891052,0.3232628405094147,0.8559855818748474,1.0,1.0,1.0
fixed_uvd,test_seen,2888,val:2010_003325:part_83,2010_003325,person,head,head,0.6520445942878723,0.7893789410591125,0.0023255813866853714,0.1054060161113739,1.0,1.0,1.0
fixed_uvd,test_seen,2889,val:2010_003325:part_84,2010_003325,person,eye,eye,0.10328638553619385,0.1872340440750122,0.0,0.004863153211772442,1.0,1.0,1.0
fixed_uvd,test_seen,2890,val:2010_003325:part_85,2010_003325,person,torso,torso,0.7463470101356506,0.854752242565155,0.03380412235856056,0.3766116201877594,1.0,1.0,1.0
fixed_uvd,test_seen,2891,val:2010_003325:part_89,2010_003325,person,nose,nose,0.5847457647323608,0.7379679083824158,0.0,0.010065595619380474,1.0,1.0,1.0
fixed_uvd,test_seen,2892,val:2010_003325:part_90,2010_003325,person,ear,ear,0.1135135143995285,0.20388349890708923,0.08387096971273422,0.005767925642430782,1.0,1.0,1.0
fixed_uvd,test_seen,2893,val:2010_003325:part_92,2010_003325,person,mouth,mouth,0.1679999977350235,0.2876712381839752,0.0,0.003958380315452814,1.0,1.0,1.0
fixed_uvd,test_seen,2894,val:2010_003325:part_93,2010_003325,person,hair,hair,0.8232826590538025,0.9030773639678955,0.03557085618376732,0.19610947370529175,1.0,1.0,1.0
fixed_uvd,test_seen,2895,val:2010_003325:part_94,2010_003325,person,lower arm,lower arm,0.531724750995636,0.6942823529243469,0.03802672028541565,0.08380457013845444,1.0,1.0,1.0
fixed_uvd,test_seen,2896,val:2010_003325:part_95,2010_003325,person,upper arm,upper arm,0.5746187567710876,0.729851245880127,0.030102789402008057,0.1729246824979782,1.0,1.0,1.0
fixed_uvd,test_seen,2897,val:2010_003325:part_96,2010_003325,person,hand,hand,0.6691176295280457,0.8017621040344238,0.0,0.03472065180540085,1.0,1.0,1.0
fixed_uvd,test_seen,2898,val:2010_003365:part_0,2010_003365,aeroplane,body,body,0.6877264380455017,0.8149738311767578,0.03681125491857529,0.4222516417503357,1.0,1.0,1.0
fixed_uvd,test_seen,2899,val:2010_003365:part_1,2010_003365,aeroplane,stern,stern,0.4378179907798767,0.6090033650398254,0.38285377621650696,0.2226490080356598,1.0,1.0,1.0
fixed_uvd,test_seen,2900,val:2010_003365:part_2,2010_003365,aeroplane,wing,wing,0.21835748851299286,0.3584456741809845,0.23433242738246918,0.11218543350696564,1.0,1.0,1.0
fixed_uvd,test_seen,2901,val:2010_003365:part_4,2010_003365,aeroplane,engine,engine,0.5784357190132141,0.7329227328300476,0.1111111119389534,0.20728476345539093,1.0,1.0,1.0
fixed_uvd,test_seen,2902,val:2010_003365:part_5,2010_003365,aeroplane,wheel,wheel,0.018518518656492233,0.036363635212183,0.44117647409439087,0.0018543046899139881,1.0,1.0,1.0
fixed_uvd,test_seen,2903,val:2010_003381:part_83,2010_003381,person,head,head,0.12518629431724548,0.22251655161380768,0.1944894641637802,0.029651911929249763,1.0,1.0,1.0
fixed_uvd,test_seen,2904,val:2010_003381:part_84,2010_003381,person,eye,eye,0.0,0.0,0.0,0.0004297378472983837,1.0,1.0,1.0
fixed_uvd,test_seen,2905,val:2010_003381:part_85,2010_003381,person,torso,torso,0.01607717014849186,0.03164556995034218,0.1627712845802307,0.01418134942650795,1.0,1.0,1.0
fixed_uvd,test_seen,2906,val:2010_003381:part_86,2010_003381,person,neck,neck,0.008258257992565632,0.016381235793232918,0.36197295784950256,0.01847872883081436,1.0,1.0,1.0
fixed_uvd,test_seen,2907,val:2010_003381:part_89,2010_003381,person,nose,nose,0.0,0.0,0.0,0.002793296007439494,1.0,1.0,1.0
fixed_uvd,test_seen,2908,val:2010_003381:part_90,2010_003381,person,ear,ear,0.0,0.0,0.0,0.0036527717020362616,1.0,1.0,1.0
fixed_uvd,test_seen,2909,val:2010_003381:part_91,2010_003381,person,eyebrow,eyebrow,0.0,0.0,0.0,0.0017189513891935349,1.0,1.0,1.0
fixed_uvd,test_seen,2910,val:2010_003381:part_92,2010_003381,person,mouth,mouth,0.0,0.0,0.0,0.0019338203128427267,1.0,1.0,1.0
fixed_uvd,test_seen,2911,val:2010_003381:part_93,2010_003381,person,hair,hair,0.07500000298023224,0.13953489065170288,0.5846994519233704,0.06918779760599136,1.0,1.0,1.0
fixed_uvd,test_seen,2912,val:2010_003381:part_94,2010_003381,person,lower arm,lower arm,0.0,0.0,0.3739725947380066,0.011173184029757977,1.0,1.0,1.0
fixed_uvd,test_seen,2913,val:2010_003381:part_95,2010_003381,person,upper arm,upper arm,0.011363636702299118,0.02247191034257412,0.6527414917945862,0.051568541675806046,1.0,1.0,1.0
fixed_uvd,test_seen,2914,val:2010_003402:part_43,2010_003402,cat,head,head,0.5650086998939514,0.7220518589019775,0.08460845798254013,0.08873431384563446,1.0,1.0,1.0
fixed_uvd,test_seen,2915,val:2010_003402:part_44,2010_003402,cat,eye,eye,0.22142857313156128,0.3625730872154236,0.0,0.004875511862337589,1.0,1.0,1.0
fixed_uvd,test_seen,2916,val:2010_003402:part_45,2010_003402,cat,torso,torso,0.7624481320381165,0.8652148246765137,0.03874409571290016,0.5820711255073547,1.0,1.0,1.0
fixed_uvd,test_seen,2917,val:2010_003402:part_46,2010_003402,cat,neck,neck,0.7055306434631348,0.8273444175720215,0.011310084722936153,0.07937333732843399,1.0,1.0,1.0
fixed_uvd,test_seen,2918,val:2010_003402:part_47,2010_003402,cat,leg,leg,0.5092628598213196,0.6748497486114502,0.27174994349479675,0.1818891018629074,1.0,1.0,1.0
fixed_uvd,test_seen,2919,val:2010_003402:part_48,2010_003402,cat,nose,nose,0.08620689809322357,0.1587301641702652,0.2857142984867096,0.001820191158913076,1.0,1.0,1.0
fixed_uvd,test_seen,2920,val:2010_003402:part_49,2010_003402,cat,paw,paw,0.3013136386871338,0.46309149265289307,0.4533333480358124,0.029903139919042587,1.0,1.0,1.0
fixed_uvd,test_seen,2921,val:2010_003402:part_50,2010_003402,cat,ear,ear,0.384269654750824,0.5551947951316833,0.28457143902778625,0.023207437247037888,1.0,1.0,1.0
fixed_uvd,test_seen,2922,val:2010_003409:part_83,2010_003409,person,head,head,0.012345679104328156,0.024390242993831635,0.04938271641731262,0.0005630630766972899,1.0,1.0,1.0
fixed_uvd,test_seen,2923,val:2010_003409:part_85,2010_003409,person,torso,torso,0.3717201054096222,0.5419766306877136,0.17538461089134216,0.16385135054588318,1.0,1.0,1.0
fixed_uvd,test_seen,2924,val:2010_003409:part_87,2010_003409,person,leg,leg,0.3304535746574402,0.4967532455921173,0.4696570038795471,0.2668918967247009,1.0,1.0,1.0
fixed_uvd,test_seen,2925,val:2010_003409:part_88,2010_003409,person,foot,foot,0.11594203114509583,0.20779220759868622,0.8409090638160706,0.012387387454509735,1.0,1.0,1.0
fixed_uvd,test_seen,2926,val:2010_003409:part_93,2010_003409,person,hair,hair,0.230483278632164,0.3746223449707031,0.26431718468666077,0.05855855718255043,1.0,1.0,1.0
fixed_uvd,test_seen,2927,val:2010_003409:part_94,2010_003409,person,lower arm,lower arm,0.0,0.0,0.10379746556282043,0.0033783784601837397,1.0,1.0,1.0
fixed_uvd,test_seen,2928,val:2010_003409:part_95,2010_003409,person,upper arm,upper arm,0.008561643771827221,0.016977928578853607,0.3283858895301819,0.028153153136372566,1.0,1.0,1.0
fixed_uvd,test_seen,2929,val:2010_003409:part_96,2010_003409,person,hand,hand,0.0,0.0,0.0,0.0061936937272548676,1.0,1.0,1.0
fixed_uvd,test_seen,2930,val:2010_003446:part_83,2010_003446,person,head,head,0.0,0.0,0.8292682766914368,0.029112081974744797,1.0,1.0,1.0
fixed_uvd,test_seen,2931,val:2010_003446:part_85,2010_003446,person,torso,torso,0.3343465030193329,0.5011389255523682,0.1697530895471573,0.1673944741487503,1.0,1.0,1.0
fixed_uvd,test_seen,2932,val:2010_003446:part_87,2010_003446,person,leg,leg,0.36605891585350037,0.5359342694282532,0.5099431872367859,0.3930130898952484,1.0,1.0,1.0
fixed_uvd,test_seen,2933,val:2010_003446:part_88,2010_003446,person,foot,foot,0.11214952915906906,0.20168067514896393,0.8235294222831726,0.07423580437898636,1.0,1.0,1.0
fixed_uvd,test_seen,2934,val:2010_003446:part_90,2010_003446,person,ear,ear,0.0,0.0,0.0,0.0029112081974744797,1.0,1.0,1.0
fixed_uvd,test_seen,2935,val:2010_003446:part_93,2010_003446,person,hair,hair,0.20270270109176636,0.33707866072654724,0.7518247961997986,0.05967976525425911,1.0,1.0,1.0
fixed_uvd,test_seen,2936,val:2010_003446:part_94,2010_003446,person,lower arm,lower arm,0.07768924534320831,0.14417745172977448,0.43113771080970764,0.058224163949489594,1.0,1.0,1.0
fixed_uvd,test_seen,2937,val:2010_003446:part_95,2010_003446,person,upper arm,upper arm,0.32499998807907104,0.49056604504585266,0.22406639158725739,0.18922853469848633,1.0,1.0,1.0
fixed_uvd,test_seen,2938,val:2010_003446:part_96,2010_003446,person,hand,hand,0.07482992857694626,0.13924050331115723,0.8951048851013184,0.021834060549736023,1.0,1.0,1.0
fixed_uvd,test_seen,2939,val:2010_003468:part_20,2010_003468,bottle,body,body,0.802099347114563,0.8901832699775696,0.16797752678394318,0.9599733352661133,1.0,1.0,1.0
fixed_uvd,test_seen,2940,val:2010_003468:part_21,2010_003468,bottle,cap,cap,0.5427631735801697,0.7036247253417969,0.01293103490024805,0.03952635079622269,1.0,1.0,1.0
fixed_uvd,test_seen,2941,val:2010_003495:part_0,2010_003495,aeroplane,body,body,0.5544182658195496,0.7133450508117676,0.21253874897956848,0.37171125411987305,1.0,1.0,1.0
fixed_uvd,test_seen,2942,val:2010_003495:part_1,2010_003495,aeroplane,stern,stern,0.685831606388092,0.8136419057846069,0.26187846064567566,0.16572970151901245,1.0,1.0,1.0
fixed_uvd,test_seen,2943,val:2010_003495:part_2,2010_003495,aeroplane,wing,wing,0.5030674934387207,0.6693877577781677,0.28530973196029663,0.3564200699329376,1.0,1.0,1.0
fixed_uvd,test_seen,2944,val:2010_003495:part_4,2010_003495,aeroplane,engine,engine,0.3472222089767456,0.5154638886451721,0.14717349410057068,0.09646952897310257,1.0,1.0,1.0
fixed_uvd,test_seen,2945,val:2010_003514:part_108,2010_003514,train,headlight,headlight,0.0,0.0,0.0,0.0016566264675930142,1.0,1.0,1.0
fixed_uvd,test_seen,2946,val:2010_003514:part_109,2010_003514,train,head,head,0.01698513887822628,0.03340292349457741,0.15714286267757416,0.008885541930794716,1.0,1.0,1.0
fixed_uvd,test_seen,2947,val:2010_003514:part_110,2010_003514,train,front,front,0.7737789154052734,0.8724637627601624,0.07903225719928741,0.3644578456878662,1.0,1.0,1.0
fixed_uvd,test_seen,2948,val:2010_003514:part_111,2010_003514,train,side,side,0.6342809796333313,0.7762202620506287,0.04891461506485939,0.3713855445384979,1.0,1.0,1.0
fixed_uvd,test_seen,2949,val:2010_003514:part_113,2010_003514,train,roof,roof,0.21768707036972046,0.35754188895225525,0.013057325035333633,0.20105421543121338,1.0,1.0,1.0
fixed_uvd,test_seen,2950,val:2010_003514:part_114,2010_003514,train,coach,coach,0.018465088680386543,0.03626062348484993,0.07495641708374023,0.013253011740744114,1.0,1.0,1.0
fixed_uvd,test_seen,2951,val:2010_003532:part_70,2010_003532,horse,tail,tail,0.3801526725292206,0.5508849620819092,0.3545016050338745,0.043660011142492294,1.0,1.0,1.0
fixed_uvd,test_seen,2952,val:2010_003532:part_71,2010_003532,horse,head,head,0.6614810228347778,0.7962546944618225,0.02994791604578495,0.08778448402881622,1.0,1.0,1.0
fixed_uvd,test_seen,2953,val:2010_003532:part_72,2010_003532,horse,eye,eye,0.08196721225976944,0.1515151560306549,0.0,0.0006967022782191634,1.0,1.0,1.0
fixed_uvd,test_seen,2954,val:2010_003532:part_73,2010_003532,horse,torso,torso,0.4719269275665283,0.6412369012832642,0.031186966225504875,0.26211488246917725,1.0,1.0,1.0
fixed_uvd,test_seen,2955,val:2010_003532:part_74,2010_003532,horse,neck,neck,0.5373774766921997,0.6990833282470703,0.05457967519760132,0.07083139568567276,1.0,1.0,1.0
fixed_uvd,test_seen,2956,val:2010_003532:part_75,2010_003532,horse,leg,leg,0.3298502266407013,0.4960712492465973,0.2757062017917633,0.09002941846847534,1.0,1.0,1.0
fixed_uvd,test_seen,2957,val:2010_003532:part_76,2010_003532,horse,ear,ear,0.38461539149284363,0.5555555820465088,0.15677966177463531,0.01935284025967121,1.0,1.0,1.0
fixed_uvd,test_seen,2958,val:2010_003532:part_77,2010_003532,horse,muzzle,muzzle,0.646532416343689,0.7853260636329651,0.2995356023311615,0.0709088072180748,1.0,1.0,1.0
fixed_uvd,test_seen,2959,val:2010_003532:part_78,2010_003532,horse,hoof,hoof,0.09046849608421326,0.16592592000961304,0.4314115345478058,0.013314754702150822,1.0,1.0,1.0
fixed_uvd,test_seen,2960,val:2010_003597:part_20,2010_003597,bottle,body,body,0.0,0.0,1.0,0.9834710955619812,1.0,1.0,1.0
fixed_uvd,test_seen,2961,val:2010_003597:part_21,2010_003597,bottle,cap,cap,0.0,0.0,0.0,0.01652892492711544,1.0,1.0,1.0
fixed_uvd,test_seen,2962,val:2010_003675:part_43,2010_003675,cat,head,head,0.528039813041687,0.6911335587501526,0.07093185186386108,0.29948365688323975,1.0,1.0,1.0
fixed_uvd,test_seen,2963,val:2010_003675:part_45,2010_003675,cat,torso,torso,0.7305412888526917,0.8442922234535217,0.06554777175188065,0.30942201614379883,1.0,1.0,1.0
fixed_uvd,test_seen,2964,val:2010_003675:part_47,2010_003675,cat,leg,leg,0.006056527607142925,0.012040133588016033,0.00021168500825297087,0.06973516196012497,1.0,1.0,1.0
fixed_uvd,test_seen,2965,val:2010_003675:part_49,2010_003675,cat,paw,paw,0.7953813076019287,0.8860304951667786,0.0,0.20537449419498444,1.0,1.0,1.0
fixed_uvd,test_seen,2966,val:2010_003675:part_50,2010_003675,cat,ear,ear,0.4646044075489044,0.6344435214996338,0.2667275071144104,0.090833380818367,1.0,1.0,1.0
fixed_uvd,test_seen,2967,val:2010_003708:part_109,2010_003708,train,head,head,0.0,0.0,0.0,0.02153846062719822,1.0,1.0,1.0
fixed_uvd,test_seen,2968,val:2010_003708:part_110,2010_003708,train,front,front,0.17818181216716766,0.3024691343307495,0.5366795659065247,0.20000000298023224,1.0,1.0,1.0
fixed_uvd,test_seen,2969,val:2010_003708:part_111,2010_003708,train,side,side,0.0,0.0,1.0,0.04307692125439644,1.0,1.0,1.0
fixed_uvd,test_seen,2970,val:2010_003708:part_114,2010_003708,train,coach,coach,0.009345794096589088,0.018518518656492233,0.40566039085388184,0.006116208154708147,1.0,1.0,1.0
fixed_uvd,test_seen,2971,val:2010_003716:part_0,2010_003716,aeroplane,body,body,0.6497933864593506,0.7877269983291626,0.07452339679002762,0.38303858041763306,1.0,1.0,1.0
fixed_uvd,test_seen,2972,val:2010_003716:part_1,2010_003716,aeroplane,stern,stern,0.2512562870979309,0.4016064405441284,0.29347825050354004,0.09686495363712311,1.0,1.0,1.0
fixed_uvd,test_seen,2973,val:2010_003716:part_2,2010_003716,aeroplane,wing,wing,0.34291142225265503,0.5106984972953796,0.27404674887657166,0.3195337653160095,1.0,1.0,1.0
fixed_uvd,test_seen,2974,val:2010_003716:part_4,2010_003716,aeroplane,engine,engine,0.19818653166294098,0.3308108150959015,0.21943005919456482,0.15373794734477997,1.0,1.0,1.0
fixed_uvd,test_seen,2975,val:2010_003746:part_83,2010_003746,person,head,head,0.0,0.0,0.0,0.0004273504309821874,1.0,1.0,1.0
fixed_uvd,test_seen,2976,val:2010_003746:part_90,2010_003746,person,ear,ear,0.018292682245373726,0.0359281450510025,0.9766187071800232,0.023931624367833138,1.0,1.0,1.0
fixed_uvd,test_seen,2977,val:2010_003758:part_42,2010_003758,cat,tail,tail,0.41303083300590515,0.5846027135848999,0.30141010880470276,0.1264127939939499,1.0,1.0,1.0
fixed_uvd,test_seen,2978,val:2010_003758:part_43,2010_003758,cat,head,head,0.49867022037506104,0.6654835939407349,0.05522288754582405,0.13058598339557648,1.0,1.0,1.0
fixed_uvd,test_seen,2979,val:2010_003758:part_44,2010_003758,cat,eye,eye,0.1111111119389534,0.20000000298023224,0.0,0.006259780842810869,1.0,1.0,1.0
fixed_uvd,test_seen,2980,val:2010_003758:part_45,2010_003758,cat,torso,torso,0.6706860661506653,0.8028870224952698,0.08556384593248367,0.6047644019126892,1.0,1.0,1.0
fixed_uvd,test_seen,2981,val:2010_003758:part_47,2010_003758,cat,leg,leg,0.11611374467611313,0.20806793868541718,0.09294606000185013,0.07233524322509766,1.0,1.0,1.0
fixed_uvd,test_seen,2982,val:2010_003758:part_48,2010_003758,cat,nose,nose,0.0066225165501236916,0.01315789483487606,0.0,0.0013910623965784907,1.0,1.0,1.0
fixed_uvd,test_seen,2983,val:2010_003758:part_49,2010_003758,cat,paw,paw,0.0,0.0,0.33000001311302185,0.004694835748523474,1.0,1.0,1.0
fixed_uvd,test_seen,2984,val:2010_003758:part_50,2010_003758,cat,ear,ear,0.3844936788082123,0.5554285645484924,0.01011804398149252,0.04903494939208031,1.0,1.0,1.0
fixed_uvd,test_seen,2985,val:2010_003764:part_43,2010_003764,cat,head,head,0.721785843372345,0.8384153842926025,0.0,0.2037692666053772,1.0,1.0,1.0
fixed_uvd,test_seen,2986,val:2010_003764:part_44,2010_003764,cat,eye,eye,0.07960198819637299,0.14746543765068054,0.0,0.0078092459589242935,1.0,1.0,1.0
fixed_uvd,test_seen,2987,val:2010_003764:part_45,2010_003764,cat,torso,torso,0.722760796546936,0.8390727639198303,0.13838820159435272,0.5407121777534485,1.0,1.0,1.0
fixed_uvd,test_seen,2988,val:2010_003764:part_46,2010_003764,cat,neck,neck,0.18387553095817566,0.31063321232795715,0.0,0.06184922903776169,1.0,1.0,1.0
fixed_uvd,test_seen,2989,val:2010_003764:part_47,2010_003764,cat,leg,leg,0.4427407681941986,0.6137495636940002,0.1423039734363556,0.09839650243520737,1.0,1.0,1.0
fixed_uvd,test_seen,2990,val:2010_003764:part_48,2010_003764,cat,nose,nose,0.0,0.0,0.0,0.0027072052471339703,1.0,1.0,1.0
fixed_uvd,test_seen,2991,val:2010_003764:part_49,2010_003764,cat,paw,paw,0.3499999940395355,0.5185185074806213,0.5146443247795105,0.04341940954327583,1.0,1.0,1.0
fixed_uvd,test_seen,2992,val:2010_003764:part_50,2010_003764,cat,ear,ear,0.3949044644832611,0.5662100315093994,0.1080729141831398,0.03404831141233444,1.0,1.0,1.0
fixed_uvd,test_seen,2993,val:2010_003772:part_22,2010_003772,bus,wheel,wheel,0.31690141558647156,0.48128342628479004,0.10941475629806519,0.027888447046279907,1.0,1.0,1.0
fixed_uvd,test_seen,2994,val:2010_003772:part_23,2010_003772,bus,headlight,headlight,0.05882352963089943,0.1111111119389534,0.0,0.008300133049488068,1.0,1.0,1.0
fixed_uvd,test_seen,2995,val:2010_003772:part_24,2010_003772,bus,front,front,0.5692307949066162,0.7254902124404907,0.20294784009456635,0.24900399148464203,1.0,1.0,1.0
fixed_uvd,test_seen,2996,val:2010_003772:part_25,2010_003772,bus,side,side,0.622692883014679,0.7674809098243713,0.06658408045768738,0.35424965620040894,1.0,1.0,1.0
fixed_uvd,test_seen,2997,val:2010_003772:part_28,2010_003772,bus,mirror,mirror,0.09859155118465424,0.1794871836900711,0.42553192377090454,0.0024900399148464203,1.0,1.0,1.0
fixed_uvd,test_seen,2998,val:2010_003772:part_31,2010_003772,bus,window,window,0.6640278697013855,0.7980970740318298,0.0317307710647583,0.3544156849384308,1.0,1.0,1.0
fixed_uvd,test_seen,2999,val:2010_003781:part_20,2010_003781,bottle,body,body,0.5435222387313843,0.7042623162269592,0.3693379759788513,0.9183955788612366,1.0,1.0,1.0
fixed_uvd,test_seen,3000,val:2010_003781:part_21,2010_003781,bottle,cap,cap,0.0,0.0,0.0,0.052558783441782,1.0,1.0,1.0
fixed_uvd,test_seen,3001,val:2010_003912:part_20,2010_003912,bottle,body,body,0.29230770468711853,0.4523809552192688,0.5365853905677795,0.8322580456733704,1.0,1.0,1.0
fixed_uvd,test_seen,3002,val:2010_003912:part_21,2010_003912,bottle,cap,cap,0.0,0.0,1.0,0.07096774131059647,1.0,1.0,1.0
fixed_uvd,test_seen,3003,val:2010_003915:part_0,2010_003915,aeroplane,body,body,0.2081748992204666,0.3446105420589447,0.22421523928642273,0.26030218601226807,1.0,1.0,1.0
fixed_uvd,test_seen,3004,val:2010_003915:part_1,2010_003915,aeroplane,stern,stern,0.2463976889848709,0.39537572860717773,0.48939642310142517,0.17307692766189575,1.0,1.0,1.0
fixed_uvd,test_seen,3005,val:2010_003915:part_2,2010_003915,aeroplane,wing,wing,0.3502444922924042,0.5187867879867554,0.3604874908924103,0.4464285671710968,1.0,1.0,1.0
fixed_uvd,test_seen,3006,val:2010_003915:part_4,2010_003915,aeroplane,engine,engine,0.14226289093494415,0.2490895837545395,0.3880099952220917,0.11813186854124069,1.0,1.0,1.0
fixed_uvd,test_seen,3007,val:2010_003956:part_108,2010_003956,train,headlight,headlight,0.0,0.0,0.0,0.003950617276132107,1.0,1.0,1.0
fixed_uvd,test_seen,3008,val:2010_003956:part_109,2010_003956,train,head,head,0.019933555275201797,0.03908794745802879,0.2276119440793991,0.00962962955236435,1.0,1.0,1.0
fixed_uvd,test_seen,3009,val:2010_003956:part_110,2010_003956,train,front,front,0.7409279942512512,0.8511874079704285,0.16676664352416992,0.621975302696228,1.0,1.0,1.0
fixed_uvd,test_seen,3010,val:2010_003956:part_111,2010_003956,train,side,side,0.8132603168487549,0.8970144391059875,0.08143322169780731,0.3570370376110077,1.0,1.0,1.0
fixed_uvd,test_seen,3011,val:2010_003956:part_114,2010_003956,train,coach,coach,0.004376367665827274,0.00871459674090147,0.07366885244846344,0.00148148147854954,1.0,1.0,1.0
fixed_uvd,test_seen,3012,val:2010_003971:part_42,2010_003971,cat,tail,tail,0.4731934666633606,0.642405092716217,0.42990654706954956,0.0665145069360733,1.0,1.0,1.0
fixed_uvd,test_seen,3013,val:2010_003971:part_43,2010_003971,cat,head,head,0.6414835453033447,0.7815899848937988,0.03687943145632744,0.15976524353027344,1.0,1.0,1.0
fixed_uvd,test_seen,3014,val:2010_003971:part_44,2010_003971,cat,eye,eye,0.0,0.0,0.0,0.012389957904815674,1.0,1.0,1.0
fixed_uvd,test_seen,3015,val:2010_003971:part_45,2010_003971,cat,torso,torso,0.5310226678848267,0.6936836242675781,0.10498915612697601,0.4150635898113251,1.0,1.0,1.0
fixed_uvd,test_seen,3016,val:2010_003971:part_46,2010_003971,cat,neck,neck,0.34703946113586426,0.5152625441551208,0.0,0.12031301110982895,1.0,1.0,1.0
fixed_uvd,test_seen,3017,val:2010_003971:part_47,2010_003971,cat,leg,leg,0.1410018503665924,0.24715447425842285,0.1635802537202835,0.09488099068403244,1.0,1.0,1.0
fixed_uvd,test_seen,3018,val:2010_003971:part_48,2010_003971,cat,nose,nose,0.10958904027938843,0.1975308656692505,0.0,0.0048907725140452385,1.0,1.0,1.0
fixed_uvd,test_seen,3019,val:2010_003971:part_49,2010_003971,cat,paw,paw,0.19548872113227844,0.3270440399646759,0.45038166642189026,0.01825888454914093,1.0,1.0,1.0
fixed_uvd,test_seen,3020,val:2010_003971:part_50,2010_003971,cat,ear,ear,0.3396226465702057,0.5070422291755676,0.3913043439388275,0.04825562611222267,1.0,1.0,1.0
fixed_uvd,test_seen,3021,val:2010_004056:part_20,2010_004056,bottle,body,body,0.6946157217025757,0.8197914361953735,0.2420864850282669,0.8838739991188049,1.0,1.0,1.0
fixed_uvd,test_seen,3022,val:2010_004056:part_21,2010_004056,bottle,cap,cap,0.0,0.0,0.3786407709121704,0.01457451842725277,1.0,1.0,1.0
fixed_uvd,test_seen,3023,val:2010_004063:part_0,2010_004063,aeroplane,body,body,0.34497207403182983,0.5129802823066711,0.39469578862190247,0.30902111530303955,1.0,1.0,1.0
fixed_uvd,test_seen,3024,val:2010_004063:part_1,2010_004063,aeroplane,stern,stern,0.07234726846218109,0.1349325329065323,0.4229075014591217,0.20441459119319916,1.0,1.0,1.0
fixed_uvd,test_seen,3025,val:2010_004063:part_2,2010_004063,aeroplane,wing,wing,0.14933577179908752,0.25986447930336,0.7605435848236084,0.3598848283290863,1.0,1.0,1.0
fixed_uvd,test_seen,3026,val:2010_004063:part_5,2010_004063,aeroplane,wheel,wheel,0.0,0.0,0.125,0.014395393431186676,1.0,1.0,1.0
fixed_uvd,test_seen,3027,val:2010_004104:part_43,2010_004104,cat,head,head,0.6058542132377625,0.7545568943023682,0.017388086766004562,0.28790903091430664,1.0,1.0,1.0
fixed_uvd,test_seen,3028,val:2010_004104:part_44,2010_004104,cat,eye,eye,0.3333333432674408,0.5,0.0,0.007464629597961903,1.0,1.0,1.0
fixed_uvd,test_seen,3029,val:2010_004104:part_45,2010_004104,cat,torso,torso,0.6057974100112915,0.7545129060745239,0.08651341497898102,0.46923011541366577,1.0,1.0,1.0
fixed_uvd,test_seen,3030,val:2010_004104:part_46,2010_004104,cat,neck,neck,0.27906978130340576,0.4363636374473572,0.02066725678741932,0.13089141249656677,1.0,1.0,1.0
fixed_uvd,test_seen,3031,val:2010_004104:part_48,2010_004104,cat,nose,nose,0.3658536672592163,0.5357142686843872,0.0,0.00425310293212533,1.0,1.0,1.0
fixed_uvd,test_seen,3032,val:2010_004104:part_50,2010_004104,cat,ear,ear,0.49034038186073303,0.6580246686935425,0.1158854141831398,0.07395191490650177,1.0,1.0,1.0
fixed_uvd,test_seen,3033,val:2010_004120:part_42,2010_004120,cat,tail,tail,0.431647926568985,0.603008508682251,0.31681033968925476,0.0677870512008667,1.0,1.0,1.0
fixed_uvd,test_seen,3034,val:2010_004120:part_43,2010_004120,cat,head,head,0.638318657875061,0.7792362570762634,0.003588516730815172,0.09474396705627441,1.0,1.0,1.0
fixed_uvd,test_seen,3035,val:2010_004120:part_44,2010_004120,cat,eye,eye,0.019354838877916336,0.037974681705236435,0.0,0.001240694778971374,1.0,1.0,1.0
fixed_uvd,test_seen,3036,val:2010_004120:part_45,2010_004120,cat,torso,torso,0.6630286574363708,0.7973749041557312,0.03866305202245712,0.4756372570991516,1.0,1.0,1.0
fixed_uvd,test_seen,3037,val:2010_004120:part_46,2010_004120,cat,neck,neck,0.38539043068885803,0.5563636422157288,0.0,0.031017370522022247,1.0,1.0,1.0
fixed_uvd,test_seen,3038,val:2010_004120:part_47,2010_004120,cat,leg,leg,0.3437560796737671,0.5116346478462219,0.13131935894489288,0.23155876994132996,1.0,1.0,1.0
fixed_uvd,test_seen,3039,val:2010_004120:part_48,2010_004120,cat,nose,nose,0.0,0.0,0.6136363744735718,0.001240694778971374,1.0,1.0,1.0
fixed_uvd,test_seen,3040,val:2010_004120:part_49,2010_004120,cat,paw,paw,0.32473623752593994,0.49026548862457275,0.20733945071697235,0.07049401849508286,1.0,1.0,1.0
fixed_uvd,test_seen,3041,val:2010_004120:part_50,2010_004120,cat,ear,ear,0.2716262936592102,0.42721089720726013,0.21937842667102814,0.021204601973295212,1.0,1.0,1.0
fixed_uvd,test_seen,3042,val:2010_004149:part_111,2010_004149,train,side,side,0.9319691061973572,0.9647867679595947,0.03797704726457596,0.9926435947418213,1.0,1.0,1.0
fixed_uvd,test_seen,3043,val:2010_004149:part_114,2010_004149,train,coach,coach,0.002816901309415698,0.00561797758564353,0.045979101210832596,0.002923700725659728,1.0,1.0,1.0
fixed_uvd,test_seen,3044,val:2010_004165:part_83,2010_004165,person,head,head,0.00219058059155941,0.0043715848587453365,0.32639649510383606,0.0003760812396649271,1.0,1.0,1.0
fixed_uvd,test_seen,3045,val:2010_004165:part_85,2010_004165,person,torso,torso,0.0,0.0,0.025563910603523254,0.0005641218740493059,1.0,1.0,1.0
fixed_uvd,test_seen,3046,val:2010_004314:part_0,2010_004314,aeroplane,body,body,0.48367953300476074,0.6520000100135803,0.2675032913684845,0.427658349275589,1.0,1.0,1.0
fixed_uvd,test_seen,3047,val:2010_004314:part_1,2010_004314,aeroplane,stern,stern,0.6988304257392883,0.8227194547653198,0.20530451834201813,0.21063335239887238,1.0,1.0,1.0
fixed_uvd,test_seen,3048,val:2010_004314:part_2,2010_004314,aeroplane,wing,wing,0.30531322956085205,0.46780073642730713,0.2551669180393219,0.1127251610159874,1.0,1.0,1.0
fixed_uvd,test_seen,3049,val:2010_004314:part_5,2010_004314,aeroplane,wheel,wheel,0.14492753148078918,0.2531645596027374,0.7142857313156128,0.025566531345248222,1.0,1.0,1.0
fixed_uvd,test_seen,3050,val:2010_004320:part_43,2010_004320,cat,head,head,0.7749101519584656,0.8731824159622192,0.046018000692129135,0.36579450964927673,1.0,1.0,1.0
fixed_uvd,test_seen,3051,val:2010_004320:part_44,2010_004320,cat,eye,eye,0.6577380895614624,0.7935367822647095,0.0,0.0199176836758852,1.0,1.0,1.0
fixed_uvd,test_seen,3052,val:2010_004320:part_45,2010_004320,cat,torso,torso,0.7505863904953003,0.8575257062911987,0.09463087469339371,0.3847567141056061,1.0,1.0,1.0
fixed_uvd,test_seen,3053,val:2010_004320:part_48,2010_004320,cat,nose,nose,0.34057971835136414,0.5081080794334412,0.0,0.005365279968827963,1.0,1.0,1.0
fixed_uvd,test_seen,3054,val:2010_004320:part_50,2010_004320,cat,ear,ear,0.7584978938102722,0.8626657128334045,0.13266998529434204,0.17764221131801605,1.0,1.0,1.0
fixed_uvd,test_seen,3055,val:2010_004322:part_52,2010_004322,cow,head,head,0.6858311891555786,0.8136416077613831,0.024261297658085823,0.46573957800865173,1.0,1.0,1.0
fixed_uvd,test_seen,3056,val:2010_004322:part_54,2010_004322,cow,torso,torso,0.8201424479484558,0.9011849164962769,0.05176420882344246,0.20272351801395416,1.0,1.0,1.0
fixed_uvd,test_seen,3057,val:2010_004322:part_57,2010_004322,cow,ear,ear,0.494139701128006,0.6614370942115784,0.11971664428710938,0.102925606071949,1.0,1.0,1.0
fixed_uvd,test_seen,3058,val:2010_004322:part_58,2010_004322,cow,muzzle,muzzle,0.7265104651451111,0.8415940403938293,0.027080394327640533,0.1662977635860443,1.0,1.0,1.0
fixed_uvd,test_seen,3059,val:2010_004322:part_59,2010_004322,cow,horn,horn,0.2690373659133911,0.4240022599697113,0.20049813389778137,0.05408526584506035,1.0,1.0,1.0
fixed_uvd,test_seen,3060,val:2010_004348:part_25,2010_004348,bus,side,side,0.2746533453464508,0.4309459626674652,0.052734375,0.1569698601961136,1.0,1.0,1.0
fixed_uvd,test_seen,3061,val:2010_004348:part_26,2010_004348,bus,back,back,0.6518968939781189,0.7892706990242004,0.06708074361085892,0.5142776966094971,1.0,1.0,1.0
fixed_uvd,test_seen,3062,val:2010_004348:part_31,2010_004348,bus,window,window,0.3200172483921051,0.48486828804016113,0.05046522617340088,0.16023655235767365,1.0,1.0,1.0
fixed_uvd,test_seen,3063,val:2010_004369:part_43,2010_004369,cat,head,head,0.7430163025856018,0.8525637984275818,0.046539898961782455,0.2912595868110657,1.0,1.0,1.0
fixed_uvd,test_seen,3064,val:2010_004369:part_44,2010_004369,cat,eye,eye,0.0,0.0,0.0,0.0025415895506739616,1.0,1.0,1.0
fixed_uvd,test_seen,3065,val:2010_004369:part_45,2010_004369,cat,torso,torso,0.45610707998275757,0.6264746189117432,0.049420181661844254,0.15150514245033264,1.0,1.0,1.0
fixed_uvd,test_seen,3066,val:2010_004369:part_46,2010_004369,cat,neck,neck,0.19388535618782043,0.32479727268218994,0.0,0.025613943114876747,1.0,1.0,1.0
fixed_uvd,test_seen,3067,val:2010_004369:part_47,2010_004369,cat,leg,leg,0.6247079372406006,0.769009530544281,0.03062824159860611,0.3476366400718689,1.0,1.0,1.0
fixed_uvd,test_seen,3068,val:2010_004369:part_48,2010_004369,cat,nose,nose,0.34841954708099365,0.5167821049690247,0.0,0.023006336763501167,1.0,1.0,1.0
fixed_uvd,test_seen,3069,val:2010_004369:part_49,2010_004369,cat,paw,paw,0.42393365502357483,0.595440149307251,0.02730618603527546,0.118662528693676,1.0,1.0,1.0
fixed_uvd,test_seen,3070,val:2010_004369:part_50,2010_004369,cat,ear,ear,0.6427419185638428,0.7825233340263367,0.08979591727256775,0.0348890945315361,1.0,1.0,1.0
fixed_uvd,test_seen,3071,val:2010_004382:part_97,2010_004382,pottedplant,pot,pot,0.030455034226179123,0.059109874069690704,0.06299212574958801,0.2954960763454437,1.0,1.0,1.0
fixed_uvd,test_seen,3072,val:2010_004382:part_98,2010_004382,pottedplant,plant,plant,0.4028071165084839,0.5742872357368469,0.38285836577415466,0.6931097507476807,1.0,1.0,1.0
fixed_uvd,test_seen,3073,val:2010_004419:part_0,2010_004419,aeroplane,body,body,0.6313909292221069,0.7740522623062134,0.21167227625846863,0.5036199688911438,1.0,1.0,1.0
fixed_uvd,test_seen,3074,val:2010_004419:part_1,2010_004419,aeroplane,stern,stern,0.6363636255264282,0.7777777910232544,0.2910226881504059,0.35299310088157654,1.0,1.0,1.0
fixed_uvd,test_seen,3075,val:2010_004419:part_2,2010_004419,aeroplane,wing,wing,0.2230663001537323,0.3647656738758087,0.009749303571879864,0.05915592610836029,1.0,1.0,1.0
fixed_uvd,test_seen,3076,val:2010_004419:part_4,2010_004419,aeroplane,engine,engine,0.5094890594482422,0.6750483512878418,0.01846153847873211,0.06780858337879181,1.0,1.0,1.0
fixed_uvd,test_seen,3077,val:2010_004419:part_5,2010_004419,aeroplane,wheel,wheel,0.02425876073539257,0.04736842215061188,0.5,0.0024721878580749035,1.0,1.0,1.0
fixed_uvd,test_seen,3078,val:2010_004432:part_83,2010_004432,person,head,head,0.5844625234603882,0.7377423048019409,0.08456243574619293,0.14227798581123352,1.0,1.0,1.0
fixed_uvd,test_seen,3079,val:2010_004432:part_84,2010_004432,person,eye,eye,0.1744185984134674,0.2970297038555145,0.0,0.0038610037881881,1.0,1.0,1.0
fixed_uvd,test_seen,3080,val:2010_004432:part_85,2010_004432,person,torso,torso,0.4573488235473633,0.627644956111908,0.07716535776853561,0.3347490429878235,1.0,1.0,1.0
fixed_uvd,test_seen,3081,val:2010_004432:part_86,2010_004432,person,neck,neck,0.48110830783843994,0.6496598720550537,0.00804289523512125,0.04150579124689102,1.0,1.0,1.0
fixed_uvd,test_seen,3082,val:2010_004432:part_89,2010_004432,person,nose,nose,0.21641790866851807,0.3558282256126404,0.0,0.011969111859798431,1.0,1.0,1.0
fixed_uvd,test_seen,3083,val:2010_004432:part_90,2010_004432,person,ear,ear,0.16455696523189545,0.28260868787765503,0.20258620381355286,0.008494208566844463,1.0,1.0,1.0
fixed_uvd,test_seen,3084,val:2010_004432:part_91,2010_004432,person,eyebrow,eyebrow,0.2075471729040146,0.34375,0.0,0.006563706789165735,1.0,1.0,1.0
fixed_uvd,test_seen,3085,val:2010_004432:part_92,2010_004432,person,mouth,mouth,0.44186046719551086,0.6129032373428345,0.0,0.009652509354054928,1.0,1.0,1.0
fixed_uvd,test_seen,3086,val:2010_004432:part_93,2010_004432,person,hair,hair,0.19476744532585144,0.3260340690612793,0.33128833770751953,0.016409266740083694,1.0,1.0,1.0
fixed_uvd,test_seen,3087,val:2010_004432:part_94,2010_004432,person,lower arm,lower arm,0.19363395869731903,0.324444442987442,0.23924528062343597,0.09169884026050568,1.0,1.0,1.0
fixed_uvd,test_seen,3088,val:2010_004432:part_95,2010_004432,person,upper arm,upper arm,0.5246568322181702,0.6882293820381165,0.07573964446783066,0.2527027130126953,1.0,1.0,1.0
fixed_uvd,test_seen,3089,val:2010_004432:part_96,2010_004432,person,hand,hand,0.06586826592683792,0.12359550595283508,0.25161290168762207,0.008880308829247952,1.0,1.0,1.0
fixed_uvd,test_seen,3090,val:2010_004472:part_83,2010_004472,person,head,head,0.4585597813129425,0.6287843585014343,0.11369863152503967,0.07063540816307068,1.0,1.0,1.0
fixed_uvd,test_seen,3091,val:2010_004472:part_85,2010_004472,person,torso,torso,0.4808111786842346,0.6493889093399048,0.03930031880736351,0.24563026428222656,1.0,1.0,1.0
fixed_uvd,test_seen,3092,val:2010_004472:part_86,2010_004472,person,neck,neck,0.4887218177318573,0.6565656661987305,0.0,0.030536705628037453,1.0,1.0,1.0
fixed_uvd,test_seen,3093,val:2010_004472:part_89,2010_004472,person,nose,nose,0.025974025949835777,0.050632912665605545,0.0,0.003907053265720606,1.0,1.0,1.0
fixed_uvd,test_seen,3094,val:2010_004472:part_90,2010_004472,person,ear,ear,0.30000001192092896,0.4615384638309479,0.0,0.008328192867338657,1.0,1.0,1.0
fixed_uvd,test_seen,3095,val:2010_004472:part_92,2010_004472,person,mouth,mouth,0.0,0.0,0.0,0.001953526632860303,1.0,1.0,1.0
fixed_uvd,test_seen,3096,val:2010_004472:part_93,2010_004472,person,hair,hair,0.6436041593551636,0.783161997795105,0.026584867388010025,0.10950031131505966,1.0,1.0,1.0
fixed_uvd,test_seen,3097,val:2010_004472:part_94,2010_004472,person,lower arm,lower arm,0.5090824365615845,0.674691379070282,0.1436663269996643,0.13345670700073242,1.0,1.0,1.0
fixed_uvd,test_seen,3098,val:2010_004472:part_95,2010_004472,person,upper arm,upper arm,0.5920409560203552,0.7437509298324585,0.07464641332626343,0.31081637740135193,1.0,1.0,1.0
fixed_uvd,test_seen,3099,val:2010_004472:part_96,2010_004472,person,hand,hand,0.37168142199516296,0.5419355034828186,0.17343750596046448,0.02981698513031006,1.0,1.0,1.0
fixed_uvd,test_seen,3100,val:2010_004479:part_43,2010_004479,cat,head,head,0.6402116417884827,0.7806451320648193,0.0649149939417839,0.2254752814769745,1.0,1.0,1.0
fixed_uvd,test_seen,3101,val:2010_004479:part_44,2010_004479,cat,eye,eye,0.0,0.0,0.0,0.01596958190202713,1.0,1.0,1.0
fixed_uvd,test_seen,3102,val:2010_004479:part_45,2010_004479,cat,torso,torso,0.6726133227348328,0.8042663335800171,0.07307307422161102,0.55931556224823,1.0,1.0,1.0
fixed_uvd,test_seen,3103,val:2010_004479:part_46,2010_004479,cat,neck,neck,0.050193049013614655,0.09558823704719543,0.0,0.028517110273241997,1.0,1.0,1.0
fixed_uvd,test_seen,3104,val:2010_004479:part_47,2010_004479,cat,leg,leg,0.13104188442230225,0.23171889781951904,0.18796992301940918,0.04638783261179924,1.0,1.0,1.0
fixed_uvd,test_seen,3105,val:2010_004479:part_48,2010_004479,cat,nose,nose,0.0,0.0,0.0,0.0019011406693607569,1.0,1.0,1.0
fixed_uvd,test_seen,3106,val:2010_004479:part_50,2010_004479,cat,ear,ear,0.19384615123271942,0.32474225759506226,0.5682819485664368,0.06121673062443733,1.0,1.0,1.0
fixed_uvd,test_seen,3107,val:2010_004519:part_71,2010_004519,horse,head,head,0.6321017146110535,0.7745862007141113,0.03199676051735878,0.14601336419582367,1.0,1.0,1.0
fixed_uvd,test_seen,3108,val:2010_004519:part_72,2010_004519,horse,eye,eye,0.06578947603702545,0.12345679104328156,0.0,0.002048997674137354,1.0,1.0,1.0
fixed_uvd,test_seen,3109,val:2010_004519:part_73,2010_004519,horse,torso,torso,0.6796411871910095,0.8092694878578186,0.06448598206043243,0.41220489144325256,1.0,1.0,1.0
fixed_uvd,test_seen,3110,val:2010_004519:part_74,2010_004519,horse,neck,neck,0.692685604095459,0.8184456825256348,0.04073264077305794,0.22663697600364685,1.0,1.0,1.0
fixed_uvd,test_seen,3111,val:2010_004519:part_75,2010_004519,horse,leg,leg,0.48275861144065857,0.6511628031730652,0.1916738897562027,0.062004454433918,1.0,1.0,1.0
fixed_uvd,test_seen,3112,val:2010_004519:part_76,2010_004519,horse,ear,ear,0.39772728085517883,0.5691056847572327,0.10395010560750961,0.022895323112607002,1.0,1.0,1.0
fixed_uvd,test_seen,3113,val:2010_004519:part_77,2010_004519,horse,muzzle,muzzle,0.7570362091064453,0.8617194890975952,0.14181818068027496,0.1255233883857727,1.0,1.0,1.0
fixed_uvd,test_seen,3114,val:2010_004520:part_20,2010_004520,bottle,body,body,0.900583803653717,0.9476917386054993,0.062209054827690125,0.9660181403160095,1.0,1.0,1.0
fixed_uvd,test_seen,3115,val:2010_004520:part_21,2010_004520,bottle,cap,cap,0.43670886754989624,0.607929527759552,0.4665551781654358,0.027291133999824524,1.0,1.0,1.0
fixed_uvd,test_seen,3116,val:2010_004529:part_20,2010_004529,bottle,body,body,0.849892258644104,0.9188559651374817,0.06937229633331299,0.8904740214347839,1.0,1.0,1.0
fixed_uvd,test_seen,3117,val:2010_004529:part_21,2010_004529,bottle,cap,cap,0.5264207124710083,0.6897452473640442,0.02590673603117466,0.10694225877523422,1.0,1.0,1.0
fixed_uvd,test_seen,3118,val:2010_004551:part_20,2010_004551,bottle,body,body,0.8474968671798706,0.917454183101654,0.0999005138874054,0.9359044432640076,1.0,1.0,1.0
fixed_uvd,test_seen,3119,val:2010_004551:part_21,2010_004551,bottle,cap,cap,0.739710807800293,0.8503836393356323,0.23218390345573425,0.06327497959136963,1.0,1.0,1.0
fixed_uvd,test_seen,3120,val:2010_004635:part_51,2010_004635,cow,tail,tail,0.0,0.0,0.014084506779909134,0.0033319450449198484,1.0,1.0,1.0
fixed_uvd,test_seen,3121,val:2010_004635:part_52,2010_004635,cow,head,head,0.655086874961853,0.791604220867157,0.152112677693367,0.06497292965650558,1.0,1.0,1.0
fixed_uvd,test_seen,3122,val:2010_004635:part_53,2010_004635,cow,eye,eye,0.0,0.0,0.0,0.0020824656821787357,1.0,1.0,1.0
fixed_uvd,test_seen,3123,val:2010_004635:part_54,2010_004635,cow,torso,torso,0.856095552444458,0.9224692583084106,0.05588652566075325,0.6895043849945068,1.0,1.0,1.0
fixed_uvd,test_seen,3124,val:2010_004635:part_56,2010_004635,cow,leg,leg,0.41837456822395325,0.5899352431297302,0.4576757550239563,0.12765514850616455,1.0,1.0,1.0
fixed_uvd,test_seen,3125,val:2010_004635:part_57,2010_004635,cow,ear,ear,0.363095223903656,0.5327510833740234,0.34716981649398804,0.040191587060689926,1.0,1.0,1.0
fixed_uvd,test_seen,3126,val:2010_004635:part_58,2010_004635,cow,muzzle,muzzle,0.4364161789417267,0.6076458692550659,0.23786407709121704,0.06059975177049637,1.0,1.0,1.0
fixed_uvd,test_seen,3127,val:2010_004635:part_59,2010_004635,cow,horn,horn,0.051020409911870956,0.09708737581968307,0.4611110985279083,0.0054144104942679405,1.0,1.0,1.0
fixed_uvd,test_seen,3128,val:2010_004757:part_97,2010_004757,pottedplant,pot,pot,0.579352855682373,0.7336585521697998,0.18327973783016205,0.047200750559568405,1.0,1.0,1.0
fixed_uvd,test_seen,3129,val:2010_004757:part_98,2010_004757,pottedplant,plant,plant,0.663507878780365,0.7977213859558105,0.3030783236026764,0.939915657043457,1.0,1.0,1.0
fixed_uvd,test_seen,3130,val:2010_004789:part_51,2010_004789,cow,tail,tail,0.029702970758080482,0.057692307978868484,0.8571428656578064,0.0069777583703398705,1.0,1.0,1.0
fixed_uvd,test_seen,3131,val:2010_004789:part_52,2010_004789,cow,head,head,0.5398010015487671,0.7011308670043945,0.13400758802890778,0.06498037278652191,1.0,1.0,1.0
fixed_uvd,test_seen,3132,val:2010_004789:part_53,2010_004789,cow,eye,eye,0.0,0.0,0.0,0.0008722197962924838,1.0,1.0,1.0
fixed_uvd,test_seen,3133,val:2010_004789:part_54,2010_004789,cow,torso,torso,0.7836145162582397,0.878681480884552,0.09928208589553833,0.660415768623352,1.0,1.0,1.0
fixed_uvd,test_seen,3134,val:2010_004789:part_55,2010_004789,cow,neck,neck,0.13446126878261566,0.2370486706495285,0.19474637508392334,0.02471289411187172,1.0,1.0,1.0
fixed_uvd,test_seen,3135,val:2010_004789:part_56,2010_004789,cow,leg,leg,0.4002225399017334,0.5716556310653687,0.5173760056495667,0.17647914588451385,1.0,1.0,1.0
fixed_uvd,test_seen,3136,val:2010_004789:part_57,2010_004789,cow,ear,ear,0.23417721688747406,0.37948718667030334,0.6399999856948853,0.010175897739827633,1.0,1.0,1.0
fixed_uvd,test_seen,3137,val:2010_004789:part_58,2010_004789,cow,muzzle,muzzle,0.4121951162815094,0.5837650895118713,0.4707317054271698,0.02456752397119999,1.0,1.0,1.0
fixed_uvd,test_seen,3138,val:2010_004789:part_59,2010_004789,cow,horn,horn,0.0,0.0,0.8723404407501221,0.001453699660487473,1.0,1.0,1.0
fixed_uvd,test_seen,3139,val:2010_004815:part_43,2010_004815,cat,head,head,0.3930957615375519,0.5643485188484192,0.1707717627286911,0.11638868600130081,1.0,1.0,1.0
fixed_uvd,test_seen,3140,val:2010_004815:part_45,2010_004815,cat,torso,torso,0.7915638089179993,0.8836567997932434,0.07945375889539719,0.7023205161094666,1.0,1.0,1.0
fixed_uvd,test_seen,3141,val:2010_004815:part_47,2010_004815,cat,leg,leg,0.23087818920612335,0.3751438558101654,0.19617563486099243,0.1182015985250473,1.0,1.0,1.0
fixed_uvd,test_seen,3142,val:2010_004815:part_48,2010_004815,cat,nose,nose,0.0,0.0,0.0,0.0005438723601400852,1.0,1.0,1.0
fixed_uvd,test_seen,3143,val:2010_004815:part_49,2010_004815,cat,paw,paw,0.22739018499851227,0.3705263137817383,0.6059602499008179,0.03136330842971802,1.0,1.0,1.0
fixed_uvd,test_seen,3144,val:2010_004815:part_50,2010_004815,cat,ear,ear,0.40671640634536743,0.5782493352890015,0.10526315867900848,0.030456852167844772,1.0,1.0,1.0
fixed_uvd,test_seen,3145,val:2010_004825:part_97,2010_004825,pottedplant,pot,pot,0.0,0.0,0.0,0.15849056839942932,1.0,1.0,1.0
fixed_uvd,test_seen,3146,val:2010_004825:part_98,2010_004825,pottedplant,plant,plant,0.13294798135757446,0.23469388484954834,0.5485714077949524,0.44905659556388855,1.0,1.0,1.0
fixed_uvd,test_seen,3147,val:2010_004828:part_20,2010_004828,bottle,body,body,0.2883780300617218,0.4476605951786041,0.15445321798324585,0.4056399166584015,1.0,1.0,1.0
fixed_uvd,test_seen,3148,val:2010_004828:part_21,2010_004828,bottle,cap,cap,0.0,0.0,0.0,0.009219088591635227,1.0,1.0,1.0
fixed_uvd,test_seen,3149,val:2010_004856:part_71,2010_004856,horse,head,head,0.5315049886703491,0.6940950155258179,0.1340538114309311,0.15172326564788818,1.0,1.0,1.0
fixed_uvd,test_seen,3150,val:2010_004856:part_72,2010_004856,horse,eye,eye,0.0,0.0,0.0,0.0006930880481377244,1.0,1.0,1.0
fixed_uvd,test_seen,3151,val:2010_004856:part_73,2010_004856,horse,torso,torso,0.3950517773628235,0.5663614869117737,0.08439508825540543,0.2248125523328781,1.0,1.0,1.0
fixed_uvd,test_seen,3152,val:2010_004856:part_74,2010_004856,horse,neck,neck,0.7582145929336548,0.8624824285507202,0.06005449593067169,0.5412387251853943,1.0,1.0,1.0
fixed_uvd,test_seen,3153,val:2010_004856:part_76,2010_004856,horse,ear,ear,0.3202357590198517,0.4851190447807312,0.5126436948776245,0.014932896941900253,1.0,1.0,1.0
fixed_uvd,test_seen,3154,val:2010_004856:part_77,2010_004856,horse,muzzle,muzzle,0.43046945333480835,0.601857602596283,0.281879186630249,0.06269296258687973,1.0,1.0,1.0
fixed_uvd,test_seen,3155,val:2010_004857:part_115,2010_004857,tvmonitor,screen,screen,0.08282828330993652,0.152985081076622,0.15931721031665802,0.07464893162250519,1.0,1.0,1.0
fixed_uvd,test_seen,3156,val:2010_004861:part_42,2010_004861,cat,tail,tail,0.5325987339019775,0.6950269341468811,0.4428706467151642,0.06616769731044769,1.0,1.0,1.0
fixed_uvd,test_seen,3157,val:2010_004861:part_43,2010_004861,cat,head,head,0.6474838852882385,0.7860275506973267,0.020680628716945648,0.2781212627887726,1.0,1.0,1.0
fixed_uvd,test_seen,3158,val:2010_004861:part_44,2010_004861,cat,eye,eye,0.28947368264198303,0.44897958636283875,0.0,0.009328560903668404,1.0,1.0,1.0
fixed_uvd,test_seen,3159,val:2010_004861:part_45,2010_004861,cat,torso,torso,0.7481424808502197,0.8559284806251526,0.0145963653922081,0.37596267461776733,1.0,1.0,1.0
fixed_uvd,test_seen,3160,val:2010_004861:part_47,2010_004861,cat,leg,leg,0.10800260305404663,0.19495008885860443,0.03867403417825699,0.027660267427563667,1.0,1.0,1.0
fixed_uvd,test_seen,3161,val:2010_004861:part_48,2010_004861,cat,nose,nose,0.01904761977493763,0.037383176386356354,0.0,0.0029287340585142374,1.0,1.0,1.0
fixed_uvd,test_seen,3162,val:2010_004861:part_49,2010_004861,cat,paw,paw,0.499381959438324,0.6661170721054077,0.11729323118925095,0.05944245681166649,1.0,1.0,1.0
fixed_uvd,test_seen,3163,val:2010_004861:part_50,2010_004861,cat,ear,ear,0.6340782046318054,0.776068389415741,0.17595048248767853,0.13114219903945923,1.0,1.0,1.0
fixed_uvd,test_seen,3164,val:2010_004951:part_83,2010_004951,person,head,head,0.0,0.0,0.0,0.13656388223171234,1.0,1.0,1.0
fixed_uvd,test_seen,3165,val:2010_004951:part_85,2010_004951,person,torso,torso,0.0,0.0,0.0,0.25550660490989685,1.0,1.0,1.0
fixed_uvd,test_seen,3166,val:2010_004951:part_90,2010_004951,person,ear,ear,0.0,0.0,0.0,0.039647575467824936,1.0,1.0,1.0
fixed_uvd,test_seen,3167,val:2010_004951:part_94,2010_004951,person,lower arm,lower arm,0.0,0.0,0.7266187071800232,0.1629955917596817,1.0,1.0,1.0
fixed_uvd,test_seen,3168,val:2010_004951:part_95,2010_004951,person,upper arm,upper arm,0.0,0.0,0.0,0.30837005376815796,1.0,1.0,1.0
fixed_uvd,test_seen,3169,val:2010_004951:part_96,2010_004951,person,hand,hand,0.0,0.0,0.0,0.07048457860946655,1.0,1.0,1.0
fixed_uvd,test_seen,3170,val:2010_004951:part_109,2010_004951,train,head,head,0.0,0.0,0.0,0.0001373136037727818,1.0,1.0,1.0
fixed_uvd,test_seen,3171,val:2010_004980:part_108,2010_004980,train,headlight,headlight,0.0,0.0,0.0,0.005668016150593758,1.0,1.0,1.0
fixed_uvd,test_seen,3172,val:2010_004980:part_109,2010_004980,train,head,head,0.20314253866672516,0.33768656849861145,0.0,0.11214575171470642,1.0,1.0,1.0
fixed_uvd,test_seen,3173,val:2010_004980:part_110,2010_004980,train,front,front,0.7509922981262207,0.8577905297279358,0.0465049110352993,0.6386639475822449,1.0,1.0,1.0
fixed_uvd,test_seen,3174,val:2010_004980:part_111,2010_004980,train,side,side,0.7126225233078003,0.8322003483772278,0.08628181368112564,0.2396761178970337,1.0,1.0,1.0
fixed_uvd,test_seen,3175,val:2010_004980:part_114,2010_004980,train,coach,coach,0.001195457298308611,0.002388059627264738,0.09444112330675125,0.0004048582923132926,1.0,1.0,1.0
fixed_uvd,test_seen,3176,val:2010_005021:part_43,2010_005021,cat,head,head,0.7786231637001038,0.87553471326828,0.023062381893396378,0.13462567329406738,1.0,1.0,1.0
fixed_uvd,test_seen,3177,val:2010_005021:part_44,2010_005021,cat,eye,eye,0.06763284653425217,0.12669683992862701,0.0,0.005649045575410128,1.0,1.0,1.0
fixed_uvd,test_seen,3178,val:2010_005021:part_45,2010_005021,cat,torso,torso,0.8317484259605408,0.9081469774246216,0.06515707820653915,0.661592423915863,1.0,1.0,1.0
fixed_uvd,test_seen,3179,val:2010_005021:part_46,2010_005021,cat,neck,neck,0.0028409091755747795,0.00566572230309248,0.0,0.034726765006780624,1.0,1.0,1.0
fixed_uvd,test_seen,3180,val:2010_005021:part_47,2010_005021,cat,leg,leg,0.712245762348175,0.8319433927536011,0.03154425695538521,0.10899684578180313,1.0,1.0,1.0
fixed_uvd,test_seen,3181,val:2010_005021:part_48,2010_005021,cat,nose,nose,0.0,0.0,0.0,0.001962300157174468,1.0,1.0,1.0
fixed_uvd,test_seen,3182,val:2010_005021:part_50,2010_005021,cat,ear,ear,0.4566037654876709,0.6269429922103882,0.09985096752643585,0.028958791866898537,1.0,1.0,1.0
fixed_uvd,test_seen,3183,val:2010_005046:part_83,2010_005046,person,head,head,0.5626410841941833,0.7201155424118042,0.0,0.06852766126394272,1.0,1.0,1.0
fixed_uvd,test_seen,3184,val:2010_005046:part_84,2010_005046,person,eye,eye,0.0,0.0,0.0,0.0017478922381997108,1.0,1.0,1.0
fixed_uvd,test_seen,3185,val:2010_005046:part_85,2010_005046,person,torso,torso,0.5628606677055359,0.7202953696250916,0.029777610674500465,0.1867160201072693,1.0,1.0,1.0
fixed_uvd,test_seen,3186,val:2010_005046:part_86,2010_005046,person,neck,neck,0.31362468004226685,0.47749510407447815,0.0,0.01120707392692566,1.0,1.0,1.0
fixed_uvd,test_seen,3187,val:2010_005046:part_89,2010_005046,person,nose,nose,0.0,0.0,0.0,0.003958461806178093,1.0,1.0,1.0
fixed_uvd,test_seen,3188,val:2010_005046:part_90,2010_005046,person,ear,ear,0.379084974527359,0.549763023853302,0.21641790866851807,0.003958461806178093,1.0,1.0,1.0
fixed_uvd,test_seen,3189,val:2010_005046:part_91,2010_005046,person,eyebrow,eyebrow,0.0,0.0,0.0,0.0016450750408694148,1.0,1.0,1.0
fixed_uvd,test_seen,3190,val:2010_005046:part_92,2010_005046,person,mouth,mouth,0.24358974397182465,0.39175257086753845,0.0,0.0034957844763994217,1.0,1.0,1.0
fixed_uvd,test_seen,3191,val:2010_005046:part_93,2010_005046,person,hair,hair,0.35257214307785034,0.521335780620575,0.03981420025229454,0.033364176750183105,1.0,1.0,1.0
fixed_uvd,test_seen,3192,val:2010_005046:part_94,2010_005046,person,lower arm,lower arm,0.439929336309433,0.6110429167747498,0.04973166435956955,0.06580299884080887,1.0,1.0,1.0
fixed_uvd,test_seen,3193,val:2010_005046:part_95,2010_005046,person,upper arm,upper arm,0.5251619219779968,0.6886638402938843,0.01673101633787155,0.11500103026628494,1.0,1.0,1.0
fixed_uvd,test_seen,3194,val:2010_005046:part_96,2010_005046,person,hand,hand,0.4833424389362335,0.6516936421394348,0.17730900645256042,0.04945506900548935,1.0,1.0,1.0
fixed_uvd,test_seen,3195,val:2010_005063:part_22,2010_005063,bus,wheel,wheel,0.0,0.0,0.21381579339504242,0.003475370118394494,1.0,1.0,1.0
fixed_uvd,test_seen,3196,val:2010_005063:part_23,2010_005063,bus,headlight,headlight,0.0,0.0,0.0260869562625885,0.0006044122274033725,1.0,1.0,1.0
fixed_uvd,test_seen,3197,val:2010_005063:part_24,2010_005063,bus,front,front,0.0,0.0,0.2068658024072647,0.0036264732480049133,1.0,1.0,1.0
fixed_uvd,test_seen,3198,val:2010_005063:part_25,2010_005063,bus,side,side,0.15138153731822968,0.2629563510417938,0.2373436540365219,0.0844666063785553,1.0,1.0,1.0
fixed_uvd,test_seen,3199,val:2010_005063:part_31,2010_005063,bus,window,window,0.1438543200492859,0.2515256106853485,0.06494688987731934,0.07162284851074219,1.0,1.0,1.0
fixed_uvd,test_seen,3200,val:2010_005108:part_43,2010_005108,cat,head,head,0.7823984622955322,0.8779164552688599,0.04561573266983032,0.2982122004032135,1.0,1.0,1.0
fixed_uvd,test_seen,3201,val:2010_005108:part_44,2010_005108,cat,eye,eye,0.5165165066719055,0.6811881065368652,0.0,0.011365731246769428,1.0,1.0,1.0
fixed_uvd,test_seen,3202,val:2010_005108:part_45,2010_005108,cat,torso,torso,0.3358113169670105,0.5027825236320496,0.05640412122011185,0.22651594877243042,1.0,1.0,1.0
fixed_uvd,test_seen,3203,val:2010_005108:part_48,2010_005108,cat,nose,nose,0.3897058963775635,0.5608465671539307,0.0,0.0045462921261787415,1.0,1.0,1.0
fixed_uvd,test_seen,3204,val:2010_005108:part_50,2010_005108,cat,ear,ear,0.5986584424972534,0.7489510774612427,0.14530418813228607,0.07169625908136368,1.0,1.0,1.0
fixed_uvd,test_seen,3205,val:2010_005118:part_22,2010_005118,bus,wheel,wheel,0.0,0.0,1.0,0.0037338200490921736,1.0,1.0,1.0
fixed_uvd,test_seen,3206,val:2010_005118:part_23,2010_005118,bus,headlight,headlight,0.17391304671764374,0.29629629850387573,0.17056074738502502,0.007052771281450987,1.0,1.0,1.0
fixed_uvd,test_seen,3207,val:2010_005118:part_24,2010_005118,bus,front,front,0.5756332278251648,0.7306690812110901,0.11666367202997208,0.2713242471218109,1.0,1.0,1.0
fixed_uvd,test_seen,3208,val:2010_005118:part_25,2010_005118,bus,side,side,0.33549433946609497,0.5024271607398987,0.22035397589206696,0.23249253630638123,1.0,1.0,1.0
fixed_uvd,test_seen,3209,val:2010_005118:part_28,2010_005118,bus,mirror,mirror,0.030082987621426582,0.058408863842487335,0.0,0.03924659639596939,1.0,1.0,1.0
fixed_uvd,test_seen,3210,val:2010_005118:part_30,2010_005118,bus,door,door,0.4329896867275238,0.6043165326118469,0.0781211405992508,0.16030533611774445,1.0,1.0,1.0
fixed_uvd,test_seen,3211,val:2010_005118:part_31,2010_005118,bus,window,window,0.5740675330162048,0.729406476020813,0.03688597306609154,0.2744772732257843,1.0,1.0,1.0
fixed_uvd,test_seen,3212,val:2010_005160:part_25,2010_005160,bus,side,side,0.2679286599159241,0.4226241707801819,0.07083015888929367,0.3267251253128052,1.0,1.0,1.0
fixed_uvd,test_seen,3213,val:2010_005160:part_31,2010_005160,bus,window,window,0.0,0.0,1.0,0.6694624423980713,1.0,1.0,1.0
fixed_uvd,test_seen,3214,val:2010_005166:part_52,2010_005166,cow,head,head,0.32844576239585876,0.49448123574256897,0.10139860212802887,0.09720605611801147,1.0,1.0,1.0
fixed_uvd,test_seen,3215,val:2010_005166:part_53,2010_005166,cow,eye,eye,0.0,0.0,0.0,0.0023282887414097786,1.0,1.0,1.0
fixed_uvd,test_seen,3216,val:2010_005166:part_54,2010_005166,cow,torso,torso,0.5242202877998352,0.6878536939620972,0.1281690150499344,0.5104773044586182,1.0,1.0,1.0
fixed_uvd,test_seen,3217,val:2010_005166:part_55,2010_005166,cow,neck,neck,0.26421403884887695,0.41798943281173706,0.0,0.06635622680187225,1.0,1.0,1.0
fixed_uvd,test_seen,3218,val:2010_005166:part_56,2010_005166,cow,leg,leg,0.08701135218143463,0.1600928008556366,0.41651031374931335,0.19150175154209137,1.0,1.0,1.0
fixed_uvd,test_seen,3219,val:2010_005166:part_57,2010_005166,cow,ear,ear,0.0,0.0,0.0,0.03667054697871208,1.0,1.0,1.0
fixed_uvd,test_seen,3220,val:2010_005166:part_58,2010_005166,cow,muzzle,muzzle,0.4336569607257843,0.6049661636352539,0.006802720949053764,0.08672875165939331,1.0,1.0,1.0
fixed_uvd,test_seen,3221,val:2010_005174:part_71,2010_005174,horse,head,head,0.5740848183631897,0.7294204235076904,0.061852432787418365,0.15872903168201447,1.0,1.0,1.0
fixed_uvd,test_seen,3222,val:2010_005174:part_72,2010_005174,horse,eye,eye,0.29139071702957153,0.4512820541858673,0.1164383590221405,0.003483082167804241,1.0,1.0,1.0
fixed_uvd,test_seen,3223,val:2010_005174:part_73,2010_005174,horse,torso,torso,0.6523444056510925,0.7895985841751099,0.017252130433917046,0.346886545419693,1.0,1.0,1.0
fixed_uvd,test_seen,3224,val:2010_005174:part_74,2010_005174,horse,neck,neck,0.7842558026313782,0.8790844678878784,0.06241519749164581,0.2101222574710846,1.0,1.0,1.0
fixed_uvd,test_seen,3225,val:2010_005174:part_75,2010_005174,horse,leg,leg,0.3416081964969635,0.5092518329620361,0.3528183698654175,0.07456639409065247,1.0,1.0,1.0
fixed_uvd,test_seen,3226,val:2010_005174:part_76,2010_005174,horse,ear,ear,0.4698275923728943,0.6392961740493774,0.3474860191345215,0.03333807364106178,1.0,1.0,1.0
fixed_uvd,test_seen,3227,val:2010_005174:part_77,2010_005174,horse,muzzle,muzzle,0.8031495809555054,0.8908296823501587,0.08228731155395508,0.1705288589000702,1.0,1.0,1.0
fixed_uvd,test_seen,3228,val:2010_005180:part_115,2010_005180,tvmonitor,screen,screen,0.17464788258075714,0.2973621189594269,0.0,0.8022727370262146,1.0,1.0,1.0
fixed_uvd,test_seen,3229,val:2010_005187:part_97,2010_005187,pottedplant,pot,pot,0.20172621309757233,0.33572742342948914,0.25369715690612793,0.21536226570606232,1.0,1.0,1.0
fixed_uvd,test_seen,3230,val:2010_005187:part_98,2010_005187,pottedplant,plant,plant,0.054530199617147446,0.10342084616422653,0.25745949149131775,0.015253313817083836,1.0,1.0,1.0
fixed_uvd,test_seen,3231,val:2010_005245:part_87,2010_005245,person,leg,leg,0.0,0.0,0.0,0.0015748031437397003,1.0,1.0,1.0
fixed_uvd,test_seen,3232,val:2010_005284:part_22,2010_005284,bus,wheel,wheel,0.16022099554538727,0.27619048953056335,0.030612245202064514,0.009902546182274818,1.0,1.0,1.0
fixed_uvd,test_seen,3233,val:2010_005284:part_23,2010_005284,bus,headlight,headlight,0.36986300349235535,0.5400000214576721,0.0,0.010374096222221851,1.0,1.0,1.0
fixed_uvd,test_seen,3234,val:2010_005284:part_24,2010_005284,bus,front,front,0.6371291279792786,0.7783492803573608,0.10898853838443756,0.2509430944919586,1.0,1.0,1.0
fixed_uvd,test_seen,3235,val:2010_005284:part_25,2010_005284,bus,side,side,0.5347602963447571,0.696864902973175,0.04320666193962097,0.2514932453632355,1.0,1.0,1.0
fixed_uvd,test_seen,3236,val:2010_005284:part_28,2010_005284,bus,mirror,mirror,0.2907407283782959,0.4505021572113037,0.0,0.019097767770290375,1.0,1.0,1.0
fixed_uvd,test_seen,3237,val:2010_005284:part_30,2010_005284,bus,door,door,0.2301255166530609,0.3741496503353119,0.001703577465377748,0.04652624949812889,1.0,1.0,1.0
fixed_uvd,test_seen,3238,val:2010_005284:part_31,2010_005284,bus,window,window,0.7466549277305603,0.8549541234970093,0.049187593162059784,0.4015246629714966,1.0,1.0,1.0
fixed_uvd,test_seen,3239,val:2010_005305:part_97,2010_005305,pottedplant,pot,pot,0.0,0.0,0.0,0.5472155213356018,1.0,1.0,1.0
fixed_uvd,test_seen,3240,val:2010_005305:part_98,2010_005305,pottedplant,plant,plant,0.0,0.0,0.0,0.4527845084667206,1.0,1.0,1.0
fixed_uvd,test_seen,3241,val:2010_005344:part_42,2010_005344,cat,tail,tail,0.34284818172454834,0.510628342628479,0.24746835231781006,0.06707754731178284,1.0,1.0,1.0
fixed_uvd,test_seen,3242,val:2010_005344:part_43,2010_005344,cat,head,head,0.7562558054924011,0.861213743686676,0.028438469395041466,0.11105792224407196,1.0,1.0,1.0
fixed_uvd,test_seen,3243,val:2010_005344:part_44,2010_005344,cat,eye,eye,0.11695906519889832,0.20942407846450806,0.0,0.002991862129420042,1.0,1.0,1.0
fixed_uvd,test_seen,3244,val:2010_005344:part_45,2010_005344,cat,torso,torso,0.6046903133392334,0.7536535859107971,0.08594164252281189,0.34909048676490784,1.0,1.0,1.0
fixed_uvd,test_seen,3245,val:2010_005344:part_47,2010_005344,cat,leg,leg,0.4255656898021698,0.5970481634140015,0.2782750129699707,0.06779559701681137,1.0,1.0,1.0
fixed_uvd,test_seen,3246,val:2010_005344:part_48,2010_005344,cat,nose,nose,0.16483516991138458,0.2830188572406769,0.0,0.0008975586388260126,1.0,1.0,1.0
fixed_uvd,test_seen,3247,val:2010_005344:part_49,2010_005344,cat,paw,paw,0.5524625182151794,0.7117241621017456,0.2525252401828766,0.01968645304441452,1.0,1.0,1.0
fixed_uvd,test_seen,3248,val:2010_005344:part_50,2010_005344,cat,ear,ear,0.45695364475250244,0.6272727251052856,0.1979345977306366,0.017891336232423782,1.0,1.0,1.0
fixed_uvd,test_seen,3249,val:2010_005421:part_42,2010_005421,cat,tail,tail,0.1448979526758194,0.25311943888664246,0.8317535519599915,0.06104523316025734,1.0,1.0,1.0
fixed_uvd,test_seen,3250,val:2010_005421:part_43,2010_005421,cat,head,head,0.7349397540092468,0.8472222089767456,0.06666667014360428,0.21607378125190735,1.0,1.0,1.0
fixed_uvd,test_seen,3251,val:2010_005421:part_44,2010_005421,cat,eye,eye,0.13513512909412384,0.2380952388048172,0.0,0.0065876152366399765,1.0,1.0,1.0
fixed_uvd,test_seen,3252,val:2010_005421:part_45,2010_005421,cat,torso,torso,0.5376623272895813,0.6993243098258972,0.16399163007736206,0.4106280207633972,1.0,1.0,1.0
fixed_uvd,test_seen,3253,val:2010_005421:part_47,2010_005421,cat,leg,leg,0.341166228055954,0.5087605714797974,0.19458988308906555,0.17347386479377747,1.0,1.0,1.0
fixed_uvd,test_seen,3254,val:2010_005421:part_48,2010_005421,cat,nose,nose,0.0,0.0,0.0,0.003952569328248501,1.0,1.0,1.0
fixed_uvd,test_seen,3255,val:2010_005421:part_49,2010_005421,cat,paw,paw,0.290076345205307,0.4497041404247284,0.39669421315193176,0.06324110925197601,1.0,1.0,1.0
fixed_uvd,test_seen,3256,val:2010_005421:part_50,2010_005421,cat,ear,ear,0.24500000476837158,0.3935742974281311,0.5329949259757996,0.022837067022919655,1.0,1.0,1.0
fixed_uvd,test_seen,3257,val:2010_005496:part_20,2010_005496,bottle,body,body,0.9234858751296997,0.9602211117744446,0.033125486224889755,0.961901068687439,1.0,1.0,1.0
fixed_uvd,test_seen,3258,val:2010_005496:part_21,2010_005496,bottle,cap,cap,0.27533459663391113,0.43178409337997437,0.556263267993927,0.03771406412124634,1.0,1.0,1.0
fixed_uvd,test_seen,3259,val:2010_005508:part_43,2010_005508,cat,head,head,0.5841190218925476,0.7374686002731323,0.22775112092494965,0.4679228961467743,1.0,1.0,1.0
fixed_uvd,test_seen,3260,val:2010_005508:part_44,2010_005508,cat,eye,eye,0.38165679574012756,0.5524625182151794,0.05228758230805397,0.016857249662280083,1.0,1.0,1.0
fixed_uvd,test_seen,3261,val:2010_005508:part_45,2010_005508,cat,torso,torso,0.5417833924293518,0.7028009295463562,0.24260519444942474,0.3225962221622467,1.0,1.0,1.0
fixed_uvd,test_seen,3262,val:2010_005508:part_46,2010_005508,cat,neck,neck,0.14706741273403168,0.25642329454421997,0.28850260376930237,0.03500295430421829,1.0,1.0,1.0
fixed_uvd,test_seen,3263,val:2010_005508:part_48,2010_005508,cat,nose,nose,0.3283582031726837,0.49438202381134033,0.0,0.006710688583552837,1.0,1.0,1.0
fixed_uvd,test_seen,3264,val:2010_005508:part_50,2010_005508,cat,ear,ear,0.5870456695556641,0.7397968173027039,0.18153846263885498,0.1372738480567932,1.0,1.0,1.0
fixed_uvd,test_seen,3265,val:2010_005534:part_0,2010_005534,aeroplane,body,body,0.5241116881370544,0.6877601742744446,0.13794566690921783,0.41873741149902344,1.0,1.0,1.0
fixed_uvd,test_seen,3266,val:2010_005534:part_1,2010_005534,aeroplane,stern,stern,0.5065466165542603,0.6724606156349182,0.4163934290409088,0.20852921903133392,1.0,1.0,1.0
fixed_uvd,test_seen,3267,val:2010_005534:part_2,2010_005534,aeroplane,wing,wing,0.5832722187042236,0.7367933392524719,0.26985350251197815,0.28912022709846497,1.0,1.0,1.0
fixed_uvd,test_seen,3268,val:2010_005582:part_20,2010_005582,bottle,body,body,0.0,0.0,0.0,0.9483747482299805,1.0,1.0,1.0
fixed_uvd,test_seen,3269,val:2010_005582:part_21,2010_005582,bottle,cap,cap,0.0,0.0,0.12227074056863785,0.03441682457923889,1.0,1.0,1.0
fixed_uvd,test_seen,3270,val:2010_005606:part_42,2010_005606,cat,tail,tail,0.5170340538024902,0.6816380620002747,0.28129395842552185,0.1662098616361618,1.0,1.0,1.0
fixed_uvd,test_seen,3271,val:2010_005606:part_43,2010_005606,cat,head,head,0.383584588766098,0.5544794201850891,0.0,0.09514486789703369,1.0,1.0,1.0
fixed_uvd,test_seen,3272,val:2010_005606:part_44,2010_005606,cat,eye,eye,0.0,0.0,0.0,0.0015661707147955894,1.0,1.0,1.0
fixed_uvd,test_seen,3273,val:2010_005606:part_45,2010_005606,cat,torso,torso,0.41052383184432983,0.5820870399475098,0.07657657563686371,0.3392717242240906,1.0,1.0,1.0
fixed_uvd,test_seen,3274,val:2010_005606:part_46,2010_005606,cat,neck,neck,0.22243714332580566,0.3639240562915802,0.0,0.05540328845381737,1.0,1.0,1.0
fixed_uvd,test_seen,3275,val:2010_005606:part_47,2010_005606,cat,leg,leg,0.31259801983833313,0.4763042628765106,0.13084378838539124,0.2963978052139282,1.0,1.0,1.0
fixed_uvd,test_seen,3276,val:2010_005606:part_48,2010_005606,cat,nose,nose,0.0,0.0,0.0,0.0035238841082900763,1.0,1.0,1.0
fixed_uvd,test_seen,3277,val:2010_005606:part_49,2010_005606,cat,paw,paw,0.104347825050354,0.18897637724876404,0.3763066232204437,0.018402505666017532,1.0,1.0,1.0
fixed_uvd,test_seen,3278,val:2010_005606:part_50,2010_005606,cat,ear,ear,0.23970037698745728,0.3867069482803345,0.0714285746216774,0.0209475327283144,1.0,1.0,1.0
fixed_uvd,test_seen,3279,val:2010_005606:part_85,2010_005606,person,torso,torso,0.0,0.0,0.6850393414497375,0.0022880216129124165,1.0,1.0,1.0
fixed_uvd,test_seen,3280,val:2010_005606:part_86,2010_005606,person,neck,neck,0.0,0.0,0.0,0.0002691789995878935,1.0,1.0,1.0
fixed_uvd,test_seen,3281,val:2010_005626:part_83,2010_005626,person,head,head,0.2681468725204468,0.422895610332489,0.07989690452814102,0.028591787442564964,1.0,1.0,1.0
fixed_uvd,test_seen,3282,val:2010_005626:part_84,2010_005626,person,eye,eye,0.0,0.0,0.0,0.0007125679403543472,1.0,1.0,1.0
fixed_uvd,test_seen,3283,val:2010_005626:part_85,2010_005626,person,torso,torso,0.3073466718196869,0.4701838791370392,0.13331808149814606,0.12879665195941925,1.0,1.0,1.0
fixed_uvd,test_seen,3284,val:2010_005626:part_86,2010_005626,person,neck,neck,0.2942942976951599,0.45475637912750244,0.0,0.013360648415982723,1.0,1.0,1.0
fixed_uvd,test_seen,3285,val:2010_005626:part_87,2010_005626,person,leg,leg,0.3198011517524719,0.48462021350860596,0.21074552834033966,0.06992072612047195,1.0,1.0,1.0
fixed_uvd,test_seen,3286,val:2010_005626:part_89,2010_005626,person,nose,nose,0.22807016968727112,0.37142857909202576,0.42592594027519226,0.0014251358807086945,1.0,1.0,1.0
fixed_uvd,test_seen,3287,val:2010_005626:part_90,2010_005626,person,ear,ear,0.0,0.0,0.0,0.004275407642126083,1.0,1.0,1.0
fixed_uvd,test_seen,3288,val:2010_005626:part_91,2010_005626,person,eyebrow,eyebrow,0.0,0.0,0.0,0.00044535493361763656,1.0,1.0,1.0
fixed_uvd,test_seen,3289,val:2010_005626:part_92,2010_005626,person,mouth,mouth,0.15789473056793213,0.27272728085517883,0.5384615659713745,0.0008016389328986406,1.0,1.0,1.0
fixed_uvd,test_seen,3290,val:2010_005626:part_93,2010_005626,person,hair,hair,0.5129199028015137,0.6780529618263245,0.08507853746414185,0.036251891404390335,1.0,1.0,1.0
fixed_uvd,test_seen,3291,val:2010_005626:part_94,2010_005626,person,lower arm,lower arm,0.34387579560279846,0.5117672085762024,0.16575922071933746,0.060924556106328964,1.0,1.0,1.0
fixed_uvd,test_seen,3292,val:2010_005626:part_95,2010_005626,person,upper arm,upper arm,0.3197755813598633,0.4845908582210541,0.12387724220752716,0.09726551920175552,1.0,1.0,1.0
fixed_uvd,test_seen,3293,val:2010_005626:part_96,2010_005626,person,hand,hand,0.4421965181827545,0.6132264733314514,0.22510822117328644,0.023871025070548058,1.0,1.0,1.0
fixed_uvd,test_seen,3294,val:2010_005664:part_6,2010_005664,bicycle,wheel,wheel,0.24383561313152313,0.392070472240448,0.57555091381073,0.5672651529312134,1.0,1.0,1.0
fixed_uvd,test_seen,3295,val:2010_005664:part_7,2010_005664,bicycle,saddle,saddle,0.0,0.0,0.611940324306488,0.09627895057201385,1.0,1.0,1.0
fixed_uvd,test_seen,3296,val:2010_005664:part_8,2010_005664,bicycle,handlebar,handlebar,0.21218961477279663,0.3500930964946747,0.40979382395744324,0.038771793246269226,1.0,1.0,1.0
fixed_uvd,test_seen,3297,val:2010_005664:part_9,2010_005664,bicycle,chainwheel,chainwheel,0.05692438408732414,0.10771704465150833,0.3486842215061188,0.04683840647339821,1.0,1.0,1.0
fixed_uvd,test_seen,3298,val:2010_005706:part_109,2010_005706,train,head,head,0.03105095587670803,0.060231659561395645,0.15665584802627563,0.017686692997813225,1.0,1.0,1.0
fixed_uvd,test_seen,3299,val:2010_005706:part_110,2010_005706,train,front,front,0.33717578649520874,0.5043103694915771,0.1358208954334259,0.07243122160434723,1.0,1.0,1.0
fixed_uvd,test_seen,3300,val:2010_005706:part_111,2010_005706,train,side,side,0.7689890265464783,0.8694106936454773,0.13451775908470154,0.9006176590919495,1.0,1.0,1.0
fixed_uvd,test_seen,3301,val:2010_005709:part_42,2010_005709,cat,tail,tail,0.0019788919016718864,0.003949967212975025,0.756005048751831,0.19734345376491547,1.0,1.0,1.0
fixed_uvd,test_seen,3302,val:2010_005709:part_43,2010_005709,cat,head,head,0.6412213444709778,0.7813953757286072,0.08177172392606735,0.13228517770767212,1.0,1.0,1.0
fixed_uvd,test_seen,3303,val:2010_005709:part_44,2010_005709,cat,eye,eye,0.0,0.0,0.0,0.0037950663827359676,1.0,1.0,1.0
fixed_uvd,test_seen,3304,val:2010_005709:part_45,2010_005709,cat,torso,torso,0.21060004830360413,0.34792670607566833,0.31029653549194336,0.2445107102394104,1.0,1.0,1.0
fixed_uvd,test_seen,3305,val:2010_005709:part_46,2010_005709,cat,neck,neck,0.21145375072956085,0.34909090399742126,0.05276381969451904,0.0412035770714283,1.0,1.0,1.0
fixed_uvd,test_seen,3306,val:2010_005709:part_47,2010_005709,cat,leg,leg,0.0,0.0,0.6285714507102966,0.13472485542297363,1.0,1.0,1.0
fixed_uvd,test_seen,3307,val:2010_005709:part_48,2010_005709,cat,nose,nose,0.0,0.0,0.0,0.002439685631543398,1.0,1.0,1.0
fixed_uvd,test_seen,3308,val:2010_005709:part_49,2010_005709,cat,paw,paw,0.0,0.0,0.3243243098258972,0.024939008057117462,1.0,1.0,1.0
fixed_uvd,test_seen,3309,val:2010_005709:part_50,2010_005709,cat,ear,ear,0.0651041641831398,0.12224938720464706,0.2764706015586853,0.018704256042838097,1.0,1.0,1.0
fixed_uvd,test_seen,3310,val:2010_005709:part_83,2010_005709,person,head,head,0.0,0.0,0.2503008544445038,0.0030323450919240713,1.0,1.0,1.0
fixed_uvd,test_seen,3311,val:2010_005709:part_85,2010_005709,person,torso,torso,0.01356350164860487,0.02676399052143097,0.4045512080192566,0.0026111858896911144,1.0,1.0,1.0
fixed_uvd,test_seen,3312,val:2010_005709:part_86,2010_005709,person,neck,neck,0.0,0.0,0.0,0.0008423180552199483,1.0,1.0,1.0
fixed_uvd,test_seen,3313,val:2010_005709:part_87,2010_005709,person,leg,leg,0.0,0.0,0.11999999731779099,0.0028638814110308886,1.0,1.0,1.0
fixed_uvd,test_seen,3314,val:2010_005709:part_90,2010_005709,person,ear,ear,0.0,0.0,0.3928571343421936,0.0001684352318989113,1.0,1.0,1.0
fixed_uvd,test_seen,3315,val:2010_005718:part_0,2010_005718,aeroplane,body,body,0.3816283941268921,0.5524327754974365,0.33776596188545227,0.49599623680114746,1.0,1.0,1.0
fixed_uvd,test_seen,3316,val:2010_005718:part_1,2010_005718,aeroplane,stern,stern,0.28872179985046387,0.44807466864585876,0.2874999940395355,0.13989637792110443,1.0,1.0,1.0
fixed_uvd,test_seen,3317,val:2010_005718:part_2,2010_005718,aeroplane,wing,wing,0.10315924882888794,0.18702512979507446,0.5506371855735779,0.10362694412469864,1.0,1.0,1.0
fixed_uvd,test_seen,3318,val:2010_005718:part_4,2010_005718,aeroplane,engine,engine,0.3061411678791046,0.46877193450927734,0.4338724911212921,0.17616580426692963,1.0,1.0,1.0
fixed_uvd,test_seen,3319,val:2010_005718:part_5,2010_005718,aeroplane,wheel,wheel,0.0,0.0,0.9580419659614563,0.026848798617720604,1.0,1.0,1.0
fixed_uvd,test_seen,3320,val:2010_005727:part_109,2010_005727,train,head,head,0.026714159175753593,0.05203816294670105,0.4144527018070221,0.042828284204006195,1.0,1.0,1.0
fixed_uvd,test_seen,3321,val:2010_005727:part_110,2010_005727,train,front,front,0.7279005646705627,0.8425259590148926,0.13082706928253174,0.23676767945289612,1.0,1.0,1.0
fixed_uvd,test_seen,3322,val:2010_005727:part_111,2010_005727,train,side,side,0.6635309457778931,0.7977380156517029,0.17656464874744415,0.6517171859741211,1.0,1.0,1.0
fixed_uvd,test_seen,3323,val:2010_005727:part_114,2010_005727,train,coach,coach,0.024627042934298515,0.04807025566697121,0.16200189292430878,0.022424241527915,1.0,1.0,1.0
fixed_uvd,test_seen,3324,val:2010_005762:part_20,2010_005762,bottle,body,body,0.7200856804847717,0.8372672200202942,0.07976716756820679,0.7745915651321411,1.0,1.0,1.0
fixed_uvd,test_seen,3325,val:2010_005762:part_21,2010_005762,bottle,cap,cap,0.48547598719596863,0.6536301970481873,0.03357100486755371,0.20552952587604523,1.0,1.0,1.0
fixed_uvd,test_seen,3326,val:2010_005860:part_6,2010_005860,bicycle,wheel,wheel,0.0,0.0,1.0,0.45588234066963196,1.0,1.0,1.0
fixed_uvd,test_seen,3327,val:2010_005860:part_7,2010_005860,bicycle,saddle,saddle,0.0,0.0,0.0,0.11029411852359772,1.0,1.0,1.0
fixed_uvd,test_seen,3328,val:2010_005860:part_8,2010_005860,bicycle,handlebar,handlebar,0.0,0.0,0.0,0.07352941483259201,1.0,1.0,1.0
fixed_uvd,test_seen,3329,val:2010_005860:part_9,2010_005860,bicycle,chainwheel,chainwheel,0.0,0.0,0.0,0.08088235557079315,1.0,1.0,1.0
fixed_uvd,test_seen,3330,val:2010_005871:part_114,2010_005871,train,coach,coach,0.7447406649589539,0.8536978363990784,0.18183711171150208,0.9043884873390198,1.0,1.0,1.0
fixed_uvd,test_seen,3331,val:2010_005877:part_0,2010_005877,aeroplane,body,body,0.7855274677276611,0.8798828125,0.037449393421411514,0.43194782733917236,1.0,1.0,1.0
fixed_uvd,test_seen,3332,val:2010_005877:part_1,2010_005877,aeroplane,stern,stern,0.4430014491081238,0.6140000224113464,0.3122977316379547,0.15566422045230865,1.0,1.0,1.0
fixed_uvd,test_seen,3333,val:2010_005877:part_2,2010_005877,aeroplane,wing,wing,0.34294870495796204,0.5107398629188538,0.49226006865501404,0.36634066700935364,1.0,1.0,1.0
fixed_uvd,test_seen,3334,val:2010_005877:part_5,2010_005877,aeroplane,wheel,wheel,0.23786407709121704,0.3843137323856354,0.6545454263687134,0.03667481616139412,1.0,1.0,1.0
fixed_uvd,test_seen,3335,val:2010_005888:part_0,2010_005888,aeroplane,body,body,0.4064914882183075,0.5780220031738281,0.2528301775455475,0.39915966987609863,1.0,1.0,1.0
fixed_uvd,test_seen,3336,val:2010_005888:part_1,2010_005888,aeroplane,stern,stern,0.21621622145175934,0.35555556416511536,0.6564416885375977,0.1596638709306717,1.0,1.0,1.0
fixed_uvd,test_seen,3337,val:2010_005888:part_2,2010_005888,aeroplane,wing,wing,0.36660078167915344,0.5365148186683655,0.527999997138977,0.40231093764305115,1.0,1.0,1.0
fixed_uvd,test_seen,3338,val:2010_005888:part_4,2010_005888,aeroplane,engine,engine,0.014285714365541935,0.028169013559818268,0.33719009160995483,0.0357142873108387,1.0,1.0,1.0
fixed_uvd,test_seen,3339,val:2010_005899:part_43,2010_005899,cat,head,head,0.7246320843696594,0.8403323888778687,0.03227075934410095,0.21701379120349884,1.0,1.0,1.0
fixed_uvd,test_seen,3340,val:2010_005899:part_44,2010_005899,cat,eye,eye,0.6033057570457458,0.7525773048400879,0.0,0.02025991678237915,1.0,1.0,1.0
fixed_uvd,test_seen,3341,val:2010_005899:part_45,2010_005899,cat,torso,torso,0.5769838094711304,0.7317562103271484,0.03951406478881836,0.2926621735095978,1.0,1.0,1.0
fixed_uvd,test_seen,3342,val:2010_005899:part_46,2010_005899,cat,neck,neck,0.628654956817627,0.7719928026199341,0.0,0.09465978294610977,1.0,1.0,1.0
fixed_uvd,test_seen,3343,val:2010_005899:part_47,2010_005899,cat,leg,leg,0.4906597137451172,0.6583121418952942,0.024204332381486893,0.22319959104061127,1.0,1.0,1.0
fixed_uvd,test_seen,3344,val:2010_005899:part_48,2010_005899,cat,nose,nose,0.18681319057941437,0.31481480598449707,0.0,0.0034617786295711994,1.0,1.0,1.0
fixed_uvd,test_seen,3345,val:2010_005899:part_49,2010_005899,cat,paw,paw,0.32949307560920715,0.4956672489643097,0.12980030477046967,0.04869190230965614,1.0,1.0,1.0
fixed_uvd,test_seen,3346,val:2010_005899:part_50,2010_005899,cat,ear,ear,0.7069138288497925,0.8282946944236755,0.13383838534355164,0.08098291605710983,1.0,1.0,1.0
fixed_uvd,test_seen,3347,val:2010_005922:part_51,2010_005922,cow,tail,tail,0.046875,0.08955223858356476,0.37704917788505554,0.018518518656492233,1.0,1.0,1.0
fixed_uvd,test_seen,3348,val:2010_005922:part_52,2010_005922,cow,head,head,0.0,0.0,1.0,0.040123455226421356,1.0,1.0,1.0
fixed_uvd,test_seen,3349,val:2010_005922:part_54,2010_005922,cow,torso,torso,0.46276596188545227,0.6327272653579712,0.4320000112056732,0.540123462677002,1.0,1.0,1.0
fixed_uvd,test_seen,3350,val:2010_005922:part_55,2010_005922,cow,neck,neck,0.0,0.0,0.0,0.006172839552164078,1.0,1.0,1.0
fixed_uvd,test_seen,3351,val:2010_005922:part_56,2010_005922,cow,leg,leg,0.16149067878723145,0.27807486057281494,0.7857142686843872,0.14506173133850098,1.0,1.0,1.0
fixed_uvd,test_seen,3352,val:2010_005922:part_57,2010_005922,cow,ear,ear,0.0,0.0,0.0,0.012195121496915817,1.0,1.0,1.0
fixed_uvd,test_seen,3353,val:2010_005922:part_58,2010_005922,cow,muzzle,muzzle,0.0,0.0,0.0,0.003086419776082039,1.0,1.0,1.0
fixed_uvd,test_seen,3354,val:2010_005991:part_83,2010_005991,person,head,head,0.0,0.0,0.7910447716712952,0.0002560163848102093,1.0,1.0,1.0
fixed_uvd,test_seen,3355,val:2010_005991:part_85,2010_005991,person,torso,torso,0.0,0.0,0.26598984003067017,6.400409620255232e-05,1.0,1.0,1.0
fixed_uvd,test_seen,3356,val:2010_005991:part_86,2010_005991,person,neck,neck,0.0,0.0,0.0,0.00019201228860765696,1.0,1.0,1.0
fixed_uvd,test_seen,3357,val:2010_005991:part_87,2010_005991,person,leg,leg,0.00042359420331194997,0.0008468296728096902,0.11151117086410522,0.0002560163848102093,1.0,1.0,1.0
fixed_uvd,test_seen,3358,val:2010_006034:part_0,2010_006034,aeroplane,body,body,0.6315168738365173,0.7741469144821167,0.19371727108955383,0.4376007616519928,1.0,1.0,1.0
fixed_uvd,test_seen,3359,val:2010_006034:part_1,2010_006034,aeroplane,stern,stern,0.6582186818122864,0.7938864827156067,0.11536585539579391,0.4466301202774048,1.0,1.0,1.0
fixed_uvd,test_seen,3360,val:2010_006034:part_2,2010_006034,aeroplane,wing,wing,0.17086419463157654,0.2918599843978882,0.2549317181110382,0.0635278970003128,1.0,1.0,1.0
fixed_uvd,test_seen,3361,val:2010_006034:part_5,2010_006034,aeroplane,wheel,wheel,0.259765625,0.4124031066894531,0.6108786463737488,0.02692679688334465,1.0,1.0,1.0
fixed_uvd,test_seen,3362,val:2010_006054:part_109,2010_006054,train,head,head,0.05263157933950424,0.10000000149011612,0.39116719365119934,0.021863117814064026,1.0,1.0,1.0
fixed_uvd,test_seen,3363,val:2010_006054:part_110,2010_006054,train,front,front,0.1527777761220932,0.2650602459907532,0.3828451931476593,0.09790874272584915,1.0,1.0,1.0
fixed_uvd,test_seen,3364,val:2010_006054:part_111,2010_006054,train,side,side,0.3713405132293701,0.5415730476379395,0.3336045444011688,0.5237642526626587,1.0,1.0,1.0
fixed_uvd,test_seen,3365,val:2010_006054:part_113,2010_006054,train,roof,roof,0.15751294791698456,0.27215757966041565,0.33955225348472595,0.2975285053253174,1.0,1.0,1.0
fixed_uvd,test_seen,3366,val:2010_006054:part_114,2010_006054,train,coach,coach,0.014925372786819935,0.029411764815449715,0.42942583560943604,0.026615969836711884,1.0,1.0,1.0
fixed_uvd,test_seen,3367,val:2010_006070:part_6,2010_006070,bicycle,wheel,wheel,0.1821591705083847,0.30818045139312744,0.7660236358642578,0.670718252658844,1.0,1.0,1.0
fixed_uvd,test_seen,3368,val:2010_006070:part_7,2010_006070,bicycle,saddle,saddle,0.2935393154621124,0.453854501247406,0.6602254509925842,0.08287292718887329,1.0,1.0,1.0
fixed_uvd,test_seen,3369,val:2010_006070:part_8,2010_006070,bicycle,handlebar,handlebar,0.11030082404613495,0.1986863762140274,0.8596171140670776,0.03342541307210922,1.0,1.0,1.0
fixed_uvd,test_seen,3370,val:2010_006070:part_9,2010_006070,bicycle,chainwheel,chainwheel,0.1745283007621765,0.29718875885009766,0.6288492679595947,0.03591160103678703,1.0,1.0,1.0
fixed_uvd,test_unseen,0,val:2008_000080:part_60,2008_000080,dog,tail,tail,0.0,0.0,0.0,0.0074477228336036205,1.0,1.0,1.0
fixed_uvd,test_unseen,1,val:2008_000080:part_61,2008_000080,dog,head,head,0.6178861856460571,0.7638190984725952,0.0,0.11228874325752258,1.0,1.0,1.0
fixed_uvd,test_unseen,2,val:2008_000080:part_62,2008_000080,dog,eye,eye,0.0,0.0,0.0,0.0034374105744063854,1.0,1.0,1.0
fixed_uvd,test_unseen,3,val:2008_000080:part_63,2008_000080,dog,torso,torso,0.6918498277664185,0.8178619742393494,0.10968432575464249,0.5230593085289001,1.0,1.0,1.0
fixed_uvd,test_unseen,4,val:2008_000080:part_65,2008_000080,dog,leg,leg,0.3082650899887085,0.4712578356266022,0.5366098284721375,0.21770265698432922,1.0,1.0,1.0
fixed_uvd,test_unseen,5,val:2008_000080:part_66,2008_000080,dog,nose,nose,0.0,0.0,0.0,0.008879977278411388,1.0,1.0,1.0
fixed_uvd,test_unseen,6,val:2008_000080:part_67,2008_000080,dog,paw,paw,0.12167300283908844,0.21694914996623993,0.6642857193946838,0.04439988359808922,1.0,1.0,1.0
fixed_uvd,test_unseen,7,val:2008_000080:part_68,2008_000080,dog,ear,ear,0.17204301059246063,0.29357796907424927,0.47441861033439636,0.03208249807357788,1.0,1.0,1.0
fixed_uvd,test_unseen,8,val:2008_000080:part_69,2008_000080,dog,muzzle,muzzle,0.1551724076271057,0.26865673065185547,0.0,0.041535377502441406,1.0,1.0,1.0
fixed_uvd,test_unseen,9,val:2008_000123:part_12,2008_000123,bird,tail,tail,0.1582278460264206,0.2732240557670593,0.27710843086242676,0.0962463915348053,1.0,1.0,1.0
fixed_uvd,test_unseen,10,val:2008_000123:part_13,2008_000123,bird,head,head,0.5047318339347839,0.6708595156669617,0.3772242069244385,0.18864291906356812,1.0,1.0,1.0
fixed_uvd,test_unseen,11,val:2008_000123:part_14,2008_000123,bird,eye,eye,0.0,0.0,0.0,0.010587102733552456,1.0,1.0,1.0
fixed_uvd,test_unseen,12,val:2008_000123:part_15,2008_000123,bird,beak,beak,0.0,0.0,0.0,0.012512031011283398,1.0,1.0,1.0
fixed_uvd,test_unseen,13,val:2008_000123:part_16,2008_000123,bird,torso,torso,0.770100474357605,0.870120644569397,0.12402088940143585,0.6188642978668213,1.0,1.0,1.0
fixed_uvd,test_unseen,14,val:2008_000123:part_17,2008_000123,bird,neck,neck,0.2321428507566452,0.37681159377098083,0.17266187071800232,0.06544754654169083,1.0,1.0,1.0
fixed_uvd,test_unseen,15,val:2008_000123:part_18,2008_000123,bird,leg,leg,0.010362694039940834,0.020512821152806282,0.17789292335510254,0.005774783436208963,1.0,1.0,1.0
fixed_uvd,test_unseen,16,val:2008_000123:part_19,2008_000123,bird,foot,foot,0.0,0.0,0.02380952425301075,0.002879078732803464,1.0,1.0,1.0
fixed_uvd,test_unseen,17,val:2008_000239:part_61,2008_000239,dog,head,head,0.7183607816696167,0.8361000418663025,0.060680605471134186,0.43960773944854736,1.0,1.0,1.0
fixed_uvd,test_unseen,18,val:2008_000239:part_62,2008_000239,dog,eye,eye,0.2271062284708023,0.37014925479888916,0.0,0.0167424064129591,1.0,1.0,1.0
fixed_uvd,test_unseen,19,val:2008_000239:part_63,2008_000239,dog,torso,torso,0.5039745569229126,0.6701902747154236,0.06952965259552002,0.10930399596691132,1.0,1.0,1.0
fixed_uvd,test_unseen,20,val:2008_000239:part_66,2008_000239,dog,nose,nose,0.0,0.0,0.0,0.025591963902115822,1.0,1.0,1.0
fixed_uvd,test_unseen,21,val:2008_000239:part_68,2008_000239,dog,ear,ear,0.5731707215309143,0.7286821603775024,0.02448979578912258,0.06481702625751495,1.0,1.0,1.0
fixed_uvd,test_unseen,22,val:2008_000239:part_69,2008_000239,dog,muzzle,muzzle,0.5003484487533569,0.6669763326644897,0.09463148564100266,0.25209280848503113,1.0,1.0,1.0
fixed_uvd,test_unseen,23,val:2008_000270:part_61,2008_000270,dog,head,head,0.375,0.5454545617103577,0.10273972898721695,0.1138681173324585,1.0,1.0,1.0
fixed_uvd,test_unseen,24,val:2008_000270:part_63,2008_000270,dog,torso,torso,0.6820375323295593,0.810965895652771,0.08136925101280212,0.4605710506439209,1.0,1.0,1.0
fixed_uvd,test_unseen,25,val:2008_000270:part_64,2008_000270,dog,neck,neck,0.3164556920528412,0.48076921701431274,0.11178247630596161,0.06424201279878616,1.0,1.0,1.0
fixed_uvd,test_unseen,26,val:2008_000270:part_65,2008_000270,dog,leg,leg,0.44517186284065247,0.6160815358161926,0.25806450843811035,0.22093813121318817,1.0,1.0,1.0
fixed_uvd,test_unseen,27,val:2008_000270:part_67,2008_000270,dog,paw,paw,0.5189873576164246,0.6833333373069763,0.3737373650074005,0.062202583998441696,1.0,1.0,1.0
fixed_uvd,test_unseen,28,val:2008_000270:part_68,2008_000270,dog,ear,ear,0.21590909361839294,0.35514017939567566,0.30909091234207153,0.016655337065458298,1.0,1.0,1.0
fixed_uvd,test_unseen,29,val:2008_000270:part_69,2008_000270,dog,muzzle,muzzle,0.0,0.0,0.0,0.018694765865802765,1.0,1.0,1.0
fixed_uvd,test_unseen,30,val:2008_000501:part_35,2008_000501,car,side,side,0.0746169239282608,0.1388716697692871,0.03938906639814377,0.14831189811229706,1.0,1.0,1.0
fixed_uvd,test_unseen,31,val:2008_000501:part_36,2008_000501,car,back,back,0.2572178542613983,0.4091857969760895,0.013899614103138447,0.24959807097911835,1.0,1.0,1.0
fixed_uvd,test_unseen,32,val:2008_000501:part_38,2008_000501,car,mirror,mirror,0.0,0.0,1.0,0.008440514095127583,1.0,1.0,1.0
fixed_uvd,test_unseen,33,val:2008_000501:part_39,2008_000501,car,license plate,license plate,0.0,0.0,0.0,0.00884244404733181,1.0,1.0,1.0
fixed_uvd,test_unseen,34,val:2008_000501:part_40,2008_000501,car,door,door,0.10905729979276657,0.1966666728258133,0.008849557489156723,0.19573955237865448,1.0,1.0,1.0
fixed_uvd,test_unseen,35,val:2008_000501:part_41,2008_000501,car,window,window,0.3069647550582886,0.46973684430122375,0.1158432736992836,0.375,1.0,1.0,1.0
fixed_uvd,test_unseen,36,val:2008_000533:part_12,2008_000533,bird,tail,tail,0.07594936341047287,0.1411764770746231,0.7161290049552917,0.03885003924369812,1.0,1.0,1.0
fixed_uvd,test_unseen,37,val:2008_000533:part_13,2008_000533,bird,head,head,0.6065573692321777,0.7551020383834839,0.2197125256061554,0.1534576565027237,1.0,1.0,1.0
fixed_uvd,test_unseen,38,val:2008_000533:part_14,2008_000533,bird,eye,eye,0.0,0.0,0.0,0.004662004765123129,1.0,1.0,1.0
fixed_uvd,test_unseen,39,val:2008_000533:part_15,2008_000533,bird,beak,beak,0.0,0.0,0.0,0.005827505607157946,1.0,1.0,1.0
fixed_uvd,test_unseen,40,val:2008_000533:part_16,2008_000533,bird,torso,torso,0.6606114506721497,0.795624315738678,0.05097365379333496,0.7777777910232544,1.0,1.0,1.0
fixed_uvd,test_unseen,41,val:2008_000533:part_18,2008_000533,bird,leg,leg,0.0,0.0,0.3333333432674408,0.014374514110386372,1.0,1.0,1.0
fixed_uvd,test_unseen,42,val:2008_000533:part_19,2008_000533,bird,foot,foot,0.025316456332802773,0.04938271641731262,0.9154929518699646,0.0038850039709359407,1.0,1.0,1.0
fixed_uvd,test_unseen,43,val:2008_000661:part_60,2008_000661,dog,tail,tail,0.0,0.0,1.0,0.00343712093308568,1.0,1.0,1.0
fixed_uvd,test_unseen,44,val:2008_000661:part_61,2008_000661,dog,head,head,0.2412213683128357,0.38868388533592224,0.07195571810007095,0.05479175224900246,1.0,1.0,1.0
fixed_uvd,test_unseen,45,val:2008_000661:part_63,2008_000661,dog,torso,torso,0.822191596031189,0.9024205803871155,0.0543859638273716,0.4929235875606537,1.0,1.0,1.0
fixed_uvd,test_unseen,46,val:2008_000661:part_64,2008_000661,dog,neck,neck,0.0,0.0,0.0,0.059239789843559265,1.0,1.0,1.0
fixed_uvd,test_unseen,47,val:2008_000661:part_65,2008_000661,dog,leg,leg,0.24495217204093933,0.3935125768184662,0.357545405626297,0.15082895755767822,1.0,1.0,1.0
fixed_uvd,test_unseen,48,val:2008_000661:part_67,2008_000661,dog,paw,paw,0.0,0.0,0.504273533821106,0.03275373950600624,1.0,1.0,1.0
fixed_uvd,test_unseen,49,val:2008_000661:part_68,2008_000661,dog,ear,ear,0.014925372786819935,0.029411764815449715,0.19387754797935486,0.007682976312935352,1.0,1.0,1.0
fixed_uvd,test_unseen,50,val:2008_000782:part_79,2008_000782,motorbike,wheel,wheel,0.17090441286563873,0.29191863536834717,0.0451371967792511,0.09752051532268524,1.0,1.0,1.0
fixed_uvd,test_unseen,51,val:2008_000782:part_82,2008_000782,motorbike,headlight,headlight,0.21109123528003693,0.3485967516899109,0.0,0.04880391061306,1.0,1.0,1.0
fixed_uvd,test_unseen,52,val:2008_000811:part_79,2008_000811,motorbike,wheel,wheel,0.2156948745250702,0.3548503518104553,0.10292135179042816,0.11287332326173782,1.0,1.0,1.0
fixed_uvd,test_unseen,53,val:2008_000848:part_12,2008_000848,bird,tail,tail,0.0,0.0,0.260869562625885,0.12341772019863129,1.0,1.0,1.0
fixed_uvd,test_unseen,54,val:2008_000848:part_13,2008_000848,bird,head,head,0.012195121496915817,0.024096384644508362,0.23134328424930573,0.10126582533121109,1.0,1.0,1.0
fixed_uvd,test_unseen,55,val:2008_000848:part_15,2008_000848,bird,beak,beak,0.0,0.0,0.0,0.0031645570416003466,1.0,1.0,1.0
fixed_uvd,test_unseen,56,val:2008_000848:part_16,2008_000848,bird,torso,torso,0.29323309659957886,0.45348837971687317,0.22772277891635895,0.7689873576164246,1.0,1.0,1.0
fixed_uvd,test_unseen,57,val:2008_000863:part_60,2008_000863,dog,tail,tail,0.5777125954627991,0.732342004776001,0.34660032391548157,0.15845896303653717,1.0,1.0,1.0
fixed_uvd,test_unseen,58,val:2008_000863:part_61,2008_000863,dog,head,head,0.42966359853744507,0.6010695099830627,0.12792792916297913,0.12730318307876587,1.0,1.0,1.0
fixed_uvd,test_unseen,59,val:2008_000863:part_62,2008_000863,dog,eye,eye,0.0,0.0,0.0,0.002345058601349592,1.0,1.0,1.0
fixed_uvd,test_unseen,60,val:2008_000863:part_63,2008_000863,dog,torso,torso,0.6580821871757507,0.7937871813774109,0.039898671209812164,0.48475712537765503,1.0,1.0,1.0
fixed_uvd,test_unseen,61,val:2008_000863:part_65,2008_000863,dog,leg,leg,0.23196721076965332,0.3765801787376404,0.276014119386673,0.12361808866262436,1.0,1.0,1.0
fixed_uvd,test_unseen,62,val:2008_000863:part_66,2008_000863,dog,nose,nose,0.0,0.0,0.0,0.005025125574320555,1.0,1.0,1.0
fixed_uvd,test_unseen,63,val:2008_000863:part_68,2008_000863,dog,ear,ear,0.0949999988079071,0.17351597547531128,0.7086614370346069,0.03082077018916607,1.0,1.0,1.0
fixed_uvd,test_unseen,64,val:2008_000863:part_69,2008_000863,dog,muzzle,muzzle,0.1373937726020813,0.24159401655197144,0.07352941483259201,0.06398659944534302,1.0,1.0,1.0
fixed_uvd,test_unseen,65,val:2008_000943:part_61,2008_000943,dog,head,head,0.6122931241989136,0.759530782699585,0.06076209992170334,0.1591958999633789,1.0,1.0,1.0
fixed_uvd,test_unseen,66,val:2008_000943:part_62,2008_000943,dog,eye,eye,0.35555556416511536,0.5245901346206665,0.0,0.0027373824268579483,1.0,1.0,1.0
fixed_uvd,test_unseen,67,val:2008_000943:part_63,2008_000943,dog,torso,torso,0.5819559097290039,0.7357422709465027,0.056845031678676605,0.36698031425476074,1.0,1.0,1.0
fixed_uvd,test_unseen,68,val:2008_000943:part_65,2008_000943,dog,leg,leg,0.6710875034332275,0.803174614906311,0.08375988900661469,0.13952095806598663,1.0,1.0,1.0
fixed_uvd,test_unseen,69,val:2008_000943:part_66,2008_000943,dog,nose,nose,0.021276595070958138,0.0416666679084301,0.0,0.008041060529649258,1.0,1.0,1.0
fixed_uvd,test_unseen,70,val:2008_000943:part_67,2008_000943,dog,paw,paw,0.6701863408088684,0.8025287985801697,0.1150442510843277,0.09469632059335709,1.0,1.0,1.0
fixed_uvd,test_unseen,71,val:2008_000943:part_68,2008_000943,dog,ear,ear,0.21524663269519806,0.35424354672431946,0.0,0.1464499533176422,1.0,1.0,1.0
fixed_uvd,test_unseen,72,val:2008_000943:part_69,2008_000943,dog,muzzle,muzzle,0.4247015714645386,0.596197247505188,0.1930394470691681,0.08109495043754578,1.0,1.0,1.0
fixed_uvd,test_unseen,73,val:2008_001070:part_61,2008_001070,dog,head,head,0.4622356593608856,0.6322314143180847,0.09653724730014801,0.15420271456241608,1.0,1.0,1.0
fixed_uvd,test_unseen,74,val:2008_001070:part_62,2008_001070,dog,eye,eye,0.16417910158634186,0.28205129504203796,0.0,0.005253399256616831,1.0,1.0,1.0
fixed_uvd,test_unseen,75,val:2008_001070:part_63,2008_001070,dog,torso,torso,0.7543327808380127,0.859965443611145,0.12471447885036469,0.5747836828231812,1.0,1.0,1.0
fixed_uvd,test_unseen,76,val:2008_001070:part_66,2008_001070,dog,nose,nose,0.0,0.0,0.0,0.0074165635742247105,1.0,1.0,1.0
fixed_uvd,test_unseen,77,val:2008_001070:part_68,2008_001070,dog,ear,ear,0.37318840622901917,0.5435356497764587,0.268456369638443,0.07107540220022202,1.0,1.0,1.0
fixed_uvd,test_unseen,78,val:2008_001070:part_69,2008_001070,dog,muzzle,muzzle,0.0,0.0,0.0,0.18046972155570984,1.0,1.0,1.0
fixed_uvd,test_unseen,79,val:2008_001150:part_79,2008_001150,motorbike,wheel,wheel,0.294223815202713,0.454672247171402,0.2594059407711029,0.299435019493103,1.0,1.0,1.0
fixed_uvd,test_unseen,80,val:2008_001379:part_60,2008_001379,dog,tail,tail,0.0,0.0,0.15736040472984314,0.0003203075029887259,1.0,1.0,1.0
fixed_uvd,test_unseen,81,val:2008_001379:part_61,2008_001379,dog,head,head,0.6736577153205872,0.8050125241279602,0.009957325644791126,0.3012492060661316,1.0,1.0,1.0
fixed_uvd,test_unseen,82,val:2008_001379:part_62,2008_001379,dog,eye,eye,0.09195402264595032,0.16842105984687805,0.0,0.008808456361293793,1.0,1.0,1.0
fixed_uvd,test_unseen,83,val:2008_001379:part_63,2008_001379,dog,torso,torso,0.525296688079834,0.6887797117233276,0.08217446506023407,0.2754644453525543,1.0,1.0,1.0
fixed_uvd,test_unseen,84,val:2008_001379:part_64,2008_001379,dog,neck,neck,0.3015463948249817,0.4633663296699524,0.0031545741949230433,0.030108904466032982,1.0,1.0,1.0
fixed_uvd,test_unseen,85,val:2008_001379:part_65,2008_001379,dog,leg,leg,0.1695607751607895,0.28995633125305176,0.25670498609542847,0.0997757837176323,1.0,1.0,1.0
fixed_uvd,test_unseen,86,val:2008_001379:part_66,2008_001379,dog,nose,nose,0.0,0.0,0.0,0.02930813655257225,1.0,1.0,1.0
fixed_uvd,test_unseen,87,val:2008_001379:part_67,2008_001379,dog,paw,paw,0.20380952954292297,0.3386076092720032,0.4119047522544861,0.03395259380340576,1.0,1.0,1.0
fixed_uvd,test_unseen,88,val:2008_001379:part_68,2008_001379,dog,ear,ear,0.30878859758377075,0.4718693196773529,0.10271317511796951,0.09385009855031967,1.0,1.0,1.0
fixed_uvd,test_unseen,89,val:2008_001379:part_69,2008_001379,dog,muzzle,muzzle,0.5400176048278809,0.7013135552406311,0.0,0.11771300435066223,1.0,1.0,1.0
fixed_uvd,test_unseen,90,val:2008_001478:part_61,2008_001478,dog,head,head,0.4008941948413849,0.5723404288291931,0.08832335472106934,0.15208275616168976,1.0,1.0,1.0
fixed_uvd,test_unseen,91,val:2008_001478:part_62,2008_001478,dog,eye,eye,0.2142857164144516,0.3529411852359772,0.0,0.006989097222685814,1.0,1.0,1.0
fixed_uvd,test_unseen,92,val:2008_001478:part_63,2008_001478,dog,torso,torso,0.6752058267593384,0.8061168789863586,0.15889950096607208,0.5258596539497375,1.0,1.0,1.0
fixed_uvd,test_unseen,93,val:2008_001478:part_66,2008_001478,dog,nose,nose,0.0,0.0,0.0,0.008386916480958462,1.0,1.0,1.0
fixed_uvd,test_unseen,94,val:2008_001478:part_68,2008_001478,dog,ear,ear,0.11915367841720581,0.21293532848358154,0.10596026480197906,0.1965334117412567,1.0,1.0,1.0
fixed_uvd,test_unseen,95,val:2008_001478:part_69,2008_001478,dog,muzzle,muzzle,0.41922006011009216,0.5907752513885498,0.0238450076431036,0.09728822857141495,1.0,1.0,1.0
fixed_uvd,test_unseen,96,val:2008_001514:part_11,2008_001514,bird,wing,wing,0.46882086992263794,0.6383635401725769,0.324701189994812,0.6068232655525208,1.0,1.0,1.0
fixed_uvd,test_unseen,97,val:2008_001514:part_12,2008_001514,bird,tail,tail,0.13844996690750122,0.24322538077831268,0.5712000131607056,0.14709171652793884,1.0,1.0,1.0
fixed_uvd,test_unseen,98,val:2008_001514:part_13,2008_001514,bird,head,head,0.3333333432674408,0.5,0.3478260934352875,0.03076062723994255,1.0,1.0,1.0
fixed_uvd,test_unseen,99,val:2008_001514:part_14,2008_001514,bird,eye,eye,0.0,0.0,0.0,0.0011185682378709316,1.0,1.0,1.0
fixed_uvd,test_unseen,100,val:2008_001514:part_15,2008_001514,bird,beak,beak,0.0,0.0,0.0,0.0011185682378709316,1.0,1.0,1.0
fixed_uvd,test_unseen,101,val:2008_001514:part_16,2008_001514,bird,torso,torso,0.46932005882263184,0.6388261914253235,0.13893966376781464,0.18959730863571167,1.0,1.0,1.0
fixed_uvd,test_unseen,102,val:2008_001895:part_61,2008_001895,dog,head,head,0.1263500452041626,0.22435307502746582,0.08891887962818146,0.06832163035869598,1.0,1.0,1.0
fixed_uvd,test_unseen,103,val:2008_001895:part_62,2008_001895,dog,eye,eye,0.17499999701976776,0.2978723347187042,0.0,0.001809365232475102,1.0,1.0,1.0
fixed_uvd,test_unseen,104,val:2008_001895:part_63,2008_001895,dog,torso,torso,0.5812821388244629,0.7352035641670227,0.1382734179496765,0.4588550329208374,1.0,1.0,1.0
fixed_uvd,test_unseen,105,val:2008_001895:part_66,2008_001895,dog,nose,nose,0.5638766288757324,0.7211267352104187,0.0,0.012593182735145092,1.0,1.0,1.0
fixed_uvd,test_unseen,106,val:2008_001895:part_68,2008_001895,dog,ear,ear,0.059153176844120026,0.11169900000095367,0.49735450744628906,0.10943040996789932,1.0,1.0,1.0
fixed_uvd,test_unseen,107,val:2008_001895:part_69,2008_001895,dog,muzzle,muzzle,0.14958283305168152,0.2602384686470032,0.19967663288116455,0.2898603081703186,1.0,1.0,1.0
fixed_uvd,test_unseen,108,val:2008_002043:part_11,2008_002043,bird,wing,wing,0.08376963436603546,0.15458936989307404,0.0,0.1294478476047516,1.0,1.0,1.0
fixed_uvd,test_unseen,109,val:2008_002043:part_12,2008_002043,bird,tail,tail,0.08705881983041763,0.16017316281795502,0.4714285731315613,0.06012269854545593,1.0,1.0,1.0
fixed_uvd,test_unseen,110,val:2008_002043:part_13,2008_002043,bird,head,head,0.8453181385993958,0.9161760807037354,0.028555111959576607,0.2785276174545288,1.0,1.0,1.0
fixed_uvd,test_unseen,111,val:2008_002043:part_14,2008_002043,bird,eye,eye,0.14942528307437897,0.25999999046325684,0.0,0.0021472391672432423,1.0,1.0,1.0
fixed_uvd,test_unseen,112,val:2008_002043:part_15,2008_002043,bird,beak,beak,0.0,0.0,0.0,0.014417177997529507,1.0,1.0,1.0
fixed_uvd,test_unseen,113,val:2008_002043:part_16,2008_002043,bird,torso,torso,0.7365565896034241,0.8482955098152161,0.02748885564506054,0.5099693536758423,1.0,1.0,1.0
fixed_uvd,test_unseen,114,val:2008_002043:part_18,2008_002043,bird,leg,leg,0.0,0.0,0.0,0.00015337423246819526,1.0,1.0,1.0
fixed_uvd,test_unseen,115,val:2008_002239:part_61,2008_002239,dog,head,head,0.4061594307422638,0.5776861906051636,0.07844574749469757,0.19111552834510803,1.0,1.0,1.0
fixed_uvd,test_unseen,116,val:2008_002239:part_62,2008_002239,dog,eye,eye,0.19393938779830933,0.32487308979034424,0.0,0.012597381137311459,1.0,1.0,1.0
fixed_uvd,test_unseen,117,val:2008_002239:part_63,2008_002239,dog,torso,torso,0.7918797731399536,0.8838536739349365,0.0955330953001976,0.4206862151622772,1.0,1.0,1.0
fixed_uvd,test_unseen,118,val:2008_002239:part_65,2008_002239,dog,leg,leg,0.29849013686180115,0.4597495496273041,0.23634053766727448,0.05486490949988365,1.0,1.0,1.0
fixed_uvd,test_unseen,119,val:2008_002239:part_66,2008_002239,dog,nose,nose,0.0517241396009922,0.09836065769195557,0.0,0.015415215864777565,1.0,1.0,1.0
fixed_uvd,test_unseen,120,val:2008_002239:part_67,2008_002239,dog,paw,paw,0.33033034205436707,0.496614009141922,0.14537444710731506,0.03580308333039284,1.0,1.0,1.0
fixed_uvd,test_unseen,121,val:2008_002239:part_68,2008_002239,dog,ear,ear,0.5099833607673645,0.6754820942878723,0.3527575433254242,0.1415547877550125,1.0,1.0,1.0
fixed_uvd,test_unseen,122,val:2008_002239:part_69,2008_002239,dog,muzzle,muzzle,0.48059508204460144,0.6491917967796326,0.06894287467002869,0.12696833908557892,1.0,1.0,1.0
fixed_uvd,test_unseen,123,val:2008_002240:part_79,2008_002240,motorbike,wheel,wheel,0.13412263989448547,0.23652228713035583,0.1728980541229248,0.056355856359004974,1.0,1.0,1.0
fixed_uvd,test_unseen,124,val:2008_002240:part_82,2008_002240,motorbike,headlight,headlight,0.03323262929916382,0.06432748585939407,0.0,0.004641070496290922,1.0,1.0,1.0
fixed_uvd,test_unseen,125,val:2008_002383:part_79,2008_002383,motorbike,wheel,wheel,0.17790602147579193,0.3020716607570648,0.06672199070453644,0.1491602212190628,1.0,1.0,1.0
fixed_uvd,test_unseen,126,val:2008_002429:part_11,2008_002429,bird,wing,wing,0.45966851711273193,0.6298258900642395,0.03929273039102554,0.2139209657907486,1.0,1.0,1.0
fixed_uvd,test_unseen,127,val:2008_002429:part_12,2008_002429,bird,tail,tail,0.07821229100227356,0.14507772028446198,0.05765920877456665,0.04240674898028374,1.0,1.0,1.0
fixed_uvd,test_unseen,128,val:2008_002429:part_13,2008_002429,bird,head,head,0.7432517409324646,0.8527187705039978,0.10231023281812668,0.1400976926088333,1.0,1.0,1.0
fixed_uvd,test_unseen,129,val:2008_002429:part_14,2008_002429,bird,eye,eye,0.2708333432674408,0.4262295067310333,0.0,0.0016651864862069488,1.0,1.0,1.0
fixed_uvd,test_unseen,130,val:2008_002429:part_15,2008_002429,bird,beak,beak,0.0,0.0,0.25,0.04562611132860184,1.0,1.0,1.0
fixed_uvd,test_unseen,131,val:2008_002429:part_16,2008_002429,bird,torso,torso,0.5919581055641174,0.7436855435371399,0.05790035054087639,0.5196492075920105,1.0,1.0,1.0
fixed_uvd,test_unseen,132,val:2008_002429:part_18,2008_002429,bird,leg,leg,0.03497409448027611,0.06758447736501694,0.1538461595773697,0.0049955593422055244,1.0,1.0,1.0
fixed_uvd,test_unseen,133,val:2008_002429:part_19,2008_002429,bird,foot,foot,0.09677419066429138,0.1764705926179886,0.1666666716337204,0.029973357915878296,1.0,1.0,1.0
fixed_uvd,test_unseen,134,val:2008_002536:part_60,2008_002536,dog,tail,tail,0.25,0.4000000059604645,0.24203822016716003,0.12373225390911102,1.0,1.0,1.0
fixed_uvd,test_unseen,135,val:2008_002536:part_61,2008_002536,dog,head,head,0.0,0.0,0.0,0.02298850566148758,1.0,1.0,1.0
fixed_uvd,test_unseen,136,val:2008_002536:part_63,2008_002536,dog,torso,torso,0.523809552192688,0.6875,0.014851485379040241,0.39080458879470825,1.0,1.0,1.0
fixed_uvd,test_unseen,137,val:2008_002536:part_64,2008_002536,dog,neck,neck,0.6331360936164856,0.7753623127937317,0.015625,0.1000676155090332,1.0,1.0,1.0
fixed_uvd,test_unseen,138,val:2008_002536:part_65,2008_002536,dog,leg,leg,0.2122986763715744,0.3502415418624878,0.5655527114868164,0.296822190284729,1.0,1.0,1.0
fixed_uvd,test_unseen,139,val:2008_002536:part_67,2008_002536,dog,paw,paw,0.0,0.0,0.0,0.020283976569771767,1.0,1.0,1.0
fixed_uvd,test_unseen,140,val:2008_002536:part_68,2008_002536,dog,ear,ear,0.0,0.0,0.0,0.016903312876820564,1.0,1.0,1.0
fixed_uvd,test_unseen,141,val:2008_002536:part_69,2008_002536,dog,muzzle,muzzle,0.0,0.0,1.0,0.028397565707564354,1.0,1.0,1.0
fixed_uvd,test_unseen,142,val:2008_002859:part_60,2008_002859,dog,tail,tail,0.20935411751270294,0.34622466564178467,0.31690141558647156,0.04976462572813034,1.0,1.0,1.0
fixed_uvd,test_unseen,143,val:2008_002859:part_61,2008_002859,dog,head,head,0.7318681478500366,0.8451776504516602,0.01473922934383154,0.06667307019233704,1.0,1.0,1.0
fixed_uvd,test_unseen,144,val:2008_002859:part_62,2008_002859,dog,eye,eye,0.21052631735801697,0.3478260934352875,0.0,0.002882121130824089,1.0,1.0,1.0
fixed_uvd,test_unseen,145,val:2008_002859:part_63,2008_002859,dog,torso,torso,0.7107487320899963,0.8309212327003479,0.042264267802238464,0.47891247272491455,1.0,1.0,1.0
fixed_uvd,test_unseen,146,val:2008_002859:part_64,2008_002859,dog,neck,neck,0.0,0.0,0.0,0.016524162143468857,1.0,1.0,1.0
fixed_uvd,test_unseen,147,val:2008_002859:part_65,2008_002859,dog,leg,leg,0.44896048307418823,0.6197000741958618,0.26644736528396606,0.27591508626937866,1.0,1.0,1.0
fixed_uvd,test_unseen,148,val:2008_002859:part_66,2008_002859,dog,nose,nose,0.0,0.0,0.0,0.00470746448263526,1.0,1.0,1.0
fixed_uvd,test_unseen,149,val:2008_002859:part_67,2008_002859,dog,paw,paw,0.2257683277130127,0.36837029457092285,0.3798449635505676,0.03765971586108208,1.0,1.0,1.0
fixed_uvd,test_unseen,150,val:2008_002859:part_68,2008_002859,dog,ear,ear,0.3821510374546051,0.5529801249504089,0.04871060326695442,0.02449803054332733,1.0,1.0,1.0
fixed_uvd,test_unseen,151,val:2008_002859:part_69,2008_002859,dog,muzzle,muzzle,0.6077097654342651,0.7559943795204163,0.125,0.03506580740213394,1.0,1.0,1.0
fixed_uvd,test_unseen,152,val:2008_002904:part_60,2008_002904,dog,tail,tail,0.2639999985694885,0.4177215099334717,0.5423728823661804,0.020435165613889694,1.0,1.0,1.0
fixed_uvd,test_unseen,153,val:2008_002904:part_61,2008_002904,dog,head,head,0.682697594165802,0.8114323019981384,0.04747948423027992,0.1967068463563919,1.0,1.0,1.0
fixed_uvd,test_unseen,154,val:2008_002904:part_62,2008_002904,dog,eye,eye,0.0979020968079567,0.17834395170211792,0.0,0.0066157011315226555,1.0,1.0,1.0
fixed_uvd,test_unseen,155,val:2008_002904:part_63,2008_002904,dog,torso,torso,0.7135543823242188,0.8328353762626648,0.04055050387978554,0.4351661205291748,1.0,1.0,1.0
fixed_uvd,test_unseen,156,val:2008_002904:part_65,2008_002904,dog,leg,leg,0.471207857131958,0.6405727863311768,0.10121011734008789,0.1743604838848114,1.0,1.0,1.0
fixed_uvd,test_unseen,157,val:2008_002904:part_66,2008_002904,dog,nose,nose,0.07017543911933899,0.13114753365516663,0.0,0.008232872933149338,1.0,1.0,1.0
fixed_uvd,test_unseen,158,val:2008_002904:part_67,2008_002904,dog,paw,paw,0.17884130775928497,0.3034188151359558,0.4415954351425171,0.01720082387328148,1.0,1.0,1.0
fixed_uvd,test_unseen,159,val:2008_002904:part_68,2008_002904,dog,ear,ear,0.6273584961891174,0.7710145115852356,0.0720268040895462,0.0643928274512291,1.0,1.0,1.0
fixed_uvd,test_unseen,160,val:2008_002904:part_69,2008_002904,dog,muzzle,muzzle,0.46694216132164,0.6366197466850281,0.28787878155708313,0.04983828216791153,1.0,1.0,1.0
fixed_uvd,test_unseen,161,val:2008_002936:part_61,2008_002936,dog,head,head,0.4350961446762085,0.6063651442527771,0.08443908393383026,0.0691680908203125,1.0,1.0,1.0
fixed_uvd,test_unseen,162,val:2008_002936:part_62,2008_002936,dog,eye,eye,0.0,0.0,0.0,0.0034110289998352528,1.0,1.0,1.0
fixed_uvd,test_unseen,163,val:2008_002936:part_63,2008_002936,dog,torso,torso,0.8011680841445923,0.8896094560623169,0.10715194791555405,0.599583089351654,1.0,1.0,1.0
fixed_uvd,test_unseen,164,val:2008_002936:part_64,2008_002936,dog,neck,neck,0.26243093609809875,0.41575491428375244,0.18090452253818512,0.04889141395688057,1.0,1.0,1.0
fixed_uvd,test_unseen,165,val:2008_002936:part_65,2008_002936,dog,leg,leg,0.5511875748634338,0.7106652855873108,0.243963360786438,0.1313246190547943,1.0,1.0,1.0
fixed_uvd,test_unseen,166,val:2008_002936:part_66,2008_002936,dog,nose,nose,0.0,0.0,0.0,0.006632556207478046,1.0,1.0,1.0
fixed_uvd,test_unseen,167,val:2008_002936:part_67,2008_002936,dog,paw,paw,0.311740905046463,0.4753086566925049,0.459090918302536,0.019708167761564255,1.0,1.0,1.0
fixed_uvd,test_unseen,168,val:2008_002936:part_68,2008_002936,dog,ear,ear,0.3580000102519989,0.5272459387779236,0.5080645084381104,0.05817699432373047,1.0,1.0,1.0
fixed_uvd,test_unseen,169,val:2008_002936:part_69,2008_002936,dog,muzzle,muzzle,0.46543779969215393,0.6352201104164124,0.10169491171836853,0.0422588586807251,1.0,1.0,1.0
fixed_uvd,test_unseen,170,val:2008_002958:part_32,2008_002958,car,wheel,wheel,0.0,0.0,0.030663328245282173,0.00027188690728507936,1.0,1.0,1.0
fixed_uvd,test_unseen,171,val:2008_002958:part_33,2008_002958,car,headlight,headlight,0.0,0.0,1.0,0.00027188690728507936,1.0,1.0,1.0
fixed_uvd,test_unseen,172,val:2008_002958:part_34,2008_002958,car,front,front,0.0,0.0,0.15415877103805542,0.0029907559510320425,1.0,1.0,1.0
fixed_uvd,test_unseen,173,val:2008_002958:part_41,2008_002958,car,window,window,0.0,0.0,0.0,0.00152256665751338,1.0,1.0,1.0
fixed_uvd,test_unseen,174,val:2008_003110:part_11,2008_003110,bird,wing,wing,0.3102094233036041,0.4735264778137207,0.026258205994963646,0.0669868215918541,1.0,1.0,1.0
fixed_uvd,test_unseen,175,val:2008_003110:part_13,2008_003110,bird,head,head,0.005586592014878988,0.011111111380159855,0.1538461595773697,0.020563969388604164,1.0,1.0,1.0
fixed_uvd,test_unseen,176,val:2008_003110:part_14,2008_003110,bird,eye,eye,0.0,0.0,0.0,0.0003694126207847148,1.0,1.0,1.0
fixed_uvd,test_unseen,177,val:2008_003110:part_15,2008_003110,bird,beak,beak,0.0,0.0,0.0,0.0004925501998513937,1.0,1.0,1.0
fixed_uvd,test_unseen,178,val:2008_003110:part_16,2008_003110,bird,torso,torso,0.3645879328250885,0.5343561172485352,0.0342424251139164,0.3270533084869385,1.0,1.0,1.0
fixed_uvd,test_unseen,179,val:2008_003110:part_17,2008_003110,bird,neck,neck,0.1152542382478714,0.20668692886829376,0.07342657446861267,0.005294914357364178,1.0,1.0,1.0
fixed_uvd,test_unseen,180,val:2008_003110:part_18,2008_003110,bird,leg,leg,0.030687831342220306,0.05954825505614281,0.20610687136650085,0.007018839940428734,1.0,1.0,1.0
fixed_uvd,test_unseen,181,val:2008_003110:part_19,2008_003110,bird,foot,foot,0.072727270424366,0.1355932205915451,0.7419354915618896,0.0034478511661291122,1.0,1.0,1.0
fixed_uvd,test_unseen,182,val:2008_003141:part_32,2008_003141,car,wheel,wheel,0.0544959120452404,0.1033591702580452,0.46857142448425293,0.012288276106119156,1.0,1.0,1.0
fixed_uvd,test_unseen,183,val:2008_003141:part_35,2008_003141,car,side,side,0.41006097197532654,0.5816216468811035,0.2647058963775635,0.1265360414981842,1.0,1.0,1.0
fixed_uvd,test_unseen,184,val:2008_003141:part_36,2008_003141,car,back,back,0.5623311400413513,0.7198616862297058,0.007136060856282711,0.6462969183921814,1.0,1.0,1.0
fixed_uvd,test_unseen,185,val:2008_003141:part_41,2008_003141,car,window,window,0.05693581700325012,0.10773751139640808,0.6583011746406555,0.16705413162708282,1.0,1.0,1.0
fixed_uvd,test_unseen,186,val:2008_003238:part_60,2008_003238,dog,tail,tail,0.52173912525177,0.6857143044471741,0.2539568245410919,0.061277396976947784,1.0,1.0,1.0
fixed_uvd,test_unseen,187,val:2008_003238:part_61,2008_003238,dog,head,head,0.6056948304176331,0.7544333338737488,0.0,0.168827086687088,1.0,1.0,1.0
fixed_uvd,test_unseen,188,val:2008_003238:part_62,2008_003238,dog,eye,eye,0.4098360538482666,0.5813953280448914,0.0,0.0020425799302756786,1.0,1.0,1.0
fixed_uvd,test_unseen,189,val:2008_003238:part_63,2008_003238,dog,torso,torso,0.3469669818878174,0.515182614326477,0.018907563760876656,0.20488648116588593,1.0,1.0,1.0
fixed_uvd,test_unseen,190,val:2008_003238:part_64,2008_003238,dog,neck,neck,0.31604278087615967,0.48029255867004395,0.06898395717144012,0.04642941430211067,1.0,1.0,1.0
fixed_uvd,test_unseen,191,val:2008_003238:part_65,2008_003238,dog,leg,leg,0.6657571792602539,0.7993447780609131,0.11076922714710236,0.31400737166404724,1.0,1.0,1.0
fixed_uvd,test_unseen,192,val:2008_003238:part_66,2008_003238,dog,nose,nose,0.0,0.0,0.0,0.00581349665299058,1.0,1.0,1.0
fixed_uvd,test_unseen,193,val:2008_003238:part_67,2008_003238,dog,paw,paw,0.26937270164489746,0.4244185984134674,0.12557077407836914,0.01964019238948822,1.0,1.0,1.0
fixed_uvd,test_unseen,194,val:2008_003238:part_68,2008_003238,dog,ear,ear,0.20272314548492432,0.3371069133281708,0.10328638553619385,0.09144473075866699,1.0,1.0,1.0
fixed_uvd,test_unseen,195,val:2008_003238:part_69,2008_003238,dog,muzzle,muzzle,0.4185110628604889,0.590070903301239,0.0,0.03495953977108002,1.0,1.0,1.0
fixed_uvd,test_unseen,196,val:2008_003511:part_60,2008_003511,dog,tail,tail,0.0,0.0,0.41726619005203247,0.02234332449734211,1.0,1.0,1.0
fixed_uvd,test_unseen,197,val:2008_003511:part_61,2008_003511,dog,head,head,0.6088992953300476,0.7569141387939453,0.0,0.1667574942111969,1.0,1.0,1.0
fixed_uvd,test_unseen,198,val:2008_003511:part_62,2008_003511,dog,eye,eye,0.0,0.0,0.0,0.007084468845278025,1.0,1.0,1.0
fixed_uvd,test_unseen,199,val:2008_003511:part_63,2008_003511,dog,torso,torso,0.5833333134651184,0.7368420958518982,0.04965243116021156,0.41416892409324646,1.0,1.0,1.0
fixed_uvd,test_unseen,200,val:2008_003511:part_65,2008_003511,dog,leg,leg,0.16015625,0.2760942876338959,0.41081079840660095,0.12207084149122238,1.0,1.0,1.0
fixed_uvd,test_unseen,201,val:2008_003511:part_66,2008_003511,dog,nose,nose,0.0,0.0,1.0,0.00817438680678606,1.0,1.0,1.0
fixed_uvd,test_unseen,202,val:2008_003511:part_67,2008_003511,dog,paw,paw,0.0,0.0,0.0,0.06539509445428848,1.0,1.0,1.0
fixed_uvd,test_unseen,203,val:2008_003511:part_68,2008_003511,dog,ear,ear,0.22580644488334656,0.3684210479259491,0.2442748099565506,0.07356948405504227,1.0,1.0,1.0
fixed_uvd,test_unseen,204,val:2008_003511:part_69,2008_003511,dog,muzzle,muzzle,0.21917808055877686,0.3595505654811859,0.010309278033673763,0.03978201746940613,1.0,1.0,1.0
fixed_uvd,test_unseen,205,val:2008_003576:part_61,2008_003576,dog,head,head,0.4075492322444916,0.5790905356407166,0.04494382068514824,0.13196870684623718,1.0,1.0,1.0
fixed_uvd,test_unseen,206,val:2008_003576:part_62,2008_003576,dog,eye,eye,0.18333333730697632,0.30985915660858154,0.0,0.007155932951718569,1.0,1.0,1.0
fixed_uvd,test_unseen,207,val:2008_003576:part_63,2008_003576,dog,torso,torso,0.7042763829231262,0.8264814019203186,0.09916951507329941,0.492594450712204,1.0,1.0,1.0
fixed_uvd,test_unseen,208,val:2008_003576:part_64,2008_003576,dog,neck,neck,0.4276169240474701,0.5990639328956604,0.1666666716337204,0.03877517208456993,1.0,1.0,1.0
fixed_uvd,test_unseen,209,val:2008_003576:part_65,2008_003576,dog,leg,leg,0.3627232015132904,0.5323505401611328,0.14963503181934357,0.06640040129423141,1.0,1.0,1.0
fixed_uvd,test_unseen,210,val:2008_003576:part_66,2008_003576,dog,nose,nose,0.19354838132858276,0.3243243098258972,0.0,0.014811116270720959,1.0,1.0,1.0
fixed_uvd,test_unseen,211,val:2008_003576:part_67,2008_003576,dog,paw,paw,0.3569844663143158,0.5261437892913818,0.5292397737503052,0.04493260011076927,1.0,1.0,1.0
fixed_uvd,test_unseen,212,val:2008_003576:part_68,2008_003576,dog,ear,ear,0.5086551308631897,0.6743159890174866,0.31748726963996887,0.0905308723449707,1.0,1.0,1.0
fixed_uvd,test_unseen,213,val:2008_003576:part_69,2008_003576,dog,muzzle,muzzle,0.0,0.0,0.0,0.09152936935424805,1.0,1.0,1.0
fixed_uvd,test_unseen,214,val:2008_003577:part_32,2008_003577,car,wheel,wheel,0.6632124185562134,0.7975077629089355,0.048411495983600616,0.0703795775771141,1.0,1.0,1.0
fixed_uvd,test_unseen,215,val:2008_003577:part_33,2008_003577,car,headlight,headlight,0.22503961622714996,0.36739975214004517,0.039772726595401764,0.015853291377425194,1.0,1.0,1.0
fixed_uvd,test_unseen,216,val:2008_003577:part_34,2008_003577,car,front,front,0.5461196303367615,0.7064390182495117,0.06148458644747734,0.4821132719516754,1.0,1.0,1.0
fixed_uvd,test_unseen,217,val:2008_003577:part_35,2008_003577,car,side,side,0.24481995403766632,0.39334195852279663,0.04222427308559418,0.13962946832180023,1.0,1.0,1.0
fixed_uvd,test_unseen,218,val:2008_003577:part_38,2008_003577,car,mirror,mirror,0.07878787815570831,0.14606741070747375,0.06802721321582794,0.00233468902297318,1.0,1.0,1.0
fixed_uvd,test_unseen,219,val:2008_003577:part_40,2008_003577,car,door,door,0.002644503256306052,0.0052750566974282265,0.15463916957378387,0.09628709405660629,1.0,1.0,1.0
fixed_uvd,test_unseen,220,val:2008_003577:part_41,2008_003577,car,window,window,0.5793784856796265,0.7336790561676025,0.04269333928823471,0.09252146631479263,1.0,1.0,1.0
fixed_uvd,test_unseen,221,val:2008_003846:part_32,2008_003846,car,wheel,wheel,0.7164347767829895,0.8347940444946289,0.03635505214333534,0.20776352286338806,1.0,1.0,1.0
fixed_uvd,test_unseen,222,val:2008_003846:part_33,2008_003846,car,headlight,headlight,0.0,0.0,0.0,0.011042214930057526,1.0,1.0,1.0
fixed_uvd,test_unseen,223,val:2008_003846:part_35,2008_003846,car,side,side,0.2934105694293976,0.45370057225227356,0.010214375331997871,0.33177611231803894,1.0,1.0,1.0
fixed_uvd,test_unseen,224,val:2008_003846:part_40,2008_003846,car,door,door,0.0,0.0,0.0,0.28140661120414734,1.0,1.0,1.0
fixed_uvd,test_unseen,225,val:2008_003846:part_41,2008_003846,car,window,window,0.2809116840362549,0.43861210346221924,0.0,0.144822895526886,1.0,1.0,1.0
fixed_uvd,test_unseen,226,val:2008_004069:part_32,2008_004069,car,wheel,wheel,0.0,0.0,0.0,0.014715415425598621,1.0,1.0,1.0
fixed_uvd,test_unseen,227,val:2008_004069:part_33,2008_004069,car,headlight,headlight,0.4862518012523651,0.6543329954147339,0.0,0.03507066145539284,1.0,1.0,1.0
fixed_uvd,test_unseen,228,val:2008_004069:part_34,2008_004069,car,front,front,0.7964125275611877,0.8866699934005737,0.036422889679670334,0.6221314668655396,1.0,1.0,1.0
fixed_uvd,test_unseen,229,val:2008_004069:part_38,2008_004069,car,mirror,mirror,0.28794991970062256,0.44714459776878357,0.16805323958396912,0.014391287229955196,1.0,1.0,1.0
fixed_uvd,test_unseen,230,val:2008_004069:part_41,2008_004069,car,window,window,0.6093986630439758,0.7572998404502869,0.09122157841920853,0.1677687019109726,1.0,1.0,1.0
fixed_uvd,test_unseen,231,val:2008_004339:part_32,2008_004339,car,wheel,wheel,0.1071428582072258,0.19354838132858276,0.28070175647735596,0.16044776141643524,1.0,1.0,1.0
fixed_uvd,test_unseen,232,val:2008_004339:part_33,2008_004339,car,headlight,headlight,0.0,0.0,0.0,0.03606965020298958,1.0,1.0,1.0
fixed_uvd,test_unseen,233,val:2008_004339:part_34,2008_004339,car,front,front,0.0,0.0,0.0,0.21268656849861145,1.0,1.0,1.0
fixed_uvd,test_unseen,234,val:2008_004339:part_35,2008_004339,car,side,side,0.0,0.0,0.0,0.3868159055709839,1.0,1.0,1.0
fixed_uvd,test_unseen,235,val:2008_004339:part_41,2008_004339,car,window,window,0.0,0.0,0.0,0.11567164212465286,1.0,1.0,1.0
fixed_uvd,test_unseen,236,val:2008_004345:part_79,2008_004345,motorbike,wheel,wheel,0.6186906099319458,0.7644334435462952,0.06258448213338852,0.34832963347435,1.0,1.0,1.0
fixed_uvd,test_unseen,237,val:2008_004345:part_82,2008_004345,motorbike,headlight,headlight,0.0,0.0,0.0,0.02635486237704754,1.0,1.0,1.0
fixed_uvd,test_unseen,238,val:2008_004453:part_100,2008_004453,sheep,head,head,0.7441679835319519,0.8533214330673218,0.05877342447638512,0.06784716993570328,1.0,1.0,1.0
fixed_uvd,test_unseen,239,val:2008_004453:part_101,2008_004453,sheep,eye,eye,0.024390242993831635,0.0476190485060215,0.0,0.00038080732338130474,1.0,1.0,1.0
fixed_uvd,test_unseen,240,val:2008_004453:part_102,2008_004453,sheep,torso,torso,0.20415166020393372,0.3390796482563019,0.06523265689611435,0.1680629551410675,1.0,1.0,1.0
fixed_uvd,test_unseen,241,val:2008_004453:part_104,2008_004453,sheep,leg,leg,0.002298850566148758,0.004587155766785145,0.3073607385158539,0.029956841841340065,1.0,1.0,1.0
fixed_uvd,test_unseen,242,val:2008_004453:part_105,2008_004453,sheep,ear,ear,0.18435753881931305,0.3113207519054413,0.21645021438598633,0.012249302119016647,1.0,1.0,1.0
fixed_uvd,test_unseen,243,val:2008_004453:part_106,2008_004453,sheep,muzzle,muzzle,0.37329286336898804,0.5436463952064514,0.08528784662485123,0.027671998366713524,1.0,1.0,1.0
fixed_uvd,test_unseen,244,val:2008_004552:part_32,2008_004552,car,wheel,wheel,0.5482204556465149,0.7081943154335022,0.094428151845932,0.13841216266155243,1.0,1.0,1.0
fixed_uvd,test_unseen,245,val:2008_004552:part_35,2008_004552,car,side,side,0.46092361211776733,0.6310030221939087,0.06258451193571091,0.4252825379371643,1.0,1.0,1.0
fixed_uvd,test_unseen,246,val:2008_004552:part_36,2008_004552,car,back,back,0.49302324652671814,0.6604361534118652,0.22213967144489288,0.12571507692337036,1.0,1.0,1.0
fixed_uvd,test_unseen,247,val:2008_004552:part_38,2008_004552,car,mirror,mirror,0.0,0.0,1.0,0.00516255060210824,1.0,1.0,1.0
fixed_uvd,test_unseen,248,val:2008_004552:part_39,2008_004552,car,license plate,license plate,0.0,0.0,0.0,0.0009766987059265375,1.0,1.0,1.0
fixed_uvd,test_unseen,249,val:2008_004552:part_40,2008_004552,car,door,door,0.0,0.0,0.0,0.14636528491973877,1.0,1.0,1.0
fixed_uvd,test_unseen,250,val:2008_004552:part_41,2008_004552,car,window,window,0.4846350848674774,0.6528676152229309,0.044363636523485184,0.1317148059606552,1.0,1.0,1.0
fixed_uvd,test_unseen,251,val:2008_004621:part_100,2008_004621,sheep,head,head,0.6022727489471436,0.7517730593681335,0.11602210253477097,0.12140419334173203,1.0,1.0,1.0
fixed_uvd,test_unseen,252,val:2008_004621:part_101,2008_004621,sheep,eye,eye,0.0,0.0,0.0,0.0022753127850592136,1.0,1.0,1.0
fixed_uvd,test_unseen,253,val:2008_004621:part_102,2008_004621,sheep,torso,torso,0.770504891872406,0.8703787326812744,0.07139983773231506,0.6338371634483337,1.0,1.0,1.0
fixed_uvd,test_unseen,254,val:2008_004621:part_103,2008_004621,sheep,neck,neck,0.3502722382545471,0.5188171863555908,0.05511811003088951,0.05899561196565628,1.0,1.0,1.0
fixed_uvd,test_unseen,255,val:2008_004621:part_104,2008_004621,sheep,leg,leg,0.4298737645149231,0.6012751460075378,0.15513473749160767,0.10823988169431686,1.0,1.0,1.0
fixed_uvd,test_unseen,256,val:2008_004621:part_105,2008_004621,sheep,ear,ear,0.3667426109313965,0.5366666913032532,0.16717325150966644,0.04404355585575104,1.0,1.0,1.0
fixed_uvd,test_unseen,257,val:2008_004621:part_106,2008_004621,sheep,muzzle,muzzle,0.0,0.0,0.09239130467176437,0.010563952848315239,1.0,1.0,1.0
fixed_uvd,test_unseen,258,val:2008_004854:part_100,2008_004854,sheep,head,head,0.4462222158908844,0.61708664894104,0.12366548180580139,0.05361901596188545,1.0,1.0,1.0
fixed_uvd,test_unseen,259,val:2008_004854:part_101,2008_004854,sheep,eye,eye,0.0,0.0,0.0,0.0007994883344508708,1.0,1.0,1.0
fixed_uvd,test_unseen,260,val:2008_004854:part_102,2008_004854,sheep,torso,torso,0.5180103778839111,0.6824859380722046,0.05137823149561882,0.49525636434555054,1.0,1.0,1.0
fixed_uvd,test_unseen,261,val:2008_004854:part_103,2008_004854,sheep,neck,neck,0.5668257474899292,0.7235338687896729,0.002039151731878519,0.07925594598054886,1.0,1.0,1.0
fixed_uvd,test_unseen,262,val:2008_004854:part_104,2008_004854,sheep,leg,leg,0.10478360205888748,0.1896907240152359,0.16620498895645142,0.0066091036424040794,1.0,1.0,1.0
fixed_uvd,test_unseen,263,val:2008_004854:part_105,2008_004854,sheep,ear,ear,0.28484848141670227,0.4433962404727936,0.0181818176060915,0.0050101266242563725,1.0,1.0,1.0
fixed_uvd,test_unseen,264,val:2008_004854:part_106,2008_004854,sheep,muzzle,muzzle,0.4389233887195587,0.6100719571113586,0.23728813230991364,0.01188572682440281,1.0,1.0,1.0
fixed_uvd,test_unseen,265,val:2008_005049:part_79,2008_005049,motorbike,wheel,wheel,0.32235294580459595,0.4875444769859314,0.010699001140892506,0.2459302395582199,1.0,1.0,1.0
fixed_uvd,test_unseen,266,val:2008_005197:part_63,2008_005197,dog,torso,torso,0.280303031206131,0.4378698170185089,0.06877192854881287,0.2784847617149353,1.0,1.0,1.0
fixed_uvd,test_unseen,267,val:2008_005197:part_65,2008_005197,dog,leg,leg,0.13244514167308807,0.23391003906726837,0.49791231751441956,0.14412547647953033,1.0,1.0,1.0
fixed_uvd,test_unseen,268,val:2008_005422:part_79,2008_005422,motorbike,wheel,wheel,0.29261118173599243,0.4527443051338196,0.032337434589862823,0.16635513305664062,1.0,1.0,1.0
fixed_uvd,test_unseen,269,val:2008_005422:part_82,2008_005422,motorbike,headlight,headlight,0.17834395170211792,0.3027026951313019,0.0,0.014672896824777126,1.0,1.0,1.0
fixed_uvd,test_unseen,270,val:2008_005633:part_99,2008_005633,sheep,tail,tail,0.22813688218593597,0.37151703238487244,0.4790874421596527,0.008908686228096485,1.0,1.0,1.0
fixed_uvd,test_unseen,271,val:2008_005633:part_100,2008_005633,sheep,head,head,0.43928036093711853,0.6104166507720947,0.08045977354049683,0.06503340601921082,1.0,1.0,1.0
fixed_uvd,test_unseen,272,val:2008_005633:part_101,2008_005633,sheep,eye,eye,0.1428571492433548,0.25,0.0,0.0017817371990531683,1.0,1.0,1.0
fixed_uvd,test_unseen,273,val:2008_005633:part_102,2008_005633,sheep,torso,torso,0.8417459726333618,0.9140738844871521,0.053560175001621246,0.6149963140487671,1.0,1.0,1.0
fixed_uvd,test_unseen,274,val:2008_005633:part_103,2008_005633,sheep,neck,neck,0.6317991614341736,0.7743589878082275,0.0731707289814949,0.07631774246692657,1.0,1.0,1.0
fixed_uvd,test_unseen,275,val:2008_005633:part_104,2008_005633,sheep,leg,leg,0.4884038269519806,0.656278669834137,0.3176877498626709,0.18544915318489075,1.0,1.0,1.0
fixed_uvd,test_unseen,276,val:2008_005633:part_105,2008_005633,sheep,ear,ear,0.38675957918167114,0.5577889680862427,0.4149377644062042,0.023311061784625053,1.0,1.0,1.0
fixed_uvd,test_unseen,277,val:2008_005633:part_106,2008_005633,sheep,muzzle,muzzle,0.2905983030796051,0.4503311216831207,0.21794871985912323,0.02019302174448967,1.0,1.0,1.0
fixed_uvd,test_unseen,278,val:2008_005637:part_79,2008_005637,motorbike,wheel,wheel,0.5914136171340942,0.7432556748390198,0.15699268877506256,0.41938841342926025,1.0,1.0,1.0
fixed_uvd,test_unseen,279,val:2008_005637:part_82,2008_005637,motorbike,headlight,headlight,0.0,0.0,0.0,0.014964216388761997,1.0,1.0,1.0
fixed_uvd,test_unseen,280,val:2008_006130:part_61,2008_006130,dog,head,head,0.593731164932251,0.745083212852478,0.0013440860202535987,0.25769057869911194,1.0,1.0,1.0
fixed_uvd,test_unseen,281,val:2008_006130:part_62,2008_006130,dog,eye,eye,0.10227272659540176,0.1855670064687729,0.0,0.0015604101354256272,1.0,1.0,1.0
fixed_uvd,test_unseen,282,val:2008_006130:part_63,2008_006130,dog,torso,torso,0.6745904684066772,0.805678129196167,0.16174250841140747,0.4175211787223816,1.0,1.0,1.0
fixed_uvd,test_unseen,283,val:2008_006130:part_65,2008_006130,dog,leg,leg,0.32818883657455444,0.4941900074481964,0.11750245839357376,0.09942042082548141,1.0,1.0,1.0
fixed_uvd,test_unseen,284,val:2008_006130:part_66,2008_006130,dog,nose,nose,0.38818565011024475,0.5592705011367798,0.0,0.02262594737112522,1.0,1.0,1.0
fixed_uvd,test_unseen,285,val:2008_006130:part_67,2008_006130,dog,paw,paw,0.0,0.0,0.03663003817200661,0.012594738975167274,1.0,1.0,1.0
fixed_uvd,test_unseen,286,val:2008_006130:part_68,2008_006130,dog,ear,ear,0.49578413367271423,0.662908673286438,0.1165919303894043,0.049152921885252,1.0,1.0,1.0
fixed_uvd,test_unseen,287,val:2008_006130:part_69,2008_006130,dog,muzzle,muzzle,0.5681691765785217,0.7246273756027222,0.104347825050354,0.12182345241308212,1.0,1.0,1.0
fixed_uvd,test_unseen,288,val:2008_006143:part_13,2008_006143,bird,head,head,0.0,0.0,0.0,0.03333333507180214,1.0,1.0,1.0
fixed_uvd,test_unseen,289,val:2008_006143:part_16,2008_006143,bird,torso,torso,0.3755868673324585,0.5460751056671143,0.45695364475250244,0.9466666579246521,1.0,1.0,1.0
fixed_uvd,test_unseen,290,val:2008_006254:part_32,2008_006254,car,wheel,wheel,0.005464480724185705,0.010869565419852734,0.528493344783783,0.0008946830057539046,1.0,1.0,1.0
fixed_uvd,test_unseen,291,val:2008_006327:part_100,2008_006327,sheep,head,head,0.5087719559669495,0.6744186282157898,0.05536912754178047,0.047354619950056076,1.0,1.0,1.0
fixed_uvd,test_unseen,292,val:2008_006327:part_101,2008_006327,sheep,eye,eye,0.0,0.0,0.0,0.00038562394911423326,1.0,1.0,1.0
fixed_uvd,test_unseen,293,val:2008_006327:part_102,2008_006327,sheep,torso,torso,0.24311822652816772,0.3911425769329071,0.058883827179670334,0.17268240451812744,1.0,1.0,1.0
fixed_uvd,test_unseen,294,val:2008_006327:part_103,2008_006327,sheep,neck,neck,0.022635407745838165,0.04426877573132515,0.0359281450510025,0.007403979543596506,1.0,1.0,1.0
fixed_uvd,test_unseen,295,val:2008_006327:part_104,2008_006327,sheep,leg,leg,0.46399998664855957,0.6338797807693481,0.1774969846010208,0.06941230595111847,1.0,1.0,1.0
fixed_uvd,test_unseen,296,val:2008_006327:part_105,2008_006327,sheep,ear,ear,0.24755245447158813,0.3968609869480133,0.03511705622076988,0.022674687206745148,1.0,1.0,1.0
fixed_uvd,test_unseen,297,val:2008_006327:part_106,2008_006327,sheep,muzzle,muzzle,0.18414919078350067,0.31102362275123596,0.06862745434045792,0.015579206869006157,1.0,1.0,1.0
fixed_uvd,test_unseen,298,val:2008_006526:part_36,2008_006526,car,back,back,0.0,0.0,1.0,0.7288135886192322,1.0,1.0,1.0
fixed_uvd,test_unseen,299,val:2008_006722:part_61,2008_006722,dog,head,head,0.42296072840690613,0.5944798588752747,0.05860113352537155,0.08958785235881805,1.0,1.0,1.0
fixed_uvd,test_unseen,300,val:2008_006722:part_62,2008_006722,dog,eye,eye,0.11428571492433548,0.20512820780277252,0.0,0.0075921909883618355,1.0,1.0,1.0
fixed_uvd,test_unseen,301,val:2008_006722:part_63,2008_006722,dog,torso,torso,0.5398563146591187,0.7011775374412537,0.08145948499441147,0.46507591009140015,1.0,1.0,1.0
fixed_uvd,test_unseen,302,val:2008_006722:part_65,2008_006722,dog,leg,leg,0.3511131703853607,0.5197390913963318,0.11823273450136185,0.28329718112945557,1.0,1.0,1.0
fixed_uvd,test_unseen,303,val:2008_006722:part_66,2008_006722,dog,nose,nose,0.0,0.0,0.0,0.004772234242409468,1.0,1.0,1.0
fixed_uvd,test_unseen,304,val:2008_006722:part_67,2008_006722,dog,paw,paw,0.16744185984134674,0.2868525981903076,0.4375,0.02906724438071251,1.0,1.0,1.0
fixed_uvd,test_unseen,305,val:2008_006722:part_68,2008_006722,dog,ear,ear,0.1941964328289032,0.3252336382865906,0.48770493268966675,0.06312364339828491,1.0,1.0,1.0
fixed_uvd,test_unseen,306,val:2008_006722:part_69,2008_006722,dog,muzzle,muzzle,0.36199095845222473,0.5315614342689514,0.0,0.04750542342662811,1.0,1.0,1.0
fixed_uvd,test_unseen,307,val:2008_006835:part_100,2008_006835,sheep,head,head,0.4252491593360901,0.5967366099357605,0.08538011461496353,0.06239167973399162,1.0,1.0,1.0
fixed_uvd,test_unseen,308,val:2008_006835:part_102,2008_006835,sheep,torso,torso,0.5124663710594177,0.6776565313339233,0.10843154788017273,0.42128828167915344,1.0,1.0,1.0
fixed_uvd,test_unseen,309,val:2008_006835:part_103,2008_006835,sheep,neck,neck,0.37226277589797974,0.542553186416626,0.07377049326896667,0.07336799800395966,1.0,1.0,1.0
fixed_uvd,test_unseen,310,val:2008_006835:part_104,2008_006835,sheep,leg,leg,0.3177620768547058,0.4822753369808197,0.320043683052063,0.08593298494815826,1.0,1.0,1.0
fixed_uvd,test_unseen,311,val:2008_006835:part_105,2008_006835,sheep,ear,ear,0.050209205597639084,0.09561753273010254,0.5,0.018341999500989914,1.0,1.0,1.0
fixed_uvd,test_unseen,312,val:2008_006874:part_79,2008_006874,motorbike,wheel,wheel,0.46395209431648254,0.6338350772857666,0.08335451036691666,0.4672676622867584,1.0,1.0,1.0
fixed_uvd,test_unseen,313,val:2008_006874:part_81,2008_006874,motorbike,handlebar,handlebar,0.12476250529289246,0.22184684872627258,0.34013158082962036,0.05494741350412369,1.0,1.0,1.0
fixed_uvd,test_unseen,314,val:2008_006874:part_82,2008_006874,motorbike,headlight,headlight,0.6603773832321167,0.7954545617103577,0.0051282052882015705,0.0525863915681839,1.0,1.0,1.0
fixed_uvd,test_unseen,315,val:2008_006981:part_61,2008_006981,dog,head,head,0.7006947994232178,0.8240100741386414,0.02459508180618286,0.47882428765296936,1.0,1.0,1.0
fixed_uvd,test_unseen,316,val:2008_006981:part_62,2008_006981,dog,eye,eye,0.43478259444236755,0.6060606241226196,0.0,0.013590391725301743,1.0,1.0,1.0
fixed_uvd,test_unseen,317,val:2008_006981:part_63,2008_006981,dog,torso,torso,0.565517246723175,0.7224669456481934,0.034866467118263245,0.29140329360961914,1.0,1.0,1.0
fixed_uvd,test_unseen,318,val:2008_006981:part_66,2008_006981,dog,nose,nose,0.0,0.0,0.0,0.018963336944580078,1.0,1.0,1.0
fixed_uvd,test_unseen,319,val:2008_006981:part_69,2008_006981,dog,muzzle,muzzle,0.5137085318565369,0.6787416338920593,0.04100227728486061,0.19279393553733826,1.0,1.0,1.0
fixed_uvd,test_unseen,320,val:2008_006986:part_32,2008_006986,car,wheel,wheel,0.7361319065093994,0.8480138182640076,0.12708498537540436,0.10757175087928772,1.0,1.0,1.0
fixed_uvd,test_unseen,321,val:2008_006986:part_34,2008_006986,car,front,front,0.5766205787658691,0.7314639687538147,0.07208976149559021,0.22878079116344452,1.0,1.0,1.0
fixed_uvd,test_unseen,322,val:2008_006986:part_35,2008_006986,car,side,side,0.667037308216095,0.8002668023109436,0.02631578966975212,0.4917565584182739,1.0,1.0,1.0
fixed_uvd,test_unseen,323,val:2008_006986:part_38,2008_006986,car,mirror,mirror,0.10179640352725983,0.18478260934352875,0.0,0.008446977473795414,1.0,1.0,1.0
fixed_uvd,test_unseen,324,val:2008_006986:part_41,2008_006986,car,window,window,0.5225271582603455,0.6863945722579956,0.009950248524546623,0.15601465106010437,1.0,1.0,1.0
fixed_uvd,test_unseen,325,val:2008_007120:part_11,2008_007120,bird,wing,wing,0.14897958934307098,0.2593250572681427,0.4545454680919647,0.09844174981117249,1.0,1.0,1.0
fixed_uvd,test_unseen,326,val:2008_007120:part_12,2008_007120,bird,tail,tail,0.516791045665741,0.6814268231391907,0.23493975400924683,0.19688349962234497,1.0,1.0,1.0
fixed_uvd,test_unseen,327,val:2008_007120:part_13,2008_007120,bird,head,head,0.3212074339389801,0.4862331449985504,0.28560370206832886,0.10264655202627182,1.0,1.0,1.0
fixed_uvd,test_unseen,328,val:2008_007120:part_14,2008_007120,bird,eye,eye,0.09090909361839294,0.1666666716337204,0.0,0.002226069802418351,1.0,1.0,1.0
fixed_uvd,test_unseen,329,val:2008_007120:part_15,2008_007120,bird,beak,beak,0.0,0.0,0.0,0.04798417165875435,1.0,1.0,1.0
fixed_uvd,test_unseen,330,val:2008_007120:part_16,2008_007120,bird,torso,torso,0.6060120463371277,0.7546793222427368,0.10928270220756531,0.4048973619937897,1.0,1.0,1.0
fixed_uvd,test_unseen,331,val:2008_007120:part_17,2008_007120,bird,neck,neck,0.668615996837616,0.8014018535614014,0.002710027154535055,0.12045510858297348,1.0,1.0,1.0
fixed_uvd,test_unseen,332,val:2008_007120:part_18,2008_007120,bird,leg,leg,0.003687768941745162,0.007348438259214163,0.24646589159965515,0.001484046457335353,1.0,1.0,1.0
fixed_uvd,test_unseen,333,val:2008_007120:part_19,2008_007120,bird,foot,foot,0.19334720075130463,0.32404181361198425,0.4300626218318939,0.023497402667999268,1.0,1.0,1.0
fixed_uvd,test_unseen,334,val:2008_007378:part_60,2008_007378,dog,tail,tail,0.3127659559249878,0.47649919986724854,0.529691219329834,0.04609595611691475,1.0,1.0,1.0
fixed_uvd,test_unseen,335,val:2008_007378:part_61,2008_007378,dog,head,head,0.5622189044952393,0.7197696566581726,0.004587155766785145,0.0912511795759201,1.0,1.0,1.0
fixed_uvd,test_unseen,336,val:2008_007378:part_62,2008_007378,dog,eye,eye,0.0,0.0,0.0,0.003998118452727795,1.0,1.0,1.0
fixed_uvd,test_unseen,337,val:2008_007378:part_63,2008_007378,dog,torso,torso,0.7094216346740723,0.830013632774353,0.03776361048221588,0.3824082911014557,1.0,1.0,1.0
fixed_uvd,test_unseen,338,val:2008_007378:part_65,2008_007378,dog,leg,leg,0.4289405643939972,0.6003616452217102,0.368348628282547,0.26763877272605896,1.0,1.0,1.0
fixed_uvd,test_unseen,339,val:2008_007378:part_66,2008_007378,dog,nose,nose,0.0,0.0,0.0,0.005644402466714382,1.0,1.0,1.0
fixed_uvd,test_unseen,340,val:2008_007378:part_67,2008_007378,dog,paw,paw,0.2994241714477539,0.46085673570632935,0.5583756566047668,0.08678269386291504,1.0,1.0,1.0
fixed_uvd,test_unseen,341,val:2008_007378:part_68,2008_007378,dog,ear,ear,0.26501035690307617,0.4189852774143219,0.0379403792321682,0.05691439285874367,1.0,1.0,1.0
fixed_uvd,test_unseen,342,val:2008_007378:part_69,2008_007378,dog,muzzle,muzzle,0.1464088410139084,0.2554216980934143,0.0,0.039981186389923096,1.0,1.0,1.0
fixed_uvd,test_unseen,343,val:2008_007497:part_99,2008_007497,sheep,tail,tail,0.0,0.0,0.6792452931404114,0.000985221704468131,1.0,1.0,1.0
fixed_uvd,test_unseen,344,val:2008_007497:part_100,2008_007497,sheep,head,head,0.3279569745063782,0.49392712116241455,0.19565217196941376,0.062068965286016464,1.0,1.0,1.0
fixed_uvd,test_unseen,345,val:2008_007497:part_101,2008_007497,sheep,eye,eye,0.0,0.0,0.0,0.000985221704468131,1.0,1.0,1.0
fixed_uvd,test_unseen,346,val:2008_007497:part_102,2008_007497,sheep,torso,torso,0.6372239589691162,0.7784200310707092,0.17321015894412994,0.6807881593704224,1.0,1.0,1.0
fixed_uvd,test_unseen,347,val:2008_007497:part_103,2008_007497,sheep,neck,neck,0.2647058963775635,0.41860464215278625,0.014492753893136978,0.05911330133676529,1.0,1.0,1.0
fixed_uvd,test_unseen,348,val:2008_007497:part_104,2008_007497,sheep,leg,leg,0.1883561611175537,0.31700289249420166,0.5169491767883301,0.10935960710048676,1.0,1.0,1.0
fixed_uvd,test_unseen,349,val:2008_007497:part_105,2008_007497,sheep,ear,ear,0.01666666753590107,0.032786883413791656,0.3214285671710968,0.004926108289510012,1.0,1.0,1.0
fixed_uvd,test_unseen,350,val:2008_007497:part_106,2008_007497,sheep,muzzle,muzzle,0.05882352963089943,0.1111111119389534,0.42790699005126953,0.018719211220741272,1.0,1.0,1.0
fixed_uvd,test_unseen,351,val:2008_007497:part_107,2008_007497,sheep,horn,horn,0.2769230902194977,0.4337349534034729,0.38679245114326477,0.05911330133676529,1.0,1.0,1.0
fixed_uvd,test_unseen,352,val:2008_007498:part_11,2008_007498,bird,wing,wing,0.288837730884552,0.4482142925262451,0.24853990972042084,0.389090895652771,1.0,1.0,1.0
fixed_uvd,test_unseen,353,val:2008_007498:part_12,2008_007498,bird,tail,tail,0.1969086080789566,0.3290286362171173,0.4871794879436493,0.07229946553707123,1.0,1.0,1.0
fixed_uvd,test_unseen,354,val:2008_007498:part_13,2008_007498,bird,head,head,0.43703705072402954,0.6082473993301392,0.009345794096589088,0.037219252437353134,1.0,1.0,1.0
fixed_uvd,test_unseen,355,val:2008_007498:part_14,2008_007498,bird,eye,eye,0.0,0.0,0.0,0.001497326185926795,1.0,1.0,1.0
fixed_uvd,test_unseen,356,val:2008_007498:part_16,2008_007498,bird,torso,torso,0.603916347026825,0.7530521750450134,0.02882380224764347,0.3108021318912506,1.0,1.0,1.0
fixed_uvd,test_unseen,357,val:2008_007498:part_17,2008_007498,bird,neck,neck,0.5552050471305847,0.7139959335327148,0.0,0.06139037385582924,1.0,1.0,1.0
fixed_uvd,test_unseen,358,val:2008_007498:part_18,2008_007498,bird,leg,leg,0.05750977247953415,0.10876452177762985,0.37911462783813477,0.028235293924808502,1.0,1.0,1.0
fixed_uvd,test_unseen,359,val:2008_007513:part_60,2008_007513,dog,tail,tail,0.16898955404758453,0.28912070393562317,0.6024518609046936,0.015805279836058617,1.0,1.0,1.0
fixed_uvd,test_unseen,360,val:2008_007513:part_61,2008_007513,dog,head,head,0.6424442529678345,0.7823026776313782,0.008211678825318813,0.1411411464214325,1.0,1.0,1.0
fixed_uvd,test_unseen,361,val:2008_007513:part_62,2008_007513,dog,eye,eye,0.0,0.0,0.0,0.0037932670675218105,1.0,1.0,1.0
fixed_uvd,test_unseen,362,val:2008_007513:part_63,2008_007513,dog,torso,torso,0.7578389048576355,0.8622393012046814,0.09499389678239822,0.5046625733375549,1.0,1.0,1.0
fixed_uvd,test_unseen,363,val:2008_007513:part_65,2008_007513,dog,leg,leg,0.36287543177604675,0.5325144529342651,0.36384570598602295,0.16295242309570312,1.0,1.0,1.0
fixed_uvd,test_unseen,364,val:2008_007513:part_66,2008_007513,dog,nose,nose,0.0,0.0,0.0,0.006006006151437759,1.0,1.0,1.0
fixed_uvd,test_unseen,365,val:2008_007513:part_67,2008_007513,dog,paw,paw,0.2090517282485962,0.34581103920936584,0.5644444227218628,0.05310573801398277,1.0,1.0,1.0
fixed_uvd,test_unseen,366,val:2008_007513:part_68,2008_007513,dog,ear,ear,0.31457799673080444,0.4785992205142975,0.0,0.05895369127392769,1.0,1.0,1.0
fixed_uvd,test_unseen,367,val:2008_007513:part_69,2008_007513,dog,muzzle,muzzle,0.5239923000335693,0.6876574158668518,0.11909651011228561,0.048522207885980606,1.0,1.0,1.0
fixed_uvd,test_unseen,368,val:2008_007677:part_100,2008_007677,sheep,head,head,0.5565714240074158,0.7151248455047607,0.09971509873867035,0.09005321562290192,1.0,1.0,1.0
fixed_uvd,test_unseen,369,val:2008_007677:part_101,2008_007677,sheep,eye,eye,0.0,0.0,0.0,0.0008186655468307436,1.0,1.0,1.0
fixed_uvd,test_unseen,370,val:2008_007677:part_102,2008_007677,sheep,torso,torso,0.4550488591194153,0.6254757046699524,0.0930795818567276,0.43034520745277405,1.0,1.0,1.0
fixed_uvd,test_unseen,371,val:2008_007677:part_103,2008_007677,sheep,neck,neck,0.40081384778022766,0.5722585320472717,0.08850457519292831,0.05375903844833374,1.0,1.0,1.0
fixed_uvd,test_unseen,372,val:2008_007677:part_105,2008_007677,sheep,ear,ear,0.1215277761220932,0.21671827137470245,0.13545817136764526,0.009823987260460854,1.0,1.0,1.0
fixed_uvd,test_unseen,373,val:2008_007677:part_106,2008_007677,sheep,muzzle,muzzle,0.18668407201766968,0.31463146209716797,0.1383811980485916,0.019511530175805092,1.0,1.0,1.0
fixed_uvd,test_unseen,374,val:2008_007814:part_100,2008_007814,sheep,head,head,0.6362869143486023,0.7777204513549805,0.10440835356712341,0.15224766731262207,1.0,1.0,1.0
fixed_uvd,test_unseen,375,val:2008_007814:part_101,2008_007814,sheep,eye,eye,0.04528301954269409,0.08664260059595108,0.0,0.0036754312459379435,1.0,1.0,1.0
fixed_uvd,test_unseen,376,val:2008_007814:part_102,2008_007814,sheep,torso,torso,0.7239294648170471,0.8398597240447998,0.07286113500595093,0.41065874695777893,1.0,1.0,1.0
fixed_uvd,test_unseen,377,val:2008_007814:part_103,2008_007814,sheep,neck,neck,0.5164021253585815,0.6810886263847351,0.0,0.09160305559635162,1.0,1.0,1.0
fixed_uvd,test_unseen,378,val:2008_007814:part_104,2008_007814,sheep,leg,leg,0.4727488160133362,0.6419951915740967,0.35060974955558777,0.11959287524223328,1.0,1.0,1.0
fixed_uvd,test_unseen,379,val:2008_007814:part_105,2008_007814,sheep,ear,ear,0.5199130773544312,0.6841353178024292,0.3780219852924347,0.1037602499127388,1.0,1.0,1.0
fixed_uvd,test_unseen,380,val:2008_007814:part_106,2008_007814,sheep,muzzle,muzzle,0.5896180272102356,0.7418361306190491,0.0,0.11492790281772614,1.0,1.0,1.0
fixed_uvd,test_unseen,381,val:2008_007994:part_12,2008_007994,bird,tail,tail,0.2842998504638672,0.4427312910556793,0.3631039559841156,0.11188463121652603,1.0,1.0,1.0
fixed_uvd,test_unseen,382,val:2008_007994:part_13,2008_007994,bird,head,head,0.533816397190094,0.6960629820823669,0.2650306820869446,0.2262555956840515,1.0,1.0,1.0
fixed_uvd,test_unseen,383,val:2008_007994:part_14,2008_007994,bird,eye,eye,0.0,0.0,1.0,0.002983590355142951,1.0,1.0,1.0
fixed_uvd,test_unseen,384,val:2008_007994:part_15,2008_007994,bird,beak,beak,0.0,0.0,0.0,0.015415215864777565,1.0,1.0,1.0
fixed_uvd,test_unseen,385,val:2008_007994:part_16,2008_007994,bird,torso,torso,0.6329305171966553,0.7752081155776978,0.03369565308094025,0.6176031827926636,1.0,1.0,1.0
fixed_uvd,test_unseen,386,val:2008_007994:part_18,2008_007994,bird,leg,leg,0.0,0.0,1.0,0.005469915457069874,1.0,1.0,1.0
fixed_uvd,test_unseen,387,val:2008_007994:part_19,2008_007994,bird,foot,foot,0.0,0.0,0.0,0.0034808553755283356,1.0,1.0,1.0
fixed_uvd,test_unseen,388,val:2008_008127:part_34,2008_008127,car,front,front,0.0,0.0,1.0,0.3589743673801422,1.0,1.0,1.0
fixed_uvd,test_unseen,389,val:2008_008127:part_35,2008_008127,car,side,side,0.0,0.0,0.0,0.4871794879436493,1.0,1.0,1.0
fixed_uvd,test_unseen,390,val:2008_008127:part_38,2008_008127,car,mirror,mirror,0.0,0.0,0.0,0.008547008968889713,1.0,1.0,1.0
fixed_uvd,test_unseen,391,val:2008_008127:part_41,2008_008127,car,window,window,0.0,0.0,1.0,0.1367521435022354,1.0,1.0,1.0
fixed_uvd,test_unseen,392,val:2008_008268:part_11,2008_008268,bird,wing,wing,0.08571428805589676,0.15789473056793213,0.34939759969711304,0.1625746488571167,1.0,1.0,1.0
fixed_uvd,test_unseen,393,val:2008_008268:part_12,2008_008268,bird,tail,tail,0.0,0.0,0.692307710647583,0.02521566115319729,1.0,1.0,1.0
fixed_uvd,test_unseen,394,val:2008_008268:part_13,2008_008268,bird,head,head,0.0,0.0,0.0,0.0006635700119659305,1.0,1.0,1.0
fixed_uvd,test_unseen,395,val:2008_008268:part_15,2008_008268,bird,beak,beak,0.0,0.0,0.0,0.002654280047863722,1.0,1.0,1.0
fixed_uvd,test_unseen,396,val:2008_008268:part_16,2008_008268,bird,torso,torso,0.21263669431209564,0.35070139169692993,0.17803029716014862,0.13669541478157043,1.0,1.0,1.0
fixed_uvd,test_unseen,397,val:2008_008268:part_17,2008_008268,bird,neck,neck,0.0,0.0,0.0,0.005308560095727444,1.0,1.0,1.0
fixed_uvd,test_unseen,398,val:2008_008268:part_18,2008_008268,bird,leg,leg,0.007504690438508987,0.014897579327225685,0.298872172832489,0.0033178499434143305,1.0,1.0,1.0
fixed_uvd,test_unseen,399,val:2008_008268:part_19,2008_008268,bird,foot,foot,0.0,0.0,1.0,0.013934969902038574,1.0,1.0,1.0
fixed_uvd,test_unseen,400,val:2008_008746:part_12,2008_008746,bird,tail,tail,0.6424242258071899,0.7822878360748291,0.19793322682380676,0.17031630873680115,1.0,1.0,1.0
fixed_uvd,test_unseen,401,val:2008_008746:part_13,2008_008746,bird,head,head,0.5339366793632507,0.6961652040481567,0.11710677295923233,0.09077297151088715,1.0,1.0,1.0
fixed_uvd,test_unseen,402,val:2008_008746:part_14,2008_008746,bird,eye,eye,0.30337077379226685,0.4655172526836395,0.0,0.005053340923041105,1.0,1.0,1.0
fixed_uvd,test_unseen,403,val:2008_008746:part_15,2008_008746,bird,beak,beak,0.0357142873108387,0.06896551698446274,0.5652173757553101,0.02283361367881298,1.0,1.0,1.0
fixed_uvd,test_unseen,404,val:2008_008746:part_16,2008_008746,bird,torso,torso,0.7372468709945679,0.8487531542778015,0.053733207285404205,0.6692869067192078,1.0,1.0,1.0
fixed_uvd,test_unseen,405,val:2008_008746:part_18,2008_008746,bird,leg,leg,0.037634409964084625,0.07253886014223099,0.1067313551902771,0.01647014729678631,1.0,1.0,1.0
fixed_uvd,test_unseen,406,val:2009_000037:part_12,2009_000037,bird,tail,tail,0.43478259444236755,0.6060606241226196,0.46919432282447815,0.08122866600751877,1.0,1.0,1.0
fixed_uvd,test_unseen,407,val:2009_000037:part_13,2009_000037,bird,head,head,0.22595077753067017,0.3686131238937378,0.5730336904525757,0.0703071653842926,1.0,1.0,1.0
fixed_uvd,test_unseen,408,val:2009_000037:part_14,2009_000037,bird,eye,eye,0.0,0.0,0.0,0.0006825938471592963,1.0,1.0,1.0
fixed_uvd,test_unseen,409,val:2009_000037:part_15,2009_000037,bird,beak,beak,0.0,0.0,0.0,0.03139931708574295,1.0,1.0,1.0
fixed_uvd,test_unseen,410,val:2009_000037:part_16,2009_000037,bird,torso,torso,0.7526673078536987,0.8588821291923523,0.06800000369548798,0.5508532524108887,1.0,1.0,1.0
fixed_uvd,test_unseen,411,val:2009_000037:part_17,2009_000037,bird,neck,neck,0.4378238320350647,0.6090090274810791,0.1863013654947281,0.12969283759593964,1.0,1.0,1.0
fixed_uvd,test_unseen,412,val:2009_000037:part_18,2009_000037,bird,leg,leg,0.2131979763507843,0.3514644205570221,0.7245613932609558,0.1003412976861,1.0,1.0,1.0
fixed_uvd,test_unseen,413,val:2009_000037:part_19,2009_000037,bird,foot,foot,0.10489510744810104,0.18987341225147247,0.8244274854660034,0.018430033698678017,1.0,1.0,1.0
fixed_uvd,test_unseen,414,val:2009_000039:part_100,2009_000039,sheep,head,head,0.43778109550476074,0.608967661857605,0.11764705926179886,0.16214334964752197,1.0,1.0,1.0
fixed_uvd,test_unseen,415,val:2009_000039:part_101,2009_000039,sheep,eye,eye,0.0,0.0,0.0,0.001043841359205544,1.0,1.0,1.0
fixed_uvd,test_unseen,416,val:2009_000039:part_102,2009_000039,sheep,torso,torso,0.6403180360794067,0.780724287033081,0.04543080925941467,0.5539317727088928,1.0,1.0,1.0
fixed_uvd,test_unseen,417,val:2009_000039:part_103,2009_000039,sheep,neck,neck,0.39534884691238403,0.5666666626930237,0.0,0.14335420727729797,1.0,1.0,1.0
fixed_uvd,test_unseen,418,val:2009_000039:part_104,2009_000039,sheep,leg,leg,0.1485355645418167,0.25865209102630615,0.1589958220720291,0.04940849170088768,1.0,1.0,1.0
fixed_uvd,test_unseen,419,val:2009_000039:part_105,2009_000039,sheep,ear,ear,0.27710843086242676,0.43396225571632385,0.18367347121238708,0.01983298547565937,1.0,1.0,1.0
fixed_uvd,test_unseen,420,val:2009_000039:part_106,2009_000039,sheep,muzzle,muzzle,0.23674911260604858,0.38285714387893677,0.0,0.03792623430490494,1.0,1.0,1.0
fixed_uvd,test_unseen,421,val:2009_000074:part_79,2009_000074,motorbike,wheel,wheel,0.7338910102844238,0.8465249538421631,0.041434455662965775,0.4270557165145874,1.0,1.0,1.0
fixed_uvd,test_unseen,422,val:2009_000156:part_60,2009_000156,dog,tail,tail,0.0,0.0,0.06214689090847969,0.02085505798459053,1.0,1.0,1.0
fixed_uvd,test_unseen,423,val:2009_000156:part_61,2009_000156,dog,head,head,0.0,0.0,0.0,0.04900938645005226,1.0,1.0,1.0
fixed_uvd,test_unseen,424,val:2009_000156:part_62,2009_000156,dog,eye,eye,0.0,0.0,0.0,0.004171011503785849,1.0,1.0,1.0
fixed_uvd,test_unseen,425,val:2009_000156:part_63,2009_000156,dog,torso,torso,0.5167883038520813,0.6814244389533997,0.16590909659862518,0.6246089935302734,1.0,1.0,1.0
fixed_uvd,test_unseen,426,val:2009_000156:part_65,2009_000156,dog,leg,leg,0.07906977087259293,0.1465517282485962,0.0,0.22210636734962463,1.0,1.0,1.0
fixed_uvd,test_unseen,427,val:2009_000156:part_66,2009_000156,dog,nose,nose,0.0,0.0,0.0,0.004171011503785849,1.0,1.0,1.0
fixed_uvd,test_unseen,428,val:2009_000156:part_67,2009_000156,dog,paw,paw,0.0,0.0,1.0,0.01355578750371933,1.0,1.0,1.0
fixed_uvd,test_unseen,429,val:2009_000156:part_68,2009_000156,dog,ear,ear,0.0,0.0,1.0,0.029197080060839653,1.0,1.0,1.0
fixed_uvd,test_unseen,430,val:2009_000156:part_69,2009_000156,dog,muzzle,muzzle,0.0,0.0,0.0,0.021897809579968452,1.0,1.0,1.0
fixed_uvd,test_unseen,431,val:2009_000318:part_11,2009_000318,bird,wing,wing,0.1329365074634552,0.23467600345611572,0.08956796675920486,0.06920043379068375,1.0,1.0,1.0
fixed_uvd,test_unseen,432,val:2009_000318:part_13,2009_000318,bird,head,head,0.1626984179019928,0.27986347675323486,0.045045044273138046,0.025457153096795082,1.0,1.0,1.0
fixed_uvd,test_unseen,433,val:2009_000318:part_15,2009_000318,bird,beak,beak,0.0,0.0,0.0,0.005378271918743849,1.0,1.0,1.0
fixed_uvd,test_unseen,434,val:2009_000318:part_16,2009_000318,bird,torso,torso,0.1360759437084198,0.23955431580543518,0.08187372982501984,0.14951595664024353,1.0,1.0,1.0
fixed_uvd,test_unseen,435,val:2009_000318:part_18,2009_000318,bird,leg,leg,0.008988764137029648,0.01781737245619297,0.3560090661048889,0.002868411596864462,1.0,1.0,1.0
fixed_uvd,test_unseen,436,val:2009_000523:part_32,2009_000523,car,wheel,wheel,0.5920602083206177,0.7437661290168762,0.04482477530837059,0.07060713320970535,1.0,1.0,1.0
fixed_uvd,test_unseen,437,val:2009_000523:part_33,2009_000523,car,headlight,headlight,0.1629353165626526,0.2802138924598694,0.0,0.0494699664413929,1.0,1.0,1.0
fixed_uvd,test_unseen,438,val:2009_000523:part_34,2009_000523,car,front,front,0.5854557752609253,0.738533079624176,0.055995579808950424,0.4902023673057556,1.0,1.0,1.0
fixed_uvd,test_unseen,439,val:2009_000523:part_35,2009_000523,car,side,side,0.5222902297973633,0.6861900687217712,0.09078807383775711,0.20623193681240082,1.0,1.0,1.0
fixed_uvd,test_unseen,440,val:2009_000523:part_38,2009_000523,car,mirror,mirror,0.4251627027988434,0.5966514348983765,0.0,0.014327015727758408,1.0,1.0,1.0
fixed_uvd,test_unseen,441,val:2009_000523:part_41,2009_000523,car,window,window,0.607205331325531,0.7556039094924927,0.0,0.1629938930273056,1.0,1.0,1.0
fixed_uvd,test_unseen,442,val:2009_000619:part_12,2009_000619,bird,tail,tail,0.2434210479259491,0.39153438806533813,0.3288288414478302,0.056955091655254364,1.0,1.0,1.0
fixed_uvd,test_unseen,443,val:2009_000619:part_13,2009_000619,bird,head,head,0.21084336936473846,0.34825870394706726,0.5034482479095459,0.02044541761279106,1.0,1.0,1.0
fixed_uvd,test_unseen,444,val:2009_000619:part_14,2009_000619,bird,eye,eye,0.0,0.0,0.0,0.0036509674973785877,1.0,1.0,1.0
fixed_uvd,test_unseen,445,val:2009_000619:part_15,2009_000619,bird,beak,beak,0.0,0.0,1.0,0.009857612662017345,1.0,1.0,1.0
fixed_uvd,test_unseen,446,val:2009_000619:part_16,2009_000619,bird,torso,torso,0.4787445366382599,0.6475013494491577,0.03750000149011612,0.891566276550293,1.0,1.0,1.0
fixed_uvd,test_unseen,447,val:2009_000619:part_18,2009_000619,bird,leg,leg,0.018528049811720848,0.03638201206922531,0.11837364733219147,0.013143482618033886,1.0,1.0,1.0
fixed_uvd,test_unseen,448,val:2009_000619:part_19,2009_000619,bird,foot,foot,0.0,0.0,0.9726027250289917,0.00036509675555862486,1.0,1.0,1.0
fixed_uvd,test_unseen,449,val:2009_000664:part_12,2009_000664,bird,tail,tail,0.017761988565325737,0.03490401431918144,0.02258726954460144,0.014678272418677807,1.0,1.0,1.0
fixed_uvd,test_unseen,450,val:2009_000664:part_13,2009_000664,bird,head,head,0.31689271330833435,0.4812734127044678,0.19784656167030334,0.055470217019319534,1.0,1.0,1.0
fixed_uvd,test_unseen,451,val:2009_000664:part_14,2009_000664,bird,eye,eye,0.0,0.0,0.0,0.00273084151558578,1.0,1.0,1.0
fixed_uvd,test_unseen,452,val:2009_000664:part_15,2009_000664,bird,beak,beak,0.0,0.0,0.0,0.006997781340032816,1.0,1.0,1.0
fixed_uvd,test_unseen,453,val:2009_000664:part_16,2009_000664,bird,torso,torso,0.3910081684589386,0.5621939301490784,0.15470272302627563,0.36149513721466064,1.0,1.0,1.0
fixed_uvd,test_unseen,454,val:2009_000664:part_18,2009_000664,bird,leg,leg,0.0,0.0,0.20110993087291718,0.008533879183232784,1.0,1.0,1.0
fixed_uvd,test_unseen,455,val:2009_000664:part_19,2009_000664,bird,foot,foot,0.0,0.0,0.6284584999084473,0.0032428742852061987,1.0,1.0,1.0
fixed_uvd,test_unseen,456,val:2009_000675:part_100,2009_000675,sheep,head,head,0.10487288236618042,0.1898370087146759,0.05196182429790497,0.03872966766357422,1.0,1.0,1.0
fixed_uvd,test_unseen,457,val:2009_000675:part_101,2009_000675,sheep,eye,eye,0.0,0.0,0.0,0.00038729666266590357,1.0,1.0,1.0
fixed_uvd,test_unseen,458,val:2009_000675:part_102,2009_000675,sheep,torso,torso,0.28869518637657166,0.448042631149292,0.12804698944091797,0.2854376435279846,1.0,1.0,1.0
fixed_uvd,test_unseen,459,val:2009_000675:part_103,2009_000675,sheep,neck,neck,0.09768378734588623,0.1779816448688507,0.07196030020713806,0.054996125400066376,1.0,1.0,1.0
fixed_uvd,test_unseen,460,val:2009_000675:part_105,2009_000675,sheep,ear,ear,0.049707602709531784,0.09470751881599426,0.01315789483487606,0.006584043148905039,1.0,1.0,1.0
fixed_uvd,test_unseen,461,val:2009_000675:part_106,2009_000675,sheep,muzzle,muzzle,0.018018018454313278,0.03539822995662689,0.14543114602565765,0.002711076755076647,1.0,1.0,1.0
fixed_uvd,test_unseen,462,val:2009_000730:part_79,2009_000730,motorbike,wheel,wheel,0.7129045724868774,0.8323926329612732,0.17271922528743744,0.4685404896736145,1.0,1.0,1.0
fixed_uvd,test_unseen,463,val:2009_000825:part_32,2009_000825,car,wheel,wheel,0.4502924084663391,0.6209677457809448,0.15068493783473969,0.034090910106897354,1.0,1.0,1.0
fixed_uvd,test_unseen,464,val:2009_000825:part_33,2009_000825,car,headlight,headlight,0.0,0.0,0.0,0.06350267678499222,1.0,1.0,1.0
fixed_uvd,test_unseen,465,val:2009_000825:part_34,2009_000825,car,front,front,0.29156479239463806,0.45149075984954834,0.28749027848243713,0.2760695219039917,1.0,1.0,1.0
fixed_uvd,test_unseen,466,val:2009_000825:part_35,2009_000825,car,side,side,0.4097834825515747,0.5813424587249756,0.005861664656549692,0.3024732768535614,1.0,1.0,1.0
fixed_uvd,test_unseen,467,val:2009_000825:part_38,2009_000825,car,mirror,mirror,0.0,0.0,1.0,0.011363636702299118,1.0,1.0,1.0
fixed_uvd,test_unseen,468,val:2009_000825:part_41,2009_000825,car,window,window,0.0,0.0,1.0,0.2757352888584137,1.0,1.0,1.0
fixed_uvd,test_unseen,469,val:2009_000839:part_61,2009_000839,dog,head,head,0.49127137660980225,0.6588624715805054,0.03815237805247307,0.2937975823879242,1.0,1.0,1.0
fixed_uvd,test_unseen,470,val:2009_000839:part_62,2009_000839,dog,eye,eye,0.7264150977134705,0.8415300250053406,0.0,0.020596874877810478,1.0,1.0,1.0
fixed_uvd,test_unseen,471,val:2009_000839:part_63,2009_000839,dog,torso,torso,0.2707498073577881,0.42612606287002563,0.04382254183292389,0.11543597280979156,1.0,1.0,1.0
fixed_uvd,test_unseen,472,val:2009_000839:part_64,2009_000839,dog,neck,neck,0.6820255517959595,0.8109574317932129,0.0,0.06055548042058945,1.0,1.0,1.0
fixed_uvd,test_unseen,473,val:2009_000839:part_66,2009_000839,dog,nose,nose,0.6734883785247803,0.8048915863037109,0.0,0.03588596731424332,1.0,1.0,1.0
fixed_uvd,test_unseen,474,val:2009_000839:part_68,2009_000839,dog,ear,ear,0.05680907145142555,0.10751056671142578,0.11128048598766327,0.28611963987350464,1.0,1.0,1.0
fixed_uvd,test_unseen,475,val:2009_000839:part_69,2009_000839,dog,muzzle,muzzle,0.3456500470638275,0.513729453086853,0.0,0.18724128603935242,1.0,1.0,1.0
fixed_uvd,test_unseen,476,val:2009_000879:part_12,2009_000879,bird,tail,tail,0.14909091591835022,0.2594936788082123,0.0,0.08629893511533737,1.0,1.0,1.0
fixed_uvd,test_unseen,477,val:2009_000879:part_13,2009_000879,bird,head,head,0.5515463948249817,0.7109634280204773,0.22375690937042236,0.10676156729459763,1.0,1.0,1.0
fixed_uvd,test_unseen,478,val:2009_000879:part_14,2009_000879,bird,eye,eye,0.0,0.0,0.0,0.002224199241027236,1.0,1.0,1.0
fixed_uvd,test_unseen,479,val:2009_000879:part_15,2009_000879,bird,beak,beak,0.14423076808452606,0.2521008551120758,0.5,0.02624555118381977,1.0,1.0,1.0
fixed_uvd,test_unseen,480,val:2009_000879:part_16,2009_000879,bird,torso,torso,0.8093306422233582,0.894618809223175,0.09619450569152832,0.745551586151123,1.0,1.0,1.0
fixed_uvd,test_unseen,481,val:2009_000892:part_60,2009_000892,dog,tail,tail,0.5009487867355347,0.6675094962120056,0.2182890921831131,0.14947089552879333,1.0,1.0,1.0
fixed_uvd,test_unseen,482,val:2009_000892:part_61,2009_000892,dog,head,head,0.4246259927749634,0.5961228013038635,0.03583814948797226,0.12334655970335007,1.0,1.0,1.0
fixed_uvd,test_unseen,483,val:2009_000892:part_62,2009_000892,dog,eye,eye,0.0,0.0,0.0,0.004629629664123058,1.0,1.0,1.0
fixed_uvd,test_unseen,484,val:2009_000892:part_63,2009_000892,dog,torso,torso,0.48410630226135254,0.6523876190185547,0.06677350401878357,0.32275131344795227,1.0,1.0,1.0
fixed_uvd,test_unseen,485,val:2009_000892:part_64,2009_000892,dog,neck,neck,0.1894736886024475,0.3185840845108032,0.0030581040773540735,0.041335977613925934,1.0,1.0,1.0
fixed_uvd,test_unseen,486,val:2009_000892:part_65,2009_000892,dog,leg,leg,0.19281046092510223,0.3232876658439636,0.538922131061554,0.130952388048172,1.0,1.0,1.0
fixed_uvd,test_unseen,487,val:2009_000892:part_66,2009_000892,dog,nose,nose,0.0,0.0,0.0,0.005621693097054958,1.0,1.0,1.0
fixed_uvd,test_unseen,488,val:2009_000892:part_67,2009_000892,dog,paw,paw,0.035087719559669495,0.06779661029577255,0.6363636255264282,0.028108466416597366,1.0,1.0,1.0
fixed_uvd,test_unseen,489,val:2009_000892:part_68,2009_000892,dog,ear,ear,0.35564854741096497,0.5246913433074951,0.125,0.04100529104471207,1.0,1.0,1.0
fixed_uvd,test_unseen,490,val:2009_000892:part_69,2009_000892,dog,muzzle,muzzle,0.584761917591095,0.7379807829856873,0.0556660033762455,0.10879629850387573,1.0,1.0,1.0
fixed_uvd,test_unseen,491,val:2009_000924:part_99,2009_000924,sheep,tail,tail,0.0,0.0,0.8461538553237915,0.007570347283035517,1.0,1.0,1.0
fixed_uvd,test_unseen,492,val:2009_000924:part_100,2009_000924,sheep,head,head,0.5361701846122742,0.698060929775238,0.006896551698446274,0.07184688001871109,1.0,1.0,1.0
fixed_uvd,test_unseen,493,val:2009_000924:part_101,2009_000924,sheep,eye,eye,0.0,0.0,0.0,0.0008570204372517765,1.0,1.0,1.0
fixed_uvd,test_unseen,494,val:2009_000924:part_102,2009_000924,sheep,torso,torso,0.712867259979248,0.8323671817779541,0.034161489456892014,0.5174974799156189,1.0,1.0,1.0
fixed_uvd,test_unseen,495,val:2009_000924:part_103,2009_000924,sheep,neck,neck,0.5337486863136292,0.6960054039955139,0.0,0.1361234039068222,1.0,1.0,1.0
fixed_uvd,test_unseen,496,val:2009_000924:part_104,2009_000924,sheep,leg,leg,0.3450937271118164,0.5131147503852844,0.3994006812572479,0.18911583721637726,1.0,1.0,1.0
fixed_uvd,test_unseen,497,val:2009_000924:part_105,2009_000924,sheep,ear,ear,0.4289340078830719,0.6003552675247192,0.34217506647109985,0.02656763233244419,1.0,1.0,1.0
fixed_uvd,test_unseen,498,val:2009_000924:part_106,2009_000924,sheep,muzzle,muzzle,0.5681818127632141,0.7246376872062683,0.0,0.032852448523044586,1.0,1.0,1.0
fixed_uvd,test_unseen,499,val:2009_000935:part_61,2009_000935,dog,head,head,0.4135166108608246,0.5850891470909119,0.1664670705795288,0.1476137638092041,1.0,1.0,1.0
fixed_uvd,test_unseen,500,val:2009_000935:part_62,2009_000935,dog,eye,eye,0.0,0.0,0.0,0.0014798372285440564,1.0,1.0,1.0
fixed_uvd,test_unseen,501,val:2009_000935:part_63,2009_000935,dog,torso,torso,0.6496444940567017,0.787617564201355,0.0901639312505722,0.4476507604122162,1.0,1.0,1.0
fixed_uvd,test_unseen,502,val:2009_000935:part_64,2009_000935,dog,neck,neck,0.14442013204097748,0.252390056848526,0.24373576045036316,0.03107658214867115,1.0,1.0,1.0
fixed_uvd,test_unseen,503,val:2009_000935:part_65,2009_000935,dog,leg,leg,0.2822151184082031,0.4401993453502655,0.32103320956230164,0.24491305649280548,1.0,1.0,1.0
fixed_uvd,test_unseen,504,val:2009_000935:part_66,2009_000935,dog,nose,nose,0.0,0.0,0.0,0.005919348914176226,1.0,1.0,1.0
fixed_uvd,test_unseen,505,val:2009_000935:part_68,2009_000935,dog,ear,ear,0.18378378450870514,0.310502290725708,0.7763158082962036,0.02478727325797081,1.0,1.0,1.0
fixed_uvd,test_unseen,506,val:2009_000935:part_69,2009_000935,dog,muzzle,muzzle,0.46171170473098755,0.6317411661148071,0.046116504818201065,0.08768035471439362,1.0,1.0,1.0
fixed_uvd,test_unseen,507,val:2009_000989:part_60,2009_000989,dog,tail,tail,0.0,0.0,0.009389671497046947,0.020460357889533043,1.0,1.0,1.0
fixed_uvd,test_unseen,508,val:2009_000989:part_61,2009_000989,dog,head,head,0.0,0.0,0.5199999809265137,0.24040921032428741,1.0,1.0,1.0
fixed_uvd,test_unseen,509,val:2009_000989:part_62,2009_000989,dog,eye,eye,0.0,0.0,0.0,0.01534526888281107,1.0,1.0,1.0
fixed_uvd,test_unseen,510,val:2009_000989:part_63,2009_000989,dog,torso,torso,0.15902964770793915,0.27441859245300293,0.17843866348266602,0.4117647111415863,1.0,1.0,1.0
fixed_uvd,test_unseen,511,val:2009_000989:part_64,2009_000989,dog,neck,neck,0.0,0.0,0.0,0.1355498731136322,1.0,1.0,1.0
fixed_uvd,test_unseen,512,val:2009_000989:part_66,2009_000989,dog,nose,nose,0.0,0.0,0.0,0.010230178944766521,1.0,1.0,1.0
fixed_uvd,test_unseen,513,val:2009_000989:part_68,2009_000989,dog,ear,ear,0.0,0.0,0.0,0.05882352963089943,1.0,1.0,1.0
fixed_uvd,test_unseen,514,val:2009_000989:part_69,2009_000989,dog,muzzle,muzzle,0.0,0.0,0.5,0.05370844155550003,1.0,1.0,1.0
fixed_uvd,test_unseen,515,val:2009_000991:part_12,2009_000991,bird,tail,tail,0.20534223318099976,0.3407202363014221,0.45505619049072266,0.027175484225153923,1.0,1.0,1.0
fixed_uvd,test_unseen,516,val:2009_000991:part_13,2009_000991,bird,head,head,0.4025316536426544,0.5740072131156921,0.3655914068222046,0.03975137323141098,1.0,1.0,1.0
fixed_uvd,test_unseen,517,val:2009_000991:part_14,2009_000991,bird,eye,eye,0.0,0.0,0.0,0.0018791558686643839,1.0,1.0,1.0
fixed_uvd,test_unseen,518,val:2009_000991:part_15,2009_000991,bird,beak,beak,0.0,0.0,0.0,0.030789244920015335,1.0,1.0,1.0
fixed_uvd,test_unseen,519,val:2009_000991:part_16,2009_000991,bird,torso,torso,0.7288168668746948,0.8431394696235657,0.045296166092157364,0.5747326016426086,1.0,1.0,1.0
fixed_uvd,test_unseen,520,val:2009_000991:part_17,2009_000991,bird,neck,neck,0.5088083148002625,0.6744505763053894,0.20127388834953308,0.0969933494925499,1.0,1.0,1.0
fixed_uvd,test_unseen,521,val:2009_000991:part_18,2009_000991,bird,leg,leg,0.37367624044418335,0.5440528392791748,0.4514003396034241,0.04350968450307846,1.0,1.0,1.0
fixed_uvd,test_unseen,522,val:2009_000998:part_12,2009_000998,bird,tail,tail,0.5825049877166748,0.7361809015274048,0.14519427716732025,0.07358580827713013,1.0,1.0,1.0
fixed_uvd,test_unseen,523,val:2009_000998:part_13,2009_000998,bird,head,head,0.6924439072608948,0.8182769417762756,0.13890595734119415,0.29721954464912415,1.0,1.0,1.0
fixed_uvd,test_unseen,524,val:2009_000998:part_14,2009_000998,bird,eye,eye,0.27979275584220886,0.43724697828292847,0.0,0.021812081336975098,1.0,1.0,1.0
fixed_uvd,test_unseen,525,val:2009_000998:part_15,2009_000998,bird,beak,beak,0.07692307978868484,0.1428571492433548,0.0,0.0023969318717718124,1.0,1.0,1.0
fixed_uvd,test_unseen,526,val:2009_000998:part_16,2009_000998,bird,torso,torso,0.8454799056053162,0.9162710309028625,0.028102032840251923,0.5563278794288635,1.0,1.0,1.0
fixed_uvd,test_unseen,527,val:2009_000998:part_18,2009_000998,bird,leg,leg,0.1542857140302658,0.2673267424106598,0.30927833914756775,0.032837968319654465,1.0,1.0,1.0
fixed_uvd,test_unseen,528,val:2009_000998:part_19,2009_000998,bird,foot,foot,0.12568305432796478,0.223300963640213,0.7743732333183289,0.01270373910665512,1.0,1.0,1.0
fixed_uvd,test_unseen,529,val:2009_001108:part_13,2009_001108,bird,head,head,0.3361344635486603,0.5031446814537048,0.518207311630249,0.13129103183746338,1.0,1.0,1.0
fixed_uvd,test_unseen,530,val:2009_001108:part_14,2009_001108,bird,eye,eye,0.0,0.0,0.0,0.005470459349453449,1.0,1.0,1.0
fixed_uvd,test_unseen,531,val:2009_001108:part_15,2009_001108,bird,beak,beak,0.10000000149011612,0.1818181872367859,0.7777777910232544,0.014223194681107998,1.0,1.0,1.0
fixed_uvd,test_unseen,532,val:2009_001108:part_16,2009_001108,bird,torso,torso,0.5821287631988525,0.7358803749084473,0.06782608479261398,0.6881837844848633,1.0,1.0,1.0
fixed_uvd,test_unseen,533,val:2009_001108:part_17,2009_001108,bird,neck,neck,0.517110288143158,0.6817042827606201,0.01587301678955555,0.1608315110206604,1.0,1.0,1.0
fixed_uvd,test_unseen,534,val:2009_001160:part_12,2009_001160,bird,tail,tail,0.36168456077575684,0.5312310457229614,0.11320754885673523,0.09823063015937805,1.0,1.0,1.0
fixed_uvd,test_unseen,535,val:2009_001160:part_13,2009_001160,bird,head,head,0.7129963636398315,0.8324552178382874,0.0954446867108345,0.099247507750988,1.0,1.0,1.0
fixed_uvd,test_unseen,536,val:2009_001160:part_16,2009_001160,bird,torso,torso,0.7927661538124084,0.8844055533409119,0.048192769289016724,0.7250356078147888,1.0,1.0,1.0
fixed_uvd,test_unseen,537,val:2009_001160:part_17,2009_001160,bird,neck,neck,0.2299012690782547,0.3738532066345215,0.05485893413424492,0.047589994966983795,1.0,1.0,1.0
fixed_uvd,test_unseen,538,val:2009_001160:part_18,2009_001160,bird,leg,leg,0.025310629978775978,0.0493716336786747,0.3173210024833679,0.012812690809369087,1.0,1.0,1.0
fixed_uvd,test_unseen,539,val:2009_001160:part_19,2009_001160,bird,foot,foot,0.0,0.0,1.0,0.014643074944615364,1.0,1.0,1.0
fixed_uvd,test_unseen,540,val:2009_001240:part_32,2009_001240,car,wheel,wheel,0.5135593414306641,0.6786113977432251,0.04373757541179657,0.11872146278619766,1.0,1.0,1.0
fixed_uvd,test_unseen,541,val:2009_001240:part_34,2009_001240,car,front,front,0.0,0.0,0.08500000089406967,0.04779299721121788,1.0,1.0,1.0
fixed_uvd,test_unseen,542,val:2009_001240:part_35,2009_001240,car,side,side,0.3916884958744049,0.5628967881202698,0.018924303352832794,0.3777777850627899,1.0,1.0,1.0
fixed_uvd,test_unseen,543,val:2009_001240:part_36,2009_001240,car,back,back,0.06707317382097244,0.1257142871618271,0.07012195140123367,0.0066971080377697945,1.0,1.0,1.0
fixed_uvd,test_unseen,544,val:2009_001240:part_37,2009_001240,car,roof,roof,0.10234541445970535,0.1856866478919983,0.02857142873108387,0.07305935770273209,1.0,1.0,1.0
fixed_uvd,test_unseen,545,val:2009_001240:part_40,2009_001240,car,door,door,0.03172588720917702,0.06150061637163162,0.0390625,0.20852358639240265,1.0,1.0,1.0
fixed_uvd,test_unseen,546,val:2009_001240:part_41,2009_001240,car,window,window,0.3374558389186859,0.504623532295227,0.0,0.15464231371879578,1.0,1.0,1.0
fixed_uvd,test_unseen,547,val:2009_001255:part_32,2009_001255,car,wheel,wheel,0.007602497935295105,0.015090271830558777,0.7443568110466003,0.0038452837616205215,1.0,1.0,1.0
fixed_uvd,test_unseen,548,val:2009_001314:part_11,2009_001314,bird,wing,wing,0.641808807849884,0.7818313837051392,0.24379324913024902,0.7328975796699524,1.0,1.0,1.0
fixed_uvd,test_unseen,549,val:2009_001314:part_12,2009_001314,bird,tail,tail,0.060975611209869385,0.1149425283074379,0.3956310749053955,0.08583877980709076,1.0,1.0,1.0
fixed_uvd,test_unseen,550,val:2009_001314:part_13,2009_001314,bird,head,head,0.05445544421672821,0.10328638553619385,0.42144638299942017,0.010893246158957481,1.0,1.0,1.0
fixed_uvd,test_unseen,551,val:2009_001314:part_16,2009_001314,bird,torso,torso,0.39690107107162476,0.5682593584060669,0.014814814552664757,0.1577342003583908,1.0,1.0,1.0
fixed_uvd,test_unseen,552,val:2009_001314:part_18,2009_001314,bird,leg,leg,0.0,0.0,0.10892710834741592,0.0021786491852253675,1.0,1.0,1.0
fixed_uvd,test_unseen,553,val:2009_001314:part_19,2009_001314,bird,foot,foot,0.0,0.0,0.0,0.00958605669438839,1.0,1.0,1.0
fixed_uvd,test_unseen,554,val:2009_001505:part_100,2009_001505,sheep,head,head,0.05079365149140358,0.09667673707008362,0.533073902130127,0.010201267898082733,1.0,1.0,1.0
fixed_uvd,test_unseen,555,val:2009_001505:part_102,2009_001505,sheep,torso,torso,0.0,0.0,0.18314285576343536,0.030052384361624718,1.0,1.0,1.0
fixed_uvd,test_unseen,556,val:2009_001505:part_103,2009_001505,sheep,neck,neck,0.0,0.0,0.0,0.0034463743213564157,1.0,1.0,1.0
fixed_uvd,test_unseen,557,val:2009_001505:part_104,2009_001505,sheep,leg,leg,0.0,0.0,0.45945945382118225,0.019299697130918503,1.0,1.0,1.0
fixed_uvd,test_unseen,558,val:2009_001505:part_105,2009_001505,sheep,ear,ear,0.0,0.0,0.5121951103210449,0.0031706644222140312,1.0,1.0,1.0
fixed_uvd,test_unseen,559,val:2009_001505:part_106,2009_001505,sheep,muzzle,muzzle,0.061032865196466446,0.1150442510843277,0.05319149047136307,0.005238489247858524,1.0,1.0,1.0
fixed_uvd,test_unseen,560,val:2009_001535:part_61,2009_001535,dog,head,head,0.48578017950057983,0.6539058685302734,0.07302287220954895,0.17813166975975037,1.0,1.0,1.0
fixed_uvd,test_unseen,561,val:2009_001535:part_62,2009_001535,dog,eye,eye,0.27272728085517883,0.4285714328289032,0.0,0.0014775898307561874,1.0,1.0,1.0
fixed_uvd,test_unseen,562,val:2009_001535:part_63,2009_001535,dog,torso,torso,0.6758025884628296,0.8065419793128967,0.06292106211185455,0.43835166096687317,1.0,1.0,1.0
fixed_uvd,test_unseen,563,val:2009_001535:part_64,2009_001535,dog,neck,neck,0.46828609704971313,0.6378676295280457,0.0469696968793869,0.07026761025190353,1.0,1.0,1.0
fixed_uvd,test_unseen,564,val:2009_001535:part_65,2009_001535,dog,leg,leg,0.6103940010070801,0.7580679059028625,0.15481650829315186,0.17443770170211792,1.0,1.0,1.0
fixed_uvd,test_unseen,565,val:2009_001535:part_66,2009_001535,dog,nose,nose,0.1607142835855484,0.2769230902194977,0.2800000011920929,0.008619274012744427,1.0,1.0,1.0
fixed_uvd,test_unseen,566,val:2009_001535:part_68,2009_001535,dog,ear,ear,0.6472114324569702,0.7858267426490784,0.0701468214392662,0.053932029753923416,1.0,1.0,1.0
fixed_uvd,test_unseen,567,val:2009_001535:part_69,2009_001535,dog,muzzle,muzzle,0.19767442345619202,0.3300970792770386,0.09118541330099106,0.07445411384105682,1.0,1.0,1.0
fixed_uvd,test_unseen,568,val:2009_001536:part_32,2009_001536,car,wheel,wheel,0.21352535486221313,0.35190919041633606,0.18210862576961517,0.14421828091144562,1.0,1.0,1.0
fixed_uvd,test_unseen,569,val:2009_001565:part_12,2009_001565,bird,tail,tail,0.0,0.0,0.0,0.03190445154905319,1.0,1.0,1.0
fixed_uvd,test_unseen,570,val:2009_001565:part_13,2009_001565,bird,head,head,0.6528759002685547,0.7899878025054932,0.06082725152373314,0.1335078477859497,1.0,1.0,1.0
fixed_uvd,test_unseen,571,val:2009_001565:part_14,2009_001565,bird,eye,eye,0.0,0.0,0.0,0.002454188419505954,1.0,1.0,1.0
fixed_uvd,test_unseen,572,val:2009_001565:part_15,2009_001565,bird,beak,beak,0.0,0.0,0.0,0.01685209386050701,1.0,1.0,1.0
fixed_uvd,test_unseen,573,val:2009_001565:part_16,2009_001565,bird,torso,torso,0.7761320471763611,0.8739575743675232,0.06530611962080002,0.6518324613571167,1.0,1.0,1.0
fixed_uvd,test_unseen,574,val:2009_001565:part_17,2009_001565,bird,neck,neck,0.5271999835968018,0.6904138326644897,0.00942408386617899,0.15608638525009155,1.0,1.0,1.0
fixed_uvd,test_unseen,575,val:2009_001607:part_12,2009_001607,bird,tail,tail,0.46987950801849365,0.6393442749977112,0.09777777642011642,0.13013359904289246,1.0,1.0,1.0
fixed_uvd,test_unseen,576,val:2009_001607:part_13,2009_001607,bird,head,head,0.0,0.0,0.0,0.04007916897535324,1.0,1.0,1.0
fixed_uvd,test_unseen,577,val:2009_001607:part_14,2009_001607,bird,eye,eye,0.0,0.0,0.0,0.001484413631260395,1.0,1.0,1.0
fixed_uvd,test_unseen,578,val:2009_001607:part_15,2009_001607,bird,beak,beak,0.0,0.0,0.0,0.009401286952197552,1.0,1.0,1.0
fixed_uvd,test_unseen,579,val:2009_001607:part_16,2009_001607,bird,torso,torso,0.8024502396583557,0.8903993368148804,0.05189456418156624,0.5640771985054016,1.0,1.0,1.0
fixed_uvd,test_unseen,580,val:2009_001607:part_17,2009_001607,bird,neck,neck,0.0,0.0,0.0,0.2300841212272644,1.0,1.0,1.0
fixed_uvd,test_unseen,581,val:2009_001607:part_18,2009_001607,bird,leg,leg,0.014925372786819935,0.029411764815449715,0.45643940567970276,0.007916872389614582,1.0,1.0,1.0
fixed_uvd,test_unseen,582,val:2009_001607:part_19,2009_001607,bird,foot,foot,0.0,0.0,1.0,0.00296882726252079,1.0,1.0,1.0
fixed_uvd,test_unseen,583,val:2009_001683:part_12,2009_001683,bird,tail,tail,0.5047821402549744,0.6709039807319641,0.02035278081893921,0.11835454404354095,1.0,1.0,1.0
fixed_uvd,test_unseen,584,val:2009_001683:part_13,2009_001683,bird,head,head,0.6148359775543213,0.7614840865135193,0.07541478425264359,0.0817500427365303,1.0,1.0,1.0
fixed_uvd,test_unseen,585,val:2009_001683:part_14,2009_001683,bird,eye,eye,0.0,0.0,0.0,0.004706292413175106,1.0,1.0,1.0
fixed_uvd,test_unseen,586,val:2009_001683:part_15,2009_001683,bird,beak,beak,0.0,0.0,0.0,0.020916854962706566,1.0,1.0,1.0
fixed_uvd,test_unseen,587,val:2009_001683:part_16,2009_001683,bird,torso,torso,0.823823094367981,0.9034024477005005,0.013849632814526558,0.7204113602638245,1.0,1.0,1.0
fixed_uvd,test_unseen,588,val:2009_001683:part_18,2009_001683,bird,leg,leg,0.0,0.0,0.06909789144992828,0.005054906941950321,1.0,1.0,1.0
fixed_uvd,test_unseen,589,val:2009_001683:part_19,2009_001683,bird,foot,foot,0.23642171919345856,0.38242894411087036,0.16080401837825775,0.032769739627838135,1.0,1.0,1.0
fixed_uvd,test_unseen,590,val:2009_001765:part_11,2009_001765,bird,wing,wing,0.6517543792724609,0.7891662120819092,0.22533749043941498,0.5789805054664612,1.0,1.0,1.0
fixed_uvd,test_unseen,591,val:2009_001765:part_12,2009_001765,bird,tail,tail,0.013119533658027649,0.025899279862642288,0.29429891705513,0.02894902415573597,1.0,1.0,1.0
fixed_uvd,test_unseen,592,val:2009_001765:part_13,2009_001765,bird,head,head,0.16981132328510284,0.29032257199287415,0.20499999821186066,0.03020767867565155,1.0,1.0,1.0
fixed_uvd,test_unseen,593,val:2009_001765:part_14,2009_001765,bird,eye,eye,0.0,0.0,0.0,0.0025173064786940813,1.0,1.0,1.0
fixed_uvd,test_unseen,594,val:2009_001765:part_15,2009_001765,bird,beak,beak,0.0,0.0,0.0,0.016991818323731422,1.0,1.0,1.0
fixed_uvd,test_unseen,595,val:2009_001765:part_16,2009_001765,bird,torso,torso,0.31378600001335144,0.47768205404281616,0.15094339847564697,0.26998111605644226,1.0,1.0,1.0
fixed_uvd,test_unseen,596,val:2009_001765:part_17,2009_001765,bird,neck,neck,0.12949639558792114,0.2292993664741516,0.0,0.05915670096874237,1.0,1.0,1.0
fixed_uvd,test_unseen,597,val:2009_001765:part_18,2009_001765,bird,leg,leg,0.006593406666070223,0.013100436888635159,0.24306325614452362,0.00943989958614111,1.0,1.0,1.0
fixed_uvd,test_unseen,598,val:2009_001768:part_99,2009_001768,sheep,tail,tail,0.0,0.0,0.601307213306427,0.031358346343040466,1.0,1.0,1.0
fixed_uvd,test_unseen,599,val:2009_001768:part_100,2009_001768,sheep,head,head,0.21217244863510132,0.35006973147392273,0.13739129900932312,0.021881500259041786,1.0,1.0,1.0
fixed_uvd,test_unseen,600,val:2009_001768:part_102,2009_001768,sheep,torso,torso,0.2391277402639389,0.3859614133834839,0.04181631654500961,0.16988982260227203,1.0,1.0,1.0
fixed_uvd,test_unseen,601,val:2009_001768:part_103,2009_001768,sheep,neck,neck,0.05374280363321304,0.10200364142656326,0.07999999821186066,0.02303721383213997,1.0,1.0,1.0
fixed_uvd,test_unseen,602,val:2009_001768:part_105,2009_001768,sheep,ear,ear,0.11753902584314346,0.2103533297777176,0.4477766156196594,0.019261885434389114,1.0,1.0,1.0
fixed_uvd,test_unseen,603,val:2009_001991:part_100,2009_001991,sheep,head,head,0.6068645119667053,0.7553399801254272,0.02245655097067356,0.23521539568901062,1.0,1.0,1.0
fixed_uvd,test_unseen,604,val:2009_001991:part_101,2009_001991,sheep,eye,eye,0.26865673065185547,0.42352941632270813,0.0,0.002058778190985322,1.0,1.0,1.0
fixed_uvd,test_unseen,605,val:2009_001991:part_102,2009_001991,sheep,torso,torso,0.6797943711280823,0.8093780875205994,0.045514706522226334,0.49426114559173584,1.0,1.0,1.0
fixed_uvd,test_unseen,606,val:2009_001991:part_103,2009_001991,sheep,neck,neck,0.3441108465194702,0.5120275020599365,0.0,0.1463276594877243,1.0,1.0,1.0
fixed_uvd,test_unseen,607,val:2009_001991:part_105,2009_001991,sheep,ear,ear,0.18900343775749207,0.3179190754890442,0.3887850344181061,0.025889134034514427,1.0,1.0,1.0
fixed_uvd,test_unseen,608,val:2009_001991:part_106,2009_001991,sheep,muzzle,muzzle,0.053801167756319046,0.10210876911878586,0.0,0.044006381183862686,1.0,1.0,1.0
fixed_uvd,test_unseen,609,val:2009_002012:part_60,2009_002012,dog,tail,tail,0.4168674647808075,0.5884353518486023,0.5301204919815063,0.024643873795866966,1.0,1.0,1.0
fixed_uvd,test_unseen,610,val:2009_002012:part_61,2009_002012,dog,head,head,0.2945258319377899,0.4550327658653259,0.14467212557792664,0.13076923787593842,1.0,1.0,1.0
fixed_uvd,test_unseen,611,val:2009_002012:part_63,2009_002012,dog,torso,torso,0.610946536064148,0.7584938406944275,0.08208838105201721,0.5658119916915894,1.0,1.0,1.0
fixed_uvd,test_unseen,612,val:2009_002012:part_65,2009_002012,dog,leg,leg,0.010273972526192665,0.020338982343673706,0.0917874425649643,0.012535612098872662,1.0,1.0,1.0
fixed_uvd,test_unseen,613,val:2009_002012:part_67,2009_002012,dog,paw,paw,0.38866397738456726,0.5597667694091797,0.5656108856201172,0.0347578339278698,1.0,1.0,1.0
fixed_uvd,test_unseen,614,val:2009_002012:part_68,2009_002012,dog,ear,ear,0.0,0.0,0.0,0.22578348219394684,1.0,1.0,1.0
fixed_uvd,test_unseen,615,val:2009_002082:part_100,2009_002082,sheep,head,head,0.3499999940395355,0.5185185074806213,0.07755102217197418,0.03590786084532738,1.0,1.0,1.0
fixed_uvd,test_unseen,616,val:2009_002082:part_101,2009_002082,sheep,eye,eye,0.0,0.0,0.0,0.0006775067886337638,1.0,1.0,1.0
fixed_uvd,test_unseen,617,val:2009_002082:part_102,2009_002082,sheep,torso,torso,0.7201332449913025,0.8372994065284729,0.13684210181236267,0.5484417080879211,1.0,1.0,1.0
fixed_uvd,test_unseen,618,val:2009_002082:part_103,2009_002082,sheep,neck,neck,0.6381215453147888,0.7790893912315369,0.113772451877594,0.08773712813854218,1.0,1.0,1.0
fixed_uvd,test_unseen,619,val:2009_002082:part_105,2009_002082,sheep,ear,ear,0.23529411852359772,0.380952388048172,0.0,0.013211382552981377,1.0,1.0,1.0
fixed_uvd,test_unseen,620,val:2009_002082:part_106,2009_002082,sheep,muzzle,muzzle,0.14137931168079376,0.24773414433002472,0.2795698940753937,0.017615176737308502,1.0,1.0,1.0
fixed_uvd,test_unseen,621,val:2009_002155:part_61,2009_002155,dog,head,head,0.5912346243858337,0.7431142926216125,0.09966777265071869,0.28489869832992554,1.0,1.0,1.0
fixed_uvd,test_unseen,622,val:2009_002155:part_62,2009_002155,dog,eye,eye,0.2857142984867096,0.4444444477558136,0.0,0.00850777979940176,1.0,1.0,1.0
fixed_uvd,test_unseen,623,val:2009_002155:part_63,2009_002155,dog,torso,torso,0.3878001570701599,0.5588703155517578,0.11596217751502991,0.3206089735031128,1.0,1.0,1.0
fixed_uvd,test_unseen,624,val:2009_002155:part_65,2009_002155,dog,leg,leg,0.25441795587539673,0.4056350588798523,0.09004875272512436,0.11026530712842941,1.0,1.0,1.0
fixed_uvd,test_unseen,625,val:2009_002155:part_66,2009_002155,dog,nose,nose,0.24725274741649628,0.39647576212882996,0.07407407462596893,0.007276390679180622,1.0,1.0,1.0
fixed_uvd,test_unseen,626,val:2009_002155:part_67,2009_002155,dog,paw,paw,0.6339869499206543,0.7760000228881836,0.040223464369773865,0.06772641092538834,1.0,1.0,1.0
fixed_uvd,test_unseen,627,val:2009_002155:part_68,2009_002155,dog,ear,ear,0.0,0.0,0.0,0.10175752639770508,1.0,1.0,1.0
fixed_uvd,test_unseen,628,val:2009_002155:part_69,2009_002155,dog,muzzle,muzzle,0.08074074238538742,0.14941741526126862,0.33049947023391724,0.057987239211797714,1.0,1.0,1.0
fixed_uvd,test_unseen,629,val:2009_002164:part_32,2009_002164,car,wheel,wheel,0.5341506004333496,0.6963470578193665,0.1335044950246811,0.1647477149963379,1.0,1.0,1.0
fixed_uvd,test_unseen,630,val:2009_002164:part_33,2009_002164,car,headlight,headlight,0.0,0.0,0.0,0.012698950245976448,1.0,1.0,1.0
fixed_uvd,test_unseen,631,val:2009_002164:part_34,2009_002164,car,front,front,0.5,0.6666666865348816,0.1543332040309906,0.2634608745574951,1.0,1.0,1.0
fixed_uvd,test_unseen,632,val:2009_002164:part_35,2009_002164,car,side,side,0.536239504814148,0.6981196403503418,0.0694524496793747,0.4029800295829773,1.0,1.0,1.0
fixed_uvd,test_unseen,633,val:2009_002164:part_40,2009_002164,car,door,door,0.41733869910240173,0.5889046788215637,0.07793103158473969,0.11158144474029541,1.0,1.0,1.0
fixed_uvd,test_unseen,634,val:2009_002164:part_41,2009_002164,car,window,window,0.08629441261291504,0.15887850522994995,0.26332971453666687,0.025567220523953438,1.0,1.0,1.0
fixed_uvd,test_unseen,635,val:2009_002239:part_35,2009_002239,car,side,side,0.0,0.0,0.0,0.054448872804641724,1.0,1.0,1.0
fixed_uvd,test_unseen,636,val:2009_002239:part_36,2009_002239,car,back,back,0.22836878895759583,0.3718244731426239,0.0301204826682806,0.9296149015426636,1.0,1.0,1.0
fixed_uvd,test_unseen,637,val:2009_002317:part_79,2009_002317,motorbike,wheel,wheel,0.31707966327667236,0.481488972902298,0.11215990781784058,0.2629411816596985,1.0,1.0,1.0
fixed_uvd,test_unseen,638,val:2009_002346:part_61,2009_002346,dog,head,head,0.0,0.0,0.0,0.21265378594398499,1.0,1.0,1.0
fixed_uvd,test_unseen,639,val:2009_002346:part_63,2009_002346,dog,torso,torso,0.17611940205097198,0.29949238896369934,0.3139534890651703,0.5413005352020264,1.0,1.0,1.0
fixed_uvd,test_unseen,640,val:2009_002346:part_64,2009_002346,dog,neck,neck,0.0,0.0,0.0,0.08260105550289154,1.0,1.0,1.0
fixed_uvd,test_unseen,641,val:2009_002346:part_67,2009_002346,dog,paw,paw,0.0,0.0,1.0,0.0667838305234909,1.0,1.0,1.0
fixed_uvd,test_unseen,642,val:2009_002346:part_68,2009_002346,dog,ear,ear,0.0,0.0,1.0,0.09314586967229843,1.0,1.0,1.0
fixed_uvd,test_unseen,643,val:2009_002382:part_79,2009_002382,motorbike,wheel,wheel,0.49661967158317566,0.663655161857605,0.12535211443901062,0.37023669481277466,1.0,1.0,1.0
fixed_uvd,test_unseen,644,val:2009_002382:part_82,2009_002382,motorbike,headlight,headlight,0.0,0.0,0.0,0.03555885702371597,1.0,1.0,1.0
fixed_uvd,test_unseen,645,val:2009_002445:part_61,2009_002445,dog,head,head,0.38127341866493225,0.5520607233047485,0.12637363374233246,0.36399218440055847,1.0,1.0,1.0
fixed_uvd,test_unseen,646,val:2009_002445:part_62,2009_002445,dog,eye,eye,0.0,0.0,0.0,0.0022831049282103777,1.0,1.0,1.0
fixed_uvd,test_unseen,647,val:2009_002445:part_63,2009_002445,dog,torso,torso,0.37214717268943787,0.5424304008483887,0.10375586897134781,0.2661448121070862,1.0,1.0,1.0
fixed_uvd,test_unseen,648,val:2009_002445:part_65,2009_002445,dog,leg,leg,0.401528000831604,0.5729860663414001,0.28860294818878174,0.18362687528133392,1.0,1.0,1.0
fixed_uvd,test_unseen,649,val:2009_002445:part_66,2009_002445,dog,nose,nose,0.0,0.0,0.0,0.003587736515328288,1.0,1.0,1.0
fixed_uvd,test_unseen,650,val:2009_002445:part_67,2009_002445,dog,paw,paw,0.3227272629737854,0.4879724979400635,0.625,0.029680365696549416,1.0,1.0,1.0
fixed_uvd,test_unseen,651,val:2009_002445:part_68,2009_002445,dog,ear,ear,0.0,0.0,1.0,0.024135680869221687,1.0,1.0,1.0
fixed_uvd,test_unseen,652,val:2009_002445:part_69,2009_002445,dog,muzzle,muzzle,0.3131672739982605,0.4769647717475891,0.0,0.028701892122626305,1.0,1.0,1.0
fixed_uvd,test_unseen,653,val:2009_002539:part_60,2009_002539,dog,tail,tail,0.3612121343612671,0.5307213068008423,0.31334149837493896,0.06580644845962524,1.0,1.0,1.0
fixed_uvd,test_unseen,654,val:2009_002539:part_61,2009_002539,dog,head,head,0.6157337427139282,0.762172281742096,0.031021898612380028,0.11182795464992523,1.0,1.0,1.0
fixed_uvd,test_unseen,655,val:2009_002539:part_63,2009_002539,dog,torso,torso,0.7761722803115845,0.8739831447601318,0.06331213563680649,0.6232258081436157,1.0,1.0,1.0
fixed_uvd,test_unseen,656,val:2009_002539:part_65,2009_002539,dog,leg,leg,0.498046875,0.6649283170700073,0.1301460862159729,0.16795699298381805,1.0,1.0,1.0
fixed_uvd,test_unseen,657,val:2009_002539:part_66,2009_002539,dog,nose,nose,0.0,0.0,0.0,0.0006451613153330982,1.0,1.0,1.0
fixed_uvd,test_unseen,658,val:2009_002539:part_69,2009_002539,dog,muzzle,muzzle,0.3988439440727234,0.5702479481697083,0.20143884420394897,0.022150536999106407,1.0,1.0,1.0
fixed_uvd,test_unseen,659,val:2009_002604:part_11,2009_002604,bird,wing,wing,0.47350427508354187,0.642691433429718,0.3817863464355469,0.6783216595649719,1.0,1.0,1.0
fixed_uvd,test_unseen,660,val:2009_002604:part_12,2009_002604,bird,tail,tail,0.0,0.0,0.48427674174308777,0.016317015513777733,1.0,1.0,1.0
fixed_uvd,test_unseen,661,val:2009_002604:part_13,2009_002604,bird,head,head,0.1034482792019844,0.1875,0.5813953280448914,0.04895104840397835,1.0,1.0,1.0
fixed_uvd,test_unseen,662,val:2009_002604:part_14,2009_002604,bird,eye,eye,0.0,0.0,0.0,0.0023310023825615644,1.0,1.0,1.0
fixed_uvd,test_unseen,663,val:2009_002604:part_15,2009_002604,bird,beak,beak,0.0,0.0,0.0,0.0023310023825615644,1.0,1.0,1.0
fixed_uvd,test_unseen,664,val:2009_002604:part_16,2009_002604,bird,torso,torso,0.22101449966430664,0.36201781034469604,0.5152838230133057,0.251748263835907,1.0,1.0,1.0
fixed_uvd,test_unseen,665,val:2009_002618:part_32,2009_002618,car,wheel,wheel,0.7658371329307556,0.8673927187919617,0.056039851158857346,0.13015109300613403,1.0,1.0,1.0
fixed_uvd,test_unseen,666,val:2009_002618:part_34,2009_002618,car,front,front,0.00841514766216278,0.0166898462921381,0.10917361825704575,0.020432692021131516,1.0,1.0,1.0
fixed_uvd,test_unseen,667,val:2009_002618:part_35,2009_002618,car,side,side,0.2902434766292572,0.4499049782752991,0.0294896699488163,0.2924107015132904,1.0,1.0,1.0
fixed_uvd,test_unseen,668,val:2009_002618:part_38,2009_002618,car,mirror,mirror,0.0,0.0,0.0,0.04069368168711662,1.0,1.0,1.0
fixed_uvd,test_unseen,669,val:2009_002618:part_40,2009_002618,car,door,door,0.0,0.0,0.048192769289016724,0.5012019276618958,1.0,1.0,1.0
fixed_uvd,test_unseen,670,val:2009_002990:part_32,2009_002990,car,wheel,wheel,0.7166504263877869,0.8349404335021973,0.08051341772079468,0.08710701018571854,1.0,1.0,1.0
fixed_uvd,test_unseen,671,val:2009_002990:part_33,2009_002990,car,headlight,headlight,0.0555555559694767,0.10526315867900848,0.0,0.015383136458694935,1.0,1.0,1.0
fixed_uvd,test_unseen,672,val:2009_002990:part_34,2009_002990,car,front,front,0.44914400577545166,0.619874894618988,0.05761316791176796,0.18142485618591309,1.0,1.0,1.0
fixed_uvd,test_unseen,673,val:2009_002990:part_35,2009_002990,car,side,side,0.2944801449775696,0.45497822761535645,0.02387419529259205,0.27670416235923767,1.0,1.0,1.0
fixed_uvd,test_unseen,674,val:2009_002990:part_37,2009_002990,car,roof,roof,0.08625443279743195,0.15881073474884033,0.05609514191746712,0.04528410732746124,1.0,1.0,1.0
fixed_uvd,test_unseen,675,val:2009_002990:part_38,2009_002990,car,mirror,mirror,0.0,0.0,0.0,0.0030766271520406008,1.0,1.0,1.0
fixed_uvd,test_unseen,676,val:2009_002990:part_40,2009_002990,car,door,door,0.1364411562681198,0.2401200532913208,0.0,0.15498510003089905,1.0,1.0,1.0
fixed_uvd,test_unseen,677,val:2009_002990:part_41,2009_002990,car,window,window,0.6925083994865417,0.818321943283081,0.0,0.21276800334453583,1.0,1.0,1.0
fixed_uvd,test_unseen,678,val:2009_003063:part_60,2009_003063,dog,tail,tail,0.46315789222717285,0.633093535900116,0.06157635524868965,0.10399424284696579,1.0,1.0,1.0
fixed_uvd,test_unseen,679,val:2009_003063:part_61,2009_003063,dog,head,head,0.4740484356880188,0.6431924700737,0.06896551698446274,0.059373874217271805,1.0,1.0,1.0
fixed_uvd,test_unseen,680,val:2009_003063:part_62,2009_003063,dog,eye,eye,0.0,0.0,0.0,0.00035984168061986566,1.0,1.0,1.0
fixed_uvd,test_unseen,681,val:2009_003063:part_63,2009_003063,dog,torso,torso,0.6258953213691711,0.7699084877967834,0.09255079180002213,0.42425331473350525,1.0,1.0,1.0
fixed_uvd,test_unseen,682,val:2009_003063:part_64,2009_003063,dog,neck,neck,0.4133858382701874,0.5849581956863403,0.0,0.05649514123797417,1.0,1.0,1.0
fixed_uvd,test_unseen,683,val:2009_003063:part_65,2009_003063,dog,leg,leg,0.4123483896255493,0.5839188098907471,0.3069767355918884,0.15149334073066711,1.0,1.0,1.0
fixed_uvd,test_unseen,684,val:2009_003063:part_66,2009_003063,dog,nose,nose,0.0,0.0,0.0,0.001079524983651936,1.0,1.0,1.0
fixed_uvd,test_unseen,685,val:2009_003063:part_68,2009_003063,dog,ear,ear,0.0,0.0,0.0,0.015113350003957748,1.0,1.0,1.0
fixed_uvd,test_unseen,686,val:2009_003063:part_69,2009_003063,dog,muzzle,muzzle,0.29891303181648254,0.4602510333061218,0.31213873624801636,0.02374955080449581,1.0,1.0,1.0
fixed_uvd,test_unseen,687,val:2009_003196:part_79,2009_003196,motorbike,wheel,wheel,0.28917282819747925,0.4486176371574402,0.1420331597328186,0.14759120345115662,1.0,1.0,1.0
fixed_uvd,test_unseen,688,val:2009_003217:part_60,2009_003217,dog,tail,tail,0.5067750811576843,0.6726618409156799,0.17299577593803406,0.041677553206682205,1.0,1.0,1.0
fixed_uvd,test_unseen,689,val:2009_003217:part_61,2009_003217,dog,head,head,0.31004658341407776,0.47333672642707825,0.09619992971420288,0.13287170231342316,1.0,1.0,1.0
fixed_uvd,test_unseen,690,val:2009_003217:part_62,2009_003217,dog,eye,eye,0.29411765933036804,0.4545454680919647,0.0,0.004572772420942783,1.0,1.0,1.0
fixed_uvd,test_unseen,691,val:2009_003217:part_63,2009_003217,dog,torso,torso,0.7702258229255676,0.8702006340026855,0.029036004096269608,0.4924222528934479,1.0,1.0,1.0
fixed_uvd,test_unseen,692,val:2009_003217:part_65,2009_003217,dog,leg,leg,0.24381625652313232,0.3920454680919647,0.21444953978061676,0.07002874463796616,1.0,1.0,1.0
fixed_uvd,test_unseen,693,val:2009_003217:part_66,2009_003217,dog,nose,nose,0.4431818127632141,0.6141732335090637,0.0,0.01071335282176733,1.0,1.0,1.0
fixed_uvd,test_unseen,694,val:2009_003217:part_67,2009_003217,dog,paw,paw,0.4842519760131836,0.6525198817253113,0.39613527059555054,0.022210609167814255,1.0,1.0,1.0
fixed_uvd,test_unseen,695,val:2009_003217:part_68,2009_003217,dog,ear,ear,0.30250000953674316,0.4644913673400879,0.36315789818763733,0.043245360255241394,1.0,1.0,1.0
fixed_uvd,test_unseen,696,val:2009_003217:part_69,2009_003217,dog,muzzle,muzzle,0.0,0.0,0.0,0.17402665317058563,1.0,1.0,1.0
fixed_uvd,test_unseen,697,val:2009_003241:part_61,2009_003241,dog,head,head,0.6162039041519165,0.7625323534011841,0.00373443984426558,0.2512981593608856,1.0,1.0,1.0
fixed_uvd,test_unseen,698,val:2009_003241:part_62,2009_003241,dog,eye,eye,0.09489051252603531,0.1733333319425583,0.0,0.004919376689940691,1.0,1.0,1.0
fixed_uvd,test_unseen,699,val:2009_003241:part_63,2009_003241,dog,torso,torso,0.4627234935760498,0.6326875686645508,0.07876908779144287,0.2937277853488922,1.0,1.0,1.0
fixed_uvd,test_unseen,700,val:2009_003241:part_65,2009_003241,dog,leg,leg,0.4217194616794586,0.5932527184486389,0.028712058439850807,0.1313883513212204,1.0,1.0,1.0
fixed_uvd,test_unseen,701,val:2009_003241:part_66,2009_003241,dog,nose,nose,0.15979380905628204,0.2755555510520935,0.0,0.0058759222738444805,1.0,1.0,1.0
fixed_uvd,test_unseen,702,val:2009_003241:part_68,2009_003241,dog,ear,ear,0.0034467901568859816,0.006869901437312365,0.0,0.15858158469200134,1.0,1.0,1.0
fixed_uvd,test_unseen,703,val:2009_003241:part_69,2009_003241,dog,muzzle,muzzle,0.3214540183544159,0.4865156412124634,0.0,0.08636239171028137,1.0,1.0,1.0
fixed_uvd,test_unseen,704,val:2009_003273:part_13,2009_003273,bird,head,head,0.5828685164451599,0.7364711761474609,0.14089834690093994,0.12351259589195251,1.0,1.0,1.0
fixed_uvd,test_unseen,705,val:2009_003273:part_14,2009_003273,bird,eye,eye,0.32236841320991516,0.4875621795654297,0.19379845261573792,0.004786279518157244,1.0,1.0,1.0
fixed_uvd,test_unseen,706,val:2009_003273:part_15,2009_003273,bird,beak,beak,0.0,0.0,0.0,0.0045868512243032455,1.0,1.0,1.0
fixed_uvd,test_unseen,707,val:2009_003273:part_16,2009_003273,bird,torso,torso,0.5109665393829346,0.6763439178466797,0.11605367809534073,0.8388619422912598,1.0,1.0,1.0
fixed_uvd,test_unseen,708,val:2009_003378:part_11,2009_003378,bird,wing,wing,0.0,0.0,0.12780268490314484,0.06848086416721344,1.0,1.0,1.0
fixed_uvd,test_unseen,709,val:2009_003378:part_12,2009_003378,bird,tail,tail,0.44625967741012573,0.61712247133255,0.02712264098227024,0.12470095604658127,1.0,1.0,1.0
fixed_uvd,test_unseen,710,val:2009_003378:part_13,2009_003378,bird,head,head,0.49475064873695374,0.6619842052459717,0.36050155758857727,0.07491029053926468,1.0,1.0,1.0
fixed_uvd,test_unseen,711,val:2009_003378:part_14,2009_003378,bird,eye,eye,0.0,0.0,0.0,0.0025418659206479788,1.0,1.0,1.0
fixed_uvd,test_unseen,712,val:2009_003378:part_15,2009_003378,bird,beak,beak,0.0,0.0,0.0,0.012858851812779903,1.0,1.0,1.0
fixed_uvd,test_unseen,713,val:2009_003378:part_16,2009_003378,bird,torso,torso,0.7512437701225281,0.8579545617103577,0.11559963971376419,0.6972188949584961,1.0,1.0,1.0
fixed_uvd,test_unseen,714,val:2009_003378:part_18,2009_003378,bird,leg,leg,0.010567632503807545,0.02091425098478794,0.14966605603694916,0.007924641482532024,1.0,1.0,1.0
fixed_uvd,test_unseen,715,val:2009_003387:part_32,2009_003387,car,wheel,wheel,0.7670644521713257,0.8681793808937073,0.011022658087313175,0.13138176500797272,1.0,1.0,1.0
fixed_uvd,test_unseen,716,val:2009_003387:part_34,2009_003387,car,front,front,0.014300847426056862,0.02819843403995037,0.09827586263418198,0.022225044667720795,1.0,1.0,1.0
fixed_uvd,test_unseen,717,val:2009_003387:part_35,2009_003387,car,side,side,0.776675283908844,0.8743019104003906,0.031232114881277084,0.7469519972801208,1.0,1.0,1.0
fixed_uvd,test_unseen,718,val:2009_003406:part_32,2009_003406,car,wheel,wheel,0.7545968890190125,0.8601370453834534,0.08950843662023544,0.12591508030891418,1.0,1.0,1.0
fixed_uvd,test_unseen,719,val:2009_003406:part_35,2009_003406,car,side,side,0.38309037685394287,0.5539628863334656,0.04967397823929787,0.385741651058197,1.0,1.0,1.0
fixed_uvd,test_unseen,720,val:2009_003406:part_36,2009_003406,car,back,back,0.033068783581256866,0.06402048468589783,0.06135265529155731,0.0307467058300972,1.0,1.0,1.0
fixed_uvd,test_unseen,721,val:2009_003406:part_38,2009_003406,car,mirror,mirror,0.0,0.0,0.0,0.004054510500282049,1.0,1.0,1.0
fixed_uvd,test_unseen,722,val:2009_003406:part_40,2009_003406,car,door,door,0.14852841198444366,0.25864124298095703,0.056603774428367615,0.25261855125427246,1.0,1.0,1.0
fixed_uvd,test_unseen,723,val:2009_003406:part_41,2009_003406,car,window,window,0.6050510406494141,0.7539337277412415,0.01982228271663189,0.17164094746112823,1.0,1.0,1.0
fixed_uvd,test_unseen,724,val:2009_003450:part_11,2009_003450,bird,wing,wing,0.0,0.0,0.0,0.3537072539329529,1.0,1.0,1.0
fixed_uvd,test_unseen,725,val:2009_003450:part_13,2009_003450,bird,head,head,0.5402567386627197,0.7015151381492615,0.143968865275383,0.09532905369997025,1.0,1.0,1.0
fixed_uvd,test_unseen,726,val:2009_003450:part_14,2009_003450,bird,eye,eye,0.1538461595773697,0.2666666805744171,0.0,0.003820107551291585,1.0,1.0,1.0
fixed_uvd,test_unseen,727,val:2009_003450:part_15,2009_003450,bird,beak,beak,0.0,0.0,0.0,0.0074665741994977,1.0,1.0,1.0
fixed_uvd,test_unseen,728,val:2009_003450:part_16,2009_003450,bird,torso,torso,0.5101637244224548,0.6756402850151062,0.09360902011394501,0.5339468717575073,1.0,1.0,1.0
fixed_uvd,test_unseen,729,val:2009_003466:part_60,2009_003466,dog,tail,tail,0.432314395904541,0.6036585569381714,0.315866082906723,0.030646992847323418,1.0,1.0,1.0
fixed_uvd,test_unseen,730,val:2009_003466:part_61,2009_003466,dog,head,head,0.3047921061515808,0.4671887755393982,0.040169134736061096,0.08925807476043701,1.0,1.0,1.0
fixed_uvd,test_unseen,731,val:2009_003466:part_62,2009_003466,dog,eye,eye,0.1818181872367859,0.3076923191547394,0.0,0.004643483553081751,1.0,1.0,1.0
fixed_uvd,test_unseen,732,val:2009_003466:part_63,2009_003466,dog,torso,torso,0.6676443219184875,0.8007035255432129,0.08078431338071823,0.45691877603530884,1.0,1.0,1.0
fixed_uvd,test_unseen,733,val:2009_003466:part_64,2009_003466,dog,neck,neck,0.4835355281829834,0.6518691778182983,0.002336448524147272,0.044164687395095825,1.0,1.0,1.0
fixed_uvd,test_unseen,734,val:2009_003466:part_65,2009_003466,dog,leg,leg,0.3549747169017792,0.5239576697349548,0.10791366547346115,0.05107831954956055,1.0,1.0,1.0
fixed_uvd,test_unseen,735,val:2009_003466:part_66,2009_003466,dog,nose,nose,0.37037035822868347,0.5405405163764954,0.0,0.006397688761353493,1.0,1.0,1.0
fixed_uvd,test_unseen,736,val:2009_003466:part_67,2009_003466,dog,paw,paw,0.38339921832084656,0.5542857050895691,0.42603549361228943,0.0373542457818985,1.0,1.0,1.0
fixed_uvd,test_unseen,737,val:2009_003466:part_68,2009_003466,dog,ear,ear,0.0,0.0,0.0,0.11257868260145187,1.0,1.0,1.0
fixed_uvd,test_unseen,738,val:2009_003466:part_69,2009_003466,dog,muzzle,muzzle,0.15334206819534302,0.2659091055393219,0.0,0.06913631409406662,1.0,1.0,1.0
fixed_uvd,test_unseen,739,val:2009_003498:part_11,2009_003498,bird,wing,wing,0.27986907958984375,0.4373401403427124,0.2606837749481201,0.16299821436405182,1.0,1.0,1.0
fixed_uvd,test_unseen,740,val:2009_003498:part_12,2009_003498,bird,tail,tail,0.28794991970062256,0.44714459776878357,0.2964426875114441,0.09428911656141281,1.0,1.0,1.0
fixed_uvd,test_unseen,741,val:2009_003498:part_13,2009_003498,bird,head,head,0.5761821269989014,0.7311111092567444,0.19038817286491394,0.10678167641162872,1.0,1.0,1.0
fixed_uvd,test_unseen,742,val:2009_003498:part_14,2009_003498,bird,eye,eye,0.05000000074505806,0.095238097012043,0.0,0.012195121496915817,1.0,1.0,1.0
fixed_uvd,test_unseen,743,val:2009_003498:part_15,2009_003498,bird,beak,beak,0.016393441706895828,0.032258063554763794,0.9032257795333862,0.009220701642334461,1.0,1.0,1.0
fixed_uvd,test_unseen,744,val:2009_003498:part_16,2009_003498,bird,torso,torso,0.4144314229488373,0.5860042572021484,0.10249150544404984,0.5883402824401855,1.0,1.0,1.0
fixed_uvd,test_unseen,745,val:2009_003498:part_18,2009_003498,bird,leg,leg,0.05410122126340866,0.10264900326728821,0.3141361176967621,0.009220701642334461,1.0,1.0,1.0
fixed_uvd,test_unseen,746,val:2009_003498:part_19,2009_003498,bird,foot,foot,0.05116279050707817,0.09734513610601425,0.9064327478408813,0.01635931059718132,1.0,1.0,1.0
fixed_uvd,test_unseen,747,val:2009_003549:part_32,2009_003549,car,wheel,wheel,0.7464480996131897,0.8548185229301453,0.07978404313325882,0.13601993024349213,1.0,1.0,1.0
fixed_uvd,test_unseen,748,val:2009_003549:part_33,2009_003549,car,headlight,headlight,0.0,0.0,0.0,0.01966017298400402,1.0,1.0,1.0
fixed_uvd,test_unseen,749,val:2009_003549:part_34,2009_003549,car,front,front,0.7543373703956604,0.8599684238433838,0.03712252527475357,0.3830620050430298,1.0,1.0,1.0
fixed_uvd,test_unseen,750,val:2009_003549:part_35,2009_003549,car,side,side,0.30014562606811523,0.46171075105667114,0.03610241413116455,0.15247753262519836,1.0,1.0,1.0
fixed_uvd,test_unseen,751,val:2009_003549:part_38,2009_003549,car,mirror,mirror,0.0941176488995552,0.17204301059246063,0.0,0.0028467217925935984,1.0,1.0,1.0
fixed_uvd,test_unseen,752,val:2009_003549:part_40,2009_003549,car,door,door,0.0,0.0,0.0,0.1852148324251175,1.0,1.0,1.0
fixed_uvd,test_unseen,753,val:2009_003549:part_41,2009_003549,car,window,window,0.5805452466011047,0.7346138954162598,0.05655930936336517,0.11369094997644424,1.0,1.0,1.0
fixed_uvd,test_unseen,754,val:2009_003576:part_79,2009_003576,motorbike,wheel,wheel,0.40208718180656433,0.5735551714897156,0.3459392488002777,0.474204957485199,1.0,1.0,1.0
fixed_uvd,test_unseen,755,val:2009_003576:part_82,2009_003576,motorbike,headlight,headlight,0.0,0.0,0.0,0.11095406115055084,1.0,1.0,1.0
fixed_uvd,test_unseen,756,val:2009_003589:part_32,2009_003589,car,wheel,wheel,0.7371663451194763,0.8486997485160828,0.06365258991718292,0.1357080191373825,1.0,1.0,1.0
fixed_uvd,test_unseen,757,val:2009_003589:part_33,2009_003589,car,headlight,headlight,0.0,0.0,0.0,0.037214118987321854,1.0,1.0,1.0
fixed_uvd,test_unseen,758,val:2009_003589:part_34,2009_003589,car,front,front,0.5295019149780273,0.6923847794532776,0.015426307916641235,0.25396445393562317,1.0,1.0,1.0
fixed_uvd,test_unseen,759,val:2009_003589:part_35,2009_003589,car,side,side,0.32691478729248047,0.49274420738220215,0.046571996062994,0.21396127343177795,1.0,1.0,1.0
fixed_uvd,test_unseen,760,val:2009_003589:part_38,2009_003589,car,mirror,mirror,0.008130080997943878,0.016129031777381897,0.23350253701210022,0.004064068663865328,1.0,1.0,1.0
fixed_uvd,test_unseen,761,val:2009_003589:part_40,2009_003589,car,door,door,0.1530531346797943,0.2654745578765869,0.0,0.17387840151786804,1.0,1.0,1.0
fixed_uvd,test_unseen,762,val:2009_003589:part_41,2009_003589,car,window,window,0.4922737181186676,0.6597633361816406,0.01646706648170948,0.1635190099477768,1.0,1.0,1.0
fixed_uvd,test_unseen,763,val:2009_003640:part_12,2009_003640,bird,tail,tail,0.40506330132484436,0.5765765905380249,0.14884695410728455,0.15426339209079742,1.0,1.0,1.0
fixed_uvd,test_unseen,764,val:2009_003640:part_13,2009_003640,bird,head,head,0.6691042184829712,0.8017524480819702,0.1621052622795105,0.19006292521953583,1.0,1.0,1.0
fixed_uvd,test_unseen,765,val:2009_003640:part_14,2009_003640,bird,eye,eye,0.15625,0.2702702581882477,0.0,0.00672597112134099,1.0,1.0,1.0
fixed_uvd,test_unseen,766,val:2009_003640:part_15,2009_003640,bird,beak,beak,0.0,0.0,0.0,0.021479712799191475,1.0,1.0,1.0
fixed_uvd,test_unseen,767,val:2009_003640:part_16,2009_003640,bird,torso,torso,0.5655604004859924,0.7225021719932556,0.16425620019435883,0.6185723543167114,1.0,1.0,1.0
fixed_uvd,test_unseen,768,val:2009_003666:part_100,2009_003666,sheep,head,head,0.15133531391620636,0.26288658380508423,0.0,0.021961933001875877,1.0,1.0,1.0
fixed_uvd,test_unseen,769,val:2009_003666:part_101,2009_003666,sheep,eye,eye,0.0,0.0,0.0,0.0009317183285020292,1.0,1.0,1.0
fixed_uvd,test_unseen,770,val:2009_003666:part_102,2009_003666,sheep,torso,torso,0.16927292943000793,0.28953537344932556,0.1468440741300583,0.14508186280727386,1.0,1.0,1.0
fixed_uvd,test_unseen,771,val:2009_003666:part_103,2009_003666,sheep,neck,neck,0.13151364028453827,0.23245614767074585,0.0,0.018101956695318222,1.0,1.0,1.0
fixed_uvd,test_unseen,772,val:2009_003666:part_105,2009_003666,sheep,ear,ear,0.0,0.0,0.46451613306999207,0.004126181360334158,1.0,1.0,1.0
fixed_uvd,test_unseen,773,val:2009_003666:part_106,2009_003666,sheep,muzzle,muzzle,0.008313539437949657,0.016489988192915916,0.07263294607400894,0.010382004082202911,1.0,1.0,1.0
fixed_uvd,test_unseen,774,val:2009_003666:part_107,2009_003666,sheep,horn,horn,0.0,0.0,0.4450261890888214,0.009317183867096901,1.0,1.0,1.0
fixed_uvd,test_unseen,775,val:2009_003756:part_61,2009_003756,dog,head,head,0.48904019594192505,0.6568529009819031,0.06691987812519073,0.44832757115364075,1.0,1.0,1.0
fixed_uvd,test_unseen,776,val:2009_003756:part_62,2009_003756,dog,eye,eye,0.3227176368236542,0.48796147108078003,0.0,0.017148073762655258,1.0,1.0,1.0
fixed_uvd,test_unseen,777,val:2009_003756:part_63,2009_003756,dog,torso,torso,0.5230364203453064,0.6868337392807007,0.13777972757816315,0.07772054523229599,1.0,1.0,1.0
fixed_uvd,test_unseen,778,val:2009_003756:part_66,2009_003756,dog,nose,nose,0.0,0.0,0.0,0.015192019753158092,1.0,1.0,1.0
fixed_uvd,test_unseen,779,val:2009_003756:part_69,2009_003756,dog,muzzle,muzzle,0.28343766927719116,0.44168514013290405,0.06314914673566818,0.4311794936656952,1.0,1.0,1.0
fixed_uvd,test_unseen,780,val:2009_003810:part_60,2009_003810,dog,tail,tail,0.0,0.0,0.42592594027519226,0.035996343940496445,1.0,1.0,1.0
fixed_uvd,test_unseen,781,val:2009_003810:part_61,2009_003810,dog,head,head,0.0,0.0,0.0,0.02893008477985859,1.0,1.0,1.0
fixed_uvd,test_unseen,782,val:2009_003810:part_63,2009_003810,dog,torso,torso,0.5261982083320618,0.6895542144775391,0.0891902968287468,0.44043561816215515,1.0,1.0,1.0
fixed_uvd,test_unseen,783,val:2009_003810:part_64,2009_003810,dog,neck,neck,0.0,0.0,0.0,0.06268185377120972,1.0,1.0,1.0
fixed_uvd,test_unseen,784,val:2009_003810:part_65,2009_003810,dog,leg,leg,0.24297520518302917,0.39095744490623474,0.09613531827926636,0.28622496128082275,1.0,1.0,1.0
fixed_uvd,test_unseen,785,val:2009_003810:part_67,2009_003810,dog,paw,paw,0.27034780383110046,0.42562800645828247,0.205906480550766,0.09186133742332458,1.0,1.0,1.0
fixed_uvd,test_unseen,786,val:2009_003810:part_69,2009_003810,dog,muzzle,muzzle,0.3260590434074402,0.49177154898643494,0.14417745172977448,0.04090115427970886,1.0,1.0,1.0
fixed_uvd,test_unseen,787,val:2009_003858:part_11,2009_003858,bird,wing,wing,0.24817518889904022,0.3976608216762543,0.0,0.07991360872983932,1.0,1.0,1.0
fixed_uvd,test_unseen,788,val:2009_003858:part_12,2009_003858,bird,tail,tail,0.4161849617958069,0.5877550840377808,0.4217686951160431,0.03527717664837837,1.0,1.0,1.0
fixed_uvd,test_unseen,789,val:2009_003858:part_13,2009_003858,bird,head,head,0.5501813888549805,0.7098283767700195,0.19152046740055084,0.2152627855539322,1.0,1.0,1.0
fixed_uvd,test_unseen,790,val:2009_003858:part_14,2009_003858,bird,eye,eye,0.0,0.0,0.0,0.004679625853896141,1.0,1.0,1.0
fixed_uvd,test_unseen,791,val:2009_003858:part_15,2009_003858,bird,beak,beak,0.0,0.0,0.0,0.0025197984650731087,1.0,1.0,1.0
fixed_uvd,test_unseen,792,val:2009_003858:part_16,2009_003858,bird,torso,torso,0.680942177772522,0.8101910948753357,0.12494320422410965,0.620590329170227,1.0,1.0,1.0
fixed_uvd,test_unseen,793,val:2009_003858:part_18,2009_003858,bird,leg,leg,0.08320493251085281,0.15362730622291565,0.4000000059604645,0.022678185254335403,1.0,1.0,1.0
fixed_uvd,test_unseen,794,val:2009_003858:part_19,2009_003858,bird,foot,foot,0.10055866092443466,0.18274112045764923,0.5562130212783813,0.010079193860292435,1.0,1.0,1.0
fixed_uvd,test_unseen,795,val:2009_003928:part_61,2009_003928,dog,head,head,0.2560240924358368,0.4076738655567169,0.027260925620794296,0.1288408488035202,1.0,1.0,1.0
fixed_uvd,test_unseen,796,val:2009_003928:part_62,2009_003928,dog,eye,eye,0.109375,0.19718310236930847,0.0,0.006145369727164507,1.0,1.0,1.0
fixed_uvd,test_unseen,797,val:2009_003928:part_63,2009_003928,dog,torso,torso,0.16822977364063263,0.28800803422927856,0.008724831975996494,0.1065903827548027,1.0,1.0,1.0
fixed_uvd,test_unseen,798,val:2009_003928:part_64,2009_003928,dog,neck,neck,0.0,0.0,0.0,0.04089849442243576,1.0,1.0,1.0
fixed_uvd,test_unseen,799,val:2009_003928:part_65,2009_003928,dog,leg,leg,0.2396761178970337,0.3866753876209259,0.17848411202430725,0.0644204244017601,1.0,1.0,1.0
fixed_uvd,test_unseen,800,val:2009_003928:part_66,2009_003928,dog,nose,nose,0.0,0.0,0.0,0.019495656713843346,1.0,1.0,1.0
fixed_uvd,test_unseen,801,val:2009_003928:part_67,2009_003928,dog,paw,paw,0.4627329111099243,0.6326963901519775,0.3459915518760681,0.09917355328798294,1.0,1.0,1.0
fixed_uvd,test_unseen,802,val:2009_003928:part_68,2009_003928,dog,ear,ear,0.0,0.0,0.09195402264595032,0.02776011824607849,1.0,1.0,1.0
fixed_uvd,test_unseen,803,val:2009_003928:part_69,2009_003928,dog,muzzle,muzzle,0.4884105920791626,0.656284749507904,0.04668304696679115,0.10425937920808792,1.0,1.0,1.0
fixed_uvd,test_unseen,804,val:2009_004021:part_11,2009_004021,bird,wing,wing,0.14908578991889954,0.2594859302043915,0.0,0.5486111044883728,1.0,1.0,1.0
fixed_uvd,test_unseen,805,val:2009_004021:part_12,2009_004021,bird,tail,tail,0.10475266724824905,0.18964003026485443,0.7005928754806519,0.04899691417813301,1.0,1.0,1.0
fixed_uvd,test_unseen,806,val:2009_004021:part_13,2009_004021,bird,head,head,0.5673981308937073,0.7239999771118164,0.17006802558898926,0.07947530597448349,1.0,1.0,1.0
fixed_uvd,test_unseen,807,val:2009_004021:part_14,2009_004021,bird,eye,eye,0.0,0.0,0.0,0.0069444444961845875,1.0,1.0,1.0
fixed_uvd,test_unseen,808,val:2009_004021:part_15,2009_004021,bird,beak,beak,0.0,0.0,0.0,0.006558641791343689,1.0,1.0,1.0
fixed_uvd,test_unseen,809,val:2009_004021:part_16,2009_004021,bird,torso,torso,0.2325911819934845,0.37740200757980347,0.15289059281349182,0.19637346267700195,1.0,1.0,1.0
fixed_uvd,test_unseen,810,val:2009_004021:part_17,2009_004021,bird,neck,neck,0.4154929518699646,0.5870646834373474,0.12260536104440689,0.054398149251937866,1.0,1.0,1.0
fixed_uvd,test_unseen,811,val:2009_004021:part_18,2009_004021,bird,leg,leg,0.31216931343078613,0.47580644488334656,0.5182926654815674,0.032407406717538834,1.0,1.0,1.0
fixed_uvd,test_unseen,812,val:2009_004033:part_61,2009_004033,dog,head,head,0.27551019191741943,0.4320000112056732,0.0,0.3766617476940155,1.0,1.0,1.0
fixed_uvd,test_unseen,813,val:2009_004033:part_62,2009_004033,dog,eye,eye,0.0,0.0,0.0,0.004431314766407013,1.0,1.0,1.0
fixed_uvd,test_unseen,814,val:2009_004033:part_63,2009_004033,dog,torso,torso,0.3180147111415863,0.482566237449646,0.05165289342403412,0.3441654443740845,1.0,1.0,1.0
fixed_uvd,test_unseen,815,val:2009_004033:part_65,2009_004033,dog,leg,leg,0.11587982624769211,0.20769231021404266,0.34259259700775146,0.06499261409044266,1.0,1.0,1.0
fixed_uvd,test_unseen,816,val:2009_004033:part_66,2009_004033,dog,nose,nose,0.0,0.0,0.0,0.011816838756203651,1.0,1.0,1.0
fixed_uvd,test_unseen,817,val:2009_004033:part_67,2009_004033,dog,paw,paw,0.0,0.0,0.0,0.04579025134444237,1.0,1.0,1.0
fixed_uvd,test_unseen,818,val:2009_004033:part_69,2009_004033,dog,muzzle,muzzle,0.0,0.0,0.0,0.1491875946521759,1.0,1.0,1.0
fixed_uvd,test_unseen,819,val:2009_004043:part_79,2009_004043,motorbike,wheel,wheel,0.6169817447662354,0.7631276249885559,0.15175719559192657,0.38567572832107544,1.0,1.0,1.0
fixed_uvd,test_unseen,820,val:2009_004070:part_100,2009_004070,sheep,head,head,0.13812154531478882,0.24271844327449799,0.38121548295021057,0.08064515888690948,1.0,1.0,1.0
fixed_uvd,test_unseen,821,val:2009_004070:part_101,2009_004070,sheep,eye,eye,0.0,0.0,0.0,0.009677419438958168,1.0,1.0,1.0
fixed_uvd,test_unseen,822,val:2009_004070:part_102,2009_004070,sheep,torso,torso,0.5641791224479675,0.7213740348815918,0.20307692885398865,0.6419354677200317,1.0,1.0,1.0
fixed_uvd,test_unseen,823,val:2009_004070:part_103,2009_004070,sheep,neck,neck,0.38655462861061096,0.5575757622718811,0.20952381193637848,0.19354838132858276,1.0,1.0,1.0
fixed_uvd,test_unseen,824,val:2009_004070:part_105,2009_004070,sheep,ear,ear,0.0,0.0,1.0,0.019354838877916336,1.0,1.0,1.0
fixed_uvd,test_unseen,825,val:2009_004070:part_106,2009_004070,sheep,muzzle,muzzle,0.0,0.0,0.3478260934352875,0.032258063554763794,1.0,1.0,1.0
fixed_uvd,test_unseen,826,val:2009_004084:part_11,2009_004084,bird,wing,wing,0.09620721638202667,0.175527423620224,0.4304857552051544,0.21189188957214355,1.0,1.0,1.0
fixed_uvd,test_unseen,827,val:2009_004084:part_12,2009_004084,bird,tail,tail,0.29340511560440063,0.45369407534599304,0.17434869706630707,0.1664864867925644,1.0,1.0,1.0
fixed_uvd,test_unseen,828,val:2009_004084:part_13,2009_004084,bird,head,head,0.32118451595306396,0.48620688915252686,0.4655172526836395,0.06270270049571991,1.0,1.0,1.0
fixed_uvd,test_unseen,829,val:2009_004084:part_14,2009_004084,bird,eye,eye,0.0,0.0,0.0,0.009369369596242905,1.0,1.0,1.0
fixed_uvd,test_unseen,830,val:2009_004084:part_15,2009_004084,bird,beak,beak,0.0,0.0,1.0,0.014774775132536888,1.0,1.0,1.0
fixed_uvd,test_unseen,831,val:2009_004084:part_16,2009_004084,bird,torso,torso,0.2683767080307007,0.423181414604187,0.28905418515205383,0.5156756639480591,1.0,1.0,1.0
fixed_uvd,test_unseen,832,val:2009_004084:part_18,2009_004084,bird,leg,leg,0.0,0.0,0.21860986948013306,0.0010810811072587967,1.0,1.0,1.0
fixed_uvd,test_unseen,833,val:2009_004084:part_19,2009_004084,bird,foot,foot,0.0,0.0,0.0,0.00972972996532917,1.0,1.0,1.0
fixed_uvd,test_unseen,834,val:2009_004455:part_32,2009_004455,car,wheel,wheel,0.0,0.0,1.0,0.08032491058111191,1.0,1.0,1.0
fixed_uvd,test_unseen,835,val:2009_004455:part_35,2009_004455,car,side,side,0.5020920634269714,0.6685236692428589,0.007042253389954567,0.2635379135608673,1.0,1.0,1.0
fixed_uvd,test_unseen,836,val:2009_004455:part_36,2009_004455,car,back,back,0.1836158186197281,0.310262531042099,0.05042016878724098,0.2193140834569931,1.0,1.0,1.0
fixed_uvd,test_unseen,837,val:2009_004455:part_37,2009_004455,car,roof,roof,0.0,0.0,0.07804878056049347,0.008122744038701057,1.0,1.0,1.0
fixed_uvd,test_unseen,838,val:2009_004455:part_41,2009_004455,car,window,window,0.0,0.0,0.0,0.08122743666172028,1.0,1.0,1.0
fixed_uvd,test_unseen,839,val:2009_004494:part_32,2009_004494,car,wheel,wheel,0.0,0.0,0.0,0.019889501854777336,1.0,1.0,1.0
fixed_uvd,test_unseen,840,val:2009_004494:part_36,2009_004494,car,back,back,0.0031645570416003466,0.0063091483898460865,0.18503937125205994,0.1392265260219574,1.0,1.0,1.0
fixed_uvd,test_unseen,841,val:2009_004494:part_40,2009_004494,car,door,door,0.2434367537498474,0.39155471324920654,0.07476635277271271,0.33922651410102844,1.0,1.0,1.0
fixed_uvd,test_unseen,842,val:2009_004494:part_41,2009_004494,car,window,window,0.4273858964443207,0.5988371968269348,0.11602210253477097,0.18011049926280975,1.0,1.0,1.0
fixed_uvd,test_unseen,843,val:2009_004507:part_60,2009_004507,dog,tail,tail,0.17391304671764374,0.29629629850387573,0.041916169226169586,0.010542168281972408,1.0,1.0,1.0
fixed_uvd,test_unseen,844,val:2009_004507:part_61,2009_004507,dog,head,head,0.5590304732322693,0.7171514630317688,0.03647158667445183,0.08767211437225342,1.0,1.0,1.0
fixed_uvd,test_unseen,845,val:2009_004507:part_62,2009_004507,dog,eye,eye,0.012048192322254181,0.02380952425301075,0.0,0.0033347676508128643,1.0,1.0,1.0
fixed_uvd,test_unseen,846,val:2009_004507:part_63,2009_004507,dog,torso,torso,0.7096912860870361,0.8301981687545776,0.05492805317044258,0.5857357978820801,1.0,1.0,1.0
fixed_uvd,test_unseen,847,val:2009_004507:part_64,2009_004507,dog,neck,neck,0.6628680229187012,0.797258734703064,0.032992035150527954,0.0938037857413292,1.0,1.0,1.0
fixed_uvd,test_unseen,848,val:2009_004507:part_65,2009_004507,dog,leg,leg,0.3051198720932007,0.46757370233535767,0.14444445073604584,0.11617900431156158,1.0,1.0,1.0
fixed_uvd,test_unseen,849,val:2009_004507:part_66,2009_004507,dog,nose,nose,0.02666666731238365,0.051948051899671555,0.0,0.008067985996603966,1.0,1.0,1.0
fixed_uvd,test_unseen,850,val:2009_004507:part_67,2009_004507,dog,paw,paw,0.33398059010505676,0.5007277727127075,0.48518896102905273,0.04249139502644539,1.0,1.0,1.0
fixed_uvd,test_unseen,851,val:2009_004507:part_68,2009_004507,dog,ear,ear,0.44117647409439087,0.6122449040412903,0.15666666626930237,0.020438898354768753,1.0,1.0,1.0
fixed_uvd,test_unseen,852,val:2009_004507:part_69,2009_004507,dog,muzzle,muzzle,0.06761565804481506,0.12666666507720947,0.0,0.027646299451589584,1.0,1.0,1.0
fixed_uvd,test_unseen,853,val:2009_004540:part_13,2009_004540,bird,head,head,0.4598338007926941,0.6299810409545898,0.3656509816646576,0.06297419965267181,1.0,1.0,1.0
fixed_uvd,test_unseen,854,val:2009_004540:part_14,2009_004540,bird,eye,eye,0.0,0.0,0.0,0.0018968133954331279,1.0,1.0,1.0
fixed_uvd,test_unseen,855,val:2009_004540:part_15,2009_004540,bird,beak,beak,0.0,0.0,0.0,0.053490135818719864,1.0,1.0,1.0
fixed_uvd,test_unseen,856,val:2009_004540:part_16,2009_004540,bird,torso,torso,0.5962539315223694,0.7470664978027344,0.10231214016675949,0.5075872540473938,1.0,1.0,1.0
fixed_uvd,test_unseen,857,val:2009_004540:part_17,2009_004540,bird,neck,neck,0.0,0.0,0.8571428656578064,0.3171471953392029,1.0,1.0,1.0
fixed_uvd,test_unseen,858,val:2009_004540:part_18,2009_004540,bird,leg,leg,0.08582574874162674,0.15808382630348206,0.6213333606719971,0.03224582597613335,1.0,1.0,1.0
fixed_uvd,test_unseen,859,val:2009_004540:part_19,2009_004540,bird,foot,foot,0.0,0.0,0.7721518874168396,0.023520486429333687,1.0,1.0,1.0
fixed_uvd,test_unseen,860,val:2009_004568:part_11,2009_004568,bird,wing,wing,0.0,0.0,0.16605165600776672,0.08076564222574234,1.0,1.0,1.0
fixed_uvd,test_unseen,861,val:2009_004568:part_12,2009_004568,bird,tail,tail,0.0,0.0,0.5745856165885925,0.006069094408303499,1.0,1.0,1.0
fixed_uvd,test_unseen,862,val:2009_004568:part_13,2009_004568,bird,head,head,0.0,0.0,0.0,0.003267973894253373,1.0,1.0,1.0
fixed_uvd,test_unseen,863,val:2009_004568:part_14,2009_004568,bird,eye,eye,0.0,0.0,0.0,0.0004668534093070775,1.0,1.0,1.0
fixed_uvd,test_unseen,864,val:2009_004568:part_15,2009_004568,bird,beak,beak,0.0,0.0,0.0,0.0009328357991762459,1.0,1.0,1.0
fixed_uvd,test_unseen,865,val:2009_004568:part_16,2009_004568,bird,torso,torso,0.0,0.0,0.16463415324687958,0.022875817492604256,1.0,1.0,1.0
fixed_uvd,test_unseen,866,val:2009_004568:part_18,2009_004568,bird,leg,leg,0.0,0.0,0.5292258858680725,0.002801120514050126,1.0,1.0,1.0
fixed_uvd,test_unseen,867,val:2009_004568:part_19,2009_004568,bird,foot,foot,0.0,0.0,0.0,0.0004668534093070775,1.0,1.0,1.0
fixed_uvd,test_unseen,868,val:2009_004581:part_60,2009_004581,dog,tail,tail,0.03333333507180214,0.06451612710952759,0.5333333611488342,0.016931217163801193,1.0,1.0,1.0
fixed_uvd,test_unseen,869,val:2009_004581:part_61,2009_004581,dog,head,head,0.4518950581550598,0.6224899888038635,0.17930029332637787,0.16402116417884827,1.0,1.0,1.0
fixed_uvd,test_unseen,870,val:2009_004581:part_62,2009_004581,dog,eye,eye,0.013513513840734959,0.02666666731238365,0.0,0.010582010261714458,1.0,1.0,1.0
fixed_uvd,test_unseen,871,val:2009_004581:part_63,2009_004581,dog,torso,torso,0.5571227073669434,0.7155796885490417,0.2255520522594452,0.49735450744628906,1.0,1.0,1.0
fixed_uvd,test_unseen,872,val:2009_004581:part_64,2009_004581,dog,neck,neck,0.1340206116437912,0.23636363446712494,0.18518517911434174,0.043915342539548874,1.0,1.0,1.0
fixed_uvd,test_unseen,873,val:2009_004581:part_65,2009_004581,dog,leg,leg,0.2759295403957367,0.43251532316207886,0.2897862195968628,0.12222222238779068,1.0,1.0,1.0
fixed_uvd,test_unseen,874,val:2009_004581:part_66,2009_004581,dog,nose,nose,0.2800000011920929,0.4375,0.0,0.010052910074591637,1.0,1.0,1.0
fixed_uvd,test_unseen,875,val:2009_004581:part_68,2009_004581,dog,ear,ear,0.26359832286834717,0.41721853613853455,0.6100917458534241,0.08888889104127884,1.0,1.0,1.0
fixed_uvd,test_unseen,876,val:2009_004581:part_69,2009_004581,dog,muzzle,muzzle,0.3100775182247162,0.47337278723716736,0.023622047156095505,0.04444444552063942,1.0,1.0,1.0
fixed_uvd,test_unseen,877,val:2009_004592:part_60,2009_004592,dog,tail,tail,0.29383885860443115,0.4542124569416046,0.12041884660720825,0.03211907669901848,1.0,1.0,1.0
fixed_uvd,test_unseen,878,val:2009_004592:part_61,2009_004592,dog,head,head,0.0,0.0,0.01785714365541935,0.23932628333568573,1.0,1.0,1.0
fixed_uvd,test_unseen,879,val:2009_004592:part_62,2009_004592,dog,eye,eye,0.0,0.0,0.0,0.0007833921117708087,1.0,1.0,1.0
fixed_uvd,test_unseen,880,val:2009_004592:part_63,2009_004592,dog,torso,torso,0.6154385805130005,0.7619461417198181,0.11350919306278229,0.41167253255844116,1.0,1.0,1.0
fixed_uvd,test_unseen,881,val:2009_004592:part_65,2009_004592,dog,leg,leg,0.3224155604839325,0.48761609196662903,0.32054176926612854,0.15902858972549438,1.0,1.0,1.0
fixed_uvd,test_unseen,882,val:2009_004592:part_66,2009_004592,dog,nose,nose,0.0,0.0,0.0,0.0011750881094485521,1.0,1.0,1.0
fixed_uvd,test_unseen,883,val:2009_004592:part_67,2009_004592,dog,paw,paw,0.30344828963279724,0.46560847759246826,0.3125,0.048962004482746124,1.0,1.0,1.0
fixed_uvd,test_unseen,884,val:2009_004592:part_69,2009_004592,dog,muzzle,muzzle,0.14678898453712463,0.25600001215934753,0.0,0.08538974076509476,1.0,1.0,1.0
fixed_uvd,test_unseen,885,val:2009_004594:part_32,2009_004594,car,wheel,wheel,0.21962617337703705,0.3601532578468323,0.08079469949007034,0.022467542439699173,1.0,1.0,1.0
fixed_uvd,test_unseen,886,val:2009_004594:part_33,2009_004594,car,headlight,headlight,0.4027565121650696,0.5742357969284058,0.0,0.040970224887132645,1.0,1.0,1.0
fixed_uvd,test_unseen,887,val:2009_004594:part_34,2009_004594,car,front,front,0.573765754699707,0.729162871837616,0.0541815385222435,0.6615097522735596,1.0,1.0,1.0
fixed_uvd,test_unseen,888,val:2009_004594:part_37,2009_004594,car,roof,roof,0.0,0.0,0.030487805604934692,0.03280727565288544,1.0,1.0,1.0
fixed_uvd,test_unseen,889,val:2009_004594:part_38,2009_004594,car,mirror,mirror,0.0546875,0.10370370000600815,0.695652186870575,0.008707144297659397,1.0,1.0,1.0
fixed_uvd,test_unseen,890,val:2009_004594:part_41,2009_004594,car,window,window,0.8413446545600891,0.9138372540473938,0.0,0.22109927237033844,1.0,1.0,1.0
fixed_uvd,test_unseen,891,val:2009_004748:part_32,2009_004748,car,wheel,wheel,0.7327913045883179,0.8457929491996765,0.07585791498422623,0.13411332666873932,1.0,1.0,1.0
fixed_uvd,test_unseen,892,val:2009_004748:part_33,2009_004748,car,headlight,headlight,0.2625482678413391,0.41590213775634766,0.0,0.042608924210071564,1.0,1.0,1.0
fixed_uvd,test_unseen,893,val:2009_004748:part_34,2009_004748,car,front,front,0.3366542160511017,0.5037267208099365,0.0011580776190385222,0.2607177197933197,1.0,1.0,1.0
fixed_uvd,test_unseen,894,val:2009_004748:part_35,2009_004748,car,side,side,0.21686747670173645,0.3564356565475464,0.01779279299080372,0.2649087607860565,1.0,1.0,1.0
fixed_uvd,test_unseen,895,val:2009_004748:part_38,2009_004748,car,mirror,mirror,0.0,0.0,0.0,0.0002619400911498815,1.0,1.0,1.0
fixed_uvd,test_unseen,896,val:2009_004748:part_40,2009_004748,car,door,door,0.013881747610867023,0.027383366599678993,0.0,0.14790885150432587,1.0,1.0,1.0
fixed_uvd,test_unseen,897,val:2009_004748:part_41,2009_004748,car,window,window,0.5308713316917419,0.6935544610023499,0.03723404183983803,0.13315288722515106,1.0,1.0,1.0
fixed_uvd,test_unseen,898,val:2009_004801:part_79,2009_004801,motorbike,wheel,wheel,0.19562242925167084,0.32723110914230347,0.30480480194091797,0.3909774422645569,1.0,1.0,1.0
fixed_uvd,test_unseen,899,val:2009_004886:part_11,2009_004886,bird,wing,wing,0.541050910949707,0.7021843194961548,0.23549884557724,0.518651008605957,1.0,1.0,1.0
fixed_uvd,test_unseen,900,val:2009_004886:part_12,2009_004886,bird,tail,tail,0.008527131751179695,0.016910068690776825,0.34823089838027954,0.11599386483430862,1.0,1.0,1.0
fixed_uvd,test_unseen,901,val:2009_004886:part_13,2009_004886,bird,head,head,0.0,0.0,0.0,0.10117527097463608,1.0,1.0,1.0
fixed_uvd,test_unseen,902,val:2009_004886:part_14,2009_004886,bird,eye,eye,0.0,0.0,0.0,0.004598875995725393,1.0,1.0,1.0
fixed_uvd,test_unseen,903,val:2009_004886:part_15,2009_004886,bird,beak,beak,0.0,0.0,0.0,0.003576903371140361,1.0,1.0,1.0
fixed_uvd,test_unseen,904,val:2009_004886:part_16,2009_004886,bird,torso,torso,0.39020270109176636,0.5613608956336975,0.20716112852096558,0.24169647693634033,1.0,1.0,1.0
fixed_uvd,test_unseen,905,val:2009_004886:part_18,2009_004886,bird,leg,leg,0.0,0.0,0.2234957069158554,0.010730709880590439,1.0,1.0,1.0
fixed_uvd,test_unseen,906,val:2009_004895:part_13,2009_004895,bird,head,head,0.3564356565475464,0.525547444820404,0.3391304314136505,0.07796954363584518,1.0,1.0,1.0
fixed_uvd,test_unseen,907,val:2009_004895:part_14,2009_004895,bird,eye,eye,0.20454545319080353,0.3396226465702057,0.0,0.003654822241514921,1.0,1.0,1.0
fixed_uvd,test_unseen,908,val:2009_004895:part_15,2009_004895,bird,beak,beak,0.0,0.0,0.0,0.010964467190206051,1.0,1.0,1.0
fixed_uvd,test_unseen,909,val:2009_004895:part_16,2009_004895,bird,torso,torso,0.7116137742996216,0.8315120935440063,0.0901077389717102,0.7687309384346008,1.0,1.0,1.0
fixed_uvd,test_unseen,910,val:2009_004895:part_17,2009_004895,bird,neck,neck,0.3153928816318512,0.47954174876213074,0.14848144352436066,0.06761421263217926,1.0,1.0,1.0
fixed_uvd,test_unseen,911,val:2009_004895:part_18,2009_004895,bird,leg,leg,0.018252018839120865,0.03584970533847809,0.20484891533851624,0.011167512275278568,1.0,1.0,1.0
fixed_uvd,test_unseen,912,val:2009_004895:part_19,2009_004895,bird,foot,foot,0.1175059974193573,0.21030043065547943,0.8453865051269531,0.013197969645261765,1.0,1.0,1.0
fixed_uvd,test_unseen,913,val:2009_004994:part_61,2009_004994,dog,head,head,0.3481384813785553,0.5164728760719299,0.08554376661777496,0.16828086972236633,1.0,1.0,1.0
fixed_uvd,test_unseen,914,val:2009_004994:part_62,2009_004994,dog,eye,eye,0.058139536529779434,0.10989011079072952,0.0,0.0042372881434857845,1.0,1.0,1.0
fixed_uvd,test_unseen,915,val:2009_004994:part_63,2009_004994,dog,torso,torso,0.6701357364654541,0.8024925589561462,0.14916864037513733,0.48002421855926514,1.0,1.0,1.0
fixed_uvd,test_unseen,916,val:2009_004994:part_66,2009_004994,dog,nose,nose,0.3177570104598999,0.4822694957256317,0.0,0.025121064856648445,1.0,1.0,1.0
fixed_uvd,test_unseen,917,val:2009_004994:part_68,2009_004994,dog,ear,ear,0.38317757844924927,0.5540540814399719,0.4572271406650543,0.07657384872436523,1.0,1.0,1.0
fixed_uvd,test_unseen,918,val:2009_004994:part_69,2009_004994,dog,muzzle,muzzle,0.2761194109916687,0.4327485263347626,0.012820512987673283,0.1452784538269043,1.0,1.0,1.0
fixed_uvd,test_unseen,919,val:2009_005089:part_99,2009_005089,sheep,tail,tail,0.0,0.0,0.0,0.027027027681469917,1.0,1.0,1.0
fixed_uvd,test_unseen,920,val:2009_005089:part_100,2009_005089,sheep,head,head,0.0520833320915699,0.09900990128517151,0.6896551847457886,0.03439803421497345,1.0,1.0,1.0
fixed_uvd,test_unseen,921,val:2009_005089:part_101,2009_005089,sheep,eye,eye,0.0,0.0,0.0,0.0024570024106651545,1.0,1.0,1.0
fixed_uvd,test_unseen,922,val:2009_005089:part_102,2009_005089,sheep,torso,torso,0.5073649883270264,0.6731812953948975,0.43585526943206787,0.7690417766571045,1.0,1.0,1.0
fixed_uvd,test_unseen,923,val:2009_005089:part_103,2009_005089,sheep,neck,neck,0.21794871985912323,0.35789474844932556,0.17241379618644714,0.09090909361839294,1.0,1.0,1.0
fixed_uvd,test_unseen,924,val:2009_005089:part_105,2009_005089,sheep,ear,ear,0.04545454680919647,0.08695652335882187,0.9473684430122375,0.009828009642660618,1.0,1.0,1.0
fixed_uvd,test_unseen,925,val:2009_005089:part_106,2009_005089,sheep,muzzle,muzzle,0.0,0.0,1.0,0.007371007464826107,1.0,1.0,1.0
fixed_uvd,test_unseen,926,val:2009_005137:part_11,2009_005137,bird,wing,wing,0.3901538550853729,0.5613102912902832,0.06859592348337173,0.42015209794044495,1.0,1.0,1.0
fixed_uvd,test_unseen,927,val:2009_005137:part_12,2009_005137,bird,tail,tail,0.06641720980405807,0.12456140667200089,0.0,0.3317490518093109,1.0,1.0,1.0
fixed_uvd,test_unseen,928,val:2009_005137:part_13,2009_005137,bird,head,head,0.5173745155334473,0.6819338202476501,0.15942029654979706,0.13973383605480194,1.0,1.0,1.0
fixed_uvd,test_unseen,929,val:2009_005137:part_14,2009_005137,bird,eye,eye,0.0,0.0,0.0,0.006653992459177971,1.0,1.0,1.0
fixed_uvd,test_unseen,930,val:2009_005137:part_15,2009_005137,bird,beak,beak,0.0,0.0,1.0,0.0107731306925416,1.0,1.0,1.0
fixed_uvd,test_unseen,931,val:2009_005137:part_16,2009_005137,bird,torso,torso,0.17290885746479034,0.29483768343925476,0.1254681646823883,0.08776932954788208,1.0,1.0,1.0
fixed_uvd,test_unseen,932,val:2009_005137:part_19,2009_005137,bird,foot,foot,0.0,0.0,0.0,0.0019011406693607569,1.0,1.0,1.0
fixed_uvd,test_unseen,933,val:2009_005260:part_12,2009_005260,bird,tail,tail,0.0732177272439003,0.13644523918628693,0.3412017226219177,0.04807184264063835,1.0,1.0,1.0
fixed_uvd,test_unseen,934,val:2009_005260:part_13,2009_005260,bird,head,head,0.1428571492433548,0.25,0.0,0.0739566832780838,1.0,1.0,1.0
fixed_uvd,test_unseen,935,val:2009_005260:part_14,2009_005260,bird,eye,eye,0.0,0.0,0.0,0.0026413099840283394,1.0,1.0,1.0
fixed_uvd,test_unseen,936,val:2009_005260:part_15,2009_005260,bird,beak,beak,0.0,0.0,0.0,0.003697834210470319,1.0,1.0,1.0
fixed_uvd,test_unseen,937,val:2009_005260:part_16,2009_005260,bird,torso,torso,0.6193507313728333,0.7649371027946472,0.06870938092470169,0.7749603986740112,1.0,1.0,1.0
fixed_uvd,test_unseen,938,val:2009_005260:part_17,2009_005260,bird,neck,neck,0.4743589758872986,0.643478274345398,0.14772726595401764,0.07501320540904999,1.0,1.0,1.0
fixed_uvd,test_unseen,939,val:2009_005262:part_12,2009_005262,bird,tail,tail,0.1343570053577423,0.2368866354227066,0.4656488597393036,0.12665198743343353,1.0,1.0,1.0
fixed_uvd,test_unseen,940,val:2009_005262:part_13,2009_005262,bird,head,head,0.1041257381439209,0.18861210346221924,0.17479674518108368,0.1740088164806366,1.0,1.0,1.0
fixed_uvd,test_unseen,941,val:2009_005262:part_14,2009_005262,bird,eye,eye,0.0,0.0,0.0,0.0022026430815458298,1.0,1.0,1.0
fixed_uvd,test_unseen,942,val:2009_005262:part_15,2009_005262,bird,beak,beak,0.0,0.0,0.0,0.11178413778543472,1.0,1.0,1.0
fixed_uvd,test_unseen,943,val:2009_005262:part_16,2009_005262,bird,torso,torso,0.3936581611633301,0.564927875995636,0.1849849820137024,0.5338656306266785,1.0,1.0,1.0
fixed_uvd,test_unseen,944,val:2009_005262:part_18,2009_005262,bird,leg,leg,0.04009433835744858,0.07709750533103943,0.4274611473083496,0.01514317188411951,1.0,1.0,1.0
fixed_uvd,test_unseen,945,val:2009_005262:part_19,2009_005262,bird,foot,foot,0.0746268630027771,0.1388888955116272,0.6666666865348816,0.014041850343346596,1.0,1.0,1.0
fixed_uvd,test_unseen,946,val:2010_000003:part_61,2010_000003,dog,head,head,0.44283121824264526,0.6138364672660828,0.006211180239915848,0.13866665959358215,1.0,1.0,1.0
fixed_uvd,test_unseen,947,val:2010_000003:part_62,2010_000003,dog,eye,eye,0.0,0.0,0.0,0.007555555552244186,1.0,1.0,1.0
fixed_uvd,test_unseen,948,val:2010_000003:part_63,2010_000003,dog,torso,torso,0.5925581455230713,0.7441588640213013,0.08649174124002457,0.30355554819107056,1.0,1.0,1.0
fixed_uvd,test_unseen,949,val:2010_000003:part_65,2010_000003,dog,leg,leg,0.4101123511791229,0.5816733241081238,0.07703488320112228,0.25200000405311584,1.0,1.0,1.0
fixed_uvd,test_unseen,950,val:2010_000003:part_66,2010_000003,dog,nose,nose,0.0,0.0,0.0,0.009777777828276157,1.0,1.0,1.0
fixed_uvd,test_unseen,951,val:2010_000003:part_67,2010_000003,dog,paw,paw,0.6020066738128662,0.7515657544136047,0.25868725776672363,0.09777777642011642,1.0,1.0,1.0
fixed_uvd,test_unseen,952,val:2010_000003:part_68,2010_000003,dog,ear,ear,0.45558738708496094,0.625984251499176,0.17482517659664154,0.09866666793823242,1.0,1.0,1.0
fixed_uvd,test_unseen,953,val:2010_000003:part_69,2010_000003,dog,muzzle,muzzle,0.08139535039663315,0.1505376398563385,0.005780346691608429,0.08844444155693054,1.0,1.0,1.0
fixed_uvd,test_unseen,954,val:2010_000087:part_79,2010_000087,motorbike,wheel,wheel,0.4232558012008667,0.5947712659835815,0.20537897944450378,0.3702956438064575,1.0,1.0,1.0
fixed_uvd,test_unseen,955,val:2010_000087:part_82,2010_000087,motorbike,headlight,headlight,0.0,0.0,0.0,0.02071855403482914,1.0,1.0,1.0
fixed_uvd,test_unseen,956,val:2010_000110:part_61,2010_000110,dog,head,head,0.34458646178245544,0.5125538110733032,0.06940750032663345,0.19650892913341522,1.0,1.0,1.0
fixed_uvd,test_unseen,957,val:2010_000110:part_62,2010_000110,dog,eye,eye,0.4829268157482147,0.6513158082962036,0.0,0.021955544129014015,1.0,1.0,1.0
fixed_uvd,test_unseen,958,val:2010_000110:part_63,2010_000110,dog,torso,torso,0.6719522476196289,0.8037935495376587,0.1943986862897873,0.44497478008270264,1.0,1.0,1.0
fixed_uvd,test_unseen,959,val:2010_000110:part_65,2010_000110,dog,leg,leg,0.0,0.0,0.0,0.0009545888169668615,1.0,1.0,1.0
fixed_uvd,test_unseen,960,val:2010_000110:part_66,2010_000110,dog,nose,nose,0.09558823704719543,0.17449665069580078,0.0,0.011591436341404915,1.0,1.0,1.0
fixed_uvd,test_unseen,961,val:2010_000110:part_67,2010_000110,dog,paw,paw,0.0,0.0,0.0,0.018137188628315926,1.0,1.0,1.0
fixed_uvd,test_unseen,962,val:2010_000110:part_68,2010_000110,dog,ear,ear,0.3319999873638153,0.49849849939346313,0.045694202184677124,0.058639030903577805,1.0,1.0,1.0
fixed_uvd,test_unseen,963,val:2010_000110:part_69,2010_000110,dog,muzzle,muzzle,0.04038364440202713,0.07763221859931946,0.18255577981472015,0.21382790803909302,1.0,1.0,1.0
fixed_uvd,test_unseen,964,val:2010_000159:part_61,2010_000159,dog,head,head,0.23807232081890106,0.3845854699611664,0.06785791367292404,0.15733051300048828,1.0,1.0,1.0
fixed_uvd,test_unseen,965,val:2010_000159:part_62,2010_000159,dog,eye,eye,0.2070707082748413,0.34309622645378113,0.0,0.005955622065812349,1.0,1.0,1.0
fixed_uvd,test_unseen,966,val:2010_000159:part_63,2010_000159,dog,torso,torso,0.28214651346206665,0.44011589884757996,0.052475735545158386,0.13834059238433838,1.0,1.0,1.0
fixed_uvd,test_unseen,967,val:2010_000159:part_66,2010_000159,dog,nose,nose,0.5152438879013062,0.6800804734230042,0.0,0.00820174254477024,1.0,1.0,1.0
fixed_uvd,test_unseen,968,val:2010_000159:part_68,2010_000159,dog,ear,ear,0.5229455828666687,0.6867554187774658,0.054235223680734634,0.08984481543302536,1.0,1.0,1.0
fixed_uvd,test_unseen,969,val:2010_000159:part_69,2010_000159,dog,muzzle,muzzle,0.08272251486778259,0.1528046429157257,0.1149425283074379,0.05261366814374924,1.0,1.0,1.0
fixed_uvd,test_unseen,970,val:2010_000160:part_32,2010_000160,car,wheel,wheel,0.09162303805351257,0.16786570847034454,0.11981566995382309,0.015666000545024872,1.0,1.0,1.0
fixed_uvd,test_unseen,971,val:2010_000160:part_35,2010_000160,car,side,side,0.46066972613334656,0.6307650804519653,0.02143985591828823,0.2620922029018402,1.0,1.0,1.0
fixed_uvd,test_unseen,972,val:2010_000160:part_36,2010_000160,car,back,back,0.663038432598114,0.7973819971084595,0.004228100646287203,0.5460776090621948,1.0,1.0,1.0
fixed_uvd,test_unseen,973,val:2010_000160:part_38,2010_000160,car,mirror,mirror,0.0,0.0,0.0,0.003916500136256218,1.0,1.0,1.0
fixed_uvd,test_unseen,974,val:2010_000160:part_41,2010_000160,car,window,window,0.3999062478542328,0.5713328719139099,0.22405481338500977,0.07954411953687668,1.0,1.0,1.0
fixed_uvd,test_unseen,975,val:2010_000216:part_60,2010_000216,dog,tail,tail,0.028260869905352592,0.05496828630566597,0.03526448458433151,0.010624912567436695,1.0,1.0,1.0
fixed_uvd,test_unseen,976,val:2010_000216:part_61,2010_000216,dog,head,head,0.3050847351551056,0.4675324559211731,0.028985507786273956,0.0773102194070816,1.0,1.0,1.0
fixed_uvd,test_unseen,977,val:2010_000216:part_62,2010_000216,dog,eye,eye,0.02222222276031971,0.043478261679410934,0.0,0.0069900741800665855,1.0,1.0,1.0
fixed_uvd,test_unseen,978,val:2010_000216:part_63,2010_000216,dog,torso,torso,0.5143910050392151,0.6793371438980103,0.13997189700603485,0.4103173613548279,1.0,1.0,1.0
fixed_uvd,test_unseen,979,val:2010_000216:part_65,2010_000216,dog,leg,leg,0.001183431944809854,0.002364066196605563,0.20735785365104675,0.07647141069173813,1.0,1.0,1.0
fixed_uvd,test_unseen,980,val:2010_000216:part_66,2010_000216,dog,nose,nose,0.0,0.0,0.0,0.007409478537738323,1.0,1.0,1.0
fixed_uvd,test_unseen,981,val:2010_000216:part_67,2010_000216,dog,paw,paw,0.10040983557701111,0.1824953407049179,0.2571428716182709,0.06528729200363159,1.0,1.0,1.0
fixed_uvd,test_unseen,982,val:2010_000216:part_68,2010_000216,dog,ear,ear,0.0,0.0,0.0,0.2583531439304352,1.0,1.0,1.0
fixed_uvd,test_unseen,983,val:2010_000216:part_69,2010_000216,dog,muzzle,muzzle,0.34279918670654297,0.5105740427970886,0.0,0.06291066855192184,1.0,1.0,1.0
fixed_uvd,test_unseen,984,val:2010_000241:part_12,2010_000241,bird,tail,tail,0.2550930082798004,0.40649259090423584,0.12729357182979584,0.1279643177986145,1.0,1.0,1.0
fixed_uvd,test_unseen,985,val:2010_000241:part_13,2010_000241,bird,head,head,0.37037035822868347,0.5405405163764954,0.062043797224760056,0.048602957278490067,1.0,1.0,1.0
fixed_uvd,test_unseen,986,val:2010_000241:part_14,2010_000241,bird,eye,eye,0.0,0.0,0.0,0.003287156578153372,1.0,1.0,1.0
fixed_uvd,test_unseen,987,val:2010_000241:part_15,2010_000241,bird,beak,beak,0.0,0.0,1.0,0.007043906953185797,1.0,1.0,1.0
fixed_uvd,test_unseen,988,val:2010_000241:part_16,2010_000241,bird,torso,torso,0.7383966445922852,0.8495145440101624,0.052371133118867874,0.5914533734321594,1.0,1.0,1.0
fixed_uvd,test_unseen,989,val:2010_000241:part_17,2010_000241,bird,neck,neck,0.45811519026756287,0.628366231918335,0.08215297758579254,0.04789856821298599,1.0,1.0,1.0
fixed_uvd,test_unseen,990,val:2010_000241:part_18,2010_000241,bird,leg,leg,0.2690228819847107,0.42398425936698914,0.35881370306015015,0.15449635684490204,1.0,1.0,1.0
fixed_uvd,test_unseen,991,val:2010_000241:part_19,2010_000241,bird,foot,foot,0.16414141654968262,0.28199565410614014,0.808080792427063,0.015261798165738583,1.0,1.0,1.0
fixed_uvd,test_unseen,992,val:2010_000309:part_100,2010_000309,sheep,head,head,0.0,0.0,0.0,0.030701754614710808,1.0,1.0,1.0
fixed_uvd,test_unseen,993,val:2010_000309:part_101,2010_000309,sheep,eye,eye,0.0,0.0,0.0,0.001461988314986229,1.0,1.0,1.0
fixed_uvd,test_unseen,994,val:2010_000309:part_102,2010_000309,sheep,torso,torso,0.0,0.0,0.0,0.3801169693470001,1.0,1.0,1.0
fixed_uvd,test_unseen,995,val:2010_000309:part_103,2010_000309,sheep,neck,neck,0.0,0.0,0.0,0.019005848094820976,1.0,1.0,1.0
fixed_uvd,test_unseen,996,val:2010_000309:part_105,2010_000309,sheep,ear,ear,0.0,0.0,0.0,0.002923976629972458,1.0,1.0,1.0
fixed_uvd,test_unseen,997,val:2010_000309:part_106,2010_000309,sheep,muzzle,muzzle,0.0,0.0,0.0,0.005847953259944916,1.0,1.0,1.0
fixed_uvd,test_unseen,998,val:2010_000335:part_11,2010_000335,bird,wing,wing,0.0,0.0,0.0,0.36301368474960327,1.0,1.0,1.0
fixed_uvd,test_unseen,999,val:2010_000335:part_12,2010_000335,bird,tail,tail,0.0,0.0,0.0,0.02054794505238533,1.0,1.0,1.0
fixed_uvd,test_unseen,1000,val:2010_000335:part_13,2010_000335,bird,head,head,0.0,0.0,0.0,0.19863013923168182,1.0,1.0,1.0
fixed_uvd,test_unseen,1001,val:2010_000335:part_14,2010_000335,bird,eye,eye,0.0,0.0,0.0,0.013698630034923553,1.0,1.0,1.0
fixed_uvd,test_unseen,1002,val:2010_000335:part_15,2010_000335,bird,beak,beak,0.0,0.0,0.0,0.006849315017461777,1.0,1.0,1.0
fixed_uvd,test_unseen,1003,val:2010_000335:part_16,2010_000335,bird,torso,torso,0.0,0.0,1.0,0.4109589159488678,1.0,1.0,1.0
fixed_uvd,test_unseen,1004,val:2010_000372:part_32,2010_000372,car,wheel,wheel,0.8357685804367065,0.9105380177497864,0.004644989967346191,0.12231454253196716,1.0,1.0,1.0
fixed_uvd,test_unseen,1005,val:2010_000372:part_35,2010_000372,car,side,side,0.26436901092529297,0.4181833267211914,0.054418548941612244,0.2762182652950287,1.0,1.0,1.0
fixed_uvd,test_unseen,1006,val:2010_000372:part_36,2010_000372,car,back,back,0.2303931564092636,0.37450331449508667,0.04021899402141571,0.09663897007703781,1.0,1.0,1.0
fixed_uvd,test_unseen,1007,val:2010_000372:part_38,2010_000372,car,mirror,mirror,0.0,0.0,0.0,0.0026948123704642057,1.0,1.0,1.0
fixed_uvd,test_unseen,1008,val:2010_000372:part_40,2010_000372,car,door,door,0.054409489035606384,0.10320371389389038,0.0,0.280485063791275,1.0,1.0,1.0
fixed_uvd,test_unseen,1009,val:2010_000372:part_41,2010_000372,car,window,window,0.5766312479972839,0.7314725518226624,0.012558870017528534,0.12036829441785812,1.0,1.0,1.0
fixed_uvd,test_unseen,1010,val:2010_000422:part_60,2010_000422,dog,tail,tail,0.26744186878204346,0.4220183491706848,0.5007215142250061,0.06217411532998085,1.0,1.0,1.0
fixed_uvd,test_unseen,1011,val:2010_000422:part_61,2010_000422,dog,head,head,0.5971306562423706,0.7477543354034424,0.021997105330228806,0.3595142364501953,1.0,1.0,1.0
fixed_uvd,test_unseen,1012,val:2010_000422:part_62,2010_000422,dog,eye,eye,0.13768115639686584,0.24203822016716003,0.0,0.007062240038067102,1.0,1.0,1.0
fixed_uvd,test_unseen,1013,val:2010_000422:part_63,2010_000422,dog,torso,torso,0.26987412571907043,0.42504075169563293,0.08242424577474594,0.10487756878137589,1.0,1.0,1.0
fixed_uvd,test_unseen,1014,val:2010_000422:part_65,2010_000422,dog,leg,leg,0.4695393741130829,0.639029324054718,0.17236953973770142,0.10679163038730621,1.0,1.0,1.0
fixed_uvd,test_unseen,1015,val:2010_000422:part_66,2010_000422,dog,nose,nose,0.0,0.0,0.0,0.009636327624320984,1.0,1.0,1.0
fixed_uvd,test_unseen,1016,val:2010_000422:part_67,2010_000422,dog,paw,paw,0.4564315378665924,0.62678062915802,0.4083601236343384,0.054253846406936646,1.0,1.0,1.0
fixed_uvd,test_unseen,1017,val:2010_000422:part_68,2010_000422,dog,ear,ear,0.05235173925757408,0.09949475526809692,0.0,0.161375492811203,1.0,1.0,1.0
fixed_uvd,test_unseen,1018,val:2010_000422:part_69,2010_000422,dog,muzzle,muzzle,0.0,0.0,0.0,0.11583393812179565,1.0,1.0,1.0
fixed_uvd,test_unseen,1019,val:2010_000502:part_11,2010_000502,bird,wing,wing,0.0,0.0,0.0,0.30693069100379944,1.0,1.0,1.0
fixed_uvd,test_unseen,1020,val:2010_000502:part_12,2010_000502,bird,tail,tail,0.0625,0.11764705926179886,0.9333333373069763,0.019417475908994675,1.0,1.0,1.0
fixed_uvd,test_unseen,1021,val:2010_000502:part_13,2010_000502,bird,head,head,0.0,0.0,0.0,0.049504950642585754,1.0,1.0,1.0
fixed_uvd,test_unseen,1022,val:2010_000502:part_14,2010_000502,bird,eye,eye,0.0,0.0,0.0,0.009803921915590763,1.0,1.0,1.0
fixed_uvd,test_unseen,1023,val:2010_000502:part_15,2010_000502,bird,beak,beak,0.0,0.0,0.0,0.029702970758080482,1.0,1.0,1.0
fixed_uvd,test_unseen,1024,val:2010_000502:part_16,2010_000502,bird,torso,torso,0.4333333373069763,0.604651153087616,0.4000000059604645,0.5346534848213196,1.0,1.0,1.0
fixed_uvd,test_unseen,1025,val:2010_000502:part_17,2010_000502,bird,neck,neck,0.0,0.0,0.0,0.059405941516160965,1.0,1.0,1.0
fixed_uvd,test_unseen,1026,val:2010_000502:part_18,2010_000502,bird,leg,leg,0.0,0.0,0.0,0.019801979884505272,1.0,1.0,1.0
fixed_uvd,test_unseen,1027,val:2010_000530:part_32,2010_000530,car,wheel,wheel,0.5268361568450928,0.6901017427444458,0.1569186896085739,0.12881356477737427,1.0,1.0,1.0
fixed_uvd,test_unseen,1028,val:2010_000530:part_33,2010_000530,car,headlight,headlight,0.0,0.0,1.0,0.014915253967046738,1.0,1.0,1.0
fixed_uvd,test_unseen,1029,val:2010_000530:part_34,2010_000530,car,front,front,0.01953125,0.038314174860715866,0.3142857253551483,0.06474576145410538,1.0,1.0,1.0
fixed_uvd,test_unseen,1030,val:2010_000530:part_35,2010_000530,car,side,side,0.2857142984867096,0.4444444477558136,0.07856494188308716,0.32745763659477234,1.0,1.0,1.0
fixed_uvd,test_unseen,1031,val:2010_000530:part_37,2010_000530,car,roof,roof,0.014618299901485443,0.028815368190407753,0.041827186942100525,0.01932203397154808,1.0,1.0,1.0
fixed_uvd,test_unseen,1032,val:2010_000530:part_38,2010_000530,car,mirror,mirror,0.0,0.0,0.0,0.000677966105286032,1.0,1.0,1.0
fixed_uvd,test_unseen,1033,val:2010_000530:part_40,2010_000530,car,door,door,0.16379310190677643,0.28148147463798523,0.0,0.2322033941745758,1.0,1.0,1.0
fixed_uvd,test_unseen,1034,val:2010_000530:part_41,2010_000530,car,window,window,0.13857677578926086,0.2434210479259491,0.0,0.16677966713905334,1.0,1.0,1.0
fixed_uvd,test_unseen,1035,val:2010_000628:part_32,2010_000628,car,wheel,wheel,0.47138047218322754,0.6407322883605957,0.07500000298023224,0.10753275454044342,1.0,1.0,1.0
fixed_uvd,test_unseen,1036,val:2010_000628:part_35,2010_000628,car,side,side,0.09655831754207611,0.1761115938425064,0.16141732037067413,0.21015283465385437,1.0,1.0,1.0
fixed_uvd,test_unseen,1037,val:2010_000628:part_36,2010_000628,car,back,back,0.4296160936355591,0.6010230183601379,0.32595574855804443,0.3111353814601898,1.0,1.0,1.0
fixed_uvd,test_unseen,1038,val:2010_000628:part_38,2010_000628,car,mirror,mirror,0.0,0.0,0.0,0.0043668122962117195,1.0,1.0,1.0
fixed_uvd,test_unseen,1039,val:2010_000628:part_40,2010_000628,car,door,door,0.0,0.0,0.0,0.19159388542175293,1.0,1.0,1.0
fixed_uvd,test_unseen,1040,val:2010_000628:part_41,2010_000628,car,window,window,0.08474576473236084,0.15625,0.0,0.14082969725131989,1.0,1.0,1.0
fixed_uvd,test_unseen,1041,val:2010_000639:part_60,2010_000639,dog,tail,tail,0.0,0.0,0.4736842215061188,0.008683728985488415,1.0,1.0,1.0
fixed_uvd,test_unseen,1042,val:2010_000639:part_61,2010_000639,dog,head,head,0.11088709533214569,0.1996370255947113,0.0,0.0863802582025528,1.0,1.0,1.0
fixed_uvd,test_unseen,1043,val:2010_000639:part_62,2010_000639,dog,eye,eye,0.0,0.0,0.0,0.0018281536176800728,1.0,1.0,1.0
fixed_uvd,test_unseen,1044,val:2010_000639:part_63,2010_000639,dog,torso,torso,0.5567522644996643,0.7152740955352783,0.0568561889231205,0.31215721368789673,1.0,1.0,1.0
fixed_uvd,test_unseen,1045,val:2010_000639:part_64,2010_000639,dog,neck,neck,0.2368421107530594,0.38297873735427856,0.0033112582750618458,0.03382084146142006,1.0,1.0,1.0
fixed_uvd,test_unseen,1046,val:2010_000639:part_65,2010_000639,dog,leg,leg,0.18153846263885498,0.3072916567325592,0.4656488597393036,0.1713894009590149,1.0,1.0,1.0
fixed_uvd,test_unseen,1047,val:2010_000639:part_66,2010_000639,dog,nose,nose,0.0,0.0,0.0,0.005484460853040218,1.0,1.0,1.0
fixed_uvd,test_unseen,1048,val:2010_000639:part_67,2010_000639,dog,paw,paw,0.14553990960121155,0.2540983557701111,0.6666666865348816,0.06627056747674942,1.0,1.0,1.0
fixed_uvd,test_unseen,1049,val:2010_000639:part_68,2010_000639,dog,ear,ear,0.0,0.0,0.0,0.21343693137168884,1.0,1.0,1.0
fixed_uvd,test_unseen,1050,val:2010_000639:part_69,2010_000639,dog,muzzle,muzzle,0.5,0.6666666865348816,0.0,0.06581352651119232,1.0,1.0,1.0
fixed_uvd,test_unseen,1051,val:2010_000682:part_32,2010_000682,car,wheel,wheel,0.0,0.0,1.0,0.06122449040412903,1.0,1.0,1.0
fixed_uvd,test_unseen,1052,val:2010_000682:part_34,2010_000682,car,front,front,0.0,0.0,1.0,0.2857142984867096,1.0,1.0,1.0
fixed_uvd,test_unseen,1053,val:2010_000682:part_35,2010_000682,car,side,side,0.0,0.0,0.0,0.4897959232330322,1.0,1.0,1.0
fixed_uvd,test_unseen,1054,val:2010_000682:part_41,2010_000682,car,window,window,0.0,0.0,1.0,0.10204081982374191,1.0,1.0,1.0
fixed_uvd,test_unseen,1055,val:2010_000788:part_61,2010_000788,dog,head,head,0.4949319064617157,0.6621463894844055,0.06458868831396103,0.45609307289123535,1.0,1.0,1.0
fixed_uvd,test_unseen,1056,val:2010_000788:part_62,2010_000788,dog,eye,eye,0.14522822201251984,0.25362318754196167,0.0,0.007944389246404171,1.0,1.0,1.0
fixed_uvd,test_unseen,1057,val:2010_000788:part_63,2010_000788,dog,torso,torso,0.44265592098236084,0.6136680841445923,0.2134547233581543,0.1264009028673172,1.0,1.0,1.0
fixed_uvd,test_unseen,1058,val:2010_000788:part_66,2010_000788,dog,nose,nose,0.6262975931167603,0.7702127695083618,0.01315789483487606,0.03433110937476158,1.0,1.0,1.0
fixed_uvd,test_unseen,1059,val:2010_000788:part_68,2010_000788,dog,ear,ear,0.4468267560005188,0.6176645159721375,0.215665802359581,0.20697970688343048,1.0,1.0,1.0
fixed_uvd,test_unseen,1060,val:2010_000788:part_69,2010_000788,dog,muzzle,muzzle,0.27513226866722107,0.4315352737903595,0.15721464157104492,0.14427578449249268,1.0,1.0,1.0
fixed_uvd,test_unseen,1061,val:2010_000814:part_13,2010_000814,bird,head,head,0.6258992552757263,0.769911527633667,0.1458607167005539,0.05435273051261902,1.0,1.0,1.0
fixed_uvd,test_unseen,1062,val:2010_000814:part_14,2010_000814,bird,eye,eye,0.3137255012989044,0.4776119291782379,0.0,0.00202977005392313,1.0,1.0,1.0
fixed_uvd,test_unseen,1063,val:2010_000814:part_15,2010_000814,bird,beak,beak,0.0,0.0,0.0,0.013813712634146214,1.0,1.0,1.0
fixed_uvd,test_unseen,1064,val:2010_000814:part_16,2010_000814,bird,torso,torso,0.6707582473754883,0.80293869972229,0.05448416247963905,0.4933468699455261,1.0,1.0,1.0
fixed_uvd,test_unseen,1065,val:2010_000814:part_17,2010_000814,bird,neck,neck,0.5205673575401306,0.6847015023231506,0.014492753893136978,0.05085701495409012,1.0,1.0,1.0
fixed_uvd,test_unseen,1066,val:2010_000836:part_11,2010_000836,bird,wing,wing,0.4000000059604645,0.5714285969734192,0.49800798296928406,0.7723214030265808,1.0,1.0,1.0
fixed_uvd,test_unseen,1067,val:2010_000836:part_12,2010_000836,bird,tail,tail,0.0,0.0,0.5339806079864502,0.0915178582072258,1.0,1.0,1.0
fixed_uvd,test_unseen,1068,val:2010_000836:part_13,2010_000836,bird,head,head,0.010695187374949455,0.021164020523428917,0.27807486057281494,0.004464285913854837,1.0,1.0,1.0
fixed_uvd,test_unseen,1069,val:2010_000836:part_16,2010_000836,bird,torso,torso,0.3461538553237915,0.5142857432365417,0.3048780560493469,0.1294642835855484,1.0,1.0,1.0
fixed_uvd,test_unseen,1070,val:2010_000904:part_61,2010_000904,dog,head,head,0.5863392353057861,0.7392355799674988,0.04406191408634186,0.6022034287452698,1.0,1.0,1.0
fixed_uvd,test_unseen,1071,val:2010_000904:part_63,2010_000904,dog,torso,torso,0.1308242231607437,0.23137854039669037,0.06623387336730957,0.06264017522335052,1.0,1.0,1.0
fixed_uvd,test_unseen,1072,val:2010_000904:part_66,2010_000904,dog,nose,nose,0.6469719409942627,0.7856502532958984,0.0,0.026441078633069992,1.0,1.0,1.0
fixed_uvd,test_unseen,1073,val:2010_000904:part_68,2010_000904,dog,ear,ear,0.14688389003276825,0.25614431500434875,0.08814102411270142,0.2999016344547272,1.0,1.0,1.0
fixed_uvd,test_unseen,1074,val:2010_000918:part_12,2010_000918,bird,tail,tail,0.06666667014360428,0.125,0.5529412031173706,0.1557970941066742,1.0,1.0,1.0
fixed_uvd,test_unseen,1075,val:2010_000918:part_13,2010_000918,bird,head,head,0.0,0.0,0.30494505167007446,0.025362318381667137,1.0,1.0,1.0
fixed_uvd,test_unseen,1076,val:2010_000918:part_16,2010_000918,bird,torso,torso,0.5219638347625732,0.685908317565918,0.3287671208381653,0.8115941882133484,1.0,1.0,1.0
fixed_uvd,test_unseen,1077,val:2010_000918:part_18,2010_000918,bird,leg,leg,0.0,0.0,0.17241379618644714,0.007246376946568489,1.0,1.0,1.0
fixed_uvd,test_unseen,1078,val:2010_000952:part_32,2010_000952,car,wheel,wheel,0.7081881761550903,0.8291687965393066,0.1537744700908661,0.06821324676275253,1.0,1.0,1.0
fixed_uvd,test_unseen,1079,val:2010_000952:part_33,2010_000952,car,headlight,headlight,0.49376559257507324,0.6611018180847168,0.0,0.024427715688943863,1.0,1.0,1.0
fixed_uvd,test_unseen,1080,val:2010_000952:part_34,2010_000952,car,front,front,0.6809158325195312,0.810172438621521,0.02208494208753109,0.3936856687068939,1.0,1.0,1.0
fixed_uvd,test_unseen,1081,val:2010_000952:part_35,2010_000952,car,side,side,0.2988794147968292,0.4602111876010895,0.020591039210557938,0.19365493953227997,1.0,1.0,1.0
fixed_uvd,test_unseen,1082,val:2010_000952:part_37,2010_000952,car,roof,roof,0.002538531320169568,0.005064207129180431,0.012080537155270576,0.024120448157191277,1.0,1.0,1.0
fixed_uvd,test_unseen,1083,val:2010_000952:part_40,2010_000952,car,door,door,0.18907007575035095,0.31801334023475647,0.0,0.11699185520410538,1.0,1.0,1.0
fixed_uvd,test_unseen,1084,val:2010_000952:part_41,2010_000952,car,window,window,0.7300949692726135,0.8439940810203552,0.0,0.176524817943573,1.0,1.0,1.0
fixed_uvd,test_unseen,1085,val:2010_000961:part_11,2010_000961,bird,wing,wing,0.1872510015964508,0.3154362440109253,0.5491329431533813,0.04491555690765381,1.0,1.0,1.0
fixed_uvd,test_unseen,1086,val:2010_000961:part_12,2010_000961,bird,tail,tail,0.0,0.0,0.7181817889213562,0.049946099519729614,1.0,1.0,1.0
fixed_uvd,test_unseen,1087,val:2010_000961:part_13,2010_000961,bird,head,head,0.6047430634498596,0.7536945939064026,0.21775898337364197,0.12181099504232407,1.0,1.0,1.0
fixed_uvd,test_unseen,1088,val:2010_000961:part_14,2010_000961,bird,eye,eye,0.0,0.0,0.23404255509376526,0.0046712183393538,1.0,1.0,1.0
fixed_uvd,test_unseen,1089,val:2010_000961:part_15,2010_000961,bird,beak,beak,0.14754098653793335,0.2571428716182709,0.0,0.0075458139181137085,1.0,1.0,1.0
fixed_uvd,test_unseen,1090,val:2010_000961:part_16,2010_000961,bird,torso,torso,0.8262144327163696,0.9048383235931396,0.08526135236024857,0.7283506989479065,1.0,1.0,1.0
fixed_uvd,test_unseen,1091,val:2010_000961:part_18,2010_000961,bird,leg,leg,0.04974270984530449,0.09477124363183975,0.20962199568748474,0.010779733769595623,1.0,1.0,1.0
fixed_uvd,test_unseen,1092,val:2010_000961:part_19,2010_000961,bird,foot,foot,0.12543554604053497,0.22291021049022675,0.38148146867752075,0.019044196233153343,1.0,1.0,1.0
fixed_uvd,test_unseen,1093,val:2010_001011:part_100,2010_001011,sheep,head,head,0.0,0.0,0.1326315850019455,0.016304347664117813,1.0,1.0,1.0
fixed_uvd,test_unseen,1094,val:2010_001011:part_101,2010_001011,sheep,eye,eye,0.0,0.0,0.0,0.0009881423320621252,1.0,1.0,1.0
fixed_uvd,test_unseen,1095,val:2010_001011:part_102,2010_001011,sheep,torso,torso,0.23765996098518372,0.384047269821167,0.08705080300569534,0.20602767169475555,1.0,1.0,1.0
fixed_uvd,test_unseen,1096,val:2010_001011:part_103,2010_001011,sheep,neck,neck,0.014563106931746006,0.028708133846521378,0.16167664527893066,0.0207509882748127,1.0,1.0,1.0
fixed_uvd,test_unseen,1097,val:2010_001011:part_105,2010_001011,sheep,ear,ear,0.0,0.0,0.1026785746216774,0.00963438767939806,1.0,1.0,1.0
fixed_uvd,test_unseen,1098,val:2010_001011:part_106,2010_001011,sheep,muzzle,muzzle,0.009600000455975533,0.019017431885004044,0.21895425021648407,0.00469367578625679,1.0,1.0,1.0
fixed_uvd,test_unseen,1099,val:2010_001016:part_12,2010_001016,bird,tail,tail,0.3563636243343353,0.525469183921814,0.13333334028720856,0.08471665531396866,1.0,1.0,1.0
fixed_uvd,test_unseen,1100,val:2010_001016:part_13,2010_001016,bird,head,head,0.3288590610027313,0.49494948983192444,0.3333333432674408,0.06010303273797035,1.0,1.0,1.0
fixed_uvd,test_unseen,1101,val:2010_001016:part_14,2010_001016,bird,eye,eye,0.0,0.0,0.0,0.004579278640449047,1.0,1.0,1.0
fixed_uvd,test_unseen,1102,val:2010_001016:part_15,2010_001016,bird,beak,beak,0.0,0.0,0.0,0.01946193538606167,1.0,1.0,1.0
fixed_uvd,test_unseen,1103,val:2010_001016:part_16,2010_001016,bird,torso,torso,0.7586466073989868,0.8627618551254272,0.10300429165363312,0.6720091700553894,1.0,1.0,1.0
fixed_uvd,test_unseen,1104,val:2010_001016:part_17,2010_001016,bird,neck,neck,0.15662650763988495,0.2708333432674408,0.0,0.09502003341913223,1.0,1.0,1.0
fixed_uvd,test_unseen,1105,val:2010_001016:part_18,2010_001016,bird,leg,leg,0.13377925753593445,0.23598819971084595,0.7333333492279053,0.05666857585310936,1.0,1.0,1.0
fixed_uvd,test_unseen,1106,val:2010_001061:part_11,2010_001061,bird,wing,wing,0.4155193865299225,0.5870910882949829,0.24645891785621643,0.11526986956596375,1.0,1.0,1.0
fixed_uvd,test_unseen,1107,val:2010_001061:part_12,2010_001061,bird,tail,tail,0.24199287593364716,0.3896848261356354,0.4395017921924591,0.03688635677099228,1.0,1.0,1.0
fixed_uvd,test_unseen,1108,val:2010_001061:part_13,2010_001061,bird,head,head,0.4828226566314697,0.6512210369110107,0.29439809918403625,0.20558719336986542,1.0,1.0,1.0
fixed_uvd,test_unseen,1109,val:2010_001061:part_14,2010_001061,bird,eye,eye,0.0,0.0,0.0,0.0029834553133696318,1.0,1.0,1.0
fixed_uvd,test_unseen,1110,val:2010_001061:part_15,2010_001061,bird,beak,beak,0.14457830786705017,0.2526315748691559,0.4615384638309479,0.018714401870965958,1.0,1.0,1.0
fixed_uvd,test_unseen,1111,val:2010_001061:part_16,2010_001061,bird,torso,torso,0.6862865686416626,0.8139619827270508,0.09147094935178757,0.6064550876617432,1.0,1.0,1.0
fixed_uvd,test_unseen,1112,val:2010_001061:part_18,2010_001061,bird,leg,leg,0.0555555559694767,0.10526315867900848,0.5682326555252075,0.00759425014257431,1.0,1.0,1.0
fixed_uvd,test_unseen,1113,val:2010_001061:part_19,2010_001061,bird,foot,foot,0.0,0.0,0.0,0.000271223223535344,1.0,1.0,1.0
fixed_uvd,test_unseen,1114,val:2010_001069:part_12,2010_001069,bird,tail,tail,0.4224599003791809,0.5939849615097046,0.07354685664176941,0.1013316661119461,1.0,1.0,1.0
fixed_uvd,test_unseen,1115,val:2010_001069:part_13,2010_001069,bird,head,head,0.22179731726646423,0.36306729912757874,0.22543352842330933,0.060965459793806076,1.0,1.0,1.0
fixed_uvd,test_unseen,1116,val:2010_001069:part_14,2010_001069,bird,eye,eye,0.0,0.0,0.0,0.0047856844030320644,1.0,1.0,1.0
fixed_uvd,test_unseen,1117,val:2010_001069:part_15,2010_001069,bird,beak,beak,0.0,0.0,0.0,0.054931335151195526,1.0,1.0,1.0
fixed_uvd,test_unseen,1118,val:2010_001069:part_16,2010_001069,bird,torso,torso,0.7384072542190552,0.8495215773582458,0.10508736222982407,0.6254681944847107,1.0,1.0,1.0
fixed_uvd,test_unseen,1119,val:2010_001069:part_17,2010_001069,bird,neck,neck,0.5036101341247559,0.6698679327964783,0.18004865944385529,0.08780691027641296,1.0,1.0,1.0
fixed_uvd,test_unseen,1120,val:2010_001069:part_18,2010_001069,bird,leg,leg,0.15328466892242432,0.26582279801368713,0.279876172542572,0.05846858024597168,1.0,1.0,1.0
fixed_uvd,test_unseen,1121,val:2010_001079:part_99,2010_001079,sheep,tail,tail,0.0,0.0,0.5490196347236633,0.004889346193522215,1.0,1.0,1.0
fixed_uvd,test_unseen,1122,val:2010_001079:part_102,2010_001079,sheep,torso,torso,0.0,0.0,0.18746061623096466,0.04786412790417671,1.0,1.0,1.0
fixed_uvd,test_unseen,1123,val:2010_001124:part_61,2010_001124,dog,head,head,0.09432989358901978,0.17239755392074585,0.01929260417819023,0.5493333339691162,1.0,1.0,1.0
fixed_uvd,test_unseen,1124,val:2010_001124:part_63,2010_001124,dog,torso,torso,0.4895412027835846,0.6573046445846558,0.05827666446566582,0.3226666748523712,1.0,1.0,1.0
fixed_uvd,test_unseen,1125,val:2010_001124:part_65,2010_001124,dog,leg,leg,0.5127659440040588,0.6779184341430664,0.14796479046344757,0.09855318814516068,1.0,1.0,1.0
fixed_uvd,test_unseen,1126,val:2010_001251:part_79,2010_001251,motorbike,wheel,wheel,0.36040857434272766,0.5298534035682678,0.12155172228813171,0.15329547226428986,1.0,1.0,1.0
fixed_uvd,test_unseen,1127,val:2010_001256:part_99,2010_001256,sheep,tail,tail,0.0,0.0,0.0,0.01379208080470562,1.0,1.0,1.0
fixed_uvd,test_unseen,1128,val:2010_001256:part_100,2010_001256,sheep,head,head,0.28396573662757874,0.44232603907585144,0.19578686356544495,0.035889070481061935,1.0,1.0,1.0
fixed_uvd,test_unseen,1129,val:2010_001256:part_101,2010_001256,sheep,eye,eye,0.0,0.0,0.0,0.0011864155530929565,1.0,1.0,1.0
fixed_uvd,test_unseen,1130,val:2010_001256:part_102,2010_001256,sheep,torso,torso,0.7714051008224487,0.8709527850151062,0.11061472445726395,0.7686489820480347,1.0,1.0,1.0
fixed_uvd,test_unseen,1131,val:2010_001256:part_103,2010_001256,sheep,neck,neck,0.4341846704483032,0.6054794788360596,0.18526099622249603,0.0716298371553421,1.0,1.0,1.0
fixed_uvd,test_unseen,1132,val:2010_001256:part_105,2010_001256,sheep,ear,ear,0.26923078298568726,0.42424243688583374,0.0615384615957737,0.005190568044781685,1.0,1.0,1.0
fixed_uvd,test_unseen,1133,val:2010_001256:part_106,2010_001256,sheep,muzzle,muzzle,0.234375,0.37974682450294495,0.39156627655029297,0.01052943803369999,1.0,1.0,1.0
fixed_uvd,test_unseen,1134,val:2010_001264:part_61,2010_001264,dog,head,head,0.36925366520881653,0.5393502712249756,0.026363257318735123,0.15029853582382202,1.0,1.0,1.0
fixed_uvd,test_unseen,1135,val:2010_001264:part_63,2010_001264,dog,torso,torso,0.5163304805755615,0.6810263395309448,0.04881200194358826,0.3702388405799866,1.0,1.0,1.0
fixed_uvd,test_unseen,1136,val:2010_001264:part_64,2010_001264,dog,neck,neck,0.4897212088108063,0.6574669480323792,0.005539358593523502,0.09573811292648315,1.0,1.0,1.0
fixed_uvd,test_unseen,1137,val:2010_001264:part_65,2010_001264,dog,leg,leg,0.6469042301177979,0.7856003046035767,0.08319009840488434,0.14051884412765503,1.0,1.0,1.0
fixed_uvd,test_unseen,1138,val:2010_001264:part_67,2010_001264,dog,paw,paw,0.5353535413742065,0.6973684430122375,0.18926553428173065,0.020897673442959785,1.0,1.0,1.0
fixed_uvd,test_unseen,1139,val:2010_001264:part_68,2010_001264,dog,ear,ear,0.0,0.0,0.0,0.11560633778572083,1.0,1.0,1.0
fixed_uvd,test_unseen,1140,val:2010_001264:part_69,2010_001264,dog,muzzle,muzzle,0.561492383480072,0.7191740274429321,0.07797029614448547,0.0913115069270134,1.0,1.0,1.0
fixed_uvd,test_unseen,1141,val:2010_001376:part_60,2010_001376,dog,tail,tail,0.0,0.0,0.0,0.002103137783706188,1.0,1.0,1.0
fixed_uvd,test_unseen,1142,val:2010_001376:part_61,2010_001376,dog,head,head,0.1980775147676468,0.3306589424610138,0.03992139920592308,0.08610246330499649,1.0,1.0,1.0
fixed_uvd,test_unseen,1143,val:2010_001376:part_62,2010_001376,dog,eye,eye,0.13567839562892914,0.23893804848194122,0.0,0.0026499538216739893,1.0,1.0,1.0
fixed_uvd,test_unseen,1144,val:2010_001376:part_63,2010_001376,dog,torso,torso,0.44528117775917053,0.616186261177063,0.07709600776433945,0.18242618441581726,1.0,1.0,1.0
fixed_uvd,test_unseen,1145,val:2010_001376:part_65,2010_001376,dog,leg,leg,0.3287431001663208,0.49481815099716187,0.020338982343673706,0.07432489097118378,1.0,1.0,1.0
fixed_uvd,test_unseen,1146,val:2010_001376:part_66,2010_001376,dog,nose,nose,0.011952191591262817,0.023622047156095505,0.0,0.0035332716070115566,1.0,1.0,1.0
fixed_uvd,test_unseen,1147,val:2010_001376:part_67,2010_001376,dog,paw,paw,0.19194580614566803,0.322071373462677,0.09353187680244446,0.04281988739967346,1.0,1.0,1.0
fixed_uvd,test_unseen,1148,val:2010_001376:part_68,2010_001376,dog,ear,ear,0.23762376606464386,0.3840000033378601,0.2202283889055252,0.02153613232076168,1.0,1.0,1.0
fixed_uvd,test_unseen,1149,val:2010_001376:part_69,2010_001376,dog,muzzle,muzzle,0.0,0.0,0.0,0.04290401190519333,1.0,1.0,1.0
fixed_uvd,test_unseen,1150,val:2010_001403:part_35,2010_001403,car,side,side,0.0,0.0,0.6000000238418579,0.0006373486248776317,1.0,1.0,1.0
fixed_uvd,test_unseen,1151,val:2010_001522:part_100,2010_001522,sheep,head,head,0.4091778099536896,0.5807327032089233,0.0962463915348053,0.07283992320299149,1.0,1.0,1.0
fixed_uvd,test_unseen,1152,val:2010_001522:part_101,2010_001522,sheep,eye,eye,0.09271523356437683,0.16969697177410126,0.0,0.007367716170847416,1.0,1.0,1.0
fixed_uvd,test_unseen,1153,val:2010_001522:part_102,2010_001522,sheep,torso,torso,0.707675576210022,0.8288173675537109,0.1902731955051422,0.7116543650627136,1.0,1.0,1.0
fixed_uvd,test_unseen,1154,val:2010_001522:part_103,2010_001522,sheep,neck,neck,0.4033149182796478,0.5748031735420227,0.12751677632331848,0.07769591361284256,1.0,1.0,1.0
fixed_uvd,test_unseen,1155,val:2010_001522:part_105,2010_001522,sheep,ear,ear,0.4802371561527252,0.6488651633262634,0.46074381470680237,0.04437374323606491,1.0,1.0,1.0
fixed_uvd,test_unseen,1156,val:2010_001522:part_106,2010_001522,sheep,muzzle,muzzle,0.6263736486434937,0.7702702879905701,0.048192769289016724,0.06530475616455078,1.0,1.0,1.0
fixed_uvd,test_unseen,1157,val:2010_001553:part_82,2010_001553,motorbike,headlight,headlight,0.0202847421169281,0.03976290300488472,0.012000000104308128,0.5178830623626709,1.0,1.0,1.0
fixed_uvd,test_unseen,1158,val:2010_001557:part_102,2010_001557,sheep,torso,torso,0.4833974242210388,0.6517436504364014,0.10625336319208145,0.4429376721382141,1.0,1.0,1.0
fixed_uvd,test_unseen,1159,val:2010_001557:part_105,2010_001557,sheep,ear,ear,0.0,0.0,0.029288703575730324,0.004266341682523489,1.0,1.0,1.0
fixed_uvd,test_unseen,1160,val:2010_001563:part_61,2010_001563,dog,head,head,0.11570248007774353,0.2074074000120163,0.6725663542747498,0.05140186846256256,1.0,1.0,1.0
fixed_uvd,test_unseen,1161,val:2010_001563:part_63,2010_001563,dog,torso,torso,0.28042328357696533,0.43801653385162354,0.49295774102211,0.4672897160053253,1.0,1.0,1.0
fixed_uvd,test_unseen,1162,val:2010_001563:part_64,2010_001563,dog,neck,neck,0.0,0.0,0.46666666865348816,0.02570093423128128,1.0,1.0,1.0
fixed_uvd,test_unseen,1163,val:2010_001563:part_65,2010_001563,dog,leg,leg,0.10820895433425903,0.19528619945049286,0.7045454382896423,0.07710280269384384,1.0,1.0,1.0
fixed_uvd,test_unseen,1164,val:2010_001563:part_67,2010_001563,dog,paw,paw,0.0,0.0,0.0,0.004672897048294544,1.0,1.0,1.0
fixed_uvd,test_unseen,1165,val:2010_001563:part_68,2010_001563,dog,ear,ear,0.0,0.0,0.0,0.018691588193178177,1.0,1.0,1.0
fixed_uvd,test_unseen,1166,val:2010_001563:part_69,2010_001563,dog,muzzle,muzzle,0.06766917556524277,0.1267605572938919,0.5563910007476807,0.02102803811430931,1.0,1.0,1.0
fixed_uvd,test_unseen,1167,val:2010_001577:part_100,2010_001577,sheep,head,head,0.2964306175708771,0.4573027193546295,0.06438213586807251,0.15884621441364288,1.0,1.0,1.0
fixed_uvd,test_unseen,1168,val:2010_001577:part_101,2010_001577,sheep,eye,eye,0.0317460335791111,0.0615384615957737,0.011627906933426857,0.0035352723207324743,1.0,1.0,1.0
fixed_uvd,test_unseen,1169,val:2010_001577:part_102,2010_001577,sheep,torso,torso,0.5155447125434875,0.6803424954414368,0.06398305296897888,0.3319942057132721,1.0,1.0,1.0
fixed_uvd,test_unseen,1170,val:2010_001577:part_105,2010_001577,sheep,ear,ear,0.24252717196941376,0.3903772532939911,0.20860685408115387,0.03679897263646126,1.0,1.0,1.0
fixed_uvd,test_unseen,1171,val:2010_001577:part_106,2010_001577,sheep,muzzle,muzzle,0.504281222820282,0.6704613566398621,0.16463138163089752,0.09055118262767792,1.0,1.0,1.0
fixed_uvd,test_unseen,1172,val:2010_001767:part_32,2010_001767,car,wheel,wheel,0.4166666567325592,0.5882353186607361,0.0,0.14799588918685913,1.0,1.0,1.0
fixed_uvd,test_unseen,1173,val:2010_001767:part_35,2010_001767,car,side,side,0.2211538404226303,0.36220473051071167,0.040816325694322586,0.2404933124780655,1.0,1.0,1.0
fixed_uvd,test_unseen,1174,val:2010_001767:part_38,2010_001767,car,mirror,mirror,0.0,0.0,0.0,0.011305241845548153,1.0,1.0,1.0
fixed_uvd,test_unseen,1175,val:2010_001767:part_40,2010_001767,car,door,door,0.0,0.0,1.0,0.3309352397918701,1.0,1.0,1.0
fixed_uvd,test_unseen,1176,val:2010_001767:part_41,2010_001767,car,window,window,0.0,0.0,1.0,0.2281603217124939,1.0,1.0,1.0
fixed_uvd,test_unseen,1177,val:2010_001768:part_61,2010_001768,dog,head,head,0.0,0.0,0.0,0.041871920228004456,1.0,1.0,1.0
fixed_uvd,test_unseen,1178,val:2010_001768:part_63,2010_001768,dog,torso,torso,0.0,0.0,0.0,0.11822660267353058,1.0,1.0,1.0
fixed_uvd,test_unseen,1179,val:2010_001768:part_64,2010_001768,dog,neck,neck,0.0,0.0,0.0,0.009852216579020023,1.0,1.0,1.0
fixed_uvd,test_unseen,1180,val:2010_001768:part_65,2010_001768,dog,leg,leg,0.0,0.0,0.0,0.0911330059170723,1.0,1.0,1.0
fixed_uvd,test_unseen,1181,val:2010_001768:part_66,2010_001768,dog,nose,nose,0.0,0.0,0.0,0.002463054144755006,1.0,1.0,1.0
fixed_uvd,test_unseen,1182,val:2010_001768:part_67,2010_001768,dog,paw,paw,0.0,0.0,0.0,0.007389162667095661,1.0,1.0,1.0
fixed_uvd,test_unseen,1183,val:2010_001768:part_69,2010_001768,dog,muzzle,muzzle,0.0,0.0,0.0,0.009852216579020023,1.0,1.0,1.0
fixed_uvd,test_unseen,1184,val:2010_001820:part_12,2010_001820,bird,tail,tail,0.2030075192451477,0.3375000059604645,0.5299684405326843,0.4074999988079071,1.0,1.0,1.0
fixed_uvd,test_unseen,1185,val:2010_001820:part_13,2010_001820,bird,head,head,0.0,0.0,0.40883979201316833,0.027499999850988388,1.0,1.0,1.0
fixed_uvd,test_unseen,1186,val:2010_001820:part_16,2010_001820,bird,torso,torso,0.013574660755693913,0.02678571455180645,0.25,0.550000011920929,1.0,1.0,1.0
fixed_uvd,test_unseen,1187,val:2010_001908:part_60,2010_001908,dog,tail,tail,0.25600001215934753,0.40764331817626953,0.48701298236846924,0.03125,1.0,1.0,1.0
fixed_uvd,test_unseen,1188,val:2010_001908:part_61,2010_001908,dog,head,head,0.5755860805511475,0.7306311130523682,0.01232394389808178,0.1558665633201599,1.0,1.0,1.0
fixed_uvd,test_unseen,1189,val:2010_001908:part_62,2010_001908,dog,eye,eye,0.09836065769195557,0.17910447716712952,0.0,0.007285275962203741,1.0,1.0,1.0
fixed_uvd,test_unseen,1190,val:2010_001908:part_63,2010_001908,dog,torso,torso,0.7395833134651184,0.8502994179725647,0.07349081337451935,0.36215490102767944,1.0,1.0,1.0
fixed_uvd,test_unseen,1191,val:2010_001908:part_65,2010_001908,dog,leg,leg,0.35771992802619934,0.5269421339035034,0.5035897493362427,0.2060966193675995,1.0,1.0,1.0
fixed_uvd,test_unseen,1192,val:2010_001908:part_66,2010_001908,dog,nose,nose,0.359375,0.5287356376647949,0.0,0.010352760553359985,1.0,1.0,1.0
fixed_uvd,test_unseen,1193,val:2010_001908:part_67,2010_001908,dog,paw,paw,0.3577863574028015,0.5270141959190369,0.5797297358512878,0.060391105711460114,1.0,1.0,1.0
fixed_uvd,test_unseen,1194,val:2010_001908:part_68,2010_001908,dog,ear,ear,0.5098039507865906,0.6753246784210205,0.02477477490901947,0.0920245423913002,1.0,1.0,1.0
fixed_uvd,test_unseen,1195,val:2010_001908:part_69,2010_001908,dog,muzzle,muzzle,0.3245614171028137,0.4900662302970886,0.0,0.062308281660079956,1.0,1.0,1.0
fixed_uvd,test_unseen,1196,val:2010_001956:part_61,2010_001956,dog,head,head,0.4172433316707611,0.5888097286224365,0.012054060585796833,0.26145386695861816,1.0,1.0,1.0
fixed_uvd,test_unseen,1197,val:2010_001956:part_62,2010_001956,dog,eye,eye,0.23843416571617126,0.3850574791431427,0.0,0.00922419037669897,1.0,1.0,1.0
fixed_uvd,test_unseen,1198,val:2010_001956:part_63,2010_001956,dog,torso,torso,0.5061215162277222,0.6720859408378601,0.09030364453792572,0.27794745564460754,1.0,1.0,1.0
fixed_uvd,test_unseen,1199,val:2010_001956:part_65,2010_001956,dog,leg,leg,0.1306948959827423,0.2311762273311615,0.043798986822366714,0.017593158408999443,1.0,1.0,1.0
fixed_uvd,test_unseen,1200,val:2010_001956:part_66,2010_001956,dog,nose,nose,0.43523314595222473,0.6064981818199158,0.0,0.010751374065876007,1.0,1.0,1.0
fixed_uvd,test_unseen,1201,val:2010_001956:part_67,2010_001956,dog,paw,paw,0.8132911324501038,0.897033154964447,0.12283594161272049,0.06591325253248215,1.0,1.0,1.0
fixed_uvd,test_unseen,1202,val:2010_001956:part_68,2010_001956,dog,ear,ear,0.0,0.0,0.0,0.10366524010896683,1.0,1.0,1.0
fixed_uvd,test_unseen,1203,val:2010_001956:part_69,2010_001956,dog,muzzle,muzzle,0.008459214121103287,0.016776513308286667,0.0,0.18448381125926971,1.0,1.0,1.0
fixed_uvd,test_unseen,1204,val:2010_001966:part_32,2010_001966,car,wheel,wheel,0.0,0.0,1.0,0.06167401000857353,1.0,1.0,1.0
fixed_uvd,test_unseen,1205,val:2010_001966:part_36,2010_001966,car,back,back,0.3459119498729706,0.514018714427948,0.11363636702299118,0.5550661087036133,1.0,1.0,1.0
fixed_uvd,test_unseen,1206,val:2010_001966:part_41,2010_001966,car,window,window,0.0,0.0,0.0,0.11013215780258179,1.0,1.0,1.0
fixed_uvd,test_unseen,1207,val:2010_001995:part_13,2010_001995,bird,head,head,0.40232664346694946,0.5737987756729126,0.10066724568605423,0.42139092087745667,1.0,1.0,1.0
fixed_uvd,test_unseen,1208,val:2010_001995:part_14,2010_001995,bird,eye,eye,0.30239519476890564,0.4643678069114685,0.0,0.009893840178847313,1.0,1.0,1.0
fixed_uvd,test_unseen,1209,val:2010_001995:part_15,2010_001995,bird,beak,beak,0.055813953280448914,0.10572687536478043,0.0,0.02968151867389679,1.0,1.0,1.0
fixed_uvd,test_unseen,1210,val:2010_001995:part_16,2010_001995,bird,torso,torso,0.7889100909233093,0.8820008039474487,0.051738761365413666,0.5373727083206177,1.0,1.0,1.0
fixed_uvd,test_unseen,1211,val:2010_002106:part_100,2010_002106,sheep,head,head,0.27380380034446716,0.4298994839191437,0.024461839348077774,0.11714944988489151,1.0,1.0,1.0
fixed_uvd,test_unseen,1212,val:2010_002106:part_101,2010_002106,sheep,eye,eye,0.09615384787321091,0.17543859779834747,0.014492753893136978,0.002114842412993312,1.0,1.0,1.0
fixed_uvd,test_unseen,1213,val:2010_002106:part_102,2010_002106,sheep,torso,torso,0.4141562581062317,0.5857291221618652,0.1137753427028656,0.3418354392051697,1.0,1.0,1.0
fixed_uvd,test_unseen,1214,val:2010_002106:part_105,2010_002106,sheep,ear,ear,0.2405291646718979,0.38778477907180786,0.0,0.0473596528172493,1.0,1.0,1.0
fixed_uvd,test_unseen,1215,val:2010_002106:part_106,2010_002106,sheep,muzzle,muzzle,0.35849055647850037,0.5277777910232544,0.12200208753347397,0.09561651200056076,1.0,1.0,1.0
fixed_uvd,test_unseen,1216,val:2010_002142:part_11,2010_002142,bird,wing,wing,0.5215433835983276,0.6855452060699463,0.2160278707742691,0.5234206914901733,1.0,1.0,1.0
fixed_uvd,test_unseen,1217,val:2010_002142:part_13,2010_002142,bird,head,head,0.3251533806324005,0.49074074625968933,0.0,0.062311988323926926,1.0,1.0,1.0
fixed_uvd,test_unseen,1218,val:2010_002142:part_14,2010_002142,bird,eye,eye,0.0,0.0,0.0,0.0025784270837903023,1.0,1.0,1.0
fixed_uvd,test_unseen,1219,val:2010_002142:part_15,2010_002142,bird,beak,beak,0.0,0.0,0.0,0.005586592014878988,1.0,1.0,1.0
fixed_uvd,test_unseen,1220,val:2010_002142:part_16,2010_002142,bird,torso,torso,0.5794931054115295,0.7337709665298462,0.02772643230855465,0.3566824197769165,1.0,1.0,1.0
fixed_uvd,test_unseen,1221,val:2010_002142:part_18,2010_002142,bird,leg,leg,0.019743336364626884,0.038722168654203415,0.2558375597000122,0.020627416670322418,1.0,1.0,1.0
fixed_uvd,test_unseen,1222,val:2010_002228:part_61,2010_002228,dog,head,head,0.5480069518089294,0.7080160975456238,0.03602658212184906,0.12624715268611908,1.0,1.0,1.0
fixed_uvd,test_unseen,1223,val:2010_002228:part_62,2010_002228,dog,eye,eye,0.12745098769664764,0.22608695924282074,0.0,0.004556524567306042,1.0,1.0,1.0
fixed_uvd,test_unseen,1224,val:2010_002228:part_63,2010_002228,dog,torso,torso,0.8132570385932922,0.8970124125480652,0.04654603451490402,0.5797784328460693,1.0,1.0,1.0
fixed_uvd,test_unseen,1225,val:2010_002228:part_65,2010_002228,dog,leg,leg,0.5040356516838074,0.6702442765235901,0.14023858308792114,0.15452903509140015,1.0,1.0,1.0
fixed_uvd,test_unseen,1226,val:2010_002228:part_66,2010_002228,dog,nose,nose,0.0,0.0,0.0,0.0043208422139286995,1.0,1.0,1.0
fixed_uvd,test_unseen,1227,val:2010_002228:part_67,2010_002228,dog,paw,paw,0.5542406439781189,0.7131979465484619,0.29873126745224,0.055699583142995834,1.0,1.0,1.0
fixed_uvd,test_unseen,1228,val:2010_002228:part_68,2010_002228,dog,ear,ear,0.5977859497070312,0.7482678890228271,0.1785714328289032,0.028438998386263847,1.0,1.0,1.0
fixed_uvd,test_unseen,1229,val:2010_002228:part_69,2010_002228,dog,muzzle,muzzle,0.0,0.0,0.0,0.0365307554602623,1.0,1.0,1.0
fixed_uvd,test_unseen,1230,val:2010_002232:part_99,2010_002232,sheep,tail,tail,0.1756756752729416,0.29885056614875793,0.0,0.04993845522403717,1.0,1.0,1.0
fixed_uvd,test_unseen,1231,val:2010_002232:part_100,2010_002232,sheep,head,head,0.0,0.0,0.0,0.0015825567534193397,1.0,1.0,1.0
fixed_uvd,test_unseen,1232,val:2010_002232:part_102,2010_002232,sheep,torso,torso,0.7108690738677979,0.8310034871101379,0.09416826069355011,0.5347283482551575,1.0,1.0,1.0
fixed_uvd,test_unseen,1233,val:2010_002271:part_79,2010_002271,motorbike,wheel,wheel,0.6555901169776917,0.7919715046882629,0.0349840447306633,0.4329283535480499,1.0,1.0,1.0
fixed_uvd,test_unseen,1234,val:2010_002361:part_32,2010_002361,car,wheel,wheel,0.49573689699172974,0.662866473197937,0.24023154377937317,0.027132174000144005,1.0,1.0,1.0
fixed_uvd,test_unseen,1235,val:2010_002361:part_33,2010_002361,car,headlight,headlight,0.3235704302787781,0.4889357089996338,0.0,0.019957559183239937,1.0,1.0,1.0
fixed_uvd,test_unseen,1236,val:2010_002361:part_34,2010_002361,car,front,front,0.5436660647392273,0.7043830156326294,0.061648279428482056,0.45149555802345276,1.0,1.0,1.0
fixed_uvd,test_unseen,1237,val:2010_002361:part_35,2010_002361,car,side,side,0.3896329402923584,0.5607709884643555,0.04973297566175461,0.13171988725662231,1.0,1.0,1.0
fixed_uvd,test_unseen,1238,val:2010_002361:part_37,2010_002361,car,roof,roof,0.0,0.0,0.01512988843023777,0.011671382002532482,1.0,1.0,1.0
fixed_uvd,test_unseen,1239,val:2010_002361:part_40,2010_002361,car,door,door,0.005532503593713045,0.011004126630723476,0.0,0.03400363773107529,1.0,1.0,1.0
fixed_uvd,test_unseen,1240,val:2010_002361:part_41,2010_002361,car,window,window,0.3346920311450958,0.501526951789856,0.0,0.045675020664930344,1.0,1.0,1.0
fixed_uvd,test_unseen,1241,val:2010_002396:part_79,2010_002396,motorbike,wheel,wheel,0.4080389738082886,0.5795847773551941,0.09993906319141388,0.2147199958562851,1.0,1.0,1.0
fixed_uvd,test_unseen,1242,val:2010_002396:part_82,2010_002396,motorbike,headlight,headlight,0.0,0.0,0.0,0.04447999969124794,1.0,1.0,1.0
fixed_uvd,test_unseen,1243,val:2010_002450:part_11,2010_002450,bird,wing,wing,0.4421052634716034,0.6131386756896973,0.19354838132858276,0.24444444477558136,1.0,1.0,1.0
fixed_uvd,test_unseen,1244,val:2010_002450:part_12,2010_002450,bird,tail,tail,0.08154506236314774,0.15079365670681,0.36057692766189575,0.12222222238779068,1.0,1.0,1.0
fixed_uvd,test_unseen,1245,val:2010_002450:part_13,2010_002450,bird,head,head,0.27363184094429016,0.4296875,0.6080402135848999,0.15833333134651184,1.0,1.0,1.0
fixed_uvd,test_unseen,1246,val:2010_002450:part_15,2010_002450,bird,beak,beak,0.0,0.0,0.0,0.008333333767950535,1.0,1.0,1.0
fixed_uvd,test_unseen,1247,val:2010_002450:part_16,2010_002450,bird,torso,torso,0.2298850566148758,0.37383177876472473,0.13414634764194489,0.43611112236976624,1.0,1.0,1.0
fixed_uvd,test_unseen,1248,val:2010_002480:part_61,2010_002480,dog,head,head,0.42727744579315186,0.598730742931366,0.045378152281045914,0.21911850571632385,1.0,1.0,1.0
fixed_uvd,test_unseen,1249,val:2010_002480:part_62,2010_002480,dog,eye,eye,0.5216049551963806,0.6855983734130859,0.018315019086003304,0.009199632331728935,1.0,1.0,1.0
fixed_uvd,test_unseen,1250,val:2010_002480:part_63,2010_002480,dog,torso,torso,0.5676365494728088,0.7241940498352051,0.03563620522618294,0.25955507159233093,1.0,1.0,1.0
fixed_uvd,test_unseen,1251,val:2010_002480:part_64,2010_002480,dog,neck,neck,0.49089470505714417,0.6585236191749573,0.0038319239392876625,0.1559755802154541,1.0,1.0,1.0
fixed_uvd,test_unseen,1252,val:2010_002480:part_66,2010_002480,dog,nose,nose,0.19117647409439087,0.32098764181137085,0.0,0.034122273325920105,1.0,1.0,1.0
fixed_uvd,test_unseen,1253,val:2010_002480:part_68,2010_002480,dog,ear,ear,0.6889064311981201,0.8158017992973328,0.09942042082548141,0.08509659767150879,1.0,1.0,1.0
fixed_uvd,test_unseen,1254,val:2010_002480:part_69,2010_002480,dog,muzzle,muzzle,0.6120055317878723,0.7593094706535339,0.01755010150372982,0.2335451990365982,1.0,1.0,1.0
fixed_uvd,test_unseen,1255,val:2010_002546:part_35,2010_002546,car,side,side,0.0,0.0,1.0,0.004608294926583767,1.0,1.0,1.0
fixed_uvd,test_unseen,1256,val:2010_002902:part_33,2010_002902,car,headlight,headlight,0.6468213796615601,0.7855392098426819,0.005959475412964821,0.05649355426430702,1.0,1.0,1.0
fixed_uvd,test_unseen,1257,val:2010_002902:part_34,2010_002902,car,front,front,0.4755878448486328,0.6446079611778259,0.03834986686706543,0.6986535787582397,1.0,1.0,1.0
fixed_uvd,test_unseen,1258,val:2010_002902:part_38,2010_002902,car,mirror,mirror,0.0,0.0,0.0,0.008691315539181232,1.0,1.0,1.0
fixed_uvd,test_unseen,1259,val:2010_002902:part_41,2010_002902,car,window,window,0.6796311140060425,0.8092623353004456,0.0029190992936491966,0.12759137153625488,1.0,1.0,1.0
fixed_uvd,test_unseen,1260,val:2010_002988:part_32,2010_002988,car,wheel,wheel,0.30166879296302795,0.4635108411312103,0.20272314548492432,0.05158556252717972,1.0,1.0,1.0
fixed_uvd,test_unseen,1261,val:2010_002988:part_33,2010_002988,car,headlight,headlight,0.25789472460746765,0.41004183888435364,0.0,0.017536168918013573,1.0,1.0,1.0
fixed_uvd,test_unseen,1262,val:2010_002988:part_34,2010_002988,car,front,front,0.18657033145427704,0.3144699037075043,0.28639134764671326,0.19216717779636383,1.0,1.0,1.0
fixed_uvd,test_unseen,1263,val:2010_002988:part_35,2010_002988,car,side,side,0.37708017230033875,0.5476517677307129,0.07533112913370132,0.17901505529880524,1.0,1.0,1.0
fixed_uvd,test_unseen,1264,val:2010_002988:part_38,2010_002988,car,mirror,mirror,0.0,0.0,0.0,0.0018997516017407179,1.0,1.0,1.0
fixed_uvd,test_unseen,1265,val:2010_002988:part_41,2010_002988,car,window,window,0.5083916187286377,0.6740843653678894,0.020408162847161293,0.1648399829864502,1.0,1.0,1.0
fixed_uvd,test_unseen,1266,val:2010_003060:part_61,2010_003060,dog,head,head,0.6947207450866699,0.8198645710945129,0.09529602527618408,0.21287664771080017,1.0,1.0,1.0
fixed_uvd,test_unseen,1267,val:2010_003060:part_62,2010_003060,dog,eye,eye,0.2975206673145294,0.4585987329483032,0.0,0.016366789117455482,1.0,1.0,1.0
fixed_uvd,test_unseen,1268,val:2010_003060:part_63,2010_003060,dog,torso,torso,0.6238937973976135,0.7683923840522766,0.044968944042921066,0.31953176856040955,1.0,1.0,1.0
fixed_uvd,test_unseen,1269,val:2010_003060:part_64,2010_003060,dog,neck,neck,0.28663331270217896,0.44555556774139404,0.0,0.15163667500019073,1.0,1.0,1.0
fixed_uvd,test_unseen,1270,val:2010_003060:part_65,2010_003060,dog,leg,leg,0.25193798542022705,0.40247678756713867,0.15418288111686707,0.05722956731915474,1.0,1.0,1.0
fixed_uvd,test_unseen,1271,val:2010_003060:part_66,2010_003060,dog,nose,nose,0.6086956262588501,0.7567567825317383,0.0,0.016800347715616226,1.0,1.0,1.0
fixed_uvd,test_unseen,1272,val:2010_003060:part_67,2010_003060,dog,paw,paw,0.2626865804195404,0.4160756468772888,0.20888157188892365,0.025796661153435707,1.0,1.0,1.0
fixed_uvd,test_unseen,1273,val:2010_003060:part_68,2010_003060,dog,ear,ear,0.6755905747413635,0.8063910007476807,0.18824531137943268,0.10340342670679092,1.0,1.0,1.0
fixed_uvd,test_unseen,1274,val:2010_003060:part_69,2010_003060,dog,muzzle,muzzle,0.0,0.0,0.0,0.09592456370592117,1.0,1.0,1.0
fixed_uvd,test_unseen,1275,val:2010_003123:part_35,2010_003123,car,side,side,0.0,0.0,0.5130548477172852,0.060141511261463165,1.0,1.0,1.0
fixed_uvd,test_unseen,1276,val:2010_003123:part_36,2010_003123,car,back,back,0.27667492628097534,0.4334305226802826,0.32274460792541504,0.2853773534297943,1.0,1.0,1.0
fixed_uvd,test_unseen,1277,val:2010_003123:part_37,2010_003123,car,roof,roof,0.06976744532585144,0.1304347813129425,0.18131868541240692,0.05896226316690445,1.0,1.0,1.0
fixed_uvd,test_unseen,1278,val:2010_003123:part_38,2010_003123,car,mirror,mirror,0.0,0.0,0.0,0.003537735901772976,1.0,1.0,1.0
fixed_uvd,test_unseen,1279,val:2010_003123:part_41,2010_003123,car,window,window,0.0,0.0,0.3255814015865326,0.09551886469125748,1.0,1.0,1.0
fixed_uvd,test_unseen,1280,val:2010_003168:part_11,2010_003168,bird,wing,wing,0.0,0.0,0.1227467805147171,0.093533955514431,1.0,1.0,1.0
fixed_uvd,test_unseen,1281,val:2010_003168:part_12,2010_003168,bird,tail,tail,0.10503596812486649,0.1901041716337204,0.4801762104034424,0.03538023680448532,1.0,1.0,1.0
fixed_uvd,test_unseen,1282,val:2010_003168:part_13,2010_003168,bird,head,head,0.0,0.0,0.0,0.017486782744526863,1.0,1.0,1.0
fixed_uvd,test_unseen,1283,val:2010_003168:part_14,2010_003168,bird,eye,eye,0.0,0.0,0.0,0.0008133387309499085,1.0,1.0,1.0
fixed_uvd,test_unseen,1284,val:2010_003168:part_15,2010_003168,bird,beak,beak,0.0,0.0,0.0,0.0012200081255286932,1.0,1.0,1.0
fixed_uvd,test_unseen,1285,val:2010_003168:part_16,2010_003168,bird,torso,torso,0.5891965627670288,0.7415024042129517,0.1318739950656891,0.6620577573776245,1.0,1.0,1.0
fixed_uvd,test_unseen,1286,val:2010_003168:part_18,2010_003168,bird,leg,leg,0.08078335225582123,0.1494903713464737,0.39526185393333435,0.03294022008776665,1.0,1.0,1.0
fixed_uvd,test_unseen,1287,val:2010_003168:part_19,2010_003168,bird,foot,foot,0.0,0.0,0.5890411138534546,0.013826758600771427,1.0,1.0,1.0
fixed_uvd,test_unseen,1288,val:2010_003187:part_61,2010_003187,dog,head,head,0.49430546164512634,0.6615855693817139,0.050855379551649094,0.33770033717155457,1.0,1.0,1.0
fixed_uvd,test_unseen,1289,val:2010_003187:part_62,2010_003187,dog,eye,eye,0.43929359316825867,0.6104294657707214,0.0,0.01399135123938322,1.0,1.0,1.0
fixed_uvd,test_unseen,1290,val:2010_003187:part_63,2010_003187,dog,torso,torso,0.21549080312252045,0.35457414388656616,0.061972372233867645,0.07173746824264526,1.0,1.0,1.0
fixed_uvd,test_unseen,1291,val:2010_003187:part_65,2010_003187,dog,leg,leg,0.3017086386680603,0.4635578691959381,0.18379126489162445,0.09278809279203415,1.0,1.0,1.0
fixed_uvd,test_unseen,1292,val:2010_003187:part_66,2010_003187,dog,nose,nose,0.4966740608215332,0.6637036800384521,0.0,0.028682269155979156,1.0,1.0,1.0
fixed_uvd,test_unseen,1293,val:2010_003187:part_67,2010_003187,dog,paw,paw,0.3546704649925232,0.5236262083053589,0.24638678133487701,0.08929025381803513,1.0,1.0,1.0
fixed_uvd,test_unseen,1294,val:2010_003187:part_68,2010_003187,dog,ear,ear,0.13509434461593628,0.23803190886974335,0.008547008968889713,0.16153649985790253,1.0,1.0,1.0
fixed_uvd,test_unseen,1295,val:2010_003187:part_69,2010_003187,dog,muzzle,muzzle,0.43423694372177124,0.6055302619934082,0.002287456998601556,0.1965784728527069,1.0,1.0,1.0
fixed_uvd,test_unseen,1296,val:2010_003207:part_79,2010_003207,motorbike,wheel,wheel,0.38853299617767334,0.5596309304237366,0.07985314726829529,0.43696796894073486,1.0,1.0,1.0
fixed_uvd,test_unseen,1297,val:2010_003207:part_82,2010_003207,motorbike,headlight,headlight,0.4502164423465729,0.620895504951477,0.054054055362939835,0.045399270951747894,1.0,1.0,1.0
fixed_uvd,test_unseen,1298,val:2010_003231:part_32,2010_003231,car,wheel,wheel,0.0833333358168602,0.1538461595773697,0.4556961953639984,0.03654048219323158,1.0,1.0,1.0
fixed_uvd,test_unseen,1299,val:2010_003231:part_35,2010_003231,car,side,side,0.0,0.0,1.0,0.028391167521476746,1.0,1.0,1.0
fixed_uvd,test_unseen,1300,val:2010_003231:part_36,2010_003231,car,back,back,0.133114755153656,0.23495370149612427,0.009508715942502022,0.5767613053321838,1.0,1.0,1.0
fixed_uvd,test_unseen,1301,val:2010_003231:part_37,2010_003231,car,roof,roof,0.0,0.0,0.2028469741344452,0.08096740394830704,1.0,1.0,1.0
fixed_uvd,test_unseen,1302,val:2010_003231:part_38,2010_003231,car,mirror,mirror,0.06194690242409706,0.11666666716337204,0.48148149251937866,0.0031545741949230433,1.0,1.0,1.0
fixed_uvd,test_unseen,1303,val:2010_003231:part_41,2010_003231,car,window,window,0.339712917804718,0.5071428418159485,0.0,0.26235541701316833,1.0,1.0,1.0
fixed_uvd,test_unseen,1304,val:2010_003276:part_32,2010_003276,car,wheel,wheel,0.6845815181732178,0.8127614855766296,0.1039215698838234,0.062338389456272125,1.0,1.0,1.0
fixed_uvd,test_unseen,1305,val:2010_003276:part_33,2010_003276,car,headlight,headlight,0.23859648406505585,0.3852691352367401,0.0,0.03682996705174446,1.0,1.0,1.0
fixed_uvd,test_unseen,1306,val:2010_003276:part_34,2010_003276,car,front,front,0.49064013361930847,0.6582945585250854,0.022597895935177803,0.390663206577301,1.0,1.0,1.0
fixed_uvd,test_unseen,1307,val:2010_003276:part_35,2010_003276,car,side,side,0.30158731341362,0.46341463923454285,0.01533808559179306,0.16360332071781158,1.0,1.0,1.0
fixed_uvd,test_unseen,1308,val:2010_003276:part_37,2010_003276,car,roof,roof,0.03660358488559723,0.07062214612960815,0.0003121098561678082,0.06702075898647308,1.0,1.0,1.0
fixed_uvd,test_unseen,1309,val:2010_003276:part_38,2010_003276,car,mirror,mirror,0.05303030461072922,0.10071942210197449,0.0,0.008176672272384167,1.0,1.0,1.0
fixed_uvd,test_unseen,1310,val:2010_003276:part_40,2010_003276,car,door,door,0.0,0.0,0.0,0.08791669458150864,1.0,1.0,1.0
fixed_uvd,test_unseen,1311,val:2010_003276:part_41,2010_003276,car,window,window,0.19920948147773743,0.3322346806526184,0.0,0.1763225942850113,1.0,1.0,1.0
fixed_uvd,test_unseen,1312,val:2010_003362:part_13,2010_003362,bird,head,head,0.6082539558410645,0.7564153075218201,0.14935064315795898,0.08622785657644272,1.0,1.0,1.0
fixed_uvd,test_unseen,1313,val:2010_003362:part_14,2010_003362,bird,eye,eye,0.3465346395969391,0.5147058963775635,0.1770833283662796,0.003473428310826421,1.0,1.0,1.0
fixed_uvd,test_unseen,1314,val:2010_003362:part_15,2010_003362,bird,beak,beak,0.012345679104328156,0.024390242993831635,0.8333333134651184,0.0050364709459245205,1.0,1.0,1.0
fixed_uvd,test_unseen,1315,val:2010_003362:part_16,2010_003362,bird,torso,torso,0.8006631731987,0.889298141002655,0.09299363195896149,0.8324070572853088,1.0,1.0,1.0
fixed_uvd,test_unseen,1316,val:2010_003362:part_18,2010_003362,bird,leg,leg,0.3962121307849884,0.567552924156189,0.38741469383239746,0.04550191015005112,1.0,1.0,1.0
fixed_uvd,test_unseen,1317,val:2010_003362:part_19,2010_003362,bird,foot,foot,0.02118644118309021,0.04149377718567848,0.5964912176132202,0.011028135195374489,1.0,1.0,1.0
fixed_uvd,test_unseen,1318,val:2010_003418:part_11,2010_003418,bird,wing,wing,0.521933376789093,0.685882031917572,0.26427561044692993,0.6741200685501099,1.0,1.0,1.0
fixed_uvd,test_unseen,1319,val:2010_003418:part_12,2010_003418,bird,tail,tail,0.049145299941301346,0.09368635714054108,0.35767990350723267,0.042236026376485825,1.0,1.0,1.0
fixed_uvd,test_unseen,1320,val:2010_003418:part_13,2010_003418,bird,head,head,0.2620481848716736,0.4152744710445404,0.4682779312133789,0.036438923329114914,1.0,1.0,1.0
fixed_uvd,test_unseen,1321,val:2010_003418:part_14,2010_003418,bird,eye,eye,0.0,0.0,0.0,0.0016563147073611617,1.0,1.0,1.0
fixed_uvd,test_unseen,1322,val:2010_003418:part_15,2010_003418,bird,beak,beak,0.0,0.0,0.0,0.004968944005668163,1.0,1.0,1.0
fixed_uvd,test_unseen,1323,val:2010_003418:part_16,2010_003418,bird,torso,torso,0.2780979871749878,0.43517473340034485,0.13879869878292084,0.2244306355714798,1.0,1.0,1.0
fixed_uvd,test_unseen,1324,val:2010_003453:part_32,2010_003453,car,wheel,wheel,0.6129822134971619,0.760060727596283,0.10808823257684708,0.07037118822336197,1.0,1.0,1.0
fixed_uvd,test_unseen,1325,val:2010_003453:part_33,2010_003453,car,headlight,headlight,0.4215686321258545,0.5931034684181213,0.0,0.021818382665514946,1.0,1.0,1.0
fixed_uvd,test_unseen,1326,val:2010_003453:part_34,2010_003453,car,front,front,0.7223600149154663,0.8388025760650635,0.018959973007440567,0.4225585460662842,1.0,1.0,1.0
fixed_uvd,test_unseen,1327,val:2010_003453:part_35,2010_003453,car,side,side,0.3685947060585022,0.5386469960212708,0.05548359081149101,0.1336168795824051,1.0,1.0,1.0
fixed_uvd,test_unseen,1328,val:2010_003453:part_38,2010_003453,car,mirror,mirror,0.1031746044754982,0.18705035746097565,0.0,0.0011047282023355365,1.0,1.0,1.0
fixed_uvd,test_unseen,1329,val:2010_003453:part_40,2010_003453,car,door,door,0.01879699155688286,0.036900367587804794,0.0679347813129425,0.0994255393743515,1.0,1.0,1.0
fixed_uvd,test_unseen,1330,val:2010_003453:part_41,2010_003453,car,window,window,0.6717963218688965,0.8036820292472839,0.03220386430621147,0.13278833031654358,1.0,1.0,1.0
fixed_uvd,test_unseen,1331,val:2010_003473:part_11,2010_003473,bird,wing,wing,0.22147484123706818,0.36263513565063477,0.1384672373533249,0.29768824577331543,1.0,1.0,1.0
fixed_uvd,test_unseen,1332,val:2010_003473:part_13,2010_003473,bird,head,head,0.6811758279800415,0.8103564381599426,0.030516432598233223,0.22928214073181152,1.0,1.0,1.0
fixed_uvd,test_unseen,1333,val:2010_003473:part_14,2010_003473,bird,eye,eye,0.0,0.0,0.0,0.0025686088483780622,1.0,1.0,1.0
fixed_uvd,test_unseen,1334,val:2010_003473:part_15,2010_003473,bird,beak,beak,0.0,0.0,0.0,0.0020278492011129856,1.0,1.0,1.0
fixed_uvd,test_unseen,1335,val:2010_003473:part_16,2010_003473,bird,torso,torso,0.5791890025138855,0.7335271239280701,0.11053719371557236,0.46180883049964905,1.0,1.0,1.0
fixed_uvd,test_unseen,1336,val:2010_003506:part_61,2010_003506,dog,head,head,0.6797427535057068,0.8093414902687073,0.005834683775901794,0.19404880702495575,1.0,1.0,1.0
fixed_uvd,test_unseen,1337,val:2010_003506:part_62,2010_003506,dog,eye,eye,0.21978022158145905,0.36036035418510437,0.0,0.011521364562213421,1.0,1.0,1.0
fixed_uvd,test_unseen,1338,val:2010_003506:part_63,2010_003506,dog,torso,torso,0.7363137006759644,0.848134458065033,0.0764913409948349,0.43844687938690186,1.0,1.0,1.0
fixed_uvd,test_unseen,1339,val:2010_003506:part_65,2010_003506,dog,leg,leg,0.0,0.0,0.932584285736084,0.03792070969939232,1.0,1.0,1.0
fixed_uvd,test_unseen,1340,val:2010_003506:part_66,2010_003506,dog,nose,nose,0.0,0.0,0.0,0.014152226969599724,1.0,1.0,1.0
fixed_uvd,test_unseen,1341,val:2010_003506:part_67,2010_003506,dog,paw,paw,0.15224912762641907,0.2642642557621002,0.6071428656578064,0.040097977966070175,1.0,1.0,1.0
fixed_uvd,test_unseen,1342,val:2010_003506:part_68,2010_003506,dog,ear,ear,0.04449877887964249,0.08520599454641342,0.0,0.18515831232070923,1.0,1.0,1.0
fixed_uvd,test_unseen,1343,val:2010_003506:part_69,2010_003506,dog,muzzle,muzzle,0.026762738823890686,0.052130326628685,0.06443071365356445,0.07820012420415878,1.0,1.0,1.0
fixed_uvd,test_unseen,1344,val:2010_003541:part_100,2010_003541,sheep,head,head,0.6287958025932312,0.7720990180969238,0.09379968047142029,0.12649855017662048,1.0,1.0,1.0
fixed_uvd,test_unseen,1345,val:2010_003541:part_101,2010_003541,sheep,eye,eye,0.016326529905200005,0.03212851285934448,0.08444444090127945,0.002480363706126809,1.0,1.0,1.0
fixed_uvd,test_unseen,1346,val:2010_003541:part_102,2010_003541,sheep,torso,torso,0.7460156679153442,0.8545348644256592,0.10646330565214157,0.5610789656639099,1.0,1.0,1.0
fixed_uvd,test_unseen,1347,val:2010_003541:part_103,2010_003541,sheep,neck,neck,0.13059251010417938,0.23101603984832764,0.08741258829832077,0.06707317382097244,1.0,1.0,1.0
fixed_uvd,test_unseen,1348,val:2010_003541:part_105,2010_003541,sheep,ear,ear,0.05625606328248978,0.10651974380016327,0.17664670944213867,0.008991318754851818,1.0,1.0,1.0
fixed_uvd,test_unseen,1349,val:2010_003541:part_106,2010_003541,sheep,muzzle,muzzle,0.7112622857093811,0.8312720656394958,0.06687402725219727,0.10107482224702835,1.0,1.0,1.0
fixed_uvd,test_unseen,1350,val:2010_003541:part_107,2010_003541,sheep,horn,horn,0.3116147220134735,0.47516199946403503,0.1724511981010437,0.09611409902572632,1.0,1.0,1.0
fixed_uvd,test_unseen,1351,val:2010_003746:part_61,2010_003746,dog,head,head,0.5896113514900208,0.7418308258056641,0.04079347476363182,0.3689499795436859,1.0,1.0,1.0
fixed_uvd,test_unseen,1352,val:2010_003746:part_62,2010_003746,dog,eye,eye,0.5374677181243896,0.6991596817970276,0.0,0.01900196447968483,1.0,1.0,1.0
fixed_uvd,test_unseen,1353,val:2010_003746:part_63,2010_003746,dog,torso,torso,0.6670542359352112,0.8002790212631226,0.08578143268823624,0.10095876455307007,1.0,1.0,1.0
fixed_uvd,test_unseen,1354,val:2010_003746:part_65,2010_003746,dog,leg,leg,0.6580958962440491,0.7937971353530884,0.16375891864299774,0.12995263934135437,1.0,1.0,1.0
fixed_uvd,test_unseen,1355,val:2010_003746:part_66,2010_003746,dog,nose,nose,0.0,0.0,0.0,0.035347118973731995,1.0,1.0,1.0
fixed_uvd,test_unseen,1356,val:2010_003746:part_67,2010_003746,dog,paw,paw,0.22418135404586792,0.36625513434410095,0.307407408952713,0.012475453317165375,1.0,1.0,1.0
fixed_uvd,test_unseen,1357,val:2010_003746:part_68,2010_003746,dog,ear,ear,0.6774802207946777,0.8077355623245239,0.11990407854318619,0.11233683675527573,1.0,1.0,1.0
fixed_uvd,test_unseen,1358,val:2010_003746:part_69,2010_003746,dog,muzzle,muzzle,0.015729906037449837,0.030972614884376526,0.20246154069900513,0.21196720004081726,1.0,1.0,1.0
fixed_uvd,test_unseen,1359,val:2010_003768:part_32,2010_003768,car,wheel,wheel,0.17751479148864746,0.30150753259658813,0.07249467074871063,0.12623274326324463,1.0,1.0,1.0
fixed_uvd,test_unseen,1360,val:2010_003768:part_35,2010_003768,car,side,side,0.48715415596961975,0.655149519443512,0.3643122613430023,0.6883628964424133,1.0,1.0,1.0
fixed_uvd,test_unseen,1361,val:2010_003771:part_11,2010_003771,bird,wing,wing,0.20294784009456635,0.3374175429344177,0.402555912733078,0.20123755931854248,1.0,1.0,1.0
fixed_uvd,test_unseen,1362,val:2010_003771:part_13,2010_003771,bird,head,head,0.590436577796936,0.7424836754798889,0.29345372319221497,0.0866290032863617,1.0,1.0,1.0
fixed_uvd,test_unseen,1363,val:2010_003771:part_14,2010_003771,bird,eye,eye,0.0,0.0,0.0,0.0032284099142998457,1.0,1.0,1.0
fixed_uvd,test_unseen,1364,val:2010_003771:part_15,2010_003771,bird,beak,beak,0.0,0.0,0.0,0.002959375735372305,1.0,1.0,1.0
fixed_uvd,test_unseen,1365,val:2010_003771:part_16,2010_003771,bird,torso,torso,0.6312608122825623,0.773954451084137,0.07448145747184753,0.6685498952865601,1.0,1.0,1.0
fixed_uvd,test_unseen,1366,val:2010_003771:part_18,2010_003771,bird,leg,leg,0.06534954160451889,0.1226818859577179,0.2537993788719177,0.023136937990784645,1.0,1.0,1.0
fixed_uvd,test_unseen,1367,val:2010_003771:part_19,2010_003771,bird,foot,foot,0.12345679104328156,0.21978022158145905,0.8611111044883728,0.010223298333585262,1.0,1.0,1.0
fixed_uvd,test_unseen,1368,val:2010_003813:part_32,2010_003813,car,wheel,wheel,0.6946619153022766,0.8198236227035522,0.005888125393539667,0.11588530242443085,1.0,1.0,1.0
fixed_uvd,test_unseen,1369,val:2010_003813:part_34,2010_003813,car,front,front,0.49763157963752747,0.6645580530166626,0.014159848913550377,0.2138177454471588,1.0,1.0,1.0
fixed_uvd,test_unseen,1370,val:2010_003813:part_35,2010_003813,car,side,side,0.30951017141342163,0.47271135449409485,0.010143406689167023,0.29141494631767273,1.0,1.0,1.0
fixed_uvd,test_unseen,1371,val:2010_003813:part_36,2010_003813,car,back,back,0.025347013026475906,0.04944084584712982,0.01355275884270668,0.025440312922000885,1.0,1.0,1.0
fixed_uvd,test_unseen,1372,val:2010_003813:part_37,2010_003813,car,roof,roof,0.042157914489507675,0.08090504258871078,0.03759109973907471,0.02637624368071556,1.0,1.0,1.0
fixed_uvd,test_unseen,1373,val:2010_003813:part_38,2010_003813,car,mirror,mirror,0.0,0.0,0.0,0.00901897344738245,1.0,1.0,1.0
fixed_uvd,test_unseen,1374,val:2010_003813:part_39,2010_003813,car,license plate,license plate,0.0,0.0,0.0,8.507742313668132e-05,1.0,1.0,1.0
fixed_uvd,test_unseen,1375,val:2010_003813:part_40,2010_003813,car,door,door,0.06979341059923172,0.13048017024993896,0.09493670612573624,0.14957882463932037,1.0,1.0,1.0
fixed_uvd,test_unseen,1376,val:2010_003813:part_41,2010_003813,car,window,window,0.17020148038864136,0.2908926010131836,0.0,0.15400323271751404,1.0,1.0,1.0
fixed_uvd,test_unseen,1377,val:2010_003820:part_13,2010_003820,bird,head,head,0.6806451678276062,0.8099808096885681,0.0491071417927742,0.824999988079071,1.0,1.0,1.0
fixed_uvd,test_unseen,1378,val:2010_003820:part_15,2010_003820,bird,beak,beak,0.0,0.0,0.0,0.04583333432674408,1.0,1.0,1.0
fixed_uvd,test_unseen,1379,val:2010_003820:part_16,2010_003820,bird,torso,torso,0.014227642677724361,0.028056113049387932,0.0182232353836298,0.0833333358168602,1.0,1.0,1.0
fixed_uvd,test_unseen,1380,val:2010_003854:part_32,2010_003854,car,wheel,wheel,0.7629032135009766,0.8655077815055847,0.10627177357673645,0.055635955184698105,1.0,1.0,1.0
fixed_uvd,test_unseen,1381,val:2010_003854:part_35,2010_003854,car,side,side,0.6683518290519714,0.8012120723724365,0.032726485282182693,0.5493380427360535,1.0,1.0,1.0
fixed_uvd,test_unseen,1382,val:2010_003854:part_36,2010_003854,car,back,back,0.14165201783180237,0.2481527030467987,0.05451348051428795,0.06506940722465515,1.0,1.0,1.0
fixed_uvd,test_unseen,1383,val:2010_003854:part_37,2010_003854,car,roof,roof,0.03584573417901993,0.06921056658029556,0.030349627137184143,0.03162351995706558,1.0,1.0,1.0
fixed_uvd,test_unseen,1384,val:2010_003854:part_38,2010_003854,car,mirror,mirror,0.0,0.0,1.0,0.0030551536474376917,1.0,1.0,1.0
fixed_uvd,test_unseen,1385,val:2010_003854:part_40,2010_003854,car,door,door,0.038928210735321045,0.07493917644023895,0.095563143491745,0.09444176405668259,1.0,1.0,1.0
fixed_uvd,test_unseen,1386,val:2010_003854:part_41,2010_003854,car,window,window,0.5192451477050781,0.6835567951202393,0.0036231884732842445,0.1886691302061081,1.0,1.0,1.0
fixed_uvd,test_unseen,1387,val:2010_003947:part_79,2010_003947,motorbike,wheel,wheel,0.2654041051864624,0.4194772243499756,0.49021822214126587,0.4086189866065979,1.0,1.0,1.0
fixed_uvd,test_unseen,1388,val:2010_003947:part_82,2010_003947,motorbike,headlight,headlight,0.0,0.0,0.0,0.014495592564344406,1.0,1.0,1.0
fixed_uvd,test_unseen,1389,val:2010_004042:part_79,2010_004042,motorbike,wheel,wheel,0.46716898679733276,0.6368305087089539,0.27442124485969543,0.2638121545314789,1.0,1.0,1.0
fixed_uvd,test_unseen,1390,val:2010_004042:part_82,2010_004042,motorbike,headlight,headlight,0.0,0.0,0.0,0.02845303900539875,1.0,1.0,1.0
fixed_uvd,test_unseen,1391,val:2010_004165:part_61,2010_004165,dog,head,head,0.14373089373111725,0.2513369023799896,0.4069069027900696,0.2460874319076538,1.0,1.0,1.0
fixed_uvd,test_unseen,1392,val:2010_004165:part_62,2010_004165,dog,eye,eye,0.0,0.0,0.0,0.002698326949030161,1.0,1.0,1.0
fixed_uvd,test_unseen,1393,val:2010_004165:part_63,2010_004165,dog,torso,torso,0.2739346921443939,0.43006080389022827,0.1588059663772583,0.3383702039718628,1.0,1.0,1.0
fixed_uvd,test_unseen,1394,val:2010_004165:part_65,2010_004165,dog,leg,leg,0.13498403131961823,0.23786066472530365,0.25922954082489014,0.09444144368171692,1.0,1.0,1.0
fixed_uvd,test_unseen,1395,val:2010_004165:part_66,2010_004165,dog,nose,nose,0.0,0.0,0.0,0.011872638948261738,1.0,1.0,1.0
fixed_uvd,test_unseen,1396,val:2010_004165:part_67,2010_004165,dog,paw,paw,0.13189448416233063,0.2330508530139923,0.7131474018096924,0.11926605552434921,1.0,1.0,1.0
fixed_uvd,test_unseen,1397,val:2010_004165:part_68,2010_004165,dog,ear,ear,0.0,0.0,0.8370786309242249,0.08148947358131409,1.0,1.0,1.0
fixed_uvd,test_unseen,1398,val:2010_004165:part_69,2010_004165,dog,muzzle,muzzle,0.25672370195388794,0.40856030583381653,0.22769230604171753,0.1019967645406723,1.0,1.0,1.0
fixed_uvd,test_unseen,1399,val:2010_004219:part_79,2010_004219,motorbike,wheel,wheel,0.6794232130050659,0.809114933013916,0.16628636419773102,0.28798916935920715,1.0,1.0,1.0
fixed_uvd,test_unseen,1400,val:2010_004226:part_100,2010_004226,sheep,head,head,0.2659122943878174,0.420111745595932,0.13953489065170288,0.019046742469072342,1.0,1.0,1.0
fixed_uvd,test_unseen,1401,val:2010_004226:part_101,2010_004226,sheep,eye,eye,0.0,0.0,0.0,0.00046006625052541494,1.0,1.0,1.0
fixed_uvd,test_unseen,1402,val:2010_004226:part_102,2010_004226,sheep,torso,torso,0.3216707408428192,0.4867638051509857,0.04049135744571686,0.2900257706642151,1.0,1.0,1.0
fixed_uvd,test_unseen,1403,val:2010_004226:part_103,2010_004226,sheep,neck,neck,0.22494260966777802,0.36727046966552734,0.03312990441918373,0.04177401587367058,1.0,1.0,1.0
fixed_uvd,test_unseen,1404,val:2010_004226:part_105,2010_004226,sheep,ear,ear,0.37264150381088257,0.5429553389549255,0.5362318754196167,0.0077291131019592285,1.0,1.0,1.0
fixed_uvd,test_unseen,1405,val:2010_004226:part_106,2010_004226,sheep,muzzle,muzzle,0.17190082371234894,0.29337093234062195,0.09819639474153519,0.01932278275489807,1.0,1.0,1.0
fixed_uvd,test_unseen,1406,val:2010_004337:part_34,2010_004337,car,front,front,0.0,0.0,1.0,0.5547945499420166,1.0,1.0,1.0
fixed_uvd,test_unseen,1407,val:2010_004355:part_79,2010_004355,motorbike,wheel,wheel,0.6498516201972961,0.7877697944641113,0.10962821543216705,0.26976194977760315,1.0,1.0,1.0
fixed_uvd,test_unseen,1408,val:2010_004355:part_82,2010_004355,motorbike,headlight,headlight,0.08583690971136093,0.15810276567935944,0.0,0.017445029690861702,1.0,1.0,1.0
fixed_uvd,test_unseen,1409,val:2010_004550:part_61,2010_004550,dog,head,head,0.4791494607925415,0.6478716135025024,0.017587419599294662,0.14543186128139496,1.0,1.0,1.0
fixed_uvd,test_unseen,1410,val:2010_004550:part_62,2010_004550,dog,eye,eye,0.2085106372833252,0.34507042169570923,0.03086419776082039,0.007608356885612011,1.0,1.0,1.0
fixed_uvd,test_unseen,1411,val:2010_004550:part_63,2010_004550,dog,torso,torso,0.6665357947349548,0.7999057769775391,0.018677735701203346,0.42768943309783936,1.0,1.0,1.0
fixed_uvd,test_unseen,1412,val:2010_004550:part_64,2010_004550,dog,neck,neck,0.5141215920448303,0.6791021227836609,0.0,0.11612098664045334,1.0,1.0,1.0
fixed_uvd,test_unseen,1413,val:2010_004550:part_65,2010_004550,dog,leg,leg,0.312182754278183,0.4758220613002777,0.26672613620758057,0.05363268032670021,1.0,1.0,1.0
fixed_uvd,test_unseen,1414,val:2010_004550:part_66,2010_004550,dog,nose,nose,0.23555555939674377,0.38129496574401855,0.0,0.014031805098056793,1.0,1.0,1.0
fixed_uvd,test_unseen,1415,val:2010_004550:part_68,2010_004550,dog,ear,ear,0.6812121272087097,0.8103821277618408,0.0013568521244451404,0.04053632542490959,1.0,1.0,1.0
fixed_uvd,test_unseen,1416,val:2010_004550:part_69,2010_004550,dog,muzzle,muzzle,0.31962940096855164,0.4844229817390442,0.0039840638637542725,0.09516682475805283,1.0,1.0,1.0
fixed_uvd,test_unseen,1417,val:2010_004556:part_11,2010_004556,bird,wing,wing,0.35130223631858826,0.5199462175369263,0.385869562625885,0.4653586745262146,1.0,1.0,1.0
fixed_uvd,test_unseen,1418,val:2010_004556:part_12,2010_004556,bird,tail,tail,0.0,0.0,0.5705968141555786,0.050275903195142746,1.0,1.0,1.0
fixed_uvd,test_unseen,1419,val:2010_004556:part_13,2010_004556,bird,head,head,0.3469387888908386,0.5151515007019043,0.5744680762290955,0.023298589512705803,1.0,1.0,1.0
fixed_uvd,test_unseen,1420,val:2010_004556:part_14,2010_004556,bird,eye,eye,0.0,0.0,0.0,0.0012262415839359164,1.0,1.0,1.0
fixed_uvd,test_unseen,1421,val:2010_004556:part_15,2010_004556,bird,beak,beak,0.0,0.0,0.0,0.010423053056001663,1.0,1.0,1.0
fixed_uvd,test_unseen,1422,val:2010_004556:part_16,2010_004556,bird,torso,torso,0.4202483296394348,0.5917955636978149,0.22762645781040192,0.2814224362373352,1.0,1.0,1.0
fixed_uvd,test_unseen,1423,val:2010_004556:part_17,2010_004556,bird,neck,neck,0.14438502490520477,0.25233644247055054,0.34456929564476013,0.06621704250574112,1.0,1.0,1.0
fixed_uvd,test_unseen,1424,val:2010_004556:part_18,2010_004556,bird,leg,leg,0.050822123885154724,0.09672830998897552,0.3705390989780426,0.05456775054335594,1.0,1.0,1.0
fixed_uvd,test_unseen,1425,val:2010_004559:part_12,2010_004559,bird,tail,tail,0.5335658192634583,0.6958498954772949,0.2223198562860489,0.14345113933086395,1.0,1.0,1.0
fixed_uvd,test_unseen,1426,val:2010_004559:part_13,2010_004559,bird,head,head,0.3948919475078583,0.5661971569061279,0.2047569751739502,0.052321553230285645,1.0,1.0,1.0
fixed_uvd,test_unseen,1427,val:2010_004559:part_14,2010_004559,bird,eye,eye,0.032258063554763794,0.0625,0.0,0.0015015015378594398,1.0,1.0,1.0
fixed_uvd,test_unseen,1428,val:2010_004559:part_15,2010_004559,bird,beak,beak,0.0,0.0,1.0,0.0005775005556643009,1.0,1.0,1.0
fixed_uvd,test_unseen,1429,val:2010_004559:part_16,2010_004559,bird,torso,torso,0.8998401165008545,0.9472798109054565,0.07403529435396194,0.7372372150421143,1.0,1.0,1.0
fixed_uvd,test_unseen,1430,val:2010_004559:part_17,2010_004559,bird,neck,neck,0.15611353516578674,0.27006611227989197,0.06185567006468773,0.03268653154373169,1.0,1.0,1.0
fixed_uvd,test_unseen,1431,val:2010_004559:part_18,2010_004559,bird,leg,leg,0.03741496428847313,0.07213114947080612,0.24118737876415253,0.013975514099001884,1.0,1.0,1.0
fixed_uvd,test_unseen,1432,val:2010_004559:part_19,2010_004559,bird,foot,foot,0.2538461685180664,0.4049079716205597,0.6881287693977356,0.017902517691254616,1.0,1.0,1.0
fixed_uvd,test_unseen,1433,val:2010_004628:part_60,2010_004628,dog,tail,tail,0.3137255012989044,0.4776119291782379,0.2804878056049347,0.06303030252456665,1.0,1.0,1.0
fixed_uvd,test_unseen,1434,val:2010_004628:part_61,2010_004628,dog,head,head,0.0,0.0,0.0,0.046666666865348816,1.0,1.0,1.0
fixed_uvd,test_unseen,1435,val:2010_004628:part_63,2010_004628,dog,torso,torso,0.6734104156494141,0.8048359155654907,0.07439446449279785,0.35151514410972595,1.0,1.0,1.0
fixed_uvd,test_unseen,1436,val:2010_004628:part_64,2010_004628,dog,neck,neck,0.0,0.0,0.0,0.016969697549939156,1.0,1.0,1.0
fixed_uvd,test_unseen,1437,val:2010_004628:part_65,2010_004628,dog,leg,leg,0.34756097197532654,0.5158371329307556,0.3893129825592041,0.16363635659217834,1.0,1.0,1.0
fixed_uvd,test_unseen,1438,val:2010_004628:part_66,2010_004628,dog,nose,nose,0.0,0.0,0.0,0.000606060610152781,1.0,1.0,1.0
fixed_uvd,test_unseen,1439,val:2010_004628:part_68,2010_004628,dog,ear,ear,0.0,0.0,0.0,0.010909090749919415,1.0,1.0,1.0
fixed_uvd,test_unseen,1440,val:2010_004628:part_69,2010_004628,dog,muzzle,muzzle,0.0,0.0,0.0,0.009696969762444496,1.0,1.0,1.0
fixed_uvd,test_unseen,1441,val:2010_004697:part_79,2010_004697,motorbike,wheel,wheel,0.36339521408081055,0.533073902130127,0.3491847813129425,0.21996232867240906,1.0,1.0,1.0
fixed_uvd,test_unseen,1442,val:2010_004795:part_60,2010_004795,dog,tail,tail,0.0,0.0,0.6666666865348816,0.004691164940595627,1.0,1.0,1.0
fixed_uvd,test_unseen,1443,val:2010_004795:part_61,2010_004795,dog,head,head,0.4444444477558136,0.6153846383094788,0.07727272808551788,0.1024237722158432,1.0,1.0,1.0
fixed_uvd,test_unseen,1444,val:2010_004795:part_62,2010_004795,dog,eye,eye,0.0,0.0,0.0,0.0031274433713406324,1.0,1.0,1.0
fixed_uvd,test_unseen,1445,val:2010_004795:part_63,2010_004795,dog,torso,torso,0.6253776550292969,0.7695167064666748,0.23208555579185486,0.5308834910392761,1.0,1.0,1.0
fixed_uvd,test_unseen,1446,val:2010_004795:part_64,2010_004795,dog,neck,neck,0.1975308656692505,0.3298968970775604,0.00671140942722559,0.03518373891711235,1.0,1.0,1.0
fixed_uvd,test_unseen,1447,val:2010_004795:part_65,2010_004795,dog,leg,leg,0.2509652376174927,0.40123456716537476,0.3424036204814911,0.16184519231319427,1.0,1.0,1.0
fixed_uvd,test_unseen,1448,val:2010_004795:part_66,2010_004795,dog,nose,nose,0.0,0.0,0.0,0.00703674741089344,1.0,1.0,1.0
fixed_uvd,test_unseen,1449,val:2010_004795:part_67,2010_004795,dog,paw,paw,0.03846153989434242,0.07407407462596893,0.0,0.040656764060258865,1.0,1.0,1.0
fixed_uvd,test_unseen,1450,val:2010_004795:part_68,2010_004795,dog,ear,ear,0.07482992857694626,0.13924050331115723,0.862500011920929,0.06098514422774315,1.0,1.0,1.0
fixed_uvd,test_unseen,1451,val:2010_004795:part_69,2010_004795,dog,muzzle,muzzle,0.0,0.0,0.0,0.037529319524765015,1.0,1.0,1.0
fixed_uvd,test_unseen,1452,val:2010_004941:part_79,2010_004941,motorbike,wheel,wheel,0.7109090685844421,0.8310308456420898,0.10031208395957947,0.2814679443836212,1.0,1.0,1.0
fixed_uvd,test_unseen,1453,val:2010_004941:part_82,2010_004941,motorbike,headlight,headlight,0.0,0.0,0.0,0.040585342794656754,1.0,1.0,1.0
fixed_uvd,test_unseen,1454,val:2010_004946:part_32,2010_004946,car,wheel,wheel,0.526378870010376,0.6897093653678894,0.10080645233392715,0.0686577707529068,1.0,1.0,1.0
fixed_uvd,test_unseen,1455,val:2010_004946:part_36,2010_004946,car,back,back,0.6145851016044617,0.7612916827201843,0.048361796885728836,0.6469029188156128,1.0,1.0,1.0
fixed_uvd,test_unseen,1456,val:2010_004946:part_41,2010_004946,car,window,window,0.5446770787239075,0.7052310109138489,0.014398513361811638,0.2725987434387207,1.0,1.0,1.0
fixed_uvd,test_unseen,1457,val:2010_004994:part_12,2010_004994,bird,tail,tail,0.0,0.0,0.25385239720344543,0.004621769301593304,1.0,1.0,1.0
fixed_uvd,test_unseen,1458,val:2010_004994:part_13,2010_004994,bird,head,head,0.304808109998703,0.46720758080482483,0.10733944922685623,0.07338237762451172,1.0,1.0,1.0
fixed_uvd,test_unseen,1459,val:2010_004994:part_14,2010_004994,bird,eye,eye,0.008196720853447914,0.016260161995887756,0.05714285746216774,0.0016977929044514894,1.0,1.0,1.0
fixed_uvd,test_unseen,1460,val:2010_004994:part_15,2010_004994,bird,beak,beak,0.0,0.0,0.0,0.0030182984191924334,1.0,1.0,1.0
fixed_uvd,test_unseen,1461,val:2010_004994:part_16,2010_004994,bird,torso,torso,0.25648874044418335,0.408262699842453,0.1044125184416771,0.2326919436454773,1.0,1.0,1.0
fixed_uvd,test_unseen,1462,val:2010_004994:part_18,2010_004994,bird,leg,leg,0.005462724715471268,0.010866091586649418,0.23391248285770416,0.001980758272111416,1.0,1.0,1.0
fixed_uvd,test_unseen,1463,val:2010_004994:part_19,2010_004994,bird,foot,foot,0.027522936463356018,0.0535714291036129,0.6763636469841003,0.005753631237894297,1.0,1.0,1.0
fixed_uvd,test_unseen,1464,val:2010_005013:part_32,2010_005013,car,wheel,wheel,0.2928571403026581,0.45303866267204285,0.010869565419852734,0.06412103772163391,1.0,1.0,1.0
fixed_uvd,test_unseen,1465,val:2010_005013:part_34,2010_005013,car,front,front,0.0,0.0,0.8478260636329651,0.1577809751033783,1.0,1.0,1.0
fixed_uvd,test_unseen,1466,val:2010_005013:part_35,2010_005013,car,side,side,0.3743676245212555,0.5447852611541748,0.12681159377098083,0.37896254658699036,1.0,1.0,1.0
fixed_uvd,test_unseen,1467,val:2010_005013:part_36,2010_005013,car,back,back,0.04878048598766327,0.09302325546741486,0.2735042870044708,0.03962536156177521,1.0,1.0,1.0
fixed_uvd,test_unseen,1468,val:2010_005013:part_37,2010_005013,car,roof,roof,0.17373737692832947,0.2960413098335266,0.0,0.16786743700504303,1.0,1.0,1.0
fixed_uvd,test_unseen,1469,val:2010_005013:part_38,2010_005013,car,mirror,mirror,0.0,0.0,0.0,0.0036023054271936417,1.0,1.0,1.0
fixed_uvd,test_unseen,1470,val:2010_005013:part_41,2010_005013,car,window,window,0.26291078329086304,0.4163568913936615,0.12068965286016464,0.1786743551492691,1.0,1.0,1.0
fixed_uvd,test_unseen,1471,val:2010_005159:part_61,2010_005159,dog,head,head,0.6552483439445496,0.7917221188545227,0.042610157281160355,0.3241886794567108,1.0,1.0,1.0
fixed_uvd,test_unseen,1472,val:2010_005159:part_62,2010_005159,dog,eye,eye,0.6523178815841675,0.7895791530609131,0.0,0.01100330799818039,1.0,1.0,1.0
fixed_uvd,test_unseen,1473,val:2010_005159:part_63,2010_005159,dog,torso,torso,0.48549506068229675,0.6536474823951721,0.0554436556994915,0.17471469938755035,1.0,1.0,1.0
fixed_uvd,test_unseen,1474,val:2010_005159:part_64,2010_005159,dog,neck,neck,0.7152212262153625,0.8339696526527405,0.009087604470551014,0.1557191163301468,1.0,1.0,1.0
fixed_uvd,test_unseen,1475,val:2010_005159:part_65,2010_005159,dog,leg,leg,0.5378983616828918,0.69952392578125,0.2494635134935379,0.06345488876104355,1.0,1.0,1.0
fixed_uvd,test_unseen,1476,val:2010_005159:part_66,2010_005159,dog,nose,nose,0.0069605568423867226,0.0138248847797513,0.0,0.016021709889173508,1.0,1.0,1.0
fixed_uvd,test_unseen,1477,val:2010_005159:part_68,2010_005159,dog,ear,ear,0.0722956582903862,0.13484276831150055,0.04371165484189987,0.09928999096155167,1.0,1.0,1.0
fixed_uvd,test_unseen,1478,val:2010_005159:part_69,2010_005159,dog,muzzle,muzzle,0.5103734731674194,0.6758241653442383,0.06890904158353806,0.1514441817998886,1.0,1.0,1.0
fixed_uvd,test_unseen,1479,val:2010_005206:part_61,2010_005206,dog,head,head,0.3409139811992645,0.5084800124168396,0.0723961815237999,0.12179308384656906,1.0,1.0,1.0
fixed_uvd,test_unseen,1480,val:2010_005206:part_62,2010_005206,dog,eye,eye,0.12389380484819412,0.22047244012355804,0.0,0.0073201339691877365,1.0,1.0,1.0
fixed_uvd,test_unseen,1481,val:2010_005206:part_63,2010_005206,dog,torso,torso,0.7618340253829956,0.8648192882537842,0.061818577349185944,0.5178471803665161,1.0,1.0,1.0
fixed_uvd,test_unseen,1482,val:2010_005206:part_66,2010_005206,dog,nose,nose,0.482587069272995,0.6510066986083984,0.0,0.012897378765046597,1.0,1.0,1.0
fixed_uvd,test_unseen,1483,val:2010_005206:part_68,2010_005206,dog,ear,ear,0.0,0.0,0.0,0.2205103188753128,1.0,1.0,1.0
fixed_uvd,test_unseen,1484,val:2010_005206:part_69,2010_005206,dog,muzzle,muzzle,0.3881392180919647,0.5592222809791565,0.006289307959377766,0.11733128875494003,1.0,1.0,1.0
fixed_uvd,test_unseen,1485,val:2010_005245:part_60,2010_005245,dog,tail,tail,0.0,0.0,1.0,0.009345794096589088,1.0,1.0,1.0
fixed_uvd,test_unseen,1486,val:2010_005245:part_61,2010_005245,dog,head,head,0.03076923079788685,0.05970149114727974,0.6000000238418579,0.14485980570316315,1.0,1.0,1.0
fixed_uvd,test_unseen,1487,val:2010_005245:part_62,2010_005245,dog,eye,eye,0.0,0.0,0.0,0.009345794096589088,1.0,1.0,1.0
fixed_uvd,test_unseen,1488,val:2010_005245:part_63,2010_005245,dog,torso,torso,0.0,0.0,0.0,0.49065420031547546,1.0,1.0,1.0
fixed_uvd,test_unseen,1489,val:2010_005245:part_64,2010_005245,dog,neck,neck,0.0,0.0,0.0,0.032710280269384384,1.0,1.0,1.0
fixed_uvd,test_unseen,1490,val:2010_005245:part_65,2010_005245,dog,leg,leg,0.0,0.0,0.0,0.17990654706954956,1.0,1.0,1.0
fixed_uvd,test_unseen,1491,val:2010_005245:part_66,2010_005245,dog,nose,nose,0.0,0.0,0.0,0.014018691144883633,1.0,1.0,1.0
fixed_uvd,test_unseen,1492,val:2010_005245:part_67,2010_005245,dog,paw,paw,0.0,0.0,0.0,0.037383176386356354,1.0,1.0,1.0
fixed_uvd,test_unseen,1493,val:2010_005245:part_68,2010_005245,dog,ear,ear,0.0,0.0,0.0,0.028037382289767265,1.0,1.0,1.0
fixed_uvd,test_unseen,1494,val:2010_005245:part_69,2010_005245,dog,muzzle,muzzle,0.0,0.0,0.0,0.04439252242445946,1.0,1.0,1.0
fixed_uvd,test_unseen,1495,val:2010_005252:part_79,2010_005252,motorbike,wheel,wheel,0.41507023572921753,0.5866426229476929,0.428459107875824,0.29939740896224976,1.0,1.0,1.0
fixed_uvd,test_unseen,1496,val:2010_005252:part_82,2010_005252,motorbike,headlight,headlight,0.0,0.0,0.0,0.02220107801258564,1.0,1.0,1.0
fixed_uvd,test_unseen,1497,val:2010_005353:part_11,2010_005353,bird,wing,wing,0.0,0.0,1.0,0.06956521421670914,1.0,1.0,1.0
fixed_uvd,test_unseen,1498,val:2010_005353:part_12,2010_005353,bird,tail,tail,0.0,0.0,0.0,0.04782608523964882,1.0,1.0,1.0
fixed_uvd,test_unseen,1499,val:2010_005353:part_13,2010_005353,bird,head,head,0.4021163880825043,0.5735849142074585,0.3313252925872803,0.21521739661693573,1.0,1.0,1.0
fixed_uvd,test_unseen,1500,val:2010_005353:part_14,2010_005353,bird,eye,eye,0.0,0.0,0.0,0.015217390842735767,1.0,1.0,1.0
fixed_uvd,test_unseen,1501,val:2010_005353:part_15,2010_005353,bird,beak,beak,0.0,0.0,0.0,0.06086956337094307,1.0,1.0,1.0
fixed_uvd,test_unseen,1502,val:2010_005353:part_16,2010_005353,bird,torso,torso,0.539130449295044,0.700564980506897,0.19230769574642181,0.5891304612159729,1.0,1.0,1.0
fixed_uvd,test_unseen,1503,val:2010_005353:part_18,2010_005353,bird,leg,leg,0.0,0.0,0.27272728085517883,0.0021739129442721605,1.0,1.0,1.0
fixed_uvd,test_unseen,1504,val:2010_005353:part_19,2010_005353,bird,foot,foot,0.0,0.0,0.0,0.004347825888544321,1.0,1.0,1.0
fixed_uvd,test_unseen,1505,val:2010_005366:part_79,2010_005366,motorbike,wheel,wheel,0.38898590207099915,0.5601005554199219,0.3471074402332306,0.4355018734931946,1.0,1.0,1.0
fixed_uvd,test_unseen,1506,val:2010_005366:part_82,2010_005366,motorbike,headlight,headlight,0.0,0.0,0.0,0.01583274081349373,1.0,1.0,1.0
fixed_uvd,test_unseen,1507,val:2010_005428:part_12,2010_005428,bird,tail,tail,0.05970149114727974,0.11267605423927307,0.2086874395608902,0.05300676450133324,1.0,1.0,1.0
fixed_uvd,test_unseen,1508,val:2010_005428:part_13,2010_005428,bird,head,head,0.03146853297948837,0.06101695075631142,0.20817844569683075,0.004752330482006073,1.0,1.0,1.0
fixed_uvd,test_unseen,1509,val:2010_005428:part_14,2010_005428,bird,eye,eye,0.0,0.0,0.0,0.0007311277440749109,1.0,1.0,1.0
fixed_uvd,test_unseen,1510,val:2010_005428:part_15,2010_005428,bird,beak,beak,0.0,0.0,0.0,0.0005483458517119288,1.0,1.0,1.0
fixed_uvd,test_unseen,1511,val:2010_005428:part_16,2010_005428,bird,torso,torso,0.3507706820964813,0.5193637609481812,0.09957019984722137,0.2917199730873108,1.0,1.0,1.0
fixed_uvd,test_unseen,1512,val:2010_005428:part_17,2010_005428,bird,neck,neck,0.0,0.0,0.17910447716712952,0.01626759208738804,1.0,1.0,1.0
fixed_uvd,test_unseen,1513,val:2010_005428:part_18,2010_005428,bird,leg,leg,0.1053149625658989,0.19056099653244019,0.46307384967803955,0.044233229011297226,1.0,1.0,1.0
fixed_uvd,test_unseen,1514,val:2010_005432:part_32,2010_005432,car,wheel,wheel,0.4553191363811493,0.6257309913635254,0.07273802161216736,0.0659930557012558,1.0,1.0,1.0
fixed_uvd,test_unseen,1515,val:2010_005432:part_35,2010_005432,car,side,side,0.5735004544258118,0.7289485931396484,0.06187251955270767,0.28449636697769165,1.0,1.0,1.0
fixed_uvd,test_unseen,1516,val:2010_005432:part_36,2010_005432,car,back,back,0.5562280416488647,0.7148413062095642,0.009248177520930767,0.5399431586265564,1.0,1.0,1.0
fixed_uvd,test_unseen,1517,val:2010_005432:part_38,2010_005432,car,mirror,mirror,0.4153846204280853,0.5869565010070801,0.0,0.004104831255972385,1.0,1.0,1.0
fixed_uvd,test_unseen,1518,val:2010_005432:part_41,2010_005432,car,window,window,0.5529412031173706,0.7121211886405945,0.09369369596242905,0.09321124106645584,1.0,1.0,1.0
fixed_uvd,test_unseen,1519,val:2010_005433:part_79,2010_005433,motorbike,wheel,wheel,0.3472222089767456,0.5154638886451721,0.039341263473033905,0.1887599229812622,1.0,1.0,1.0
fixed_uvd,test_unseen,1520,val:2010_005433:part_82,2010_005433,motorbike,headlight,headlight,0.0,0.0,0.0,0.019792303442955017,1.0,1.0,1.0
fixed_uvd,test_unseen,1521,val:2010_005501:part_32,2010_005501,car,wheel,wheel,0.7167235612869263,0.8349900841712952,0.030916843563318253,0.11681531369686127,1.0,1.0,1.0
fixed_uvd,test_unseen,1522,val:2010_005501:part_34,2010_005501,car,front,front,0.170895516872406,0.2919056713581085,0.04156479239463806,0.08168371021747589,1.0,1.0,1.0
fixed_uvd,test_unseen,1523,val:2010_005501:part_35,2010_005501,car,side,side,0.3682234585285187,0.5382504463195801,0.0046963561326265335,0.31933870911598206,1.0,1.0,1.0
fixed_uvd,test_unseen,1524,val:2010_005501:part_36,2010_005501,car,back,back,0.0,0.0,0.0010810811072587967,0.023602349683642387,1.0,1.0,1.0
fixed_uvd,test_unseen,1525,val:2010_005501:part_37,2010_005501,car,roof,roof,0.09187708795070648,0.16829200088977814,0.00032743942574597895,0.05819012224674225,1.0,1.0,1.0
fixed_uvd,test_unseen,1526,val:2010_005501:part_38,2010_005501,car,mirror,mirror,0.0,0.0,0.4324324429035187,0.0029366977978497744,1.0,1.0,1.0
fixed_uvd,test_unseen,1527,val:2010_005501:part_40,2010_005501,car,door,door,0.0,0.0,0.0,0.1631498783826828,1.0,1.0,1.0
fixed_uvd,test_unseen,1528,val:2010_005501:part_41,2010_005501,car,window,window,0.2956621050834656,0.4563876688480377,0.14570552110671997,0.22851860523223877,1.0,1.0,1.0
fixed_uvd,test_unseen,1529,val:2010_005501:part_79,2010_005501,motorbike,wheel,wheel,0.0,0.0,0.19821542501449585,0.00020136931561864913,1.0,1.0,1.0
fixed_uvd,test_unseen,1530,val:2010_005531:part_11,2010_005531,bird,wing,wing,0.02099737524986267,0.04113110527396202,0.1316872388124466,0.09785522520542145,1.0,1.0,1.0
fixed_uvd,test_unseen,1531,val:2010_005531:part_12,2010_005531,bird,tail,tail,0.0,0.0,0.0,0.04088471829891205,1.0,1.0,1.0
fixed_uvd,test_unseen,1532,val:2010_005531:part_13,2010_005531,bird,head,head,0.44902387261390686,0.6197604537010193,0.3448275923728943,0.21447721123695374,1.0,1.0,1.0
fixed_uvd,test_unseen,1533,val:2010_005531:part_14,2010_005531,bird,eye,eye,0.0,0.0,0.0,0.004691688809543848,1.0,1.0,1.0
fixed_uvd,test_unseen,1534,val:2010_005531:part_15,2010_005531,bird,beak,beak,0.0,0.0,0.0,0.051608577370643616,1.0,1.0,1.0
fixed_uvd,test_unseen,1535,val:2010_005531:part_16,2010_005531,bird,torso,torso,0.39950165152549744,0.5709198713302612,0.12004801630973816,0.5710455775260925,1.0,1.0,1.0
fixed_uvd,test_unseen,1536,val:2010_005531:part_18,2010_005531,bird,leg,leg,0.0,0.0,0.0,0.006032171659171581,1.0,1.0,1.0
fixed_uvd,test_unseen,1537,val:2010_005531:part_19,2010_005531,bird,foot,foot,0.0,0.0,0.0,0.013404825702309608,1.0,1.0,1.0
fixed_uvd,test_unseen,1538,val:2010_005575:part_61,2010_005575,dog,head,head,0.40580737590789795,0.5773299932479858,0.13222543895244598,0.19679109752178192,1.0,1.0,1.0
fixed_uvd,test_unseen,1539,val:2010_005575:part_62,2010_005575,dog,eye,eye,0.0,0.0,0.0,0.006221348885446787,1.0,1.0,1.0
fixed_uvd,test_unseen,1540,val:2010_005575:part_63,2010_005575,dog,torso,torso,0.18582677841186523,0.31341302394866943,0.1125611737370491,0.0916830375790596,1.0,1.0,1.0
fixed_uvd,test_unseen,1541,val:2010_005575:part_64,2010_005575,dog,neck,neck,0.058718860149383545,0.1109243705868721,0.09117647260427475,0.083497054874897,1.0,1.0,1.0
fixed_uvd,test_unseen,1542,val:2010_005575:part_65,2010_005575,dog,leg,leg,0.30369216203689575,0.46589550375938416,0.17656856775283813,0.23117223381996155,1.0,1.0,1.0
fixed_uvd,test_unseen,1543,val:2010_005575:part_66,2010_005575,dog,nose,nose,0.6792452931404114,0.8089887499809265,0.0,0.042239684611558914,1.0,1.0,1.0
fixed_uvd,test_unseen,1544,val:2010_005575:part_67,2010_005575,dog,paw,paw,0.12544378638267517,0.22292323410511017,0.17281553149223328,0.14276358485221863,1.0,1.0,1.0
fixed_uvd,test_unseen,1545,val:2010_005575:part_68,2010_005575,dog,ear,ear,0.21039603650569916,0.3476482629776001,0.46020761132240295,0.06548788398504257,1.0,1.0,1.0
fixed_uvd,test_unseen,1546,val:2010_005575:part_69,2010_005575,dog,muzzle,muzzle,0.20322181284427643,0.33779609203338623,0.016129031777381897,0.13523247838020325,1.0,1.0,1.0
fixed_uvd,test_unseen,1547,val:2010_005644:part_61,2010_005644,dog,head,head,0.48785537481307983,0.6557832956314087,0.0450400672852993,0.276106595993042,1.0,1.0,1.0
fixed_uvd,test_unseen,1548,val:2010_005644:part_62,2010_005644,dog,eye,eye,0.36563876271247864,0.5354838967323303,0.0,0.016754986718297005,1.0,1.0,1.0
fixed_uvd,test_unseen,1549,val:2010_005644:part_63,2010_005644,dog,torso,torso,0.812659502029419,0.8966488242149353,0.0759144201874733,0.3785068690776825,1.0,1.0,1.0
fixed_uvd,test_unseen,1550,val:2010_005644:part_64,2010_005644,dog,neck,neck,0.2623666226863861,0.41567420959472656,0.0026525198481976986,0.05595386400818825,1.0,1.0,1.0
fixed_uvd,test_unseen,1551,val:2010_005644:part_66,2010_005644,dog,nose,nose,0.07594936341047287,0.1411764770746231,0.6153846383094788,0.004597880411893129,1.0,1.0,1.0
fixed_uvd,test_unseen,1552,val:2010_005644:part_68,2010_005644,dog,ear,ear,0.7089316844940186,0.8296782374382019,0.03797979652881622,0.18734413385391235,1.0,1.0,1.0
fixed_uvd,test_unseen,1553,val:2010_005644:part_69,2010_005644,dog,muzzle,muzzle,0.14789916574954987,0.25768667459487915,0.1764705926179886,0.043952617794275284,1.0,1.0,1.0
fixed_uvd,test_unseen,1554,val:2010_005719:part_100,2010_005719,sheep,head,head,0.4783362150192261,0.6471278071403503,0.09407665580511093,0.05879873409867287,1.0,1.0,1.0
fixed_uvd,test_unseen,1555,val:2010_005719:part_101,2010_005719,sheep,eye,eye,0.032786883413791656,0.0634920671582222,0.0,0.0018264839891344309,1.0,1.0,1.0
fixed_uvd,test_unseen,1556,val:2010_005719:part_102,2010_005719,sheep,torso,torso,0.9194020628929138,0.9580088257789612,0.03976251929998398,0.8506498336791992,1.0,1.0,1.0
fixed_uvd,test_unseen,1557,val:2010_005719:part_105,2010_005719,sheep,ear,ear,0.2700587213039398,0.42526963353157043,0.4155069589614868,0.010256410576403141,1.0,1.0,1.0
fixed_uvd,test_unseen,1558,val:2010_005719:part_106,2010_005719,sheep,muzzle,muzzle,0.6502857208251953,0.7880886197090149,0.0,0.04158763587474823,1.0,1.0,1.0
fixed_uvd,test_unseen,1559,val:2010_005719:part_107,2010_005719,sheep,horn,horn,0.22739726305007935,0.3705357015132904,0.41107872128486633,0.007376185618340969,1.0,1.0,1.0
fixed_uvd,test_unseen,1560,val:2010_005788:part_100,2010_005788,sheep,head,head,0.0,0.0,0.054373521357774734,0.006470165215432644,1.0,1.0,1.0
fixed_uvd,test_unseen,1561,val:2010_005788:part_102,2010_005788,sheep,torso,torso,0.0,0.0,0.09354166686534882,0.0743350088596344,1.0,1.0,1.0
fixed_uvd,test_unseen,1562,val:2010_005788:part_103,2010_005788,sheep,neck,neck,0.0,0.0,0.037974681705236435,0.008770668879151344,1.0,1.0,1.0
fixed_uvd,test_unseen,1563,val:2010_005788:part_105,2010_005788,sheep,ear,ear,0.0,0.0,0.0,0.0012940330198034644,1.0,1.0,1.0
fixed_uvd,test_unseen,1564,val:2010_005788:part_106,2010_005788,sheep,muzzle,muzzle,0.0,0.0,1.0,0.006901509594172239,1.0,1.0,1.0
fixed_uvd,test_unseen,1565,val:2010_005991:part_61,2010_005991,dog,head,head,0.5694444179534912,0.7256637215614319,0.0870535746216774,0.0905013158917427,1.0,1.0,1.0
fixed_uvd,test_unseen,1566,val:2010_005991:part_62,2010_005991,dog,eye,eye,0.0,0.0,0.0,0.001583113451488316,1.0,1.0,1.0
fixed_uvd,test_unseen,1567,val:2010_005991:part_63,2010_005991,dog,torso,torso,0.5601423382759094,0.7180656790733337,0.1428571492433548,0.4253298044204712,1.0,1.0,1.0
fixed_uvd,test_unseen,1568,val:2010_005991:part_64,2010_005991,dog,neck,neck,0.07655502110719681,0.14222222566604614,0.10526315867900848,0.054353561252355576,1.0,1.0,1.0
fixed_uvd,test_unseen,1569,val:2010_005991:part_65,2010_005991,dog,leg,leg,0.2362002581357956,0.3821391463279724,0.3018292784690857,0.33509233593940735,1.0,1.0,1.0
fixed_uvd,test_unseen,1570,val:2010_005991:part_66,2010_005991,dog,nose,nose,0.0,0.0,0.0,0.0018469657516106963,1.0,1.0,1.0
fixed_uvd,test_unseen,1571,val:2010_005991:part_67,2010_005991,dog,paw,paw,0.1421319842338562,0.24888889491558075,0.6222222447395325,0.023746700957417488,1.0,1.0,1.0
fixed_uvd,test_unseen,1572,val:2010_005991:part_68,2010_005991,dog,ear,ear,0.47422680258750916,0.6433566212654114,0.04639175161719322,0.02427440695464611,1.0,1.0,1.0
fixed_uvd,test_unseen,1573,val:2010_005991:part_69,2010_005991,dog,muzzle,muzzle,0.21111111342906952,0.3486238420009613,0.16228070855140686,0.02612137235701084,1.0,1.0,1.0
fixed_uvd,test_unseen,1574,val:2010_005992:part_60,2010_005992,dog,tail,tail,0.22065727412700653,0.36153846979141235,0.49855631589889526,0.025867195799946785,1.0,1.0,1.0
fixed_uvd,test_unseen,1575,val:2010_005992:part_61,2010_005992,dog,head,head,0.7033898234367371,0.8258706331253052,0.03642987087368965,0.1807730495929718,1.0,1.0,1.0
fixed_uvd,test_unseen,1576,val:2010_005992:part_62,2010_005992,dog,eye,eye,0.0,0.0,0.0,0.004658077377825975,1.0,1.0,1.0
fixed_uvd,test_unseen,1577,val:2010_005992:part_63,2010_005992,dog,torso,torso,0.783376157283783,0.8785316348075867,0.03398895636200905,0.45688802003860474,1.0,1.0,1.0
fixed_uvd,test_unseen,1578,val:2010_005992:part_65,2010_005992,dog,leg,leg,0.5454822778701782,0.7059056162834167,0.2526281177997589,0.20009911060333252,1.0,1.0,1.0
fixed_uvd,test_unseen,1579,val:2010_005992:part_66,2010_005992,dog,nose,nose,0.0,0.0,0.0,0.004261645022779703,1.0,1.0,1.0
fixed_uvd,test_unseen,1580,val:2010_005992:part_67,2010_005992,dog,paw,paw,0.3518284857273102,0.52052241563797,0.5453333258628845,0.03191278502345085,1.0,1.0,1.0
fixed_uvd,test_unseen,1581,val:2010_005992:part_68,2010_005992,dog,ear,ear,0.5077519416809082,0.673521876335144,0.1785714328289032,0.05183349922299385,1.0,1.0,1.0
fixed_uvd,test_unseen,1582,val:2010_005992:part_69,2010_005992,dog,muzzle,muzzle,0.6095617413520813,0.7574257254600525,0.13258427381515503,0.035976212471723557,1.0,1.0,1.0
fixed_uvd,test_unseen,1583,val:2010_006026:part_99,2010_006026,sheep,tail,tail,0.0,0.0,0.0,0.13943354785442352,1.0,1.0,1.0
fixed_uvd,test_unseen,1584,val:2010_006026:part_100,2010_006026,sheep,head,head,0.0,0.0,0.0,0.0021786491852253675,1.0,1.0,1.0
fixed_uvd,test_unseen,1585,val:2010_006026:part_102,2010_006026,sheep,torso,torso,0.3217054307460785,0.4868035316467285,0.1764705926179886,0.5206971764564514,1.0,1.0,1.0
