experiment,split,dataset_index,sample_id,image_id,object_name,part_name,query,iou,dice,leakage,part_ratio,gate_u,gate_v,gate_d
rotation_consistent,test_seen,0,val:2008_000009:part_51,2008_000009,cow,tail,tail,0.0,0.0,0.0,0.04308797046542168,1.0,0.89892578125,1.0
rotation_consistent,test_seen,1,val:2008_000009:part_54,2008_000009,cow,torso,torso,0.12947657704353333,0.22926829755306244,0.2507936656475067,0.17055656015872955,1.0,1.0,1.0
rotation_consistent,test_seen,2,val:2008_000009:part_56,2008_000009,cow,leg,leg,0.04803493618965149,0.09166666865348816,0.534246563911438,0.03770197555422783,1.0,1.0,1.0
rotation_consistent,test_seen,3,val:2008_000016:part_115,2008_000016,tvmonitor,screen,screen,0.8603999614715576,0.9249623417854309,0.0,0.6137388944625854,1.0,0.99951171875,1.0
rotation_consistent,test_seen,4,val:2008_000073:part_52,2008_000073,cow,head,head,0.4255874752998352,0.5970696210861206,0.2772277295589447,0.10253164917230606,1.0,1.0,1.0
rotation_consistent,test_seen,5,val:2008_000073:part_53,2008_000073,cow,eye,eye,0.0,0.0,0.0,0.001687763724476099,0.008880615234375,0.0,0.00010889768600463867
rotation_consistent,test_seen,6,val:2008_000073:part_54,2008_000073,cow,torso,torso,0.7573990821838379,0.8619545698165894,0.06617982685565948,0.7291139364242554,1.0,1.0,1.0
rotation_consistent,test_seen,7,val:2008_000073:part_56,2008_000073,cow,leg,leg,0.11178509891033173,0.20109118521213531,0.14526128768920898,0.06497890502214432,1.0,1.0,1.0
rotation_consistent,test_seen,8,val:2008_000073:part_57,2008_000073,cow,ear,ear,0.09477124363183975,0.17313432693481445,0.3333333432674408,0.04514767974615097,0.006877899169921875,0.0,6.920099258422852e-05
rotation_consistent,test_seen,9,val:2008_000073:part_58,2008_000073,cow,muzzle,muzzle,0.07547169923782349,0.14035087823867798,0.4583333432674408,0.03670886158943176,1.0,0.99951171875,1.0
rotation_consistent,test_seen,10,val:2008_000075:part_22,2008_000075,bus,wheel,wheel,0.6781725883483887,0.8082274794578552,0.05980066582560539,0.05279459431767464,1.0,0.9990234375,1.0
rotation_consistent,test_seen,11,val:2008_000075:part_23,2008_000075,bus,headlight,headlight,0.0842490866780281,0.15540540218353271,0.0,0.003378853900358081,0.99951171875,0.493896484375,0.99609375
rotation_consistent,test_seen,12,val:2008_000075:part_24,2008_000075,bus,front,front,0.36182188987731934,0.5313791632652283,0.0677083358168602,0.05216106027364731,1.0,1.0,1.0
rotation_consistent,test_seen,13,val:2008_000075:part_25,2008_000075,bus,side,side,0.6011361479759216,0.7508869767189026,0.09730306267738342,0.48465436697006226,1.0,1.0,1.0
rotation_consistent,test_seen,14,val:2008_000075:part_30,2008_000075,bus,door,door,0.5806618332862854,0.734707236289978,0.0010373444529250264,0.07947345823049545,1.0,0.9990234375,1.0
rotation_consistent,test_seen,15,val:2008_000075:part_31,2008_000075,bus,window,window,0.6594586372375488,0.7947877049446106,0.024257125332951546,0.308179646730423,1.0,0.935546875,1.0
rotation_consistent,test_seen,16,val:2008_000182:part_42,2008_000182,cat,tail,tail,0.30353429913520813,0.46570971608161926,0.08144796639680862,0.13493800163269043,1.0,0.89892578125,1.0
rotation_consistent,test_seen,17,val:2008_000182:part_43,2008_000182,cat,head,head,0.6372092962265015,0.7784090638160706,0.0,0.11743253469467163,1.0,1.0,1.0
rotation_consistent,test_seen,18,val:2008_000182:part_44,2008_000182,cat,eye,eye,0.0,0.0,0.0,0.005835156887769699,0.008880615234375,0.0,0.00010889768600463867
rotation_consistent,test_seen,19,val:2008_000182:part_45,2008_000182,cat,torso,torso,0.7013232707977295,0.8244444727897644,0.05616850405931473,0.5857038497924805,1.0,1.0,1.0
rotation_consistent,test_seen,20,val:2008_000182:part_47,2008_000182,cat,leg,leg,0.14451827108860016,0.25253990292549133,0.09946714341640472,0.09190371632575989,1.0,1.0,1.0
rotation_consistent,test_seen,21,val:2008_000182:part_48,2008_000182,cat,nose,nose,0.0,0.0,0.0,0.0014587892219424248,1.0,0.9814453125,1.0
rotation_consistent,test_seen,22,val:2008_000182:part_50,2008_000182,cat,ear,ear,0.19337016344070435,0.32407405972480774,0.5523256063461304,0.032093361020088196,0.006877899169921875,0.0,6.920099258422852e-05
rotation_consistent,test_seen,23,val:2008_000213:part_83,2008_000213,person,head,head,0.6063117384910583,0.7549116611480713,0.06340154260396957,0.1612473577260971,1.0,1.0,1.0
rotation_consistent,test_seen,24,val:2008_000213:part_84,2008_000213,person,eye,eye,0.10822510719299316,0.1953125,0.060465116053819656,0.00321241095662117,0.008880615234375,0.0,0.00010889768600463867
rotation_consistent,test_seen,25,val:2008_000213:part_85,2008_000213,person,torso,torso,0.8166773915290833,0.8990890383720398,0.07574041187763214,0.4017864167690277,1.0,1.0,1.0
rotation_consistent,test_seen,26,val:2008_000213:part_89,2008_000213,person,nose,nose,0.5177993774414062,0.6823027729988098,0.0,0.014730079099535942,1.0,0.9814453125,1.0
rotation_consistent,test_seen,27,val:2008_000213:part_90,2008_000213,person,ear,ear,0.30041152238845825,0.46202531456947327,0.10288065671920776,0.005719658453017473,0.006877899169921875,0.0,6.920099258422852e-05
rotation_consistent,test_seen,28,val:2008_000213:part_91,2008_000213,person,eyebrow,eyebrow,0.10212765634059906,0.1853281855583191,0.04680851101875305,0.0018804356222972274,0.0010118484497070312,0.0,7.152557373046875e-06
rotation_consistent,test_seen,29,val:2008_000213:part_93,2008_000213,person,hair,hair,0.67276531457901,0.8043749928474426,0.23485255241394043,0.104599229991436,1.0,0.958984375,1.0
rotation_consistent,test_seen,30,val:2008_000213:part_94,2008_000213,person,lower arm,lower arm,0.7125645279884338,0.8321608304977417,0.012787723913788795,0.175350621342659,1.0,1.0,1.0
rotation_consistent,test_seen,31,val:2008_000213:part_95,2008_000213,person,upper arm,upper arm,0.08395522087812424,0.15490533411502838,0.06078799068927765,0.018804356455802917,1.0,0.9990234375,1.0
rotation_consistent,test_seen,32,val:2008_000213:part_96,2008_000213,person,hand,hand,0.6215789318084717,0.7666342258453369,0.1198863610625267,0.1035023108124733,1.0,0.99853515625,1.0
rotation_consistent,test_seen,33,val:2008_000215:part_83,2008_000215,person,head,head,0.2817220687866211,0.43959930539131165,0.033222589641809464,0.028837155550718307,1.0,1.0,1.0
rotation_consistent,test_seen,34,val:2008_000215:part_84,2008_000215,person,eye,eye,0.04878048598766327,0.09302325546741486,0.0,0.0008189050131477416,0.008880615234375,0.0,0.00010889768600463867
rotation_consistent,test_seen,35,val:2008_000215:part_85,2008_000215,person,torso,torso,0.15334723889827728,0.2659168541431427,0.00788381788879633,0.15026907622814178,1.0,1.0,1.0
rotation_consistent,test_seen,36,val:2008_000215:part_86,2008_000215,person,neck,neck,0.6130267977714539,0.7600950002670288,0.009049774147570133,0.011698642745614052,1.0,1.0,1.0
rotation_consistent,test_seen,37,val:2008_000215:part_89,2008_000215,person,nose,nose,0.17592592537403107,0.29921260476112366,0.0,0.004328497685492039,1.0,0.9814453125,1.0
rotation_consistent,test_seen,38,val:2008_000215:part_91,2008_000215,person,eyebrow,eyebrow,0.0,0.0,0.0,5.849321314599365e-05,0.0010118484497070312,0.0,7.152557373046875e-06
rotation_consistent,test_seen,39,val:2008_000215:part_92,2008_000215,person,mouth,mouth,0.3176470696926117,0.4821428656578064,0.0,0.002924660686403513,1.0,0.998046875,1.0
rotation_consistent,test_seen,40,val:2008_000215:part_93,2008_000215,person,hair,hair,0.5313299298286438,0.6939457058906555,0.1948404610157013,0.05393074452877045,1.0,0.958984375,1.0
rotation_consistent,test_seen,41,val:2008_000215:part_95,2008_000215,person,upper arm,upper arm,0.16772152483463287,0.287262886762619,0.023483365774154663,0.08797379583120346,1.0,0.9990234375,1.0
rotation_consistent,test_seen,42,val:2008_000223:part_83,2008_000223,person,head,head,0.32499998807907104,0.49056604504585266,0.44025155901908875,0.033930856734514236,1.0,1.0,1.0
rotation_consistent,test_seen,43,val:2008_000223:part_85,2008_000223,person,torso,torso,0.4038461446762085,0.5753424763679504,0.0903225839138031,0.21062740683555603,1.0,1.0,1.0
rotation_consistent,test_seen,44,val:2008_000223:part_86,2008_000223,person,neck,neck,0.11764705926179886,0.21052631735801697,0.0,0.010883483104407787,1.0,1.0,1.0
rotation_consistent,test_seen,45,val:2008_000223:part_87,2008_000223,person,leg,leg,0.393746942281723,0.5650192499160767,0.3716249465942383,0.5224071741104126,1.0,1.0,1.0
rotation_consistent,test_seen,46,val:2008_000223:part_89,2008_000223,person,nose,nose,0.0,0.0,0.0,0.001280409749597311,1.0,0.9814453125,1.0
rotation_consistent,test_seen,47,val:2008_000223:part_90,2008_000223,person,ear,ear,0.0,0.0,0.0,0.0006402048747986555,0.006877899169921875,0.0,6.920099258422852e-05
rotation_consistent,test_seen,48,val:2008_000223:part_92,2008_000223,person,mouth,mouth,0.0,0.0,0.0,0.0019206146243959665,1.0,0.998046875,1.0
rotation_consistent,test_seen,49,val:2008_000223:part_93,2008_000223,person,hair,hair,0.0416666679084301,0.07999999821186066,0.7571428418159485,0.0032010243739932775,1.0,0.958984375,1.0
rotation_consistent,test_seen,50,val:2008_000223:part_94,2008_000223,person,lower arm,lower arm,0.04536290466785431,0.08678881078958511,0.47144341468811035,0.047375161200761795,1.0,1.0,1.0
rotation_consistent,test_seen,51,val:2008_000223:part_95,2008_000223,person,upper arm,upper arm,0.02593659982085228,0.05056179687380791,0.24358974397182465,0.12804096937179565,1.0,0.9990234375,1.0
rotation_consistent,test_seen,52,val:2008_000223:part_96,2008_000223,person,hand,hand,0.05384615436196327,0.10218977928161621,0.20000000298023224,0.03329065442085266,1.0,0.99853515625,1.0
rotation_consistent,test_seen,53,val:2008_000233:part_83,2008_000233,person,head,head,0.6880733966827393,0.8152173757553101,0.04920212924480438,0.11701609194278717,1.0,1.0,1.0
rotation_consistent,test_seen,54,val:2008_000233:part_84,2008_000233,person,eye,eye,0.0,0.0,0.0,0.0021127904765307903,0.008880615234375,0.0,0.00010889768600463867
rotation_consistent,test_seen,55,val:2008_000233:part_85,2008_000233,person,torso,torso,0.8465564846992493,0.9169028997421265,0.04956772178411484,0.5254347324371338,1.0,1.0,1.0
rotation_consistent,test_seen,56,val:2008_000233:part_86,2008_000233,person,neck,neck,0.42105263471603394,0.5925925970077515,0.0078125,0.01982772722840309,1.0,1.0,1.0
rotation_consistent,test_seen,57,val:2008_000233:part_89,2008_000233,person,nose,nose,0.4923076927661896,0.6597937941551208,0.0,0.006013326812535524,1.0,0.9814453125,1.0
rotation_consistent,test_seen,58,val:2008_000233:part_90,2008_000233,person,ear,ear,0.0625,0.11764705926179886,0.06410256773233414,0.003900536336004734,0.006877899169921875,0.0,6.920099258422852e-05
rotation_consistent,test_seen,59,val:2008_000233:part_91,2008_000233,person,eyebrow,eyebrow,0.0,0.0,0.0,0.004225580953061581,0.0010118484497070312,0.0,7.152557373046875e-06
rotation_consistent,test_seen,60,val:2008_000233:part_92,2008_000233,person,mouth,mouth,0.14444445073604584,0.25242719054222107,0.0,0.0029254022520035505,1.0,0.998046875,1.0
rotation_consistent,test_seen,61,val:2008_000233:part_93,2008_000233,person,hair,hair,0.30352941155433655,0.46570396423339844,0.24078623950481415,0.02389078587293625,1.0,0.958984375,1.0
rotation_consistent,test_seen,62,val:2008_000233:part_94,2008_000233,person,lower arm,lower arm,0.6499013900756836,0.7878063321113586,0.31065988540649414,0.11181537806987762,1.0,1.0,1.0
rotation_consistent,test_seen,63,val:2008_000233:part_95,2008_000233,person,upper arm,upper arm,0.4413277208805084,0.6123905181884766,0.13323713839054108,0.16317243874073029,1.0,0.9990234375,1.0
rotation_consistent,test_seen,64,val:2008_000233:part_96,2008_000233,person,hand,hand,0.01413427572697401,0.02787456475198269,0.33864542841911316,0.005850804504007101,1.0,0.99853515625,1.0
rotation_consistent,test_seen,65,val:2008_000234:part_83,2008_000234,person,head,head,0.5197442770004272,0.6839891076087952,0.04175780341029167,0.14208590984344482,1.0,1.0,1.0
rotation_consistent,test_seen,66,val:2008_000234:part_84,2008_000234,person,eye,eye,0.1316872388124466,0.2327272742986679,0.017391303554177284,0.00209428952075541,0.008880615234375,0.0,0.00010889768600463867
rotation_consistent,test_seen,67,val:2008_000234:part_85,2008_000234,person,torso,torso,0.3861854672431946,0.5571916103363037,0.05079924315214157,0.13370876014232635,1.0,1.0,1.0
rotation_consistent,test_seen,68,val:2008_000234:part_86,2008_000234,person,neck,neck,0.38874998688697815,0.5598559975624084,0.0024999999441206455,0.01447386760264635,1.0,1.0,1.0
rotation_consistent,test_seen,69,val:2008_000234:part_89,2008_000234,person,nose,nose,0.5175438523292542,0.6820809245109558,0.0,0.008702936582267284,1.0,0.9814453125,1.0
rotation_consistent,test_seen,70,val:2008_000234:part_91,2008_000234,person,eyebrow,eyebrow,0.0,0.0,0.0,0.0021408293396234512,0.0010118484497070312,0.0,7.152557373046875e-06
rotation_consistent,test_seen,71,val:2008_000234:part_92,2008_000234,person,mouth,mouth,0.5886792540550232,0.7410926222801208,0.0,0.00977335125207901,1.0,0.998046875,1.0
rotation_consistent,test_seen,72,val:2008_000234:part_93,2008_000234,person,hair,hair,0.33669549226760864,0.5037729144096375,0.19275929033756256,0.034392889589071274,1.0,0.958984375,1.0
rotation_consistent,test_seen,73,val:2008_000254:part_83,2008_000254,person,head,head,0.0,0.0,0.0,0.016091953963041306,1.0,1.0,1.0
rotation_consistent,test_seen,74,val:2008_000254:part_85,2008_000254,person,torso,torso,0.021321961656212807,0.041753653436899185,0.5670329928398132,0.05517241358757019,1.0,1.0,1.0
rotation_consistent,test_seen,75,val:2008_000254:part_87,2008_000254,person,leg,leg,0.06481481343507767,0.12173912674188614,0.6867749691009521,0.06666667014360428,1.0,1.0,1.0
rotation_consistent,test_seen,76,val:2008_000254:part_88,2008_000254,person,foot,foot,0.0,0.0,0.0,0.004597701132297516,1.0,1.0,1.0
rotation_consistent,test_seen,77,val:2008_000254:part_94,2008_000254,person,lower arm,lower arm,0.0,0.0,0.0,0.004597701132297516,1.0,1.0,1.0
rotation_consistent,test_seen,78,val:2008_000271:part_83,2008_000271,person,head,head,0.5926916003227234,0.7442641258239746,0.014418126083910465,0.11219578981399536,1.0,1.0,1.0
rotation_consistent,test_seen,79,val:2008_000271:part_84,2008_000271,person,eye,eye,0.04651162773370743,0.08888889104127884,0.0,0.003849855624139309,0.008880615234375,0.0,0.00010889768600463867
rotation_consistent,test_seen,80,val:2008_000271:part_85,2008_000271,person,torso,torso,0.6200941801071167,0.7655038833618164,0.058319397270679474,0.477382093667984,1.0,1.0,1.0
rotation_consistent,test_seen,81,val:2008_000271:part_86,2008_000271,person,neck,neck,0.6702355742454529,0.8025640845298767,0.0,0.045923277735710144,1.0,1.0,1.0
rotation_consistent,test_seen,82,val:2008_000271:part_89,2008_000271,person,nose,nose,0.5882353186607361,0.7407407164573669,0.0,0.01278702076524496,1.0,0.9814453125,1.0
rotation_consistent,test_seen,83,val:2008_000271:part_90,2008_000271,person,ear,ear,0.0,0.0,0.0,0.0019249278120696545,0.006877899169921875,0.0,6.920099258422852e-05
rotation_consistent,test_seen,84,val:2008_000271:part_91,2008_000271,person,eyebrow,eyebrow,0.0,0.0,0.0,0.0021999175660312176,0.0010118484497070312,0.0,7.152557373046875e-06
rotation_consistent,test_seen,85,val:2008_000271:part_92,2008_000271,person,mouth,mouth,0.3273809552192688,0.4932735562324524,0.0,0.014711948111653328,1.0,0.998046875,1.0
rotation_consistent,test_seen,86,val:2008_000271:part_93,2008_000271,person,hair,hair,0.5158982276916504,0.6806502342224121,0.1299668848514557,0.09610889852046967,1.0,0.958984375,1.0
rotation_consistent,test_seen,87,val:2008_000271:part_94,2008_000271,person,lower arm,lower arm,0.24710983037948608,0.3962920010089874,0.10518292337656021,0.028461432084441185,1.0,1.0,1.0
rotation_consistent,test_seen,88,val:2008_000271:part_95,2008_000271,person,upper arm,upper arm,0.10620347410440445,0.19201435148715973,0.16944800317287445,0.19936752319335938,1.0,0.9990234375,1.0
rotation_consistent,test_seen,89,val:2008_000345:part_42,2008_000345,cat,tail,tail,0.48028311133384705,0.6489071249961853,0.4028077721595764,0.07060367614030838,1.0,0.89892578125,1.0
rotation_consistent,test_seen,90,val:2008_000345:part_43,2008_000345,cat,head,head,0.6993511319160461,0.8230801820755005,0.05728789046406746,0.12834645807743073,1.0,1.0,1.0
rotation_consistent,test_seen,91,val:2008_000345:part_44,2008_000345,cat,eye,eye,0.14705882966518402,0.25641027092933655,0.0,0.008792650885879993,0.008880615234375,0.0,0.00010889768600463867
rotation_consistent,test_seen,92,val:2008_000345:part_45,2008_000345,cat,torso,torso,0.8714380264282227,0.9313031435012817,0.05548956245183945,0.7090551257133484,1.0,1.0,1.0
rotation_consistent,test_seen,93,val:2008_000345:part_46,2008_000345,cat,neck,neck,0.1353503167629242,0.23842917382717133,0.028145695105195045,0.014304461888968945,1.0,1.0,1.0
rotation_consistent,test_seen,94,val:2008_000345:part_47,2008_000345,cat,leg,leg,0.09512194991111755,0.1737193763256073,0.30077120661735535,0.007874015718698502,1.0,1.0,1.0
rotation_consistent,test_seen,95,val:2008_000345:part_48,2008_000345,cat,nose,nose,0.12621359527111053,0.22413793206214905,0.0,0.001706036739051342,1.0,0.9814453125,1.0
rotation_consistent,test_seen,96,val:2008_000345:part_49,2008_000345,cat,paw,paw,0.23021583259105682,0.3742690086364746,0.5611510872840881,0.008398950099945068,1.0,0.99951171875,1.0
rotation_consistent,test_seen,97,val:2008_000345:part_50,2008_000345,cat,ear,ear,0.4349919855594635,0.6062639951705933,0.3208828568458557,0.04002624750137329,0.006877899169921875,0.0,6.920099258422852e-05
rotation_consistent,test_seen,98,val:2008_000359:part_83,2008_000359,person,head,head,0.3828945755958557,0.5537581443786621,0.03123231790959835,0.12666095793247223,1.0,1.0,1.0
rotation_consistent,test_seen,99,val:2008_000359:part_84,2008_000359,person,eye,eye,0.11282051354646683,0.20276497304439545,0.0,0.0021960025187581778,0.008880615234375,0.0,0.00010889768600463867
rotation_consistent,test_seen,100,val:2008_000359:part_85,2008_000359,person,torso,torso,0.19284728169441223,0.32333943247795105,0.033326055854558945,0.09926676005125046,1.0,1.0,1.0
rotation_consistent,test_seen,101,val:2008_000359:part_86,2008_000359,person,neck,neck,0.50656658411026,0.672478199005127,0.007559395395219326,0.025309858843684196,1.0,1.0,1.0
rotation_consistent,test_seen,102,val:2008_000359:part_89,2008_000359,person,nose,nose,0.6596305966377258,0.794912576675415,0.0,0.012022183276712894,1.0,0.9814453125,1.0
rotation_consistent,test_seen,103,val:2008_000359:part_90,2008_000359,person,ear,ear,0.4285714328289032,0.6000000238418579,0.07615894079208374,0.00550861656665802,0.006877899169921875,0.0,6.920099258422852e-05
rotation_consistent,test_seen,104,val:2008_000359:part_91,2008_000359,person,eyebrow,eyebrow,0.17468805611133575,0.29742032289505005,0.0,0.006066922098398209,0.0010118484497070312,0.0,7.152557373046875e-06
rotation_consistent,test_seen,105,val:2008_000359:part_92,2008_000359,person,mouth,mouth,0.5213414430618286,0.6853707432746887,0.0,0.008002381771802902,1.0,0.998046875,1.0
rotation_consistent,test_seen,106,val:2008_000359:part_93,2008_000359,person,hair,hair,0.42338815331459045,0.5949018597602844,0.0948866605758667,0.06174861267209053,1.0,0.958984375,1.0
rotation_consistent,test_seen,107,val:2008_000391:part_97,2008_000391,pottedplant,pot,pot,0.19801700115203857,0.3305746018886566,0.09169653803110123,0.10539538413286209,1.0,1.0,1.0
rotation_consistent,test_seen,108,val:2008_000391:part_98,2008_000391,pottedplant,plant,plant,0.2675411105155945,0.4221419095993042,0.2457258701324463,0.31546837091445923,1.0,1.0,1.0
rotation_consistent,test_seen,109,val:2008_000401:part_43,2008_000401,cat,head,head,0.6953797936439514,0.8203233480453491,0.025276461616158485,0.132429838180542,1.0,1.0,1.0
rotation_consistent,test_seen,110,val:2008_000401:part_44,2008_000401,cat,eye,eye,0.14979757368564606,0.26056337356567383,0.0,0.003535390831530094,0.008880615234375,0.0,0.00010889768600463867
rotation_consistent,test_seen,111,val:2008_000401:part_45,2008_000401,cat,torso,torso,0.8758488297462463,0.9338160157203674,0.03922252357006073,0.7419164776802063,1.0,1.0,1.0
rotation_consistent,test_seen,112,val:2008_000401:part_46,2008_000401,cat,neck,neck,0.42182889580726624,0.5933610200881958,0.0,0.05384105443954468,1.0,1.0,1.0
rotation_consistent,test_seen,113,val:2008_000401:part_47,2008_000401,cat,leg,leg,0.22408293187618256,0.366123765707016,0.00909090880304575,0.03203947842121124,1.0,1.0,1.0
rotation_consistent,test_seen,114,val:2008_000401:part_48,2008_000401,cat,nose,nose,0.0533333346247673,0.10126582533121109,0.36000001430511475,0.000294615892926231,1.0,0.9814453125,1.0
rotation_consistent,test_seen,115,val:2008_000401:part_50,2008_000401,cat,ear,ear,0.607038140296936,0.7554744482040405,0.17901234328746796,0.03299697861075401,0.006877899169921875,0.0,6.920099258422852e-05
rotation_consistent,test_seen,116,val:2008_000464:part_43,2008_000464,cat,head,head,0.7540983557701111,0.8598130941390991,0.003846153849735856,0.11420468986034393,1.0,1.0,1.0
rotation_consistent,test_seen,117,val:2008_000464:part_44,2008_000464,cat,eye,eye,0.2063492089509964,0.34210526943206787,0.0,0.005929363425821066,0.008880615234375,0.0,0.00010889768600463867
rotation_consistent,test_seen,118,val:2008_000464:part_45,2008_000464,cat,torso,torso,0.6120180487632751,0.7593191266059875,0.07997218519449234,0.455014169216156,1.0,1.0,1.0
rotation_consistent,test_seen,119,val:2008_000464:part_46,2008_000464,cat,neck,neck,0.5748299360275269,0.730021595954895,0.0078125,0.05336426943540573,1.0,1.0,1.0
rotation_consistent,test_seen,120,val:2008_000464:part_47,2008_000464,cat,leg,leg,0.4259028732776642,0.5973799228668213,0.07252215594053268,0.28280484676361084,1.0,1.0,1.0
rotation_consistent,test_seen,121,val:2008_000464:part_48,2008_000464,cat,nose,nose,0.24590164422988892,0.3947368562221527,0.0,0.0019334880635142326,1.0,0.9814453125,1.0
rotation_consistent,test_seen,122,val:2008_000464:part_49,2008_000464,cat,paw,paw,0.11627907305955887,0.2083333283662796,0.5904936194419861,0.04704820737242699,1.0,0.99951171875,1.0
rotation_consistent,test_seen,123,val:2008_000464:part_50,2008_000464,cat,ear,ear,0.477751761674881,0.6465927362442017,0.2222222238779068,0.029131218791007996,0.006877899169921875,0.0,6.920099258422852e-05
rotation_consistent,test_seen,124,val:2008_000469:part_83,2008_000469,person,head,head,0.0,0.0,0.0,0.026455026119947433,1.0,1.0,1.0
rotation_consistent,test_seen,125,val:2008_000469:part_85,2008_000469,person,torso,torso,0.35185185074806213,0.5205479264259338,0.1702127605676651,0.2063492089509964,1.0,1.0,1.0
rotation_consistent,test_seen,126,val:2008_000469:part_87,2008_000469,person,leg,leg,0.2048611044883728,0.3400576412677765,0.6332046389579773,0.23280423879623413,1.0,1.0,1.0
rotation_consistent,test_seen,127,val:2008_000469:part_88,2008_000469,person,foot,foot,0.050847455859184265,0.09677419066429138,0.8771929740905762,0.013227513059973717,1.0,1.0,1.0
rotation_consistent,test_seen,128,val:2008_000469:part_94,2008_000469,person,lower arm,lower arm,0.0,0.0,0.0,0.026455026119947433,1.0,1.0,1.0
rotation_consistent,test_seen,129,val:2008_000469:part_95,2008_000469,person,upper arm,upper arm,0.0,0.0,0.0,0.05291005223989487,1.0,0.9990234375,1.0
rotation_consistent,test_seen,130,val:2008_000469:part_96,2008_000469,person,hand,hand,0.0,0.0,0.0,0.01587301678955555,1.0,0.99853515625,1.0
rotation_consistent,test_seen,131,val:2008_000474:part_83,2008_000474,person,head,head,0.4545454680919647,0.625,0.0,0.04729029908776283,1.0,1.0,1.0
rotation_consistent,test_seen,132,val:2008_000474:part_84,2008_000474,person,eye,eye,0.0,0.0,0.0,0.00034518467145971954,0.008880615234375,0.0,0.00010889768600463867
rotation_consistent,test_seen,133,val:2008_000474:part_85,2008_000474,person,torso,torso,0.5403929948806763,0.7016300559043884,0.25028184056282043,0.18087676167488098,1.0,1.0,1.0
rotation_consistent,test_seen,134,val:2008_000474:part_86,2008_000474,person,neck,neck,0.08045977354049683,0.1489361673593521,0.0,0.012426648288965225,1.0,1.0,1.0
rotation_consistent,test_seen,135,val:2008_000474:part_87,2008_000474,person,leg,leg,0.6893860697746277,0.816137969493866,0.229023739695549,0.46668967604637146,1.0,1.0,1.0
rotation_consistent,test_seen,136,val:2008_000474:part_88,2008_000474,person,foot,foot,0.6125760674476624,0.7597483992576599,0.21338912844657898,0.10942354053258896,1.0,1.0,1.0
rotation_consistent,test_seen,137,val:2008_000474:part_89,2008_000474,person,nose,nose,0.0,0.0,0.0,0.004487400874495506,1.0,0.9814453125,1.0
rotation_consistent,test_seen,138,val:2008_000474:part_90,2008_000474,person,ear,ear,0.0,0.0,0.0,0.0020711079705506563,0.006877899169921875,0.0,6.920099258422852e-05
rotation_consistent,test_seen,139,val:2008_000474:part_91,2008_000474,person,eyebrow,eyebrow,0.0,0.0,0.0,0.00034518467145971954,0.0010118484497070312,0.0,7.152557373046875e-06
rotation_consistent,test_seen,140,val:2008_000474:part_92,2008_000474,person,mouth,mouth,0.0,0.0,0.0,0.0006903693429194391,1.0,0.998046875,1.0
rotation_consistent,test_seen,141,val:2008_000474:part_93,2008_000474,person,hair,hair,0.3613445460796356,0.5308641791343689,0.23563218116760254,0.05177770182490349,1.0,0.958984375,1.0
rotation_consistent,test_seen,142,val:2008_000474:part_94,2008_000474,person,lower arm,lower arm,0.0,0.0,0.42675158381462097,0.01656886376440525,1.0,1.0,1.0
rotation_consistent,test_seen,143,val:2008_000474:part_95,2008_000474,person,upper arm,upper arm,0.23820224404335022,0.3847549855709076,0.38867923617362976,0.09872281551361084,1.0,0.9990234375,1.0
rotation_consistent,test_seen,144,val:2008_000510:part_83,2008_000510,person,head,head,0.5188284516334534,0.6831955909729004,0.3733905553817749,0.059605684131383896,1.0,1.0,1.0
rotation_consistent,test_seen,145,val:2008_000510:part_84,2008_000510,person,eye,eye,0.0,0.0,0.0,0.0009170105331577361,0.008880615234375,0.0,0.00010889768600463867
rotation_consistent,test_seen,146,val:2008_000510:part_85,2008_000510,person,torso,torso,0.7036172747612,0.8260273933410645,0.11177170276641846,0.28381475806236267,1.0,1.0,1.0
rotation_consistent,test_seen,147,val:2008_000510:part_87,2008_000510,person,leg,leg,0.5529327392578125,0.7121142148971558,0.2173573076725006,0.4089867174625397,1.0,1.0,1.0
rotation_consistent,test_seen,148,val:2008_000510:part_88,2008_000510,person,foot,foot,0.0,0.0,0.5535714030265808,0.03530490770936012,1.0,1.0,1.0
rotation_consistent,test_seen,149,val:2008_000510:part_89,2008_000510,person,nose,nose,0.0,0.0,0.0,0.0018340210663154721,1.0,0.9814453125,1.0
rotation_consistent,test_seen,150,val:2008_000510:part_90,2008_000510,person,ear,ear,0.0,0.0,0.0,0.0009170105331577361,0.006877899169921875,0.0,6.920099258422852e-05
rotation_consistent,test_seen,151,val:2008_000510:part_91,2008_000510,person,eyebrow,eyebrow,0.0,0.0,0.0,0.00045850526657886803,0.0010118484497070312,0.0,7.152557373046875e-06
rotation_consistent,test_seen,152,val:2008_000510:part_92,2008_000510,person,mouth,mouth,0.0,0.0,0.0,0.0013755158288404346,1.0,0.998046875,1.0
rotation_consistent,test_seen,153,val:2008_000510:part_93,2008_000510,person,hair,hair,0.0,0.0,0.4583333432674408,0.008711599744856358,1.0,0.958984375,1.0
rotation_consistent,test_seen,154,val:2008_000510:part_94,2008_000510,person,lower arm,lower arm,0.19658119976520538,0.3285714387893677,0.42317381501197815,0.07473635673522949,1.0,1.0,1.0
rotation_consistent,test_seen,155,val:2008_000510:part_95,2008_000510,person,upper arm,upper arm,0.2213333398103714,0.3624454140663147,0.2434210479259491,0.07060981541872025,1.0,0.9990234375,1.0
rotation_consistent,test_seen,156,val:2008_000510:part_96,2008_000510,person,hand,hand,0.11221121996641159,0.20178040862083435,0.7211896181106567,0.03117835894227028,1.0,0.99853515625,1.0
rotation_consistent,test_seen,157,val:2008_000573:part_83,2008_000573,person,head,head,0.5545454621315002,0.7134503126144409,0.13983549177646637,0.031071579083800316,1.0,1.0,1.0
rotation_consistent,test_seen,158,val:2008_000573:part_84,2008_000573,person,eye,eye,0.0,0.0,0.0,6.009976641507819e-05,0.008880615234375,0.0,0.00010889768600463867
rotation_consistent,test_seen,159,val:2008_000573:part_85,2008_000573,person,torso,torso,0.467938631772995,0.6375452280044556,0.14387211203575134,0.14399904012680054,1.0,1.0,1.0
rotation_consistent,test_seen,160,val:2008_000573:part_86,2008_000573,person,neck,neck,0.3580034375190735,0.5272496938705444,0.012396694160997868,0.01833042874932289,1.0,1.0,1.0
rotation_consistent,test_seen,161,val:2008_000573:part_89,2008_000573,person,nose,nose,0.06451612710952759,0.12121212482452393,0.7701149582862854,0.0007211971678771079,1.0,0.9814453125,1.0
rotation_consistent,test_seen,162,val:2008_000573:part_90,2008_000573,person,ear,ear,0.30201342701911926,0.4639175236225128,0.0,0.0038463850505650043,0.006877899169921875,0.0,6.920099258422852e-05
rotation_consistent,test_seen,163,val:2008_000573:part_91,2008_000573,person,eyebrow,eyebrow,0.0,0.0,0.0,0.00048079813132062554,0.0010118484497070312,0.0,7.152557373046875e-06
rotation_consistent,test_seen,164,val:2008_000573:part_92,2008_000573,person,mouth,mouth,0.0,0.0,0.8275862336158752,0.00042069837218150496,1.0,0.998046875,1.0
rotation_consistent,test_seen,165,val:2008_000573:part_93,2008_000573,person,hair,hair,0.6368649005889893,0.7781520485877991,0.09490550309419632,0.10349179804325104,1.0,0.958984375,1.0
rotation_consistent,test_seen,166,val:2008_000573:part_94,2008_000573,person,lower arm,lower arm,0.2107279747724533,0.34810125827789307,0.6000000238418579,0.004868080839514732,1.0,1.0,1.0
rotation_consistent,test_seen,167,val:2008_000573:part_95,2008_000573,person,upper arm,upper arm,0.5135690569877625,0.678619921207428,0.15502183139324188,0.0835987776517868,1.0,0.9990234375,1.0
rotation_consistent,test_seen,168,val:2008_000602:part_71,2008_000602,horse,head,head,0.5830084681510925,0.73658287525177,0.05543459951877594,0.3690231740474701,1.0,1.0,1.0
rotation_consistent,test_seen,169,val:2008_000602:part_72,2008_000602,horse,eye,eye,0.4853801131248474,0.6535432934761047,0.0,0.008702454157173634,0.008880615234375,0.0,0.00010889768600463867
rotation_consistent,test_seen,170,val:2008_000602:part_73,2008_000602,horse,torso,torso,0.009247027337551117,0.018324607983231544,0.14824983477592468,0.006942407228052616,1.0,1.0,1.0
rotation_consistent,test_seen,171,val:2008_000602:part_74,2008_000602,horse,neck,neck,0.5914976596832275,0.7433220744132996,0.1959393322467804,0.23721522092819214,1.0,1.0,1.0
rotation_consistent,test_seen,172,val:2008_000602:part_76,2008_000602,horse,ear,ear,0.35441768169403076,0.5233506560325623,0.5280373692512512,0.04820572957396507,0.006877899169921875,0.0,6.920099258422852e-05
rotation_consistent,test_seen,173,val:2008_000602:part_77,2008_000602,horse,muzzle,muzzle,0.6663358807563782,0.7997617721557617,0.09539227932691574,0.2642025947570801,1.0,0.99951171875,1.0
rotation_consistent,test_seen,174,val:2008_000630:part_83,2008_000630,person,head,head,0.05263157933950424,0.10000000149011612,0.0,0.0013723695883527398,1.0,1.0,1.0
rotation_consistent,test_seen,175,val:2008_000630:part_85,2008_000630,person,torso,torso,0.45316454768180847,0.6236934065818787,0.17299577593803406,0.2456541657447815,1.0,1.0,1.0
rotation_consistent,test_seen,176,val:2008_000630:part_86,2008_000630,person,neck,neck,0.09701492637395859,0.17687074840068817,0.2014925330877304,0.011893870308995247,1.0,1.0,1.0
rotation_consistent,test_seen,177,val:2008_000630:part_87,2008_000630,person,leg,leg,0.4064308702945709,0.5779606699943542,0.3984375,0.4149130880832672,1.0,1.0,1.0
rotation_consistent,test_seen,178,val:2008_000630:part_88,2008_000630,person,foot,foot,0.1640625,0.281879186630249,0.7085714340209961,0.0562671534717083,1.0,1.0,1.0
rotation_consistent,test_seen,179,val:2008_000630:part_90,2008_000630,person,ear,ear,0.0,0.0,0.0,0.0009149130783043802,0.006877899169921875,0.0,6.920099258422852e-05
rotation_consistent,test_seen,180,val:2008_000630:part_93,2008_000630,person,hair,hair,0.5428571701049805,0.7037037014961243,0.43209877610206604,0.06175663322210312,1.0,0.958984375,1.0
rotation_consistent,test_seen,181,val:2008_000630:part_94,2008_000630,person,lower arm,lower arm,0.20116618275642395,0.3349514603614807,0.7289719581604004,0.04162854701280594,1.0,1.0,1.0
rotation_consistent,test_seen,182,val:2008_000630:part_95,2008_000630,person,upper arm,upper arm,0.10433604568243027,0.18895705044269562,0.3675595223903656,0.06541628390550613,1.0,0.9990234375,1.0
rotation_consistent,test_seen,183,val:2008_000630:part_96,2008_000630,person,hand,hand,0.09482758492231369,0.17322835326194763,0.7616822719573975,0.018298260867595673,1.0,0.99853515625,1.0
rotation_consistent,test_seen,184,val:2008_000657:part_109,2008_000657,train,head,head,0.010537992231547832,0.020856201648712158,0.15076561272144318,0.012728392146527767,1.0,1.0,1.0
rotation_consistent,test_seen,185,val:2008_000657:part_110,2008_000657,train,front,front,0.8610879778862,0.9253597855567932,0.060148272663354874,0.6427838206291199,1.0,1.0,1.0
rotation_consistent,test_seen,186,val:2008_000657:part_111,2008_000657,train,side,side,0.6647847294807434,0.7986434698104858,0.10000000149011612,0.2973721921443939,1.0,1.0,1.0
rotation_consistent,test_seen,187,val:2008_000657:part_114,2008_000657,train,coach,coach,0.04763271287083626,0.09093399345874786,0.023464031517505646,0.04229111224412918,1.0,1.0,1.0
rotation_consistent,test_seen,188,val:2008_000661:part_85,2008_000661,person,torso,torso,0.0,0.0,0.018400000408291817,0.00018532246758695692,1.0,1.0,1.0
rotation_consistent,test_seen,189,val:2008_000662:part_83,2008_000662,person,head,head,0.6993603706359863,0.8230865597724915,0.03963414579629898,0.2214241772890091,1.0,1.0,1.0
rotation_consistent,test_seen,190,val:2008_000662:part_84,2008_000662,person,eye,eye,0.05263157933950424,0.10000000149011612,0.0,0.005540734622627497,0.008880615234375,0.0,0.00010889768600463867
rotation_consistent,test_seen,191,val:2008_000662:part_85,2008_000662,person,torso,torso,0.29160064458847046,0.4515337347984314,0.3298555314540863,0.07880155742168427,1.0,1.0,1.0
rotation_consistent,test_seen,192,val:2008_000662:part_87,2008_000662,person,leg,leg,0.4962674379348755,0.6633405685424805,0.35901010036468506,0.35727477073669434,1.0,1.0,1.0
rotation_consistent,test_seen,193,val:2008_000662:part_88,2008_000662,person,foot,foot,0.25641027092933655,0.40816327929496765,0.2690476179122925,0.10486353188753128,1.0,1.0,1.0
rotation_consistent,test_seen,194,val:2008_000662:part_89,2008_000662,person,nose,nose,0.35114502906799316,0.5197740197181702,0.0,0.009850194677710533,1.0,0.9814453125,1.0
rotation_consistent,test_seen,195,val:2008_000662:part_90,2008_000662,person,ear,ear,0.37106919288635254,0.5412843823432922,0.23333333432674408,0.01395444292575121,0.006877899169921875,0.0,6.920099258422852e-05
rotation_consistent,test_seen,196,val:2008_000662:part_91,2008_000662,person,eyebrow,eyebrow,0.0,0.0,0.0,0.0006156371673569083,0.0010118484497070312,0.0,7.152557373046875e-06
rotation_consistent,test_seen,197,val:2008_000662:part_92,2008_000662,person,mouth,mouth,0.21250000596046448,0.3505154550075531,0.0,0.004309460520744324,1.0,0.998046875,1.0
rotation_consistent,test_seen,198,val:2008_000662:part_93,2008_000662,person,hair,hair,0.38312828540802,0.5540025234222412,0.11816578358411789,0.045146726071834564,1.0,0.958984375,1.0
rotation_consistent,test_seen,199,val:2008_000662:part_94,2008_000662,person,lower arm,lower arm,0.5465753674507141,0.7068201899528503,0.13997113704681396,0.08947260677814484,1.0,1.0,1.0
rotation_consistent,test_seen,200,val:2008_000662:part_96,2008_000662,person,hand,hand,0.3314065635204315,0.49782922863960266,0.270334929227829,0.05602298304438591,1.0,0.99853515625,1.0
rotation_consistent,test_seen,201,val:2008_000666:part_83,2008_000666,person,head,head,0.7112461924552917,0.8312610983848572,0.1358885020017624,0.1531631499528885,1.0,1.0,1.0
rotation_consistent,test_seen,202,val:2008_000666:part_84,2008_000666,person,eye,eye,0.0,0.0,0.0,0.0005549389752559364,0.008880615234375,0.0,0.00010889768600463867
rotation_consistent,test_seen,203,val:2008_000666:part_85,2008_000666,person,torso,torso,0.7533156275749207,0.8593040704727173,0.05284553021192551,0.3240843415260315,1.0,1.0,1.0
rotation_consistent,test_seen,204,val:2008_000666:part_87,2008_000666,person,leg,leg,0.5575364828109741,0.7159209251403809,0.17890772223472595,0.2386237531900406,1.0,1.0,1.0
rotation_consistent,test_seen,205,val:2008_000666:part_88,2008_000666,person,foot,foot,0.3100000023841858,0.47328245639801025,0.15789473056793213,0.05160932242870331,1.0,1.0,1.0
rotation_consistent,test_seen,206,val:2008_000666:part_89,2008_000666,person,nose,nose,0.0,0.0,0.0,0.0011098779505118728,1.0,0.9814453125,1.0
rotation_consistent,test_seen,207,val:2008_000666:part_90,2008_000666,person,ear,ear,0.0,0.0,0.7631579041481018,0.0005549389752559364,0.006877899169921875,0.0,6.920099258422852e-05
rotation_consistent,test_seen,208,val:2008_000666:part_92,2008_000666,person,mouth,mouth,0.0,0.0,0.0,0.0011098779505118728,1.0,0.998046875,1.0
rotation_consistent,test_seen,209,val:2008_000666:part_94,2008_000666,person,lower arm,lower arm,0.30641329288482666,0.46909090876579285,0.24761904776096344,0.07214206457138062,1.0,1.0,1.0
rotation_consistent,test_seen,210,val:2008_000666:part_95,2008_000666,person,upper arm,upper arm,0.2489795982837677,0.3986928164958954,0.2642368972301483,0.0960044413805008,1.0,0.9990234375,1.0
rotation_consistent,test_seen,211,val:2008_000666:part_96,2008_000666,person,hand,hand,0.1781376451253891,0.3024055063724518,0.7768240571022034,0.03218645974993706,1.0,0.99853515625,1.0
rotation_consistent,test_seen,212,val:2008_000673:part_83,2008_000673,person,head,head,0.4589800536632538,0.6291793584823608,0.046875,0.032422199845314026,1.0,1.0,1.0
rotation_consistent,test_seen,213,val:2008_000673:part_84,2008_000673,person,eye,eye,0.0,0.0,0.0,0.00011832918971776962,0.008880615234375,0.0,0.00010889768600463867
rotation_consistent,test_seen,214,val:2008_000673:part_85,2008_000673,person,torso,torso,0.26259541511535645,0.41596129536628723,0.09888888895511627,0.08058217912912369,1.0,1.0,1.0
rotation_consistent,test_seen,215,val:2008_000673:part_87,2008_000673,person,leg,leg,0.01343126967549324,0.026506522670388222,0.1584470123052597,0.007573068141937256,1.0,1.0,1.0
rotation_consistent,test_seen,216,val:2008_000673:part_88,2008_000673,person,foot,foot,0.0,0.0,0.37264150381088257,0.008401372469961643,1.0,1.0,1.0
rotation_consistent,test_seen,217,val:2008_000673:part_89,2008_000673,person,nose,nose,0.0,0.0,0.0,0.00023665837943553925,1.0,0.9814453125,1.0
rotation_consistent,test_seen,218,val:2008_000673:part_90,2008_000673,person,ear,ear,0.0,0.0,0.0,0.00023665837943553925,0.006877899169921875,0.0,6.920099258422852e-05
rotation_consistent,test_seen,219,val:2008_000673:part_93,2008_000673,person,hair,hair,0.0,0.0,0.18023255467414856,0.0014199502766132355,1.0,0.958984375,1.0
rotation_consistent,test_seen,220,val:2008_000673:part_94,2008_000673,person,lower arm,lower arm,0.0,0.0,0.21864952147006989,0.0004733167588710785,1.0,1.0,1.0
rotation_consistent,test_seen,221,val:2008_000673:part_95,2008_000673,person,upper arm,upper arm,0.0008591065416112542,0.001716738217510283,0.0791814923286438,0.0048514967784285545,1.0,0.9990234375,1.0
rotation_consistent,test_seen,222,val:2008_000673:part_96,2008_000673,person,hand,hand,0.0,0.0,0.2777777910232544,0.0008283043280243874,1.0,0.99853515625,1.0
rotation_consistent,test_seen,223,val:2008_000700:part_83,2008_000700,person,head,head,0.5652173757553101,0.7222222089767456,0.12745098769664764,0.08533501625061035,1.0,1.0,1.0
rotation_consistent,test_seen,224,val:2008_000700:part_84,2008_000700,person,eye,eye,0.0,0.0,0.0,0.0022123893722891808,0.008880615234375,0.0,0.00010889768600463867
rotation_consistent,test_seen,225,val:2008_000700:part_85,2008_000700,person,torso,torso,0.41111111640930176,0.5826771855354309,0.16984258592128754,0.18046776950359344,1.0,1.0,1.0
rotation_consistent,test_seen,226,val:2008_000700:part_86,2008_000700,person,neck,neck,0.3222222328186035,0.48739495873451233,0.0,0.04329961910843849,1.0,1.0,1.0
rotation_consistent,test_seen,227,val:2008_000700:part_87,2008_000700,person,leg,leg,0.5273292064666748,0.6905245780944824,0.3160315454006195,0.29614412784576416,1.0,1.0,1.0
rotation_consistent,test_seen,228,val:2008_000700:part_88,2008_000700,person,foot,foot,0.5019304752349854,0.6683804392814636,0.4144144058227539,0.05278129130601883,1.0,1.0,1.0
rotation_consistent,test_seen,229,val:2008_000700:part_89,2008_000700,person,nose,nose,0.2181818187236786,0.35820895433425903,0.040816325694322586,0.005689001176506281,1.0,0.9814453125,1.0
rotation_consistent,test_seen,230,val:2008_000700:part_90,2008_000700,person,ear,ear,0.0,0.0,0.0,0.0028445005882531404,0.006877899169921875,0.0,6.920099258422852e-05
rotation_consistent,test_seen,231,val:2008_000700:part_91,2008_000700,person,eyebrow,eyebrow,0.0,0.0,0.0,0.0006321112741716206,0.0010118484497070312,0.0,7.152557373046875e-06
rotation_consistent,test_seen,232,val:2008_000700:part_92,2008_000700,person,mouth,mouth,0.11764705926179886,0.21052631735801697,0.0,0.003792667528614402,1.0,0.998046875,1.0
rotation_consistent,test_seen,233,val:2008_000700:part_93,2008_000700,person,hair,hair,0.323129266500473,0.4884318709373474,0.07547169923782349,0.03919089585542679,1.0,0.958984375,1.0
rotation_consistent,test_seen,234,val:2008_000700:part_94,2008_000700,person,lower arm,lower arm,0.3238546550273895,0.48926013708114624,0.47448980808258057,0.07901390641927719,1.0,1.0,1.0
rotation_consistent,test_seen,235,val:2008_000700:part_95,2008_000700,person,upper arm,upper arm,0.40976059436798096,0.5813193917274475,0.30921703577041626,0.16498103737831116,1.0,0.9990234375,1.0
rotation_consistent,test_seen,236,val:2008_000700:part_96,2008_000700,person,hand,hand,0.19329896569252014,0.323974072933197,0.6783784031867981,0.02939317375421524,1.0,0.99853515625,1.0
rotation_consistent,test_seen,237,val:2008_000725:part_6,2008_000725,bicycle,wheel,wheel,0.32045453786849976,0.48537003993988037,0.47782546281814575,0.47584789991378784,1.0,0.9990234375,1.0
rotation_consistent,test_seen,238,val:2008_000725:part_7,2008_000725,bicycle,saddle,saddle,0.0,0.0,0.0,0.08530318737030029,1.0,0.99951171875,1.0
rotation_consistent,test_seen,239,val:2008_000725:part_8,2008_000725,bicycle,handlebar,handlebar,0.23134328424930573,0.3757575750350952,0.46268656849861145,0.10071942210197449,1.0,1.0,1.0
rotation_consistent,test_seen,240,val:2008_000725:part_9,2008_000725,bicycle,chainwheel,chainwheel,0.0,0.0,0.0,0.010277491994202137,1.0,0.99462890625,1.0
rotation_consistent,test_seen,241,val:2008_000731:part_83,2008_000731,person,head,head,0.6936936974525452,0.8191489577293396,0.07773851603269577,0.17196398973464966,1.0,1.0,1.0
rotation_consistent,test_seen,242,val:2008_000731:part_84,2008_000731,person,eye,eye,0.10000000149011612,0.1818181872367859,0.0,0.005695388652384281,0.008880615234375,0.0,0.00010889768600463867
rotation_consistent,test_seen,243,val:2008_000731:part_85,2008_000731,person,torso,torso,0.6964448690414429,0.8210639357566833,0.16285714507102966,0.1489987075328827,1.0,1.0,1.0
rotation_consistent,test_seen,244,val:2008_000731:part_87,2008_000731,person,leg,leg,0.4613769054412842,0.6314276456832886,0.3133760988712311,0.3771817088127136,1.0,1.0,1.0
rotation_consistent,test_seen,245,val:2008_000731:part_88,2008_000731,person,foot,foot,0.5198529362678528,0.6840832233428955,0.19071729481220245,0.1620429903268814,1.0,1.0,1.0
rotation_consistent,test_seen,246,val:2008_000731:part_89,2008_000731,person,nose,nose,0.2186046540737152,0.35877862572669983,0.0,0.008634943515062332,1.0,0.9814453125,1.0
rotation_consistent,test_seen,247,val:2008_000731:part_90,2008_000731,person,ear,ear,0.0,0.0,0.13725490868091583,0.0007348888320848346,0.006877899169921875,0.0,6.920099258422852e-05
rotation_consistent,test_seen,248,val:2008_000731:part_92,2008_000731,person,mouth,mouth,0.37142857909202576,0.5416666865348816,0.0,0.020393164828419685,1.0,0.998046875,1.0
rotation_consistent,test_seen,249,val:2008_000731:part_94,2008_000731,person,lower arm,lower arm,0.11140121519565582,0.20046985149383545,0.38617512583732605,0.03527466580271721,1.0,1.0,1.0
rotation_consistent,test_seen,250,val:2008_000731:part_95,2008_000731,person,upper arm,upper arm,0.002754820976406336,0.005494505632668734,0.27561327815055847,0.0064302776008844376,1.0,0.9990234375,1.0
rotation_consistent,test_seen,251,val:2008_000731:part_96,2008_000731,person,hand,hand,0.5138888955116272,0.6788991093635559,0.34742647409439087,0.06026088446378708,1.0,0.99853515625,1.0
rotation_consistent,test_seen,252,val:2008_000765:part_71,2008_000765,horse,head,head,0.5313315987586975,0.6939471364021301,0.08355091512203217,0.23808130621910095,1.0,1.0,1.0
rotation_consistent,test_seen,253,val:2008_000765:part_72,2008_000765,horse,eye,eye,0.19780220091342926,0.3302752375602722,0.0,0.006434630136936903,0.008880615234375,0.0,0.00010889768600463867
rotation_consistent,test_seen,254,val:2008_000765:part_73,2008_000765,horse,torso,torso,0.1928251087665558,0.3233082592487335,0.15137845277786255,0.11670079082250595,1.0,1.0,1.0
rotation_consistent,test_seen,255,val:2008_000765:part_74,2008_000765,horse,neck,neck,0.5946407914161682,0.7457990646362305,0.1961231529712677,0.3050599694252014,1.0,1.0,1.0
rotation_consistent,test_seen,256,val:2008_000765:part_76,2008_000765,horse,ear,ear,0.41981130838394165,0.5913621187210083,0.4888337552547455,0.058204151690006256,0.006877899169921875,0.0,6.920099258422852e-05
rotation_consistent,test_seen,257,val:2008_000765:part_77,2008_000765,horse,muzzle,muzzle,0.6598360538482666,0.7950617074966431,0.17750439047813416,0.2594325840473175,1.0,0.99951171875,1.0
rotation_consistent,test_seen,258,val:2008_000795:part_20,2008_000795,bottle,body,body,0.10236220806837082,0.18571428954601288,0.717391312122345,0.9306930899620056,1.0,1.0,1.0
rotation_consistent,test_seen,259,val:2008_000795:part_21,2008_000795,bottle,cap,cap,0.0,0.0,0.0,0.06930693238973618,1.0,0.98876953125,1.0
rotation_consistent,test_seen,260,val:2008_000853:part_42,2008_000853,cat,tail,tail,0.0,0.0,0.35922330617904663,0.09717314690351486,1.0,0.89892578125,1.0
rotation_consistent,test_seen,261,val:2008_000853:part_43,2008_000853,cat,head,head,0.11428571492433548,0.20512820780277252,0.1818181872367859,0.2667844593524933,1.0,1.0,1.0
rotation_consistent,test_seen,262,val:2008_000853:part_45,2008_000853,cat,torso,torso,0.22336769104003906,0.3651685416698456,0.12101911008358002,0.351590096950531,1.0,1.0,1.0
rotation_consistent,test_seen,263,val:2008_000853:part_46,2008_000853,cat,neck,neck,0.0,0.0,0.07329843193292618,0.02120141312479973,1.0,1.0,1.0
rotation_consistent,test_seen,264,val:2008_000853:part_47,2008_000853,cat,leg,leg,0.10724637657403946,0.19371727108955383,0.11598745733499527,0.11130741983652115,1.0,1.0,1.0
rotation_consistent,test_seen,265,val:2008_000853:part_48,2008_000853,cat,nose,nose,0.0,0.0,0.0,0.0035335689317435026,1.0,0.9814453125,1.0
rotation_consistent,test_seen,266,val:2008_000853:part_49,2008_000853,cat,paw,paw,0.0,0.0,0.0,0.06890459358692169,1.0,0.99951171875,1.0
rotation_consistent,test_seen,267,val:2008_000853:part_50,2008_000853,cat,ear,ear,0.0,0.0,0.0,0.0795053020119667,0.006877899169921875,0.0,6.920099258422852e-05
rotation_consistent,test_seen,268,val:2008_000911:part_20,2008_000911,bottle,body,body,0.7487781047821045,0.8563443422317505,0.24556796252727509,0.9642708897590637,1.0,1.0,1.0
rotation_consistent,test_seen,269,val:2008_000911:part_21,2008_000911,bottle,cap,cap,0.29885056614875793,0.4601770043373108,0.0,0.03572912514209747,1.0,0.98876953125,1.0
rotation_consistent,test_seen,270,val:2008_000919:part_51,2008_000919,cow,tail,tail,0.33205005526542664,0.49855491518974304,0.2888889014720917,0.022519035264849663,1.0,0.89892578125,1.0
rotation_consistent,test_seen,271,val:2008_000919:part_54,2008_000919,cow,torso,torso,0.8509606122970581,0.9194799661636353,0.044571731239557266,0.8413988947868347,1.0,1.0,1.0
rotation_consistent,test_seen,272,val:2008_000919:part_56,2008_000919,cow,leg,leg,0.4611923396587372,0.6312547922134399,0.05055292323231697,0.12891985476016998,1.0,1.0,1.0
rotation_consistent,test_seen,273,val:2008_000992:part_83,2008_000992,person,head,head,0.6187009811401367,0.7644413709640503,0.05051664635539055,0.11922797560691833,1.0,1.0,1.0
rotation_consistent,test_seen,274,val:2008_000992:part_84,2008_000992,person,eye,eye,0.4296296238899231,0.6010362505912781,0.0,0.008716405369341373,0.008880615234375,0.0,0.00010889768600463867
rotation_consistent,test_seen,275,val:2008_000992:part_85,2008_000992,person,torso,torso,0.5787027478218079,0.7331370711326599,0.10775774717330933,0.2984331250190735,1.0,1.0,1.0
rotation_consistent,test_seen,276,val:2008_000992:part_86,2008_000992,person,neck,neck,0.20890410244464874,0.34560906887054443,0.0,0.0071599045768380165,1.0,1.0,1.0
rotation_consistent,test_seen,277,val:2008_000992:part_89,2008_000992,person,nose,nose,0.61654132604599,0.7627906799316406,0.0,0.009442772716283798,1.0,0.9814453125,1.0
rotation_consistent,test_seen,278,val:2008_000992:part_90,2008_000992,person,ear,ear,0.19718310236930847,0.3294117748737335,0.692307710647583,0.008197572082281113,0.006877899169921875,0.0,6.920099258422852e-05
rotation_consistent,test_seen,279,val:2008_000992:part_91,2008_000992,person,eyebrow,eyebrow,0.0625,0.11764705926179886,0.0,0.005395870190113783,0.0010118484497070312,0.0,7.152557373046875e-06
rotation_consistent,test_seen,280,val:2008_000992:part_92,2008_000992,person,mouth,mouth,0.35772356390953064,0.5269461274147034,0.0,0.007056138012558222,1.0,0.998046875,1.0
rotation_consistent,test_seen,281,val:2008_000992:part_93,2008_000992,person,hair,hair,0.6577752828598022,0.7935638427734375,0.2194141298532486,0.12244474142789841,1.0,0.958984375,1.0
rotation_consistent,test_seen,282,val:2008_000992:part_94,2008_000992,person,lower arm,lower arm,0.6837607026100159,0.8121827244758606,0.0903225839138031,0.16758327186107635,1.0,1.0,1.0
rotation_consistent,test_seen,283,val:2008_000992:part_95,2008_000992,person,upper arm,upper arm,0.5769911408424377,0.7317620515823364,0.1552482694387436,0.1122756078839302,1.0,0.9990234375,1.0
rotation_consistent,test_seen,284,val:2008_000992:part_96,2008_000992,person,hand,hand,0.6313633918762207,0.7740315794944763,0.0,0.12669917941093445,1.0,0.99853515625,1.0
rotation_consistent,test_seen,285,val:2008_001013:part_83,2008_001013,person,head,head,0.07834101468324661,0.14529915153980255,0.38942307233810425,0.029988465830683708,1.0,1.0,1.0
rotation_consistent,test_seen,286,val:2008_001013:part_84,2008_001013,person,eye,eye,0.0,0.0,0.0,0.0011534024961292744,0.008880615234375,0.0,0.00010889768600463867
rotation_consistent,test_seen,287,val:2008_001013:part_85,2008_001013,person,torso,torso,0.20499999821186066,0.3402489721775055,0.2401960790157318,0.32064589858055115,1.0,1.0,1.0
rotation_consistent,test_seen,288,val:2008_001013:part_87,2008_001013,person,leg,leg,0.10350584238767624,0.18759454786777496,0.6056603789329529,0.15109573304653168,1.0,1.0,1.0
rotation_consistent,test_seen,289,val:2008_001013:part_90,2008_001013,person,ear,ear,0.0,0.0,0.0,0.0069204154424369335,0.006877899169921875,0.0,6.920099258422852e-05
rotation_consistent,test_seen,290,val:2008_001013:part_93,2008_001013,person,hair,hair,0.0,0.0,0.0,0.024221453815698624,1.0,0.958984375,1.0
rotation_consistent,test_seen,291,val:2008_001013:part_94,2008_001013,person,lower arm,lower arm,0.0,0.0,1.0,0.03690887987613678,1.0,1.0,1.0
rotation_consistent,test_seen,292,val:2008_001013:part_95,2008_001013,person,upper arm,upper arm,0.2403433471918106,0.387543261051178,0.17365269362926483,0.1407151073217392,1.0,0.9990234375,1.0
rotation_consistent,test_seen,293,val:2008_001013:part_96,2008_001013,person,hand,hand,0.0,0.0,0.0,0.0219146478921175,1.0,0.99853515625,1.0
rotation_consistent,test_seen,294,val:2008_001028:part_83,2008_001028,person,head,head,0.3614457845687866,0.5309734344482422,0.058252427726984024,0.0743202418088913,1.0,1.0,1.0
rotation_consistent,test_seen,295,val:2008_001028:part_84,2008_001028,person,eye,eye,0.0,0.0,0.0,0.002416918519884348,0.008880615234375,0.0,0.00010889768600463867
rotation_consistent,test_seen,296,val:2008_001028:part_85,2008_001028,person,torso,torso,0.6343792676925659,0.7762938141822815,0.05351682007312775,0.3287009000778198,1.0,1.0,1.0
rotation_consistent,test_seen,297,val:2008_001028:part_86,2008_001028,person,neck,neck,0.17499999701976776,0.2978723347187042,0.0,0.016314199194312096,1.0,1.0,1.0
rotation_consistent,test_seen,298,val:2008_001028:part_87,2008_001028,person,leg,leg,0.5754026174545288,0.7304832935333252,0.19902120530605316,0.2797583043575287,1.0,1.0,1.0
rotation_consistent,test_seen,299,val:2008_001028:part_88,2008_001028,person,foot,foot,0.4780219793319702,0.6468401551246643,0.1621621549129486,0.07311177998781204,1.0,1.0,1.0
rotation_consistent,test_seen,300,val:2008_001028:part_89,2008_001028,person,nose,nose,0.19230769574642181,0.32258063554763794,0.0,0.0036253775469958782,1.0,0.9814453125,1.0
rotation_consistent,test_seen,301,val:2008_001028:part_92,2008_001028,person,mouth,mouth,0.30000001192092896,0.4615384638309479,0.0,0.002416918519884348,1.0,0.998046875,1.0
rotation_consistent,test_seen,302,val:2008_001028:part_93,2008_001028,person,hair,hair,0.09444444626569748,0.17258882522583008,0.25581395626068115,0.015105740167200565,1.0,0.958984375,1.0
rotation_consistent,test_seen,303,val:2008_001028:part_94,2008_001028,person,lower arm,lower arm,0.03496503457427025,0.06756756454706192,0.026455026119947433,0.06465256959199905,1.0,1.0,1.0
rotation_consistent,test_seen,304,val:2008_001028:part_95,2008_001028,person,upper arm,upper arm,0.27586206793785095,0.4324324429035187,0.1684981733560562,0.11722054332494736,1.0,0.9990234375,1.0
rotation_consistent,test_seen,305,val:2008_001028:part_96,2008_001028,person,hand,hand,0.072727270424366,0.1355932205915451,0.23999999463558197,0.010876133106648922,1.0,0.99853515625,1.0
rotation_consistent,test_seen,306,val:2008_001074:part_83,2008_001074,person,head,head,0.5586206912994385,0.7168141603469849,0.1251448392868042,0.052738554775714874,1.0,1.0,1.0
rotation_consistent,test_seen,307,val:2008_001074:part_84,2008_001074,person,eye,eye,0.0,0.0,0.0,0.0007488232804462314,0.008880615234375,0.0,0.00010889768600463867
rotation_consistent,test_seen,308,val:2008_001074:part_85,2008_001074,person,torso,torso,0.726393461227417,0.8415155410766602,0.0576956607401371,0.5128369927406311,1.0,1.0,1.0
rotation_consistent,test_seen,309,val:2008_001074:part_86,2008_001074,person,neck,neck,0.4545454680919647,0.625,0.009569377638399601,0.013585793785750866,1.0,1.0,1.0
rotation_consistent,test_seen,310,val:2008_001074:part_87,2008_001074,person,leg,leg,0.17670980095863342,0.30034559965133667,0.11312384158372879,0.051133930683135986,1.0,1.0,1.0
rotation_consistent,test_seen,311,val:2008_001074:part_89,2008_001074,person,nose,nose,0.21917808055877686,0.3595505654811859,0.31506848335266113,0.0017115960363298655,1.0,0.9814453125,1.0
rotation_consistent,test_seen,312,val:2008_001074:part_90,2008_001074,person,ear,ear,0.1551724076271057,0.26865673065185547,0.0,0.003958065994083881,0.006877899169921875,0.0,6.920099258422852e-05
rotation_consistent,test_seen,313,val:2008_001074:part_91,2008_001074,person,eyebrow,eyebrow,0.0,0.0,0.0,0.0005348737468011677,0.0010118484497070312,0.0,7.152557373046875e-06
rotation_consistent,test_seen,314,val:2008_001074:part_92,2008_001074,person,mouth,mouth,0.0,0.0,0.7321428656578064,0.0010697474936023355,1.0,0.998046875,1.0
rotation_consistent,test_seen,315,val:2008_001074:part_93,2008_001074,person,hair,hair,0.746676504611969,0.8549683094024658,0.08210689574480057,0.11489088833332062,1.0,0.958984375,1.0
rotation_consistent,test_seen,316,val:2008_001074:part_94,2008_001074,person,lower arm,lower arm,0.5865030884742737,0.739365816116333,0.13364055752754211,0.06867779046297073,1.0,1.0,1.0
rotation_consistent,test_seen,317,val:2008_001074:part_95,2008_001074,person,upper arm,upper arm,0.555962324142456,0.7146218419075012,0.10121244192123413,0.11531878262758255,1.0,0.9990234375,1.0
rotation_consistent,test_seen,318,val:2008_001074:part_96,2008_001074,person,hand,hand,0.39650872349739075,0.5678571462631226,0.14874552190303802,0.060119811445474625,1.0,0.99853515625,1.0
rotation_consistent,test_seen,319,val:2008_001076:part_83,2008_001076,person,head,head,0.46979865431785583,0.6392694115638733,0.04554865509271622,0.1024237722158432,1.0,1.0,1.0
rotation_consistent,test_seen,320,val:2008_001076:part_84,2008_001076,person,eye,eye,0.0,0.0,0.0,0.004169924650341272,0.008880615234375,0.0,0.00010889768600463867
rotation_consistent,test_seen,321,val:2008_001076:part_85,2008_001076,person,torso,torso,0.7367458939552307,0.848421037197113,0.09242021292448044,0.35079488158226013,1.0,1.0,1.0
rotation_consistent,test_seen,322,val:2008_001076:part_86,2008_001076,person,neck,neck,0.2950819730758667,0.4556961953639984,0.0,0.011727912351489067,1.0,1.0,1.0
rotation_consistent,test_seen,323,val:2008_001076:part_89,2008_001076,person,nose,nose,0.24705882370471954,0.3962264060974121,0.0,0.005473025608807802,1.0,0.9814453125,1.0
rotation_consistent,test_seen,324,val:2008_001076:part_91,2008_001076,person,eyebrow,eyebrow,0.0,0.0,0.0,0.0023455824702978134,0.0010118484497070312,0.0,7.152557373046875e-06
rotation_consistent,test_seen,325,val:2008_001076:part_92,2008_001076,person,mouth,mouth,0.2291666716337204,0.37288135290145874,0.0,0.006776127032935619,1.0,0.998046875,1.0
rotation_consistent,test_seen,326,val:2008_001076:part_93,2008_001076,person,hair,hair,0.40928882360458374,0.5808444619178772,0.09931506961584091,0.10086004436016083,1.0,0.958984375,1.0
rotation_consistent,test_seen,327,val:2008_001076:part_94,2008_001076,person,lower arm,lower arm,0.3222748935222626,0.48745518922805786,0.26006191968917847,0.061245765537023544,1.0,1.0,1.0
rotation_consistent,test_seen,328,val:2008_001076:part_95,2008_001076,person,upper arm,upper arm,0.32634031772613525,0.4920913875102997,0.08027210831642151,0.10502997040748596,1.0,0.9990234375,1.0
rotation_consistent,test_seen,329,val:2008_001076:part_96,2008_001076,person,hand,hand,0.190476194024086,0.3199999928474426,0.646258533000946,0.020328382030129433,1.0,0.99853515625,1.0
rotation_consistent,test_seen,330,val:2008_001078:part_42,2008_001078,cat,tail,tail,0.3245614171028137,0.4900662302970886,0.6116504669189453,0.017611447721719742,1.0,0.89892578125,1.0
rotation_consistent,test_seen,331,val:2008_001078:part_43,2008_001078,cat,head,head,0.6727140545845032,0.8043383955955505,0.10568512976169586,0.1711612492799759,1.0,1.0,1.0
rotation_consistent,test_seen,332,val:2008_001078:part_44,2008_001078,cat,eye,eye,0.04727272689342499,0.0902777761220932,0.0,0.008438818156719208,0.008880615234375,0.0,0.00010889768600463867
rotation_consistent,test_seen,333,val:2008_001078:part_45,2008_001078,cat,torso,torso,0.7553974390029907,0.8606568574905396,0.11525172740221024,0.5692533254623413,1.0,1.0,1.0
rotation_consistent,test_seen,334,val:2008_001078:part_46,2008_001078,cat,neck,neck,0.11851851642131805,0.21192052960395813,0.008298755623400211,0.011190607212483883,1.0,1.0,1.0
rotation_consistent,test_seen,335,val:2008_001078:part_47,2008_001078,cat,leg,leg,0.41546666622161865,0.5870384573936462,0.2657342553138733,0.14584480226039886,1.0,1.0,1.0
rotation_consistent,test_seen,336,val:2008_001078:part_48,2008_001078,cat,nose,nose,0.0,0.0,0.0,0.0025683359708637,1.0,0.9814453125,1.0
rotation_consistent,test_seen,337,val:2008_001078:part_49,2008_001078,cat,paw,paw,0.17183098196983337,0.29326921701431274,0.6358024477958679,0.016877636313438416,1.0,0.99951171875,1.0
rotation_consistent,test_seen,338,val:2008_001078:part_50,2008_001078,cat,ear,ear,0.25852271914482117,0.4108352065086365,0.285932719707489,0.04256099835038185,0.006877899169921875,0.0,6.920099258422852e-05
rotation_consistent,test_seen,339,val:2008_001170:part_83,2008_001170,person,head,head,0.70346599817276,0.8259231448173523,0.04264706000685692,0.10395244508981705,1.0,1.0,1.0
rotation_consistent,test_seen,340,val:2008_001170:part_84,2008_001170,person,eye,eye,0.0,0.0,0.0,0.002731362357735634,0.008880615234375,0.0,0.00010889768600463867
rotation_consistent,test_seen,341,val:2008_001170:part_85,2008_001170,person,torso,torso,0.5921945571899414,0.7438721060752869,0.04594748839735985,0.34158098697662354,1.0,1.0,1.0
rotation_consistent,test_seen,342,val:2008_001170:part_86,2008_001170,person,neck,neck,0.43127962946891785,0.6026490330696106,0.006211180239915848,0.02265424095094204,1.0,1.0,1.0
rotation_consistent,test_seen,343,val:2008_001170:part_87,2008_001170,person,leg,leg,0.5076661109924316,0.6734463572502136,0.13287514448165894,0.14604756236076355,1.0,1.0,1.0
rotation_consistent,test_seen,344,val:2008_001170:part_89,2008_001170,person,nose,nose,0.380952388048172,0.5517241358757019,0.0,0.00578406173735857,1.0,0.9814453125,1.0
rotation_consistent,test_seen,345,val:2008_001170:part_91,2008_001170,person,eyebrow,eyebrow,0.0,0.0,0.0,0.0024100258015096188,0.0010118484497070312,0.0,7.152557373046875e-06
rotation_consistent,test_seen,346,val:2008_001170:part_92,2008_001170,person,mouth,mouth,0.1882352977991104,0.31683167815208435,0.0,0.004338046070188284,1.0,0.998046875,1.0
rotation_consistent,test_seen,347,val:2008_001170:part_94,2008_001170,person,lower arm,lower arm,0.49031689763069153,0.658003568649292,0.03991596773266792,0.11905527114868164,1.0,1.0,1.0
rotation_consistent,test_seen,348,val:2008_001170:part_95,2008_001170,person,upper arm,upper arm,0.6661654114723206,0.7996389865875244,0.06260575354099274,0.16613110899925232,1.0,0.9990234375,1.0
rotation_consistent,test_seen,349,val:2008_001170:part_96,2008_001170,person,hand,hand,0.39105337858200073,0.5622406601905823,0.12742979824543,0.08049485832452774,1.0,0.99853515625,1.0
rotation_consistent,test_seen,350,val:2008_001231:part_83,2008_001231,person,head,head,0.0,0.0,0.7222222089767456,0.003722084453329444,1.0,1.0,1.0
rotation_consistent,test_seen,351,val:2008_001231:part_85,2008_001231,person,torso,torso,0.6309226751327515,0.7737002968788147,0.057553958147764206,0.46650123596191406,1.0,1.0,1.0
rotation_consistent,test_seen,352,val:2008_001231:part_86,2008_001231,person,neck,neck,0.0,0.0,0.0,0.012406948022544384,1.0,1.0,1.0
rotation_consistent,test_seen,353,val:2008_001231:part_87,2008_001231,person,leg,leg,0.44711539149284363,0.6179401874542236,0.3649425208568573,0.31513646245002747,1.0,1.0,1.0
rotation_consistent,test_seen,354,val:2008_001231:part_88,2008_001231,person,foot,foot,0.0,0.0,0.0,0.0459057055413723,1.0,1.0,1.0
rotation_consistent,test_seen,355,val:2008_001231:part_93,2008_001231,person,hair,hair,0.1066666692495346,0.1927710771560669,0.7419354915618896,0.06451612710952759,1.0,0.958984375,1.0
rotation_consistent,test_seen,356,val:2008_001231:part_94,2008_001231,person,lower arm,lower arm,0.07262569665908813,0.1354166716337204,0.7877094745635986,0.016129031777381897,1.0,1.0,1.0
rotation_consistent,test_seen,357,val:2008_001231:part_95,2008_001231,person,upper arm,upper arm,0.24855491518974304,0.39814814925193787,0.6011560559272766,0.053349874913692474,1.0,0.9990234375,1.0
rotation_consistent,test_seen,358,val:2008_001231:part_96,2008_001231,person,hand,hand,0.06779661029577255,0.1269841343164444,0.5862069129943848,0.006203474011272192,1.0,0.99853515625,1.0
rotation_consistent,test_seen,359,val:2008_001249:part_83,2008_001249,person,head,head,0.628187894821167,0.7716405391693115,0.12990528345108032,0.06101956591010094,1.0,1.0,1.0
rotation_consistent,test_seen,360,val:2008_001249:part_84,2008_001249,person,eye,eye,0.0,0.0,0.0,0.0006436663097701967,0.008880615234375,0.0,0.00010889768600463867
rotation_consistent,test_seen,361,val:2008_001249:part_85,2008_001249,person,torso,torso,0.7985920906066895,0.8880191445350647,0.02073592133820057,0.5508496165275574,1.0,1.0,1.0
rotation_consistent,test_seen,362,val:2008_001249:part_87,2008_001249,person,leg,leg,0.350698858499527,0.5192850232124329,0.0760309249162674,0.07389289140701294,1.0,1.0,1.0
rotation_consistent,test_seen,363,val:2008_001249:part_89,2008_001249,person,nose,nose,0.2232142835855484,0.36496350169181824,0.0,0.00347579806111753,1.0,0.9814453125,1.0
rotation_consistent,test_seen,364,val:2008_001249:part_90,2008_001249,person,ear,ear,0.0,0.0,0.0,0.0010298661654815078,0.006877899169921875,0.0,6.920099258422852e-05
rotation_consistent,test_seen,365,val:2008_001249:part_92,2008_001249,person,mouth,mouth,0.260869562625885,0.4137931168079376,0.0,0.004119464661926031,1.0,0.998046875,1.0
rotation_consistent,test_seen,366,val:2008_001249:part_93,2008_001249,person,hair,hair,0.0,0.0,0.0,0.00012873327068518847,1.0,0.958984375,1.0
rotation_consistent,test_seen,367,val:2008_001249:part_94,2008_001249,person,lower arm,lower arm,0.6645569801330566,0.7984790802001953,0.06573426723480225,0.07723996043205261,1.0,1.0,1.0
rotation_consistent,test_seen,368,val:2008_001249:part_95,2008_001249,person,upper arm,upper arm,0.6647436022758484,0.7986137866973877,0.0659722238779068,0.14894439280033112,1.0,0.9990234375,1.0
rotation_consistent,test_seen,369,val:2008_001249:part_96,2008_001249,person,hand,hand,0.616908848285675,0.7630718946456909,0.25108852982521057,0.06887229532003403,1.0,0.99853515625,1.0
rotation_consistent,test_seen,370,val:2008_001283:part_97,2008_001283,pottedplant,pot,pot,0.6095820665359497,0.7574414014816284,0.3061889111995697,0.4464043378829956,1.0,1.0,1.0
rotation_consistent,test_seen,371,val:2008_001283:part_98,2008_001283,pottedplant,plant,plant,0.07496823370456696,0.13947990536689758,0.47362515330314636,0.5434192419052124,1.0,1.0,1.0
rotation_consistent,test_seen,372,val:2008_001308:part_83,2008_001308,person,head,head,0.0,0.0,0.0,0.025201380252838135,1.0,1.0,1.0
rotation_consistent,test_seen,373,val:2008_001308:part_84,2008_001308,person,eye,eye,0.0,0.0,0.0,0.000690448796376586,0.008880615234375,0.0,0.00010889768600463867
rotation_consistent,test_seen,374,val:2008_001308:part_85,2008_001308,person,torso,torso,0.7393732666969299,0.850160539150238,0.04255999997258186,0.28550058603286743,1.0,1.0,1.0
rotation_consistent,test_seen,375,val:2008_001308:part_87,2008_001308,person,leg,leg,0.6940503716468811,0.8193975687026978,0.1534011960029602,0.3545454442501068,1.0,1.0,1.0
rotation_consistent,test_seen,376,val:2008_001308:part_89,2008_001308,person,nose,nose,0.2432432472705841,0.3913043439388275,0.0,0.004142692778259516,1.0,0.9814453125,1.0
rotation_consistent,test_seen,377,val:2008_001308:part_90,2008_001308,person,ear,ear,0.0,0.0,0.0,0.0016110471915453672,0.006877899169921875,0.0,6.920099258422852e-05
rotation_consistent,test_seen,378,val:2008_001308:part_91,2008_001308,person,eyebrow,eyebrow,0.0,0.0,0.0,0.0008055235957726836,0.0010118484497070312,0.0,7.152557373046875e-06
rotation_consistent,test_seen,379,val:2008_001308:part_92,2008_001308,person,mouth,mouth,0.0,0.0,0.0,0.003912542946636677,1.0,0.998046875,1.0
rotation_consistent,test_seen,380,val:2008_001308:part_93,2008_001308,person,hair,hair,0.0,0.0,0.0,0.007479861844331026,1.0,0.958984375,1.0
rotation_consistent,test_seen,381,val:2008_001308:part_94,2008_001308,person,lower arm,lower arm,0.41723355650901794,0.5888000130653381,0.17517605423927307,0.15696202218532562,1.0,1.0,1.0
rotation_consistent,test_seen,382,val:2008_001308:part_95,2008_001308,person,upper arm,upper arm,0.2679712474346161,0.4226771593093872,0.043478261679410934,0.13509781658649445,1.0,0.9990234375,1.0
rotation_consistent,test_seen,383,val:2008_001308:part_96,2008_001308,person,hand,hand,0.13921360671520233,0.24440298974514008,0.22334454953670502,0.02082853764295578,1.0,0.99853515625,1.0
rotation_consistent,test_seen,384,val:2008_001404:part_83,2008_001404,person,head,head,0.7189427018165588,0.8364940881729126,0.10195035487413406,0.1900692880153656,1.0,1.0,1.0
rotation_consistent,test_seen,385,val:2008_001404:part_84,2008_001404,person,eye,eye,0.0,0.0,0.0,0.0027713626623153687,0.008880615234375,0.0,0.00010889768600463867
rotation_consistent,test_seen,386,val:2008_001404:part_85,2008_001404,person,torso,torso,0.42724287509918213,0.5986968278884888,0.06400000303983688,0.1983833760023117,1.0,1.0,1.0
rotation_consistent,test_seen,387,val:2008_001404:part_87,2008_001404,person,leg,leg,0.2591933608055115,0.411681592464447,0.08307372778654099,0.2678983807563782,1.0,1.0,1.0
rotation_consistent,test_seen,388,val:2008_001404:part_88,2008_001404,person,foot,foot,0.19374999403953552,0.32460734248161316,0.20000000298023224,0.06974595785140991,1.0,1.0,1.0
rotation_consistent,test_seen,389,val:2008_001404:part_89,2008_001404,person,nose,nose,0.0,0.0,0.0,0.006928406655788422,1.0,0.9814453125,1.0
rotation_consistent,test_seen,390,val:2008_001404:part_91,2008_001404,person,eyebrow,eyebrow,0.0,0.0,0.0,0.005542725324630737,0.0010118484497070312,0.0,7.152557373046875e-06
rotation_consistent,test_seen,391,val:2008_001404:part_92,2008_001404,person,mouth,mouth,0.0,0.0,0.0,0.0062355659902095795,1.0,0.998046875,1.0
rotation_consistent,test_seen,392,val:2008_001404:part_94,2008_001404,person,lower arm,lower arm,0.07377049326896667,0.13740457594394684,0.19854015111923218,0.023325635120272636,1.0,1.0,1.0
rotation_consistent,test_seen,393,val:2008_001404:part_95,2008_001404,person,upper arm,upper arm,0.4939434826374054,0.661261260509491,0.098737932741642,0.20161662995815277,1.0,0.9990234375,1.0
rotation_consistent,test_seen,394,val:2008_001404:part_96,2008_001404,person,hand,hand,0.0872092992067337,0.16042780876159668,0.3563941419124603,0.01939953863620758,1.0,0.99853515625,1.0
rotation_consistent,test_seen,395,val:2008_001433:part_43,2008_001433,cat,head,head,0.6645941138267517,0.7985059022903442,0.054044630378484726,0.19316831231117249,1.0,1.0,1.0
rotation_consistent,test_seen,396,val:2008_001433:part_44,2008_001433,cat,eye,eye,0.31612902879714966,0.4803921580314636,0.0,0.00900990143418312,0.008880615234375,0.0,0.00010889768600463867
rotation_consistent,test_seen,397,val:2008_001433:part_45,2008_001433,cat,torso,torso,0.8218954205513,0.902242124080658,0.06844444572925568,0.6554455161094666,1.0,1.0,1.0
rotation_consistent,test_seen,398,val:2008_001433:part_47,2008_001433,cat,leg,leg,0.3841201663017273,0.5550387501716614,0.20229007303714752,0.04990098997950554,1.0,1.0,1.0
rotation_consistent,test_seen,399,val:2008_001433:part_48,2008_001433,cat,nose,nose,0.30434781312942505,0.46666666865348816,0.0,0.002772277221083641,1.0,0.9814453125,1.0
rotation_consistent,test_seen,400,val:2008_001433:part_49,2008_001433,cat,paw,paw,0.5167464017868042,0.6813880205154419,0.3888888955116272,0.011782178655266762,1.0,0.99951171875,1.0
rotation_consistent,test_seen,401,val:2008_001433:part_50,2008_001433,cat,ear,ear,0.48165497183799744,0.6501580476760864,0.1912894994020462,0.07198020070791245,0.006877899169921875,0.0,6.920099258422852e-05
rotation_consistent,test_seen,402,val:2008_001491:part_83,2008_001491,person,head,head,0.2864864766597748,0.4453781545162201,0.0,0.02570480853319168,1.0,1.0,1.0
rotation_consistent,test_seen,403,val:2008_001491:part_84,2008_001491,person,eye,eye,0.0,0.0,0.0,0.003454947378486395,0.008880615234375,0.0,0.00010889768600463867
rotation_consistent,test_seen,404,val:2008_001491:part_85,2008_001491,person,torso,torso,0.3270062506198883,0.49284809827804565,0.06326974183320999,0.19098949432373047,1.0,1.0,1.0
rotation_consistent,test_seen,405,val:2008_001491:part_87,2008_001491,person,leg,leg,0.30780932307243347,0.47072508931159973,0.07704741507768631,0.09991708397865295,1.0,1.0,1.0
rotation_consistent,test_seen,406,val:2008_001491:part_88,2008_001491,person,foot,foot,0.22812192142009735,0.37149718403816223,0.32765400409698486,0.06716418266296387,1.0,1.0,1.0
rotation_consistent,test_seen,407,val:2008_001491:part_89,2008_001491,person,nose,nose,0.265625,0.4197530746459961,0.0,0.005389717873185873,1.0,0.9814453125,1.0
rotation_consistent,test_seen,408,val:2008_001491:part_90,2008_001491,person,ear,ear,0.0,0.0,0.0,0.00013819789455737919,0.006877899169921875,0.0,6.920099258422852e-05
rotation_consistent,test_seen,409,val:2008_001491:part_91,2008_001491,person,eyebrow,eyebrow,0.0,0.0,0.0,0.0009673853055574,0.0010118484497070312,0.0,7.152557373046875e-06
rotation_consistent,test_seen,410,val:2008_001491:part_92,2008_001491,person,mouth,mouth,0.0,0.0,0.0,0.002902155974879861,1.0,0.998046875,1.0
rotation_consistent,test_seen,411,val:2008_001491:part_93,2008_001491,person,hair,hair,0.7269503474235535,0.8418891429901123,0.03660321980714798,0.10751796513795853,1.0,0.958984375,1.0
rotation_consistent,test_seen,412,val:2008_001491:part_94,2008_001491,person,lower arm,lower arm,0.4636015295982361,0.6335078477859497,0.17578125,0.05223880708217621,1.0,1.0,1.0
rotation_consistent,test_seen,413,val:2008_001491:part_95,2008_001491,person,upper arm,upper arm,0.18240424990653992,0.30853110551834106,0.04817404970526695,0.07517965883016586,1.0,0.9990234375,1.0
rotation_consistent,test_seen,414,val:2008_001491:part_96,2008_001491,person,hand,hand,0.21882352232933044,0.35907337069511414,0.03658536449074745,0.026257600635290146,1.0,0.99853515625,1.0
rotation_consistent,test_seen,415,val:2008_001504:part_83,2008_001504,person,head,head,0.5116279125213623,0.6769230961799622,0.16326530277729034,0.027088481932878494,1.0,1.0,1.0
rotation_consistent,test_seen,416,val:2008_001504:part_84,2008_001504,person,eye,eye,0.0,0.0,0.23404255509376526,0.001581809250637889,0.008880615234375,0.0,0.00010889768600463867
rotation_consistent,test_seen,417,val:2008_001504:part_85,2008_001504,person,torso,torso,0.7991509437561035,0.8883645534515381,0.06158833205699921,0.30439940094947815,1.0,1.0,1.0
rotation_consistent,test_seen,418,val:2008_001504:part_86,2008_001504,person,neck,neck,0.6158536672592163,0.7622641324996948,0.0555555559694767,0.029263470321893692,1.0,1.0,1.0
rotation_consistent,test_seen,419,val:2008_001504:part_87,2008_001504,person,leg,leg,0.7276870608329773,0.8423829674720764,0.1114698052406311,0.3788433074951172,1.0,1.0,1.0
rotation_consistent,test_seen,420,val:2008_001504:part_89,2008_001504,person,nose,nose,0.19075144827365875,0.3203883469104767,0.36994218826293945,0.0032624814193695784,1.0,0.9814453125,1.0
rotation_consistent,test_seen,421,val:2008_001504:part_91,2008_001504,person,eyebrow,eyebrow,0.0,0.0,0.0,0.0003954523126594722,0.0010118484497070312,0.0,7.152557373046875e-06
rotation_consistent,test_seen,422,val:2008_001504:part_92,2008_001504,person,mouth,mouth,0.20720720291137695,0.34328359365463257,0.2432432472705841,0.0022738506086170673,1.0,0.998046875,1.0
rotation_consistent,test_seen,423,val:2008_001504:part_93,2008_001504,person,hair,hair,0.6212710738182068,0.7663999795913696,0.18313953280448914,0.05556104704737663,1.0,0.958984375,1.0
rotation_consistent,test_seen,424,val:2008_001504:part_94,2008_001504,person,lower arm,lower arm,0.3700088858604431,0.5401554107666016,0.282752126455307,0.047750864177942276,1.0,1.0,1.0
rotation_consistent,test_seen,425,val:2008_001504:part_95,2008_001504,person,upper arm,upper arm,0.6215847134590149,0.7666385769844055,0.11240310221910477,0.1071675717830658,1.0,0.9990234375,1.0
rotation_consistent,test_seen,426,val:2008_001504:part_96,2008_001504,person,hand,hand,0.5979021191596985,0.7483588457107544,0.27659574151039124,0.039248641580343246,1.0,0.99853515625,1.0
rotation_consistent,test_seen,427,val:2008_001513:part_42,2008_001513,cat,tail,tail,0.5168869495391846,0.6815101504325867,0.028259791433811188,0.212323397397995,1.0,0.89892578125,1.0
rotation_consistent,test_seen,428,val:2008_001513:part_43,2008_001513,cat,head,head,0.471048504114151,0.6404255032539368,0.06623586267232895,0.06299058347940445,1.0,1.0,1.0
rotation_consistent,test_seen,429,val:2008_001513:part_45,2008_001513,cat,torso,torso,0.564764142036438,0.7218521237373352,0.10138490051031113,0.42719781398773193,1.0,1.0,1.0
rotation_consistent,test_seen,430,val:2008_001513:part_46,2008_001513,cat,neck,neck,0.359375,0.5287356376647949,0.0,0.030808476731181145,1.0,1.0,1.0
rotation_consistent,test_seen,431,val:2008_001513:part_47,2008_001513,cat,leg,leg,0.6252285242080688,0.7694038152694702,0.0,0.1895604431629181,1.0,1.0,1.0
rotation_consistent,test_seen,432,val:2008_001513:part_49,2008_001513,cat,paw,paw,0.5255972743034363,0.6890380382537842,0.05045871436595917,0.04493720456957817,1.0,0.99951171875,1.0
rotation_consistent,test_seen,433,val:2008_001513:part_50,2008_001513,cat,ear,ear,0.36231884360313416,0.5319148898124695,0.4754098355770111,0.01295133400708437,0.006877899169921875,0.0,6.920099258422852e-05
rotation_consistent,test_seen,434,val:2008_001531:part_83,2008_001531,person,head,head,0.6283422708511353,0.7717570066452026,0.0,0.18042117357254028,1.0,1.0,1.0
rotation_consistent,test_seen,435,val:2008_001531:part_85,2008_001531,person,torso,torso,0.4057480990886688,0.577269971370697,0.012867647223174572,0.16363118588924408,1.0,1.0,1.0
rotation_consistent,test_seen,436,val:2008_001531:part_86,2008_001531,person,neck,neck,0.23333333432674408,0.37837839126586914,0.0,0.008252703584730625,1.0,1.0,1.0
rotation_consistent,test_seen,437,val:2008_001531:part_87,2008_001531,person,leg,leg,0.6390243768692017,0.7797619104385376,0.215023472905159,0.2706317603588104,1.0,1.0,1.0
rotation_consistent,test_seen,438,val:2008_001531:part_88,2008_001531,person,foot,foot,0.0,0.0,0.0,0.02646556682884693,1.0,1.0,1.0
rotation_consistent,test_seen,439,val:2008_001531:part_89,2008_001531,person,nose,nose,0.6200000047683716,0.7654321193695068,0.0,0.009675583802163601,1.0,0.9814453125,1.0
rotation_consistent,test_seen,440,val:2008_001531:part_92,2008_001531,person,mouth,mouth,0.0,0.0,0.0,0.0008537279209122062,1.0,0.998046875,1.0
rotation_consistent,test_seen,441,val:2008_001531:part_94,2008_001531,person,lower arm,lower arm,0.30890053510665894,0.47200000286102295,0.45041322708129883,0.07342060655355453,1.0,1.0,1.0
rotation_consistent,test_seen,442,val:2008_001531:part_95,2008_001531,person,upper arm,upper arm,0.41447368264198303,0.5860465168952942,0.140816330909729,0.22766079008579254,1.0,0.9990234375,1.0
rotation_consistent,test_seen,443,val:2008_001531:part_96,2008_001531,person,hand,hand,0.22727273404598236,0.37037035822868347,0.6628571152687073,0.03471827134490013,1.0,0.99853515625,1.0
rotation_consistent,test_seen,444,val:2008_001546:part_0,2008_001546,aeroplane,body,body,0.7157139182090759,0.8343045115470886,0.06274407356977463,0.536594569683075,1.0,1.0,1.0
rotation_consistent,test_seen,445,val:2008_001546:part_1,2008_001546,aeroplane,stern,stern,0.7973300814628601,0.8872383236885071,0.09025973826646805,0.267544686794281,1.0,1.0,1.0
rotation_consistent,test_seen,446,val:2008_001546:part_2,2008_001546,aeroplane,wing,wing,0.3606370985507965,0.5301003456115723,0.0,0.06509877741336823,0.99853515625,0.00031757354736328125,0.962890625
rotation_consistent,test_seen,447,val:2008_001546:part_4,2008_001546,aeroplane,engine,engine,0.4901365637779236,0.657841145992279,0.05616224557161331,0.06415804475545883,1.0,0.99951171875,1.0
rotation_consistent,test_seen,448,val:2008_001546:part_5,2008_001546,aeroplane,wheel,wheel,0.2830188572406769,0.44117647409439087,0.4971751272678375,0.030667921528220177,1.0,0.9990234375,1.0
rotation_consistent,test_seen,449,val:2008_001547:part_83,2008_001547,person,head,head,0.7352941036224365,0.8474576473236084,0.035555556416511536,0.06037251278758049,1.0,1.0,1.0
rotation_consistent,test_seen,450,val:2008_001547:part_84,2008_001547,person,eye,eye,0.0,0.0,0.0,0.001605651923455298,0.008880615234375,0.0,0.00010889768600463867
rotation_consistent,test_seen,451,val:2008_001547:part_85,2008_001547,person,torso,torso,0.3141762316226959,0.4781341254711151,0.050833333283662796,0.16538214683532715,1.0,1.0,1.0
rotation_consistent,test_seen,452,val:2008_001547:part_86,2008_001547,person,neck,neck,0.15730337798595428,0.27184465527534485,0.0,0.005780346691608429,1.0,1.0,1.0
rotation_consistent,test_seen,453,val:2008_001547:part_87,2008_001547,person,leg,leg,0.6081967353820801,0.756371021270752,0.17381738126277924,0.3612716794013977,1.0,1.0,1.0
rotation_consistent,test_seen,454,val:2008_001547:part_88,2008_001547,person,foot,foot,0.35396039485931396,0.5228519439697266,0.4753246605396271,0.05202312022447586,1.0,1.0,1.0
rotation_consistent,test_seen,455,val:2008_001547:part_89,2008_001547,person,nose,nose,0.0,0.0,0.0,0.0019267823081463575,1.0,0.9814453125,1.0
rotation_consistent,test_seen,456,val:2008_001547:part_90,2008_001547,person,ear,ear,0.0,0.0,0.0,0.0006422607693821192,0.006877899169921875,0.0,6.920099258422852e-05
rotation_consistent,test_seen,457,val:2008_001547:part_91,2008_001547,person,eyebrow,eyebrow,0.0,0.0,0.0,0.0012845215387642384,0.0010118484497070312,0.0,7.152557373046875e-06
rotation_consistent,test_seen,458,val:2008_001547:part_92,2008_001547,person,mouth,mouth,0.0,0.0,0.0,0.0006422607693821192,1.0,0.998046875,1.0
rotation_consistent,test_seen,459,val:2008_001547:part_93,2008_001547,person,hair,hair,0.21551723778247833,0.3546099364757538,0.02500000037252903,0.019588952884078026,1.0,0.958984375,1.0
rotation_consistent,test_seen,460,val:2008_001547:part_94,2008_001547,person,lower arm,lower arm,0.331499308347702,0.49793389439582825,0.04179104417562485,0.09569685161113739,1.0,1.0,1.0
rotation_consistent,test_seen,461,val:2008_001547:part_95,2008_001547,person,upper arm,upper arm,0.48242810368537903,0.6508620977401733,0.125,0.13102120161056519,1.0,0.9990234375,1.0
rotation_consistent,test_seen,462,val:2008_001547:part_96,2008_001547,person,hand,hand,0.0,0.0,0.0,0.05427103489637375,1.0,0.99853515625,1.0
rotation_consistent,test_seen,463,val:2008_001629:part_83,2008_001629,person,head,head,0.0,0.0,0.152322918176651,0.02155251055955887,1.0,1.0,1.0
rotation_consistent,test_seen,464,val:2008_001629:part_84,2008_001629,person,eye,eye,0.0,0.0,0.0,0.0010045662056654692,0.008880615234375,0.0,0.00010889768600463867
rotation_consistent,test_seen,465,val:2008_001629:part_89,2008_001629,person,nose,nose,0.014388489536941051,0.028368793427944183,0.514018714427948,0.003105022944509983,1.0,0.9814453125,1.0
rotation_consistent,test_seen,466,val:2008_001629:part_91,2008_001629,person,eyebrow,eyebrow,0.0,0.0,0.0,0.0018264839891344309,0.0010118484497070312,0.0,7.152557373046875e-06
rotation_consistent,test_seen,467,val:2008_001629:part_92,2008_001629,person,mouth,mouth,0.0,0.0,0.5064935088157654,0.001095890416763723,1.0,0.998046875,1.0
rotation_consistent,test_seen,468,val:2008_001629:part_93,2008_001629,person,hair,hair,0.0,0.0,0.15389186143875122,0.03607305884361267,1.0,0.958984375,1.0
rotation_consistent,test_seen,469,val:2008_001629:part_94,2008_001629,person,lower arm,lower arm,0.0,0.0,0.06378132104873657,0.019817352294921875,1.0,1.0,1.0
rotation_consistent,test_seen,470,val:2008_001629:part_96,2008_001629,person,hand,hand,0.0,0.0,0.0,0.02602739818394184,1.0,0.99853515625,1.0
rotation_consistent,test_seen,471,val:2008_001640:part_42,2008_001640,cat,tail,tail,0.5152542591094971,0.6800894737243652,0.42075473070144653,0.06565656512975693,1.0,0.89892578125,1.0
rotation_consistent,test_seen,472,val:2008_001640:part_43,2008_001640,cat,head,head,0.6666666865348816,0.800000011920929,0.14237968623638153,0.19101731479167938,1.0,1.0,1.0
rotation_consistent,test_seen,473,val:2008_001640:part_44,2008_001640,cat,eye,eye,0.328125,0.4941176474094391,0.044692736119031906,0.013708514161407948,0.008880615234375,0.0,0.00010889768600463867
rotation_consistent,test_seen,474,val:2008_001640:part_45,2008_001640,cat,torso,torso,0.8077858686447144,0.8936743140220642,0.0766921415925026,0.5452741980552673,1.0,1.0,1.0
rotation_consistent,test_seen,475,val:2008_001640:part_46,2008_001640,cat,neck,neck,0.4453781545162201,0.6162790656089783,0.012987012974917889,0.040764790028333664,1.0,1.0,1.0
rotation_consistent,test_seen,476,val:2008_001640:part_47,2008_001640,cat,leg,leg,0.08397933095693588,0.15494637191295624,0.05756791681051254,0.02380952425301075,1.0,1.0,1.0
rotation_consistent,test_seen,477,val:2008_001640:part_48,2008_001640,cat,nose,nose,0.2950819730758667,0.4556961953639984,0.0,0.0037878789007663727,1.0,0.9814453125,1.0
rotation_consistent,test_seen,478,val:2008_001640:part_49,2008_001640,cat,paw,paw,0.3333333432674408,0.5,0.3125,0.04040404036641121,1.0,0.99951171875,1.0
rotation_consistent,test_seen,479,val:2008_001640:part_50,2008_001640,cat,ear,ear,0.46689894795417786,0.6365795731544495,0.4159812033176422,0.07431457191705704,0.006877899169921875,0.0,6.920099258422852e-05
rotation_consistent,test_seen,480,val:2008_001682:part_70,2008_001682,horse,tail,tail,0.20202019810676575,0.3361344635486603,0.395256906747818,0.10040522366762161,1.0,0.89892578125,1.0
rotation_consistent,test_seen,481,val:2008_001682:part_71,2008_001682,horse,head,head,0.3046875,0.46706587076187134,0.15040650963783264,0.03962179273366928,1.0,1.0,1.0
rotation_consistent,test_seen,482,val:2008_001682:part_72,2008_001682,horse,eye,eye,0.0,0.0,0.0,0.000450247636763379,0.008880615234375,0.0,0.00010889768600463867
rotation_consistent,test_seen,483,val:2008_001682:part_73,2008_001682,horse,torso,torso,0.6797274351119995,0.8093306422233582,0.14556962251663208,0.5493021011352539,1.0,1.0,1.0
rotation_consistent,test_seen,484,val:2008_001682:part_74,2008_001682,horse,neck,neck,0.6643356680870056,0.7983193397521973,0.09929078072309494,0.08734804391860962,1.0,1.0,1.0
rotation_consistent,test_seen,485,val:2008_001682:part_75,2008_001682,horse,leg,leg,0.37793102860450745,0.5485485196113586,0.3121117949485779,0.15983791649341583,1.0,1.0,1.0
rotation_consistent,test_seen,486,val:2008_001682:part_76,2008_001682,horse,ear,ear,0.10958904027938843,0.1975308656692505,0.5,0.008554705418646336,0.006877899169921875,0.0,6.920099258422852e-05
rotation_consistent,test_seen,487,val:2008_001682:part_77,2008_001682,horse,muzzle,muzzle,0.3030303120613098,0.4651162922382355,0.10588235408067703,0.01981089636683464,1.0,0.99951171875,1.0
rotation_consistent,test_seen,488,val:2008_001688:part_97,2008_001688,pottedplant,pot,pot,0.0,0.0,0.0,0.17227722704410553,1.0,1.0,1.0
rotation_consistent,test_seen,489,val:2008_001688:part_98,2008_001688,pottedplant,plant,plant,0.0,0.0,0.5714285969734192,0.18613861501216888,1.0,1.0,1.0
rotation_consistent,test_seen,490,val:2008_001821:part_83,2008_001821,person,head,head,0.751783013343811,0.8583060503005981,0.026964856311678886,0.5627787709236145,1.0,1.0,1.0
rotation_consistent,test_seen,491,val:2008_001821:part_84,2008_001821,person,eye,eye,0.19148936867713928,0.3214285671710968,0.0,0.0074024866335093975,0.008880615234375,0.0,0.00010889768600463867
rotation_consistent,test_seen,492,val:2008_001821:part_85,2008_001821,person,torso,torso,0.2545188069343567,0.4057632386684418,0.17091836035251617,0.05770143121480942,1.0,1.0,1.0
rotation_consistent,test_seen,493,val:2008_001821:part_86,2008_001821,person,neck,neck,0.7265446186065674,0.8416169881820679,0.0460251048207283,0.1503274142742157,1.0,1.0,1.0
rotation_consistent,test_seen,494,val:2008_001821:part_89,2008_001821,person,nose,nose,0.6454690098762512,0.7845410704612732,0.0,0.039195217192173004,1.0,0.9814453125,1.0
rotation_consistent,test_seen,495,val:2008_001821:part_90,2008_001821,person,ear,ear,0.6009975075721741,0.7507787942886353,0.32786884903907776,0.026193413883447647,0.006877899169921875,0.0,6.920099258422852e-05
rotation_consistent,test_seen,496,val:2008_001821:part_91,2008_001821,person,eyebrow,eyebrow,0.22601279616355896,0.3686956465244293,0.0,0.015754010528326035,0.0010118484497070312,0.0,7.152557373046875e-06
rotation_consistent,test_seen,497,val:2008_001821:part_92,2008_001821,person,mouth,mouth,0.44155845046043396,0.6126126050949097,0.0,0.017177565023303032,1.0,0.998046875,1.0
rotation_consistent,test_seen,498,val:2008_001821:part_93,2008_001821,person,hair,hair,0.7216556668281555,0.8383275270462036,0.09290646761655807,0.12119199335575104,1.0,0.958984375,1.0
rotation_consistent,test_seen,499,val:2008_001874:part_83,2008_001874,person,head,head,0.49168646335601807,0.6592356562614441,0.0,0.037968676537275314,1.0,1.0,1.0
rotation_consistent,test_seen,500,val:2008_001874:part_84,2008_001874,person,eye,eye,0.0,0.0,0.0,0.0009492168901488185,0.008880615234375,0.0,0.00010889768600463867
rotation_consistent,test_seen,501,val:2008_001874:part_85,2008_001874,person,torso,torso,0.7018544673919678,0.8248113989830017,0.0711328536272049,0.33459895849227905,1.0,1.0,1.0
rotation_consistent,test_seen,502,val:2008_001874:part_86,2008_001874,person,neck,neck,0.20676691830158234,0.34267911314964294,0.0422535203397274,0.02831830456852913,1.0,1.0,1.0
rotation_consistent,test_seen,503,val:2008_001874:part_87,2008_001874,person,leg,leg,0.009478673338890076,0.018779342994093895,0.29950493574142456,0.006960923783481121,1.0,1.0,1.0
rotation_consistent,test_seen,504,val:2008_001874:part_89,2008_001874,person,nose,nose,0.13533835113048553,0.2384105920791626,0.0,0.0028476507868617773,1.0,0.9814453125,1.0
rotation_consistent,test_seen,505,val:2008_001874:part_90,2008_001874,person,ear,ear,0.0,0.0,1.0,0.0034804618917405605,0.006877899169921875,0.0,6.920099258422852e-05
rotation_consistent,test_seen,506,val:2008_001874:part_91,2008_001874,person,eyebrow,eyebrow,0.0,0.0,0.0,0.0015820281114429235,0.0010118484497070312,0.0,7.152557373046875e-06
rotation_consistent,test_seen,507,val:2008_001874:part_92,2008_001874,person,mouth,mouth,0.20588235557079315,0.3414634168148041,0.1428571492433548,0.0020566366147249937,1.0,0.998046875,1.0
rotation_consistent,test_seen,508,val:2008_001874:part_93,2008_001874,person,hair,hair,0.7065767049789429,0.8280632495880127,0.03773584961891174,0.07625375688076019,1.0,0.958984375,1.0
rotation_consistent,test_seen,509,val:2008_001874:part_94,2008_001874,person,lower arm,lower arm,0.2527472674846649,0.4035087823867798,0.1465517282485962,0.0528397411108017,1.0,1.0,1.0
rotation_consistent,test_seen,510,val:2008_001874:part_95,2008_001874,person,upper arm,upper arm,0.4728682041168213,0.6421052813529968,0.25,0.09239044785499573,1.0,0.9990234375,1.0
rotation_consistent,test_seen,511,val:2008_001874:part_96,2008_001874,person,hand,hand,0.38343557715415955,0.5543237328529358,0.2578616440296173,0.04208194836974144,1.0,0.99853515625,1.0
rotation_consistent,test_seen,512,val:2008_001885:part_43,2008_001885,cat,head,head,0.6507785320281982,0.7884504199028015,0.1360025405883789,0.15162508189678192,1.0,1.0,1.0
rotation_consistent,test_seen,513,val:2008_001885:part_45,2008_001885,cat,torso,torso,0.8529980778694153,0.9206680655479431,0.03250528499484062,0.7199230194091797,1.0,1.0,1.0
rotation_consistent,test_seen,514,val:2008_001885:part_46,2008_001885,cat,neck,neck,0.2222687304019928,0.3636986315250397,0.03358522430062294,0.03983119875192642,1.0,1.0,1.0
rotation_consistent,test_seen,515,val:2008_001885:part_47,2008_001885,cat,leg,leg,0.2108820527791977,0.34831148386001587,0.018922852352261543,0.06181979551911354,1.0,1.0,1.0
rotation_consistent,test_seen,516,val:2008_001885:part_48,2008_001885,cat,nose,nose,0.0,0.0,0.8387096524238586,7.403568451991305e-05,1.0,0.9814453125,1.0
rotation_consistent,test_seen,517,val:2008_001885:part_50,2008_001885,cat,ear,ear,0.4910179674625397,0.6586345434188843,0.1538461595773697,0.015695564448833466,0.006877899169921875,0.0,6.920099258422852e-05
rotation_consistent,test_seen,518,val:2008_001895:part_85,2008_001895,person,torso,torso,0.00032770767575129867,0.0006552006816491485,0.03162897378206253,0.00020454080367926508,1.0,1.0,1.0
rotation_consistent,test_seen,519,val:2008_001966:part_97,2008_001966,pottedplant,pot,pot,0.7532766461372375,0.8592787384986877,0.10739219933748245,0.9562654495239258,1.0,1.0,1.0
rotation_consistent,test_seen,520,val:2008_001971:part_0,2008_001971,aeroplane,body,body,0.41299018263816833,0.5845620036125183,0.3934949040412903,0.5843230485916138,1.0,1.0,1.0
rotation_consistent,test_seen,521,val:2008_001971:part_1,2008_001971,aeroplane,stern,stern,0.34690552949905396,0.5151148438453674,0.45840129256248474,0.16943784058094025,1.0,1.0,1.0
rotation_consistent,test_seen,522,val:2008_001971:part_2,2008_001971,aeroplane,wing,wing,0.18200409412384033,0.3079584836959839,0.25357872247695923,0.07046714425086975,0.99853515625,0.00031757354736328125,0.962890625
rotation_consistent,test_seen,523,val:2008_001971:part_4,2008_001971,aeroplane,engine,engine,0.1840796023607254,0.31092438101768494,0.28804346919059753,0.04275534301996231,1.0,0.99951171875,1.0
rotation_consistent,test_seen,524,val:2008_001992:part_71,2008_001992,horse,head,head,0.023752063512802124,0.0464019849896431,0.01550387591123581,0.4337726831436157,1.0,1.0,1.0
rotation_consistent,test_seen,525,val:2008_001992:part_72,2008_001992,horse,eye,eye,0.0765027329325676,0.1421319842338562,0.0,0.005346114747226238,0.008880615234375,0.0,0.00010889768600463867
rotation_consistent,test_seen,526,val:2008_001992:part_76,2008_001992,horse,ear,ear,0.18820224702358246,0.3167848587036133,0.1917148381471634,0.02129228413105011,0.006877899169921875,0.0,6.920099258422852e-05
rotation_consistent,test_seen,527,val:2008_002152:part_42,2008_002152,cat,tail,tail,0.0,0.0,0.0,0.006732327863574028,1.0,0.89892578125,1.0
rotation_consistent,test_seen,528,val:2008_002152:part_43,2008_002152,cat,head,head,0.23777402937412262,0.3841961920261383,0.05882352963089943,0.05335992947220802,1.0,1.0,1.0
rotation_consistent,test_seen,529,val:2008_002152:part_44,2008_002152,cat,eye,eye,0.0,0.0,0.0,0.0011220546439290047,0.008880615234375,0.0,0.00010889768600463867
rotation_consistent,test_seen,530,val:2008_002152:part_45,2008_002152,cat,torso,torso,0.16450342535972595,0.28252974152565,0.07932094484567642,0.1436229944229126,1.0,1.0,1.0
rotation_consistent,test_seen,531,val:2008_002152:part_46,2008_002152,cat,neck,neck,0.13645224273204803,0.2401372194290161,0.05263157933950424,0.022939782589673996,1.0,1.0,1.0
rotation_consistent,test_seen,532,val:2008_002152:part_47,2008_002152,cat,leg,leg,0.10260869562625885,0.18611986935138702,0.0731707289814949,0.014960727654397488,1.0,1.0,1.0
rotation_consistent,test_seen,533,val:2008_002152:part_48,2008_002152,cat,nose,nose,0.0,0.0,0.0,0.0007480364292860031,1.0,0.9814453125,1.0
rotation_consistent,test_seen,534,val:2008_002152:part_49,2008_002152,cat,paw,paw,0.3173076808452606,0.48175182938575745,0.0,0.00835307314991951,1.0,0.99951171875,1.0
rotation_consistent,test_seen,535,val:2008_002152:part_50,2008_002152,cat,ear,ear,0.12320328503847122,0.21937842667102814,0.4987013041973114,0.020196983590722084,0.006877899169921875,0.0,6.920099258422852e-05
rotation_consistent,test_seen,536,val:2008_002205:part_22,2008_002205,bus,wheel,wheel,0.6362228989601135,0.7776726484298706,0.07436709105968475,0.05105411633849144,1.0,0.9990234375,1.0
rotation_consistent,test_seen,537,val:2008_002205:part_25,2008_002205,bus,side,side,0.7054475545883179,0.8272873163223267,0.04227353632450104,0.6513904929161072,1.0,1.0,1.0
rotation_consistent,test_seen,538,val:2008_002205:part_28,2008_002205,bus,mirror,mirror,0.0,0.0,0.0,0.002042164793238044,0.013275146484375,0.0,0.00027370452880859375
rotation_consistent,test_seen,539,val:2008_002205:part_30,2008_002205,bus,door,door,0.5569917559623718,0.7154716849327087,0.01216163206845522,0.08565078675746918,1.0,0.9990234375,1.0
rotation_consistent,test_seen,540,val:2008_002205:part_31,2008_002205,bus,window,window,0.5519621968269348,0.7113088369369507,0.0065442644990980625,0.18265360593795776,1.0,0.935546875,1.0
rotation_consistent,test_seen,541,val:2008_002212:part_83,2008_002212,person,head,head,0.0,0.0,0.4722222089767456,0.024706609547138214,1.0,1.0,1.0
rotation_consistent,test_seen,542,val:2008_002212:part_84,2008_002212,person,eye,eye,0.0,0.0,0.0,0.0012353304773569107,0.008880615234375,0.0,0.00010889768600463867
rotation_consistent,test_seen,543,val:2008_002212:part_85,2008_002212,person,torso,torso,0.22583140432834625,0.368454247713089,0.1537848562002182,0.20382952690124512,1.0,1.0,1.0
rotation_consistent,test_seen,544,val:2008_002212:part_89,2008_002212,person,nose,nose,0.0,0.0,0.0,0.0006176652386784554,1.0,0.9814453125,1.0
rotation_consistent,test_seen,545,val:2008_002212:part_90,2008_002212,person,ear,ear,0.0,0.0,0.0,0.0043236566707491875,0.006877899169921875,0.0,6.920099258422852e-05
rotation_consistent,test_seen,546,val:2008_002212:part_92,2008_002212,person,mouth,mouth,0.0,0.0,0.0,0.0012353304773569107,1.0,0.998046875,1.0
rotation_consistent,test_seen,547,val:2008_002212:part_93,2008_002212,person,hair,hair,0.01764705963432789,0.034682080149650574,0.6016260385513306,0.061766523867845535,1.0,0.958984375,1.0
rotation_consistent,test_seen,548,val:2008_002212:part_94,2008_002212,person,lower arm,lower arm,0.0,0.0,0.3346080183982849,0.045089561492204666,1.0,1.0,1.0
rotation_consistent,test_seen,549,val:2008_002212:part_95,2008_002212,person,upper arm,upper arm,0.1554524302482605,0.26907631754875183,0.14394904673099518,0.13032735884189606,1.0,0.9990234375,1.0
rotation_consistent,test_seen,550,val:2008_002212:part_96,2008_002212,person,hand,hand,0.03932584449648857,0.07567567378282547,0.5727553963661194,0.029030265286564827,1.0,0.99853515625,1.0
rotation_consistent,test_seen,551,val:2008_002241:part_85,2008_002241,person,torso,torso,0.4285714328289032,0.6000000238418579,0.1207464337348938,0.1853131800889969,1.0,1.0,1.0
rotation_consistent,test_seen,552,val:2008_002241:part_86,2008_002241,person,neck,neck,0.07619047909975052,0.14159291982650757,0.42307692766189575,0.003887688973918557,1.0,1.0,1.0
rotation_consistent,test_seen,553,val:2008_002241:part_87,2008_002241,person,leg,leg,0.07082153111696243,0.13227513432502747,0.3885209858417511,0.1308855265378952,1.0,1.0,1.0
rotation_consistent,test_seen,554,val:2008_002241:part_88,2008_002241,person,foot,foot,0.13953489065170288,0.2448979616165161,0.6363636255264282,0.006911447271704674,1.0,1.0,1.0
rotation_consistent,test_seen,555,val:2008_002241:part_93,2008_002241,person,hair,hair,0.23333333432674408,0.37837839126586914,0.6460674405097961,0.019006479531526566,1.0,0.958984375,1.0
rotation_consistent,test_seen,556,val:2008_002241:part_94,2008_002241,person,lower arm,lower arm,0.0,0.0,0.8235294222831726,0.008639308623969555,1.0,1.0,1.0
rotation_consistent,test_seen,557,val:2008_002241:part_95,2008_002241,person,upper arm,upper arm,0.16949152946472168,0.28985506296157837,0.0714285746216774,0.039308853447437286,1.0,0.9990234375,1.0
rotation_consistent,test_seen,558,val:2008_002241:part_96,2008_002241,person,hand,hand,0.0,0.0,0.0,0.0004319654544815421,1.0,0.99853515625,1.0
rotation_consistent,test_seen,559,val:2008_002269:part_6,2008_002269,bicycle,wheel,wheel,0.23948471248149872,0.38642624020576477,0.531815767288208,0.45329567790031433,1.0,0.9990234375,1.0
rotation_consistent,test_seen,560,val:2008_002269:part_7,2008_002269,bicycle,saddle,saddle,0.0,0.0,0.0,0.03879472613334656,1.0,0.99951171875,1.0
rotation_consistent,test_seen,561,val:2008_002269:part_8,2008_002269,bicycle,handlebar,handlebar,0.18625827133655548,0.31402650475502014,0.5625,0.05593220517039299,1.0,1.0,1.0
rotation_consistent,test_seen,562,val:2008_002269:part_9,2008_002269,bicycle,chainwheel,chainwheel,0.6305418610572815,0.773413896560669,0.0796460211277008,0.06082862615585327,1.0,0.99462890625,1.0
rotation_consistent,test_seen,563,val:2008_002273:part_97,2008_002273,pottedplant,pot,pot,0.7443451881408691,0.8534379601478577,0.13973547518253326,0.8737863898277283,1.0,1.0,1.0
rotation_consistent,test_seen,564,val:2008_002273:part_98,2008_002273,pottedplant,plant,plant,0.20877905189990997,0.3454379141330719,0.0051641459576785564,0.12488967180252075,1.0,1.0,1.0
rotation_consistent,test_seen,565,val:2008_002358:part_0,2008_002358,aeroplane,body,body,0.7828366160392761,0.8781922459602356,0.05280046537518501,0.5868808031082153,1.0,1.0,1.0
rotation_consistent,test_seen,566,val:2008_002358:part_1,2008_002358,aeroplane,stern,stern,0.6200221180915833,0.7654489874839783,0.1578054279088974,0.22465170919895172,1.0,1.0,1.0
rotation_consistent,test_seen,567,val:2008_002358:part_2,2008_002358,aeroplane,wing,wing,0.33552631735801697,0.5024630427360535,0.0013280212879180908,0.05069659277796745,0.99853515625,0.00031757354736328125,0.962890625
rotation_consistent,test_seen,568,val:2008_002358:part_3,2008_002358,aeroplane,tail,tail,0.0,0.0,0.0,0.0001934984466060996,1.0,0.89892578125,1.0
rotation_consistent,test_seen,569,val:2008_002358:part_5,2008_002358,aeroplane,wheel,wheel,0.30158731341362,0.46341463923454285,0.25925925374031067,0.010642414912581444,1.0,0.9990234375,1.0
rotation_consistent,test_seen,570,val:2008_002379:part_97,2008_002379,pottedplant,pot,pot,0.8620991706848145,0.9259433746337891,0.07012895494699478,0.6507666110992432,1.0,1.0,1.0
rotation_consistent,test_seen,571,val:2008_002379:part_98,2008_002379,pottedplant,plant,plant,0.36713796854019165,0.5370898842811584,0.26807937026023865,0.3453020453453064,1.0,1.0,1.0
rotation_consistent,test_seen,572,val:2008_002464:part_115,2008_002464,tvmonitor,screen,screen,0.8961849212646484,0.9452505707740784,0.0,0.5586797595024109,1.0,0.99951171875,1.0
rotation_consistent,test_seen,573,val:2008_002467:part_20,2008_002467,bottle,body,body,0.3941853940486908,0.5654705762863159,0.0729711726307869,0.3964073061943054,1.0,1.0,1.0
rotation_consistent,test_seen,574,val:2008_002467:part_21,2008_002467,bottle,cap,cap,0.197378009557724,0.32968369126319885,0.28282010555267334,0.03816083446145058,1.0,0.98876953125,1.0
rotation_consistent,test_seen,575,val:2008_002495:part_83,2008_002495,person,head,head,0.23999999463558197,0.3870967626571655,0.41228070855140686,0.01335070002824068,1.0,1.0,1.0
rotation_consistent,test_seen,576,val:2008_002495:part_84,2008_002495,person,eye,eye,0.0,0.0,0.0,0.0013025073567405343,0.008880615234375,0.0,0.00010889768600463867
rotation_consistent,test_seen,577,val:2008_002495:part_85,2008_002495,person,torso,torso,0.2085561454296112,0.3451327383518219,0.08593012392520905,0.096711166203022,1.0,1.0,1.0
rotation_consistent,test_seen,578,val:2008_002495:part_87,2008_002495,person,leg,leg,0.34657320380210876,0.5147483944892883,0.4726775884628296,0.20547053217887878,1.0,1.0,1.0
rotation_consistent,test_seen,579,val:2008_002495:part_88,2008_002495,person,foot,foot,0.22039473056793213,0.3611859977245331,0.6309962868690491,0.03256268426775932,1.0,1.0,1.0
rotation_consistent,test_seen,580,val:2008_002495:part_89,2008_002495,person,nose,nose,0.0,0.0,0.0,0.0009768805466592312,1.0,0.9814453125,1.0
rotation_consistent,test_seen,581,val:2008_002495:part_92,2008_002495,person,mouth,mouth,0.0,0.0,0.0,0.0009768805466592312,1.0,0.998046875,1.0
rotation_consistent,test_seen,582,val:2008_002495:part_93,2008_002495,person,hair,hair,0.09340659528970718,0.17085427045822144,0.5392156839370728,0.031585801392793655,1.0,0.958984375,1.0
rotation_consistent,test_seen,583,val:2008_002495:part_94,2008_002495,person,lower arm,lower arm,0.012106537818908691,0.023923445492982864,0.20365534722805023,0.011396938934922218,1.0,1.0,1.0
rotation_consistent,test_seen,584,val:2008_002495:part_95,2008_002495,person,upper arm,upper arm,0.1082802563905716,0.19540229439735413,0.27914613485336304,0.028329534456133842,1.0,0.9990234375,1.0
rotation_consistent,test_seen,585,val:2008_002495:part_96,2008_002495,person,hand,hand,0.03781512752175331,0.07287449389696121,0.44680851697921753,0.003907522186636925,1.0,0.99853515625,1.0
rotation_consistent,test_seen,586,val:2008_002588:part_83,2008_002588,person,head,head,0.6158663630485535,0.762273907661438,0.11332595348358154,0.24958080053329468,1.0,1.0,1.0
rotation_consistent,test_seen,587,val:2008_002588:part_85,2008_002588,person,torso,torso,0.27893519401550293,0.4361990988254547,0.06844547390937805,0.03134270757436752,1.0,1.0,1.0
rotation_consistent,test_seen,588,val:2008_002588:part_86,2008_002588,person,neck,neck,0.6811245083808899,0.8103201389312744,0.07247556746006012,0.2231394350528717,1.0,1.0,1.0
rotation_consistent,test_seen,589,val:2008_002588:part_90,2008_002588,person,ear,ear,0.4512471556663513,0.621874988079071,0.0,0.03160066902637482,0.006877899169921875,0.0,6.920099258422852e-05
rotation_consistent,test_seen,590,val:2008_002588:part_91,2008_002588,person,eyebrow,eyebrow,0.0,0.0,0.0,0.0009028763161040843,0.0010118484497070312,0.0,7.152557373046875e-06
rotation_consistent,test_seen,591,val:2008_002588:part_93,2008_002588,person,hair,hair,0.8741098642349243,0.9328266978263855,0.022613726556301117,0.4599509835243225,1.0,0.958984375,1.0
rotation_consistent,test_seen,592,val:2008_002623:part_43,2008_002623,cat,head,head,0.6317934989929199,0.7743546962738037,0.190769225358963,0.11176470667123795,1.0,1.0,1.0
rotation_consistent,test_seen,593,val:2008_002623:part_45,2008_002623,cat,torso,torso,0.7553957104682922,0.8606557250022888,0.1819494515657425,0.8559837937355042,1.0,1.0,1.0
rotation_consistent,test_seen,594,val:2008_002623:part_50,2008_002623,cat,ear,ear,0.20212766528129578,0.3362831771373749,0.4932885766029358,0.031237322837114334,0.006877899169921875,0.0,6.920099258422852e-05
rotation_consistent,test_seen,595,val:2008_002680:part_115,2008_002680,tvmonitor,screen,screen,0.8449529409408569,0.915961503982544,0.002269469667226076,0.617047131061554,1.0,0.99951171875,1.0
rotation_consistent,test_seen,596,val:2008_002681:part_43,2008_002681,cat,head,head,0.6002920866012573,0.7502281665802002,0.0,0.2127048522233963,1.0,1.0,1.0
rotation_consistent,test_seen,597,val:2008_002681:part_44,2008_002681,cat,eye,eye,0.1818181872367859,0.3076923191547394,0.0,0.00996789988130331,0.008880615234375,0.0,0.00010889768600463867
rotation_consistent,test_seen,598,val:2008_002681:part_45,2008_002681,cat,torso,torso,0.7230130434036255,0.839242696762085,0.08196202665567398,0.4477107524871826,1.0,1.0,1.0
rotation_consistent,test_seen,599,val:2008_002681:part_47,2008_002681,cat,leg,leg,0.5613940954208374,0.719093382358551,0.13900057971477509,0.1978374719619751,1.0,1.0,1.0
rotation_consistent,test_seen,600,val:2008_002681:part_48,2008_002681,cat,nose,nose,0.10294117778539658,0.18666666746139526,0.0,0.004223686642944813,1.0,0.9814453125,1.0
rotation_consistent,test_seen,601,val:2008_002681:part_49,2008_002681,cat,paw,paw,0.5128205418586731,0.6779661178588867,0.1595330685377121,0.04629160463809967,1.0,0.99951171875,1.0
rotation_consistent,test_seen,602,val:2008_002681:part_50,2008_002681,cat,ear,ear,0.5439783334732056,0.704645037651062,0.15263909101486206,0.07433687895536423,0.006877899169921875,0.0,6.920099258422852e-05
rotation_consistent,test_seen,603,val:2008_002775:part_20,2008_002775,bottle,body,body,0.8791460394859314,0.9356867671012878,0.029387416318058968,0.9362891316413879,1.0,1.0,1.0
rotation_consistent,test_seen,604,val:2008_002775:part_21,2008_002775,bottle,cap,cap,0.5104602575302124,0.6759002804756165,0.0729166641831398,0.06296572089195251,1.0,0.98876953125,1.0
rotation_consistent,test_seen,605,val:2008_002778:part_51,2008_002778,cow,tail,tail,0.187088280916214,0.31520533561706543,0.32871013879776,0.028373265638947487,1.0,0.89892578125,1.0
rotation_consistent,test_seen,606,val:2008_002778:part_52,2008_002778,cow,head,head,0.49223947525024414,0.6597325205802917,0.1651884764432907,0.06998738646507263,1.0,1.0,1.0
rotation_consistent,test_seen,607,val:2008_002778:part_53,2008_002778,cow,eye,eye,0.0,0.0,0.0,0.0022068095859140158,0.008880615234375,0.0,0.00010889768600463867
rotation_consistent,test_seen,608,val:2008_002778:part_54,2008_002778,cow,torso,torso,0.7268351316452026,0.8418118357658386,0.12123645097017288,0.571878969669342,1.0,1.0,1.0
rotation_consistent,test_seen,609,val:2008_002778:part_56,2008_002778,cow,leg,leg,0.47791165113449097,0.64673912525177,0.30902111530303955,0.19356872141361237,1.0,1.0,1.0
rotation_consistent,test_seen,610,val:2008_002778:part_57,2008_002778,cow,ear,ear,0.43491125106811523,0.6061855554580688,0.3243243098258972,0.029791928827762604,0.006877899169921875,0.0,6.920099258422852e-05
rotation_consistent,test_seen,611,val:2008_002778:part_58,2008_002778,cow,muzzle,muzzle,0.517808198928833,0.6823104619979858,0.36250001192092896,0.03688524663448334,1.0,0.99951171875,1.0
rotation_consistent,test_seen,612,val:2008_002835:part_75,2008_002835,horse,leg,leg,0.0,0.0,0.338381826877594,0.002872646087780595,1.0,1.0,1.0
rotation_consistent,test_seen,613,val:2008_002835:part_83,2008_002835,person,head,head,0.6204188466072083,0.7657511830329895,0.0,0.1431969553232193,1.0,1.0,1.0
rotation_consistent,test_seen,614,val:2008_002835:part_84,2008_002835,person,eye,eye,0.0,0.0,0.0,0.0019029495306313038,0.008880615234375,0.0,0.00010889768600463867
rotation_consistent,test_seen,615,val:2008_002835:part_85,2008_002835,person,torso,torso,0.21345339715480804,0.3518114387989044,0.18582047522068024,0.25784966349601746,1.0,1.0,1.0
rotation_consistent,test_seen,616,val:2008_002835:part_87,2008_002835,person,leg,leg,0.5014058351516724,0.6679151058197021,0.23456789553165436,0.2611798346042633,1.0,1.0,1.0
rotation_consistent,test_seen,617,val:2008_002835:part_88,2008_002835,person,foot,foot,0.10857142508029938,0.19587628543376923,0.5454545617103577,0.07136061042547226,1.0,1.0,1.0
rotation_consistent,test_seen,618,val:2008_002835:part_89,2008_002835,person,nose,nose,0.20000000298023224,0.3333333432674408,0.0,0.0023786870297044516,1.0,0.9814453125,1.0
rotation_consistent,test_seen,619,val:2008_002835:part_90,2008_002835,person,ear,ear,0.0,0.0,0.7096773982048035,0.0033301617950201035,0.006877899169921875,0.0,6.920099258422852e-05
rotation_consistent,test_seen,620,val:2008_002835:part_91,2008_002835,person,eyebrow,eyebrow,0.0,0.0,0.0,0.00047573738265782595,0.0010118484497070312,0.0,7.152557373046875e-06
rotation_consistent,test_seen,621,val:2008_002835:part_92,2008_002835,person,mouth,mouth,0.0,0.0,0.0,0.0023786870297044516,1.0,0.998046875,1.0
rotation_consistent,test_seen,622,val:2008_002835:part_94,2008_002835,person,lower arm,lower arm,0.20283019542694092,0.33725491166114807,0.0,0.048525214195251465,1.0,1.0,1.0
rotation_consistent,test_seen,623,val:2008_002835:part_95,2008_002835,person,upper arm,upper arm,0.29885056614875793,0.4601770043373108,0.021621622145175934,0.09276878833770752,1.0,0.9990234375,1.0
rotation_consistent,test_seen,624,val:2008_002835:part_96,2008_002835,person,hand,hand,0.0,0.0,0.2330097109079361,0.028544243425130844,1.0,0.99853515625,1.0
rotation_consistent,test_seen,625,val:2008_002864:part_20,2008_002864,bottle,body,body,0.0,0.0,0.2473572939634323,0.21512386202812195,1.0,1.0,1.0
rotation_consistent,test_seen,626,val:2008_002864:part_21,2008_002864,bottle,cap,cap,0.0,0.0,0.0,0.00782268587499857,1.0,0.98876953125,1.0
rotation_consistent,test_seen,627,val:2008_002900:part_114,2008_002900,train,coach,coach,0.8111791610717773,0.8957470059394836,0.17059873044490814,0.9783046841621399,1.0,1.0,1.0
rotation_consistent,test_seen,628,val:2008_002929:part_83,2008_002929,person,head,head,0.380952388048172,0.5517241358757019,0.3257142901420593,0.020803095772862434,1.0,1.0,1.0
rotation_consistent,test_seen,629,val:2008_002929:part_84,2008_002929,person,eye,eye,0.0,0.0,0.0,0.001209482317790389,0.008880615234375,0.0,0.00010889768600463867
rotation_consistent,test_seen,630,val:2008_002929:part_85,2008_002929,person,torso,torso,0.2742914855480194,0.4305003881454468,0.01706484705209732,0.09192065894603729,1.0,1.0,1.0
rotation_consistent,test_seen,631,val:2008_002929:part_86,2008_002929,person,neck,neck,0.06060606241226196,0.11428571492433548,0.43589743971824646,0.007498790509998798,1.0,1.0,1.0
rotation_consistent,test_seen,632,val:2008_002929:part_87,2008_002929,person,leg,leg,0.29634830355644226,0.45720475912094116,0.2981736958026886,0.2440735399723053,1.0,1.0,1.0
rotation_consistent,test_seen,633,val:2008_002929:part_89,2008_002929,person,nose,nose,0.0,0.0,0.0,0.001209482317790389,1.0,0.9814453125,1.0
rotation_consistent,test_seen,634,val:2008_002929:part_91,2008_002929,person,eyebrow,eyebrow,0.0,0.0,0.0,0.0016932752914726734,0.0010118484497070312,0.0,7.152557373046875e-06
rotation_consistent,test_seen,635,val:2008_002929:part_92,2008_002929,person,mouth,mouth,0.0,0.0,0.0,0.0009675858891569078,1.0,0.998046875,1.0
rotation_consistent,test_seen,636,val:2008_002929:part_93,2008_002929,person,hair,hair,0.03191489353775978,0.06185567006468773,0.25,0.006047411821782589,1.0,0.958984375,1.0
rotation_consistent,test_seen,637,val:2008_002929:part_94,2008_002929,person,lower arm,lower arm,0.1426229476928711,0.2496413141489029,0.2508532404899597,0.026850508525967598,1.0,1.0,1.0
rotation_consistent,test_seen,638,val:2008_002929:part_95,2008_002929,person,upper arm,upper arm,0.14018692076206207,0.24590164422988892,0.12999999523162842,0.05611998215317726,1.0,0.9990234375,1.0
rotation_consistent,test_seen,639,val:2008_002929:part_96,2008_002929,person,hand,hand,0.15849056839942932,0.27361562848091125,0.13773584365844727,0.02031930349767208,1.0,0.99853515625,1.0
rotation_consistent,test_seen,640,val:2008_002942:part_83,2008_002942,person,head,head,0.5428950190544128,0.7037355303764343,0.027166128158569336,0.3624279797077179,1.0,1.0,1.0
rotation_consistent,test_seen,641,val:2008_002942:part_84,2008_002942,person,eye,eye,0.5372549295425415,0.6989796161651611,0.0,0.02980167604982853,0.008880615234375,0.0,0.00010889768600463867
rotation_consistent,test_seen,642,val:2008_002942:part_85,2008_002942,person,torso,torso,0.47132086753845215,0.6406772136688232,0.10724783688783646,0.21384382247924805,1.0,1.0,1.0
rotation_consistent,test_seen,643,val:2008_002942:part_89,2008_002942,person,nose,nose,0.6854481101036072,0.8133719563484192,0.0,0.0546540804207325,1.0,0.9814453125,1.0
rotation_consistent,test_seen,644,val:2008_002942:part_91,2008_002942,person,eyebrow,eyebrow,0.07874015718698502,0.14598539471626282,0.0,0.00650475500151515,0.0010118484497070312,0.0,7.152557373046875e-06
rotation_consistent,test_seen,645,val:2008_002942:part_92,2008_002942,person,mouth,mouth,0.4060150384902954,0.5775400996208191,0.05048859864473343,0.011347969062626362,1.0,0.998046875,1.0
rotation_consistent,test_seen,646,val:2008_002942:part_93,2008_002942,person,hair,hair,0.5268621444702148,0.6901240348815918,0.11882460862398148,0.20779862999916077,1.0,0.958984375,1.0
rotation_consistent,test_seen,647,val:2008_002942:part_95,2008_002942,person,upper arm,upper arm,0.37530791759490967,0.5457802414894104,0.07143940776586533,0.10244988650083542,1.0,0.9990234375,1.0
rotation_consistent,test_seen,648,val:2008_003003:part_97,2008_003003,pottedplant,pot,pot,0.0,0.0,1.0,0.6057692170143127,1.0,1.0,1.0
rotation_consistent,test_seen,649,val:2008_003003:part_98,2008_003003,pottedplant,plant,plant,0.0,0.0,0.0,0.36538460850715637,1.0,1.0,1.0
rotation_consistent,test_seen,650,val:2008_003026:part_115,2008_003026,tvmonitor,screen,screen,0.8978143334388733,0.9461561441421509,0.00785928126424551,0.7833089232444763,1.0,0.99951171875,1.0
rotation_consistent,test_seen,651,val:2008_003034:part_83,2008_003034,person,head,head,0.1482059210538864,0.25815218687057495,0.18309858441352844,0.02233993634581566,1.0,1.0,1.0
rotation_consistent,test_seen,652,val:2008_003034:part_84,2008_003034,person,eye,eye,0.0,0.0,0.0,0.0009212344302795827,0.008880615234375,0.0,0.00010889768600463867
rotation_consistent,test_seen,653,val:2008_003034:part_85,2008_003034,person,torso,torso,0.15734098851680756,0.27190083265304565,0.10057470947504044,0.07646246254444122,1.0,1.0,1.0
rotation_consistent,test_seen,654,val:2008_003034:part_86,2008_003034,person,neck,neck,0.36220473051071167,0.5317919254302979,0.008928571827709675,0.014048825018107891,1.0,1.0,1.0
rotation_consistent,test_seen,655,val:2008_003034:part_87,2008_003034,person,leg,leg,0.3533712327480316,0.5222088694572449,0.13340020179748535,0.1540764570236206,1.0,1.0,1.0
rotation_consistent,test_seen,656,val:2008_003034:part_88,2008_003034,person,foot,foot,0.0,0.0,0.5567010045051575,0.004836481064558029,1.0,1.0,1.0
rotation_consistent,test_seen,657,val:2008_003034:part_89,2008_003034,person,nose,nose,0.0,0.0,0.0833333358168602,0.0018424688605591655,1.0,0.9814453125,1.0
rotation_consistent,test_seen,658,val:2008_003034:part_90,2008_003034,person,ear,ear,0.0,0.0,1.0,0.0039152465760707855,0.006877899169921875,0.0,6.920099258422852e-05
rotation_consistent,test_seen,659,val:2008_003034:part_91,2008_003034,person,eyebrow,eyebrow,0.0,0.0,0.0,0.00023030860756989568,0.0010118484497070312,0.0,7.152557373046875e-06
rotation_consistent,test_seen,660,val:2008_003034:part_92,2008_003034,person,mouth,mouth,0.0,0.0,0.0,0.0011515431106090546,1.0,0.998046875,1.0
rotation_consistent,test_seen,661,val:2008_003034:part_93,2008_003034,person,hair,hair,0.4791666567325592,0.6478873491287231,0.21556885540485382,0.06448641419410706,1.0,0.958984375,1.0
rotation_consistent,test_seen,662,val:2008_003034:part_94,2008_003034,person,lower arm,lower arm,0.21145375072956085,0.34909090399742126,0.037383176386356354,0.03869184851646423,1.0,1.0,1.0
rotation_consistent,test_seen,663,val:2008_003034:part_95,2008_003034,person,upper arm,upper arm,0.2226472795009613,0.3642052710056305,0.27046918869018555,0.11768770217895508,1.0,0.9990234375,1.0
rotation_consistent,test_seen,664,val:2008_003034:part_96,2008_003034,person,hand,hand,0.0,0.0,0.17293232679367065,0.007139566820114851,1.0,0.99853515625,1.0
rotation_consistent,test_seen,665,val:2008_003076:part_20,2008_003076,bottle,body,body,0.1523517370223999,0.2644188106060028,0.5282167196273804,0.4608030617237091,1.0,1.0,1.0
rotation_consistent,test_seen,666,val:2008_003076:part_21,2008_003076,bottle,cap,cap,0.0,0.0,0.0,0.009560229256749153,1.0,0.98876953125,1.0
rotation_consistent,test_seen,667,val:2008_003105:part_109,2008_003105,train,head,head,0.1652040332555771,0.28356242179870605,0.43767932057380676,0.21748699247837067,1.0,1.0,1.0
rotation_consistent,test_seen,668,val:2008_003105:part_111,2008_003105,train,side,side,0.62005215883255,0.765471875667572,0.11807732284069061,0.5673269033432007,1.0,1.0,1.0
rotation_consistent,test_seen,669,val:2008_003105:part_112,2008_003105,train,back,back,0.5083472728729248,0.6740453839302063,0.11224489659070969,0.18937574326992035,1.0,1.0,1.0
rotation_consistent,test_seen,670,val:2008_003108:part_83,2008_003108,person,head,head,0.49668246507644653,0.6637111902236938,0.22403846681118011,0.07468476891517639,1.0,1.0,1.0
rotation_consistent,test_seen,671,val:2008_003108:part_84,2008_003108,person,eye,eye,0.0,0.0,0.0,0.0009699321235530078,0.008880615234375,0.0,0.00010889768600463867
rotation_consistent,test_seen,672,val:2008_003108:part_85,2008_003108,person,torso,torso,0.45016077160835266,0.6208425760269165,0.12107623368501663,0.1600387990474701,1.0,1.0,1.0
rotation_consistent,test_seen,673,val:2008_003108:part_86,2008_003108,person,neck,neck,0.3731343150138855,0.54347825050354,0.1111111119389534,0.015796037390828133,1.0,1.0,1.0
rotation_consistent,test_seen,674,val:2008_003108:part_87,2008_003108,person,leg,leg,0.7396750450134277,0.8503599762916565,0.10215975344181061,0.307884156703949,1.0,1.0,1.0
rotation_consistent,test_seen,675,val:2008_003108:part_88,2008_003108,person,foot,foot,0.10437710583209991,0.18902438879013062,0.32967033982276917,0.007620895281434059,1.0,1.0,1.0
rotation_consistent,test_seen,676,val:2008_003108:part_89,2008_003108,person,nose,nose,0.0,0.0,0.0,0.0026326728984713554,1.0,0.9814453125,1.0
rotation_consistent,test_seen,677,val:2008_003108:part_90,2008_003108,person,ear,ear,0.17721518874168396,0.301075279712677,0.17307692766189575,0.005681030917912722,0.006877899169921875,0.0,6.920099258422852e-05
rotation_consistent,test_seen,678,val:2008_003108:part_91,2008_003108,person,eyebrow,eyebrow,0.0,0.0,0.0,0.0009699321235530078,0.0010118484497070312,0.0,7.152557373046875e-06
rotation_consistent,test_seen,679,val:2008_003108:part_92,2008_003108,person,mouth,mouth,0.0,0.0,0.0,0.0013856173027306795,1.0,0.998046875,1.0
rotation_consistent,test_seen,680,val:2008_003108:part_93,2008_003108,person,hair,hair,0.34567901492118835,0.5137614607810974,0.16417910158634186,0.017458777874708176,1.0,0.958984375,1.0
rotation_consistent,test_seen,681,val:2008_003108:part_94,2008_003108,person,lower arm,lower arm,0.39120879769325256,0.5624012351036072,0.037694014608860016,0.025218235328793526,1.0,1.0,1.0
rotation_consistent,test_seen,682,val:2008_003108:part_95,2008_003108,person,upper arm,upper arm,0.5739471316337585,0.7293092608451843,0.03814064338803291,0.10641540586948395,1.0,0.9990234375,1.0
rotation_consistent,test_seen,683,val:2008_003108:part_96,2008_003108,person,hand,hand,0.5196850299835205,0.6839378476142883,0.25630253553390503,0.02050713635981083,1.0,0.99853515625,1.0
rotation_consistent,test_seen,684,val:2008_003135:part_97,2008_003135,pottedplant,pot,pot,0.7046005129814148,0.8267045617103577,0.04702194407582283,0.2810218930244446,1.0,1.0,1.0
rotation_consistent,test_seen,685,val:2008_003135:part_98,2008_003135,pottedplant,plant,plant,0.11879895627498627,0.21236872673034668,0.5621399283409119,0.3642335832118988,1.0,1.0,1.0
rotation_consistent,test_seen,686,val:2008_003155:part_0,2008_003155,aeroplane,body,body,0.7069746255874634,0.8283364176750183,0.11924245953559875,0.5299853682518005,1.0,1.0,1.0
rotation_consistent,test_seen,687,val:2008_003155:part_1,2008_003155,aeroplane,stern,stern,0.31644582748413086,0.48075783252716064,0.17154811322689056,0.15797172486782074,1.0,1.0,1.0
rotation_consistent,test_seen,688,val:2008_003155:part_2,2008_003155,aeroplane,wing,wing,0.4531196653842926,0.623650848865509,0.33838382363319397,0.24215829372406006,0.99853515625,0.00031757354736328125,0.962890625
rotation_consistent,test_seen,689,val:2008_003155:part_5,2008_003155,aeroplane,wheel,wheel,0.37134504318237305,0.5415778160095215,0.48161765933036804,0.032016903162002563,1.0,0.9990234375,1.0
rotation_consistent,test_seen,690,val:2008_003210:part_83,2008_003210,person,head,head,0.15990547835826874,0.27572154998779297,0.046732671558856964,0.02080443874001503,1.0,1.0,1.0
rotation_consistent,test_seen,691,val:2008_003210:part_84,2008_003210,person,eye,eye,0.0,0.0,0.0,0.00029720625025220215,0.008880615234375,0.0,0.00010889768600463867
rotation_consistent,test_seen,692,val:2008_003210:part_89,2008_003210,person,nose,nose,0.07058823853731155,0.1318681389093399,0.0,0.000544878130313009,1.0,0.9814453125,1.0
rotation_consistent,test_seen,693,val:2008_003210:part_90,2008_003210,person,ear,ear,0.04615384712815285,0.0882352963089943,0.006289307959377766,0.002229047007858753,0.006877899169921875,0.0,6.920099258422852e-05
rotation_consistent,test_seen,694,val:2008_003210:part_93,2008_003210,person,hair,hair,0.060370851308107376,0.11386742442846298,0.039030954241752625,0.011392906308174133,1.0,0.958984375,1.0
rotation_consistent,test_seen,695,val:2008_003238:part_83,2008_003238,person,head,head,0.0,0.0,0.009428403340280056,0.00016123830573633313,1.0,1.0,1.0
rotation_consistent,test_seen,696,val:2008_003238:part_85,2008_003238,person,torso,torso,0.0,0.0,0.0,0.00032247661147266626,1.0,1.0,1.0
rotation_consistent,test_seen,697,val:2008_003238:part_86,2008_003238,person,neck,neck,0.0,0.0,0.0,0.0006449532229453325,1.0,1.0,1.0
rotation_consistent,test_seen,698,val:2008_003238:part_87,2008_003238,person,leg,leg,0.0,0.0,1.0,0.0004837149172089994,1.0,1.0,1.0
rotation_consistent,test_seen,699,val:2008_003270:part_6,2008_003270,bicycle,wheel,wheel,0.24900056421756744,0.3987196981906891,0.4939393997192383,0.685249924659729,1.0,0.9990234375,1.0
rotation_consistent,test_seen,700,val:2008_003270:part_7,2008_003270,bicycle,saddle,saddle,0.5393586158752441,0.7007575631141663,0.37288135290145874,0.040720026940107346,1.0,0.99951171875,1.0
rotation_consistent,test_seen,701,val:2008_003270:part_8,2008_003270,bicycle,handlebar,handlebar,0.08533916622400284,0.1572580635547638,0.5922459959983826,0.04264243319630623,1.0,1.0,1.0
rotation_consistent,test_seen,702,val:2008_003270:part_9,2008_003270,bicycle,chainwheel,chainwheel,0.20042194426059723,0.3339191675186157,0.6040268540382385,0.04736106097698212,1.0,0.99462890625,1.0
rotation_consistent,test_seen,703,val:2008_003330:part_83,2008_003330,person,head,head,0.6863383650779724,0.8139984011650085,0.0,0.17441968619823456,1.0,1.0,1.0
rotation_consistent,test_seen,704,val:2008_003330:part_84,2008_003330,person,eye,eye,0.3227272629737854,0.4879724979400635,0.0,0.00435230229049921,0.008880615234375,0.0,0.00010889768600463867
rotation_consistent,test_seen,705,val:2008_003330:part_85,2008_003330,person,torso,torso,0.45663896203041077,0.6269761323928833,0.03189253434538841,0.23385436832904816,1.0,1.0,1.0
rotation_consistent,test_seen,706,val:2008_003330:part_86,2008_003330,person,neck,neck,0.6327944397926331,0.7751060724258423,0.0,0.027377387508749962,1.0,1.0,1.0
rotation_consistent,test_seen,707,val:2008_003330:part_89,2008_003330,person,nose,nose,0.6540880799293518,0.7908745408058167,0.0,0.009827779605984688,1.0,0.9814453125,1.0
rotation_consistent,test_seen,708,val:2008_003330:part_91,2008_003330,person,eyebrow,eyebrow,0.10315186530351639,0.18701298534870148,0.0,0.0019655560608953238,0.0010118484497070312,0.0,7.152557373046875e-06
rotation_consistent,test_seen,709,val:2008_003330:part_92,2008_003330,person,mouth,mouth,0.6134020686149597,0.7603833675384521,0.0,0.0066922502592206,1.0,0.998046875,1.0
rotation_consistent,test_seen,710,val:2008_003330:part_93,2008_003330,person,hair,hair,0.7314739227294922,0.8449147343635559,0.15814393758773804,0.29899850487709045,1.0,0.958984375,1.0
rotation_consistent,test_seen,711,val:2008_003330:part_95,2008_003330,person,upper arm,upper arm,0.7150953412055969,0.833884060382843,0.11841069906949997,0.22945526242256165,1.0,0.9990234375,1.0
rotation_consistent,test_seen,712,val:2008_003333:part_83,2008_003333,person,head,head,0.5316455960273743,0.6942148804664612,0.25,0.08628904074430466,1.0,1.0,1.0
rotation_consistent,test_seen,713,val:2008_003333:part_84,2008_003333,person,eye,eye,0.0,0.0,0.0,0.0010587612632662058,0.008880615234375,0.0,0.00010889768600463867
rotation_consistent,test_seen,714,val:2008_003333:part_85,2008_003333,person,torso,torso,0.33954450488090515,0.5069552063941956,0.13354037702083588,0.17363683879375458,1.0,1.0,1.0
rotation_consistent,test_seen,715,val:2008_003333:part_86,2008_003333,person,neck,neck,0.20588235557079315,0.3414634168148041,0.05882352963089943,0.018528321757912636,1.0,1.0,1.0
rotation_consistent,test_seen,716,val:2008_003333:part_87,2008_003333,person,leg,leg,0.6279792785644531,0.7714831233024597,0.19780220091342926,0.3980942368507385,1.0,1.0,1.0
rotation_consistent,test_seen,717,val:2008_003333:part_88,2008_003333,person,foot,foot,0.0,0.0,0.0,0.029645314440131187,1.0,1.0,1.0
rotation_consistent,test_seen,718,val:2008_003333:part_89,2008_003333,person,nose,nose,0.0,0.0,0.0,0.0015881418948993087,1.0,0.9814453125,1.0
rotation_consistent,test_seen,719,val:2008_003333:part_90,2008_003333,person,ear,ear,0.0,0.0,0.0,0.005293806083500385,0.006877899169921875,0.0,6.920099258422852e-05
rotation_consistent,test_seen,720,val:2008_003333:part_91,2008_003333,person,eyebrow,eyebrow,0.0,0.0,0.0,0.0005293806316331029,0.0010118484497070312,0.0,7.152557373046875e-06
rotation_consistent,test_seen,721,val:2008_003333:part_92,2008_003333,person,mouth,mouth,0.0,0.0,0.0,0.0010587612632662058,1.0,0.998046875,1.0
rotation_consistent,test_seen,722,val:2008_003333:part_94,2008_003333,person,lower arm,lower arm,0.4154302775859833,0.5870020985603333,0.12772585451602936,0.08258337527513504,1.0,1.0,1.0
rotation_consistent,test_seen,723,val:2008_003333:part_95,2008_003333,person,upper arm,upper arm,0.35217392444610596,0.520900309085846,0.19562043249607086,0.1312863975763321,1.0,0.9990234375,1.0
rotation_consistent,test_seen,724,val:2008_003333:part_96,2008_003333,person,hand,hand,0.12350597977638245,0.21985815465450287,0.6829268336296082,0.019057702273130417,1.0,0.99853515625,1.0
rotation_consistent,test_seen,725,val:2008_003369:part_0,2008_003369,aeroplane,body,body,0.8148854970932007,0.8980020880699158,0.05535368248820305,0.7284144163131714,1.0,1.0,1.0
rotation_consistent,test_seen,726,val:2008_003369:part_2,2008_003369,aeroplane,wing,wing,0.5168054103851318,0.6814393401145935,0.099071204662323,0.17676609754562378,0.99853515625,0.00031757354736328125,0.962890625
rotation_consistent,test_seen,727,val:2008_003369:part_4,2008_003369,aeroplane,engine,engine,0.0,0.0,0.0,0.0075353216379880905,1.0,0.99951171875,1.0
rotation_consistent,test_seen,728,val:2008_003369:part_5,2008_003369,aeroplane,wheel,wheel,0.4416135847568512,0.6126657128334045,0.17994099855422974,0.035583462566137314,1.0,0.9990234375,1.0
rotation_consistent,test_seen,729,val:2008_003379:part_75,2008_003379,horse,leg,leg,0.000871839583851397,0.001742160296998918,0.5802792310714722,0.0005824111867696047,1.0,1.0,1.0
rotation_consistent,test_seen,730,val:2008_003379:part_83,2008_003379,person,head,head,0.04109589010477066,0.07894736528396606,0.1428571492433548,0.0921248123049736,1.0,1.0,1.0
rotation_consistent,test_seen,731,val:2008_003379:part_85,2008_003379,person,torso,torso,0.2058212012052536,0.341379314661026,0.44025155901908875,0.3893016278743744,1.0,1.0,1.0
rotation_consistent,test_seen,732,val:2008_003379:part_87,2008_003379,person,leg,leg,0.23815461993217468,0.38469284772872925,0.550561785697937,0.2852897346019745,1.0,1.0,1.0
rotation_consistent,test_seen,733,val:2008_003379:part_88,2008_003379,person,foot,foot,0.155251145362854,0.26877471804618835,0.7935779690742493,0.05200594291090965,1.0,1.0,1.0
rotation_consistent,test_seen,734,val:2008_003379:part_90,2008_003379,person,ear,ear,0.0,0.0,1.0,0.005943536292761564,0.006877899169921875,0.0,6.920099258422852e-05
rotation_consistent,test_seen,735,val:2008_003379:part_93,2008_003379,person,hair,hair,0.0,0.0,0.0,0.016344724223017693,1.0,0.958984375,1.0
rotation_consistent,test_seen,736,val:2008_003379:part_94,2008_003379,person,lower arm,lower arm,0.1621621549129486,0.27906978130340576,0.27272728085517883,0.03120356611907482,1.0,1.0,1.0
rotation_consistent,test_seen,737,val:2008_003379:part_95,2008_003379,person,upper arm,upper arm,0.23039215803146362,0.3745020031929016,0.06185567006468773,0.08469539135694504,1.0,0.9990234375,1.0
rotation_consistent,test_seen,738,val:2008_003379:part_96,2008_003379,person,hand,hand,0.0,0.0,1.0,0.008915304206311703,1.0,0.99853515625,1.0
rotation_consistent,test_seen,739,val:2008_003451:part_83,2008_003451,person,head,head,0.6643990874290466,0.7983651161193848,0.018633540719747543,0.10034096240997314,1.0,1.0,1.0
rotation_consistent,test_seen,740,val:2008_003451:part_84,2008_003451,person,eye,eye,0.0,0.0,0.0,0.00024354603374376893,0.008880615234375,0.0,0.00010889768600463867
rotation_consistent,test_seen,741,val:2008_003451:part_85,2008_003451,person,torso,torso,0.4152371287345886,0.5868092775344849,0.15259410440921783,0.20433512330055237,1.0,1.0,1.0
rotation_consistent,test_seen,742,val:2008_003451:part_87,2008_003451,person,leg,leg,0.6399782299995422,0.7804716229438782,0.14812611043453217,0.3239162266254425,1.0,1.0,1.0
rotation_consistent,test_seen,743,val:2008_003451:part_88,2008_003451,person,foot,foot,0.41126760840415955,0.5828343033790588,0.19811320304870605,0.044568922370672226,1.0,1.0,1.0
rotation_consistent,test_seen,744,val:2008_003451:part_89,2008_003451,person,nose,nose,0.0,0.0,0.0,0.003409644355997443,1.0,0.9814453125,1.0
rotation_consistent,test_seen,745,val:2008_003451:part_90,2008_003451,person,ear,ear,0.0,0.0,0.0,0.00048709206748753786,0.006877899169921875,0.0,6.920099258422852e-05
rotation_consistent,test_seen,746,val:2008_003451:part_91,2008_003451,person,eyebrow,eyebrow,0.0,0.0,0.0,0.0012177301105111837,0.0010118484497070312,0.0,7.152557373046875e-06
rotation_consistent,test_seen,747,val:2008_003451:part_92,2008_003451,person,mouth,mouth,0.0,0.0,0.0,0.0009741841349750757,1.0,0.998046875,1.0
rotation_consistent,test_seen,748,val:2008_003451:part_94,2008_003451,person,lower arm,lower arm,0.35782748460769653,0.5270588397979736,0.18317972123622894,0.09912323206663132,1.0,1.0,1.0
rotation_consistent,test_seen,749,val:2008_003451:part_95,2008_003451,person,upper arm,upper arm,0.5572959780693054,0.7157226204872131,0.10626702755689621,0.19191427528858185,1.0,0.9990234375,1.0
rotation_consistent,test_seen,750,val:2008_003451:part_96,2008_003451,person,hand,hand,0.2841225564479828,0.4425162672996521,0.35654595494270325,0.02484169416129589,1.0,0.99853515625,1.0
rotation_consistent,test_seen,751,val:2008_003461:part_83,2008_003461,person,head,head,0.05978260934352875,0.11282051354646683,0.0833333358168602,0.07436001300811768,1.0,1.0,1.0
rotation_consistent,test_seen,752,val:2008_003461:part_84,2008_003461,person,eye,eye,0.0,0.0,0.0,0.00040633889148011804,0.008880615234375,0.0,0.00010889768600463867
rotation_consistent,test_seen,753,val:2008_003461:part_85,2008_003461,person,torso,torso,0.20156249403953552,0.33550065755844116,0.2638580799102783,0.1292157620191574,1.0,1.0,1.0
rotation_consistent,test_seen,754,val:2008_003461:part_86,2008_003461,person,neck,neck,0.0,0.0,0.0,0.007314099930226803,1.0,1.0,1.0
rotation_consistent,test_seen,755,val:2008_003461:part_87,2008_003461,person,leg,leg,0.5306122303009033,0.6933333277702332,0.35087719559669495,0.2535554766654968,1.0,1.0,1.0
rotation_consistent,test_seen,756,val:2008_003461:part_88,2008_003461,person,foot,foot,0.23308271169662476,0.37804877758026123,0.6839378476142883,0.0430719219148159,1.0,1.0,1.0
rotation_consistent,test_seen,757,val:2008_003461:part_89,2008_003461,person,nose,nose,0.0,0.0,0.0,0.0012190166162326932,1.0,0.9814453125,1.0
rotation_consistent,test_seen,758,val:2008_003461:part_90,2008_003461,person,ear,ear,0.0,0.0,1.0,0.0032507111318409443,0.006877899169921875,0.0,6.920099258422852e-05
rotation_consistent,test_seen,759,val:2008_003461:part_91,2008_003461,person,eyebrow,eyebrow,0.0,0.0,0.0,0.0008126777829602361,0.0010118484497070312,0.0,7.152557373046875e-06
rotation_consistent,test_seen,760,val:2008_003461:part_92,2008_003461,person,mouth,mouth,0.0,0.0,0.0,0.0016253555659204721,1.0,0.998046875,1.0
rotation_consistent,test_seen,761,val:2008_003461:part_93,2008_003461,person,hair,hair,0.0,0.0,0.0,0.002844372298568487,1.0,0.958984375,1.0
rotation_consistent,test_seen,762,val:2008_003461:part_94,2008_003461,person,lower arm,lower arm,0.12015503644943237,0.21453286707401276,0.021052632480859756,0.04022755101323128,1.0,1.0,1.0
rotation_consistent,test_seen,763,val:2008_003461:part_95,2008_003461,person,upper arm,upper arm,0.513002336025238,0.6781250238418579,0.020253164693713188,0.09955302625894547,1.0,0.9990234375,1.0
rotation_consistent,test_seen,764,val:2008_003461:part_96,2008_003461,person,hand,hand,0.19298245012760162,0.3235294222831726,0.5701754093170166,0.008939455263316631,1.0,0.99853515625,1.0
rotation_consistent,test_seen,765,val:2008_003492:part_83,2008_003492,person,head,head,0.6739439964294434,0.805216908454895,0.01757028140127659,0.09307543188333511,1.0,1.0,1.0
rotation_consistent,test_seen,766,val:2008_003492:part_84,2008_003492,person,eye,eye,0.12790697813034058,0.22680412232875824,0.0058139534667134285,0.0013339801225811243,0.008880615234375,0.0,0.00010889768600463867
rotation_consistent,test_seen,767,val:2008_003492:part_85,2008_003492,person,torso,torso,0.6214070916175842,0.7665035128593445,0.06489205360412598,0.323186993598938,1.0,1.0,1.0
rotation_consistent,test_seen,768,val:2008_003492:part_87,2008_003492,person,leg,leg,0.520215630531311,0.6843971610069275,0.017117613926529884,0.06118118017911911,1.0,1.0,1.0
rotation_consistent,test_seen,769,val:2008_003492:part_89,2008_003492,person,nose,nose,0.469696968793869,0.6391752362251282,0.0,0.0060635460540652275,1.0,0.9814453125,1.0
rotation_consistent,test_seen,770,val:2008_003492:part_90,2008_003492,person,ear,ear,0.16742081940174103,0.2868216931819916,0.0,0.002243512077257037,0.006877899169921875,0.0,6.920099258422852e-05
rotation_consistent,test_seen,771,val:2008_003492:part_91,2008_003492,person,eyebrow,eyebrow,0.0533333346247673,0.10126582533121109,0.0,0.0012733446201309562,0.0010118484497070312,0.0,7.152557373046875e-06
rotation_consistent,test_seen,772,val:2008_003492:part_92,2008_003492,person,mouth,mouth,0.25943395495414734,0.41198500990867615,0.0,0.003456221194937825,1.0,0.998046875,1.0
rotation_consistent,test_seen,773,val:2008_003492:part_93,2008_003492,person,hair,hair,0.7610747814178467,0.8643298745155334,0.061991069465875626,0.2102837711572647,1.0,0.958984375,1.0
rotation_consistent,test_seen,774,val:2008_003492:part_94,2008_003492,person,lower arm,lower arm,0.20218725502490997,0.33636564016342163,0.07257203757762909,0.046022314578294754,1.0,1.0,1.0
rotation_consistent,test_seen,775,val:2008_003492:part_95,2008_003492,person,upper arm,upper arm,0.6492781639099121,0.7873482704162598,0.0,0.20876789093017578,1.0,0.9990234375,1.0
rotation_consistent,test_seen,776,val:2008_003492:part_96,2008_003492,person,hand,hand,0.7623152732849121,0.865129292011261,0.10239361971616745,0.04117147624492645,1.0,0.99853515625,1.0
rotation_consistent,test_seen,777,val:2008_003499:part_42,2008_003499,cat,tail,tail,0.45605766773223877,0.6264280080795288,0.10676267743110657,0.14340464770793915,1.0,0.89892578125,1.0
rotation_consistent,test_seen,778,val:2008_003499:part_43,2008_003499,cat,head,head,0.6938319802284241,0.8192453384399414,0.05294619873166084,0.17810605466365814,1.0,1.0,1.0
rotation_consistent,test_seen,779,val:2008_003499:part_44,2008_003499,cat,eye,eye,0.24025973677635193,0.38743454217910767,0.0,0.008013378828763962,0.008880615234375,0.0,0.00010889768600463867
rotation_consistent,test_seen,780,val:2008_003499:part_45,2008_003499,cat,torso,torso,0.640625,0.7809523940086365,0.036741919815540314,0.409309446811676,1.0,1.0,1.0
rotation_consistent,test_seen,781,val:2008_003499:part_46,2008_003499,cat,neck,neck,0.20960929989814758,0.3465735614299774,0.004787234123796225,0.028639119118452072,1.0,1.0,1.0
rotation_consistent,test_seen,782,val:2008_003499:part_47,2008_003499,cat,leg,leg,0.4056037366390228,0.5771238803863525,0.028523489832878113,0.12751725316047668,1.0,1.0,1.0
rotation_consistent,test_seen,783,val:2008_003499:part_48,2008_003499,cat,nose,nose,0.39726027846336365,0.5686274766921997,0.0,0.0022298097610473633,1.0,0.9814453125,1.0
rotation_consistent,test_seen,784,val:2008_003499:part_49,2008_003499,cat,paw,paw,0.25329816341400146,0.40421053767204285,0.1459016352891922,0.04738345742225647,1.0,0.99951171875,1.0
rotation_consistent,test_seen,785,val:2008_003499:part_50,2008_003499,cat,ear,ear,0.4678492248058319,0.6374622583389282,0.23973114788532257,0.045083966106176376,0.006877899169921875,0.0,6.920099258422852e-05
rotation_consistent,test_seen,786,val:2008_003546:part_83,2008_003546,person,head,head,0.1120000034570694,0.20143884420394897,0.2013888955116272,0.01843910850584507,1.0,1.0,1.0
rotation_consistent,test_seen,787,val:2008_003546:part_84,2008_003546,person,eye,eye,0.0,0.0,0.0,0.00042881647823378444,0.008880615234375,0.0,0.00010889768600463867
rotation_consistent,test_seen,788,val:2008_003546:part_85,2008_003546,person,torso,torso,0.05436156690120697,0.10311750322580338,0.05298759788274765,0.111635223031044,1.0,1.0,1.0
rotation_consistent,test_seen,789,val:2008_003546:part_86,2008_003546,person,neck,neck,0.011904762126505375,0.0235294122248888,0.0,0.00414522597566247,1.0,1.0,1.0
rotation_consistent,test_seen,790,val:2008_003546:part_87,2008_003546,person,leg,leg,0.3533287048339844,0.5221624374389648,0.2431948482990265,0.1588050276041031,1.0,1.0,1.0
rotation_consistent,test_seen,791,val:2008_003546:part_88,2008_003546,person,foot,foot,0.0,0.0,1.0,0.009148084558546543,1.0,1.0,1.0
rotation_consistent,test_seen,792,val:2008_003546:part_89,2008_003546,person,nose,nose,0.0,0.0,0.15000000596046448,0.0005717552849091589,1.0,0.9814453125,1.0
rotation_consistent,test_seen,793,val:2008_003546:part_90,2008_003546,person,ear,ear,0.0,0.0,0.0,0.00028587764245457947,0.006877899169921875,0.0,6.920099258422852e-05
rotation_consistent,test_seen,794,val:2008_003546:part_91,2008_003546,person,eyebrow,eyebrow,0.0,0.0,0.0,0.00028587764245457947,0.0010118484497070312,0.0,7.152557373046875e-06
rotation_consistent,test_seen,795,val:2008_003546:part_92,2008_003546,person,mouth,mouth,0.0,0.0,0.0,0.0015723269898444414,1.0,0.998046875,1.0
rotation_consistent,test_seen,796,val:2008_003546:part_93,2008_003546,person,hair,hair,0.06441717594861984,0.12103746086359024,0.10000000149011612,0.039594054222106934,1.0,0.958984375,1.0
rotation_consistent,test_seen,797,val:2008_003546:part_94,2008_003546,person,lower arm,lower arm,0.0,0.0,0.7736318111419678,0.007575757801532745,1.0,1.0,1.0
rotation_consistent,test_seen,798,val:2008_003546:part_95,2008_003546,person,upper arm,upper arm,0.11209067702293396,0.20158550143241882,0.428943932056427,0.01658090390264988,1.0,0.9990234375,1.0
rotation_consistent,test_seen,799,val:2008_003546:part_96,2008_003546,person,hand,hand,0.0,0.0,0.7578125,0.006718124728649855,1.0,0.99853515625,1.0
rotation_consistent,test_seen,800,val:2008_003676:part_97,2008_003676,pottedplant,pot,pot,0.0235294122248888,0.04597701132297516,0.22058823704719543,0.023072252050042152,1.0,1.0,1.0
rotation_consistent,test_seen,801,val:2008_003676:part_98,2008_003676,pottedplant,plant,plant,0.29449838399887085,0.45500001311302185,0.45499181747436523,0.4590163826942444,1.0,1.0,1.0
rotation_consistent,test_seen,802,val:2008_003733:part_83,2008_003733,person,head,head,0.5579372644424438,0.7162512540817261,0.07984545826911926,0.10924802720546722,1.0,1.0,1.0
rotation_consistent,test_seen,803,val:2008_003733:part_84,2008_003733,person,eye,eye,0.02631578966975212,0.05128205195069313,0.0,0.0009728739969432354,0.008880615234375,0.0,0.00010889768600463867
rotation_consistent,test_seen,804,val:2008_003733:part_85,2008_003733,person,torso,torso,0.29133591055870056,0.45121631026268005,0.034618958830833435,0.1590362787246704,1.0,1.0,1.0
rotation_consistent,test_seen,805,val:2008_003733:part_86,2008_003733,person,neck,neck,0.11856473982334137,0.21199442446231842,0.0,0.006695662159472704,1.0,1.0,1.0
rotation_consistent,test_seen,806,val:2008_003733:part_89,2008_003733,person,nose,nose,0.2697368562221527,0.42487046122550964,0.0,0.0028041661716997623,1.0,0.9814453125,1.0
rotation_consistent,test_seen,807,val:2008_003733:part_90,2008_003733,person,ear,ear,0.09375,0.17142857611179352,0.20253165066242218,0.001487924950197339,0.006877899169921875,0.0,6.920099258422852e-05
rotation_consistent,test_seen,808,val:2008_003733:part_91,2008_003733,person,eyebrow,eyebrow,0.0,0.0,0.0,0.0012017855187878013,0.0010118484497070312,0.0,7.152557373046875e-06
rotation_consistent,test_seen,809,val:2008_003733:part_92,2008_003733,person,mouth,mouth,0.11224489659070969,0.20183485746383667,0.0,0.0012590134283527732,1.0,0.998046875,1.0
rotation_consistent,test_seen,810,val:2008_003733:part_93,2008_003733,person,hair,hair,0.04582904279232025,0.08764155954122543,0.10175620019435883,0.005436648614704609,1.0,0.958984375,1.0
rotation_consistent,test_seen,811,val:2008_003733:part_94,2008_003733,person,lower arm,lower arm,0.0,0.0,0.0016339869471266866,0.05350806936621666,1.0,1.0,1.0
rotation_consistent,test_seen,812,val:2008_003733:part_95,2008_003733,person,upper arm,upper arm,0.014645017683506012,0.028867272660136223,0.12303797155618668,0.06936018913984299,1.0,0.9990234375,1.0
rotation_consistent,test_seen,813,val:2008_003733:part_96,2008_003733,person,hand,hand,0.17067109048366547,0.2915782034397125,0.11562224477529526,0.016023807227611542,1.0,0.99853515625,1.0
rotation_consistent,test_seen,814,val:2008_003777:part_22,2008_003777,bus,wheel,wheel,0.4046858251094818,0.5761941075325012,0.2953091561794281,0.01965031772851944,1.0,0.9990234375,1.0
rotation_consistent,test_seen,815,val:2008_003777:part_25,2008_003777,bus,side,side,0.5648839473724365,0.7219499349594116,0.0899554044008255,0.5819794535636902,1.0,1.0,1.0
rotation_consistent,test_seen,816,val:2008_003777:part_28,2008_003777,bus,mirror,mirror,0.0,0.0,0.0,0.006601681467145681,0.013275146484375,0.0,0.00027370452880859375
rotation_consistent,test_seen,817,val:2008_003777:part_31,2008_003777,bus,window,window,0.7211446166038513,0.8379825949668884,0.08896190673112869,0.3176027536392212,1.0,0.935546875,1.0
rotation_consistent,test_seen,818,val:2008_003782:part_70,2008_003782,horse,tail,tail,0.07655038684606552,0.14221422374248505,0.20193339884281158,0.03379012644290924,1.0,0.89892578125,1.0
rotation_consistent,test_seen,819,val:2008_003782:part_71,2008_003782,horse,head,head,0.44500845670700073,0.6159250736236572,0.18813559412956238,0.0495588518679142,1.0,1.0,1.0
rotation_consistent,test_seen,820,val:2008_003782:part_72,2008_003782,horse,eye,eye,0.0,0.0,0.0,0.0007508916896767914,0.008880615234375,0.0,0.00010889768600463867
rotation_consistent,test_seen,821,val:2008_003782:part_73,2008_003782,horse,torso,torso,0.6697247624397278,0.8021978139877319,0.11259932070970535,0.573868989944458,1.0,1.0,1.0
rotation_consistent,test_seen,822,val:2008_003782:part_74,2008_003782,horse,neck,neck,0.538769006729126,0.7002597451210022,0.26801618933677673,0.12952882051467896,1.0,1.0,1.0
rotation_consistent,test_seen,823,val:2008_003782:part_75,2008_003782,horse,leg,leg,0.3860381841659546,0.5570383071899414,0.5200271606445312,0.15956448018550873,1.0,1.0,1.0
rotation_consistent,test_seen,824,val:2008_003782:part_76,2008_003782,horse,ear,ear,0.026455026119947433,0.05154639109969139,0.9712643623352051,0.0037544583901762962,0.006877899169921875,0.0,6.920099258422852e-05
rotation_consistent,test_seen,825,val:2008_003782:part_77,2008_003782,horse,muzzle,muzzle,0.5628742575645447,0.7203065156936646,0.3031249940395355,0.037920031696558,1.0,0.99951171875,1.0
rotation_consistent,test_seen,826,val:2008_003856:part_83,2008_003856,person,head,head,0.6523076891899109,0.7895717024803162,0.08732876926660538,0.10176531970500946,1.0,1.0,1.0
rotation_consistent,test_seen,827,val:2008_003856:part_84,2008_003856,person,eye,eye,0.0,0.0,0.0,0.002076843287795782,0.008880615234375,0.0,0.00010889768600463867
rotation_consistent,test_seen,828,val:2008_003856:part_85,2008_003856,person,torso,torso,0.8487046360969543,0.9181614518165588,0.027767354622483253,0.5580477714538574,1.0,1.0,1.0
rotation_consistent,test_seen,829,val:2008_003856:part_86,2008_003856,person,neck,neck,0.6595744490623474,0.7948718070983887,0.0,0.024922117590904236,1.0,1.0,1.0
rotation_consistent,test_seen,830,val:2008_003856:part_89,2008_003856,person,nose,nose,0.27848100662231445,0.4356435537338257,0.01315789483487606,0.005192107986658812,1.0,0.9814453125,1.0
rotation_consistent,test_seen,831,val:2008_003856:part_90,2008_003856,person,ear,ear,0.07575757801532745,0.14084507524967194,0.042553190141916275,0.004984423518180847,0.006877899169921875,0.0,6.920099258422852e-05
rotation_consistent,test_seen,832,val:2008_003856:part_91,2008_003856,person,eyebrow,eyebrow,0.0,0.0,0.0,0.0006230529397726059,0.0010118484497070312,0.0,7.152557373046875e-06
rotation_consistent,test_seen,833,val:2008_003856:part_92,2008_003856,person,mouth,mouth,0.0,0.0,0.0,0.001661474583670497,1.0,0.998046875,1.0
rotation_consistent,test_seen,834,val:2008_003856:part_94,2008_003856,person,lower arm,lower arm,0.4245660901069641,0.5960637331008911,0.31081080436706543,0.09865005314350128,1.0,1.0,1.0
rotation_consistent,test_seen,835,val:2008_003856:part_95,2008_003856,person,upper arm,upper arm,0.5998433828353882,0.7498776316642761,0.1346316635608673,0.179023876786232,1.0,0.9990234375,1.0
rotation_consistent,test_seen,836,val:2008_003856:part_96,2008_003856,person,hand,hand,0.0,0.0,0.1818181872367859,0.012876427732408047,1.0,0.99853515625,1.0
rotation_consistent,test_seen,837,val:2008_003874:part_83,2008_003874,person,head,head,0.4520460367202759,0.6226332187652588,0.048324741423130035,0.025159213691949844,1.0,1.0,1.0
rotation_consistent,test_seen,838,val:2008_003874:part_84,2008_003874,person,eye,eye,0.0,0.0,0.0,0.001224718289449811,0.008880615234375,0.0,0.00010889768600463867
rotation_consistent,test_seen,839,val:2008_003874:part_85,2008_003874,person,torso,torso,0.5715632438659668,0.7273818254470825,0.04508410021662712,0.23805025219917297,1.0,1.0,1.0
rotation_consistent,test_seen,840,val:2008_003874:part_86,2008_003874,person,neck,neck,0.4593837559223175,0.6295585632324219,0.054054055362939835,0.011862271465361118,1.0,1.0,1.0
rotation_consistent,test_seen,841,val:2008_003874:part_87,2008_003874,person,leg,leg,0.060122374445199966,0.1134253442287445,0.18115942180156708,0.12978515028953552,1.0,1.0,1.0
rotation_consistent,test_seen,842,val:2008_003874:part_89,2008_003874,person,nose,nose,0.5568181872367859,0.7153284549713135,0.0,0.002379452809691429,1.0,0.9814453125,1.0
rotation_consistent,test_seen,843,val:2008_003874:part_90,2008_003874,person,ear,ear,0.0,0.0,0.0,0.0009097907459363341,0.006877899169921875,0.0,6.920099258422852e-05
rotation_consistent,test_seen,844,val:2008_003874:part_91,2008_003874,person,eyebrow,eyebrow,0.0,0.0,0.0,0.0007348309736698866,0.0010118484497070312,0.0,7.152557373046875e-06
rotation_consistent,test_seen,845,val:2008_003874:part_92,2008_003874,person,mouth,mouth,0.35922330617904663,0.5285714268684387,0.0,0.0017146056052297354,1.0,0.998046875,1.0
rotation_consistent,test_seen,846,val:2008_003874:part_93,2008_003874,person,hair,hair,0.5634920597076416,0.720812201499939,0.1576036810874939,0.024074463173747063,1.0,0.958984375,1.0
rotation_consistent,test_seen,847,val:2008_003874:part_94,2008_003874,person,lower arm,lower arm,0.44408687949180603,0.6150417923927307,0.1288416087627411,0.03320736065506935,1.0,1.0,1.0
rotation_consistent,test_seen,848,val:2008_003874:part_95,2008_003874,person,upper arm,upper arm,0.45322245359420776,0.6237481832504272,0.04700460657477379,0.05987123027443886,1.0,0.9990234375,1.0
rotation_consistent,test_seen,849,val:2008_003874:part_96,2008_003874,person,hand,hand,0.24210526049137115,0.38983049988746643,0.03072625771164894,0.012107214890420437,1.0,0.99853515625,1.0
rotation_consistent,test_seen,850,val:2008_003876:part_0,2008_003876,aeroplane,body,body,0.6905152797698975,0.8169287443161011,0.19209431111812592,0.5989431738853455,1.0,1.0,1.0
rotation_consistent,test_seen,851,val:2008_003876:part_1,2008_003876,aeroplane,stern,stern,0.5996240377426147,0.7497062087059021,0.3638151288032532,0.18097753822803497,1.0,1.0,1.0
rotation_consistent,test_seen,852,val:2008_003876:part_2,2008_003876,aeroplane,wing,wing,0.2173076868057251,0.3570300042629242,0.24951830506324768,0.06023778021335602,0.99853515625,0.00031757354736328125,0.962890625
rotation_consistent,test_seen,853,val:2008_003876:part_4,2008_003876,aeroplane,engine,engine,0.4590964615345001,0.6292886734008789,0.05776636675000191,0.10990753024816513,1.0,0.99951171875,1.0
rotation_consistent,test_seen,854,val:2008_003885:part_115,2008_003885,tvmonitor,screen,screen,0.7448261380195618,0.8537539839744568,0.002311167074367404,0.5828675031661987,1.0,0.99951171875,1.0
rotation_consistent,test_seen,855,val:2008_003926:part_0,2008_003926,aeroplane,body,body,0.7219613194465637,0.8385336995124817,0.10890516638755798,0.6453601717948914,1.0,1.0,1.0
rotation_consistent,test_seen,856,val:2008_003926:part_1,2008_003926,aeroplane,stern,stern,0.6103979349136353,0.7580709457397461,0.2630792260169983,0.18997403979301453,1.0,1.0,1.0
rotation_consistent,test_seen,857,val:2008_003926:part_2,2008_003926,aeroplane,wing,wing,0.06888720393180847,0.12889517843723297,0.01655629090964794,0.03309539332985878,0.99853515625,0.00031757354736328125,0.962890625
rotation_consistent,test_seen,858,val:2008_003926:part_3,2008_003926,aeroplane,tail,tail,0.0,0.0,0.0,0.0003243593964725733,1.0,0.89892578125,1.0
rotation_consistent,test_seen,859,val:2008_003926:part_4,2008_003926,aeroplane,engine,engine,0.5408163070678711,0.7019867300987244,0.06437389552593231,0.10999350994825363,1.0,0.99951171875,1.0
rotation_consistent,test_seen,860,val:2008_003926:part_5,2008_003926,aeroplane,wheel,wheel,0.11764705926179886,0.21052631735801697,0.2954545319080353,0.01654769666492939,1.0,0.9990234375,1.0
rotation_consistent,test_seen,861,val:2008_003976:part_0,2008_003976,aeroplane,body,body,0.7560505867004395,0.8610806465148926,0.1758836954832077,0.6386237740516663,1.0,1.0,1.0
rotation_consistent,test_seen,862,val:2008_003976:part_1,2008_003976,aeroplane,stern,stern,0.6146124005317688,0.7613126039505005,0.24530449509620667,0.25260820984840393,1.0,1.0,1.0
rotation_consistent,test_seen,863,val:2008_003976:part_3,2008_003976,aeroplane,tail,tail,0.0,0.0,0.0,0.0004439511685632169,1.0,0.89892578125,1.0
rotation_consistent,test_seen,864,val:2008_003976:part_4,2008_003976,aeroplane,engine,engine,0.1524926722049713,0.2646310329437256,0.06981132179498672,0.056825749576091766,1.0,0.99951171875,1.0
rotation_consistent,test_seen,865,val:2008_003976:part_5,2008_003976,aeroplane,wheel,wheel,0.0,0.0,0.0,0.0015538290608674288,1.0,0.9990234375,1.0
rotation_consistent,test_seen,866,val:2008_004101:part_83,2008_004101,person,head,head,0.7242798209190369,0.8400954604148865,0.08855291455984116,0.08527249097824097,1.0,1.0,1.0
rotation_consistent,test_seen,867,val:2008_004101:part_84,2008_004101,person,eye,eye,0.0,0.0,0.0,0.001212764298543334,0.008880615234375,0.0,0.00010889768600463867
rotation_consistent,test_seen,868,val:2008_004101:part_85,2008_004101,person,torso,torso,0.7729505896568298,0.8719369769096375,0.02844950184226036,0.39581596851348877,1.0,1.0,1.0
rotation_consistent,test_seen,869,val:2008_004101:part_86,2008_004101,person,neck,neck,0.5185185074806213,0.6829268336296082,0.029535865411162376,0.01622072234749794,1.0,1.0,1.0
rotation_consistent,test_seen,870,val:2008_004101:part_89,2008_004101,person,nose,nose,0.5909090638160706,0.7428571581840515,0.0,0.0034866975620388985,1.0,0.9814453125,1.0
rotation_consistent,test_seen,871,val:2008_004101:part_90,2008_004101,person,ear,ear,0.375,0.5454545617103577,0.49514561891555786,0.003031910862773657,0.006877899169921875,0.0,6.920099258422852e-05
rotation_consistent,test_seen,872,val:2008_004101:part_91,2008_004101,person,eyebrow,eyebrow,0.0,0.0,0.0,0.0015159554313868284,0.0010118484497070312,0.0,7.152557373046875e-06
rotation_consistent,test_seen,873,val:2008_004101:part_92,2008_004101,person,mouth,mouth,0.15714286267757416,0.2716049253940582,0.0,0.0014401576481759548,1.0,0.998046875,1.0
rotation_consistent,test_seen,874,val:2008_004101:part_93,2008_004101,person,hair,hair,0.0,0.0,0.0,0.0043204729445278645,1.0,0.958984375,1.0
rotation_consistent,test_seen,875,val:2008_004101:part_94,2008_004101,person,lower arm,lower arm,0.5796799063682556,0.733920693397522,0.1465451717376709,0.07223527878522873,1.0,1.0,1.0
rotation_consistent,test_seen,876,val:2008_004101:part_95,2008_004101,person,upper arm,upper arm,0.47135841846466064,0.6407119035720825,0.15523768961429596,0.09239748120307922,1.0,0.9990234375,1.0
rotation_consistent,test_seen,877,val:2008_004101:part_96,2008_004101,person,hand,hand,0.716481626033783,0.834825873374939,0.04830053821206093,0.06761161237955093,1.0,0.99853515625,1.0
rotation_consistent,test_seen,878,val:2008_004140:part_83,2008_004140,person,head,head,0.22887323796749115,0.37249284982681274,0.0,0.03774617239832878,1.0,1.0,1.0
rotation_consistent,test_seen,879,val:2008_004140:part_84,2008_004140,person,eye,eye,0.0,0.0,0.0,0.00041028446867130697,0.008880615234375,0.0,0.00010889768600463867
rotation_consistent,test_seen,880,val:2008_004140:part_85,2008_004140,person,torso,torso,0.5757741928100586,0.7307826280593872,0.034641217440366745,0.19974015653133392,1.0,1.0,1.0
rotation_consistent,test_seen,881,val:2008_004140:part_87,2008_004140,person,leg,leg,0.9073129296302795,0.9514043927192688,0.04450784623622894,0.22045952081680298,1.0,1.0,1.0
rotation_consistent,test_seen,882,val:2008_004140:part_89,2008_004140,person,nose,nose,0.0,0.0,0.0,0.0014359955675899982,1.0,0.9814453125,1.0
rotation_consistent,test_seen,883,val:2008_004140:part_90,2008_004140,person,ear,ear,0.0892857164144516,0.16393442451953888,0.0,0.00321389501914382,0.006877899169921875,0.0,6.920099258422852e-05
rotation_consistent,test_seen,884,val:2008_004140:part_91,2008_004140,person,eyebrow,eyebrow,0.0,0.0,0.0,0.0008205689373426139,0.0010118484497070312,0.0,7.152557373046875e-06
rotation_consistent,test_seen,885,val:2008_004140:part_92,2008_004140,person,mouth,mouth,0.0,0.0,0.0,0.00041028446867130697,1.0,0.998046875,1.0
rotation_consistent,test_seen,886,val:2008_004140:part_93,2008_004140,person,hair,hair,0.2936508059501648,0.453987717628479,0.03267974033951759,0.03412199020385742,1.0,0.958984375,1.0
rotation_consistent,test_seen,887,val:2008_004140:part_94,2008_004140,person,lower arm,lower arm,0.3484848439693451,0.516853928565979,0.08310992270708084,0.04752461612224579,1.0,1.0,1.0
rotation_consistent,test_seen,888,val:2008_004140:part_95,2008_004140,person,upper arm,upper arm,0.7332149147987366,0.8460749983787537,0.03975200653076172,0.14612965285778046,1.0,0.9990234375,1.0
rotation_consistent,test_seen,889,val:2008_004140:part_96,2008_004140,person,hand,hand,0.20000000298023224,0.3333333432674408,0.24452555179595947,0.01983041502535343,1.0,0.99853515625,1.0
rotation_consistent,test_seen,890,val:2008_004175:part_70,2008_004175,horse,tail,tail,0.22826087474822998,0.37168142199516296,0.7472527623176575,0.059863947331905365,1.0,0.89892578125,1.0
rotation_consistent,test_seen,891,val:2008_004175:part_71,2008_004175,horse,head,head,0.3008130192756653,0.4625000059604645,0.32786884903907776,0.05170068144798279,1.0,1.0,1.0
rotation_consistent,test_seen,892,val:2008_004175:part_72,2008_004175,horse,eye,eye,0.0,0.0,0.0,0.004081632476300001,0.008880615234375,0.0,0.00010889768600463867
rotation_consistent,test_seen,893,val:2008_004175:part_73,2008_004175,horse,torso,torso,0.6498054265975952,0.7877358198165894,0.045130640268325806,0.5809524059295654,1.0,1.0,1.0
rotation_consistent,test_seen,894,val:2008_004175:part_74,2008_004175,horse,neck,neck,0.5833333134651184,0.7368420958518982,0.2384105920791626,0.18231292068958282,1.0,1.0,1.0
rotation_consistent,test_seen,895,val:2008_004175:part_75,2008_004175,horse,leg,leg,0.2131979763507843,0.3514644205570221,0.5666666626930237,0.08027210831642151,1.0,1.0,1.0
rotation_consistent,test_seen,896,val:2008_004175:part_76,2008_004175,horse,ear,ear,0.0,0.0,0.0,0.004081632476300001,0.006877899169921875,0.0,6.920099258422852e-05
rotation_consistent,test_seen,897,val:2008_004175:part_77,2008_004175,horse,muzzle,muzzle,0.23000000417232513,0.3739837408065796,0.49000000953674316,0.031292516738176346,1.0,0.99951171875,1.0
rotation_consistent,test_seen,898,val:2008_004212:part_109,2008_004212,train,head,head,0.0038610037881881,0.007692307699471712,0.13067150115966797,0.05027933046221733,1.0,1.0,1.0
rotation_consistent,test_seen,899,val:2008_004212:part_110,2008_004212,train,front,front,0.7018229365348816,0.8247895836830139,0.06972789019346237,0.3651599884033203,1.0,1.0,1.0
rotation_consistent,test_seen,900,val:2008_004212:part_111,2008_004212,train,side,side,0.5462398529052734,0.7065395712852478,0.09023706614971161,0.549263596534729,1.0,1.0,1.0
rotation_consistent,test_seen,901,val:2008_004212:part_114,2008_004212,train,coach,coach,0.004273504484444857,0.008510638028383255,0.06084959954023361,0.010411376133561134,1.0,1.0,1.0
rotation_consistent,test_seen,902,val:2008_004279:part_115,2008_004279,tvmonitor,screen,screen,0.761931836605072,0.8648822903633118,0.005399261135607958,0.6554293632507324,1.0,0.99951171875,1.0
rotation_consistent,test_seen,903,val:2008_004363:part_6,2008_004363,bicycle,wheel,wheel,0.28720083832740784,0.4462409019470215,0.6642776131629944,0.557601273059845,1.0,0.9990234375,1.0
rotation_consistent,test_seen,904,val:2008_004363:part_7,2008_004363,bicycle,saddle,saddle,0.19512194395065308,0.3265306055545807,0.2380952388048172,0.0294581800699234,1.0,0.99951171875,1.0
rotation_consistent,test_seen,905,val:2008_004363:part_8,2008_004363,bicycle,handlebar,handlebar,0.080684594810009,0.1493212729692459,0.3298429250717163,0.031562335789203644,1.0,1.0,1.0
rotation_consistent,test_seen,906,val:2008_004363:part_9,2008_004363,bicycle,chainwheel,chainwheel,0.2380952388048172,0.38461539149284363,0.5811966061592102,0.0341925285756588,1.0,0.99462890625,1.0
rotation_consistent,test_seen,907,val:2008_004367:part_109,2008_004367,train,head,head,0.03940886631608009,0.0758293867111206,0.210807204246521,0.010703070089221,1.0,1.0,1.0
rotation_consistent,test_seen,908,val:2008_004367:part_110,2008_004367,train,front,front,0.7092511057853699,0.8298969268798828,0.06669516861438751,0.32115617394447327,1.0,1.0,1.0
rotation_consistent,test_seen,909,val:2008_004367:part_111,2008_004367,train,side,side,0.4414520859718323,0.6125102639198303,0.05811604857444763,0.31731078028678894,1.0,1.0,1.0
rotation_consistent,test_seen,910,val:2008_004367:part_114,2008_004367,train,coach,coach,0.015096217393875122,0.02974342182278633,0.06403599679470062,0.021854771301150322,1.0,1.0,1.0
rotation_consistent,test_seen,911,val:2008_004396:part_71,2008_004396,horse,head,head,0.6369122266769409,0.7781873941421509,0.0818476527929306,0.24406780302524567,1.0,1.0,1.0
rotation_consistent,test_seen,912,val:2008_004396:part_72,2008_004396,horse,eye,eye,0.48322147130966187,0.651583731174469,0.0902777761220932,0.006692742463201284,0.008880615234375,0.0,0.00010889768600463867
rotation_consistent,test_seen,913,val:2008_004396:part_73,2008_004396,horse,torso,torso,0.5917456746101379,0.7435178756713867,0.22100266814231873,0.20312906801700592,1.0,1.0,1.0
rotation_consistent,test_seen,914,val:2008_004396:part_76,2008_004396,horse,ear,ear,0.625668466091156,0.7697368264198303,0.3363390564918518,0.06214689090847969,0.006877899169921875,0.0,6.920099258422852e-05
rotation_consistent,test_seen,915,val:2008_004396:part_77,2008_004396,horse,muzzle,muzzle,0.872081995010376,0.9316707253456116,0.035375989973545074,0.40773576498031616,1.0,0.99951171875,1.0
rotation_consistent,test_seen,916,val:2008_004399:part_83,2008_004399,person,head,head,0.32773110270500183,0.49367088079452515,0.0714285746216774,0.20900900661945343,1.0,1.0,1.0
rotation_consistent,test_seen,917,val:2008_004399:part_84,2008_004399,person,eye,eye,0.0,0.0,0.0,0.007207207381725311,0.008880615234375,0.0,0.00010889768600463867
rotation_consistent,test_seen,918,val:2008_004399:part_85,2008_004399,person,torso,torso,0.4839857518672943,0.6522781848907471,0.1684981733560562,0.2594594657421112,1.0,1.0,1.0
rotation_consistent,test_seen,919,val:2008_004399:part_87,2008_004399,person,leg,leg,0.11940298229455948,0.2133333384990692,0.7164179086685181,0.14414414763450623,1.0,1.0,1.0
rotation_consistent,test_seen,920,val:2008_004399:part_88,2008_004399,person,foot,foot,0.0,0.0,0.0,0.03963964059948921,1.0,1.0,1.0
rotation_consistent,test_seen,921,val:2008_004399:part_89,2008_004399,person,nose,nose,0.0,0.0,0.0,0.007207207381725311,1.0,0.9814453125,1.0
rotation_consistent,test_seen,922,val:2008_004399:part_94,2008_004399,person,lower arm,lower arm,0.05420560762286186,0.10283687710762024,0.5028142333030701,0.05585585534572601,1.0,1.0,1.0
rotation_consistent,test_seen,923,val:2008_004399:part_95,2008_004399,person,upper arm,upper arm,0.20270270109176636,0.33707866072654724,0.03802281245589256,0.16756756603717804,1.0,0.9990234375,1.0
rotation_consistent,test_seen,924,val:2008_004399:part_96,2008_004399,person,hand,hand,0.008565310388803482,0.01698513887822628,0.5824410915374756,0.007207207381725311,1.0,0.99853515625,1.0
rotation_consistent,test_seen,925,val:2008_004477:part_97,2008_004477,pottedplant,pot,pot,0.0,0.0,0.0,0.06299212574958801,1.0,1.0,1.0
rotation_consistent,test_seen,926,val:2008_004477:part_98,2008_004477,pottedplant,plant,plant,0.369047611951828,0.539130449295044,0.30940595269203186,0.9315944910049438,1.0,1.0,1.0
rotation_consistent,test_seen,927,val:2008_004575:part_83,2008_004575,person,head,head,0.0,0.0,0.0,0.04368932172656059,1.0,1.0,1.0
rotation_consistent,test_seen,928,val:2008_004575:part_84,2008_004575,person,eye,eye,0.0,0.0,0.0,0.0007925500394776464,0.008880615234375,0.0,0.00010889768600463867
rotation_consistent,test_seen,929,val:2008_004575:part_85,2008_004575,person,torso,torso,0.0,0.0,0.016949152573943138,0.26827818155288696,1.0,1.0,1.0
rotation_consistent,test_seen,930,val:2008_004575:part_86,2008_004575,person,neck,neck,0.0,0.0,0.0,0.012878937646746635,1.0,1.0,1.0
rotation_consistent,test_seen,931,val:2008_004575:part_87,2008_004575,person,leg,leg,0.0382513664662838,0.0736842080950737,0.125,0.10818307846784592,1.0,1.0,1.0
rotation_consistent,test_seen,932,val:2008_004575:part_89,2008_004575,person,nose,nose,0.0,0.0,0.0,0.0026748564559966326,1.0,0.9814453125,1.0
rotation_consistent,test_seen,933,val:2008_004575:part_90,2008_004575,person,ear,ear,0.0,0.0,0.0,0.0025757874827831984,0.006877899169921875,0.0,6.920099258422852e-05
rotation_consistent,test_seen,934,val:2008_004575:part_91,2008_004575,person,eyebrow,eyebrow,0.0,0.0,0.0,0.0009906875202432275,0.0010118484497070312,0.0,7.152557373046875e-06
rotation_consistent,test_seen,935,val:2008_004575:part_92,2008_004575,person,mouth,mouth,0.0,0.0,0.0,0.0020804437808692455,1.0,0.998046875,1.0
rotation_consistent,test_seen,936,val:2008_004575:part_93,2008_004575,person,hair,hair,0.025145066902041435,0.049056604504585266,0.208913654088974,0.016940757632255554,1.0,0.958984375,1.0
rotation_consistent,test_seen,937,val:2008_004575:part_94,2008_004575,person,lower arm,lower arm,0.0,0.0,0.0,0.013473350554704666,1.0,1.0,1.0
rotation_consistent,test_seen,938,val:2008_004575:part_95,2008_004575,person,upper arm,upper arm,0.4807903468608856,0.6493698954582214,0.025641025975346565,0.07568852603435516,1.0,0.9990234375,1.0
rotation_consistent,test_seen,939,val:2008_004575:part_96,2008_004575,person,hand,hand,0.34025558829307556,0.5077472925186157,0.1276150643825531,0.03576381877064705,1.0,0.99853515625,1.0
rotation_consistent,test_seen,940,val:2008_004610:part_109,2008_004610,train,head,head,0.046894803643226624,0.08958838135004044,0.47291362285614014,0.012852777726948261,1.0,1.0,1.0
rotation_consistent,test_seen,941,val:2008_004610:part_110,2008_004610,train,front,front,0.7861146330833435,0.8802510499954224,0.09598343074321747,0.6225957274436951,1.0,1.0,1.0
rotation_consistent,test_seen,942,val:2008_004610:part_111,2008_004610,train,side,side,0.7241793274879456,0.8400278687477112,0.057051025331020355,0.3268020749092102,1.0,1.0,1.0
rotation_consistent,test_seen,943,val:2008_004624:part_70,2008_004624,horse,tail,tail,0.007299270015209913,0.014492753893136978,0.9871794581413269,0.01678321696817875,1.0,0.89892578125,1.0
rotation_consistent,test_seen,944,val:2008_004624:part_71,2008_004624,horse,head,head,0.43668121099472046,0.6079027652740479,0.34554973244667053,0.03860139846801758,1.0,1.0,1.0
rotation_consistent,test_seen,945,val:2008_004624:part_72,2008_004624,horse,eye,eye,0.0,0.0,0.0,0.0005591277731582522,0.008880615234375,0.0,0.00010889768600463867
rotation_consistent,test_seen,946,val:2008_004624:part_73,2008_004624,horse,torso,torso,0.7493215799331665,0.8566996455192566,0.21350613236427307,0.6223776340484619,1.0,1.0,1.0
rotation_consistent,test_seen,947,val:2008_004624:part_74,2008_004624,horse,neck,neck,0.5506607890129089,0.7102272510528564,0.32265445590019226,0.07468531280755997,1.0,1.0,1.0
rotation_consistent,test_seen,948,val:2008_004624:part_75,2008_004624,horse,leg,leg,0.3322332203388214,0.4987613558769226,0.5273631811141968,0.17146852612495422,1.0,1.0,1.0
rotation_consistent,test_seen,949,val:2008_004624:part_76,2008_004624,horse,ear,ear,0.0,0.0,0.0,0.002797202905640006,0.006877899169921875,0.0,6.920099258422852e-05
rotation_consistent,test_seen,950,val:2008_004624:part_77,2008_004624,horse,muzzle,muzzle,0.11046511679887772,0.19895288348197937,0.5840708017349243,0.02181818149983883,1.0,0.99951171875,1.0
rotation_consistent,test_seen,951,val:2008_004624:part_78,2008_004624,horse,hoof,hoof,0.060457516461610794,0.11402156949043274,0.8148148059844971,0.02293706312775612,1.0,0.998046875,1.0
rotation_consistent,test_seen,952,val:2008_004654:part_83,2008_004654,person,head,head,0.32085561752319336,0.4858299493789673,0.02295081876218319,0.06274900585412979,1.0,1.0,1.0
rotation_consistent,test_seen,953,val:2008_004654:part_84,2008_004654,person,eye,eye,0.0,0.0,0.0,0.0009960159659385681,0.008880615234375,0.0,0.00010889768600463867
rotation_consistent,test_seen,954,val:2008_004654:part_85,2008_004654,person,torso,torso,0.5690072774887085,0.7253086566925049,0.04344262182712555,0.24037185311317444,1.0,1.0,1.0
rotation_consistent,test_seen,955,val:2008_004654:part_86,2008_004654,person,neck,neck,0.30980393290519714,0.473053902387619,0.0,0.03519256412982941,1.0,1.0,1.0
rotation_consistent,test_seen,956,val:2008_004654:part_87,2008_004654,person,leg,leg,0.19595035910606384,0.3276897966861725,0.4746945798397064,0.41766268014907837,1.0,1.0,1.0
rotation_consistent,test_seen,957,val:2008_004654:part_88,2008_004654,person,foot,foot,0.32163742184638977,0.48672565817832947,0.43877550959587097,0.042496681213378906,1.0,1.0,1.0
rotation_consistent,test_seen,958,val:2008_004654:part_89,2008_004654,person,nose,nose,0.0,0.0,0.0,0.0016600266098976135,1.0,0.9814453125,1.0
rotation_consistent,test_seen,959,val:2008_004654:part_90,2008_004654,person,ear,ear,0.0,0.0,0.0,0.0006640106439590454,0.006877899169921875,0.0,6.920099258422852e-05
rotation_consistent,test_seen,960,val:2008_004654:part_91,2008_004654,person,eyebrow,eyebrow,0.0,0.0,0.0,0.0026560425758361816,0.0010118484497070312,0.0,7.152557373046875e-06
rotation_consistent,test_seen,961,val:2008_004654:part_92,2008_004654,person,mouth,mouth,0.0,0.0,0.0,0.0019920319318771362,1.0,0.998046875,1.0
rotation_consistent,test_seen,962,val:2008_004654:part_93,2008_004654,person,hair,hair,0.1778523474931717,0.30199429392814636,0.23170731961727142,0.034860558807849884,1.0,0.958984375,1.0
rotation_consistent,test_seen,963,val:2008_004654:part_94,2008_004654,person,lower arm,lower arm,0.26595744490623474,0.42016807198524475,0.5518763661384583,0.047144755721092224,1.0,1.0,1.0
rotation_consistent,test_seen,964,val:2008_004654:part_95,2008_004654,person,upper arm,upper arm,0.31072553992271423,0.47412756085395813,0.4202898442745209,0.09262948483228683,1.0,0.9990234375,1.0
rotation_consistent,test_seen,965,val:2008_004654:part_96,2008_004654,person,hand,hand,0.09669211506843567,0.17633411288261414,0.8184143304824829,0.013280212879180908,1.0,0.99853515625,1.0
rotation_consistent,test_seen,966,val:2008_004659:part_20,2008_004659,bottle,body,body,0.8485361933708191,0.9180628657341003,0.059889622032642365,0.8871365189552307,1.0,1.0,1.0
rotation_consistent,test_seen,967,val:2008_004659:part_21,2008_004659,bottle,cap,cap,0.8517134189605713,0.9199192523956299,0.028890347108244896,0.10202070325613022,1.0,0.98876953125,1.0
rotation_consistent,test_seen,968,val:2008_004687:part_70,2008_004687,horse,tail,tail,0.4003795087337494,0.5718157291412354,0.3158508241176605,0.15858352184295654,1.0,0.89892578125,1.0
rotation_consistent,test_seen,969,val:2008_004687:part_71,2008_004687,horse,head,head,0.2690909206867218,0.42406877875328064,0.49047619104385376,0.03566846251487732,1.0,1.0,1.0
rotation_consistent,test_seen,970,val:2008_004687:part_72,2008_004687,horse,eye,eye,0.0,0.0,0.0,0.0023094688076525927,0.008880615234375,0.0,0.00010889768600463867
rotation_consistent,test_seen,971,val:2008_004687:part_73,2008_004687,horse,torso,torso,0.46809110045433044,0.6376867294311523,0.3199059069156647,0.4672825336456299,1.0,1.0,1.0
rotation_consistent,test_seen,972,val:2008_004687:part_74,2008_004687,horse,neck,neck,0.47089487314224243,0.6402835249900818,0.3062801957130432,0.16884782910346985,1.0,1.0,1.0
rotation_consistent,test_seen,973,val:2008_004687:part_75,2008_004687,horse,leg,leg,0.28438469767570496,0.44283413887023926,0.4640088677406311,0.08698999136686325,1.0,1.0,1.0
rotation_consistent,test_seen,974,val:2008_004687:part_77,2008_004687,horse,muzzle,muzzle,0.29629629850387573,0.4571428596973419,0.565597653388977,0.028740055859088898,1.0,0.99951171875,1.0
rotation_consistent,test_seen,975,val:2008_004687:part_78,2008_004687,horse,hoof,hoof,0.11210761964321136,0.2016129046678543,0.6681614518165588,0.006415191106498241,1.0,0.998046875,1.0
rotation_consistent,test_seen,976,val:2008_004701:part_52,2008_004701,cow,head,head,0.7005613446235657,0.8239177465438843,0.04953519254922867,0.27347323298454285,1.0,1.0,1.0
rotation_consistent,test_seen,977,val:2008_004701:part_53,2008_004701,cow,eye,eye,0.5249999761581421,0.688524603843689,0.0,0.003112473525106907,0.008880615234375,0.0,0.00010889768600463867
rotation_consistent,test_seen,978,val:2008_004701:part_54,2008_004701,cow,torso,torso,0.7731698751449585,0.8720765113830566,0.04224168136715889,0.5204904675483704,1.0,1.0,1.0
rotation_consistent,test_seen,979,val:2008_004701:part_58,2008_004701,cow,muzzle,muzzle,0.5168443322181702,0.6814731359481812,0.09865182638168335,0.11511436104774475,1.0,0.99951171875,1.0
rotation_consistent,test_seen,980,val:2008_004701:part_59,2008_004701,cow,horn,horn,0.5105088353157043,0.6759428977966309,0.2917243242263794,0.08719641715288162,0.2100830078125,6.556510925292969e-07,0.00591278076171875
rotation_consistent,test_seen,981,val:2008_004704:part_0,2008_004704,aeroplane,body,body,0.7570727467536926,0.8617432117462158,0.1159331426024437,0.5245962738990784,1.0,1.0,1.0
rotation_consistent,test_seen,982,val:2008_004704:part_1,2008_004704,aeroplane,stern,stern,0.14017227292060852,0.24587911367416382,0.3478260934352875,0.028401708230376244,1.0,1.0,1.0
rotation_consistent,test_seen,983,val:2008_004704:part_2,2008_004704,aeroplane,wing,wing,0.4012206792831421,0.5726730823516846,0.36318930983543396,0.1406162977218628,0.99853515625,0.00031757354736328125,0.962890625
rotation_consistent,test_seen,984,val:2008_004704:part_4,2008_004704,aeroplane,engine,engine,0.6889150142669678,0.8158078193664551,0.19200235605239868,0.21746797859668732,1.0,0.99951171875,1.0
rotation_consistent,test_seen,985,val:2008_004704:part_5,2008_004704,aeroplane,wheel,wheel,0.297573447227478,0.45866140723228455,0.32832616567611694,0.051048822700977325,1.0,0.9990234375,1.0
rotation_consistent,test_seen,986,val:2008_004705:part_71,2008_004705,horse,head,head,0.4711070656776428,0.6404796242713928,0.11651962250471115,0.15465974807739258,1.0,1.0,1.0
rotation_consistent,test_seen,987,val:2008_004705:part_72,2008_004705,horse,eye,eye,0.07199999690055847,0.13432836532592773,0.0,0.005388146266341209,0.008880615234375,0.0,0.00010889768600463867
rotation_consistent,test_seen,988,val:2008_004705:part_73,2008_004705,horse,torso,torso,0.6566227078437805,0.7927244901657104,0.2069825381040573,0.38984236121177673,1.0,1.0,1.0
rotation_consistent,test_seen,989,val:2008_004705:part_76,2008_004705,horse,ear,ear,0.4970119595527649,0.6640053391456604,0.4665991961956024,0.05138694867491722,0.006877899169921875,0.0,6.920099258422852e-05
rotation_consistent,test_seen,990,val:2008_004705:part_77,2008_004705,horse,muzzle,muzzle,0.7842458486557007,0.879078209400177,0.0720660388469696,0.3754739463329315,1.0,0.99951171875,1.0
rotation_consistent,test_seen,991,val:2008_004754:part_115,2008_004754,tvmonitor,screen,screen,0.835583508014679,0.9104282259941101,0.0,0.5940051078796387,1.0,0.99951171875,1.0
rotation_consistent,test_seen,992,val:2008_004758:part_6,2008_004758,bicycle,wheel,wheel,0.2121812403202057,0.3500817120075226,0.6553980112075806,0.5495772361755371,1.0,0.9990234375,1.0
rotation_consistent,test_seen,993,val:2008_004758:part_7,2008_004758,bicycle,saddle,saddle,0.5642023086547852,0.7213930487632751,0.1265060305595398,0.060466308146715164,1.0,0.99951171875,1.0
rotation_consistent,test_seen,994,val:2008_004758:part_8,2008_004758,bicycle,handlebar,handlebar,0.11244980245828629,0.20216606557369232,0.7100093364715576,0.08096335828304291,1.0,1.0,1.0
rotation_consistent,test_seen,995,val:2008_004758:part_9,2008_004758,bicycle,chainwheel,chainwheel,0.629539966583252,0.7726597189903259,0.23970943689346313,0.06661542505025864,1.0,0.99462890625,1.0
rotation_consistent,test_seen,996,val:2008_004910:part_115,2008_004910,tvmonitor,screen,screen,0.7913752794265747,0.8835393786430359,0.0,0.4633720815181732,1.0,0.99951171875,1.0
rotation_consistent,test_seen,997,val:2008_004995:part_6,2008_004995,bicycle,wheel,wheel,0.2615262269973755,0.4146187901496887,0.4206896424293518,0.5515035390853882,1.0,0.9990234375,1.0
rotation_consistent,test_seen,998,val:2008_004995:part_7,2008_004995,bicycle,saddle,saddle,0.38764044642448425,0.5587044358253479,0.5089820623397827,0.05118362233042717,1.0,0.99951171875,1.0
rotation_consistent,test_seen,999,val:2008_004995:part_8,2008_004995,bicycle,handlebar,handlebar,0.18089431524276733,0.30636832118034363,0.6549586653709412,0.06206014007329941,1.0,1.0,1.0
rotation_consistent,test_seen,1000,val:2008_004995:part_9,2008_004995,bicycle,chainwheel,chainwheel,0.5018050670623779,0.6682692170143127,0.1863117814064026,0.09788867831230164,1.0,0.99462890625,1.0
rotation_consistent,test_seen,1001,val:2008_005089:part_20,2008_005089,bottle,body,body,0.2370370328426361,0.38323354721069336,0.4754098355770111,0.4335378408432007,1.0,1.0,1.0
rotation_consistent,test_seen,1002,val:2008_005089:part_21,2008_005089,bottle,cap,cap,0.0,0.0,0.0,0.0061349691823124886,1.0,0.98876953125,1.0
rotation_consistent,test_seen,1003,val:2008_005097:part_52,2008_005097,cow,head,head,0.27560269832611084,0.4321137070655823,0.013629283756017685,0.055900152772665024,1.0,1.0,1.0
rotation_consistent,test_seen,1004,val:2008_005097:part_53,2008_005097,cow,eye,eye,0.018691588193178177,0.03669724613428116,0.0,0.0016641452675685287,0.008880615234375,0.0,0.00010889768600463867
rotation_consistent,test_seen,1005,val:2008_005097:part_54,2008_005097,cow,torso,torso,0.20549486577510834,0.340930312871933,0.06238003820180893,0.13695159554481506,1.0,1.0,1.0
rotation_consistent,test_seen,1006,val:2008_005097:part_57,2008_005097,cow,ear,ear,0.25008517503738403,0.40010902285575867,0.04765291512012482,0.03241300955414772,0.006877899169921875,0.0,6.920099258422852e-05
rotation_consistent,test_seen,1007,val:2008_005097:part_58,2008_005097,cow,muzzle,muzzle,0.25661730766296387,0.40842556953430176,0.01338112261146307,0.05359303951263428,1.0,0.99951171875,1.0
rotation_consistent,test_seen,1008,val:2008_005105:part_51,2008_005105,cow,tail,tail,0.24217961728572845,0.38992688059806824,0.05614035204052925,0.04264972731471062,1.0,0.89892578125,1.0
rotation_consistent,test_seen,1009,val:2008_005105:part_52,2008_005105,cow,head,head,0.2646239697933197,0.41850221157073975,0.008305647410452366,0.034709617495536804,1.0,1.0,1.0
rotation_consistent,test_seen,1010,val:2008_005105:part_53,2008_005105,cow,eye,eye,0.0,0.0,0.0,0.0012477313866838813,0.008880615234375,0.0,0.00010889768600463867
rotation_consistent,test_seen,1011,val:2008_005105:part_54,2008_005105,cow,torso,torso,0.8649289011955261,0.9275730848312378,0.047626201063394547,0.6733212471008301,1.0,1.0,1.0
rotation_consistent,test_seen,1012,val:2008_005105:part_56,2008_005105,cow,leg,leg,0.45945945382118225,0.6296296119689941,0.3883427083492279,0.16084392368793488,1.0,1.0,1.0
rotation_consistent,test_seen,1013,val:2008_005105:part_57,2008_005105,cow,ear,ear,0.27373069524765015,0.4298093616962433,0.3718309998512268,0.025181489065289497,0.006877899169921875,0.0,6.920099258422852e-05
rotation_consistent,test_seen,1014,val:2008_005105:part_58,2008_005105,cow,muzzle,muzzle,0.6754385828971863,0.8062826991081238,0.0,0.031647004187107086,1.0,0.99951171875,1.0
rotation_consistent,test_seen,1015,val:2008_005105:part_59,2008_005105,cow,horn,horn,0.1492537260055542,0.25974026322364807,0.46568626165390015,0.01485934667289257,0.2100830078125,6.556510925292969e-07,0.00591278076171875
rotation_consistent,test_seen,1016,val:2008_005217:part_97,2008_005217,pottedplant,pot,pot,0.5566974878311157,0.7152288556098938,0.13342846930027008,0.22283373773097992,1.0,1.0,1.0
rotation_consistent,test_seen,1017,val:2008_005217:part_98,2008_005217,pottedplant,plant,plant,0.4201761484146118,0.5917239785194397,0.271321564912796,0.6054012775421143,1.0,1.0,1.0
rotation_consistent,test_seen,1018,val:2008_005242:part_97,2008_005242,pottedplant,pot,pot,0.6385384798049927,0.7794000506401062,0.07914438843727112,0.21070754528045654,1.0,1.0,1.0
rotation_consistent,test_seen,1019,val:2008_005242:part_98,2008_005242,pottedplant,plant,plant,0.686955451965332,0.8144322037696838,0.12025396525859833,0.6091302633285522,1.0,1.0,1.0
rotation_consistent,test_seen,1020,val:2008_005245:part_83,2008_005245,person,head,head,0.6166666746139526,0.7628865838050842,0.028901733458042145,0.08833196014165878,1.0,1.0,1.0
rotation_consistent,test_seen,1021,val:2008_005245:part_85,2008_005245,person,torso,torso,0.5185185074806213,0.6829268336296082,0.032258063554763794,0.1791290044784546,1.0,1.0,1.0
rotation_consistent,test_seen,1022,val:2008_005245:part_87,2008_005245,person,leg,leg,0.5133689641952515,0.6784452199935913,0.25960785150527954,0.290057510137558,1.0,1.0,1.0
rotation_consistent,test_seen,1023,val:2008_005245:part_88,2008_005245,person,foot,foot,0.14166666567325592,0.24817518889904022,0.7166666388511658,0.03163516893982887,1.0,1.0,1.0
rotation_consistent,test_seen,1024,val:2008_005245:part_94,2008_005245,person,lower arm,lower arm,0.19200000166893005,0.3221476376056671,0.48856547474861145,0.047247327864170074,1.0,1.0,1.0
rotation_consistent,test_seen,1025,val:2008_005245:part_95,2008_005245,person,upper arm,upper arm,0.3762575387954712,0.5467836260795593,0.19721578061580658,0.10394412279129028,1.0,0.9990234375,1.0
rotation_consistent,test_seen,1026,val:2008_005245:part_96,2008_005245,person,hand,hand,0.05343511328101158,0.10144927352666855,0.649350643157959,0.01848808489739895,1.0,0.99853515625,1.0
rotation_consistent,test_seen,1027,val:2008_005254:part_115,2008_005254,tvmonitor,screen,screen,0.8058578372001648,0.8924931287765503,0.0,0.5196326971054077,1.0,0.99951171875,1.0
rotation_consistent,test_seen,1028,val:2008_005338:part_83,2008_005338,person,head,head,0.0,0.0,0.0,0.05588235333561897,1.0,1.0,1.0
rotation_consistent,test_seen,1029,val:2008_005338:part_84,2008_005338,person,eye,eye,0.0,0.0,0.0,0.0029411765281111,0.008880615234375,0.0,0.00010889768600463867
rotation_consistent,test_seen,1030,val:2008_005338:part_85,2008_005338,person,torso,torso,0.5529953837394714,0.7121661901473999,0.17961165308952332,0.385294109582901,1.0,1.0,1.0
rotation_consistent,test_seen,1031,val:2008_005338:part_87,2008_005338,person,leg,leg,0.26404494047164917,0.41777777671813965,0.6210191249847412,0.4000000059604645,1.0,1.0,1.0
rotation_consistent,test_seen,1032,val:2008_005338:part_88,2008_005338,person,foot,foot,0.0,0.0,0.0,0.026470588520169258,1.0,1.0,1.0
rotation_consistent,test_seen,1033,val:2008_005338:part_89,2008_005338,person,nose,nose,0.0,0.0,0.0,0.0029411765281111,1.0,0.9814453125,1.0
rotation_consistent,test_seen,1034,val:2008_005338:part_91,2008_005338,person,eyebrow,eyebrow,0.0,0.0,0.0,0.0029411765281111,0.0010118484497070312,0.0,7.152557373046875e-06
rotation_consistent,test_seen,1035,val:2008_005338:part_92,2008_005338,person,mouth,mouth,0.0,0.0,0.0,0.0058823530562222,1.0,0.998046875,1.0
rotation_consistent,test_seen,1036,val:2008_005338:part_94,2008_005338,person,lower arm,lower arm,0.0,0.0,1.0,0.01764705963432789,1.0,1.0,1.0
rotation_consistent,test_seen,1037,val:2008_005338:part_95,2008_005338,person,upper arm,upper arm,0.10000000149011612,0.1818181872367859,0.12290503084659576,0.0882352963089943,1.0,0.9990234375,1.0
rotation_consistent,test_seen,1038,val:2008_005399:part_20,2008_005399,bottle,body,body,0.1598619967699051,0.27565690875053406,0.3497813940048218,0.19781264662742615,1.0,1.0,1.0
rotation_consistent,test_seen,1039,val:2008_005399:part_21,2008_005399,bottle,cap,cap,0.0,0.0,0.7272727489471436,0.0033285783138126135,1.0,0.98876953125,1.0
rotation_consistent,test_seen,1040,val:2008_005439:part_115,2008_005439,tvmonitor,screen,screen,0.6967280507087708,0.8212607502937317,0.0,0.1750725507736206,1.0,0.99951171875,1.0
rotation_consistent,test_seen,1041,val:2008_005445:part_83,2008_005445,person,head,head,0.4046822786331177,0.5761904716491699,0.2214765101671219,0.01946394331753254,1.0,1.0,1.0
rotation_consistent,test_seen,1042,val:2008_005445:part_84,2008_005445,person,eye,eye,0.0,0.0,0.0,0.00047862157225608826,0.008880615234375,0.0,0.00010889768600463867
rotation_consistent,test_seen,1043,val:2008_005445:part_85,2008_005445,person,torso,torso,0.30263930559158325,0.4646555483341217,0.14340835809707642,0.10625398904085159,1.0,1.0,1.0
rotation_consistent,test_seen,1044,val:2008_005445:part_87,2008_005445,person,leg,leg,0.534586489200592,0.6967173218727112,0.25584205985069275,0.25526484847068787,1.0,1.0,1.0
rotation_consistent,test_seen,1045,val:2008_005445:part_88,2008_005445,person,foot,foot,0.24045801162719727,0.38769230246543884,0.6323529481887817,0.03860880807042122,1.0,1.0,1.0
rotation_consistent,test_seen,1046,val:2008_005445:part_89,2008_005445,person,nose,nose,0.12903225421905518,0.22857142984867096,0.0,0.0023931078612804413,1.0,0.9814453125,1.0
rotation_consistent,test_seen,1047,val:2008_005445:part_90,2008_005445,person,ear,ear,0.06896551698446274,0.12903225421905518,0.773809552192688,0.0014358647167682648,0.006877899169921875,0.0,6.920099258422852e-05
rotation_consistent,test_seen,1048,val:2008_005445:part_91,2008_005445,person,eyebrow,eyebrow,0.0,0.0,0.0,0.00015954051923472434,0.0010118484497070312,0.0,7.152557373046875e-06
rotation_consistent,test_seen,1049,val:2008_005445:part_93,2008_005445,person,hair,hair,0.12264151126146317,0.21848739683628082,0.5507246255874634,0.007977026514708996,1.0,0.958984375,1.0
rotation_consistent,test_seen,1050,val:2008_005445:part_94,2008_005445,person,lower arm,lower arm,0.2639999985694885,0.4177215099334717,0.15454545617103577,0.07115507125854492,1.0,1.0,1.0
rotation_consistent,test_seen,1051,val:2008_005445:part_95,2008_005445,person,upper arm,upper arm,0.33006536960601807,0.49631449580192566,0.256207674741745,0.053446076810359955,1.0,0.9990234375,1.0
rotation_consistent,test_seen,1052,val:2008_005445:part_96,2008_005445,person,hand,hand,0.23568281531333923,0.3814616799354553,0.10994764417409897,0.028557753190398216,1.0,0.99853515625,1.0
rotation_consistent,test_seen,1053,val:2008_005525:part_71,2008_005525,horse,head,head,0.49614161252975464,0.6632281541824341,0.012357414700090885,0.20428448915481567,1.0,1.0,1.0
rotation_consistent,test_seen,1054,val:2008_005525:part_72,2008_005525,horse,eye,eye,0.09375,0.17142857611179352,0.0,0.0035989717580378056,0.008880615234375,0.0,0.00010889768600463867
rotation_consistent,test_seen,1055,val:2008_005525:part_73,2008_005525,horse,torso,torso,0.2900608479976654,0.44968554377555847,0.09859155118465424,0.10745501518249512,1.0,1.0,1.0
rotation_consistent,test_seen,1056,val:2008_005525:part_75,2008_005525,horse,leg,leg,0.24089805781841278,0.3882640600204468,0.23732250928878784,0.0970008596777916,1.0,1.0,1.0
rotation_consistent,test_seen,1057,val:2008_005525:part_76,2008_005525,horse,ear,ear,0.35978835821151733,0.5291828513145447,0.18285714089870453,0.05809768661856651,0.006877899169921875,0.0,6.920099258422852e-05
rotation_consistent,test_seen,1058,val:2008_005525:part_77,2008_005525,horse,muzzle,muzzle,0.6709141135215759,0.8030503988265991,0.0,0.2623821794986725,1.0,0.99951171875,1.0
rotation_consistent,test_seen,1059,val:2008_005525:part_78,2008_005525,horse,hoof,hoof,0.0,0.0,0.12727272510528564,0.0037703514099121094,1.0,0.998046875,1.0
rotation_consistent,test_seen,1060,val:2008_005544:part_112,2008_005544,train,back,back,0.9179726839065552,0.9572322964668274,0.060899920761585236,1.0,1.0,1.0,1.0
rotation_consistent,test_seen,1061,val:2008_005544:part_114,2008_005544,train,coach,coach,0.0,0.0,0.06930051743984222,0.0002687088563106954,1.0,1.0,1.0
rotation_consistent,test_seen,1062,val:2008_005642:part_70,2008_005642,horse,tail,tail,0.12215909361839294,0.21772152185440063,0.25641027092933655,0.026174772530794144,1.0,0.89892578125,1.0
rotation_consistent,test_seen,1063,val:2008_005642:part_71,2008_005642,horse,head,head,0.5152838230133057,0.680115282535553,0.2052505910396576,0.05667765811085701,1.0,1.0,1.0
rotation_consistent,test_seen,1064,val:2008_005642:part_72,2008_005642,horse,eye,eye,0.0,0.0,0.0,0.0020610056817531586,0.008880615234375,0.0,0.00010889768600463867
rotation_consistent,test_seen,1065,val:2008_005642:part_73,2008_005642,horse,torso,torso,0.7380106449127197,0.849259078502655,0.07766696810722351,0.5280296802520752,1.0,1.0,1.0
rotation_consistent,test_seen,1066,val:2008_005642:part_74,2008_005642,horse,neck,neck,0.6138613820075989,0.7607361674308777,0.04301075264811516,0.05770816281437874,1.0,1.0,1.0
rotation_consistent,test_seen,1067,val:2008_005642:part_75,2008_005642,horse,leg,leg,0.3424703776836395,0.5102092027664185,0.5250178575515747,0.24093157052993774,1.0,1.0,1.0
rotation_consistent,test_seen,1068,val:2008_005642:part_76,2008_005642,horse,ear,ear,0.1818181872367859,0.3076923191547394,0.7711267471313477,0.01648804545402527,0.006877899169921875,0.0,6.920099258422852e-05
rotation_consistent,test_seen,1069,val:2008_005642:part_77,2008_005642,horse,muzzle,muzzle,0.5100286602973938,0.6755218505859375,0.033210333436727524,0.0527617484331131,1.0,0.99951171875,1.0
rotation_consistent,test_seen,1070,val:2008_005676:part_22,2008_005676,bus,wheel,wheel,0.2680000066757202,0.42271292209625244,0.4083769619464874,0.09071274101734161,1.0,0.9990234375,1.0
rotation_consistent,test_seen,1071,val:2008_005676:part_25,2008_005676,bus,side,side,0.3687828481197357,0.5388478636741638,0.45701539516448975,0.6616270542144775,1.0,1.0,1.0
rotation_consistent,test_seen,1072,val:2008_005676:part_30,2008_005676,bus,door,door,0.2801932394504547,0.4377358555793762,0.10922329872846603,0.0849532037973404,1.0,0.9990234375,1.0
rotation_consistent,test_seen,1073,val:2008_005676:part_31,2008_005676,bus,window,window,0.16563786566257477,0.2842012345790863,0.25293490290641785,0.1411087065935135,1.0,0.935546875,1.0
rotation_consistent,test_seen,1074,val:2008_005680:part_97,2008_005680,pottedplant,pot,pot,0.1023755669593811,0.1857362687587738,0.1802935004234314,0.12457912415266037,1.0,1.0,1.0
rotation_consistent,test_seen,1075,val:2008_005680:part_98,2008_005680,pottedplant,plant,plant,0.09140893816947937,0.16750629246234894,0.27990487217903137,0.1344396322965622,1.0,1.0,1.0
rotation_consistent,test_seen,1076,val:2008_005691:part_71,2008_005691,horse,head,head,0.6858736276626587,0.8136714696884155,0.1472569853067398,0.08154461532831192,1.0,1.0,1.0
rotation_consistent,test_seen,1077,val:2008_005691:part_73,2008_005691,horse,torso,torso,0.6852049231529236,0.8132007122039795,0.06289978325366974,0.5431397557258606,1.0,1.0,1.0
rotation_consistent,test_seen,1078,val:2008_005691:part_74,2008_005691,horse,neck,neck,0.77379310131073,0.8724727630615234,0.16792097687721252,0.18223905563354492,1.0,1.0,1.0
rotation_consistent,test_seen,1079,val:2008_005691:part_75,2008_005691,horse,leg,leg,0.5068089962005615,0.6726917624473572,0.41654303669929504,0.1470959633588791,1.0,1.0,1.0
rotation_consistent,test_seen,1080,val:2008_005691:part_76,2008_005691,horse,ear,ear,0.07111111283302307,0.13278008997440338,0.4863387942314148,0.006102693732827902,0.006877899169921875,0.0,6.920099258422852e-05
rotation_consistent,test_seen,1081,val:2008_005691:part_77,2008_005691,horse,muzzle,muzzle,0.519565224647522,0.6838340759277344,0.3820224702358246,0.026725588366389275,1.0,0.99951171875,1.0
rotation_consistent,test_seen,1082,val:2008_005691:part_78,2008_005691,horse,hoof,hoof,0.15457412600517273,0.2677595615386963,0.6487341523170471,0.010521885938942432,1.0,0.998046875,1.0
rotation_consistent,test_seen,1083,val:2008_005727:part_6,2008_005727,bicycle,wheel,wheel,0.11361410468816757,0.20404572784900665,0.803389847278595,0.6561375260353088,1.0,0.9990234375,1.0
rotation_consistent,test_seen,1084,val:2008_005727:part_7,2008_005727,bicycle,saddle,saddle,0.3234323561191559,0.4887780547142029,0.6700336933135986,0.04158336669206619,1.0,0.99951171875,1.0
rotation_consistent,test_seen,1085,val:2008_005727:part_8,2008_005727,bicycle,handlebar,handlebar,0.08495575189590454,0.15660685300827026,0.798113226890564,0.03318672627210617,1.0,1.0,1.0
rotation_consistent,test_seen,1086,val:2008_005727:part_9,2008_005727,bicycle,chainwheel,chainwheel,0.0,0.0,0.0,0.08396641165018082,1.0,0.99462890625,1.0
rotation_consistent,test_seen,1087,val:2008_005738:part_6,2008_005738,bicycle,wheel,wheel,0.0683453232049942,0.12794612348079681,0.9030612111091614,0.8015872836112976,1.0,0.9990234375,1.0
rotation_consistent,test_seen,1088,val:2008_005738:part_8,2008_005738,bicycle,handlebar,handlebar,0.0,0.0,0.0,0.075396828353405,1.0,1.0,1.0
rotation_consistent,test_seen,1089,val:2008_005738:part_9,2008_005738,bicycle,chainwheel,chainwheel,0.0,0.0,0.0,0.003968254197388887,1.0,0.99462890625,1.0
rotation_consistent,test_seen,1090,val:2008_005812:part_20,2008_005812,bottle,body,body,0.5621301531791687,0.7196969985961914,0.4205298125743866,0.9774266481399536,1.0,1.0,1.0
rotation_consistent,test_seen,1091,val:2008_005812:part_21,2008_005812,bottle,cap,cap,0.04672897234559059,0.0892857164144516,0.6915887594223022,0.011286681517958641,1.0,0.98876953125,1.0
rotation_consistent,test_seen,1092,val:2008_005904:part_20,2008_005904,bottle,body,body,0.920581579208374,0.9586487412452698,0.06287272274494171,0.9953434467315674,1.0,1.0,1.0
rotation_consistent,test_seen,1093,val:2008_006036:part_70,2008_006036,horse,tail,tail,0.06796116381883621,0.12727272510528564,0.41818180680274963,0.069182388484478,1.0,0.89892578125,1.0
rotation_consistent,test_seen,1094,val:2008_006036:part_71,2008_006036,horse,head,head,0.0,0.0,0.0,0.04779874160885811,1.0,1.0,1.0
rotation_consistent,test_seen,1095,val:2008_006036:part_73,2008_006036,horse,torso,torso,0.6738816499710083,0.8051724433898926,0.10895522683858871,0.6163522005081177,1.0,1.0,1.0
rotation_consistent,test_seen,1096,val:2008_006036:part_74,2008_006036,horse,neck,neck,0.0,0.0,0.0,0.13962264358997345,1.0,1.0,1.0
rotation_consistent,test_seen,1097,val:2008_006036:part_75,2008_006036,horse,leg,leg,0.0,0.0,0.0,0.06792452931404114,1.0,1.0,1.0
rotation_consistent,test_seen,1098,val:2008_006036:part_77,2008_006036,horse,muzzle,muzzle,0.0,0.0,0.0,0.025157231837511063,1.0,0.99951171875,1.0
rotation_consistent,test_seen,1099,val:2008_006055:part_109,2008_006055,train,head,head,0.0565149150788784,0.10698365420103073,0.5851271748542786,0.01797802746295929,1.0,1.0,1.0
rotation_consistent,test_seen,1100,val:2008_006055:part_110,2008_006055,train,front,front,0.8265027403831482,0.9050112366676331,0.11332528293132782,0.4872933030128479,1.0,1.0,1.0
rotation_consistent,test_seen,1101,val:2008_006055:part_111,2008_006055,train,side,side,0.6712201237678528,0.8032695651054382,0.09252060204744339,0.4810786843299866,1.0,1.0,1.0
rotation_consistent,test_seen,1102,val:2008_006055:part_114,2008_006055,train,coach,coach,0.0013147082645446062,0.002625964116305113,0.0739094614982605,0.001997558632865548,1.0,1.0,1.0
rotation_consistent,test_seen,1103,val:2008_006063:part_52,2008_006063,cow,head,head,0.6483898758888245,0.7866948246955872,0.0387984998524189,0.19754406809806824,1.0,1.0,1.0
rotation_consistent,test_seen,1104,val:2008_006063:part_53,2008_006063,cow,eye,eye,0.21182265877723694,0.34959349036216736,0.01291989628225565,0.00535004585981369,0.008880615234375,0.0,0.00010889768600463867
rotation_consistent,test_seen,1105,val:2008_006063:part_54,2008_006063,cow,torso,torso,0.7248011827468872,0.8404460549354553,0.0474415123462677,0.40369918942451477,1.0,1.0,1.0
rotation_consistent,test_seen,1106,val:2008_006063:part_56,2008_006063,cow,leg,leg,0.639465868473053,0.7800905108451843,0.2347169816493988,0.09018648415803909,1.0,1.0,1.0
rotation_consistent,test_seen,1107,val:2008_006063:part_57,2008_006063,cow,ear,ear,0.6780319213867188,0.8081275820732117,0.12745974957942963,0.08417405188083649,0.006877899169921875,0.0,6.920099258422852e-05
rotation_consistent,test_seen,1108,val:2008_006063:part_58,2008_006063,cow,muzzle,muzzle,0.8147973418235779,0.8979485630989075,0.035507842898368835,0.2073270082473755,1.0,0.99951171875,1.0
rotation_consistent,test_seen,1109,val:2008_006108:part_83,2008_006108,person,head,head,0.27793532609939575,0.43497559428215027,0.038100820034742355,0.0463402234017849,1.0,1.0,1.0
rotation_consistent,test_seen,1110,val:2008_006108:part_84,2008_006108,person,eye,eye,0.09459459781646729,0.17283950746059418,0.0,0.002880379557609558,0.008880615234375,0.0,0.00010889768600463867
rotation_consistent,test_seen,1111,val:2008_006108:part_85,2008_006108,person,torso,torso,0.33792027831077576,0.5051426291465759,0.04315117001533508,0.2021348625421524,1.0,1.0,1.0
rotation_consistent,test_seen,1112,val:2008_006108:part_86,2008_006108,person,neck,neck,0.15863141417503357,0.2738254964351654,0.0,0.009657743386924267,1.0,1.0,1.0
rotation_consistent,test_seen,1113,val:2008_006108:part_89,2008_006108,person,nose,nose,0.10215053707361221,0.18536585569381714,0.0,0.002541511319577694,1.0,0.9814453125,1.0
rotation_consistent,test_seen,1114,val:2008_006108:part_90,2008_006108,person,ear,ear,0.0,0.0,0.953125,0.0017790579004213214,0.006877899169921875,0.0,6.920099258422852e-05
rotation_consistent,test_seen,1115,val:2008_006108:part_91,2008_006108,person,eyebrow,eyebrow,0.0,0.0,0.0,8.471704495605081e-05,0.0010118484497070312,0.0,7.152557373046875e-06
rotation_consistent,test_seen,1116,val:2008_006108:part_92,2008_006108,person,mouth,mouth,0.17171716690063477,0.2931034564971924,0.0,0.0019484920194372535,1.0,0.998046875,1.0
rotation_consistent,test_seen,1117,val:2008_006108:part_93,2008_006108,person,hair,hair,0.27096113562583923,0.426387757062912,0.19178082048892975,0.031091155484318733,1.0,0.958984375,1.0
rotation_consistent,test_seen,1118,val:2008_006108:part_95,2008_006108,person,upper arm,upper arm,0.3319447934627533,0.4984362721443176,0.13880042731761932,0.11419858038425446,1.0,0.9990234375,1.0
rotation_consistent,test_seen,1119,val:2008_006159:part_115,2008_006159,tvmonitor,screen,screen,0.7126213312149048,0.8321995735168457,0.0,0.5246666669845581,1.0,0.99951171875,1.0
rotation_consistent,test_seen,1120,val:2008_006216:part_83,2008_006216,person,head,head,0.0,0.0,0.0,0.020968908444046974,1.0,1.0,1.0
rotation_consistent,test_seen,1121,val:2008_006216:part_84,2008_006216,person,eye,eye,0.0,0.0,0.0,0.0014461316168308258,0.008880615234375,0.0,0.00010889768600463867
rotation_consistent,test_seen,1122,val:2008_006216:part_85,2008_006216,person,torso,torso,0.4501818120479584,0.620862603187561,0.07927272468805313,0.22378885746002197,1.0,1.0,1.0
rotation_consistent,test_seen,1123,val:2008_006216:part_86,2008_006216,person,neck,neck,0.0,0.0,0.36263737082481384,0.008315256796777248,1.0,1.0,1.0
rotation_consistent,test_seen,1124,val:2008_006216:part_87,2008_006216,person,leg,leg,0.3792784512042999,0.5499664545059204,0.2084656059741974,0.19739696383476257,1.0,1.0,1.0
rotation_consistent,test_seen,1125,val:2008_006216:part_88,2008_006216,person,foot,foot,0.07373271882534027,0.1373390555381775,0.47029703855514526,0.0112075200304389,1.0,1.0,1.0
rotation_consistent,test_seen,1126,val:2008_006216:part_89,2008_006216,person,nose,nose,0.0,0.0,0.0,0.0010845987126231194,1.0,0.9814453125,1.0
rotation_consistent,test_seen,1127,val:2008_006216:part_91,2008_006216,person,eyebrow,eyebrow,0.0,0.0,0.0,0.00036153290420770645,0.0010118484497070312,0.0,7.152557373046875e-06
rotation_consistent,test_seen,1128,val:2008_006216:part_92,2008_006216,person,mouth,mouth,0.0,0.0,0.0,0.0010845987126231194,1.0,0.998046875,1.0
rotation_consistent,test_seen,1129,val:2008_006216:part_93,2008_006216,person,hair,hair,0.02666666731238365,0.051948051899671555,0.9577465057373047,0.0021691974252462387,1.0,0.958984375,1.0
rotation_consistent,test_seen,1130,val:2008_006216:part_94,2008_006216,person,lower arm,lower arm,0.09289617836475372,0.17000000178813934,0.0,0.023499637842178345,1.0,1.0,1.0
rotation_consistent,test_seen,1131,val:2008_006216:part_95,2008_006216,person,upper arm,upper arm,0.16898147761821747,0.28910890221595764,0.0972568541765213,0.03759942203760147,1.0,0.9990234375,1.0
rotation_consistent,test_seen,1132,val:2008_006216:part_96,2008_006216,person,hand,hand,0.07103825360536575,0.13265305757522583,0.021978022530674934,0.00506146065890789,1.0,0.99853515625,1.0
rotation_consistent,test_seen,1133,val:2008_006219:part_71,2008_006219,horse,head,head,0.24068768322467804,0.3879907727241516,0.19764012098312378,0.06045015901327133,1.0,1.0,1.0
rotation_consistent,test_seen,1134,val:2008_006219:part_72,2008_006219,horse,eye,eye,0.0,0.0,0.0,0.0009646302205510437,0.008880615234375,0.0,0.00010889768600463867
rotation_consistent,test_seen,1135,val:2008_006219:part_73,2008_006219,horse,torso,torso,0.23272402584552765,0.3775768578052521,0.1741071492433548,0.16881029307842255,1.0,1.0,1.0
rotation_consistent,test_seen,1136,val:2008_006219:part_74,2008_006219,horse,neck,neck,0.1599999964237213,0.27586206793785095,0.23589743673801422,0.08488745987415314,1.0,1.0,1.0
rotation_consistent,test_seen,1137,val:2008_006219:part_75,2008_006219,horse,leg,leg,0.20192307233810425,0.335999995470047,0.5319740772247314,0.09517684578895569,1.0,1.0,1.0
rotation_consistent,test_seen,1138,val:2008_006219:part_76,2008_006219,horse,ear,ear,0.1388888955116272,0.24390244483947754,0.6698113083839417,0.005466238129884005,0.006877899169921875,0.0,6.920099258422852e-05
rotation_consistent,test_seen,1139,val:2008_006219:part_77,2008_006219,horse,muzzle,muzzle,0.19073569774627686,0.32036614418029785,0.5838509202003479,0.03697749227285385,1.0,0.99951171875,1.0
rotation_consistent,test_seen,1140,val:2008_006219:part_78,2008_006219,horse,hoof,hoof,0.0,0.0,1.0,0.010610932484269142,1.0,0.998046875,1.0
rotation_consistent,test_seen,1141,val:2008_006254:part_6,2008_006254,bicycle,wheel,wheel,0.05283018946647644,0.10035842657089233,0.7680000066757202,0.161594957113266,1.0,0.9990234375,1.0
rotation_consistent,test_seen,1142,val:2008_006254:part_8,2008_006254,bicycle,handlebar,handlebar,0.0,0.0,0.6666666865348816,0.04407135397195816,1.0,1.0,1.0
rotation_consistent,test_seen,1143,val:2008_006275:part_83,2008_006275,person,head,head,0.23064249753952026,0.3748326599597931,0.04072398319840431,0.021291447803378105,1.0,1.0,1.0
rotation_consistent,test_seen,1144,val:2008_006275:part_85,2008_006275,person,torso,torso,0.17082452774047852,0.2918021082878113,0.24046434462070465,0.10910994559526443,1.0,1.0,1.0
rotation_consistent,test_seen,1145,val:2008_006275:part_86,2008_006275,person,neck,neck,0.0,0.0,0.0,0.002303664805367589,1.0,1.0,1.0
rotation_consistent,test_seen,1146,val:2008_006275:part_87,2008_006275,person,leg,leg,0.30308735370635986,0.46518346667289734,0.05281553417444229,0.061849914491176605,1.0,1.0,1.0
rotation_consistent,test_seen,1147,val:2008_006275:part_89,2008_006275,person,nose,nose,0.0,0.0,0.0,0.0011867365101352334,1.0,0.9814453125,1.0
rotation_consistent,test_seen,1148,val:2008_006275:part_90,2008_006275,person,ear,ear,0.0,0.0,0.0,0.0005584642058238387,0.006877899169921875,0.0,6.920099258422852e-05
rotation_consistent,test_seen,1149,val:2008_006275:part_92,2008_006275,person,mouth,mouth,0.0,0.0,0.0,0.0006282722461037338,1.0,0.998046875,1.0
rotation_consistent,test_seen,1150,val:2008_006275:part_93,2008_006275,person,hair,hair,0.0,0.0,0.29078012704849243,0.0013961605727672577,1.0,0.958984375,1.0
rotation_consistent,test_seen,1151,val:2008_006275:part_94,2008_006275,person,lower arm,lower arm,0.0,0.0,0.13812154531478882,0.03825479745864868,1.0,1.0,1.0
rotation_consistent,test_seen,1152,val:2008_006275:part_95,2008_006275,person,upper arm,upper arm,0.23046618700027466,0.37459978461265564,0.05629770830273628,0.05766143277287483,1.0,0.9990234375,1.0
rotation_consistent,test_seen,1153,val:2008_006275:part_96,2008_006275,person,hand,hand,0.20338982343673706,0.3380281627178192,0.2666666805744171,0.005933682434260845,1.0,0.99853515625,1.0
rotation_consistent,test_seen,1154,val:2008_006325:part_42,2008_006325,cat,tail,tail,0.6300040483474731,0.773009181022644,0.34390243887901306,0.0989730954170227,1.0,0.89892578125,1.0
rotation_consistent,test_seen,1155,val:2008_006325:part_43,2008_006325,cat,head,head,0.7211834192276001,0.8380088210105896,0.08313194662332535,0.1974422037601471,1.0,1.0,1.0
rotation_consistent,test_seen,1156,val:2008_006325:part_44,2008_006325,cat,eye,eye,0.18446601927280426,0.31147539615631104,0.0,0.00434700446203351,0.008880615234375,0.0,0.00010889768600463867
rotation_consistent,test_seen,1157,val:2008_006325:part_45,2008_006325,cat,torso,torso,0.712055504322052,0.8318135738372803,0.08468230068683624,0.4227934181690216,1.0,1.0,1.0
rotation_consistent,test_seen,1158,val:2008_006325:part_46,2008_006325,cat,neck,neck,0.5836237072944641,0.7370737195014954,0.020408162847161293,0.05588105693459511,1.0,1.0,1.0
rotation_consistent,test_seen,1159,val:2008_006325:part_47,2008_006325,cat,leg,leg,0.3990267515182495,0.5704348087310791,0.043921567499637604,0.12127511948347092,1.0,1.0,1.0
rotation_consistent,test_seen,1160,val:2008_006325:part_48,2008_006325,cat,nose,nose,0.5476190447807312,0.7076923251152039,0.0,0.003465003566816449,1.0,0.9814453125,1.0
rotation_consistent,test_seen,1161,val:2008_006325:part_49,2008_006325,cat,paw,paw,0.5553662776947021,0.7141292691230774,0.1310894638299942,0.04391104355454445,1.0,0.99951171875,1.0
rotation_consistent,test_seen,1162,val:2008_006325:part_50,2008_006325,cat,ear,ear,0.4302462041378021,0.6016393303871155,0.3097762167453766,0.04674604535102844,0.006877899169921875,0.0,6.920099258422852e-05
rotation_consistent,test_seen,1163,val:2008_006341:part_42,2008_006341,cat,tail,tail,0.022369511425495148,0.04376012831926346,0.044025156646966934,0.14542749524116516,1.0,0.89892578125,1.0
rotation_consistent,test_seen,1164,val:2008_006341:part_43,2008_006341,cat,head,head,0.60215824842453,0.7516838908195496,0.06838365644216537,0.14894481003284454,1.0,1.0,1.0
rotation_consistent,test_seen,1165,val:2008_006341:part_44,2008_006341,cat,eye,eye,0.0,0.0,0.0,0.000405844155466184,0.008880615234375,0.0,0.00010889768600463867
rotation_consistent,test_seen,1166,val:2008_006341:part_45,2008_006341,cat,torso,torso,0.6777273416519165,0.8079111576080322,0.07934508472681046,0.5907738208770752,1.0,1.0,1.0
rotation_consistent,test_seen,1167,val:2008_006341:part_46,2008_006341,cat,neck,neck,0.07180850952863693,0.13399504125118256,0.23999999463558197,0.04437229409813881,1.0,1.0,1.0
rotation_consistent,test_seen,1168,val:2008_006341:part_47,2008_006341,cat,leg,leg,0.05817307531833649,0.10995002090930939,0.11153846234083176,0.0163690485060215,1.0,1.0,1.0
rotation_consistent,test_seen,1169,val:2008_006341:part_48,2008_006341,cat,nose,nose,0.0,0.0,1.0,0.0006764069548808038,1.0,0.9814453125,1.0
rotation_consistent,test_seen,1170,val:2008_006341:part_49,2008_006341,cat,paw,paw,0.060483869165182114,0.11406844109296799,0.10659898817539215,0.01785714365541935,1.0,0.99951171875,1.0
rotation_consistent,test_seen,1171,val:2008_006341:part_50,2008_006341,cat,ear,ear,0.22198732197284698,0.36332181096076965,0.13333334028720856,0.023403679952025414,0.006877899169921875,0.0,6.920099258422852e-05
rotation_consistent,test_seen,1172,val:2008_006408:part_83,2008_006408,person,head,head,0.6785714030265808,0.8085106611251831,0.0,0.113189697265625,1.0,1.0,1.0
rotation_consistent,test_seen,1173,val:2008_006408:part_84,2008_006408,person,eye,eye,0.0,0.0,0.0,0.0002101944264722988,0.008880615234375,0.0,0.00010889768600463867
rotation_consistent,test_seen,1174,val:2008_006408:part_85,2008_006408,person,torso,torso,0.593582034111023,0.7449657320976257,0.11338099837303162,0.4108250141143799,1.0,1.0,1.0
rotation_consistent,test_seen,1175,val:2008_006408:part_89,2008_006408,person,nose,nose,0.4485294222831726,0.6192893385887146,0.0,0.010825012810528278,1.0,0.9814453125,1.0
rotation_consistent,test_seen,1176,val:2008_006408:part_90,2008_006408,person,ear,ear,0.16867469251155853,0.2886597812175751,0.0,0.005570152308791876,0.006877899169921875,0.0,6.920099258422852e-05
rotation_consistent,test_seen,1177,val:2008_006408:part_91,2008_006408,person,eyebrow,eyebrow,0.0,0.0,0.0,0.0003152916324324906,0.0010118484497070312,0.0,7.152557373046875e-06
rotation_consistent,test_seen,1178,val:2008_006408:part_92,2008_006408,person,mouth,mouth,0.02666666731238365,0.051948051899671555,0.0,0.003047819249331951,1.0,0.998046875,1.0
rotation_consistent,test_seen,1179,val:2008_006408:part_93,2008_006408,person,hair,hair,0.8711656332015991,0.9311475157737732,0.06900157034397125,0.18360483646392822,1.0,0.958984375,1.0
rotation_consistent,test_seen,1180,val:2008_006408:part_94,2008_006408,person,lower arm,lower arm,0.43955323100090027,0.6106800436973572,0.21990369260311127,0.09931686520576477,1.0,1.0,1.0
rotation_consistent,test_seen,1181,val:2008_006408:part_95,2008_006408,person,upper arm,upper arm,0.4404636323451996,0.6115581393241882,0.1617647111415863,0.094377301633358,1.0,0.9990234375,1.0
rotation_consistent,test_seen,1182,val:2008_006408:part_96,2008_006408,person,hand,hand,0.6410890817642212,0.7812971472740173,0.08469539135694504,0.06862848252058029,1.0,0.99853515625,1.0
rotation_consistent,test_seen,1183,val:2008_006480:part_43,2008_006480,cat,head,head,0.7669622898101807,0.8681139349937439,0.1261531412601471,0.23112156987190247,1.0,1.0,1.0
rotation_consistent,test_seen,1184,val:2008_006480:part_45,2008_006480,cat,torso,torso,0.5269264578819275,0.6901792287826538,0.1164458766579628,0.4619886875152588,1.0,1.0,1.0
rotation_consistent,test_seen,1185,val:2008_006480:part_46,2008_006480,cat,neck,neck,0.13832516968250275,0.2430327832698822,0.018518518656492233,0.17990966141223907,1.0,1.0,1.0
rotation_consistent,test_seen,1186,val:2008_006480:part_47,2008_006480,cat,leg,leg,0.34622466564178467,0.5143638849258423,0.09407831728458405,0.05280234292149544,1.0,1.0,1.0
rotation_consistent,test_seen,1187,val:2008_006480:part_49,2008_006480,cat,paw,paw,0.6027713418006897,0.7521613836288452,0.16178861260414124,0.054201919585466385,1.0,0.99951171875,1.0
rotation_consistent,test_seen,1188,val:2008_006480:part_50,2008_006480,cat,ear,ear,0.29232802987098694,0.45240533351898193,0.5450928211212158,0.014186653308570385,0.006877899169921875,0.0,6.920099258422852e-05
rotation_consistent,test_seen,1189,val:2008_006523:part_114,2008_006523,train,coach,coach,0.9183706045150757,0.9574486017227173,0.076299287378788,0.9964622855186462,1.0,1.0,1.0
rotation_consistent,test_seen,1190,val:2008_006528:part_51,2008_006528,cow,tail,tail,0.03448275849223137,0.06666667014360428,0.36000001430511475,0.009876543655991554,1.0,0.89892578125,1.0
rotation_consistent,test_seen,1191,val:2008_006528:part_52,2008_006528,cow,head,head,0.5668317079544067,0.7235386967658997,0.12903225421905518,0.1441975235939026,1.0,1.0,1.0
rotation_consistent,test_seen,1192,val:2008_006528:part_53,2008_006528,cow,eye,eye,0.0,0.0,0.0,0.003703703638166189,0.008880615234375,0.0,0.00010889768600463867
rotation_consistent,test_seen,1193,val:2008_006528:part_54,2008_006528,cow,torso,torso,0.7016263008117676,0.8246538043022156,0.11599594354629517,0.5358024835586548,1.0,1.0,1.0
rotation_consistent,test_seen,1194,val:2008_006528:part_56,2008_006528,cow,leg,leg,0.33162519335746765,0.4980758726596832,0.522544264793396,0.1424691379070282,1.0,1.0,1.0
rotation_consistent,test_seen,1195,val:2008_006528:part_57,2008_006528,cow,ear,ear,0.3420427441596985,0.5097345113754272,0.2800000011920929,0.040740739554166794,0.006877899169921875,0.0,6.920099258422852e-05
rotation_consistent,test_seen,1196,val:2008_006528:part_58,2008_006528,cow,muzzle,muzzle,0.4884546995162964,0.656324565410614,0.460966557264328,0.07407407462596893,1.0,0.99951171875,1.0
rotation_consistent,test_seen,1197,val:2008_006528:part_59,2008_006528,cow,horn,horn,0.14676259458065033,0.2559598386287689,0.46603477001190186,0.04049382731318474,0.2100830078125,6.556510925292969e-07,0.00591278076171875
rotation_consistent,test_seen,1198,val:2008_006553:part_109,2008_006553,train,head,head,0.013071895577013493,0.025806451216340065,0.4036885201931,0.012221100740134716,1.0,1.0,1.0
rotation_consistent,test_seen,1199,val:2008_006553:part_110,2008_006553,train,front,front,0.7880038619041443,0.8814342021942139,0.09922273457050323,0.7278842926025391,1.0,1.0,1.0
rotation_consistent,test_seen,1200,val:2008_006553:part_111,2008_006553,train,side,side,0.6681021451950073,0.8010326623916626,0.10591132938861847,0.24386142194271088,1.0,1.0,1.0
rotation_consistent,test_seen,1201,val:2008_006553:part_114,2008_006553,train,coach,coach,0.0005245213978923857,0.001048492849804461,0.08825846761465073,0.0008969615446403623,1.0,1.0,1.0
rotation_consistent,test_seen,1202,val:2008_006554:part_22,2008_006554,bus,wheel,wheel,0.8143236041069031,0.8976607918739319,0.065476194024086,0.07443850487470627,1.0,0.9990234375,1.0
rotation_consistent,test_seen,1203,val:2008_006554:part_23,2008_006554,bus,headlight,headlight,0.0,0.0,0.0,0.008663102053105831,0.99951171875,0.493896484375,0.99609375
rotation_consistent,test_seen,1204,val:2008_006554:part_24,2008_006554,bus,front,front,0.31053459644317627,0.47390520572662354,0.18326693773269653,0.08812834322452545,1.0,1.0,1.0
rotation_consistent,test_seen,1205,val:2008_006554:part_25,2008_006554,bus,side,side,0.5093942880630493,0.6749651432037354,0.10982245206832886,0.4043850302696228,1.0,1.0,1.0
rotation_consistent,test_seen,1206,val:2008_006554:part_28,2008_006554,bus,mirror,mirror,0.0,0.0,0.0,0.0019251336343586445,0.013275146484375,0.0,0.00027370452880859375
rotation_consistent,test_seen,1207,val:2008_006554:part_31,2008_006554,bus,window,window,0.7693979740142822,0.8696720600128174,0.046775657683610916,0.39967915415763855,1.0,0.935546875,1.0
rotation_consistent,test_seen,1208,val:2008_006703:part_0,2008_006703,aeroplane,body,body,0.5900667309761047,0.7421911358833313,0.21993671357631683,0.5179306268692017,1.0,1.0,1.0
rotation_consistent,test_seen,1209,val:2008_006703:part_1,2008_006703,aeroplane,stern,stern,0.6219652891159058,0.7669280171394348,0.18030841648578644,0.3292181193828583,1.0,1.0,1.0
rotation_consistent,test_seen,1210,val:2008_006703:part_2,2008_006703,aeroplane,wing,wing,0.1821705400943756,0.3081967234611511,0.1211240291595459,0.11052322387695312,0.99853515625,0.00031757354736328125,0.962890625
rotation_consistent,test_seen,1211,val:2008_006703:part_5,2008_006703,aeroplane,wheel,wheel,0.22314049303531647,0.36486485600471497,0.6206896305084229,0.03586125746369362,1.0,0.9990234375,1.0
rotation_consistent,test_seen,1212,val:2008_006722:part_83,2008_006722,person,head,head,0.009635974653065205,0.01908801682293415,0.12917114794254303,0.001453941222280264,1.0,1.0,1.0
rotation_consistent,test_seen,1213,val:2008_006722:part_85,2008_006722,person,torso,torso,0.0,0.0,0.6499999761581421,0.005815764889121056,1.0,1.0,1.0
rotation_consistent,test_seen,1214,val:2008_006722:part_87,2008_006722,person,leg,leg,0.003215434029698372,0.006410256493836641,0.11345218867063522,0.000726970611140132,1.0,1.0,1.0
rotation_consistent,test_seen,1215,val:2008_006722:part_90,2008_006722,person,ear,ear,0.07407407462596893,0.13793103396892548,0.7425742745399475,0.0015577941667288542,0.006877899169921875,0.0,6.920099258422852e-05
rotation_consistent,test_seen,1216,val:2008_006752:part_109,2008_006752,train,head,head,0.0067862337455153465,0.013480981811881065,0.02812803164124489,0.0024598229210823774,1.0,1.0,1.0
rotation_consistent,test_seen,1217,val:2008_006752:part_111,2008_006752,train,side,side,0.6841208338737488,0.8124367594718933,0.06940310448408127,0.7359790205955505,1.0,1.0,1.0
rotation_consistent,test_seen,1218,val:2008_006752:part_113,2008_006752,train,roof,roof,0.5038022994995117,0.6700379252433777,0.1597520262002945,0.17497539520263672,1.0,0.9345703125,1.0
rotation_consistent,test_seen,1219,val:2008_006752:part_114,2008_006752,train,coach,coach,0.05909974128007889,0.11160372942686081,0.053467269986867905,0.060511644929647446,1.0,1.0,1.0
rotation_consistent,test_seen,1220,val:2008_007025:part_51,2008_007025,cow,tail,tail,0.03947368264198303,0.07594936341047287,0.2857142984867096,0.007230320479720831,1.0,0.89892578125,1.0
rotation_consistent,test_seen,1221,val:2008_007025:part_52,2008_007025,cow,head,head,0.1990291327238083,0.3319838047027588,0.013358778320252895,0.02530612237751484,1.0,1.0,1.0
rotation_consistent,test_seen,1222,val:2008_007025:part_54,2008_007025,cow,torso,torso,0.4858780801296234,0.6539945602416992,0.06427863240242004,0.4156268239021301,1.0,1.0,1.0
rotation_consistent,test_seen,1223,val:2008_007025:part_55,2008_007025,cow,neck,neck,0.10084033757448196,0.18320611119270325,0.05039096623659134,0.018542274832725525,1.0,1.0,1.0
rotation_consistent,test_seen,1224,val:2008_007025:part_56,2008_007025,cow,leg,leg,0.228314608335495,0.37175264954566956,0.451089471578598,0.06717201322317123,1.0,1.0,1.0
rotation_consistent,test_seen,1225,val:2008_007025:part_57,2008_007025,cow,ear,ear,0.0,0.0,0.3333333432674408,0.005597667768597603,0.006877899169921875,0.0,6.920099258422852e-05
rotation_consistent,test_seen,1226,val:2008_007025:part_58,2008_007025,cow,muzzle,muzzle,0.3333333432674408,0.5,0.1423841118812561,0.015626821666955948,1.0,0.99951171875,1.0
rotation_consistent,test_seen,1227,val:2008_007025:part_59,2008_007025,cow,horn,horn,0.0,0.0,0.4545454680919647,0.0027988338842988014,0.2100830078125,6.556510925292969e-07,0.00591278076171875
rotation_consistent,test_seen,1228,val:2008_007031:part_51,2008_007031,cow,tail,tail,0.12130177766084671,0.21635884046554565,0.25816023349761963,0.008810572326183319,1.0,0.89892578125,1.0
rotation_consistent,test_seen,1229,val:2008_007031:part_52,2008_007031,cow,head,head,0.405303031206131,0.5768194198608398,0.030364371836185455,0.05202433466911316,1.0,1.0,1.0
rotation_consistent,test_seen,1230,val:2008_007031:part_53,2008_007031,cow,eye,eye,0.0,0.0,0.0,0.0006293266196735203,0.008880615234375,0.0,0.00010889768600463867
rotation_consistent,test_seen,1231,val:2008_007031:part_54,2008_007031,cow,torso,torso,0.7206085920333862,0.8376205563545227,0.10813330113887787,0.6656177639961243,1.0,1.0,1.0
rotation_consistent,test_seen,1232,val:2008_007031:part_55,2008_007031,cow,neck,neck,0.3804195821285248,0.5511651635169983,0.029900332912802696,0.08076358586549759,1.0,1.0,1.0
rotation_consistent,test_seen,1233,val:2008_007031:part_56,2008_007031,cow,leg,leg,0.45230263471603394,0.6228765845298767,0.27802690863609314,0.13656388223171234,1.0,1.0,1.0
rotation_consistent,test_seen,1234,val:2008_007031:part_57,2008_007031,cow,ear,ear,0.21212121844291687,0.3499999940395355,0.01840490847826004,0.007761694956570864,0.006877899169921875,0.0,6.920099258422852e-05
rotation_consistent,test_seen,1235,val:2008_007031:part_58,2008_007031,cow,muzzle,muzzle,0.02142857201397419,0.0419580414891243,0.10924369841814041,0.03503251448273659,1.0,0.99951171875,1.0
rotation_consistent,test_seen,1236,val:2008_007123:part_51,2008_007123,cow,tail,tail,0.0770370364189148,0.14305365085601807,0.201192244887352,0.017225468531250954,1.0,0.89892578125,1.0
rotation_consistent,test_seen,1237,val:2008_007123:part_52,2008_007123,cow,head,head,0.4573002755641937,0.6275992393493652,0.1190476194024086,0.05936634913086891,1.0,1.0,1.0
rotation_consistent,test_seen,1238,val:2008_007123:part_54,2008_007123,cow,torso,torso,0.7737380862236023,0.8724378347396851,0.09638988971710205,0.6936327219009399,1.0,1.0,1.0
rotation_consistent,test_seen,1239,val:2008_007123:part_55,2008_007123,cow,neck,neck,0.2719298303127289,0.4275861978530884,0.04411764815449715,0.029221778735518456,1.0,1.0,1.0
rotation_consistent,test_seen,1240,val:2008_007123:part_56,2008_007123,cow,leg,leg,0.344316303730011,0.5122548937797546,0.23341523110866547,0.12580744922161102,1.0,1.0,1.0
rotation_consistent,test_seen,1241,val:2008_007123:part_57,2008_007123,cow,ear,ear,0.10000000149011612,0.1818181872367859,0.5299145579338074,0.011381113901734352,0.006877899169921875,0.0,6.920099258422852e-05
rotation_consistent,test_seen,1242,val:2008_007123:part_58,2008_007123,cow,muzzle,muzzle,0.40963855385780334,0.5811966061592102,0.27346938848495483,0.032605353742837906,1.0,0.99951171875,1.0
rotation_consistent,test_seen,1243,val:2008_007123:part_59,2008_007123,cow,horn,horn,0.0,0.0,0.24137930572032928,0.0049215625040233135,0.2100830078125,6.556510925292969e-07,0.00591278076171875
rotation_consistent,test_seen,1244,val:2008_007219:part_20,2008_007219,bottle,body,body,0.6128025054931641,0.7599225640296936,0.2228626310825348,0.8193445205688477,1.0,1.0,1.0
rotation_consistent,test_seen,1245,val:2008_007219:part_21,2008_007219,bottle,cap,cap,0.0,0.0,0.0,0.05595523491501808,1.0,0.98876953125,1.0
rotation_consistent,test_seen,1246,val:2008_007273:part_51,2008_007273,cow,tail,tail,0.1794871836900711,0.30434781312942505,0.013333333656191826,0.02558375708758831,1.0,0.89892578125,1.0
rotation_consistent,test_seen,1247,val:2008_007273:part_52,2008_007273,cow,head,head,0.5142045617103577,0.6791744828224182,0.1246376782655716,0.038172587752342224,1.0,1.0,1.0
rotation_consistent,test_seen,1248,val:2008_007273:part_53,2008_007273,cow,eye,eye,0.0,0.0,0.0,0.0006091370596550405,0.008880615234375,0.0,0.00010889768600463867
rotation_consistent,test_seen,1249,val:2008_007273:part_54,2008_007273,cow,torso,torso,0.8456723093986511,0.9163840413093567,0.022067364305257797,0.6775634288787842,1.0,1.0,1.0
rotation_consistent,test_seen,1250,val:2008_007273:part_55,2008_007273,cow,neck,neck,0.3552631437778473,0.5242718458175659,0.0451977401971817,0.026802031323313713,1.0,1.0,1.0
rotation_consistent,test_seen,1251,val:2008_007273:part_56,2008_007273,cow,leg,leg,0.3061084449291229,0.4687335789203644,0.42923077940940857,0.12243654578924179,1.0,1.0,1.0
rotation_consistent,test_seen,1252,val:2008_007273:part_57,2008_007273,cow,ear,ear,0.16931216418743134,0.28959277272224426,0.21794871985912323,0.013197969645261765,0.006877899169921875,0.0,6.920099258422852e-05
rotation_consistent,test_seen,1253,val:2008_007273:part_58,2008_007273,cow,muzzle,muzzle,0.4942084848880768,0.6614987254142761,0.1991869956254959,0.028629440814256668,1.0,0.99951171875,1.0
rotation_consistent,test_seen,1254,val:2008_007350:part_0,2008_007350,aeroplane,body,body,0.7483609318733215,0.856071412563324,0.07156927138566971,0.5809826850891113,1.0,1.0,1.0
rotation_consistent,test_seen,1255,val:2008_007350:part_1,2008_007350,aeroplane,stern,stern,0.6694750189781189,0.8020186424255371,0.18587608635425568,0.2445404976606369,1.0,1.0,1.0
rotation_consistent,test_seen,1256,val:2008_007350:part_2,2008_007350,aeroplane,wing,wing,0.3539822995662689,0.5228758454322815,0.0,0.07620564103126526,0.99853515625,0.00031757354736328125,0.962890625
rotation_consistent,test_seen,1257,val:2008_007350:part_4,2008_007350,aeroplane,engine,engine,0.6068965792655945,0.7553648352622986,0.22478386759757996,0.0800727903842926,1.0,0.99951171875,1.0
rotation_consistent,test_seen,1258,val:2008_007350:part_5,2008_007350,aeroplane,wheel,wheel,0.23199999332427979,0.37662336230278015,0.605042040348053,0.007961783558130264,1.0,0.9990234375,1.0
rotation_consistent,test_seen,1259,val:2008_007392:part_70,2008_007392,horse,tail,tail,0.0,0.0,0.0,0.012118986807763577,1.0,0.89892578125,1.0
rotation_consistent,test_seen,1260,val:2008_007392:part_71,2008_007392,horse,head,head,0.41652020812034607,0.5880893468856812,0.2495606392621994,0.08703635632991791,1.0,1.0,1.0
rotation_consistent,test_seen,1261,val:2008_007392:part_73,2008_007392,horse,torso,torso,0.5975202918052673,0.7480596899986267,0.17015840113162994,0.5115681290626526,1.0,1.0,1.0
rotation_consistent,test_seen,1262,val:2008_007392:part_74,2008_007392,horse,neck,neck,0.3148688077926636,0.47893568873405457,0.2069970816373825,0.11898641288280487,1.0,1.0,1.0
rotation_consistent,test_seen,1263,val:2008_007392:part_75,2008_007392,horse,leg,leg,0.30358633399009705,0.465770959854126,0.4793388545513153,0.17407271265983582,1.0,1.0,1.0
rotation_consistent,test_seen,1264,val:2008_007392:part_76,2008_007392,horse,ear,ear,0.0,0.0,1.0,0.019831068813800812,0.006877899169921875,0.0,6.920099258422852e-05
rotation_consistent,test_seen,1265,val:2008_007392:part_77,2008_007392,horse,muzzle,muzzle,0.3432203531265259,0.511040985584259,0.49056604504585266,0.05802423879504204,1.0,0.99951171875,1.0
rotation_consistent,test_seen,1266,val:2008_007392:part_85,2008_007392,person,torso,torso,0.03756476566195488,0.072409488260746,0.2958257794380188,0.31969308853149414,1.0,1.0,1.0
rotation_consistent,test_seen,1267,val:2008_007402:part_83,2008_007402,person,head,head,0.2398523986339569,0.386904776096344,0.2671755850315094,0.02343124896287918,1.0,1.0,1.0
rotation_consistent,test_seen,1268,val:2008_007402:part_84,2008_007402,person,eye,eye,0.0,0.0,0.0,0.0005714938743039966,0.008880615234375,0.0,0.00010889768600463867
rotation_consistent,test_seen,1269,val:2008_007402:part_85,2008_007402,person,torso,torso,0.5102256536483765,0.6756945848464966,0.0586756095290184,0.21682478487491608,1.0,1.0,1.0
rotation_consistent,test_seen,1270,val:2008_007402:part_88,2008_007402,person,foot,foot,0.11375661194324493,0.20427553355693817,0.4395280182361603,0.009372499771416187,1.0,1.0,1.0
rotation_consistent,test_seen,1271,val:2008_007402:part_89,2008_007402,person,nose,nose,0.0,0.0,1.0,0.0019430791726335883,1.0,0.9814453125,1.0
rotation_consistent,test_seen,1272,val:2008_007402:part_90,2008_007402,person,ear,ear,0.0,0.0,0.0,0.0020573779474943876,0.006877899169921875,0.0,6.920099258422852e-05
rotation_consistent,test_seen,1273,val:2008_007402:part_91,2008_007402,person,eyebrow,eyebrow,0.0,0.0,0.0,0.00022859754972159863,0.0010118484497070312,0.0,7.152557373046875e-06
rotation_consistent,test_seen,1274,val:2008_007402:part_92,2008_007402,person,mouth,mouth,0.0,0.0,0.0,0.00045719509944319725,1.0,0.998046875,1.0
rotation_consistent,test_seen,1275,val:2008_007402:part_93,2008_007402,person,hair,hair,0.6432491540908813,0.7828991413116455,0.16107381880283356,0.06892216205596924,1.0,0.958984375,1.0
rotation_consistent,test_seen,1276,val:2008_007402:part_94,2008_007402,person,lower arm,lower arm,0.42384886741638184,0.5953565239906311,0.1516587734222412,0.041376158595085144,1.0,1.0,1.0
rotation_consistent,test_seen,1277,val:2008_007402:part_95,2008_007402,person,upper arm,upper arm,0.5681989192962646,0.7246516346931458,0.03495440632104874,0.08743856102228165,1.0,0.9990234375,1.0
rotation_consistent,test_seen,1278,val:2008_007402:part_96,2008_007402,person,hand,hand,0.44186046719551086,0.6129032373428345,0.23856209218502045,0.0217167679220438,1.0,0.99853515625,1.0
rotation_consistent,test_seen,1279,val:2008_007507:part_0,2008_007507,aeroplane,body,body,0.190476194024086,0.3199999928474426,0.3537117838859558,0.32568806409835815,1.0,1.0,1.0
rotation_consistent,test_seen,1280,val:2008_007507:part_1,2008_007507,aeroplane,stern,stern,0.0,0.0,1.0,0.12844036519527435,1.0,1.0,1.0
rotation_consistent,test_seen,1281,val:2008_007507:part_2,2008_007507,aeroplane,wing,wing,0.21727748215198517,0.3569892346858978,0.5994550585746765,0.44954127073287964,0.99853515625,0.00031757354736328125,0.962890625
rotation_consistent,test_seen,1282,val:2008_007507:part_5,2008_007507,aeroplane,wheel,wheel,0.0,0.0,0.0,0.059633027762174606,1.0,0.9990234375,1.0
rotation_consistent,test_seen,1283,val:2008_007527:part_115,2008_007527,tvmonitor,screen,screen,0.8148906826972961,0.8980052471160889,0.007352941203862429,0.8297625780105591,1.0,0.99951171875,1.0
rotation_consistent,test_seen,1284,val:2008_007548:part_42,2008_007548,cat,tail,tail,0.5392953753471375,0.7007042169570923,0.4273381233215332,0.10371589660644531,1.0,0.89892578125,1.0
rotation_consistent,test_seen,1285,val:2008_007548:part_43,2008_007548,cat,head,head,0.579804539680481,0.7340205907821655,0.035433072596788406,0.05432737618684769,1.0,1.0,1.0
rotation_consistent,test_seen,1286,val:2008_007548:part_45,2008_007548,cat,torso,torso,0.7002109289169312,0.8236753344535828,0.07694637775421143,0.5507996082305908,1.0,1.0,1.0
rotation_consistent,test_seen,1287,val:2008_007548:part_47,2008_007548,cat,leg,leg,0.46025317907333374,0.6303744912147522,0.26516371965408325,0.24012228846549988,1.0,1.0,1.0
rotation_consistent,test_seen,1288,val:2008_007548:part_49,2008_007548,cat,paw,paw,0.32087913155555725,0.48585689067840576,0.5164835453033447,0.03433678299188614,1.0,0.99951171875,1.0
rotation_consistent,test_seen,1289,val:2008_007548:part_50,2008_007548,cat,ear,ear,0.03952569141983986,0.07604562491178513,0.12162162363529205,0.009642520919442177,0.006877899169921875,0.0,6.920099258422852e-05
rotation_consistent,test_seen,1290,val:2008_007596:part_51,2008_007596,cow,tail,tail,0.021897809579968452,0.04285714402794838,0.09375,0.011928429827094078,1.0,0.89892578125,1.0
rotation_consistent,test_seen,1291,val:2008_007596:part_52,2008_007596,cow,head,head,0.5681818127632141,0.7246376872062683,0.14942528307437897,0.05069582536816597,1.0,1.0,1.0
rotation_consistent,test_seen,1292,val:2008_007596:part_54,2008_007596,cow,torso,torso,0.7211740016937256,0.8380024433135986,0.11294117569923401,0.7872763276100159,1.0,1.0,1.0
rotation_consistent,test_seen,1293,val:2008_007596:part_55,2008_007596,cow,neck,neck,0.21875,0.3589743673801422,0.0,0.042743537575006485,1.0,1.0,1.0
rotation_consistent,test_seen,1294,val:2008_007596:part_56,2008_007596,cow,leg,leg,0.1682243049144745,0.2879999876022339,0.20370370149612427,0.07057654112577438,1.0,1.0,1.0
rotation_consistent,test_seen,1295,val:2008_007596:part_57,2008_007596,cow,ear,ear,0.0,0.0,0.0,0.000994035741314292,0.006877899169921875,0.0,6.920099258422852e-05
rotation_consistent,test_seen,1296,val:2008_007596:part_58,2008_007596,cow,muzzle,muzzle,0.04878048598766327,0.09302325546741486,0.0,0.026838965713977814,1.0,0.99951171875,1.0
rotation_consistent,test_seen,1297,val:2008_007737:part_20,2008_007737,bottle,body,body,0.15633802115917206,0.2704019546508789,0.5209423899650574,0.5629965662956238,1.0,1.0,1.0
rotation_consistent,test_seen,1298,val:2008_007797:part_22,2008_007797,bus,wheel,wheel,0.3401015102863312,0.5075757503509521,0.013114754110574722,0.01324228011071682,1.0,0.9990234375,1.0
rotation_consistent,test_seen,1299,val:2008_007797:part_25,2008_007797,bus,side,side,0.5317479372024536,0.6943021416664124,0.03006253018975258,0.13557006418704987,1.0,1.0,1.0
rotation_consistent,test_seen,1300,val:2008_007797:part_26,2008_007797,bus,back,back,0.7889540791511536,0.8820282816886902,0.07070934772491455,0.6407957077026367,1.0,1.0,1.0
rotation_consistent,test_seen,1301,val:2008_007797:part_31,2008_007797,bus,window,window,0.7376202940940857,0.8490005135536194,0.007130972109735012,0.18984560668468475,1.0,0.935546875,1.0
rotation_consistent,test_seen,1302,val:2008_007804:part_22,2008_007804,bus,wheel,wheel,0.0,0.0,0.0,0.018518518656492233,1.0,0.9990234375,1.0
rotation_consistent,test_seen,1303,val:2008_007804:part_24,2008_007804,bus,front,front,0.26570048928260803,0.4198473393917084,0.09770114719867706,0.32592591643333435,1.0,1.0,1.0
rotation_consistent,test_seen,1304,val:2008_007804:part_25,2008_007804,bus,side,side,0.0,0.0,0.7954545617103577,0.385185182094574,1.0,1.0,1.0
rotation_consistent,test_seen,1305,val:2008_007804:part_31,2008_007804,bus,window,window,0.5581395626068115,0.7164179086685181,0.0,0.27037036418914795,1.0,0.935546875,1.0
rotation_consistent,test_seen,1306,val:2008_007811:part_20,2008_007811,bottle,body,body,0.8903594017028809,0.942000150680542,0.06727273017168045,0.9536304473876953,1.0,1.0,1.0
rotation_consistent,test_seen,1307,val:2008_007811:part_21,2008_007811,bottle,cap,cap,0.3988095223903656,0.5702127814292908,0.5210970640182495,0.016034984961152077,1.0,0.98876953125,1.0
rotation_consistent,test_seen,1308,val:2008_007828:part_115,2008_007828,tvmonitor,screen,screen,0.0,0.0,1.0,0.25470513105392456,1.0,0.99951171875,1.0
rotation_consistent,test_seen,1309,val:2008_007836:part_0,2008_007836,aeroplane,body,body,0.26923078298568726,0.42424243688583374,0.20800000429153442,0.37244898080825806,1.0,1.0,1.0
rotation_consistent,test_seen,1310,val:2008_007836:part_1,2008_007836,aeroplane,stern,stern,0.04374999925494194,0.08383233845233917,0.42741936445236206,0.21938775479793549,1.0,1.0,1.0
rotation_consistent,test_seen,1311,val:2008_007836:part_2,2008_007836,aeroplane,wing,wing,0.25850340723991394,0.41081079840660095,0.4829931855201721,0.3877550959587097,0.99853515625,0.00031757354736328125,0.962890625
rotation_consistent,test_seen,1312,val:2008_007945:part_70,2008_007945,horse,tail,tail,0.3108328878879547,0.47425249218940735,0.21578946709632874,0.08860316872596741,1.0,0.89892578125,1.0
rotation_consistent,test_seen,1313,val:2008_007945:part_71,2008_007945,horse,head,head,0.03094140812754631,0.060025542974472046,0.17764471471309662,0.07441827654838562,1.0,1.0,1.0
rotation_consistent,test_seen,1314,val:2008_007945:part_73,2008_007945,horse,torso,torso,0.4239256680011749,0.5954322814941406,0.06102977320551872,0.3462371528148651,1.0,1.0,1.0
rotation_consistent,test_seen,1315,val:2008_007945:part_74,2008_007945,horse,neck,neck,0.6767676472663879,0.8072289228439331,0.008244022727012634,0.0776325911283493,1.0,1.0,1.0
rotation_consistent,test_seen,1316,val:2008_007945:part_75,2008_007945,horse,leg,leg,0.17074453830718994,0.29168540239334106,0.4098657965660095,0.11830060929059982,1.0,1.0,1.0
rotation_consistent,test_seen,1317,val:2008_007945:part_76,2008_007945,horse,ear,ear,0.0,0.0,0.0,0.004262455273419619,0.006877899169921875,0.0,6.920099258422852e-05
rotation_consistent,test_seen,1318,val:2008_007994:part_87,2008_007994,person,leg,leg,0.0,0.0,0.0,0.00011156356049468741,1.0,1.0,1.0
rotation_consistent,test_seen,1319,val:2008_007994:part_88,2008_007994,person,foot,foot,0.0,0.0,0.0,0.00011157600965816528,1.0,1.0,1.0
rotation_consistent,test_seen,1320,val:2008_008221:part_83,2008_008221,person,head,head,0.06593406945466995,0.12371134012937546,0.20000000298023224,0.05757776275277138,1.0,1.0,1.0
rotation_consistent,test_seen,1321,val:2008_008221:part_85,2008_008221,person,torso,torso,0.5399448871612549,0.7012522220611572,0.09386973083019257,0.4189278483390808,1.0,1.0,1.0
rotation_consistent,test_seen,1322,val:2008_008221:part_87,2008_008221,person,leg,leg,0.5366403460502625,0.698459267616272,0.40119048953056335,0.3461284041404724,1.0,1.0,1.0
rotation_consistent,test_seen,1323,val:2008_008221:part_90,2008_008221,person,ear,ear,0.0,0.0,0.0,0.001985440030694008,0.006877899169921875,0.0,6.920099258422852e-05
rotation_consistent,test_seen,1324,val:2008_008221:part_93,2008_008221,person,hair,hair,0.2142857164144516,0.3529411852359772,0.1666666716337204,0.006618133746087551,1.0,0.958984375,1.0
rotation_consistent,test_seen,1325,val:2008_008221:part_94,2008_008221,person,lower arm,lower arm,0.23651452362537384,0.38255032896995544,0.22466960549354553,0.046988748013973236,1.0,1.0,1.0
rotation_consistent,test_seen,1326,val:2008_008221:part_95,2008_008221,person,upper arm,upper arm,0.2131519317626953,0.3514018654823303,0.23097112774848938,0.1019192561507225,1.0,0.9990234375,1.0
rotation_consistent,test_seen,1327,val:2008_008221:part_96,2008_008221,person,hand,hand,0.04477611929178238,0.08571428805589676,0.40909090638160706,0.0026472534518688917,1.0,0.99853515625,1.0
rotation_consistent,test_seen,1328,val:2008_008221:part_109,2008_008221,train,head,head,0.0,0.0,0.2713567912578583,7.641754200449213e-05,1.0,1.0,1.0
rotation_consistent,test_seen,1329,val:2008_008252:part_23,2008_008252,bus,headlight,headlight,0.26923078298568726,0.42424243688583374,0.0,0.016414746642112732,0.99951171875,0.493896484375,0.99609375
rotation_consistent,test_seen,1330,val:2008_008252:part_24,2008_008252,bus,front,front,0.7763512134552002,0.8740965127944946,0.07895706593990326,0.6108337044715881,1.0,1.0,1.0
rotation_consistent,test_seen,1331,val:2008_008252:part_28,2008_008252,bus,mirror,mirror,0.23225806653499603,0.376963347196579,0.3852458894252777,0.00943847931921482,0.013275146484375,0.0,0.00027370452880859375
rotation_consistent,test_seen,1332,val:2008_008252:part_30,2008_008252,bus,door,door,0.24186991155147552,0.3895253539085388,0.34959349036216736,0.03310307115316391,1.0,0.9990234375,1.0
rotation_consistent,test_seen,1333,val:2008_008252:part_31,2008_008252,bus,window,window,0.7973657250404358,0.8872604370117188,0.02583586610853672,0.32296013832092285,1.0,0.935546875,1.0
rotation_consistent,test_seen,1334,val:2008_008296:part_70,2008_008296,horse,tail,tail,0.0,0.0,0.0,0.17272727191448212,1.0,0.89892578125,1.0
rotation_consistent,test_seen,1335,val:2008_008296:part_71,2008_008296,horse,head,head,0.0,0.0,0.1780821979045868,0.05454545468091965,1.0,1.0,1.0
rotation_consistent,test_seen,1336,val:2008_008296:part_73,2008_008296,horse,torso,torso,0.3046153783798218,0.4669811427593231,0.5161290168762207,0.5333333611488342,1.0,1.0,1.0
rotation_consistent,test_seen,1337,val:2008_008296:part_74,2008_008296,horse,neck,neck,0.0,0.0,0.28333333134651184,0.08787878602743149,1.0,1.0,1.0
rotation_consistent,test_seen,1338,val:2008_008296:part_75,2008_008296,horse,leg,leg,0.0,0.0,0.0,0.08787878602743149,1.0,1.0,1.0
rotation_consistent,test_seen,1339,val:2008_008296:part_77,2008_008296,horse,muzzle,muzzle,0.0,0.0,0.3333333432674408,0.03333333507180214,1.0,0.99951171875,1.0
rotation_consistent,test_seen,1340,val:2008_008301:part_22,2008_008301,bus,wheel,wheel,0.4603886306285858,0.6305015087127686,0.10798478871583939,0.04435651749372482,1.0,0.9990234375,1.0
rotation_consistent,test_seen,1341,val:2008_008301:part_25,2008_008301,bus,side,side,0.9237334132194519,0.9603549242019653,0.032571941614151,0.9498819708824158,1.0,1.0,1.0
rotation_consistent,test_seen,1342,val:2008_008335:part_83,2008_008335,person,head,head,0.5666818618774414,0.7234166264533997,0.07178783416748047,0.08209052681922913,1.0,1.0,1.0
rotation_consistent,test_seen,1343,val:2008_008335:part_84,2008_008335,person,eye,eye,0.07958477735519409,0.14743590354919434,0.0,0.00399005739018321,0.008880615234375,0.0,0.00010889768600463867
rotation_consistent,test_seen,1344,val:2008_008335:part_85,2008_008335,person,torso,torso,0.8023413419723511,0.8903322815895081,0.028972934931516647,0.31783097982406616,1.0,1.0,1.0
rotation_consistent,test_seen,1345,val:2008_008335:part_86,2008_008335,person,neck,neck,0.4406474828720093,0.6117353439331055,0.012891344726085663,0.01687598042190075,1.0,1.0,1.0
rotation_consistent,test_seen,1346,val:2008_008335:part_89,2008_008335,person,nose,nose,0.48471614718437195,0.6529411673545837,0.004878048785030842,0.008830455131828785,1.0,0.9814453125,1.0
rotation_consistent,test_seen,1347,val:2008_008335:part_90,2008_008335,person,ear,ear,0.4462365508079529,0.6171003580093384,0.14569535851478577,0.007718471810221672,0.006877899169921875,0.0,6.920099258422852e-05
rotation_consistent,test_seen,1348,val:2008_008335:part_91,2008_008335,person,eyebrow,eyebrow,0.09770114719867706,0.1780104786157608,0.0,0.0031397175043821335,0.0010118484497070312,0.0,7.152557373046875e-06
rotation_consistent,test_seen,1349,val:2008_008335:part_92,2008_008335,person,mouth,mouth,0.3692307770252228,0.5393258333206177,0.0,0.004120879340916872,1.0,0.998046875,1.0
rotation_consistent,test_seen,1350,val:2008_008335:part_93,2008_008335,person,hair,hair,0.8067368268966675,0.8930319547653198,0.08749466389417648,0.12742020189762115,1.0,0.958984375,1.0
rotation_consistent,test_seen,1351,val:2008_008335:part_94,2008_008335,person,lower arm,lower arm,0.5280959010124207,0.6911816000938416,0.15839999914169312,0.1300366371870041,1.0,1.0,1.0
rotation_consistent,test_seen,1352,val:2008_008335:part_95,2008_008335,person,upper arm,upper arm,0.6354032158851624,0.7770599722862244,0.08779491484165192,0.20781004428863525,1.0,0.9990234375,1.0
rotation_consistent,test_seen,1353,val:2008_008335:part_96,2008_008335,person,hand,hand,0.5781841278076172,0.7327207326889038,0.15907545387744904,0.067503921687603,1.0,0.99853515625,1.0
rotation_consistent,test_seen,1354,val:2008_008362:part_20,2008_008362,bottle,body,body,0.17006802558898926,0.2906976640224457,0.8226950168609619,0.269565224647522,1.0,1.0,1.0
rotation_consistent,test_seen,1355,val:2008_008362:part_21,2008_008362,bottle,cap,cap,0.0,0.0,0.0,0.008695651777088642,1.0,0.98876953125,1.0
rotation_consistent,test_seen,1356,val:2008_008392:part_70,2008_008392,horse,tail,tail,0.15328466892242432,0.26582279801368713,0.5530303120613098,0.005654632579535246,1.0,0.89892578125,1.0
rotation_consistent,test_seen,1357,val:2008_008392:part_71,2008_008392,horse,head,head,0.6420323252677917,0.7819972038269043,0.06422018259763718,0.08351457118988037,1.0,1.0,1.0
rotation_consistent,test_seen,1358,val:2008_008392:part_72,2008_008392,horse,eye,eye,0.0,0.0,0.0,0.0010874293511733413,0.008880615234375,0.0,0.00010889768600463867
rotation_consistent,test_seen,1359,val:2008_008392:part_73,2008_008392,horse,torso,torso,0.7012012004852295,0.8243601322174072,0.19028340280056,0.5337103009223938,1.0,1.0,1.0
rotation_consistent,test_seen,1360,val:2008_008392:part_74,2008_008392,horse,neck,neck,0.526129961013794,0.6894956231117249,0.21398304402828217,0.16202697157859802,1.0,1.0,1.0
rotation_consistent,test_seen,1361,val:2008_008392:part_75,2008_008392,horse,leg,leg,0.40164974331855774,0.5731099843978882,0.4757217764854431,0.14897781610488892,1.0,1.0,1.0
rotation_consistent,test_seen,1362,val:2008_008392:part_77,2008_008392,horse,muzzle,muzzle,0.7407407164573669,0.8510638475418091,0.0903225839138031,0.027620704844594002,1.0,0.99951171875,1.0
rotation_consistent,test_seen,1363,val:2008_008392:part_78,2008_008392,horse,hoof,hoof,0.10596026480197906,0.19161677360534668,0.7037037014961243,0.012831665575504303,1.0,0.998046875,1.0
rotation_consistent,test_seen,1364,val:2008_008393:part_71,2008_008393,horse,head,head,0.6246672868728638,0.7689787149429321,0.014984545297920704,0.37401852011680603,1.0,1.0,1.0
rotation_consistent,test_seen,1365,val:2008_008393:part_72,2008_008393,horse,eye,eye,0.16643929481506348,0.28538012504577637,0.0,0.006193091627210379,0.008880615234375,0.0,0.00010889768600463867
rotation_consistent,test_seen,1366,val:2008_008393:part_73,2008_008393,horse,torso,torso,0.8179689049720764,0.8998711705207825,0.01986692100763321,0.32753345370292664,1.0,1.0,1.0
rotation_consistent,test_seen,1367,val:2008_008393:part_77,2008_008393,horse,muzzle,muzzle,0.7887502908706665,0.8819009065628052,0.01865997351706028,0.2858406901359558,1.0,0.99951171875,1.0
rotation_consistent,test_seen,1368,val:2008_008421:part_71,2008_008421,horse,head,head,0.6603053212165833,0.7954022884368896,0.06254948675632477,0.4062059223651886,1.0,1.0,1.0
rotation_consistent,test_seen,1369,val:2008_008421:part_72,2008_008421,horse,eye,eye,0.22519083321094513,0.3676012456417084,0.0,0.004454012494534254,0.008880615234375,0.0,0.00010889768600463867
rotation_consistent,test_seen,1370,val:2008_008421:part_73,2008_008421,horse,torso,torso,0.047103628516197205,0.08996937423944473,0.08064842969179153,0.02145349234342575,1.0,1.0,1.0
rotation_consistent,test_seen,1371,val:2008_008421:part_74,2008_008421,horse,neck,neck,0.6428433656692505,0.7825984954833984,0.12851247191429138,0.2535817623138428,1.0,1.0,1.0
rotation_consistent,test_seen,1372,val:2008_008421:part_76,2008_008421,horse,ear,ear,0.4776324927806854,0.6464834809303284,0.27491167187690735,0.05433895066380501,0.006877899169921875,0.0,6.920099258422852e-05
rotation_consistent,test_seen,1373,val:2008_008421:part_77,2008_008421,horse,muzzle,muzzle,0.63945072889328,0.7800792455673218,0.1537165343761444,0.2593719959259033,1.0,0.99951171875,1.0
rotation_consistent,test_seen,1374,val:2008_008434:part_97,2008_008434,pottedplant,pot,pot,0.3462812006473541,0.5144262313842773,0.15673288702964783,0.2325415164232254,1.0,1.0,1.0
rotation_consistent,test_seen,1375,val:2008_008434:part_98,2008_008434,pottedplant,plant,plant,0.7232084274291992,0.839374303817749,0.06585162878036499,0.7505773901939392,1.0,1.0,1.0
rotation_consistent,test_seen,1376,val:2008_008469:part_22,2008_008469,bus,wheel,wheel,0.0,0.0,0.0,0.003787684952840209,1.0,0.9990234375,1.0
rotation_consistent,test_seen,1377,val:2008_008469:part_23,2008_008469,bus,headlight,headlight,0.5540069937705994,0.713004469871521,0.05701754242181778,0.011158314533531666,0.99951171875,0.493896484375,0.99609375
rotation_consistent,test_seen,1378,val:2008_008469:part_24,2008_008469,bus,front,front,0.38143226504325867,0.552227258682251,0.10313688218593597,0.13999079167842865,1.0,1.0,1.0
rotation_consistent,test_seen,1379,val:2008_008469:part_25,2008_008469,bus,side,side,0.42773449420928955,0.5991793274879456,0.13241812586784363,0.3818395733833313,1.0,1.0,1.0
rotation_consistent,test_seen,1380,val:2008_008469:part_28,2008_008469,bus,mirror,mirror,0.0,0.0,0.190476194024086,0.004811383318156004,0.013275146484375,0.0,0.00027370452880859375
rotation_consistent,test_seen,1381,val:2008_008469:part_30,2008_008469,bus,door,door,0.2353813797235489,0.3810667395591736,0.09423688054084778,0.17310743033885956,1.0,0.9990234375,1.0
rotation_consistent,test_seen,1382,val:2008_008469:part_31,2008_008469,bus,window,window,0.45567044615745544,0.6260626316070557,0.04339718446135521,0.2751701772212982,1.0,0.935546875,1.0
rotation_consistent,test_seen,1383,val:2008_008629:part_6,2008_008629,bicycle,wheel,wheel,0.0,0.0,0.47546690702438354,0.05879899859428406,1.0,0.9990234375,1.0
rotation_consistent,test_seen,1384,val:2008_008629:part_7,2008_008629,bicycle,saddle,saddle,0.0,0.0,0.0,0.0033361134119331837,1.0,0.99951171875,1.0
rotation_consistent,test_seen,1385,val:2008_008629:part_8,2008_008629,bicycle,handlebar,handlebar,0.0,0.0,0.8254460692405701,0.004795663058757782,1.0,1.0,1.0
rotation_consistent,test_seen,1386,val:2008_008629:part_9,2008_008629,bicycle,chainwheel,chainwheel,0.0,0.0,0.43388429284095764,0.00917431153357029,1.0,0.99462890625,1.0
rotation_consistent,test_seen,1387,val:2008_008682:part_22,2008_008682,bus,wheel,wheel,0.23486682772636414,0.3803921639919281,0.08436724543571472,0.013153042644262314,1.0,0.9990234375,1.0
rotation_consistent,test_seen,1388,val:2008_008682:part_23,2008_008682,bus,headlight,headlight,0.0,0.0,0.0,0.001598033239133656,0.99951171875,0.493896484375,0.99609375
rotation_consistent,test_seen,1389,val:2008_008682:part_24,2008_008682,bus,front,front,0.37213343381881714,0.5424157977104187,0.10250737518072128,0.15205900371074677,1.0,1.0,1.0
rotation_consistent,test_seen,1390,val:2008_008682:part_25,2008_008682,bus,side,side,0.441184937953949,0.6122530698776245,0.09383995085954666,0.18893669545650482,1.0,1.0,1.0
rotation_consistent,test_seen,1391,val:2008_008682:part_28,2008_008682,bus,mirror,mirror,0.0,0.0,0.0,0.0027043637819588184,0.013275146484375,0.0,0.00027370452880859375
rotation_consistent,test_seen,1392,val:2008_008682:part_29,2008_008682,bus,license plate,license plate,0.0,0.0,0.0,0.0004917025216855109,1.0,1.0,1.0
rotation_consistent,test_seen,1393,val:2008_008682:part_30,2008_008682,bus,door,door,0.0,0.0,0.0,0.00774431461468339,1.0,0.9990234375,1.0
rotation_consistent,test_seen,1394,val:2008_008682:part_31,2008_008682,bus,window,window,0.09657560288906097,0.17614035308361053,0.02320185676217079,0.08543331176042557,1.0,0.935546875,1.0
rotation_consistent,test_seen,1395,val:2008_008711:part_6,2008_008711,bicycle,wheel,wheel,0.1026785746216774,0.18623481690883636,0.7299829721450806,0.5820444822311401,1.0,0.9990234375,1.0
rotation_consistent,test_seen,1396,val:2008_008711:part_7,2008_008711,bicycle,saddle,saddle,0.39947089552879333,0.5708884596824646,0.5609065294265747,0.06639004498720169,1.0,0.99951171875,1.0
rotation_consistent,test_seen,1397,val:2008_008711:part_8,2008_008711,bicycle,handlebar,handlebar,0.03695652261376381,0.07127882540225983,0.6282051205635071,0.03281780332326889,1.0,1.0,1.0
rotation_consistent,test_seen,1398,val:2008_008711:part_9,2008_008711,bicycle,chainwheel,chainwheel,0.2742718458175659,0.43047618865966797,0.6460176706314087,0.07016219943761826,1.0,0.99462890625,1.0
rotation_consistent,test_seen,1399,val:2009_000012:part_70,2009_000012,horse,tail,tail,0.5102739930152893,0.6757369637489319,0.17456896603107452,0.0804310142993927,1.0,0.89892578125,1.0
rotation_consistent,test_seen,1400,val:2009_000012:part_71,2009_000012,horse,head,head,0.63922518491745,0.7799113988876343,0.0535714291036129,0.06561477482318878,1.0,1.0,1.0
rotation_consistent,test_seen,1401,val:2009_000012:part_72,2009_000012,horse,eye,eye,0.0,0.0,0.0,0.0005772560834884644,0.008880615234375,0.0,0.00010889768600463867
rotation_consistent,test_seen,1402,val:2009_000012:part_73,2009_000012,horse,torso,torso,0.6831105947494507,0.8117239475250244,0.08045977354049683,0.5458918809890747,1.0,1.0,1.0
rotation_consistent,test_seen,1403,val:2009_000012:part_74,2009_000012,horse,neck,neck,0.6687578558921814,0.8015037775039673,0.10299869626760483,0.10833173245191574,1.0,1.0,1.0
rotation_consistent,test_seen,1404,val:2009_000012:part_75,2009_000012,horse,leg,leg,0.4674965441226959,0.6371347904205322,0.20553064346313477,0.15085625648498535,1.0,1.0,1.0
rotation_consistent,test_seen,1405,val:2009_000012:part_76,2009_000012,horse,ear,ear,0.0,0.0,0.0,0.002501443028450012,0.006877899169921875,0.0,6.920099258422852e-05
rotation_consistent,test_seen,1406,val:2009_000012:part_77,2009_000012,horse,muzzle,muzzle,0.33112582564353943,0.49751242995262146,0.060975611209869385,0.02289782650768757,1.0,0.99951171875,1.0
rotation_consistent,test_seen,1407,val:2009_000013:part_43,2009_000013,cat,head,head,0.36451613903045654,0.5342789888381958,0.10393872857093811,0.06890527904033661,1.0,1.0,1.0
rotation_consistent,test_seen,1408,val:2009_000013:part_44,2009_000013,cat,eye,eye,0.0357142873108387,0.06896551698446274,0.0,0.000776397529989481,0.008880615234375,0.0,0.00010889768600463867
rotation_consistent,test_seen,1409,val:2009_000013:part_45,2009_000013,cat,torso,torso,0.25853538513183594,0.4108511805534363,0.15561959147453308,0.2465062141418457,1.0,1.0,1.0
rotation_consistent,test_seen,1410,val:2009_000013:part_46,2009_000013,cat,neck,neck,0.0,0.0,0.0,0.011840062215924263,1.0,1.0,1.0
rotation_consistent,test_seen,1411,val:2009_000013:part_47,2009_000013,cat,leg,leg,0.07929921895265579,0.1469457447528839,0.3164193332195282,0.04891304299235344,1.0,1.0,1.0
rotation_consistent,test_seen,1412,val:2009_000013:part_48,2009_000013,cat,nose,nose,0.0,0.0,0.0,0.000776397529989481,1.0,0.9814453125,1.0
rotation_consistent,test_seen,1413,val:2009_000013:part_49,2009_000013,cat,paw,paw,0.01923076994717121,0.03773584961891174,0.8132529854774475,0.008928571827709675,1.0,0.99951171875,1.0
rotation_consistent,test_seen,1414,val:2009_000013:part_50,2009_000013,cat,ear,ear,0.18571428954601288,0.3132530152797699,0.4981684982776642,0.027562111616134644,0.006877899169921875,0.0,6.920099258422852e-05
rotation_consistent,test_seen,1415,val:2009_000022:part_109,2009_000022,train,head,head,0.016829533502459526,0.03310197591781616,0.27810972929000854,0.016877636313438416,1.0,1.0,1.0
rotation_consistent,test_seen,1416,val:2009_000022:part_110,2009_000022,train,front,front,0.3604651093482971,0.5299145579338074,0.21179401874542236,0.22890295088291168,1.0,1.0,1.0
rotation_consistent,test_seen,1417,val:2009_000022:part_111,2009_000022,train,side,side,0.5805062055587769,0.7345826029777527,0.2116883099079132,0.7357594966888428,1.0,1.0,1.0
rotation_consistent,test_seen,1418,val:2009_000022:part_114,2009_000022,train,coach,coach,0.003170577110722661,0.006321112625300884,0.23022958636283875,0.007383966352790594,1.0,1.0,1.0
rotation_consistent,test_seen,1419,val:2009_000080:part_42,2009_000080,cat,tail,tail,0.6397058963775635,0.7802690863609314,0.3350253701210022,0.1401630938053131,1.0,0.89892578125,1.0
rotation_consistent,test_seen,1420,val:2009_000080:part_43,2009_000080,cat,head,head,0.38259440660476685,0.5534442067146301,0.059964727610349655,0.07008154690265656,1.0,1.0,1.0
rotation_consistent,test_seen,1421,val:2009_000080:part_44,2009_000080,cat,eye,eye,0.0,0.0,0.0,0.0007645260193385184,0.008880615234375,0.0,0.00010889768600463867
rotation_consistent,test_seen,1422,val:2009_000080:part_45,2009_000080,cat,torso,torso,0.8109132051467896,0.8955848217010498,0.0927547737956047,0.5777267813682556,1.0,1.0,1.0
rotation_consistent,test_seen,1423,val:2009_000080:part_46,2009_000080,cat,neck,neck,0.34022989869117737,0.5077186822891235,0.055263157933950424,0.051732923835515976,1.0,1.0,1.0
rotation_consistent,test_seen,1424,val:2009_000080:part_47,2009_000080,cat,leg,leg,0.5007473826408386,0.6673306822776794,0.2393292635679245,0.08868501335382462,1.0,1.0,1.0
rotation_consistent,test_seen,1425,val:2009_000080:part_49,2009_000080,cat,paw,paw,0.3031161427497864,0.46521738171577454,0.4761904776096344,0.031600408256053925,1.0,0.99951171875,1.0
rotation_consistent,test_seen,1426,val:2009_000080:part_50,2009_000080,cat,ear,ear,0.2795698940753937,0.43697479367256165,0.3919999897480011,0.027268093079328537,0.006877899169921875,0.0,6.920099258422852e-05
rotation_consistent,test_seen,1427,val:2009_000121:part_20,2009_000121,bottle,body,body,0.13718411326408386,0.24126984179019928,0.11968005448579788,0.163834810256958,1.0,1.0,1.0
rotation_consistent,test_seen,1428,val:2009_000136:part_115,2009_000136,tvmonitor,screen,screen,0.6560618877410889,0.792315661907196,0.018083183094859123,0.45504993200302124,1.0,0.99951171875,1.0
rotation_consistent,test_seen,1429,val:2009_000149:part_6,2009_000149,bicycle,wheel,wheel,0.057569295167922974,0.1088709682226181,0.8635014891624451,0.4960390031337738,1.0,0.9990234375,1.0
rotation_consistent,test_seen,1430,val:2009_000149:part_7,2009_000149,bicycle,saddle,saddle,0.38725489377975464,0.5583038926124573,0.2956521809101105,0.10237660259008408,1.0,0.99951171875,1.0
rotation_consistent,test_seen,1431,val:2009_000149:part_8,2009_000149,bicycle,handlebar,handlebar,0.030405405908823013,0.0590163916349411,0.45652174949645996,0.10176721215248108,1.0,1.0,1.0
rotation_consistent,test_seen,1432,val:2009_000149:part_9,2009_000149,bicycle,chainwheel,chainwheel,0.0,0.0,0.0,0.07190737128257751,1.0,0.99462890625,1.0
rotation_consistent,test_seen,1433,val:2009_000201:part_20,2009_000201,bottle,body,body,0.8329043388366699,0.9088355898857117,0.13715656101703644,0.9297792315483093,1.0,1.0,1.0
rotation_consistent,test_seen,1434,val:2009_000201:part_21,2009_000201,bottle,cap,cap,0.3076923191547394,0.47058823704719543,0.38823530077934265,0.031939879059791565,1.0,0.98876953125,1.0
rotation_consistent,test_seen,1435,val:2009_000205:part_0,2009_000205,aeroplane,body,body,0.4892120063304901,0.6570078730583191,0.34692737460136414,0.6069237589836121,1.0,1.0,1.0
rotation_consistent,test_seen,1436,val:2009_000205:part_1,2009_000205,aeroplane,stern,stern,0.5043640732765198,0.670534610748291,0.24438902735710144,0.35451358556747437,1.0,1.0,1.0
rotation_consistent,test_seen,1437,val:2009_000205:part_4,2009_000205,aeroplane,engine,engine,0.0,0.0,0.0,0.022348817437887192,1.0,0.99951171875,1.0
rotation_consistent,test_seen,1438,val:2009_000219:part_52,2009_000219,cow,head,head,0.5047520399093628,0.6708773970603943,0.07096639275550842,0.21213926374912262,1.0,1.0,1.0
rotation_consistent,test_seen,1439,val:2009_000219:part_53,2009_000219,cow,eye,eye,0.5957446694374084,0.746666669845581,0.0,0.00859794020652771,0.008880615234375,0.0,0.00010889768600463867
rotation_consistent,test_seen,1440,val:2009_000219:part_54,2009_000219,cow,torso,torso,0.7123802900314331,0.8320351243019104,0.11348747462034225,0.4106580317020416,1.0,1.0,1.0
rotation_consistent,test_seen,1441,val:2009_000219:part_57,2009_000219,cow,ear,ear,0.30488887429237366,0.46730244159698486,0.0737217590212822,0.053375329822301865,0.006877899169921875,0.0,6.920099258422852e-05
rotation_consistent,test_seen,1442,val:2009_000219:part_58,2009_000219,cow,muzzle,muzzle,0.6374959945678711,0.7786229848861694,0.11210475862026215,0.16991572082042694,1.0,0.99951171875,1.0
rotation_consistent,test_seen,1443,val:2009_000219:part_83,2009_000219,person,head,head,0.0,0.0,0.13468939065933228,0.00012868356134276837,1.0,1.0,1.0
rotation_consistent,test_seen,1444,val:2009_000309:part_52,2009_000309,cow,head,head,0.5774487257003784,0.7321299910545349,0.06447898596525192,0.17553101480007172,1.0,1.0,1.0
rotation_consistent,test_seen,1445,val:2009_000309:part_53,2009_000309,cow,eye,eye,0.0810810774564743,0.15000000596046448,0.0,0.003228547051548958,0.008880615234375,0.0,0.00010889768600463867
rotation_consistent,test_seen,1446,val:2009_000309:part_54,2009_000309,cow,torso,torso,0.27128157019615173,0.4267843961715698,0.29080310463905334,0.16805437207221985,1.0,1.0,1.0
rotation_consistent,test_seen,1447,val:2009_000309:part_55,2009_000309,cow,neck,neck,0.24328358471393585,0.39135652780532837,0.2725679278373718,0.08920985460281372,1.0,1.0,1.0
rotation_consistent,test_seen,1448,val:2009_000309:part_56,2009_000309,cow,leg,leg,0.0,0.0,0.1535836160182953,0.015293118543922901,1.0,1.0,1.0
rotation_consistent,test_seen,1449,val:2009_000309:part_57,2009_000309,cow,ear,ear,0.27341771125793457,0.429423451423645,0.054499365389347076,0.036873407661914825,0.006877899169921875,0.0,6.920099258422852e-05
rotation_consistent,test_seen,1450,val:2009_000309:part_58,2009_000309,cow,muzzle,muzzle,0.5152263641357422,0.6800651550292969,0.18386022746562958,0.10858114063739777,1.0,0.99951171875,1.0
rotation_consistent,test_seen,1451,val:2009_000309:part_83,2009_000309,person,head,head,0.0,0.0,0.04871060326695442,0.00019743337179534137,1.0,1.0,1.0
rotation_consistent,test_seen,1452,val:2009_000335:part_22,2009_000335,bus,wheel,wheel,0.29041096568107605,0.450106143951416,0.07012195140123367,0.011387163773179054,1.0,0.9990234375,1.0
rotation_consistent,test_seen,1453,val:2009_000335:part_23,2009_000335,bus,headlight,headlight,0.08021390438079834,0.14851485192775726,0.0,0.0020703934133052826,0.99951171875,0.493896484375,0.99609375
rotation_consistent,test_seen,1454,val:2009_000335:part_24,2009_000335,bus,front,front,0.598142683506012,0.7485472559928894,0.08989744633436203,0.23801560699939728,1.0,1.0,1.0
rotation_consistent,test_seen,1455,val:2009_000335:part_25,2009_000335,bus,side,side,0.3743356168270111,0.5447514057159424,0.09799869358539581,0.2767956554889679,1.0,1.0,1.0
rotation_consistent,test_seen,1456,val:2009_000335:part_28,2009_000335,bus,mirror,mirror,0.1818181872367859,0.3076923191547394,0.0,0.0025481765624135733,0.013275146484375,0.0,0.00027370452880859375
rotation_consistent,test_seen,1457,val:2009_000335:part_29,2009_000335,bus,license plate,license plate,0.0,0.0,0.0,0.0005574136157520115,1.0,1.0,1.0
rotation_consistent,test_seen,1458,val:2009_000335:part_30,2009_000335,bus,door,door,0.4755959212779999,0.6446154117584229,0.0,0.034878164529800415,1.0,0.9990234375,1.0
rotation_consistent,test_seen,1459,val:2009_000335:part_31,2009_000335,bus,window,window,0.4223443269729614,0.5938706994056702,0.028274668380618095,0.20441153645515442,1.0,0.935546875,1.0
rotation_consistent,test_seen,1460,val:2009_000351:part_7,2009_000351,bicycle,saddle,saddle,0.2088998705148697,0.34560325741767883,0.75443035364151,0.30176565051078796,1.0,0.99951171875,1.0
rotation_consistent,test_seen,1461,val:2009_000351:part_8,2009_000351,bicycle,handlebar,handlebar,0.07296137511730194,0.13600000739097595,0.6536248326301575,0.210272878408432,1.0,1.0,1.0
rotation_consistent,test_seen,1462,val:2009_000354:part_6,2009_000354,bicycle,wheel,wheel,0.43407145142555237,0.6053693294525146,0.4106033146381378,0.4305504560470581,1.0,0.9990234375,1.0
rotation_consistent,test_seen,1463,val:2009_000354:part_9,2009_000354,bicycle,chainwheel,chainwheel,0.48623529076576233,0.6543180346488953,0.31298667192459106,0.3423733711242676,1.0,0.99462890625,1.0
rotation_consistent,test_seen,1464,val:2009_000387:part_0,2009_000387,aeroplane,body,body,0.6096819043159485,0.757518470287323,0.18091009557247162,0.5012446045875549,1.0,1.0,1.0
rotation_consistent,test_seen,1465,val:2009_000387:part_1,2009_000387,aeroplane,stern,stern,0.7484232783317566,0.8561122417449951,0.15857142210006714,0.24779361486434937,1.0,1.0,1.0
rotation_consistent,test_seen,1466,val:2009_000387:part_2,2009_000387,aeroplane,wing,wing,0.44310346245765686,0.6140979528427124,0.13615870475769043,0.12785698473453522,0.99853515625,0.00031757354736328125,0.962890625
rotation_consistent,test_seen,1467,val:2009_000387:part_3,2009_000387,aeroplane,tail,tail,0.0,0.0,0.0,0.0002262955385958776,1.0,0.89892578125,1.0
rotation_consistent,test_seen,1468,val:2009_000387:part_4,2009_000387,aeroplane,engine,engine,0.5645933151245117,0.7217125296592712,0.0,0.06834125518798828,1.0,0.99951171875,1.0
rotation_consistent,test_seen,1469,val:2009_000387:part_5,2009_000387,aeroplane,wheel,wheel,0.07604562491178513,0.14134275913238525,0.44117647409439087,0.017877347767353058,1.0,0.9990234375,1.0
rotation_consistent,test_seen,1470,val:2009_000391:part_115,2009_000391,tvmonitor,screen,screen,0.8025936484336853,0.8904876112937927,0.014530659653246403,0.6332133412361145,1.0,0.99951171875,1.0
rotation_consistent,test_seen,1471,val:2009_000412:part_71,2009_000412,horse,head,head,0.20316623151302338,0.33771929144859314,0.032531823962926865,0.019525669515132904,1.0,1.0,1.0
rotation_consistent,test_seen,1472,val:2009_000412:part_72,2009_000412,horse,eye,eye,0.0,0.0,0.0,0.0004762358439620584,0.008880615234375,0.0,0.00010889768600463867
rotation_consistent,test_seen,1473,val:2009_000412:part_73,2009_000412,horse,torso,torso,0.33489593863487244,0.5017558932304382,0.051767922937870026,0.1904943287372589,1.0,1.0,1.0
rotation_consistent,test_seen,1474,val:2009_000412:part_74,2009_000412,horse,neck,neck,0.32993197441101074,0.4961636960506439,0.027439024299383163,0.0552433580160141,1.0,1.0,1.0
rotation_consistent,test_seen,1475,val:2009_000412:part_75,2009_000412,horse,leg,leg,0.15315014123916626,0.26562047004699707,0.5767505764961243,0.05162396281957626,1.0,1.0,1.0
rotation_consistent,test_seen,1476,val:2009_000412:part_76,2009_000412,horse,ear,ear,0.1111111119389534,0.20000000298023224,0.8275862336158752,0.004000381100922823,0.006877899169921875,0.0,6.920099258422852e-05
rotation_consistent,test_seen,1477,val:2009_000412:part_77,2009_000412,horse,muzzle,muzzle,0.2196652740240097,0.36020582914352417,0.260869562625885,0.011715401895344257,1.0,0.99951171875,1.0
rotation_consistent,test_seen,1478,val:2009_000412:part_78,2009_000412,horse,hoof,hoof,0.0,0.0,0.752136766910553,0.0012382131535559893,1.0,0.998046875,1.0
rotation_consistent,test_seen,1479,val:2009_000418:part_97,2009_000418,pottedplant,pot,pot,0.35771065950393677,0.5269320607185364,0.3786407709121704,0.2802850306034088,1.0,1.0,1.0
rotation_consistent,test_seen,1480,val:2009_000418:part_98,2009_000418,pottedplant,plant,plant,0.4888888895511627,0.6567164063453674,0.23032070696353912,0.6971496343612671,1.0,1.0,1.0
rotation_consistent,test_seen,1481,val:2009_000421:part_83,2009_000421,person,head,head,0.0,0.0,0.0,0.00187265919521451,1.0,1.0,1.0
rotation_consistent,test_seen,1482,val:2009_000421:part_85,2009_000421,person,torso,torso,0.0,0.0,0.7285714149475098,0.05337078496813774,1.0,1.0,1.0
rotation_consistent,test_seen,1483,val:2009_000421:part_86,2009_000421,person,neck,neck,0.0,0.0,0.0,0.00749063678085804,1.0,1.0,1.0
rotation_consistent,test_seen,1484,val:2009_000421:part_87,2009_000421,person,leg,leg,0.03694581240415573,0.07125891000032425,0.6206896305084229,0.014044944196939468,1.0,1.0,1.0
rotation_consistent,test_seen,1485,val:2009_000421:part_88,2009_000421,person,foot,foot,0.0,0.0,0.0,0.018726591020822525,1.0,1.0,1.0
rotation_consistent,test_seen,1486,val:2009_000421:part_93,2009_000421,person,hair,hair,0.0,0.0,0.0,0.033707864582538605,1.0,0.958984375,1.0
rotation_consistent,test_seen,1487,val:2009_000421:part_94,2009_000421,person,lower arm,lower arm,0.0,0.0,0.7777777910232544,0.008426966145634651,1.0,1.0,1.0
rotation_consistent,test_seen,1488,val:2009_000421:part_95,2009_000421,person,upper arm,upper arm,0.0,0.0,0.6601941585540771,0.02340823970735073,1.0,0.9990234375,1.0
rotation_consistent,test_seen,1489,val:2009_000421:part_96,2009_000421,person,hand,hand,0.0,0.0,0.9247311949729919,0.000936329597607255,1.0,0.99853515625,1.0
rotation_consistent,test_seen,1490,val:2009_000426:part_22,2009_000426,bus,wheel,wheel,0.0,0.0,0.16356107592582703,0.002787289908155799,1.0,0.9990234375,1.0
rotation_consistent,test_seen,1491,val:2009_000426:part_23,2009_000426,bus,headlight,headlight,0.19952493906021118,0.3326732814311981,0.05089058354496956,0.008919327519834042,0.99951171875,0.493896484375,0.99609375
rotation_consistent,test_seen,1492,val:2009_000426:part_24,2009_000426,bus,front,front,0.42311692237854004,0.5946341156959534,0.11557413637638092,0.22951342165470123,1.0,1.0,1.0
rotation_consistent,test_seen,1493,val:2009_000426:part_25,2009_000426,bus,side,side,0.28199338912963867,0.4399295747280121,0.11569381505250931,0.13227681815624237,1.0,1.0,1.0
rotation_consistent,test_seen,1494,val:2009_000426:part_28,2009_000426,bus,mirror,mirror,0.0,0.0,0.0,0.00565421674400568,0.013275146484375,0.0,0.00027370452880859375
rotation_consistent,test_seen,1495,val:2009_000426:part_31,2009_000426,bus,window,window,0.45227137207984924,0.6228469014167786,0.01971544697880745,0.18611133098602295,1.0,0.935546875,1.0
rotation_consistent,test_seen,1496,val:2009_000440:part_0,2009_000440,aeroplane,body,body,0.6602586507797241,0.7953684329986572,0.13857677578926086,0.6580196022987366,1.0,1.0,1.0
rotation_consistent,test_seen,1497,val:2009_000440:part_1,2009_000440,aeroplane,stern,stern,0.5206093192100525,0.6847378015518188,0.3660072088241577,0.1850680112838745,1.0,1.0,1.0
rotation_consistent,test_seen,1498,val:2009_000440:part_2,2009_000440,aeroplane,wing,wing,0.4571746289730072,0.6274809241294861,0.14029181003570557,0.13255299627780914,0.99853515625,0.00031757354736328125,0.962890625
rotation_consistent,test_seen,1499,val:2009_000440:part_5,2009_000440,aeroplane,wheel,wheel,0.05263157933950424,0.10000000149011612,0.925000011920929,0.01265422347933054,1.0,0.9990234375,1.0
rotation_consistent,test_seen,1500,val:2009_000455:part_22,2009_000455,bus,wheel,wheel,0.06825938820838928,0.1277955323457718,0.12857143580913544,0.0096859410405159,1.0,0.9990234375,1.0
rotation_consistent,test_seen,1501,val:2009_000455:part_23,2009_000455,bus,headlight,headlight,0.0,0.0,0.0,0.0038156735245138407,0.99951171875,0.493896484375,0.99609375
rotation_consistent,test_seen,1502,val:2009_000455:part_24,2009_000455,bus,front,front,0.4357306957244873,0.606981098651886,0.11183957010507584,0.34047549962997437,1.0,1.0,1.0
rotation_consistent,test_seen,1503,val:2009_000455:part_25,2009_000455,bus,side,side,0.36307480931282043,0.5327290892601013,0.03448275849223137,0.18285882472991943,1.0,1.0,1.0
rotation_consistent,test_seen,1504,val:2009_000455:part_28,2009_000455,bus,mirror,mirror,0.0,0.0,0.0,0.0008805400575511158,0.013275146484375,0.0,0.00027370452880859375
rotation_consistent,test_seen,1505,val:2009_000455:part_30,2009_000455,bus,door,door,0.2368932068347931,0.3830455243587494,0.0,0.04167889803647995,1.0,0.9990234375,1.0
rotation_consistent,test_seen,1506,val:2009_000455:part_31,2009_000455,bus,window,window,0.5477612018585205,0.7078109979629517,0.0973871722817421,0.4188435673713684,1.0,0.935546875,1.0
rotation_consistent,test_seen,1507,val:2009_000457:part_6,2009_000457,bicycle,wheel,wheel,0.181499645113945,0.30723607540130615,0.7332738637924194,0.6932515501976013,1.0,0.9990234375,1.0
rotation_consistent,test_seen,1508,val:2009_000457:part_8,2009_000457,bicycle,handlebar,handlebar,0.0,0.0,1.0,0.017177913337945938,1.0,1.0,1.0
rotation_consistent,test_seen,1509,val:2009_000457:part_9,2009_000457,bicycle,chainwheel,chainwheel,0.25076451897621155,0.4009779989719391,0.4954128563404083,0.10061349719762802,1.0,0.99462890625,1.0
rotation_consistent,test_seen,1510,val:2009_000488:part_42,2009_000488,cat,tail,tail,0.0,0.0,0.031963471323251724,0.020642202347517014,1.0,0.89892578125,1.0
rotation_consistent,test_seen,1511,val:2009_000488:part_43,2009_000488,cat,head,head,0.25806450843811035,0.41025641560554504,0.1666666716337204,0.18577980995178223,1.0,1.0,1.0
rotation_consistent,test_seen,1512,val:2009_000488:part_44,2009_000488,cat,eye,eye,0.0,0.0,0.0,0.0068807341158390045,0.008880615234375,0.0,0.00010889768600463867
rotation_consistent,test_seen,1513,val:2009_000488:part_45,2009_000488,cat,torso,torso,0.5816993713378906,0.7355371713638306,0.15754923224449158,0.6169725060462952,1.0,1.0,1.0
rotation_consistent,test_seen,1514,val:2009_000488:part_47,2009_000488,cat,leg,leg,0.0,0.0,0.0,0.07110092043876648,1.0,1.0,1.0
rotation_consistent,test_seen,1515,val:2009_000488:part_48,2009_000488,cat,nose,nose,0.0,0.0,0.0,0.0022935778833925724,1.0,0.9814453125,1.0
rotation_consistent,test_seen,1516,val:2009_000488:part_49,2009_000488,cat,paw,paw,0.0,0.0,0.0,0.04128440469503403,1.0,0.99951171875,1.0
rotation_consistent,test_seen,1517,val:2009_000488:part_50,2009_000488,cat,ear,ear,0.0,0.0,0.0,0.05045871436595917,0.006877899169921875,0.0,6.920099258422852e-05
rotation_consistent,test_seen,1518,val:2009_000573:part_6,2009_000573,bicycle,wheel,wheel,0.24936816096305847,0.39919084310531616,0.6399200558662415,0.6329773664474487,1.0,0.9990234375,1.0
rotation_consistent,test_seen,1519,val:2009_000573:part_7,2009_000573,bicycle,saddle,saddle,0.12893082201480865,0.22841225564479828,0.8201754093170166,0.03412346914410591,1.0,0.99951171875,1.0
rotation_consistent,test_seen,1520,val:2009_000573:part_8,2009_000573,bicycle,handlebar,handlebar,0.25,0.4000000059604645,0.5811966061592102,0.05105496197938919,1.0,1.0,1.0
rotation_consistent,test_seen,1521,val:2009_000573:part_9,2009_000573,bicycle,chainwheel,chainwheel,0.3549160659313202,0.5238938331604004,0.23404255509376526,0.04923157021403313,1.0,0.99462890625,1.0
rotation_consistent,test_seen,1522,val:2009_000628:part_109,2009_000628,train,head,head,0.03187251091003418,0.0617760606110096,0.2964824140071869,0.03252032399177551,1.0,1.0,1.0
rotation_consistent,test_seen,1523,val:2009_000628:part_110,2009_000628,train,front,front,0.6881960034370422,0.8153034448623657,0.037061117589473724,0.40487805008888245,1.0,1.0,1.0
rotation_consistent,test_seen,1524,val:2009_000628:part_111,2009_000628,train,side,side,0.4878253638744354,0.6557562351226807,0.06812404841184616,0.4273712635040283,1.0,1.0,1.0
rotation_consistent,test_seen,1525,val:2009_000628:part_113,2009_000628,train,roof,roof,0.27242523431777954,0.4281984269618988,0.2333051562309265,0.09457994252443314,1.0,0.9345703125,1.0
rotation_consistent,test_seen,1526,val:2009_000628:part_114,2009_000628,train,coach,coach,0.03857421875,0.07428302615880966,0.1252485066652298,0.031165311112999916,1.0,1.0,1.0
rotation_consistent,test_seen,1527,val:2009_000641:part_52,2009_000641,cow,head,head,0.4057508111000061,0.5772727131843567,0.01576182059943676,0.05646929889917374,1.0,1.0,1.0
rotation_consistent,test_seen,1528,val:2009_000641:part_53,2009_000641,cow,eye,eye,0.0,0.0,0.0,0.0007309941574931145,0.008880615234375,0.0,0.00010889768600463867
rotation_consistent,test_seen,1529,val:2009_000641:part_54,2009_000641,cow,torso,torso,0.28025180101394653,0.4378073215484619,0.06222865357995033,0.2457967847585678,1.0,1.0,1.0
rotation_consistent,test_seen,1530,val:2009_000641:part_56,2009_000641,cow,leg,leg,0.22955664992332458,0.37339743971824646,0.3531283140182495,0.05573830381035805,1.0,1.0,1.0
rotation_consistent,test_seen,1531,val:2009_000641:part_57,2009_000641,cow,ear,ear,0.5031446814537048,0.6694560647010803,0.2281879186630249,0.016447369009256363,0.006877899169921875,0.0,6.920099258422852e-05
rotation_consistent,test_seen,1532,val:2009_000641:part_58,2009_000641,cow,muzzle,muzzle,0.375,0.5454545617103577,0.44565218687057495,0.025219298899173737,1.0,0.99951171875,1.0
rotation_consistent,test_seen,1533,val:2009_000704:part_115,2009_000704,tvmonitor,screen,screen,0.7067833542823792,0.8282051086425781,0.0,0.5068807601928711,1.0,0.99951171875,1.0
rotation_consistent,test_seen,1534,val:2009_000705:part_70,2009_000705,horse,tail,tail,0.22258064150810242,0.3641161024570465,0.6688741445541382,0.05895865336060524,1.0,0.89892578125,1.0
rotation_consistent,test_seen,1535,val:2009_000705:part_71,2009_000705,horse,head,head,0.12828947603702545,0.22740525007247925,0.47697368264198303,0.02986217476427555,1.0,1.0,1.0
rotation_consistent,test_seen,1536,val:2009_000705:part_72,2009_000705,horse,eye,eye,0.0,0.0,0.0,0.0007656968082301319,0.008880615234375,0.0,0.00010889768600463867
rotation_consistent,test_seen,1537,val:2009_000705:part_73,2009_000705,horse,torso,torso,0.6768060922622681,0.8072562217712402,0.20956256985664368,0.5980091691017151,1.0,1.0,1.0
rotation_consistent,test_seen,1538,val:2009_000705:part_74,2009_000705,horse,neck,neck,0.5015576481819153,0.6680498123168945,0.30363035202026367,0.13705971837043762,1.0,1.0,1.0
rotation_consistent,test_seen,1539,val:2009_000705:part_75,2009_000705,horse,leg,leg,0.14742015302181244,0.25695931911468506,0.8121869564056396,0.1554364413022995,1.0,1.0,1.0
rotation_consistent,test_seen,1540,val:2009_000705:part_76,2009_000705,horse,ear,ear,0.023255813866853714,0.04545454680919647,0.5,0.0015313936164602637,0.006877899169921875,0.0,6.920099258422852e-05
rotation_consistent,test_seen,1541,val:2009_000705:part_77,2009_000705,horse,muzzle,muzzle,0.12096773833036423,0.2158273309469223,0.8373983502388,0.01225114893168211,1.0,0.99951171875,1.0
rotation_consistent,test_seen,1542,val:2009_000705:part_78,2009_000705,horse,hoof,hoof,0.0,0.0,1.0,0.004594180732965469,1.0,0.998046875,1.0
rotation_consistent,test_seen,1543,val:2009_000712:part_109,2009_000712,train,head,head,0.00031377471168525517,0.000627352565061301,0.1889342963695526,0.0008205368649214506,1.0,1.0,1.0
rotation_consistent,test_seen,1544,val:2009_000712:part_111,2009_000712,train,side,side,0.8553969264030457,0.9220635294914246,0.12426765263080597,0.9772593975067139,1.0,1.0,1.0
rotation_consistent,test_seen,1545,val:2009_000712:part_114,2009_000712,train,coach,coach,0.0049124304205179214,0.009776833467185497,0.10465613007545471,0.005392099265009165,1.0,1.0,1.0
rotation_consistent,test_seen,1546,val:2009_000716:part_42,2009_000716,cat,tail,tail,0.6618521809577942,0.7965235114097595,0.25925925374031067,0.07683257758617401,1.0,0.89892578125,1.0
rotation_consistent,test_seen,1547,val:2009_000716:part_43,2009_000716,cat,head,head,0.699883222579956,0.8234485983848572,0.022332506254315376,0.17638009786605835,1.0,1.0,1.0
rotation_consistent,test_seen,1548,val:2009_000716:part_44,2009_000716,cat,eye,eye,0.3037542700767517,0.4659685790538788,0.0,0.016108596697449684,0.008880615234375,0.0,0.00010889768600463867
rotation_consistent,test_seen,1549,val:2009_000716:part_45,2009_000716,cat,torso,torso,0.7616803646087646,0.8647202849388123,0.05774206668138504,0.5195475220680237,1.0,1.0,1.0
rotation_consistent,test_seen,1550,val:2009_000716:part_46,2009_000716,cat,neck,neck,0.24206815659999847,0.3897823989391327,0.0,0.0696832612156868,1.0,1.0,1.0
rotation_consistent,test_seen,1551,val:2009_000716:part_47,2009_000716,cat,leg,leg,0.24211502075195312,0.3898431658744812,0.19604146480560303,0.07547511160373688,1.0,1.0,1.0
rotation_consistent,test_seen,1552,val:2009_000716:part_48,2009_000716,cat,nose,nose,0.28148147463798523,0.4393063485622406,0.0,0.006334841717034578,1.0,0.9814453125,1.0
rotation_consistent,test_seen,1553,val:2009_000716:part_49,2009_000716,cat,paw,paw,0.2310924381017685,0.37542662024497986,0.4256837069988251,0.029954751953482628,1.0,0.99951171875,1.0
rotation_consistent,test_seen,1554,val:2009_000716:part_50,2009_000716,cat,ear,ear,0.32405567169189453,0.48948949575424194,0.07286432385444641,0.024253394454717636,0.006877899169921875,0.0,6.920099258422852e-05
rotation_consistent,test_seen,1555,val:2009_000727:part_70,2009_000727,horse,tail,tail,0.4978991448879242,0.6647966504096985,0.4275362193584442,0.18066465854644775,1.0,0.89892578125,1.0
rotation_consistent,test_seen,1556,val:2009_000727:part_71,2009_000727,horse,head,head,0.0,0.0,0.0,0.05800604075193405,1.0,1.0,1.0
rotation_consistent,test_seen,1557,val:2009_000727:part_72,2009_000727,horse,eye,eye,0.0,0.0,0.0,0.001208459259942174,0.008880615234375,0.0,0.00010889768600463867
rotation_consistent,test_seen,1558,val:2009_000727:part_73,2009_000727,horse,torso,torso,0.49741825461387634,0.6643677949905396,0.22233502566814423,0.45619335770606995,1.0,1.0,1.0
rotation_consistent,test_seen,1559,val:2009_000727:part_74,2009_000727,horse,neck,neck,0.20614035427570343,0.3418181836605072,0.3380281627178192,0.12326283752918243,1.0,1.0,1.0
rotation_consistent,test_seen,1560,val:2009_000727:part_75,2009_000727,horse,leg,leg,0.1166306659579277,0.20889748632907867,0.6069294810295105,0.11903323233127594,1.0,1.0,1.0
rotation_consistent,test_seen,1561,val:2009_000727:part_76,2009_000727,horse,ear,ear,0.0,0.0,0.0,0.002416918519884348,0.006877899169921875,0.0,6.920099258422852e-05
rotation_consistent,test_seen,1562,val:2009_000727:part_77,2009_000727,horse,muzzle,muzzle,0.0,0.0,0.0,0.03262839838862419,1.0,0.99951171875,1.0
rotation_consistent,test_seen,1563,val:2009_000727:part_78,2009_000727,horse,hoof,hoof,0.021739130839705467,0.042553190141916275,0.6707317233085632,0.0072507550939917564,1.0,0.998046875,1.0
rotation_consistent,test_seen,1564,val:2009_000727:part_85,2009_000727,person,torso,torso,0.0,0.0,0.220095694065094,0.026128266006708145,1.0,1.0,1.0
rotation_consistent,test_seen,1565,val:2009_000727:part_86,2009_000727,person,neck,neck,0.0,0.0,0.0,0.01425178162753582,1.0,1.0,1.0
rotation_consistent,test_seen,1566,val:2009_000731:part_52,2009_000731,cow,head,head,0.7414643168449402,0.8515412211418152,0.08634498715400696,0.23910996317863464,1.0,1.0,1.0
rotation_consistent,test_seen,1567,val:2009_000731:part_53,2009_000731,cow,eye,eye,0.13664595782756805,0.24043716490268707,0.016611294820904732,0.0038262302987277508,0.008880615234375,0.0,0.00010889768600463867
rotation_consistent,test_seen,1568,val:2009_000731:part_54,2009_000731,cow,torso,torso,0.44819948077201843,0.6189748048782349,0.27355268597602844,0.5383211970329285,1.0,1.0,1.0
rotation_consistent,test_seen,1569,val:2009_000731:part_57,2009_000731,cow,ear,ear,0.5052241086959839,0.6712942123413086,0.1705583781003952,0.08894513547420502,0.006877899169921875,0.0,6.920099258422852e-05
rotation_consistent,test_seen,1570,val:2009_000731:part_58,2009_000731,cow,muzzle,muzzle,0.5658606886863708,0.7227471470832825,0.14605693519115448,0.12926772236824036,1.0,0.99951171875,1.0
rotation_consistent,test_seen,1571,val:2009_000771:part_52,2009_000771,cow,head,head,0.724418580532074,0.8401888012886047,0.06312709301710129,0.11627381294965744,1.0,1.0,1.0
rotation_consistent,test_seen,1572,val:2009_000771:part_53,2009_000771,cow,eye,eye,0.08029197156429291,0.14864864945411682,0.0,0.002826295793056488,0.008880615234375,0.0,0.00010889768600463867
rotation_consistent,test_seen,1573,val:2009_000771:part_54,2009_000771,cow,torso,torso,0.3242207169532776,0.489677757024765,0.08730274438858032,0.26126277446746826,1.0,1.0,1.0
rotation_consistent,test_seen,1574,val:2009_000771:part_57,2009_000771,cow,ear,ear,0.49368610978126526,0.6610305905342102,0.3329305052757263,0.0468599870800972,0.006877899169921875,0.0,6.920099258422852e-05
rotation_consistent,test_seen,1575,val:2009_000771:part_58,2009_000771,cow,muzzle,muzzle,0.6985864043235779,0.822550356388092,0.01781635358929634,0.08682380616664886,1.0,0.99951171875,1.0
rotation_consistent,test_seen,1576,val:2009_000771:part_59,2009_000771,cow,horn,horn,0.10596026480197906,0.19161677360534668,0.25584906339645386,0.010061613284051418,0.2100830078125,6.556510925292969e-07,0.00591278076171875
rotation_consistent,test_seen,1577,val:2009_000840:part_20,2009_000840,bottle,body,body,0.6931853294372559,0.8187943696975708,0.28917157649993896,0.9593908786773682,1.0,1.0,1.0
rotation_consistent,test_seen,1578,val:2009_000840:part_21,2009_000840,bottle,cap,cap,0.30000001192092896,0.4615384638309479,0.6632652878761292,0.03807106614112854,1.0,0.98876953125,1.0
rotation_consistent,test_seen,1579,val:2009_000845:part_109,2009_000845,train,head,head,0.005239030811935663,0.010423452593386173,0.15573227405548096,0.010956594720482826,1.0,1.0,1.0
rotation_consistent,test_seen,1580,val:2009_000845:part_110,2009_000845,train,front,front,0.294765830039978,0.4553191363811493,0.0555555559694767,0.1466498076915741,1.0,1.0,1.0
rotation_consistent,test_seen,1581,val:2009_000845:part_111,2009_000845,train,side,side,0.6553846001625061,0.7918215394020081,0.2758142650127411,0.8242730498313904,1.0,1.0,1.0
rotation_consistent,test_seen,1582,val:2009_000931:part_71,2009_000931,horse,head,head,0.14646464586257935,0.25550660490989685,0.2151898741722107,0.02141527086496353,1.0,1.0,1.0
rotation_consistent,test_seen,1583,val:2009_000931:part_72,2009_000931,horse,eye,eye,0.0,0.0,0.0,0.00031036624568514526,0.008880615234375,0.0,0.00010889768600463867
rotation_consistent,test_seen,1584,val:2009_000931:part_73,2009_000931,horse,torso,torso,0.3913043439388275,0.5625,0.07992734014987946,0.279950350522995,1.0,1.0,1.0
rotation_consistent,test_seen,1585,val:2009_000931:part_74,2009_000931,horse,neck,neck,0.2528517246246338,0.40364187955856323,0.21292775869369507,0.04127870872616768,1.0,1.0,1.0
rotation_consistent,test_seen,1586,val:2009_000931:part_75,2009_000931,horse,leg,leg,0.08173823356628418,0.15112386643886566,0.6307291388511658,0.053072623908519745,1.0,1.0,1.0
rotation_consistent,test_seen,1587,val:2009_000931:part_76,2009_000931,horse,ear,ear,0.0,0.0,1.0,0.0006207324913702905,0.006877899169921875,0.0,6.920099258422852e-05
rotation_consistent,test_seen,1588,val:2009_000931:part_77,2009_000931,horse,muzzle,muzzle,0.26119402050971985,0.41420117020606995,0.5537189841270447,0.014897579327225685,1.0,0.99951171875,1.0
rotation_consistent,test_seen,1589,val:2009_000931:part_78,2009_000931,horse,hoof,hoof,0.0,0.0,0.800000011920929,0.002482929965481162,1.0,0.998046875,1.0
rotation_consistent,test_seen,1590,val:2009_000964:part_43,2009_000964,cat,head,head,0.44464945793151855,0.6155810952186584,0.20842571556568146,0.14722837507724762,1.0,1.0,1.0
rotation_consistent,test_seen,1591,val:2009_000964:part_44,2009_000964,cat,eye,eye,0.0,0.0,0.0,0.0008869179873727262,0.008880615234375,0.0,0.00010889768600463867
rotation_consistent,test_seen,1592,val:2009_000964:part_45,2009_000964,cat,torso,torso,0.6114649772644043,0.7588932514190674,0.14392803609371185,0.5711751580238342,1.0,1.0,1.0
rotation_consistent,test_seen,1593,val:2009_000964:part_46,2009_000964,cat,neck,neck,0.13500000536441803,0.2378854602575302,0.22614841163158417,0.07583148777484894,1.0,1.0,1.0
rotation_consistent,test_seen,1594,val:2009_000964:part_47,2009_000964,cat,leg,leg,0.04615384712815285,0.0882352963089943,0.27699530124664307,0.10066518932580948,1.0,1.0,1.0
rotation_consistent,test_seen,1595,val:2009_000964:part_48,2009_000964,cat,nose,nose,0.0,0.0,0.0,0.0004434589936863631,1.0,0.9814453125,1.0
rotation_consistent,test_seen,1596,val:2009_000964:part_49,2009_000964,cat,paw,paw,0.0202312134206295,0.03966005519032478,0.48121386766433716,0.0062084258534014225,1.0,0.99951171875,1.0
rotation_consistent,test_seen,1597,val:2009_000964:part_50,2009_000964,cat,ear,ear,0.2881355881690979,0.44736841320991516,0.4954128563404083,0.05277162045240402,0.006877899169921875,0.0,6.920099258422852e-05
rotation_consistent,test_seen,1598,val:2009_001008:part_42,2009_001008,cat,tail,tail,0.0,0.0,0.12944984436035156,0.04778778925538063,1.0,0.89892578125,1.0
rotation_consistent,test_seen,1599,val:2009_001008:part_43,2009_001008,cat,head,head,0.7254514098167419,0.8408830165863037,0.06319702416658401,0.2977624833583832,1.0,1.0,1.0
rotation_consistent,test_seen,1600,val:2009_001008:part_44,2009_001008,cat,eye,eye,0.2293906807899475,0.3731778562068939,0.0,0.007188417483121157,0.008880615234375,0.0,0.00010889768600463867
rotation_consistent,test_seen,1601,val:2009_001008:part_45,2009_001008,cat,torso,torso,0.5631015300750732,0.7204925417900085,0.08965644240379333,0.32044142484664917,1.0,1.0,1.0
rotation_consistent,test_seen,1602,val:2009_001008:part_46,2009_001008,cat,neck,neck,0.4375765025615692,0.6087697148323059,0.03146374970674515,0.08980459719896317,1.0,1.0,1.0
rotation_consistent,test_seen,1603,val:2009_001008:part_47,2009_001008,cat,leg,leg,0.32502707839012146,0.4905968904495239,0.07487520575523376,0.06510073691606522,1.0,1.0,1.0
rotation_consistent,test_seen,1604,val:2009_001008:part_48,2009_001008,cat,nose,nose,0.23228345811367035,0.37699681520462036,0.0,0.018224157392978668,1.0,0.9814453125,1.0
rotation_consistent,test_seen,1605,val:2009_001008:part_49,2009_001008,cat,paw,paw,0.4365079402923584,0.6077347993850708,0.13354530930519104,0.02794370800256729,1.0,0.99951171875,1.0
rotation_consistent,test_seen,1606,val:2009_001008:part_50,2009_001008,cat,ear,ear,0.6210640668869019,0.7662424445152283,0.2864406704902649,0.12311430275440216,0.006877899169921875,0.0,6.920099258422852e-05
rotation_consistent,test_seen,1607,val:2009_001082:part_22,2009_001082,bus,wheel,wheel,0.0,0.0,0.0021052630618214607,0.00454038567841053,1.0,0.9990234375,1.0
rotation_consistent,test_seen,1608,val:2009_001082:part_23,2009_001082,bus,headlight,headlight,0.12173912674188614,0.21705426275730133,0.0,0.005018320865929127,0.99951171875,0.493896484375,0.99609375
rotation_consistent,test_seen,1609,val:2009_001082:part_24,2009_001082,bus,front,front,0.45319297909736633,0.6237202882766724,0.09242982417345047,0.2628644108772278,1.0,1.0,1.0
rotation_consistent,test_seen,1610,val:2009_001082:part_25,2009_001082,bus,side,side,0.0013235470978543162,0.002643595216795802,0.082407645881176,0.02310020662844181,1.0,1.0,1.0
rotation_consistent,test_seen,1611,val:2009_001082:part_28,2009_001082,bus,mirror,mirror,0.0,0.0,0.4444444477558136,0.0027879560366272926,0.013275146484375,0.0,0.00027370452880859375
rotation_consistent,test_seen,1612,val:2009_001082:part_30,2009_001082,bus,door,door,0.0,0.0,0.024285154417157173,0.0038234826643019915,1.0,0.9990234375,1.0
rotation_consistent,test_seen,1613,val:2009_001082:part_31,2009_001082,bus,window,window,0.2946777045726776,0.4552139937877655,0.05128451809287071,0.12764856219291687,1.0,0.935546875,1.0
rotation_consistent,test_seen,1614,val:2009_001215:part_94,2009_001215,person,lower arm,lower arm,0.7051671743392944,0.8270944952964783,0.10115829855203629,0.6095054745674133,1.0,1.0,1.0
rotation_consistent,test_seen,1615,val:2009_001215:part_96,2009_001215,person,hand,hand,0.6536502838134766,0.790554404258728,0.10879629850387573,0.3481053411960602,1.0,0.99853515625,1.0
rotation_consistent,test_seen,1616,val:2009_001255:part_6,2009_001255,bicycle,wheel,wheel,0.036490682512521744,0.07041198760271072,0.8664987683296204,0.315082311630249,1.0,0.9990234375,1.0
rotation_consistent,test_seen,1617,val:2009_001255:part_7,2009_001255,bicycle,saddle,saddle,0.5803921818733215,0.7344912886619568,0.11827956885099411,0.07289217412471771,1.0,0.99951171875,1.0
rotation_consistent,test_seen,1618,val:2009_001255:part_8,2009_001255,bicycle,handlebar,handlebar,0.04571026563644409,0.08742434531450272,0.5829629898071289,0.04601948335766792,1.0,1.0,1.0
rotation_consistent,test_seen,1619,val:2009_001255:part_9,2009_001255,bicycle,chainwheel,chainwheel,0.16165412962436676,0.2783171534538269,0.7124999761581421,0.05005038529634476,1.0,0.99462890625,1.0
rotation_consistent,test_seen,1620,val:2009_001278:part_20,2009_001278,bottle,body,body,0.5502040982246399,0.7098472714424133,0.4309346675872803,0.9718309640884399,1.0,1.0,1.0
rotation_consistent,test_seen,1621,val:2009_001278:part_21,2009_001278,bottle,cap,cap,0.2183908075094223,0.35849055647850037,0.7209302186965942,0.028169013559818268,1.0,0.98876953125,1.0
rotation_consistent,test_seen,1622,val:2009_001299:part_83,2009_001299,person,head,head,0.5989159941673279,0.7491525411605835,0.1404494345188141,0.07010185718536377,1.0,1.0,1.0
rotation_consistent,test_seen,1623,val:2009_001299:part_84,2009_001299,person,eye,eye,0.0,0.0,0.0,0.0026962251868098974,0.008880615234375,0.0,0.00010889768600463867
rotation_consistent,test_seen,1624,val:2009_001299:part_85,2009_001299,person,torso,torso,0.42450979351997375,0.5960082411766052,0.08253588527441025,0.18484121561050415,1.0,1.0,1.0
rotation_consistent,test_seen,1625,val:2009_001299:part_86,2009_001299,person,neck,neck,0.22826087474822998,0.37168142199516296,0.09638553857803345,0.017974834889173508,1.0,1.0,1.0
rotation_consistent,test_seen,1626,val:2009_001299:part_87,2009_001299,person,leg,leg,0.594936728477478,0.7460317611694336,0.1418619304895401,0.3573996424674988,1.0,1.0,1.0
rotation_consistent,test_seen,1627,val:2009_001299:part_88,2009_001299,person,foot,foot,0.43310657143592834,0.6044303774833679,0.34594595432281494,0.07849011570215225,1.0,1.0,1.0
rotation_consistent,test_seen,1628,val:2009_001299:part_89,2009_001299,person,nose,nose,0.44897958636283875,0.6197183132171631,0.0,0.0068903532810509205,1.0,0.9814453125,1.0
rotation_consistent,test_seen,1629,val:2009_001299:part_90,2009_001299,person,ear,ear,0.0,0.0,1.0,0.005092869978398085,0.006877899169921875,0.0,6.920099258422852e-05
rotation_consistent,test_seen,1630,val:2009_001299:part_91,2009_001299,person,eyebrow,eyebrow,0.0,0.0,0.0,0.003594967070966959,0.0010118484497070312,0.0,7.152557373046875e-06
rotation_consistent,test_seen,1631,val:2009_001299:part_92,2009_001299,person,mouth,mouth,0.1463414579629898,0.25531914830207825,0.0,0.004194128327071667,1.0,0.998046875,1.0
rotation_consistent,test_seen,1632,val:2009_001299:part_93,2009_001299,person,hair,hair,0.3681592047214508,0.5381818413734436,0.17112299799919128,0.02636309154331684,1.0,0.958984375,1.0
rotation_consistent,test_seen,1633,val:2009_001299:part_94,2009_001299,person,lower arm,lower arm,0.05578512325882912,0.10567514598369598,0.14792899787425995,0.05182744190096855,1.0,1.0,1.0
rotation_consistent,test_seen,1634,val:2009_001299:part_95,2009_001299,person,upper arm,upper arm,0.4061662256717682,0.5776930451393127,0.309171587228775,0.11174356192350388,1.0,0.9990234375,1.0
rotation_consistent,test_seen,1635,val:2009_001299:part_96,2009_001299,person,hand,hand,0.406876802444458,0.5784114003181458,0.0,0.05542241036891937,1.0,0.99853515625,1.0
rotation_consistent,test_seen,1636,val:2009_001300:part_109,2009_001300,train,head,head,0.0011607661144807935,0.0023188404738903046,0.23372092843055725,0.0016425756039097905,1.0,1.0,1.0
rotation_consistent,test_seen,1637,val:2009_001300:part_110,2009_001300,train,front,front,0.6815964579582214,0.8106539845466614,0.15113072097301483,0.6501314043998718,1.0,1.0,1.0
rotation_consistent,test_seen,1638,val:2009_001300:part_111,2009_001300,train,side,side,0.40840965509414673,0.5799586176872253,0.22559931874275208,0.34395530819892883,1.0,1.0,1.0
rotation_consistent,test_seen,1639,val:2009_001332:part_0,2009_001332,aeroplane,body,body,0.6572605967521667,0.7931892275810242,0.058071207255125046,0.5561115145683289,1.0,1.0,1.0
rotation_consistent,test_seen,1640,val:2009_001332:part_1,2009_001332,aeroplane,stern,stern,0.6776685118675232,0.8078693747520447,0.1623263955116272,0.29473432898521423,1.0,1.0,1.0
rotation_consistent,test_seen,1641,val:2009_001332:part_2,2009_001332,aeroplane,wing,wing,0.4316185712814331,0.602979838848114,0.026281209662556648,0.09054086357355118,0.99853515625,0.00031757354736328125,0.962890625
rotation_consistent,test_seen,1642,val:2009_001332:part_4,2009_001332,aeroplane,engine,engine,0.1371191143989563,0.2411693036556244,0.0,0.023588277399539948,1.0,0.99951171875,1.0
rotation_consistent,test_seen,1643,val:2009_001332:part_5,2009_001332,aeroplane,wheel,wheel,0.17431192100048065,0.296875,0.6833333373069763,0.0162020493298769,1.0,0.9990234375,1.0
rotation_consistent,test_seen,1644,val:2009_001333:part_109,2009_001333,train,head,head,0.140697181224823,0.24668630957603455,0.21382008492946625,0.035104043781757355,1.0,1.0,1.0
rotation_consistent,test_seen,1645,val:2009_001333:part_110,2009_001333,train,front,front,0.8911553025245667,0.9424453973770142,0.06570807844400406,0.4508543312549591,1.0,1.0,1.0
rotation_consistent,test_seen,1646,val:2009_001333:part_111,2009_001333,train,side,side,0.7929940819740295,0.8845473527908325,0.042220935225486755,0.4670952558517456,1.0,1.0,1.0
rotation_consistent,test_seen,1647,val:2009_001333:part_114,2009_001333,train,coach,coach,0.007962711155414581,0.015799615532159805,0.03942513093352318,0.0034681102260947227,1.0,1.0,1.0
rotation_consistent,test_seen,1648,val:2009_001363:part_115,2009_001363,tvmonitor,screen,screen,0.68123859167099,0.8104008436203003,0.010946555063128471,0.6555256247520447,1.0,0.99951171875,1.0
rotation_consistent,test_seen,1649,val:2009_001391:part_43,2009_001391,cat,head,head,0.6436859965324402,0.7832226157188416,0.1003412976861,0.09641140699386597,1.0,1.0,1.0
rotation_consistent,test_seen,1650,val:2009_001391:part_44,2009_001391,cat,eye,eye,0.1489361673593521,0.25925925374031067,0.0,0.005009712651371956,0.008880615234375,0.0,0.00010889768600463867
rotation_consistent,test_seen,1651,val:2009_001391:part_45,2009_001391,cat,torso,torso,0.48750001192092896,0.6554622054100037,0.0633775070309639,0.3888150453567505,1.0,1.0,1.0
rotation_consistent,test_seen,1652,val:2009_001391:part_46,2009_001391,cat,neck,neck,0.5966494679450989,0.7473769187927246,0.005442176945507526,0.05152847245335579,1.0,1.0,1.0
rotation_consistent,test_seen,1653,val:2009_001391:part_47,2009_001391,cat,leg,leg,0.552933931350708,0.7121152281761169,0.07317721843719482,0.3896329700946808,1.0,1.0,1.0
rotation_consistent,test_seen,1654,val:2009_001391:part_48,2009_001391,cat,nose,nose,0.18309858441352844,0.3095238208770752,0.0,0.0018403026042506099,1.0,0.9814453125,1.0
rotation_consistent,test_seen,1655,val:2009_001391:part_49,2009_001391,cat,paw,paw,0.24448217451572418,0.3929058611392975,0.25704225897789,0.0168694406747818,1.0,0.99951171875,1.0
rotation_consistent,test_seen,1656,val:2009_001391:part_50,2009_001391,cat,ear,ear,0.4430769085884094,0.6140725016593933,0.4558139443397522,0.029956037178635597,0.006877899169921875,0.0,6.920099258422852e-05
rotation_consistent,test_seen,1657,val:2009_001411:part_42,2009_001411,cat,tail,tail,0.3333333432674408,0.5,0.24885845184326172,0.03222532197833061,1.0,0.89892578125,1.0
rotation_consistent,test_seen,1658,val:2009_001411:part_43,2009_001411,cat,head,head,0.7928818464279175,0.8844775557518005,0.0072426279075443745,0.2149200737476349,1.0,1.0,1.0
rotation_consistent,test_seen,1659,val:2009_001411:part_44,2009_001411,cat,eye,eye,0.13286712765693665,0.23456789553165436,0.0,0.008880994282662868,0.008880615234375,0.0,0.00010889768600463867
rotation_consistent,test_seen,1660,val:2009_001411:part_45,2009_001411,cat,torso,torso,0.5809128880500793,0.7349081635475159,0.07056145370006561,0.39456990361213684,1.0,1.0,1.0
rotation_consistent,test_seen,1661,val:2009_001411:part_46,2009_001411,cat,neck,neck,0.3797035217285156,0.5504132509231567,0.06512300670146942,0.06584623456001282,1.0,1.0,1.0
rotation_consistent,test_seen,1662,val:2009_001411:part_47,2009_001411,cat,leg,leg,0.3405119776725769,0.5080327391624451,0.038972947746515274,0.14184217154979706,1.0,1.0,1.0
rotation_consistent,test_seen,1663,val:2009_001411:part_48,2009_001411,cat,nose,nose,0.3928571343421936,0.5641025900840759,0.0,0.0030449123587459326,1.0,0.9814453125,1.0
rotation_consistent,test_seen,1664,val:2009_001411:part_49,2009_001411,cat,paw,paw,0.39926740527153015,0.5706806182861328,0.20821918547153473,0.05062166973948479,1.0,0.99951171875,1.0
rotation_consistent,test_seen,1665,val:2009_001411:part_50,2009_001411,cat,ear,ear,0.46263644099235535,0.6326062083244324,0.1528497338294983,0.07409287244081497,0.006877899169921875,0.0,6.920099258422852e-05
rotation_consistent,test_seen,1666,val:2009_001433:part_75,2009_001433,horse,leg,leg,0.0,0.0,0.8799999952316284,0.0002840909000951797,1.0,1.0,1.0
rotation_consistent,test_seen,1667,val:2009_001433:part_83,2009_001433,person,head,head,0.2620689570903778,0.41530054807662964,0.540229856967926,0.076975017786026,1.0,1.0,1.0
rotation_consistent,test_seen,1668,val:2009_001433:part_84,2009_001433,person,eye,eye,0.0,0.0,0.0,0.004051316529512405,0.008880615234375,0.0,0.00010889768600463867
rotation_consistent,test_seen,1669,val:2009_001433:part_85,2009_001433,person,torso,torso,0.3457249104976654,0.5138121843338013,0.11410459876060486,0.307224839925766,1.0,1.0,1.0
rotation_consistent,test_seen,1670,val:2009_001433:part_86,2009_001433,person,neck,neck,0.0,0.0,1.0,0.026333559304475784,1.0,1.0,1.0
rotation_consistent,test_seen,1671,val:2009_001433:part_87,2009_001433,person,leg,leg,0.013921113684773445,0.02745995484292507,0.7207547426223755,0.11613774299621582,1.0,1.0,1.0
rotation_consistent,test_seen,1672,val:2009_001433:part_88,2009_001433,person,foot,foot,0.25882354378700256,0.4112149477005005,0.5600000023841858,0.038487508893013,1.0,1.0,1.0
rotation_consistent,test_seen,1673,val:2009_001433:part_89,2009_001433,person,nose,nose,0.0,0.0,1.0,0.004051316529512405,1.0,0.9814453125,1.0
rotation_consistent,test_seen,1674,val:2009_001433:part_91,2009_001433,person,eyebrow,eyebrow,0.0,0.0,0.0,0.004726536106318235,0.0010118484497070312,0.0,7.152557373046875e-06
rotation_consistent,test_seen,1675,val:2009_001433:part_92,2009_001433,person,mouth,mouth,0.0,0.0,1.0,0.004726536106318235,1.0,0.998046875,1.0
rotation_consistent,test_seen,1676,val:2009_001433:part_93,2009_001433,person,hair,hair,0.0,0.0,0.0,0.003376097185537219,1.0,0.958984375,1.0
rotation_consistent,test_seen,1677,val:2009_001433:part_94,2009_001433,person,lower arm,lower arm,0.0,0.0,0.15357142686843872,0.03241053223609924,1.0,1.0,1.0
rotation_consistent,test_seen,1678,val:2009_001433:part_95,2009_001433,person,upper arm,upper arm,0.11861313879489899,0.21207177639007568,0.17102137207984924,0.12964212894439697,1.0,0.9990234375,1.0
rotation_consistent,test_seen,1679,val:2009_001433:part_96,2009_001433,person,hand,hand,0.0,0.0,0.15909090638160706,0.020931802690029144,1.0,0.99853515625,1.0
rotation_consistent,test_seen,1680,val:2009_001644:part_98,2009_001644,pottedplant,plant,plant,0.16740822792053223,0.2868032455444336,0.17110715806484222,0.254184752702713,1.0,1.0,1.0
rotation_consistent,test_seen,1681,val:2009_001663:part_6,2009_001663,bicycle,wheel,wheel,0.20800000429153442,0.34437087178230286,0.6758104562759399,0.7051792740821838,1.0,0.9990234375,1.0
rotation_consistent,test_seen,1682,val:2009_001663:part_7,2009_001663,bicycle,saddle,saddle,0.0,0.0,0.0,0.04581673443317413,1.0,0.99951171875,1.0
rotation_consistent,test_seen,1683,val:2009_001663:part_8,2009_001663,bicycle,handlebar,handlebar,0.0,0.0,0.0,0.05378486216068268,1.0,1.0,1.0
rotation_consistent,test_seen,1684,val:2009_001663:part_9,2009_001663,bicycle,chainwheel,chainwheel,0.0,0.0,0.8125,0.04780876636505127,1.0,0.99462890625,1.0
rotation_consistent,test_seen,1685,val:2009_001684:part_97,2009_001684,pottedplant,pot,pot,0.7251732349395752,0.8406960964202881,0.12267958372831345,0.357474148273468,1.0,1.0,1.0
rotation_consistent,test_seen,1686,val:2009_001684:part_98,2009_001684,pottedplant,plant,plant,0.3367626965045929,0.503848135471344,0.34142038226127625,0.5818765759468079,1.0,1.0,1.0
rotation_consistent,test_seen,1687,val:2009_001687:part_96,2009_001687,person,hand,hand,0.25837138295173645,0.4106440842151642,0.09748010337352753,0.998630940914154,1.0,0.99853515625,1.0
rotation_consistent,test_seen,1688,val:2009_001718:part_83,2009_001718,person,head,head,0.485029935836792,0.6532257795333862,0.012024047784507275,0.07163742929697037,1.0,1.0,1.0
rotation_consistent,test_seen,1689,val:2009_001718:part_84,2009_001718,person,eye,eye,0.06172839552164078,0.11627907305955887,0.0,0.0033625729847699404,0.008880615234375,0.0,0.00010889768600463867
rotation_consistent,test_seen,1690,val:2009_001718:part_85,2009_001718,person,torso,torso,0.6542479395866394,0.7909913659095764,0.08562450855970383,0.32236841320991516,1.0,1.0,1.0
rotation_consistent,test_seen,1691,val:2009_001718:part_86,2009_001718,person,neck,neck,0.08695652335882187,0.1599999964237213,0.0,0.0024853800423443317,1.0,1.0,1.0
rotation_consistent,test_seen,1692,val:2009_001718:part_87,2009_001718,person,leg,leg,0.6745641231536865,0.8056593537330627,0.24879460036754608,0.24444444477558136,1.0,1.0,1.0
rotation_consistent,test_seen,1693,val:2009_001718:part_88,2009_001718,person,foot,foot,0.39650872349739075,0.5678571462631226,0.3132530152797699,0.045467834919691086,1.0,1.0,1.0
rotation_consistent,test_seen,1694,val:2009_001718:part_89,2009_001718,person,nose,nose,0.2295081913471222,0.3733333349227905,0.0,0.0049707600846886635,1.0,0.9814453125,1.0
rotation_consistent,test_seen,1695,val:2009_001718:part_90,2009_001718,person,ear,ear,0.0,0.0,0.8589743375778198,0.0013157895300537348,0.006877899169921875,0.0,6.920099258422852e-05
rotation_consistent,test_seen,1696,val:2009_001718:part_91,2009_001718,person,eyebrow,eyebrow,0.0,0.0,0.0,0.003070175414904952,0.0010118484497070312,0.0,7.152557373046875e-06
rotation_consistent,test_seen,1697,val:2009_001718:part_92,2009_001718,person,mouth,mouth,0.0,0.0,0.0,0.0021929824724793434,1.0,0.998046875,1.0
rotation_consistent,test_seen,1698,val:2009_001718:part_93,2009_001718,person,hair,hair,0.5169737935066223,0.6815856695175171,0.2912317216396332,0.08859649300575256,1.0,0.958984375,1.0
rotation_consistent,test_seen,1699,val:2009_001718:part_94,2009_001718,person,lower arm,lower arm,0.4283667504787445,0.599799394607544,0.13587786257266998,0.05000000074505806,1.0,1.0,1.0
rotation_consistent,test_seen,1700,val:2009_001718:part_95,2009_001718,person,upper arm,upper arm,0.5526524186134338,0.711881697177887,0.18418766558170319,0.1184210553765297,1.0,0.9990234375,1.0
rotation_consistent,test_seen,1701,val:2009_001718:part_96,2009_001718,person,hand,hand,0.3240309953689575,0.48946136236190796,0.4415999948978424,0.03347953036427498,1.0,0.99853515625,1.0
rotation_consistent,test_seen,1702,val:2009_001775:part_97,2009_001775,pottedplant,pot,pot,0.023679416626691818,0.04626334458589554,0.1679999977350235,0.052542850375175476,1.0,1.0,1.0
rotation_consistent,test_seen,1703,val:2009_001775:part_98,2009_001775,pottedplant,plant,plant,0.3448464870452881,0.5128414034843445,0.13734567165374756,0.46810901165008545,1.0,1.0,1.0
rotation_consistent,test_seen,1704,val:2009_001804:part_22,2009_001804,bus,wheel,wheel,0.5634920597076416,0.720812201499939,0.0884057953953743,0.04319199547171593,1.0,0.9990234375,1.0
rotation_consistent,test_seen,1705,val:2009_001804:part_23,2009_001804,bus,headlight,headlight,0.10756972432136536,0.1942446082830429,0.33155080676078796,0.0079887630417943,0.99951171875,0.493896484375,0.99609375
rotation_consistent,test_seen,1706,val:2009_001804:part_24,2009_001804,bus,front,front,0.6198508143424988,0.7653183937072754,0.10168930143117905,0.1733824908733368,1.0,1.0,1.0
rotation_consistent,test_seen,1707,val:2009_001804:part_25,2009_001804,bus,side,side,0.42507556080818176,0.5965656638145447,0.03698224946856499,0.27565622329711914,1.0,1.0,1.0
rotation_consistent,test_seen,1708,val:2009_001804:part_28,2009_001804,bus,mirror,mirror,0.2291666716337204,0.37288135290145874,0.0,0.003511544317007065,0.013275146484375,0.0,0.00027370452880859375
rotation_consistent,test_seen,1709,val:2009_001804:part_30,2009_001804,bus,door,door,0.26038646697998047,0.41318511962890625,0.0,0.051444120705127716,1.0,0.9990234375,1.0
rotation_consistent,test_seen,1710,val:2009_001804:part_31,2009_001804,bus,window,window,0.7249168157577515,0.8405237793922424,0.034649476408958435,0.4290229082107544,1.0,0.935546875,1.0
rotation_consistent,test_seen,1711,val:2009_001816:part_22,2009_001816,bus,wheel,wheel,0.5412371158599854,0.7023411393165588,0.1081593930721283,0.02965218760073185,1.0,0.9990234375,1.0
rotation_consistent,test_seen,1712,val:2009_001816:part_23,2009_001816,bus,headlight,headlight,0.27462685108184814,0.43091335892677307,0.04472843557596207,0.00913607981055975,0.99951171875,0.493896484375,0.99609375
rotation_consistent,test_seen,1713,val:2009_001816:part_24,2009_001816,bus,front,front,0.599775493144989,0.749824583530426,0.0785592719912529,0.17422664165496826,1.0,1.0,1.0
rotation_consistent,test_seen,1714,val:2009_001816:part_25,2009_001816,bus,side,side,0.6440292596817017,0.7834766507148743,0.055943168699741364,0.41200512647628784,1.0,1.0,1.0
rotation_consistent,test_seen,1715,val:2009_001816:part_28,2009_001816,bus,mirror,mirror,0.54356849193573,0.7043010592460632,0.0,0.028530213981866837,0.013275146484375,0.0,0.00027370452880859375
rotation_consistent,test_seen,1716,val:2009_001816:part_31,2009_001816,bus,window,window,0.6454808712005615,0.7845498323440552,0.08907070010900497,0.346049040555954,1.0,0.935546875,1.0
rotation_consistent,test_seen,1717,val:2009_001818:part_20,2009_001818,bottle,body,body,0.8787009119987488,0.9354345798492432,0.10697918385267258,0.976197361946106,1.0,1.0,1.0
rotation_consistent,test_seen,1718,val:2009_001818:part_21,2009_001818,bottle,cap,cap,0.14661654829978943,0.25573769211769104,0.0451977401971817,0.018465088680386543,1.0,0.98876953125,1.0
rotation_consistent,test_seen,1719,val:2009_001850:part_0,2009_001850,aeroplane,body,body,0.5719602704048157,0.7277032136917114,0.194822296500206,0.48891744017601013,1.0,1.0,1.0
rotation_consistent,test_seen,1720,val:2009_001850:part_1,2009_001850,aeroplane,stern,stern,0.6289708018302917,0.772230863571167,0.294765830039978,0.1786058396100998,1.0,1.0,1.0
rotation_consistent,test_seen,1721,val:2009_001850:part_2,2009_001850,aeroplane,wing,wing,0.2918531894683838,0.4518364369869232,0.29805824160575867,0.13266944885253906,0.99853515625,0.00031757354736328125,0.962890625
rotation_consistent,test_seen,1722,val:2009_001850:part_4,2009_001850,aeroplane,engine,engine,0.37135279178619385,0.5415861010551453,0.03645008057355881,0.12945711612701416,1.0,0.99951171875,1.0
rotation_consistent,test_seen,1723,val:2009_001850:part_5,2009_001850,aeroplane,wheel,wheel,0.0,0.0,0.45121949911117554,0.001284934114664793,1.0,0.9990234375,1.0
rotation_consistent,test_seen,1724,val:2009_001851:part_0,2009_001851,aeroplane,body,body,0.5447691082954407,0.7053081393241882,0.07675088196992874,0.36242154240608215,1.0,1.0,1.0
rotation_consistent,test_seen,1725,val:2009_001851:part_1,2009_001851,aeroplane,stern,stern,0.6852443814277649,0.8132284879684448,0.14423076808452606,0.3889451324939728,1.0,1.0,1.0
rotation_consistent,test_seen,1726,val:2009_001851:part_2,2009_001851,aeroplane,wing,wing,0.3665628135204315,0.5364741683006287,0.25465115904808044,0.09232638031244278,0.99853515625,0.00031757354736328125,0.962890625
rotation_consistent,test_seen,1727,val:2009_001851:part_4,2009_001851,aeroplane,engine,engine,0.4507658779621124,0.6214178204536438,0.006738544441759586,0.11824256181716919,1.0,0.99951171875,1.0
rotation_consistent,test_seen,1728,val:2009_001851:part_5,2009_001851,aeroplane,wheel,wheel,0.3199999928474426,0.4848484992980957,0.5090909004211426,0.008908686228096485,1.0,0.9990234375,1.0
rotation_consistent,test_seen,1729,val:2009_001854:part_83,2009_001854,person,head,head,0.0,0.0,0.0,0.02600472792983055,1.0,1.0,1.0
rotation_consistent,test_seen,1730,val:2009_001854:part_85,2009_001854,person,torso,torso,0.6470588445663452,0.7857142686843872,0.05351170524954796,0.48463356494903564,1.0,1.0,1.0
rotation_consistent,test_seen,1731,val:2009_001854:part_87,2009_001854,person,leg,leg,0.44206008315086365,0.613095223903656,0.290909081697464,0.2742316722869873,1.0,1.0,1.0
rotation_consistent,test_seen,1732,val:2009_001854:part_88,2009_001854,person,foot,foot,0.0,0.0,0.6315789222717285,0.016548464074730873,1.0,1.0,1.0
rotation_consistent,test_seen,1733,val:2009_001854:part_93,2009_001854,person,hair,hair,0.0,0.0,0.0,0.007092198356986046,1.0,0.958984375,1.0
rotation_consistent,test_seen,1734,val:2009_001854:part_94,2009_001854,person,lower arm,lower arm,0.0,0.0,0.0,0.042553190141916275,1.0,1.0,1.0
rotation_consistent,test_seen,1735,val:2009_001854:part_95,2009_001854,person,upper arm,upper arm,0.15267175436019897,0.26490065455436707,0.16326530277729034,0.1252955049276352,1.0,0.9990234375,1.0
rotation_consistent,test_seen,1736,val:2009_001854:part_96,2009_001854,person,hand,hand,0.0,0.0,0.0,0.014184396713972092,1.0,0.99853515625,1.0
rotation_consistent,test_seen,1737,val:2009_002035:part_52,2009_002035,cow,head,head,0.6948310136795044,0.8199413418769836,0.15694165229797363,0.33537736535072327,1.0,1.0,1.0
rotation_consistent,test_seen,1738,val:2009_002035:part_53,2009_002035,cow,eye,eye,0.0,0.0,0.0,0.005188679322600365,0.008880615234375,0.0,0.00010889768600463867
rotation_consistent,test_seen,1739,val:2009_002035:part_54,2009_002035,cow,torso,torso,0.3211009204387665,0.4861111044883728,0.26076555252075195,0.1490565985441208,1.0,1.0,1.0
rotation_consistent,test_seen,1740,val:2009_002035:part_57,2009_002035,cow,ear,ear,0.3666228652000427,0.5365384817123413,0.5528120994567871,0.14669811725616455,0.006877899169921875,0.0,6.920099258422852e-05
rotation_consistent,test_seen,1741,val:2009_002035:part_58,2009_002035,cow,muzzle,muzzle,0.8643410801887512,0.927234947681427,0.03778677433729172,0.33113208413124084,1.0,0.99951171875,1.0
rotation_consistent,test_seen,1742,val:2009_002035:part_59,2009_002035,cow,horn,horn,0.07503233850002289,0.13959085941314697,0.5839895009994507,0.03254716843366623,0.2100830078125,6.556510925292969e-07,0.00591278076171875
rotation_consistent,test_seen,1743,val:2009_002042:part_83,2009_002042,person,head,head,0.4385964870452881,0.6097561120986938,0.042553190141916275,0.04154302552342415,1.0,1.0,1.0
rotation_consistent,test_seen,1744,val:2009_002042:part_85,2009_002042,person,torso,torso,0.720963180065155,0.837860107421875,0.0399305559694767,0.37922847270965576,1.0,1.0,1.0
rotation_consistent,test_seen,1745,val:2009_002042:part_86,2009_002042,person,neck,neck,0.01515151560306549,0.02985074557363987,0.0,0.0231453999876976,1.0,1.0,1.0
rotation_consistent,test_seen,1746,val:2009_002042:part_87,2009_002042,person,leg,leg,0.6566998958587646,0.7927807569503784,0.2818489372730255,0.3614243268966675,1.0,1.0,1.0
rotation_consistent,test_seen,1747,val:2009_002042:part_89,2009_002042,person,nose,nose,0.0,0.0,0.0,0.004747774451971054,1.0,0.9814453125,1.0
rotation_consistent,test_seen,1748,val:2009_002042:part_92,2009_002042,person,mouth,mouth,0.0,0.0,0.0,0.0035608308389782906,1.0,0.998046875,1.0
rotation_consistent,test_seen,1749,val:2009_002042:part_93,2009_002042,person,hair,hair,0.265625,0.4197530746459961,0.43089431524276733,0.0462907999753952,1.0,0.958984375,1.0
rotation_consistent,test_seen,1750,val:2009_002042:part_94,2009_002042,person,lower arm,lower arm,0.1352459043264389,0.23826715350151062,0.8024691343307495,0.020178042352199554,1.0,1.0,1.0
rotation_consistent,test_seen,1751,val:2009_002042:part_95,2009_002042,person,upper arm,upper arm,0.2678571343421936,0.4225352108478546,0.3687315583229065,0.09376854449510574,1.0,0.9990234375,1.0
rotation_consistent,test_seen,1752,val:2009_002042:part_96,2009_002042,person,hand,hand,0.06428571790456772,0.12080536782741547,0.8909090757369995,0.0231453999876976,1.0,0.99853515625,1.0
rotation_consistent,test_seen,1753,val:2009_002094:part_115,2009_002094,tvmonitor,screen,screen,0.5804785490036011,0.734560489654541,0.03249097615480423,0.5041522979736328,1.0,0.99951171875,1.0
rotation_consistent,test_seen,1754,val:2009_002097:part_70,2009_002097,horse,tail,tail,0.19397993385791779,0.32492998242378235,0.6890459656715393,0.05696689710021019,1.0,0.89892578125,1.0
rotation_consistent,test_seen,1755,val:2009_002097:part_71,2009_002097,horse,head,head,0.2321428507566452,0.37681159377098083,0.09090909361839294,0.046959199011325836,1.0,1.0,1.0
rotation_consistent,test_seen,1756,val:2009_002097:part_73,2009_002097,horse,torso,torso,0.7095191478729248,0.8300803899765015,0.22085890173912048,0.5881447196006775,1.0,1.0,1.0
rotation_consistent,test_seen,1757,val:2009_002097:part_74,2009_002097,horse,neck,neck,0.611940324306488,0.7592592835426331,0.2637362778186798,0.10931485891342163,1.0,1.0,1.0
rotation_consistent,test_seen,1758,val:2009_002097:part_75,2009_002097,horse,leg,leg,0.20314253866672516,0.33768656849861145,0.6268829703330994,0.16089299321174622,1.0,1.0,1.0
rotation_consistent,test_seen,1759,val:2009_002097:part_77,2009_002097,horse,muzzle,muzzle,0.0,0.0,0.0,0.0192455742508173,1.0,0.99951171875,1.0
rotation_consistent,test_seen,1760,val:2009_002097:part_78,2009_002097,horse,hoof,hoof,0.0,0.0,0.6666666865348816,0.012317166663706303,1.0,0.998046875,1.0
rotation_consistent,test_seen,1761,val:2009_002122:part_51,2009_002122,cow,tail,tail,0.18721461296081543,0.3153846263885498,0.0904255285859108,0.02589462324976921,1.0,0.89892578125,1.0
rotation_consistent,test_seen,1762,val:2009_002122:part_52,2009_002122,cow,head,head,0.5091742873191833,0.6747720241546631,0.08793970197439194,0.04675418138504028,1.0,1.0,1.0
rotation_consistent,test_seen,1763,val:2009_002122:part_53,2009_002122,cow,eye,eye,0.0,0.0,0.0,0.0012587663950398564,0.008880615234375,0.0,0.00010889768600463867
rotation_consistent,test_seen,1764,val:2009_002122:part_54,2009_002122,cow,torso,torso,0.4958837628364563,0.6629977226257324,0.09584980458021164,0.3830246329307556,1.0,1.0,1.0
rotation_consistent,test_seen,1765,val:2009_002122:part_55,2009_002122,cow,neck,neck,0.3690909147262573,0.5391766428947449,0.13075506687164307,0.03776299208402634,1.0,1.0,1.0
rotation_consistent,test_seen,1766,val:2009_002122:part_56,2009_002122,cow,leg,leg,0.31408774852752686,0.47803163528442383,0.3132372200489044,0.0674339160323143,1.0,1.0,1.0
rotation_consistent,test_seen,1767,val:2009_002122:part_57,2009_002122,cow,ear,ear,0.15748031437397003,0.27210885286331177,0.19266055524349213,0.0068333032540977,0.006877899169921875,0.0,6.920099258422852e-05
rotation_consistent,test_seen,1768,val:2009_002122:part_58,2009_002122,cow,muzzle,muzzle,0.40740740299224854,0.5789473652839661,0.4146341383457184,0.024096384644508362,1.0,0.99951171875,1.0
rotation_consistent,test_seen,1769,val:2009_002122:part_59,2009_002122,cow,horn,horn,0.15584415197372437,0.26966291666030884,0.1041666641831398,0.00737277464941144,0.2100830078125,6.556510925292969e-07,0.00591278076171875
rotation_consistent,test_seen,1770,val:2009_002150:part_52,2009_002150,cow,head,head,0.6356606483459473,0.7772524952888489,0.05236270651221275,0.3118576407432556,1.0,1.0,1.0
rotation_consistent,test_seen,1771,val:2009_002150:part_53,2009_002150,cow,eye,eye,0.17171716690063477,0.2931034564971924,0.0,0.004187285900115967,0.008880615234375,0.0,0.00010889768600463867
rotation_consistent,test_seen,1772,val:2009_002150:part_54,2009_002150,cow,torso,torso,0.5309661626815796,0.6936354041099548,0.14598757028579712,0.20793680846691132,1.0,1.0,1.0
rotation_consistent,test_seen,1773,val:2009_002150:part_56,2009_002150,cow,leg,leg,0.41861701011657715,0.5901762247085571,0.3362690210342407,0.13494479656219482,1.0,1.0,1.0
rotation_consistent,test_seen,1774,val:2009_002150:part_57,2009_002150,cow,ear,ear,0.4400271773338318,0.611137330532074,0.25484198331832886,0.1232394352555275,0.006877899169921875,0.0,6.920099258422852e-05
rotation_consistent,test_seen,1775,val:2009_002150:part_58,2009_002150,cow,muzzle,muzzle,0.6910780668258667,0.8173224925994873,0.07517677545547485,0.17719832062721252,1.0,0.99951171875,1.0
rotation_consistent,test_seen,1776,val:2009_002150:part_59,2009_002150,cow,horn,horn,0.11505921930074692,0.20637328922748566,0.262605756521225,0.032356299459934235,0.2100830078125,6.556510925292969e-07,0.00591278076171875
rotation_consistent,test_seen,1777,val:2009_002165:part_70,2009_002165,horse,tail,tail,0.3993743360042572,0.5707898736000061,0.4179728329181671,0.07383966445922852,1.0,0.89892578125,1.0
rotation_consistent,test_seen,1778,val:2009_002165:part_71,2009_002165,horse,head,head,0.5318518280982971,0.6943907141685486,0.11555555462837219,0.06885308772325516,1.0,1.0,1.0
rotation_consistent,test_seen,1779,val:2009_002165:part_72,2009_002165,horse,eye,eye,0.0,0.0,0.0,0.001342539326287806,0.008880615234375,0.0,0.00010889768600463867
rotation_consistent,test_seen,1780,val:2009_002165:part_73,2009_002165,horse,torso,torso,0.6356993913650513,0.7772814035415649,0.08530806005001068,0.4737245738506317,1.0,1.0,1.0
rotation_consistent,test_seen,1781,val:2009_002165:part_74,2009_002165,horse,neck,neck,0.39693355560302734,0.5682926774024963,0.15425531566143036,0.049098581075668335,1.0,1.0,1.0
rotation_consistent,test_seen,1782,val:2009_002165:part_75,2009_002165,horse,leg,leg,0.36115702986717224,0.5306618213653564,0.2653910219669342,0.08534714579582214,1.0,1.0,1.0
rotation_consistent,test_seen,1783,val:2009_002165:part_77,2009_002165,horse,muzzle,muzzle,0.19594594836235046,0.32768362760543823,0.13017751276493073,0.035481397062540054,1.0,0.99951171875,1.0
rotation_consistent,test_seen,1784,val:2009_002165:part_78,2009_002165,horse,hoof,hoof,0.12621359527111053,0.22413793206214905,0.7976190447807312,0.012274645268917084,1.0,0.998046875,1.0
rotation_consistent,test_seen,1785,val:2009_002171:part_52,2009_002171,cow,head,head,0.40547946095466614,0.5769980549812317,0.0181818176060915,0.07128944247961044,1.0,1.0,1.0
rotation_consistent,test_seen,1786,val:2009_002171:part_53,2009_002171,cow,eye,eye,0.0,0.0,0.0,0.0023373588919639587,0.008880615234375,0.0,0.00010889768600463867
rotation_consistent,test_seen,1787,val:2009_002171:part_54,2009_002171,cow,torso,torso,0.7076502442359924,0.8288000226020813,0.10179640352725983,0.5668095350265503,1.0,1.0,1.0
rotation_consistent,test_seen,1788,val:2009_002171:part_55,2009_002171,cow,neck,neck,0.30127042531967163,0.46304044127464294,0.0,0.07674328237771988,1.0,1.0,1.0
rotation_consistent,test_seen,1789,val:2009_002171:part_56,2009_002171,cow,leg,leg,0.2180376648902893,0.35801464319229126,0.5721982717514038,0.1172574982047081,1.0,1.0,1.0
rotation_consistent,test_seen,1790,val:2009_002171:part_57,2009_002171,cow,ear,ear,0.23456789553165436,0.3799999952316284,0.6866666674613953,0.01947798952460289,0.006877899169921875,0.0,6.920099258422852e-05
rotation_consistent,test_seen,1791,val:2009_002171:part_58,2009_002171,cow,muzzle,muzzle,0.12711864709854126,0.2255639135837555,0.0,0.0853135958313942,1.0,0.99951171875,1.0
rotation_consistent,test_seen,1792,val:2009_002185:part_20,2009_002185,bottle,body,body,0.5663366317749023,0.7231352925300598,0.39537328481674194,0.7947103381156921,1.0,1.0,1.0
rotation_consistent,test_seen,1793,val:2009_002185:part_21,2009_002185,bottle,cap,cap,0.06716418266296387,0.1258741319179535,0.7761194109916687,0.011335012502968311,1.0,0.98876953125,1.0
rotation_consistent,test_seen,1794,val:2009_002202:part_109,2009_002202,train,head,head,0.10554089397192001,0.1909307837486267,0.21310701966285706,0.05580800771713257,1.0,1.0,1.0
rotation_consistent,test_seen,1795,val:2009_002202:part_110,2009_002202,train,front,front,0.7749077677726746,0.8731808662414551,0.10786698758602142,0.16642999649047852,1.0,1.0,1.0
rotation_consistent,test_seen,1796,val:2009_002202:part_111,2009_002202,train,side,side,0.7808490991592407,0.8769402503967285,0.09726538509130478,0.7419767379760742,1.0,1.0,1.0
rotation_consistent,test_seen,1797,val:2009_002202:part_114,2009_002202,train,coach,coach,0.028775691986083984,0.0559416264295578,0.06875450164079666,0.028401022776961327,1.0,1.0,1.0
rotation_consistent,test_seen,1798,val:2009_002221:part_52,2009_002221,cow,head,head,0.37295231223106384,0.5432851910591125,0.04347025230526924,0.10031317919492722,1.0,1.0,1.0
rotation_consistent,test_seen,1799,val:2009_002221:part_53,2009_002221,cow,eye,eye,0.5775862336158752,0.7322404384613037,0.0,0.003274176735430956,0.008880615234375,0.0,0.00010889768600463867
rotation_consistent,test_seen,1800,val:2009_002221:part_54,2009_002221,cow,torso,torso,0.448596328496933,0.6193531155586243,0.06512191146612167,0.4384549558162689,1.0,1.0,1.0
rotation_consistent,test_seen,1801,val:2009_002221:part_57,2009_002221,cow,ear,ear,0.2414131462574005,0.3889327943325043,0.28949952125549316,0.011673151515424252,0.006877899169921875,0.0,6.920099258422852e-05
rotation_consistent,test_seen,1802,val:2009_002221:part_58,2009_002221,cow,muzzle,muzzle,0.4801670014858246,0.6488011479377747,0.06768189370632172,0.050441302359104156,1.0,0.99951171875,1.0
rotation_consistent,test_seen,1803,val:2009_002221:part_59,2009_002221,cow,horn,horn,0.2283044010400772,0.37173911929130554,0.38018742203712463,0.00820916797965765,0.2100830078125,6.556510925292969e-07,0.00591278076171875
rotation_consistent,test_seen,1804,val:2009_002265:part_109,2009_002265,train,head,head,0.03466386720538139,0.06700507551431656,0.4179456830024719,0.021465236321091652,1.0,1.0,1.0
rotation_consistent,test_seen,1805,val:2009_002265:part_110,2009_002265,train,front,front,0.7341676354408264,0.8467089533805847,0.13272657990455627,0.30113548040390015,1.0,1.0,1.0
rotation_consistent,test_seen,1806,val:2009_002265:part_111,2009_002265,train,side,side,0.5870113372802734,0.7397695779800415,0.14112816751003265,0.4548141360282898,1.0,1.0,1.0
rotation_consistent,test_seen,1807,val:2009_002265:part_113,2009_002265,train,roof,roof,0.3828786313533783,0.5537415146827698,0.22249269485473633,0.1378130316734314,1.0,0.9345703125,1.0
rotation_consistent,test_seen,1808,val:2009_002265:part_114,2009_002265,train,coach,coach,0.003215434029698372,0.006410256493836641,0.08210356533527374,0.002644268097355962,1.0,1.0,1.0
rotation_consistent,test_seen,1809,val:2009_002268:part_43,2009_002268,cat,head,head,0.8222951889038086,0.9024829864501953,0.05361813306808472,0.6303555965423584,1.0,1.0,1.0
rotation_consistent,test_seen,1810,val:2009_002268:part_44,2009_002268,cat,eye,eye,0.41786742210388184,0.5894308686256409,0.0,0.018958868458867073,0.008880615234375,0.0,0.00010889768600463867
rotation_consistent,test_seen,1811,val:2009_002268:part_45,2009_002268,cat,torso,torso,0.1472536027431488,0.25670626759529114,0.11686793714761734,0.040488433092832565,1.0,1.0,1.0
rotation_consistent,test_seen,1812,val:2009_002268:part_46,2009_002268,cat,neck,neck,0.5121268630027771,0.6773596405982971,0.011834319680929184,0.14813624322414398,1.0,1.0,1.0
rotation_consistent,test_seen,1813,val:2009_002268:part_48,2009_002268,cat,nose,nose,0.4202127754688263,0.5917602777481079,0.0,0.01403170544654131,1.0,0.9814453125,1.0
rotation_consistent,test_seen,1814,val:2009_002268:part_50,2009_002268,cat,ear,ear,0.6168032884597778,0.7629911303520203,0.3151581287384033,0.14160239696502686,0.006877899169921875,0.0,6.920099258422852e-05
rotation_consistent,test_seen,1815,val:2009_002291:part_109,2009_002291,train,head,head,0.009062075056135654,0.01796138286590576,0.2042415887117386,0.004503455013036728,1.0,1.0,1.0
rotation_consistent,test_seen,1816,val:2009_002291:part_110,2009_002291,train,front,front,0.38497111201286316,0.5559265613555908,0.0762147307395935,0.16181381046772003,1.0,1.0,1.0
rotation_consistent,test_seen,1817,val:2009_002291:part_111,2009_002291,train,side,side,0.8145461082458496,0.8977959752082825,0.047609977424144745,0.6994332075119019,1.0,1.0,1.0
rotation_consistent,test_seen,1818,val:2009_002291:part_114,2009_002291,train,coach,coach,0.011056154035031796,0.021870503202080727,0.020299145951867104,0.01001630537211895,1.0,1.0,1.0
rotation_consistent,test_seen,1819,val:2009_002295:part_6,2009_002295,bicycle,wheel,wheel,0.12828770279884338,0.2274024784564972,0.7434514760971069,0.5726495981216431,1.0,0.9990234375,1.0
rotation_consistent,test_seen,1820,val:2009_002295:part_7,2009_002295,bicycle,saddle,saddle,0.15697674453258514,0.2713567912578583,0.8343023061752319,0.03846153989434242,1.0,0.99951171875,1.0
rotation_consistent,test_seen,1821,val:2009_002295:part_8,2009_002295,bicycle,handlebar,handlebar,0.05568445473909378,0.10549450665712357,0.8184281587600708,0.061253562569618225,1.0,1.0,1.0
rotation_consistent,test_seen,1822,val:2009_002295:part_9,2009_002295,bicycle,chainwheel,chainwheel,0.0,0.0,0.0,0.19515669345855713,1.0,0.99462890625,1.0
rotation_consistent,test_seen,1823,val:2009_002320:part_0,2009_002320,aeroplane,body,body,0.3838210105895996,0.5547263622283936,0.3893195390701294,0.40896615386009216,1.0,1.0,1.0
rotation_consistent,test_seen,1824,val:2009_002320:part_1,2009_002320,aeroplane,stern,stern,0.5462185144424438,0.70652174949646,0.4254385828971863,0.1280878335237503,1.0,1.0,1.0
rotation_consistent,test_seen,1825,val:2009_002320:part_2,2009_002320,aeroplane,wing,wing,0.36228570342063904,0.531879186630249,0.2240896373987198,0.4373284578323364,0.99853515625,0.00031757354736328125,0.962890625
rotation_consistent,test_seen,1826,val:2009_002320:part_5,2009_002320,aeroplane,wheel,wheel,0.04040404036641121,0.0776699036359787,0.8723404407501221,0.008234217762947083,1.0,0.9990234375,1.0
rotation_consistent,test_seen,1827,val:2009_002346:part_85,2009_002346,person,torso,torso,0.0026747502852231264,0.005335230380296707,0.15442225337028503,0.0016538037452846766,1.0,1.0,1.0
rotation_consistent,test_seen,1828,val:2009_002366:part_115,2009_002366,tvmonitor,screen,screen,0.8956268429756165,0.9449400305747986,0.007630351930856705,0.8807066679000854,1.0,0.99951171875,1.0
rotation_consistent,test_seen,1829,val:2009_002372:part_20,2009_002372,bottle,body,body,0.09944751113653183,0.18090452253818512,0.7171635627746582,0.27191412448883057,1.0,1.0,1.0
rotation_consistent,test_seen,1830,val:2009_002372:part_21,2009_002372,bottle,cap,cap,0.0,0.0,0.0,0.010733452625572681,1.0,0.98876953125,1.0
rotation_consistent,test_seen,1831,val:2009_002487:part_98,2009_002487,pottedplant,plant,plant,0.5357736945152283,0.6977248191833496,0.3733576536178589,0.9431589245796204,1.0,1.0,1.0
rotation_consistent,test_seen,1832,val:2009_002521:part_20,2009_002521,bottle,body,body,0.7654777765274048,0.8671621680259705,0.2028936743736267,0.9566863179206848,1.0,1.0,1.0
rotation_consistent,test_seen,1833,val:2009_002521:part_21,2009_002521,bottle,cap,cap,0.6172839403152466,0.7633587718009949,0.2746913433074951,0.042052146047353745,1.0,0.98876953125,1.0
rotation_consistent,test_seen,1834,val:2009_002527:part_42,2009_002527,cat,tail,tail,0.08883720636367798,0.16317813098430634,0.0773809552192688,0.09990359097719193,1.0,0.89892578125,1.0
rotation_consistent,test_seen,1835,val:2009_002527:part_43,2009_002527,cat,head,head,0.6659619212150574,0.799492359161377,0.02895442396402359,0.1550976186990738,1.0,1.0,1.0
rotation_consistent,test_seen,1836,val:2009_002527:part_44,2009_002527,cat,eye,eye,0.022727273404598236,0.04444444552063942,0.0,0.006748613901436329,0.008880615234375,0.0,0.00010889768600463867
rotation_consistent,test_seen,1837,val:2009_002527:part_45,2009_002527,cat,torso,torso,0.41905924677848816,0.5906155705451965,0.1618535965681076,0.40202459692955017,1.0,1.0,1.0
rotation_consistent,test_seen,1838,val:2009_002527:part_46,2009_002527,cat,neck,neck,0.544536292552948,0.7051129341125488,0.03782287985086441,0.0720655545592308,1.0,1.0,1.0
rotation_consistent,test_seen,1839,val:2009_002527:part_47,2009_002527,cat,leg,leg,0.2747945785522461,0.43111976981163025,0.19069857895374298,0.18462279438972473,1.0,1.0,1.0
rotation_consistent,test_seen,1840,val:2009_002527:part_48,2009_002527,cat,nose,nose,0.19230769574642181,0.32258063554763794,0.2142857164144516,0.002410219283774495,1.0,0.9814453125,1.0
rotation_consistent,test_seen,1841,val:2009_002527:part_49,2009_002527,cat,paw,paw,0.18865598738193512,0.317427396774292,0.1201716735959053,0.03193540498614311,1.0,0.99951171875,1.0
rotation_consistent,test_seen,1842,val:2009_002527:part_50,2009_002527,cat,ear,ear,0.3866090774536133,0.5576323866844177,0.3541666567325592,0.03687635436654091,0.006877899169921875,0.0,6.920099258422852e-05
rotation_consistent,test_seen,1843,val:2009_002535:part_22,2009_002535,bus,wheel,wheel,0.46398305892944336,0.6338639855384827,0.06866952776908875,0.02390565164387226,1.0,0.9990234375,1.0
rotation_consistent,test_seen,1844,val:2009_002535:part_23,2009_002535,bus,headlight,headlight,0.03726708143949509,0.071856290102005,0.0,0.006693582516163588,0.99951171875,0.493896484375,0.99609375
rotation_consistent,test_seen,1845,val:2009_002535:part_24,2009_002535,bus,front,front,0.6106043457984924,0.7582300901412964,0.1902305781841278,0.25010624527931213,1.0,1.0,1.0
rotation_consistent,test_seen,1846,val:2009_002535:part_25,2009_002535,bus,side,side,0.6190782189369202,0.7647292017936707,0.08260869234800339,0.41138970851898193,1.0,1.0,1.0
rotation_consistent,test_seen,1847,val:2009_002535:part_31,2009_002535,bus,window,window,0.5264329314231873,0.6897557377815247,0.07857810705900192,0.3064173460006714,1.0,0.935546875,1.0
rotation_consistent,test_seen,1848,val:2009_002549:part_52,2009_002549,cow,head,head,0.16811594367027283,0.28784120082855225,0.05999999865889549,0.02382604591548443,1.0,1.0,1.0
rotation_consistent,test_seen,1849,val:2009_002549:part_53,2009_002549,cow,eye,eye,0.0,0.0,0.0,0.00023132083879318088,0.008880615234375,0.0,0.00010889768600463867
rotation_consistent,test_seen,1850,val:2009_002549:part_54,2009_002549,cow,torso,torso,0.36072543263435364,0.5301957726478577,0.11506456136703491,0.30464956164360046,1.0,1.0,1.0
rotation_consistent,test_seen,1851,val:2009_002549:part_55,2009_002549,cow,neck,neck,0.4521739184856415,0.6227545142173767,0.0714285746216774,0.02544529177248478,1.0,1.0,1.0
rotation_consistent,test_seen,1852,val:2009_002549:part_56,2009_002549,cow,leg,leg,0.14372777938842773,0.25133216381073,0.47712767124176025,0.08605135232210159,1.0,1.0,1.0
rotation_consistent,test_seen,1853,val:2009_002549:part_57,2009_002549,cow,ear,ear,0.0,0.0,0.0,0.00346981268376112,0.006877899169921875,0.0,6.920099258422852e-05
rotation_consistent,test_seen,1854,val:2009_002549:part_58,2009_002549,cow,muzzle,muzzle,0.0,0.0,0.13750000298023224,0.003238491714000702,1.0,0.99951171875,1.0
rotation_consistent,test_seen,1855,val:2009_002562:part_115,2009_002562,tvmonitor,screen,screen,0.9008272290229797,0.9478265047073364,0.0,0.49155789613723755,1.0,0.99951171875,1.0
rotation_consistent,test_seen,1856,val:2009_002568:part_109,2009_002568,train,head,head,0.00555812893435359,0.011054813861846924,0.2543570399284363,0.003613097593188286,1.0,1.0,1.0
rotation_consistent,test_seen,1857,val:2009_002568:part_110,2009_002568,train,front,front,0.8800700902938843,0.9362098574638367,0.05583686754107475,0.5001881718635559,1.0,1.0,1.0
rotation_consistent,test_seen,1858,val:2009_002568:part_111,2009_002568,train,side,side,0.8127762079238892,0.8967198729515076,0.04793207347393036,0.46925103664398193,1.0,1.0,1.0
rotation_consistent,test_seen,1859,val:2009_002568:part_114,2009_002568,train,coach,coach,0.0027272726874798536,0.00543970987200737,0.04772727191448212,0.0013549115974456072,1.0,1.0,1.0
rotation_consistent,test_seen,1860,val:2009_002571:part_97,2009_002571,pottedplant,pot,pot,0.0,0.0,0.0,0.06451612710952759,1.0,1.0,1.0
rotation_consistent,test_seen,1861,val:2009_002571:part_98,2009_002571,pottedplant,plant,plant,0.0,0.0,0.8245614171028137,0.08602150529623032,1.0,1.0,1.0
rotation_consistent,test_seen,1862,val:2009_002573:part_20,2009_002573,bottle,body,body,0.0,0.0,0.0,0.9152542352676392,1.0,1.0,1.0
rotation_consistent,test_seen,1863,val:2009_002573:part_21,2009_002573,bottle,cap,cap,0.0,0.0,0.0,0.06779661029577255,1.0,0.98876953125,1.0
rotation_consistent,test_seen,1864,val:2009_002584:part_97,2009_002584,pottedplant,pot,pot,0.0,0.0,0.5915119647979736,0.03216374292969704,1.0,1.0,1.0
rotation_consistent,test_seen,1865,val:2009_002584:part_98,2009_002584,pottedplant,plant,plant,0.05416801944375038,0.10276923328638077,0.29985496401786804,0.179824560880661,1.0,1.0,1.0
rotation_consistent,test_seen,1866,val:2009_002594:part_20,2009_002594,bottle,body,body,0.5761772990226746,0.731107234954834,0.3701854348182678,0.9209694266319275,1.0,1.0,1.0
rotation_consistent,test_seen,1867,val:2009_002594:part_21,2009_002594,bottle,cap,cap,0.40963855385780334,0.5811966061592102,0.3024691343307495,0.07586933672428131,1.0,0.98876953125,1.0
rotation_consistent,test_seen,1868,val:2009_002635:part_51,2009_002635,cow,tail,tail,0.14018692076206207,0.24590164422988892,0.40186914801597595,0.021603455767035484,1.0,0.89892578125,1.0
rotation_consistent,test_seen,1869,val:2009_002635:part_52,2009_002635,cow,head,head,0.29378530383110046,0.45414847135543823,0.26900583505630493,0.02784445509314537,1.0,1.0,1.0
rotation_consistent,test_seen,1870,val:2009_002635:part_54,2009_002635,cow,torso,torso,0.4264962375164032,0.5979633331298828,0.1492537260055542,0.3744599223136902,1.0,1.0,1.0
rotation_consistent,test_seen,1871,val:2009_002635:part_55,2009_002635,cow,neck,neck,0.3909774422645569,0.5621621608734131,0.1515151560306549,0.025444071739912033,1.0,1.0,1.0
rotation_consistent,test_seen,1872,val:2009_002635:part_56,2009_002635,cow,leg,leg,0.20432692766189575,0.3393213450908661,0.5052909851074219,0.059049446135759354,1.0,1.0,1.0
rotation_consistent,test_seen,1873,val:2009_002635:part_57,2009_002635,cow,ear,ear,0.0,0.0,1.0,0.0033605375792831182,0.006877899169921875,0.0,6.920099258422852e-05
rotation_consistent,test_seen,1874,val:2009_002635:part_58,2009_002635,cow,muzzle,muzzle,0.0,0.0,0.0,0.005760921631008387,1.0,0.99951171875,1.0
rotation_consistent,test_seen,1875,val:2009_002638:part_109,2009_002638,train,head,head,0.004393673036247492,0.008748906664550304,0.25,0.0036735576577484608,1.0,1.0,1.0
rotation_consistent,test_seen,1876,val:2009_002638:part_110,2009_002638,train,front,front,0.647270679473877,0.7858704328536987,0.08530869334936142,0.7141827940940857,1.0,1.0,1.0
rotation_consistent,test_seen,1877,val:2009_002638:part_111,2009_002638,train,side,side,0.3527454137802124,0.5215252041816711,0.08031830936670303,0.2756608724594116,1.0,1.0,1.0
rotation_consistent,test_seen,1878,val:2009_002649:part_20,2009_002649,bottle,body,body,0.8878054022789001,0.940568745136261,0.07729266583919525,0.9632907509803772,1.0,1.0,1.0
rotation_consistent,test_seen,1879,val:2009_002649:part_21,2009_002649,bottle,cap,cap,0.7010989189147949,0.8242893815040588,0.2704545557498932,0.03649076819419861,1.0,0.98876953125,1.0
rotation_consistent,test_seen,1880,val:2009_002651:part_83,2009_002651,person,head,head,0.2063492089509964,0.34210526943206787,0.33136093616485596,0.1926940679550171,1.0,1.0,1.0
rotation_consistent,test_seen,1881,val:2009_002651:part_85,2009_002651,person,torso,torso,0.18613138794898987,0.3138461410999298,0.1785714328289032,0.13333334028720856,1.0,1.0,1.0
rotation_consistent,test_seen,1882,val:2009_002651:part_87,2009_002651,person,leg,leg,0.5561403632164001,0.7147688865661621,0.3798586428165436,0.2931506931781769,1.0,1.0,1.0
rotation_consistent,test_seen,1883,val:2009_002651:part_88,2009_002651,person,foot,foot,0.0,0.0,1.0,0.056621003895998,1.0,1.0,1.0
rotation_consistent,test_seen,1884,val:2009_002651:part_94,2009_002651,person,lower arm,lower arm,0.0,0.0,0.1753554493188858,0.05296803638339043,1.0,1.0,1.0
rotation_consistent,test_seen,1885,val:2009_002651:part_95,2009_002651,person,upper arm,upper arm,0.02527075819671154,0.04929577559232712,0.3317756950855255,0.06392694264650345,1.0,0.9990234375,1.0
rotation_consistent,test_seen,1886,val:2009_002651:part_96,2009_002651,person,hand,hand,0.0,0.0,0.976190447807312,0.03378995507955551,1.0,0.99853515625,1.0
rotation_consistent,test_seen,1887,val:2009_002732:part_20,2009_002732,bottle,body,body,0.521484375,0.6854942440986633,0.18018017709255219,0.7613636255264282,1.0,1.0,1.0
rotation_consistent,test_seen,1888,val:2009_002732:part_21,2009_002732,bottle,cap,cap,0.3977900445461273,0.5691699385643005,0.015337423421442509,0.20454545319080353,1.0,0.98876953125,1.0
rotation_consistent,test_seen,1889,val:2009_002749:part_20,2009_002749,bottle,body,body,0.787091851234436,0.8808633685112,0.20030610263347626,0.9562601447105408,1.0,1.0,1.0
rotation_consistent,test_seen,1890,val:2009_002749:part_21,2009_002749,bottle,cap,cap,0.48895028233528137,0.6567717790603638,0.2734806537628174,0.040962740778923035,1.0,0.98876953125,1.0
rotation_consistent,test_seen,1891,val:2009_002753:part_43,2009_002753,cat,head,head,0.7449078559875488,0.8538076877593994,0.07640068233013153,0.6411676406860352,1.0,1.0,1.0
rotation_consistent,test_seen,1892,val:2009_002753:part_44,2009_002753,cat,eye,eye,0.694779098033905,0.8199052214622498,0.0,0.02709580771625042,0.008880615234375,0.0,0.00010889768600463867
rotation_consistent,test_seen,1893,val:2009_002753:part_47,2009_002753,cat,leg,leg,0.25392985343933105,0.4050144553184509,0.21238389611244202,0.06871257722377777,1.0,1.0,1.0
rotation_consistent,test_seen,1894,val:2009_002753:part_48,2009_002753,cat,nose,nose,0.3788819909095764,0.5495495200157166,0.0,0.018263472244143486,1.0,0.9814453125,1.0
rotation_consistent,test_seen,1895,val:2009_002753:part_49,2009_002753,cat,paw,paw,0.6540499329566956,0.7908467054367065,0.2907523512840271,0.1360778510570526,1.0,0.99951171875,1.0
rotation_consistent,test_seen,1896,val:2009_002753:part_50,2009_002753,cat,ear,ear,0.5381319522857666,0.6997214555740356,0.2618629038333893,0.0983532965183258,0.006877899169921875,0.0,6.920099258422852e-05
rotation_consistent,test_seen,1897,val:2009_002771:part_97,2009_002771,pottedplant,pot,pot,0.692307710647583,0.8181818127632141,0.08467742055654526,0.609929084777832,1.0,1.0,1.0
rotation_consistent,test_seen,1898,val:2009_002771:part_98,2009_002771,pottedplant,plant,plant,0.028037382289767265,0.05454545468091965,0.8983050584793091,0.38061466813087463,1.0,1.0,1.0
rotation_consistent,test_seen,1899,val:2009_002808:part_0,2009_002808,aeroplane,body,body,0.4816285967826843,0.6501340270042419,0.20235532522201538,0.8577183485031128,1.0,1.0,1.0
rotation_consistent,test_seen,1900,val:2009_002808:part_1,2009_002808,aeroplane,stern,stern,0.02277327887713909,0.044532410800457,0.08505154401063919,0.08039770275354385,1.0,1.0,1.0
rotation_consistent,test_seen,1901,val:2009_002808:part_2,2009_002808,aeroplane,wing,wing,0.038109470158815384,0.07342091202735901,0.19699233770370483,0.03497042879462242,0.99853515625,0.00031757354736328125,0.962890625
rotation_consistent,test_seen,1902,val:2009_002856:part_20,2009_002856,bottle,body,body,0.8422256112098694,0.9143566489219666,0.1333969533443451,0.9712656140327454,1.0,1.0,1.0
rotation_consistent,test_seen,1903,val:2009_002856:part_21,2009_002856,bottle,cap,cap,0.44285714626312256,0.6138613820075989,0.4285714328289032,0.01667032204568386,1.0,0.98876953125,1.0
rotation_consistent,test_seen,1904,val:2009_002887:part_114,2009_002887,train,coach,coach,0.8599660396575928,0.9247115850448608,0.08699563145637512,0.9963094592094421,1.0,1.0,1.0
rotation_consistent,test_seen,1905,val:2009_002888:part_0,2009_002888,aeroplane,body,body,0.17476488649845123,0.29753169417381287,0.12205754220485687,0.1321321278810501,1.0,1.0,1.0
rotation_consistent,test_seen,1906,val:2009_002888:part_1,2009_002888,aeroplane,stern,stern,0.14596670866012573,0.2547486126422882,0.42877906560897827,0.07770270109176636,1.0,1.0,1.0
rotation_consistent,test_seen,1907,val:2009_002888:part_2,2009_002888,aeroplane,wing,wing,0.017784256488084793,0.03494700789451599,0.6198273301124573,0.04954954981803894,0.99853515625,0.00031757354736328125,0.962890625
rotation_consistent,test_seen,1908,val:2009_002888:part_5,2009_002888,aeroplane,wheel,wheel,0.0,0.0,0.0,0.010510510765016079,1.0,0.9990234375,1.0
rotation_consistent,test_seen,1909,val:2009_002928:part_6,2009_002928,bicycle,wheel,wheel,0.029633350670337677,0.05756097659468651,0.7915194630622864,0.5351302027702332,1.0,0.9990234375,1.0
rotation_consistent,test_seen,1910,val:2009_002928:part_7,2009_002928,bicycle,saddle,saddle,0.1284916251897812,0.22772277891635895,0.6567164063453674,0.040884312242269516,1.0,0.99951171875,1.0
rotation_consistent,test_seen,1911,val:2009_002928:part_8,2009_002928,bicycle,handlebar,handlebar,0.26117318868637085,0.41417497396469116,0.6838905811309814,0.07419745624065399,1.0,1.0,1.0
rotation_consistent,test_seen,1912,val:2009_002928:part_9,2009_002928,bicycle,chainwheel,chainwheel,0.3255814015865326,0.4912280738353729,0.5625,0.06056935340166092,1.0,0.99462890625,1.0
rotation_consistent,test_seen,1913,val:2009_002936:part_43,2009_002936,cat,head,head,0.7093663811683655,0.8299758434295654,0.13333334028720856,0.16301774978637695,1.0,1.0,1.0
rotation_consistent,test_seen,1914,val:2009_002936:part_44,2009_002936,cat,eye,eye,0.10526315867900848,0.190476194024086,0.0,0.007100591901689768,0.008880615234375,0.0,0.00010889768600463867
rotation_consistent,test_seen,1915,val:2009_002936:part_45,2009_002936,cat,torso,torso,0.5985372066497803,0.7488561272621155,0.09251290559768677,0.47633135318756104,1.0,1.0,1.0
rotation_consistent,test_seen,1916,val:2009_002936:part_46,2009_002936,cat,neck,neck,0.4907834231853485,0.6584234833717346,0.10096153616905212,0.06834319233894348,1.0,1.0,1.0
rotation_consistent,test_seen,1917,val:2009_002936:part_47,2009_002936,cat,leg,leg,0.38446080684661865,0.5553942918777466,0.06422018259763718,0.19230769574642181,1.0,1.0,1.0
rotation_consistent,test_seen,1918,val:2009_002936:part_48,2009_002936,cat,nose,nose,0.03030303120613098,0.05882352963089943,0.0,0.004142011981457472,1.0,0.9814453125,1.0
rotation_consistent,test_seen,1919,val:2009_002936:part_49,2009_002936,cat,paw,paw,0.2558746635913849,0.40748441219329834,0.19843341410160065,0.028994083404541016,1.0,0.99951171875,1.0
rotation_consistent,test_seen,1920,val:2009_002936:part_50,2009_002936,cat,ear,ear,0.27243590354919434,0.42821159958839417,0.5816993713378906,0.026923077180981636,0.006877899169921875,0.0,6.920099258422852e-05
rotation_consistent,test_seen,1921,val:2009_002975:part_70,2009_002975,horse,tail,tail,0.21259842813014984,0.350649356842041,0.24850894510746002,0.014707796275615692,1.0,0.89892578125,1.0
rotation_consistent,test_seen,1922,val:2009_002975:part_71,2009_002975,horse,head,head,0.6092896461486816,0.7572156190872192,0.04498269781470299,0.11857347190380096,1.0,1.0,1.0
rotation_consistent,test_seen,1923,val:2009_002975:part_72,2009_002975,horse,eye,eye,0.23863635957241058,0.38532111048698425,0.0,0.0027333071921020746,0.008880615234375,0.0,0.00010889768600463867
rotation_consistent,test_seen,1924,val:2009_002975:part_73,2009_002975,horse,torso,torso,0.7919191718101501,0.883878231048584,0.0798095241189003,0.5866197943687439,1.0,1.0,1.0
rotation_consistent,test_seen,1925,val:2009_002975:part_75,2009_002975,horse,leg,leg,0.37766990065574646,0.5482734441757202,0.4348798096179962,0.13653521239757538,1.0,1.0,1.0
rotation_consistent,test_seen,1926,val:2009_002975:part_76,2009_002975,horse,ear,ear,0.22406639158725739,0.3661016821861267,0.17446808516979218,0.007809449452906847,0.006877899169921875,0.0,6.920099258422852e-05
rotation_consistent,test_seen,1927,val:2009_002975:part_77,2009_002975,horse,muzzle,muzzle,0.5831325054168701,0.7366818785667419,0.31495097279548645,0.06481842696666718,1.0,0.99951171875,1.0
rotation_consistent,test_seen,1928,val:2009_002975:part_78,2009_002975,horse,hoof,hoof,0.0,0.0,0.8986486196517944,0.0019523623632267118,1.0,0.998046875,1.0
rotation_consistent,test_seen,1929,val:2009_002982:part_108,2009_002982,train,headlight,headlight,0.0,0.0,0.0,0.00023367215180769563,0.99951171875,0.493896484375,0.99609375
rotation_consistent,test_seen,1930,val:2009_002982:part_109,2009_002982,train,head,head,0.0582306832075119,0.1100529134273529,0.243405282497406,0.02594367228448391,1.0,1.0,1.0
rotation_consistent,test_seen,1931,val:2009_002982:part_110,2009_002982,train,front,front,0.7947894930839539,0.8856632113456726,0.06354386359453201,0.5022788643836975,1.0,1.0,1.0
rotation_consistent,test_seen,1932,val:2009_002982:part_111,2009_002982,train,side,side,0.8472527265548706,0.9173111319541931,0.06585635244846344,0.4534299373626709,1.0,1.0,1.0
rotation_consistent,test_seen,1933,val:2009_002982:part_114,2009_002982,train,coach,coach,0.0,0.0,0.03150952607393265,0.00023372677969746292,1.0,1.0,1.0
rotation_consistent,test_seen,1934,val:2009_003003:part_20,2009_003003,bottle,body,body,0.8276615142822266,0.905705451965332,0.1438923329114914,0.952525794506073,1.0,1.0,1.0
rotation_consistent,test_seen,1935,val:2009_003003:part_21,2009_003003,bottle,cap,cap,0.6883468627929688,0.8154093027114868,0.1331057995557785,0.043639250099658966,1.0,0.98876953125,1.0
rotation_consistent,test_seen,1936,val:2009_003005:part_0,2009_003005,aeroplane,body,body,0.5828039050102234,0.7364195585250854,0.17995642125606537,0.42361927032470703,1.0,1.0,1.0
rotation_consistent,test_seen,1937,val:2009_003005:part_1,2009_003005,aeroplane,stern,stern,0.5583174228668213,0.716564416885376,0.3535967469215393,0.18889541923999786,1.0,1.0,1.0
rotation_consistent,test_seen,1938,val:2009_003005:part_2,2009_003005,aeroplane,wing,wing,0.33146461844444275,0.4978947341442108,0.19855596125125885,0.2326674461364746,0.99853515625,0.00031757354736328125,0.962890625
rotation_consistent,test_seen,1939,val:2009_003005:part_4,2009_003005,aeroplane,engine,engine,0.5468053221702576,0.7070124745368958,0.13312692940235138,0.1160399541258812,1.0,0.99951171875,1.0
rotation_consistent,test_seen,1940,val:2009_003005:part_5,2009_003005,aeroplane,wheel,wheel,0.07954545319080353,0.1473684161901474,0.6330274939537048,0.023795533925294876,1.0,0.9990234375,1.0
rotation_consistent,test_seen,1941,val:2009_003043:part_85,2009_003043,person,torso,torso,0.0,0.0,0.0,0.2857142984867096,1.0,1.0,1.0
rotation_consistent,test_seen,1942,val:2009_003043:part_87,2009_003043,person,leg,leg,0.0,0.0,0.0,0.2142857164144516,1.0,1.0,1.0
rotation_consistent,test_seen,1943,val:2009_003043:part_95,2009_003043,person,upper arm,upper arm,0.0,0.0,0.0,0.2857142984867096,1.0,0.9990234375,1.0
rotation_consistent,test_seen,1944,val:2009_003059:part_52,2009_003059,cow,head,head,0.16787993907928467,0.2874951958656311,0.07678814977407455,0.381247878074646,1.0,1.0,1.0
rotation_consistent,test_seen,1945,val:2009_003059:part_53,2009_003059,cow,eye,eye,0.33986929059028625,0.507317066192627,0.0,0.004169292747974396,0.008880615234375,0.0,0.00010889768600463867
rotation_consistent,test_seen,1946,val:2009_003059:part_54,2009_003059,cow,torso,torso,0.0,0.0,0.1449209302663803,0.01313812006264925,1.0,1.0,1.0
rotation_consistent,test_seen,1947,val:2009_003059:part_57,2009_003059,cow,ear,ear,0.2847682237625122,0.44329896569252014,0.006997900549322367,0.11882483959197998,0.006877899169921875,0.0,6.920099258422852e-05
rotation_consistent,test_seen,1948,val:2009_003059:part_58,2009_003059,cow,muzzle,muzzle,0.003610108280554414,0.007194244768470526,0.14334341883659363,0.02007078193128109,1.0,0.99951171875,1.0
rotation_consistent,test_seen,1949,val:2009_003065:part_6,2009_003065,bicycle,wheel,wheel,0.09552845358848572,0.1743970364332199,0.8740360140800476,0.6109979748725891,1.0,0.9990234375,1.0
rotation_consistent,test_seen,1950,val:2009_003065:part_8,2009_003065,bicycle,handlebar,handlebar,0.08974359184503555,0.16470588743686676,0.7586206793785095,0.11405295133590698,1.0,1.0,1.0
rotation_consistent,test_seen,1951,val:2009_003065:part_9,2009_003065,bicycle,chainwheel,chainwheel,0.0,0.0,0.0,0.09979633241891861,1.0,0.99462890625,1.0
rotation_consistent,test_seen,1952,val:2009_003071:part_83,2009_003071,person,head,head,0.5539358854293823,0.7129455804824829,0.09600000083446503,0.20578628778457642,1.0,1.0,1.0
rotation_consistent,test_seen,1953,val:2009_003071:part_84,2009_003071,person,eye,eye,0.03529411926865578,0.06818182021379471,0.0,0.007466169074177742,0.008880615234375,0.0,0.00010889768600463867
rotation_consistent,test_seen,1954,val:2009_003071:part_85,2009_003071,person,torso,torso,0.46707192063331604,0.6367403268814087,0.0967365950345993,0.27531498670578003,1.0,1.0,1.0
rotation_consistent,test_seen,1955,val:2009_003071:part_89,2009_003071,person,nose,nose,0.23376622796058655,0.378947377204895,0.171875,0.014465702697634697,1.0,0.9814453125,1.0
rotation_consistent,test_seen,1956,val:2009_003071:part_90,2009_003071,person,ear,ear,0.1944444477558136,0.3255814015865326,0.7746478915214539,0.006999533157795668,0.006877899169921875,0.0,6.920099258422852e-05
rotation_consistent,test_seen,1957,val:2009_003071:part_91,2009_003071,person,eyebrow,eyebrow,0.0,0.0,0.0,0.0009332711342722178,0.0010118484497070312,0.0,7.152557373046875e-06
rotation_consistent,test_seen,1958,val:2009_003071:part_92,2009_003071,person,mouth,mouth,0.0,0.0,0.0,0.004199719987809658,1.0,0.998046875,1.0
rotation_consistent,test_seen,1959,val:2009_003071:part_93,2009_003071,person,hair,hair,0.5843793749809265,0.7376760840415955,0.22865413129329681,0.20765282213687897,1.0,0.958984375,1.0
rotation_consistent,test_seen,1960,val:2009_003071:part_94,2009_003071,person,lower arm,lower arm,0.02391304261982441,0.046709127724170685,0.19201995432376862,0.03266448900103569,1.0,1.0,1.0
rotation_consistent,test_seen,1961,val:2009_003071:part_95,2009_003071,person,upper arm,upper arm,0.3682393431663513,0.5382674336433411,0.2506203353404999,0.17872141301631927,1.0,0.9990234375,1.0
rotation_consistent,test_seen,1962,val:2009_003071:part_96,2009_003071,person,hand,hand,0.3258427083492279,0.49152541160583496,0.20000000298023224,0.03639757260680199,1.0,0.99853515625,1.0
rotation_consistent,test_seen,1963,val:2009_003105:part_109,2009_003105,train,head,head,0.0035211266949772835,0.007017544005066156,0.33269962668418884,0.00469583785161376,1.0,1.0,1.0
rotation_consistent,test_seen,1964,val:2009_003105:part_110,2009_003105,train,front,front,0.7480233907699585,0.8558505177497864,0.08873841911554337,0.24322305619716644,1.0,1.0,1.0
rotation_consistent,test_seen,1965,val:2009_003105:part_111,2009_003105,train,side,side,0.8115907311439514,0.8959978818893433,0.111854687333107,0.7282817363739014,1.0,1.0,1.0
rotation_consistent,test_seen,1966,val:2009_003193:part_6,2009_003193,bicycle,wheel,wheel,0.12433735281229019,0.2211744487285614,0.7386888265609741,0.5741846561431885,1.0,0.9990234375,1.0
rotation_consistent,test_seen,1967,val:2009_003193:part_7,2009_003193,bicycle,saddle,saddle,0.14406779408454895,0.2518518567085266,0.5277777910232544,0.04547542333602905,1.0,0.99951171875,1.0
rotation_consistent,test_seen,1968,val:2009_003193:part_8,2009_003193,bicycle,handlebar,handlebar,0.10364682972431183,0.18782608211040497,0.6848072409629822,0.06155259534716606,1.0,1.0,1.0
rotation_consistent,test_seen,1969,val:2009_003193:part_9,2009_003193,bicycle,chainwheel,chainwheel,0.23849372565746307,0.38513514399528503,0.6303030252456665,0.060174550861120224,1.0,0.99462890625,1.0
rotation_consistent,test_seen,1970,val:2009_003224:part_6,2009_003224,bicycle,wheel,wheel,0.28227469325065613,0.4402718245983124,0.5817174315452576,0.6830903887748718,1.0,0.9990234375,1.0
rotation_consistent,test_seen,1971,val:2009_003224:part_7,2009_003224,bicycle,saddle,saddle,0.23782235383987427,0.38425925374031067,0.7396449446678162,0.02740524709224701,1.0,0.99951171875,1.0
rotation_consistent,test_seen,1972,val:2009_003224:part_8,2009_003224,bicycle,handlebar,handlebar,0.2076023370027542,0.34382566809654236,0.781899094581604,0.04431486874818802,1.0,1.0,1.0
rotation_consistent,test_seen,1973,val:2009_003224:part_9,2009_003224,bicycle,chainwheel,chainwheel,0.0,0.0,0.0,0.023615160956978798,1.0,0.99462890625,1.0
rotation_consistent,test_seen,1974,val:2009_003269:part_20,2009_003269,bottle,body,body,0.7715091705322266,0.8710191249847412,0.21238300204277039,0.9689387679100037,1.0,1.0,1.0
rotation_consistent,test_seen,1975,val:2009_003269:part_21,2009_003269,bottle,cap,cap,0.021739130839705467,0.042553190141916275,0.8181818127632141,0.031061260029673576,1.0,0.98876953125,1.0
rotation_consistent,test_seen,1976,val:2009_003299:part_109,2009_003299,train,head,head,0.03001200407743454,0.05827505886554718,0.39706480503082275,0.01821466162800789,1.0,1.0,1.0
rotation_consistent,test_seen,1977,val:2009_003299:part_110,2009_003299,train,front,front,0.4924202859401703,0.6598949432373047,0.20309366285800934,0.33403581380844116,1.0,1.0,1.0
rotation_consistent,test_seen,1978,val:2009_003299:part_111,2009_003299,train,side,side,0.6945620775222778,0.8197540640830994,0.15731322765350342,0.6474484205245972,1.0,1.0,1.0
rotation_consistent,test_seen,1979,val:2009_003304:part_22,2009_003304,bus,wheel,wheel,0.4780600368976593,0.6468750238418579,0.09024390578269958,0.01529967412352562,1.0,0.9990234375,1.0
rotation_consistent,test_seen,1980,val:2009_003304:part_23,2009_003304,bus,headlight,headlight,0.12873134016990662,0.22809916734695435,0.0,0.015233153477311134,0.99951171875,0.493896484375,0.99609375
rotation_consistent,test_seen,1981,val:2009_003304:part_24,2009_003304,bus,front,front,0.7181617617607117,0.8359652757644653,0.08160082995891571,0.2900286018848419,1.0,1.0,1.0
rotation_consistent,test_seen,1982,val:2009_003304:part_25,2009_003304,bus,side,side,0.5572509765625,0.7156854867935181,0.06637167930603027,0.3088538646697998,1.0,1.0,1.0
rotation_consistent,test_seen,1983,val:2009_003304:part_28,2009_003304,bus,mirror,mirror,0.18518517911434174,0.3125,0.5602409839630127,0.003858178621158004,0.013275146484375,0.0,0.00027370452880859375
rotation_consistent,test_seen,1984,val:2009_003304:part_30,2009_003304,bus,door,door,0.6477121114730835,0.7861957550048828,0.008920606225728989,0.09758531302213669,1.0,0.9990234375,1.0
rotation_consistent,test_seen,1985,val:2009_003304:part_31,2009_003304,bus,window,window,0.6317434310913086,0.7743170857429504,0.005985037423670292,0.2598283886909485,1.0,0.935546875,1.0
rotation_consistent,test_seen,1986,val:2009_003311:part_109,2009_003311,train,head,head,0.02322635054588318,0.04539826512336731,0.24238289892673492,0.024545256048440933,1.0,1.0,1.0
rotation_consistent,test_seen,1987,val:2009_003311:part_110,2009_003311,train,front,front,0.3041204512119293,0.46639931201934814,0.04291224852204323,0.21992109715938568,1.0,1.0,1.0
rotation_consistent,test_seen,1988,val:2009_003311:part_111,2009_003311,train,side,side,0.4360562562942505,0.607296884059906,0.0610138475894928,0.38067060708999634,1.0,1.0,1.0
rotation_consistent,test_seen,1989,val:2009_003311:part_114,2009_003311,train,coach,coach,0.010056228376924992,0.01991221494972706,0.07483214139938354,0.011724742129445076,1.0,1.0,1.0
rotation_consistent,test_seen,1990,val:2009_003323:part_70,2009_003323,horse,tail,tail,0.5811023712158203,0.7350597381591797,0.08297872543334961,0.26185518503189087,1.0,0.89892578125,1.0
rotation_consistent,test_seen,1991,val:2009_003323:part_71,2009_003323,horse,head,head,0.37533512711524963,0.5458089709281921,0.3478260934352875,0.04418228194117546,1.0,1.0,1.0
rotation_consistent,test_seen,1992,val:2009_003323:part_73,2009_003323,horse,torso,torso,0.5968483090400696,0.7475329041481018,0.1120457574725151,0.43765902519226074,1.0,1.0,1.0
rotation_consistent,test_seen,1993,val:2009_003323:part_74,2009_003323,horse,neck,neck,0.5105485320091248,0.6759776473045349,0.10064239799976349,0.057598888874053955,1.0,1.0,1.0
rotation_consistent,test_seen,1994,val:2009_003323:part_75,2009_003323,horse,leg,leg,0.3785310685634613,0.5491803288459778,0.21002593636512756,0.12745778262615204,1.0,1.0,1.0
rotation_consistent,test_seen,1995,val:2009_003323:part_76,2009_003323,horse,ear,ear,0.0,0.0,0.0,0.003932454157620668,0.006877899169921875,0.0,6.920099258422852e-05
rotation_consistent,test_seen,1996,val:2009_003323:part_77,2009_003323,horse,muzzle,muzzle,0.048859935253858566,0.09316769987344742,0.5371178984642029,0.021512838080525398,1.0,0.99951171875,1.0
rotation_consistent,test_seen,1997,val:2009_003323:part_78,2009_003323,horse,hoof,hoof,0.1130952388048172,0.2032085508108139,0.04597701132297516,0.02313208393752575,1.0,0.998046875,1.0
rotation_consistent,test_seen,1998,val:2009_003343:part_6,2009_003343,bicycle,wheel,wheel,0.18027961254119873,0.3054862916469574,0.741833508014679,0.6905640363693237,1.0,0.9990234375,1.0
rotation_consistent,test_seen,1999,val:2009_003343:part_8,2009_003343,bicycle,handlebar,handlebar,0.0,0.0,0.0,0.030047442764043808,1.0,1.0,1.0
rotation_consistent,test_seen,2000,val:2009_003343:part_9,2009_003343,bicycle,chainwheel,chainwheel,0.0,0.0,0.6666666865348816,0.005271481350064278,1.0,0.99462890625,1.0
rotation_consistent,test_seen,2001,val:2009_003433:part_114,2009_003433,train,coach,coach,0.7869508862495422,0.8807750344276428,0.10497237741947174,0.9148521423339844,1.0,1.0,1.0
rotation_consistent,test_seen,2002,val:2009_003481:part_71,2009_003481,horse,head,head,0.5149606466293335,0.6798336505889893,0.057620819658041,0.06171761453151703,1.0,1.0,1.0
rotation_consistent,test_seen,2003,val:2009_003481:part_72,2009_003481,horse,eye,eye,0.0,0.0,0.0,0.0021834061481058598,0.008880615234375,0.0,0.00010889768600463867
rotation_consistent,test_seen,2004,val:2009_003481:part_73,2009_003481,horse,torso,torso,0.46049246191978455,0.6305989027023315,0.1348482072353363,0.3754003047943115,1.0,1.0,1.0
rotation_consistent,test_seen,2005,val:2009_003481:part_74,2009_003481,horse,neck,neck,0.6177605986595154,0.7637231349945068,0.09071117639541626,0.1653566211462021,1.0,1.0,1.0
rotation_consistent,test_seen,2006,val:2009_003481:part_75,2009_003481,horse,leg,leg,0.011450381949543953,0.022641509771347046,0.2602179944515228,0.00887918472290039,1.0,1.0,1.0
rotation_consistent,test_seen,2007,val:2009_003481:part_76,2009_003481,horse,ear,ear,0.2571428716182709,0.40909090638160706,0.3214285671710968,0.009898107498884201,0.006877899169921875,0.0,6.920099258422852e-05
rotation_consistent,test_seen,2008,val:2009_003481:part_77,2009_003481,horse,muzzle,muzzle,0.4451827108860016,0.6160919666290283,0.192242830991745,0.04032023251056671,1.0,0.99951171875,1.0
rotation_consistent,test_seen,2009,val:2009_003494:part_83,2009_003494,person,head,head,0.0,0.0,0.6712328791618347,0.002452483167871833,1.0,1.0,1.0
rotation_consistent,test_seen,2010,val:2009_003494:part_85,2009_003494,person,torso,torso,0.24675998091697693,0.3958419859409332,0.023268546909093857,0.1773451864719391,1.0,1.0,1.0
rotation_consistent,test_seen,2011,val:2009_003494:part_87,2009_003494,person,leg,leg,0.3197433054447174,0.4845537841320038,0.4025009870529175,0.14362354576587677,1.0,1.0,1.0
rotation_consistent,test_seen,2012,val:2009_003494:part_88,2009_003494,person,foot,foot,0.34354838728904724,0.5114045739173889,0.4982578456401825,0.03969956934452057,1.0,1.0,1.0
rotation_consistent,test_seen,2013,val:2009_003494:part_93,2009_003494,person,hair,hair,0.590945839881897,0.7428861856460571,0.2880658507347107,0.11541999131441116,1.0,0.958984375,1.0
rotation_consistent,test_seen,2014,val:2009_003494:part_94,2009_003494,person,lower arm,lower arm,0.3717579245567322,0.5420168042182922,0.06666667014360428,0.04077253118157387,1.0,1.0,1.0
rotation_consistent,test_seen,2015,val:2009_003494:part_95,2009_003494,person,upper arm,upper arm,0.01727272756397724,0.03395889326930046,0.049030788242816925,0.03709380701184273,1.0,0.9990234375,1.0
rotation_consistent,test_seen,2016,val:2009_003494:part_96,2009_003494,person,hand,hand,0.2532750964164734,0.40418118238449097,0.41363635659217834,0.020539546385407448,1.0,0.99853515625,1.0
rotation_consistent,test_seen,2017,val:2009_003507:part_97,2009_003507,pottedplant,pot,pot,0.0,0.0,0.0,0.28260868787765503,1.0,1.0,1.0
rotation_consistent,test_seen,2018,val:2009_003507:part_98,2009_003507,pottedplant,plant,plant,0.03999999910593033,0.07692307978868484,0.8888888955116272,0.3695652186870575,1.0,1.0,1.0
rotation_consistent,test_seen,2019,val:2009_003517:part_20,2009_003517,bottle,body,body,0.802546501159668,0.8904585838317871,0.178155779838562,0.9669223427772522,1.0,1.0,1.0
rotation_consistent,test_seen,2020,val:2009_003517:part_21,2009_003517,bottle,cap,cap,0.44186046719551086,0.6129032373428345,0.11627907305955887,0.022770853713154793,1.0,0.98876953125,1.0
rotation_consistent,test_seen,2021,val:2009_003523:part_115,2009_003523,tvmonitor,screen,screen,0.813376784324646,0.8970852494239807,0.0,0.5440605282783508,1.0,0.99951171875,1.0
rotation_consistent,test_seen,2022,val:2009_003542:part_52,2009_003542,cow,head,head,0.5149303078651428,0.6798072457313538,0.01845238171517849,0.31392836570739746,1.0,1.0,1.0
rotation_consistent,test_seen,2023,val:2009_003542:part_53,2009_003542,cow,eye,eye,0.46739131212234497,0.6370370388031006,0.0,0.004678783472627401,0.008880615234375,0.0,0.00010889768600463867
rotation_consistent,test_seen,2024,val:2009_003542:part_54,2009_003542,cow,torso,torso,0.3798947334289551,0.550614058971405,0.0632568895816803,0.26867014169692993,1.0,1.0,1.0
rotation_consistent,test_seen,2025,val:2009_003542:part_55,2009_003542,cow,neck,neck,0.5500591993331909,0.7097266912460327,0.027283800765872,0.21990282833576202,1.0,1.0,1.0
rotation_consistent,test_seen,2026,val:2009_003542:part_57,2009_003542,cow,ear,ear,0.4812992215156555,0.6498338580131531,0.24704618752002716,0.05164657160639763,0.006877899169921875,0.0,6.920099258422852e-05
rotation_consistent,test_seen,2027,val:2009_003542:part_58,2009_003542,cow,muzzle,muzzle,0.6740362644195557,0.8052827715873718,0.1752283126115799,0.10806190222501755,1.0,0.99951171875,1.0
rotation_consistent,test_seen,2028,val:2009_003542:part_59,2009_003542,cow,horn,horn,0.14425286650657654,0.2521345913410187,0.30868762731552124,0.033111389726400375,0.2100830078125,6.556510925292969e-07,0.00591278076171875
rotation_consistent,test_seen,2029,val:2009_003551:part_115,2009_003551,tvmonitor,screen,screen,0.5348968505859375,0.6969808340072632,0.0,0.14373576641082764,1.0,0.99951171875,1.0
rotation_consistent,test_seen,2030,val:2009_003564:part_97,2009_003564,pottedplant,pot,pot,0.2817869484424591,0.43967828154563904,0.5310734510421753,0.4170212745666504,1.0,1.0,1.0
rotation_consistent,test_seen,2031,val:2009_003564:part_98,2009_003564,pottedplant,plant,plant,0.32116788625717163,0.4861878454685211,0.3842794895172119,0.5659574270248413,1.0,1.0,1.0
rotation_consistent,test_seen,2032,val:2009_003569:part_52,2009_003569,cow,head,head,0.2408376932144165,0.38818565011024475,0.34210526943206787,0.043142758309841156,1.0,1.0,1.0
rotation_consistent,test_seen,2033,val:2009_003569:part_53,2009_003569,cow,eye,eye,0.0,0.0,0.0,0.001753770629875362,0.008880615234375,0.0,0.00010889768600463867
rotation_consistent,test_seen,2034,val:2009_003569:part_54,2009_003569,cow,torso,torso,0.48121869564056396,0.6497604846954346,0.18734069168567657,0.4191511869430542,1.0,1.0,1.0
rotation_consistent,test_seen,2035,val:2009_003569:part_55,2009_003569,cow,neck,neck,0.36138615012168884,0.5309090614318848,0.09659090638160706,0.034724656492471695,1.0,1.0,1.0
rotation_consistent,test_seen,2036,val:2009_003569:part_56,2009_003569,cow,leg,leg,0.29097387194633484,0.4507819712162018,0.4573170840740204,0.09365134686231613,1.0,1.0,1.0
rotation_consistent,test_seen,2037,val:2009_003569:part_57,2009_003569,cow,ear,ear,0.0,0.0,0.8157894611358643,0.00491055753082037,0.006877899169921875,0.0,6.920099258422852e-05
rotation_consistent,test_seen,2038,val:2009_003569:part_58,2009_003569,cow,muzzle,muzzle,0.3253968358039856,0.4910179674625397,0.4560000002384186,0.014731673523783684,1.0,0.99951171875,1.0
rotation_consistent,test_seen,2039,val:2009_003696:part_0,2009_003696,aeroplane,body,body,0.6220139265060425,0.7669649720191956,0.11979006230831146,0.5064346790313721,1.0,1.0,1.0
rotation_consistent,test_seen,2040,val:2009_003696:part_1,2009_003696,aeroplane,stern,stern,0.5422308444976807,0.703177273273468,0.2972002923488617,0.2380838841199875,1.0,1.0,1.0
rotation_consistent,test_seen,2041,val:2009_003696:part_2,2009_003696,aeroplane,wing,wing,0.09436913579702377,0.1724630743265152,0.3996405005455017,0.10247854888439178,0.99853515625,0.00031757354736328125,0.962890625
rotation_consistent,test_seen,2042,val:2009_003696:part_4,2009_003696,aeroplane,engine,engine,0.3308480978012085,0.4971988797187805,0.21421214938163757,0.10891325026750565,1.0,0.99951171875,1.0
rotation_consistent,test_seen,2043,val:2009_003696:part_5,2009_003696,aeroplane,wheel,wheel,0.14028777182102203,0.24605678021907806,0.771784245967865,0.018112488090991974,1.0,0.9990234375,1.0
rotation_consistent,test_seen,2044,val:2009_003703:part_22,2009_003703,bus,wheel,wheel,0.5205298066139221,0.684669017791748,0.0914127454161644,0.02723088674247265,1.0,0.9990234375,1.0
rotation_consistent,test_seen,2045,val:2009_003703:part_23,2009_003703,bus,headlight,headlight,0.1767955869436264,0.3004694879055023,0.0,0.006136537995189428,0.99951171875,0.493896484375,0.99609375
rotation_consistent,test_seen,2046,val:2009_003703:part_24,2009_003703,bus,front,front,0.5094802379608154,0.6750406622886658,0.08570777624845505,0.1521349996328354,1.0,1.0,1.0
rotation_consistent,test_seen,2047,val:2009_003703:part_25,2009_003703,bus,side,side,0.4884318709373474,0.6563040018081665,0.119932621717453,0.2820250689983368,1.0,1.0,1.0
rotation_consistent,test_seen,2048,val:2009_003703:part_28,2009_003703,bus,mirror,mirror,0.02358490601181984,0.04608295112848282,0.8904109597206116,0.009204806759953499,0.013275146484375,0.0,0.00027370452880859375
rotation_consistent,test_seen,2049,val:2009_003703:part_30,2009_003703,bus,door,door,0.33788642287254333,0.5051047801971436,0.0,0.05759396404027939,1.0,0.9990234375,1.0
rotation_consistent,test_seen,2050,val:2009_003703:part_31,2009_003703,bus,window,window,0.6926361918449402,0.8184111714363098,0.04373757541179657,0.39082077145576477,1.0,0.935546875,1.0
rotation_consistent,test_seen,2051,val:2009_003771:part_42,2009_003771,cat,tail,tail,0.3434065878391266,0.511247456073761,0.44780218601226807,0.016397744417190552,1.0,0.89892578125,1.0
rotation_consistent,test_seen,2052,val:2009_003771:part_43,2009_003771,cat,head,head,0.7245714068412781,0.8402915596961975,0.042794208973646164,0.18745900690555573,1.0,1.0,1.0
rotation_consistent,test_seen,2053,val:2009_003771:part_44,2009_003771,cat,eye,eye,0.05118110403418541,0.09737827628850937,0.0,0.009182736277580261,0.008880615234375,0.0,0.00010889768600463867
rotation_consistent,test_seen,2054,val:2009_003771:part_45,2009_003771,cat,torso,torso,0.6334545612335205,0.7756010890007019,0.04988789185881615,0.4764528274536133,1.0,1.0,1.0
rotation_consistent,test_seen,2055,val:2009_003771:part_47,2009_003771,cat,leg,leg,0.4506992995738983,0.6213545203208923,0.02532588504254818,0.19205036759376526,1.0,1.0,1.0
rotation_consistent,test_seen,2056,val:2009_003771:part_48,2009_003771,cat,nose,nose,0.010309278033673763,0.020408162847161293,0.0,0.0026236390694975853,1.0,0.9814453125,1.0
rotation_consistent,test_seen,2057,val:2009_003771:part_49,2009_003771,cat,paw,paw,0.47313085198402405,0.6423473358154297,0.2990543842315674,0.05444050952792168,1.0,0.99951171875,1.0
rotation_consistent,test_seen,2058,val:2009_003771:part_50,2009_003771,cat,ear,ear,0.5279770493507385,0.6910797953605652,0.34206220507621765,0.05955660343170166,0.006877899169921875,0.0,6.920099258422852e-05
rotation_consistent,test_seen,2059,val:2009_003773:part_52,2009_003773,cow,head,head,0.5132863521575928,0.6783730983734131,0.03583389148116112,0.40145939588546753,1.0,1.0,1.0
rotation_consistent,test_seen,2060,val:2009_003773:part_53,2009_003773,cow,eye,eye,0.5555555820465088,0.7142857313156128,0.07111111283302307,0.008001023903489113,0.008880615234375,0.0,0.00010889768600463867
rotation_consistent,test_seen,2061,val:2009_003773:part_54,2009_003773,cow,torso,torso,0.1277875453233719,0.22661633789539337,0.17645969986915588,0.08839531242847443,1.0,1.0,1.0
rotation_consistent,test_seen,2062,val:2009_003773:part_55,2009_003773,cow,neck,neck,0.140048548579216,0.24568873643875122,0.09249068051576614,0.24073481559753418,1.0,1.0,1.0
rotation_consistent,test_seen,2063,val:2009_003773:part_57,2009_003773,cow,ear,ear,0.43390142917633057,0.6052039861679077,0.03539822995662689,0.06906484067440033,0.006877899169921875,0.0,6.920099258422852e-05
rotation_consistent,test_seen,2064,val:2009_003773:part_58,2009_003773,cow,muzzle,muzzle,0.45424729585647583,0.6247180700302124,0.2802283465862274,0.16046853363513947,1.0,0.99951171875,1.0
rotation_consistent,test_seen,2065,val:2009_003773:part_59,2009_003773,cow,horn,horn,0.1670522838830948,0.28628072142601013,0.022793404757976532,0.0294437687844038,0.2100830078125,6.556510925292969e-07,0.00591278076171875
rotation_consistent,test_seen,2066,val:2009_003804:part_70,2009_003804,horse,tail,tail,0.002197802299633622,0.004385964944958687,0.2982456088066101,0.008193186484277248,1.0,0.89892578125,1.0
rotation_consistent,test_seen,2067,val:2009_003804:part_71,2009_003804,horse,head,head,0.6470092535018921,0.7856777310371399,0.025423727929592133,0.12835992872714996,1.0,1.0,1.0
rotation_consistent,test_seen,2068,val:2009_003804:part_72,2009_003804,horse,eye,eye,0.0,0.0,0.0,0.001724881469272077,0.008880615234375,0.0,0.00010889768600463867
rotation_consistent,test_seen,2069,val:2009_003804:part_73,2009_003804,horse,torso,torso,0.594756543636322,0.7458900809288025,0.10639958083629608,0.3655311167240143,1.0,1.0,1.0
rotation_consistent,test_seen,2070,val:2009_003804:part_74,2009_003804,horse,neck,neck,0.63274747133255,0.77507084608078,0.09609609842300415,0.11010493338108063,1.0,1.0,1.0
rotation_consistent,test_seen,2071,val:2009_003804:part_75,2009_003804,horse,leg,leg,0.344024121761322,0.5119314789772034,0.4431428611278534,0.20166738331317902,1.0,1.0,1.0
rotation_consistent,test_seen,2072,val:2009_003804:part_76,2009_003804,horse,ear,ear,0.413445383310318,0.5850178599357605,0.20082814991474152,0.05145896226167679,0.006877899169921875,0.0,6.920099258422852e-05
rotation_consistent,test_seen,2073,val:2009_003804:part_77,2009_003804,horse,muzzle,muzzle,0.5958254337310791,0.7467300891876221,0.18504314124584198,0.09184993803501129,1.0,0.99951171875,1.0
rotation_consistent,test_seen,2074,val:2009_003804:part_78,2009_003804,horse,hoof,hoof,0.2864077687263489,0.44528302550315857,0.5469169020652771,0.022567197680473328,1.0,0.998046875,1.0
rotation_consistent,test_seen,2075,val:2009_003806:part_0,2009_003806,aeroplane,body,body,0.7946079969406128,0.8855504989624023,0.11403825134038925,0.6503695249557495,1.0,1.0,1.0
rotation_consistent,test_seen,2076,val:2009_003806:part_1,2009_003806,aeroplane,stern,stern,0.6961702108383179,0.8208730816841125,0.26056337356567383,0.24360431730747223,1.0,1.0,1.0
rotation_consistent,test_seen,2077,val:2009_003806:part_2,2009_003806,aeroplane,wing,wing,0.32769230008125305,0.4936268925666809,0.14035087823867798,0.06708356738090515,0.99853515625,0.00031757354736328125,0.962890625
rotation_consistent,test_seen,2078,val:2009_003806:part_4,2009_003806,aeroplane,engine,engine,0.0714285746216774,0.13333334028720856,0.05494505539536476,0.011085844598710537,1.0,0.99951171875,1.0
rotation_consistent,test_seen,2079,val:2009_003806:part_5,2009_003806,aeroplane,wheel,wheel,0.11594203114509583,0.20779220759868622,0.6206896305084229,0.010801591910421848,1.0,0.9990234375,1.0
rotation_consistent,test_seen,2080,val:2009_003849:part_83,2009_003849,person,head,head,0.789625346660614,0.8824476599693298,0.04676258936524391,0.14420472085475922,1.0,1.0,1.0
rotation_consistent,test_seen,2081,val:2009_003849:part_84,2009_003849,person,eye,eye,0.1538461595773697,0.2666666805744171,0.0,0.003010536776855588,0.008880615234375,0.0,0.00010889768600463867
rotation_consistent,test_seen,2082,val:2009_003849:part_85,2009_003849,person,torso,torso,0.8947210907936096,0.9444356560707092,0.03440331667661667,0.61806321144104,1.0,1.0,1.0
rotation_consistent,test_seen,2083,val:2009_003849:part_86,2009_003849,person,neck,neck,0.3441295623779297,0.5120481848716736,0.0,0.020270949229598045,1.0,1.0,1.0
rotation_consistent,test_seen,2084,val:2009_003849:part_89,2009_003849,person,nose,nose,0.5272727012634277,0.6904761791229248,0.0,0.0078273955732584,1.0,0.9814453125,1.0
rotation_consistent,test_seen,2085,val:2009_003849:part_90,2009_003849,person,ear,ear,0.1111111119389534,0.20000000298023224,0.6026490330696106,0.0039136977866292,0.006877899169921875,0.0,6.920099258422852e-05
rotation_consistent,test_seen,2086,val:2009_003849:part_91,2009_003849,person,eyebrow,eyebrow,0.18333333730697632,0.30985915660858154,0.0,0.0026091318577528,0.0010118484497070312,0.0,7.152557373046875e-06
rotation_consistent,test_seen,2087,val:2009_003849:part_92,2009_003849,person,mouth,mouth,0.04545454680919647,0.08695652335882187,0.0,0.0009031610679812729,1.0,0.998046875,1.0
rotation_consistent,test_seen,2088,val:2009_003849:part_94,2009_003849,person,lower arm,lower arm,0.39920949935913086,0.5706214904785156,0.14518317580223083,0.032614149153232574,1.0,1.0,1.0
rotation_consistent,test_seen,2089,val:2009_003849:part_95,2009_003849,person,upper arm,upper arm,0.606640636920929,0.7551665306091309,0.1080097109079361,0.16467636823654175,1.0,0.9990234375,1.0
rotation_consistent,test_seen,2090,val:2009_003857:part_115,2009_003857,tvmonitor,screen,screen,0.8974689245223999,0.9459642767906189,0.019213974475860596,0.8113350868225098,1.0,0.99951171875,1.0
rotation_consistent,test_seen,2091,val:2009_003895:part_115,2009_003895,tvmonitor,screen,screen,0.3490259647369385,0.5174488425254822,0.07625727355480194,0.3048856556415558,1.0,0.99951171875,1.0
rotation_consistent,test_seen,2092,val:2009_003904:part_43,2009_003904,cat,head,head,0.5780518651008606,0.7326145768165588,0.06170212849974632,0.14669398963451385,1.0,1.0,1.0
rotation_consistent,test_seen,2093,val:2009_003904:part_44,2009_003904,cat,eye,eye,0.08474576473236084,0.15625,0.0,0.011541365645825863,0.008880615234375,0.0,0.00010889768600463867
rotation_consistent,test_seen,2094,val:2009_003904:part_45,2009_003904,cat,torso,torso,0.46591442823410034,0.6356638669967651,0.05979480594396591,0.33610183000564575,1.0,1.0,1.0
rotation_consistent,test_seen,2095,val:2009_003904:part_46,2009_003904,cat,neck,neck,0.2976295053958893,0.45872801542282104,0.0,0.03753640502691269,1.0,1.0,1.0
rotation_consistent,test_seen,2096,val:2009_003904:part_47,2009_003904,cat,leg,leg,0.7178060412406921,0.8357241749763489,0.08392178267240524,0.30212491750717163,1.0,1.0,1.0
rotation_consistent,test_seen,2097,val:2009_003904:part_48,2009_003904,cat,nose,nose,0.33980581164360046,0.5072463750839233,0.0,0.00420666579157114,1.0,0.9814453125,1.0
rotation_consistent,test_seen,2098,val:2009_003904:part_49,2009_003904,cat,paw,paw,0.7058252692222595,0.8275469541549683,0.1510031670331955,0.08736921846866608,1.0,0.99951171875,1.0
rotation_consistent,test_seen,2099,val:2009_003904:part_50,2009_003904,cat,ear,ear,0.5026954412460327,0.6690583229064941,0.31381380558013916,0.04843059182167053,0.006877899169921875,0.0,6.920099258422852e-05
rotation_consistent,test_seen,2100,val:2009_003938:part_109,2009_003938,train,head,head,0.05023696646094322,0.09566786885261536,0.2844211459159851,0.02929394133388996,1.0,1.0,1.0
rotation_consistent,test_seen,2101,val:2009_003938:part_110,2009_003938,train,front,front,0.5608049035072327,0.7186098694801331,0.13152804970741272,0.1877816766500473,1.0,1.0,1.0
rotation_consistent,test_seen,2102,val:2009_003938:part_111,2009_003938,train,side,side,0.5991843938827515,0.7493624687194824,0.15057234466075897,0.5215322971343994,1.0,1.0,1.0
rotation_consistent,test_seen,2103,val:2009_003938:part_113,2009_003938,train,roof,roof,0.01274509821087122,0.025169409811496735,0.33084312081336975,0.02403605356812477,1.0,0.9345703125,1.0
rotation_consistent,test_seen,2104,val:2009_003938:part_114,2009_003938,train,coach,coach,0.006695778574794531,0.013302487321197987,0.1194290742278099,0.006259389221668243,1.0,1.0,1.0
rotation_consistent,test_seen,2105,val:2009_003971:part_6,2009_003971,bicycle,wheel,wheel,0.26714566349983215,0.4216494858264923,0.38886547088623047,0.36921948194503784,1.0,0.9990234375,1.0
rotation_consistent,test_seen,2106,val:2009_003971:part_8,2009_003971,bicycle,handlebar,handlebar,0.24740125238895416,0.39666667580604553,0.5745060443878174,0.40836799144744873,1.0,1.0,1.0
rotation_consistent,test_seen,2107,val:2009_003991:part_83,2009_003991,person,head,head,0.21758241951465607,0.35740071535110474,0.2725274860858917,0.031220436096191406,1.0,1.0,1.0
rotation_consistent,test_seen,2108,val:2009_003991:part_84,2009_003991,person,eye,eye,0.0,0.0,0.0,0.005045726895332336,0.008880615234375,0.0,0.00010889768600463867
rotation_consistent,test_seen,2109,val:2009_003991:part_85,2009_003991,person,torso,torso,0.44711539149284363,0.6179401874542236,0.05289256200194359,0.18795332312583923,1.0,1.0,1.0
rotation_consistent,test_seen,2110,val:2009_003991:part_87,2009_003991,person,leg,leg,0.6680463552474976,0.8009925484657288,0.08119658380746841,0.3402712047100067,1.0,1.0,1.0
rotation_consistent,test_seen,2111,val:2009_003991:part_88,2009_003991,person,foot,foot,0.3333333432674408,0.5,0.5354838967323303,0.059918008744716644,1.0,1.0,1.0
rotation_consistent,test_seen,2112,val:2009_003991:part_89,2009_003991,person,nose,nose,0.0,0.0,0.0,0.002522863447666168,1.0,0.9814453125,1.0
rotation_consistent,test_seen,2113,val:2009_003991:part_90,2009_003991,person,ear,ear,0.0,0.0,0.7222222089767456,0.002207505516707897,0.006877899169921875,0.0,6.920099258422852e-05
rotation_consistent,test_seen,2114,val:2009_003991:part_93,2009_003991,person,hair,hair,0.6715976595878601,0.8035398125648499,0.2421875,0.15452538430690765,1.0,0.958984375,1.0
rotation_consistent,test_seen,2115,val:2009_003991:part_94,2009_003991,person,lower arm,lower arm,0.3316498398780823,0.49810367822647095,0.0018214936135336757,0.07631661742925644,1.0,1.0,1.0
rotation_consistent,test_seen,2116,val:2009_003991:part_95,2009_003991,person,upper arm,upper arm,0.4354560971260071,0.6067146062850952,0.07927928119897842,0.08798485994338989,1.0,0.9990234375,1.0
rotation_consistent,test_seen,2117,val:2009_003991:part_96,2009_003991,person,hand,hand,0.05078125,0.09665427356958389,0.36305731534957886,0.035320088267326355,1.0,0.99853515625,1.0
rotation_consistent,test_seen,2118,val:2009_004072:part_22,2009_004072,bus,wheel,wheel,0.09852216392755508,0.17937219142913818,0.0,0.0023757752496749163,1.0,0.9990234375,1.0
rotation_consistent,test_seen,2119,val:2009_004072:part_23,2009_004072,bus,headlight,headlight,0.42061281204223633,0.5921568870544434,0.21515151858329773,0.007248127367347479,0.99951171875,0.493896484375,0.99609375
rotation_consistent,test_seen,2120,val:2009_004072:part_24,2009_004072,bus,front,front,0.7675639986991882,0.8684992790222168,0.054578881710767746,0.2999516725540161,1.0,1.0,1.0
rotation_consistent,test_seen,2121,val:2009_004072:part_25,2009_004072,bus,side,side,0.4052599370479584,0.5767757892608643,0.04308134317398071,0.16469356417655945,1.0,1.0,1.0
rotation_consistent,test_seen,2122,val:2009_004072:part_28,2009_004072,bus,mirror,mirror,0.44999998807907104,0.6206896305084229,0.0,0.00785213802009821,0.013275146484375,0.0,0.00027370452880859375
rotation_consistent,test_seen,2123,val:2009_004072:part_30,2009_004072,bus,door,door,0.27916476130485535,0.436479777097702,0.011736015789210796,0.076226145029068,1.0,0.9990234375,1.0
rotation_consistent,test_seen,2124,val:2009_004072:part_31,2009_004072,bus,window,window,0.7150944471359253,0.8338834643363953,0.050434090197086334,0.441531777381897,1.0,0.935546875,1.0
rotation_consistent,test_seen,2125,val:2009_004099:part_43,2009_004099,cat,head,head,0.3589743673801422,0.5283018946647644,0.17788460850715637,0.6811797618865967,1.0,1.0,1.0
rotation_consistent,test_seen,2126,val:2009_004099:part_44,2009_004099,cat,eye,eye,0.0,0.0,0.0,0.05477528274059296,0.008880615234375,0.0,0.00010889768600463867
rotation_consistent,test_seen,2127,val:2009_004099:part_48,2009_004099,cat,nose,nose,0.0,0.0,0.0,0.009831461124122143,1.0,0.9814453125,1.0
rotation_consistent,test_seen,2128,val:2009_004099:part_50,2009_004099,cat,ear,ear,0.3008130192756653,0.4625000059604645,0.3802816867828369,0.25,0.006877899169921875,0.0,6.920099258422852e-05
rotation_consistent,test_seen,2129,val:2009_004125:part_83,2009_004125,person,head,head,0.0,0.0,0.0,0.06122449040412903,1.0,1.0,1.0
rotation_consistent,test_seen,2130,val:2009_004125:part_85,2009_004125,person,torso,torso,0.0,0.0,0.0,0.17006802558898926,1.0,1.0,1.0
rotation_consistent,test_seen,2131,val:2009_004125:part_94,2009_004125,person,lower arm,lower arm,0.0,0.0,0.0,0.013605441898107529,1.0,1.0,1.0
rotation_consistent,test_seen,2132,val:2009_004125:part_95,2009_004125,person,upper arm,upper arm,0.0,0.0,0.0,0.06802721321582794,1.0,0.9990234375,1.0
rotation_consistent,test_seen,2133,val:2009_004221:part_83,2009_004221,person,head,head,0.6394557952880859,0.7800830006599426,0.16173121333122253,0.07091136276721954,1.0,1.0,1.0
rotation_consistent,test_seen,2134,val:2009_004221:part_85,2009_004221,person,torso,torso,0.7290612459182739,0.8433029651641846,0.03295386582612991,0.3513108491897583,1.0,1.0,1.0
rotation_consistent,test_seen,2135,val:2009_004221:part_86,2009_004221,person,neck,neck,0.3467741906642914,0.514970064163208,0.11693548411130905,0.02147315815091133,1.0,1.0,1.0
rotation_consistent,test_seen,2136,val:2009_004221:part_87,2009_004221,person,leg,leg,0.48043298721313477,0.6490438580513,0.20999999344348907,0.24419476091861725,1.0,1.0,1.0
rotation_consistent,test_seen,2137,val:2009_004221:part_88,2009_004221,person,foot,foot,0.02097902074456215,0.04109589010477066,0.936170220375061,0.024719100445508957,1.0,1.0,1.0
rotation_consistent,test_seen,2138,val:2009_004221:part_89,2009_004221,person,nose,nose,0.054794520139694214,0.10389610379934311,0.0,0.005243445746600628,1.0,0.9814453125,1.0
rotation_consistent,test_seen,2139,val:2009_004221:part_90,2009_004221,person,ear,ear,0.0,0.0,0.6000000238418579,0.001498127356171608,0.006877899169921875,0.0,6.920099258422852e-05
rotation_consistent,test_seen,2140,val:2009_004221:part_91,2009_004221,person,eyebrow,eyebrow,0.0,0.0,0.0,0.0002496879023965448,0.0010118484497070312,0.0,7.152557373046875e-06
rotation_consistent,test_seen,2141,val:2009_004221:part_92,2009_004221,person,mouth,mouth,0.109375,0.19718310236930847,0.2777777910232544,0.004244694020599127,1.0,0.998046875,1.0
rotation_consistent,test_seen,2142,val:2009_004221:part_93,2009_004221,person,hair,hair,0.303108811378479,0.4652087390422821,0.2860962450504303,0.032209739089012146,1.0,0.958984375,1.0
rotation_consistent,test_seen,2143,val:2009_004221:part_94,2009_004221,person,lower arm,lower arm,0.18226002156734467,0.30832475423812866,0.2534331977367401,0.04294631630182266,1.0,1.0,1.0
rotation_consistent,test_seen,2144,val:2009_004221:part_95,2009_004221,person,upper arm,upper arm,0.6513369083404541,0.7888600826263428,0.06927374005317688,0.16204744577407837,1.0,0.9990234375,1.0
rotation_consistent,test_seen,2145,val:2009_004221:part_96,2009_004221,person,hand,hand,0.10303030163049698,0.18681319057941437,0.6640625,0.013483146205544472,1.0,0.99853515625,1.0
rotation_consistent,test_seen,2146,val:2009_004247:part_20,2009_004247,bottle,body,body,0.6905428171157837,0.8169480562210083,0.19168290495872498,0.9548969268798828,1.0,1.0,1.0
rotation_consistent,test_seen,2147,val:2009_004247:part_21,2009_004247,bottle,cap,cap,0.25238096714019775,0.4030418395996094,0.620512843132019,0.04381443187594414,1.0,0.98876953125,1.0
rotation_consistent,test_seen,2148,val:2009_004248:part_43,2009_004248,cat,head,head,0.7375796437263489,0.8489736318588257,0.04233613982796669,0.3943949341773987,1.0,1.0,1.0
rotation_consistent,test_seen,2149,val:2009_004248:part_44,2009_004248,cat,eye,eye,0.6813008189201355,0.8104448914527893,0.0,0.03421536087989807,0.008880615234375,0.0,0.00010889768600463867
rotation_consistent,test_seen,2150,val:2009_004248:part_45,2009_004248,cat,torso,torso,0.7037085294723511,0.8260902762413025,0.13233739137649536,0.37296783924102783,1.0,1.0,1.0
rotation_consistent,test_seen,2151,val:2009_004248:part_46,2009_004248,cat,neck,neck,0.2835601270198822,0.44183382391929626,0.008649867959320545,0.05652676522731781,1.0,1.0,1.0
rotation_consistent,test_seen,2152,val:2009_004248:part_48,2009_004248,cat,nose,nose,0.33956387639045715,0.5069767236709595,0.0,0.007414461579173803,1.0,0.9814453125,1.0
rotation_consistent,test_seen,2153,val:2009_004248:part_50,2009_004248,cat,ear,ear,0.5791798233985901,0.7335197925567627,0.17454776167869568,0.12618188560009003,0.006877899169921875,0.0,6.920099258422852e-05
rotation_consistent,test_seen,2154,val:2009_004255:part_109,2009_004255,train,head,head,0.002318034414201975,0.004625346977263689,0.3809297978878021,0.004253643099218607,1.0,1.0,1.0
rotation_consistent,test_seen,2155,val:2009_004255:part_110,2009_004255,train,front,front,0.8695914149284363,0.9302475452423096,0.06380168348550797,0.6916108727455139,1.0,1.0,1.0
rotation_consistent,test_seen,2156,val:2009_004255:part_111,2009_004255,train,side,side,0.5877031683921814,0.7403187155723572,0.09618039429187775,0.3021661937236786,1.0,1.0,1.0
rotation_consistent,test_seen,2157,val:2009_004324:part_20,2009_004324,bottle,body,body,0.8295697569847107,0.906846821308136,0.12368553131818771,0.9948952198028564,1.0,1.0,1.0
rotation_consistent,test_seen,2158,val:2009_004324:part_21,2009_004324,bottle,cap,cap,0.0,0.0,1.0,0.0016120364889502525,1.0,0.98876953125,1.0
rotation_consistent,test_seen,2159,val:2009_004497:part_70,2009_004497,horse,tail,tail,0.1525000035762787,0.2646420896053314,0.30250000953674316,0.005469135474413633,1.0,0.89892578125,1.0
rotation_consistent,test_seen,2160,val:2009_004497:part_71,2009_004497,horse,head,head,0.6908197999000549,0.8171418309211731,0.01723862811923027,0.228582963347435,1.0,1.0,1.0
rotation_consistent,test_seen,2161,val:2009_004497:part_72,2009_004497,horse,eye,eye,0.32342007756233215,0.48876404762268066,0.0,0.0039001209661364555,0.008880615234375,0.0,0.00010889768600463867
rotation_consistent,test_seen,2162,val:2009_004497:part_73,2009_004497,horse,torso,torso,0.42179906368255615,0.5933314561843872,0.05158000439405441,0.26372888684272766,1.0,1.0,1.0
rotation_consistent,test_seen,2163,val:2009_004497:part_74,2009_004497,horse,neck,neck,0.601338803768158,0.7510450482368469,0.03772467002272606,0.1590980440378189,1.0,1.0,1.0
rotation_consistent,test_seen,2164,val:2009_004497:part_76,2009_004497,horse,ear,ear,0.5030120611190796,0.6693387031555176,0.09769658744335175,0.03303895518183708,0.006877899169921875,0.0,6.920099258422852e-05
rotation_consistent,test_seen,2165,val:2009_004497:part_77,2009_004497,horse,muzzle,muzzle,0.5913370847702026,0.7431952953338623,0.024350648745894432,0.0892096683382988,1.0,0.99951171875,1.0
rotation_consistent,test_seen,2166,val:2009_004504:part_43,2009_004504,cat,head,head,0.8236107230186462,0.9032747149467468,0.04553025960922241,0.39535191655158997,1.0,1.0,1.0
rotation_consistent,test_seen,2167,val:2009_004504:part_44,2009_004504,cat,eye,eye,0.13131313025951385,0.2321428507566452,0.0,0.005017826333642006,0.008880615234375,0.0,0.00010889768600463867
rotation_consistent,test_seen,2168,val:2009_004504:part_45,2009_004504,cat,torso,torso,0.6259342432022095,0.7699379324913025,0.09449715167284012,0.226594477891922,1.0,1.0,1.0
rotation_consistent,test_seen,2169,val:2009_004504:part_47,2009_004504,cat,leg,leg,0.34481775760650635,0.5128096342086792,0.12503652274608612,0.17166247963905334,1.0,1.0,1.0
rotation_consistent,test_seen,2170,val:2009_004504:part_48,2009_004504,cat,nose,nose,0.24347825348377228,0.3916083872318268,0.0,0.0039614420384168625,1.0,0.9814453125,1.0
rotation_consistent,test_seen,2171,val:2009_004504:part_49,2009_004504,cat,paw,paw,0.4268610179424286,0.598321795463562,0.1878279149532318,0.11026013642549515,1.0,0.99951171875,1.0
rotation_consistent,test_seen,2172,val:2009_004504:part_50,2009_004504,cat,ear,ear,0.4885215759277344,0.6563849449157715,0.230483278632164,0.07196619361639023,0.006877899169921875,0.0,6.920099258422852e-05
rotation_consistent,test_seen,2173,val:2009_004507:part_85,2009_004507,person,torso,torso,0.0,0.0,0.47741934657096863,0.0005640158196911216,1.0,1.0,1.0
rotation_consistent,test_seen,2174,val:2009_004579:part_20,2009_004579,bottle,body,body,0.43101733922958374,0.6023929119110107,0.12157124280929565,0.482903391122818,1.0,1.0,1.0
rotation_consistent,test_seen,2175,val:2009_004579:part_21,2009_004579,bottle,cap,cap,0.33592233061790466,0.5029069781303406,0.08185840398073196,0.01435872446745634,1.0,0.98876953125,1.0
rotation_consistent,test_seen,2176,val:2009_004590:part_22,2009_004590,bus,wheel,wheel,0.005037783179432154,0.01002506259828806,0.17150062322616577,0.00041600799886509776,1.0,0.9990234375,1.0
rotation_consistent,test_seen,2177,val:2009_004590:part_23,2009_004590,bus,headlight,headlight,0.0,0.0,0.0,0.0027456528041511774,0.99951171875,0.493896484375,0.99609375
rotation_consistent,test_seen,2178,val:2009_004590:part_24,2009_004590,bus,front,front,0.1872130036354065,0.31538233160972595,0.14418107271194458,0.09243697673082352,1.0,1.0,1.0
rotation_consistent,test_seen,2179,val:2009_004590:part_28,2009_004590,bus,mirror,mirror,0.0,0.0,0.0,0.00041600799886509776,0.013275146484375,0.0,0.00027370452880859375
rotation_consistent,test_seen,2180,val:2009_004590:part_31,2009_004590,bus,window,window,0.06605271250009537,0.12392016500234604,0.10033605247735977,0.038688741624355316,1.0,0.935546875,1.0
rotation_consistent,test_seen,2181,val:2009_004653:part_0,2009_004653,aeroplane,body,body,0.5653594732284546,0.7223381996154785,0.35011184215545654,0.6306620240211487,1.0,1.0,1.0
rotation_consistent,test_seen,2182,val:2009_004653:part_1,2009_004653,aeroplane,stern,stern,0.6638176441192627,0.7979452013969421,0.27108433842658997,0.2926829159259796,1.0,1.0,1.0
rotation_consistent,test_seen,2183,val:2009_004653:part_2,2009_004653,aeroplane,wing,wing,0.055710308253765106,0.10554089397192001,0.4261838495731354,0.023228803649544716,0.99853515625,0.00031757354736328125,0.962890625
rotation_consistent,test_seen,2184,val:2009_004653:part_4,2009_004653,aeroplane,engine,engine,0.00638977624475956,0.012698412872850895,0.4000000059604645,0.04065040498971939,1.0,0.99951171875,1.0
rotation_consistent,test_seen,2185,val:2009_004653:part_5,2009_004653,aeroplane,wheel,wheel,0.0,0.0,0.23749999701976776,0.0011614401591941714,1.0,0.9990234375,1.0
rotation_consistent,test_seen,2186,val:2009_004721:part_42,2009_004721,cat,tail,tail,0.32241812348365784,0.4876190423965454,0.23894760012626648,0.1077980175614357,1.0,0.89892578125,1.0
rotation_consistent,test_seen,2187,val:2009_004721:part_43,2009_004721,cat,head,head,0.632864236831665,0.7751584053039551,0.09606625139713287,0.09917676448822021,1.0,1.0,1.0
rotation_consistent,test_seen,2188,val:2009_004721:part_44,2009_004721,cat,eye,eye,0.0,0.0,0.11274509876966476,0.0006482141907326877,0.008880615234375,0.0,0.00010889768600463867
rotation_consistent,test_seen,2189,val:2009_004721:part_45,2009_004721,cat,torso,torso,0.46429911255836487,0.6341588497161865,0.10232383757829666,0.32119011878967285,1.0,1.0,1.0
rotation_consistent,test_seen,2190,val:2009_004721:part_46,2009_004721,cat,neck,neck,0.4846416413784027,0.6528735756874084,0.0659722238779068,0.047643739730119705,1.0,1.0,1.0
rotation_consistent,test_seen,2191,val:2009_004721:part_47,2009_004721,cat,leg,leg,0.49482375383377075,0.6620496511459351,0.08707709610462189,0.31872689723968506,1.0,1.0,1.0
rotation_consistent,test_seen,2192,val:2009_004721:part_48,2009_004721,cat,nose,nose,0.052941177040338516,0.10055866092443466,0.012500000186264515,0.0012316069332882762,1.0,0.9814453125,1.0
rotation_consistent,test_seen,2193,val:2009_004721:part_49,2009_004721,cat,paw,paw,0.46791133284568787,0.637519896030426,0.1735253781080246,0.06858105957508087,1.0,0.99951171875,1.0
rotation_consistent,test_seen,2194,val:2009_004721:part_50,2009_004721,cat,ear,ear,0.4665427505970001,0.6362484097480774,0.22862453758716583,0.016270175576210022,0.006877899169921875,0.0,6.920099258422852e-05
rotation_consistent,test_seen,2195,val:2009_004730:part_109,2009_004730,train,head,head,0.0,0.0,0.23510204255580902,0.0009270704467780888,1.0,1.0,1.0
rotation_consistent,test_seen,2196,val:2009_004730:part_111,2009_004730,train,side,side,0.6990602612495422,0.8228787183761597,0.2712956368923187,0.995673656463623,1.0,1.0,1.0
rotation_consistent,test_seen,2197,val:2009_004730:part_114,2009_004730,train,coach,coach,0.0,0.0,0.23961661756038666,0.0006180469645187259,1.0,1.0,1.0
rotation_consistent,test_seen,2198,val:2009_004732:part_22,2009_004732,bus,wheel,wheel,0.5067024230957031,0.6725978851318359,0.1836158186197281,0.01648961380124092,1.0,0.9990234375,1.0
rotation_consistent,test_seen,2199,val:2009_004732:part_23,2009_004732,bus,headlight,headlight,0.040697675198316574,0.07821229100227356,0.12063492089509964,0.00340891070663929,0.99951171875,0.493896484375,0.99609375
rotation_consistent,test_seen,2200,val:2009_004732:part_24,2009_004732,bus,front,front,0.4734098017215729,0.642604410648346,0.06872852146625519,0.14816869795322418,1.0,1.0,1.0
rotation_consistent,test_seen,2201,val:2009_004732:part_25,2009_004732,bus,side,side,0.47413504123687744,0.6432721614837646,0.11281723529100418,0.3240843415260315,1.0,1.0,1.0
rotation_consistent,test_seen,2202,val:2009_004732:part_28,2009_004732,bus,mirror,mirror,0.0,0.0,0.0,0.01704455353319645,0.013275146484375,0.0,0.00027370452880859375
rotation_consistent,test_seen,2203,val:2009_004732:part_30,2009_004732,bus,door,door,0.3646574318408966,0.534430742263794,0.024169184267520905,0.07903916388750076,1.0,0.9990234375,1.0
rotation_consistent,test_seen,2204,val:2009_004732:part_31,2009_004732,bus,window,window,0.41021397709846497,0.5817754864692688,0.043990764766931534,0.29332488775253296,1.0,0.935546875,1.0
rotation_consistent,test_seen,2205,val:2009_004738:part_83,2009_004738,person,head,head,0.5388127565383911,0.7002967596054077,0.1111111119389534,0.24512353539466858,1.0,1.0,1.0
rotation_consistent,test_seen,2206,val:2009_004738:part_85,2009_004738,person,torso,torso,0.3954727053642273,0.5667939186096191,0.11149228364229202,0.30234071612358093,1.0,1.0,1.0
rotation_consistent,test_seen,2207,val:2009_004738:part_87,2009_004738,person,leg,leg,0.274125874042511,0.430296391248703,0.21076923608779907,0.16970090568065643,1.0,1.0,1.0
rotation_consistent,test_seen,2208,val:2009_004738:part_88,2009_004738,person,foot,foot,0.0,0.0,0.0,0.031209362670779228,1.0,1.0,1.0
rotation_consistent,test_seen,2209,val:2009_004738:part_94,2009_004738,person,lower arm,lower arm,0.0,0.0,0.3044619560241699,0.10143043100833893,1.0,1.0,1.0
rotation_consistent,test_seen,2210,val:2009_004738:part_95,2009_004738,person,upper arm,upper arm,0.14455781877040863,0.2526002824306488,0.014084506779909134,0.11443433165550232,1.0,0.9990234375,1.0
rotation_consistent,test_seen,2211,val:2009_004738:part_96,2009_004738,person,hand,hand,0.024453025311231613,0.0477386936545372,0.4293193817138672,0.020806241780519485,1.0,0.99853515625,1.0
rotation_consistent,test_seen,2212,val:2009_004789:part_22,2009_004789,bus,wheel,wheel,0.6197829842567444,0.7652666568756104,0.10321488976478577,0.06446266919374466,1.0,0.9990234375,1.0
rotation_consistent,test_seen,2213,val:2009_004789:part_23,2009_004789,bus,headlight,headlight,0.12857143580913544,0.2278480976819992,0.05122494325041771,0.004419325850903988,0.99951171875,0.493896484375,0.99609375
rotation_consistent,test_seen,2214,val:2009_004789:part_24,2009_004789,bus,front,front,0.4171438217163086,0.588710606098175,0.061055827885866165,0.10563889145851135,1.0,1.0,1.0
rotation_consistent,test_seen,2215,val:2009_004789:part_25,2009_004789,bus,side,side,0.6815301775932312,0.8106071352958679,0.047985438257455826,0.3885607421398163,1.0,1.0,1.0
rotation_consistent,test_seen,2216,val:2009_004789:part_28,2009_004789,bus,mirror,mirror,0.16101695597171783,0.277372270822525,0.0,0.003909403923898935,0.013275146484375,0.0,0.00027370452880859375
rotation_consistent,test_seen,2217,val:2009_004789:part_31,2009_004789,bus,window,window,0.4511788785457611,0.6218101382255554,0.01926877535879612,0.1555262804031372,1.0,0.935546875,1.0
rotation_consistent,test_seen,2218,val:2009_004799:part_108,2009_004799,train,headlight,headlight,0.0,0.0,0.0,0.014257939532399178,0.99951171875,0.493896484375,0.99609375
rotation_consistent,test_seen,2219,val:2009_004799:part_114,2009_004799,train,coach,coach,0.24403131008148193,0.39232343435287476,0.1845584362745285,0.5562756657600403,1.0,1.0,1.0
rotation_consistent,test_seen,2220,val:2009_004848:part_6,2009_004848,bicycle,wheel,wheel,0.057692307978868484,0.1090909093618393,0.8393442630767822,0.594629168510437,1.0,0.9990234375,1.0
rotation_consistent,test_seen,2221,val:2009_004848:part_7,2009_004848,bicycle,saddle,saddle,0.0,0.0,0.0,0.023017901927232742,1.0,0.99951171875,1.0
rotation_consistent,test_seen,2222,val:2009_004848:part_8,2009_004848,bicycle,handlebar,handlebar,0.13442623615264893,0.23699422180652618,0.7293233275413513,0.10230179131031036,1.0,1.0,1.0
rotation_consistent,test_seen,2223,val:2009_004848:part_9,2009_004848,bicycle,chainwheel,chainwheel,0.0,0.0,0.0,0.043478261679410934,1.0,0.99462890625,1.0
rotation_consistent,test_seen,2224,val:2009_004859:part_83,2009_004859,person,head,head,0.6594333648681641,0.7947693467140198,0.009129640646278858,0.16304348409175873,1.0,1.0,1.0
rotation_consistent,test_seen,2225,val:2009_004859:part_84,2009_004859,person,eye,eye,0.1782945692539215,0.30263158679008484,0.0,0.007638073060661554,0.008880615234375,0.0,0.00010889768600463867
rotation_consistent,test_seen,2226,val:2009_004859:part_85,2009_004859,person,torso,torso,0.5923718810081482,0.7440119981765747,0.0815286636352539,0.3237367868423462,1.0,1.0,1.0
rotation_consistent,test_seen,2227,val:2009_004859:part_87,2009_004859,person,leg,leg,0.6781395077705383,0.8082039952278137,0.12072243541479111,0.11045828461647034,1.0,1.0,1.0
rotation_consistent,test_seen,2228,val:2009_004859:part_89,2009_004859,person,nose,nose,0.28387096524238586,0.4422110617160797,0.0,0.0064629847183823586,1.0,0.9814453125,1.0
rotation_consistent,test_seen,2229,val:2009_004859:part_90,2009_004859,person,ear,ear,0.38509318232536316,0.5560538172721863,0.09701492637395859,0.013072855770587921,0.006877899169921875,0.0,6.920099258422852e-05
rotation_consistent,test_seen,2230,val:2009_004859:part_91,2009_004859,person,eyebrow,eyebrow,0.06034482643008232,0.11382114142179489,0.0,0.0017626321641728282,0.0010118484497070312,0.0,7.152557373046875e-06
rotation_consistent,test_seen,2231,val:2009_004859:part_92,2009_004859,person,mouth,mouth,0.1744185984134674,0.2970297038555145,0.0,0.0022032903507351875,1.0,0.998046875,1.0
rotation_consistent,test_seen,2232,val:2009_004859:part_93,2009_004859,person,hair,hair,0.5982300639152527,0.7486157417297363,0.22426937520503998,0.1667156219482422,1.0,0.958984375,1.0
rotation_consistent,test_seen,2233,val:2009_004859:part_94,2009_004859,person,lower arm,lower arm,0.7470449209213257,0.8552097678184509,0.0,0.11692126840353012,1.0,1.0,1.0
rotation_consistent,test_seen,2234,val:2009_004859:part_95,2009_004859,person,upper arm,upper arm,0.14682352542877197,0.25605252385139465,0.027294117957353592,0.0458284355700016,1.0,0.9990234375,1.0
rotation_consistent,test_seen,2235,val:2009_004859:part_96,2009_004859,person,hand,hand,0.5496894121170044,0.7094188332557678,0.0036764706019312143,0.0333431251347065,1.0,0.99853515625,1.0
rotation_consistent,test_seen,2236,val:2009_004867:part_22,2009_004867,bus,wheel,wheel,0.39625000953674316,0.5675917863845825,0.19412516057491302,0.021508146077394485,1.0,0.9990234375,1.0
rotation_consistent,test_seen,2237,val:2009_004867:part_23,2009_004867,bus,headlight,headlight,0.09020618349313736,0.16548463702201843,0.0,0.01068967767059803,0.99951171875,0.493896484375,0.99609375
rotation_consistent,test_seen,2238,val:2009_004867:part_24,2009_004867,bus,front,front,0.6526269912719727,0.7898055911064148,0.06320245563983917,0.29409492015838623,1.0,1.0,1.0
rotation_consistent,test_seen,2239,val:2009_004867:part_25,2009_004867,bus,side,side,0.48514994978904724,0.6533346176147461,0.05462704971432686,0.23755554854869843,1.0,1.0,1.0
rotation_consistent,test_seen,2240,val:2009_004867:part_28,2009_004867,bus,mirror,mirror,0.35758835077285767,0.5267993807792664,0.0,0.01803078129887581,0.013275146484375,0.0,0.00027370452880859375
rotation_consistent,test_seen,2241,val:2009_004867:part_30,2009_004867,bus,door,door,0.45213785767555237,0.6227203011512756,0.01407528668642044,0.09633588790893555,1.0,0.9990234375,1.0
rotation_consistent,test_seen,2242,val:2009_004867:part_31,2009_004867,bus,window,window,0.6925770044326782,0.8183698654174805,0.014082523994147778,0.32094791531562805,1.0,0.935546875,1.0
rotation_consistent,test_seen,2243,val:2009_004882:part_6,2009_004882,bicycle,wheel,wheel,0.11535968631505966,0.20685647428035736,0.7536585330963135,0.6042923927307129,1.0,0.9990234375,1.0
rotation_consistent,test_seen,2244,val:2009_004882:part_7,2009_004882,bicycle,saddle,saddle,0.09714286029338837,0.1770833283662796,0.7160493731498718,0.02012072503566742,1.0,0.99951171875,1.0
rotation_consistent,test_seen,2245,val:2009_004882:part_8,2009_004882,bicycle,handlebar,handlebar,0.0,0.0,0.7318840622901917,0.04292421042919159,1.0,1.0,1.0
rotation_consistent,test_seen,2246,val:2009_004882:part_9,2009_004882,bicycle,chainwheel,chainwheel,0.0,0.0,0.0,0.036217302083969116,1.0,0.99462890625,1.0
rotation_consistent,test_seen,2247,val:2009_004942:part_70,2009_004942,horse,tail,tail,0.28553617000579834,0.4442289173603058,0.4693094491958618,0.02221032977104187,1.0,0.89892578125,1.0
rotation_consistent,test_seen,2248,val:2009_004942:part_71,2009_004942,horse,head,head,0.5653883814811707,0.7223618030548096,0.02431289665400982,0.05762197822332382,1.0,1.0,1.0
rotation_consistent,test_seen,2249,val:2009_004942:part_72,2009_004942,horse,eye,eye,0.19148936867713928,0.3214285671710968,0.36666667461395264,0.002319150837138295,0.008880615234375,0.0,0.00010889768600463867
rotation_consistent,test_seen,2250,val:2009_004942:part_73,2009_004942,horse,torso,torso,0.7599079608917236,0.8635769486427307,0.05928904935717583,0.5403621196746826,1.0,1.0,1.0
rotation_consistent,test_seen,2251,val:2009_004942:part_74,2009_004942,horse,neck,neck,0.505459189414978,0.6715016961097717,0.104885995388031,0.07216127216815948,1.0,1.0,1.0
rotation_consistent,test_seen,2252,val:2009_004942:part_75,2009_004942,horse,leg,leg,0.3758651316165924,0.5463691353797913,0.45857349038124084,0.19632503390312195,1.0,1.0,1.0
rotation_consistent,test_seen,2253,val:2009_004942:part_76,2009_004942,horse,ear,ear,0.287009060382843,0.44600939750671387,0.2125435471534729,0.012398537248373032,0.006877899169921875,0.0,6.920099258422852e-05
rotation_consistent,test_seen,2254,val:2009_004942:part_77,2009_004942,horse,muzzle,muzzle,0.6378600597381592,0.7788944840431213,0.0,0.03978235647082329,1.0,0.99951171875,1.0
rotation_consistent,test_seen,2255,val:2009_004942:part_78,2009_004942,horse,hoof,hoof,0.2682119309902191,0.4229764938354492,0.4439140856266022,0.030951743945479393,1.0,0.998046875,1.0
rotation_consistent,test_seen,2256,val:2009_004969:part_0,2009_004969,aeroplane,body,body,0.5356259942054749,0.6975995302200317,0.2283269464969635,0.6173508763313293,1.0,1.0,1.0
rotation_consistent,test_seen,2257,val:2009_004969:part_1,2009_004969,aeroplane,stern,stern,0.14355628192424774,0.25106990337371826,0.03125,0.15620966255664825,1.0,1.0,1.0
rotation_consistent,test_seen,2258,val:2009_004969:part_2,2009_004969,aeroplane,wing,wing,0.2995951473712921,0.46105918288230896,0.3273219168186188,0.12806609272956848,0.99853515625,0.00031757354736328125,0.962890625
rotation_consistent,test_seen,2259,val:2009_004969:part_5,2009_004969,aeroplane,wheel,wheel,0.7973421812057495,0.8872458338737488,0.0992647036910057,0.06945520639419556,1.0,0.9990234375,1.0
rotation_consistent,test_seen,2260,val:2009_004987:part_83,2009_004987,person,head,head,0.7468671798706055,0.855093240737915,0.17721518874168396,0.1959766447544098,1.0,1.0,1.0
rotation_consistent,test_seen,2261,val:2009_004987:part_84,2009_004987,person,eye,eye,0.0,0.0,0.0,0.0012978585436940193,0.008880615234375,0.0,0.00010889768600463867
rotation_consistent,test_seen,2262,val:2009_004987:part_85,2009_004987,person,torso,torso,0.3504398763179779,0.5190010666847229,0.10682492703199387,0.16028553247451782,1.0,1.0,1.0
rotation_consistent,test_seen,2263,val:2009_004987:part_86,2009_004987,person,neck,neck,0.015625,0.03076923079788685,0.09166666865348816,0.006489292718470097,1.0,1.0,1.0
rotation_consistent,test_seen,2264,val:2009_004987:part_87,2009_004987,person,leg,leg,0.31281405687332153,0.4765550196170807,0.3525179922580719,0.3640493154525757,1.0,1.0,1.0
rotation_consistent,test_seen,2265,val:2009_004987:part_88,2009_004987,person,foot,foot,0.15923567116260529,0.2747252881526947,0.7078651785850525,0.06035042181611061,1.0,1.0,1.0
rotation_consistent,test_seen,2266,val:2009_004987:part_89,2009_004987,person,nose,nose,0.0,0.0,0.0,0.0012978585436940193,1.0,0.9814453125,1.0
rotation_consistent,test_seen,2267,val:2009_004987:part_94,2009_004987,person,lower arm,lower arm,0.23678646981716156,0.3829059898853302,0.33403804898262024,0.07268007844686508,1.0,1.0,1.0
rotation_consistent,test_seen,2268,val:2009_004987:part_95,2009_004987,person,upper arm,upper arm,0.4440154433250427,0.614973247051239,0.02380952425301075,0.0791693702340126,1.0,0.9990234375,1.0
rotation_consistent,test_seen,2269,val:2009_004987:part_96,2009_004987,person,hand,hand,0.1587301641702652,0.27397260069847107,0.4730290472507477,0.03309539332985878,1.0,0.99853515625,1.0
rotation_consistent,test_seen,2270,val:2009_004993:part_115,2009_004993,tvmonitor,screen,screen,0.6287170648574829,0.7720396518707275,0.0,0.1889527589082718,1.0,0.99951171875,1.0
rotation_consistent,test_seen,2271,val:2009_005038:part_20,2009_005038,bottle,body,body,0.727062463760376,0.8419643044471741,0.22382672131061554,0.9285046458244324,1.0,1.0,1.0
rotation_consistent,test_seen,2272,val:2009_005038:part_21,2009_005038,bottle,cap,cap,0.0,0.0,0.0,0.03130841255187988,1.0,0.98876953125,1.0
rotation_consistent,test_seen,2273,val:2009_005078:part_83,2009_005078,person,head,head,0.0,0.0,0.0,0.24215246737003326,1.0,1.0,1.0
rotation_consistent,test_seen,2274,val:2009_005078:part_85,2009_005078,person,torso,torso,0.08510638028383255,0.1568627506494522,0.21686747670173645,0.028400598093867302,1.0,1.0,1.0
rotation_consistent,test_seen,2275,val:2009_005078:part_87,2009_005078,person,leg,leg,0.08230452984571457,0.15209124982357025,0.4117647111415863,0.3423019349575043,1.0,1.0,1.0
rotation_consistent,test_seen,2276,val:2009_005078:part_88,2009_005078,person,foot,foot,0.0,0.0,0.0,0.06576980650424957,1.0,1.0,1.0
rotation_consistent,test_seen,2277,val:2009_005078:part_94,2009_005078,person,lower arm,lower arm,0.16105769574642181,0.27743270993232727,0.4296296238899231,0.1165919303894043,1.0,1.0,1.0
rotation_consistent,test_seen,2278,val:2009_005078:part_95,2009_005078,person,upper arm,upper arm,0.0,0.0,0.37674418091773987,0.05231688916683197,1.0,0.9990234375,1.0
rotation_consistent,test_seen,2279,val:2009_005078:part_96,2009_005078,person,hand,hand,0.08163265138864517,0.15094339847564697,0.2368421107530594,0.06726457178592682,1.0,0.99853515625,1.0
rotation_consistent,test_seen,2280,val:2009_005087:part_83,2009_005087,person,head,head,0.08208955079317093,0.15172414481639862,0.0,0.12737642228603363,1.0,1.0,1.0
rotation_consistent,test_seen,2281,val:2009_005087:part_85,2009_005087,person,torso,torso,0.0,0.0,0.8767123222351074,0.03707224503159523,1.0,1.0,1.0
rotation_consistent,test_seen,2282,val:2009_005087:part_87,2009_005087,person,leg,leg,0.5053554177284241,0.671410083770752,0.42580646276474,0.5855513215065002,1.0,1.0,1.0
rotation_consistent,test_seen,2283,val:2009_005087:part_88,2009_005087,person,foot,foot,0.19589976966381073,0.3276190459728241,0.7086614370346069,0.13688212633132935,1.0,1.0,1.0
rotation_consistent,test_seen,2284,val:2009_005087:part_90,2009_005087,person,ear,ear,0.0,0.0,0.0,0.008555132895708084,0.006877899169921875,0.0,6.920099258422852e-05
rotation_consistent,test_seen,2285,val:2009_005087:part_93,2009_005087,person,hair,hair,0.0,0.0,0.0,0.028517110273241997,1.0,0.958984375,1.0
rotation_consistent,test_seen,2286,val:2009_005087:part_95,2009_005087,person,upper arm,upper arm,0.3375000059604645,0.5046728849411011,0.41304346919059753,0.057984791696071625,1.0,0.9990234375,1.0
rotation_consistent,test_seen,2287,val:2009_005148:part_114,2009_005148,train,coach,coach,0.880865216255188,0.936659574508667,0.1119946613907814,0.9945679306983948,1.0,1.0,1.0
rotation_consistent,test_seen,2288,val:2009_005156:part_6,2009_005156,bicycle,wheel,wheel,0.036036036908626556,0.06956521421670914,0.9098532199859619,0.46360424160957336,1.0,0.9990234375,1.0
rotation_consistent,test_seen,2289,val:2009_005156:part_7,2009_005156,bicycle,saddle,saddle,0.28710463643074036,0.44612476229667664,0.6609195470809937,0.1279151886701584,1.0,0.99951171875,1.0
rotation_consistent,test_seen,2290,val:2009_005156:part_8,2009_005156,bicycle,handlebar,handlebar,0.09692307561635971,0.1767180860042572,0.6989051103591919,0.11660777032375336,1.0,1.0,1.0
rotation_consistent,test_seen,2291,val:2009_005156:part_9,2009_005156,bicycle,chainwheel,chainwheel,0.2658959627151489,0.42009133100509644,0.5321100950241089,0.07773851603269577,1.0,0.99462890625,1.0
rotation_consistent,test_seen,2292,val:2009_005158:part_43,2009_005158,cat,head,head,0.6750563383102417,0.8060103058815002,0.061123766005039215,0.26712527871131897,1.0,1.0,1.0
rotation_consistent,test_seen,2293,val:2009_005158:part_44,2009_005158,cat,eye,eye,0.41525423526763916,0.5868263244628906,0.0,0.016393441706895828,0.008880615234375,0.0,0.00010889768600463867
rotation_consistent,test_seen,2294,val:2009_005158:part_45,2009_005158,cat,torso,torso,0.7255520224571228,0.8409506678581238,0.03559950739145279,0.4487704932689667,1.0,1.0,1.0
rotation_consistent,test_seen,2295,val:2009_005158:part_46,2009_005158,cat,neck,neck,0.4850187301635742,0.6532156467437744,0.0,0.0999707281589508,1.0,1.0,1.0
rotation_consistent,test_seen,2296,val:2009_005158:part_47,2009_005158,cat,leg,leg,0.1693272590637207,0.28961482644081116,0.0658271312713623,0.04449648782610893,1.0,1.0,1.0
rotation_consistent,test_seen,2297,val:2009_005158:part_48,2009_005158,cat,nose,nose,0.27586206793785095,0.4324324429035187,0.0,0.005854800809174776,1.0,0.9814453125,1.0
rotation_consistent,test_seen,2298,val:2009_005158:part_49,2009_005158,cat,paw,paw,0.36917561292648315,0.5392670035362244,0.26851850748062134,0.032786883413791656,1.0,0.99951171875,1.0
rotation_consistent,test_seen,2299,val:2009_005158:part_50,2009_005158,cat,ear,ear,0.4919540286064148,0.659476101398468,0.44925743341445923,0.07172130793333054,0.006877899169921875,0.0,6.920099258422852e-05
rotation_consistent,test_seen,2300,val:2009_005189:part_0,2009_005189,aeroplane,body,body,0.47841307520866394,0.6471980810165405,0.07773231714963913,0.35581496357917786,1.0,1.0,1.0
rotation_consistent,test_seen,2301,val:2009_005189:part_1,2009_005189,aeroplane,stern,stern,0.5518433451652527,0.7112100720405579,0.20280611515045166,0.24340683221817017,1.0,1.0,1.0
rotation_consistent,test_seen,2302,val:2009_005189:part_2,2009_005189,aeroplane,wing,wing,0.12438035011291504,0.2212424874305725,0.5349617004394531,0.1759619563817978,0.99853515625,0.00031757354736328125,0.962890625
rotation_consistent,test_seen,2303,val:2009_005189:part_4,2009_005189,aeroplane,engine,engine,0.42463958263397217,0.5961361527442932,0.4150417745113373,0.1595330685377121,1.0,0.99951171875,1.0
rotation_consistent,test_seen,2304,val:2009_005189:part_5,2009_005189,aeroplane,wheel,wheel,0.17307692766189575,0.2950819730758667,0.625,0.0159965418279171,1.0,0.9990234375,1.0
rotation_consistent,test_seen,2305,val:2009_005190:part_20,2009_005190,bottle,body,body,0.7223399877548218,0.8387890458106995,0.21862871944904327,0.8519784808158875,1.0,1.0,1.0
rotation_consistent,test_seen,2306,val:2009_005190:part_21,2009_005190,bottle,cap,cap,0.39737990498542786,0.5687500238418579,0.4647058844566345,0.07327796518802643,1.0,0.98876953125,1.0
rotation_consistent,test_seen,2307,val:2009_005217:part_85,2009_005217,person,torso,torso,0.5549890995025635,0.7138173580169678,0.027331190183758736,0.3044072389602661,1.0,1.0,1.0
rotation_consistent,test_seen,2308,val:2009_005217:part_87,2009_005217,person,leg,leg,0.6396903395652771,0.780257523059845,0.26647356152534485,0.32422274351119995,1.0,1.0,1.0
rotation_consistent,test_seen,2309,val:2009_005217:part_88,2009_005217,person,foot,foot,0.017543859779834747,0.03448275849223137,0.8333333134651184,0.021182097494602203,1.0,1.0,1.0
rotation_consistent,test_seen,2310,val:2009_005217:part_94,2009_005217,person,lower arm,lower arm,0.477172315120697,0.6460618376731873,0.0,0.18517252802848816,1.0,1.0,1.0
rotation_consistent,test_seen,2311,val:2009_005217:part_95,2009_005217,person,upper arm,upper arm,0.3828786313533783,0.5537415146827698,0.06208842992782593,0.1390502154827118,1.0,0.9990234375,1.0
rotation_consistent,test_seen,2312,val:2009_005217:part_96,2009_005217,person,hand,hand,0.08510638028383255,0.1568627506494522,0.0,0.007516228128224611,1.0,0.99853515625,1.0
rotation_consistent,test_seen,2313,val:2009_005219:part_42,2009_005219,cat,tail,tail,0.3531073331832886,0.5219206809997559,0.0,0.029973553493618965,1.0,0.89892578125,1.0
rotation_consistent,test_seen,2314,val:2009_005219:part_43,2009_005219,cat,head,head,0.7602062821388245,0.86376953125,0.05277280882000923,0.2732882797718048,1.0,1.0,1.0
rotation_consistent,test_seen,2315,val:2009_005219:part_44,2009_005219,cat,eye,eye,0.25,0.4000000059604645,0.0,0.01733764261007309,0.008880615234375,0.0,0.00010889768600463867
rotation_consistent,test_seen,2316,val:2009_005219:part_45,2009_005219,cat,torso,torso,0.5576632618904114,0.7160254716873169,0.1207156702876091,0.38010579347610474,1.0,1.0,1.0
rotation_consistent,test_seen,2317,val:2009_005219:part_46,2009_005219,cat,neck,neck,0.37483084201812744,0.5452755689620972,0.02841677889227867,0.04069938138127327,1.0,1.0,1.0
rotation_consistent,test_seen,2318,val:2009_005219:part_47,2009_005219,cat,leg,leg,0.31402087211608887,0.4779541492462158,0.19025522470474243,0.07992947101593018,1.0,1.0,1.0
rotation_consistent,test_seen,2319,val:2009_005219:part_48,2009_005219,cat,nose,nose,0.24369747936725616,0.3918918967247009,0.0,0.008962679654359818,1.0,0.9814453125,1.0
rotation_consistent,test_seen,2320,val:2009_005219:part_49,2009_005219,cat,paw,paw,0.0,0.0,0.0,0.02982662431895733,1.0,0.99951171875,1.0
rotation_consistent,test_seen,2321,val:2009_005219:part_50,2009_005219,cat,ear,ear,0.5231571793556213,0.6869379281997681,0.19855357706546783,0.11960035562515259,0.006877899169921875,0.0,6.920099258422852e-05
rotation_consistent,test_seen,2322,val:2009_005220:part_109,2009_005220,train,head,head,0.1884944885969162,0.3171987533569336,0.31064572930336,0.05330929532647133,1.0,1.0,1.0
rotation_consistent,test_seen,2323,val:2009_005220:part_110,2009_005220,train,front,front,0.8801798820495605,0.9362720251083374,0.07510453462600708,0.4711134135723114,1.0,1.0,1.0
rotation_consistent,test_seen,2324,val:2009_005220:part_111,2009_005220,train,side,side,0.789287805557251,0.8822368383407593,0.08143659681081772,0.46304404735565186,1.0,1.0,1.0
rotation_consistent,test_seen,2325,val:2009_005220:part_114,2009_005220,train,coach,coach,0.015906432643532753,0.03131476044654846,0.07981220632791519,0.007125074975192547,1.0,1.0,1.0
rotation_consistent,test_seen,2326,val:2009_005231:part_22,2009_005231,bus,wheel,wheel,0.21052631735801697,0.3478260934352875,0.5370370149612427,0.02053467556834221,1.0,0.9990234375,1.0
rotation_consistent,test_seen,2327,val:2009_005231:part_23,2009_005231,bus,headlight,headlight,0.0,0.0,0.4137931168079376,0.0027121270541101694,0.99951171875,0.493896484375,0.99609375
rotation_consistent,test_seen,2328,val:2009_005231:part_24,2009_005231,bus,front,front,0.09516257047653198,0.17378711700439453,0.23731587827205658,0.061604030430316925,1.0,1.0,1.0
rotation_consistent,test_seen,2329,val:2009_005231:part_25,2009_005231,bus,side,side,0.2323022037744522,0.3770214915275574,0.2598024606704712,0.31073227524757385,1.0,1.0,1.0
rotation_consistent,test_seen,2330,val:2009_005231:part_30,2009_005231,bus,door,door,0.21714285016059875,0.35680750012397766,0.013820335268974304,0.10267338156700134,1.0,0.9990234375,1.0
rotation_consistent,test_seen,2331,val:2009_005231:part_31,2009_005231,bus,window,window,0.404512494802475,0.5760183334350586,0.023931624367833138,0.22200697660446167,1.0,0.935546875,1.0
rotation_consistent,test_seen,2332,val:2009_005302:part_20,2009_005302,bottle,body,body,0.08632543683052063,0.15893107652664185,0.20040485262870789,0.1058284193277359,1.0,1.0,1.0
rotation_consistent,test_seen,2333,val:2009_005302:part_21,2009_005302,bottle,cap,cap,0.0793650820851326,0.14705882966518402,0.8666666746139526,0.0030124427285045385,1.0,0.98876953125,1.0
rotation_consistent,test_seen,2334,val:2010_000038:part_70,2010_000038,horse,tail,tail,0.6614173054695129,0.7962085604667664,0.16378434002399445,0.1089438647031784,1.0,0.89892578125,1.0
rotation_consistent,test_seen,2335,val:2010_000038:part_71,2010_000038,horse,head,head,0.4840579628944397,0.65234375,0.0,0.028306374326348305,1.0,1.0,1.0
rotation_consistent,test_seen,2336,val:2010_000038:part_72,2010_000038,horse,eye,eye,0.0,0.0,0.0,0.002140818163752556,0.008880615234375,0.0,0.00010889768600463867
rotation_consistent,test_seen,2337,val:2010_000038:part_73,2010_000038,horse,torso,torso,0.6914913058280945,0.8176113963127136,0.05294456332921982,0.4794243574142456,1.0,1.0,1.0
rotation_consistent,test_seen,2338,val:2010_000038:part_74,2010_000038,horse,neck,neck,0.7105719447135925,0.8308004140853882,0.08356807380914688,0.10811132192611694,1.0,1.0,1.0
rotation_consistent,test_seen,2339,val:2010_000038:part_75,2010_000038,horse,leg,leg,0.35020479559898376,0.5187432169914246,0.45355671644210815,0.14426736533641815,1.0,1.0,1.0
rotation_consistent,test_seen,2340,val:2010_000038:part_76,2010_000038,horse,ear,ear,0.0,0.0,0.0,0.0032112274784594774,0.006877899169921875,0.0,6.920099258422852e-05
rotation_consistent,test_seen,2341,val:2010_000038:part_77,2010_000038,horse,muzzle,muzzle,0.5680933594703674,0.7245657444000244,0.09574468433856964,0.025570884346961975,1.0,0.99951171875,1.0
rotation_consistent,test_seen,2342,val:2010_000038:part_78,2010_000038,horse,hoof,hoof,0.13623595237731934,0.23980222642421722,0.7203994393348694,0.01284490991383791,1.0,0.998046875,1.0
rotation_consistent,test_seen,2343,val:2010_000038:part_85,2010_000038,person,torso,torso,0.0,0.0,0.18622449040412903,0.005691519472748041,1.0,1.0,1.0
rotation_consistent,test_seen,2344,val:2010_000065:part_6,2010_000065,bicycle,wheel,wheel,0.4875467121601105,0.6555044054985046,0.29893994331359863,0.5794169902801514,1.0,0.9990234375,1.0
rotation_consistent,test_seen,2345,val:2010_000083:part_6,2010_000083,bicycle,wheel,wheel,0.14660830795764923,0.2557252049446106,0.7658959627151489,0.5913621187210083,1.0,0.9990234375,1.0
rotation_consistent,test_seen,2346,val:2010_000083:part_7,2010_000083,bicycle,saddle,saddle,0.0,0.0,0.0,0.023255813866853714,1.0,0.99951171875,1.0
rotation_consistent,test_seen,2347,val:2010_000083:part_8,2010_000083,bicycle,handlebar,handlebar,0.0,0.0,0.0,0.019933555275201797,1.0,1.0,1.0
rotation_consistent,test_seen,2348,val:2010_000083:part_9,2010_000083,bicycle,chainwheel,chainwheel,0.0,0.0,0.0,0.08637873828411102,1.0,0.99462890625,1.0
rotation_consistent,test_seen,2349,val:2010_000084:part_83,2010_000084,person,head,head,0.0,0.0,0.3877550959587097,0.046454768627882004,1.0,1.0,1.0
rotation_consistent,test_seen,2350,val:2010_000084:part_84,2010_000084,person,eye,eye,0.0,0.0,0.0,0.0024449878837913275,0.008880615234375,0.0,0.00010889768600463867
rotation_consistent,test_seen,2351,val:2010_000084:part_85,2010_000084,person,torso,torso,0.18435753881931305,0.3113207519054413,0.2298850566148758,0.18581907451152802,1.0,1.0,1.0
rotation_consistent,test_seen,2352,val:2010_000084:part_89,2010_000084,person,nose,nose,0.0,0.0,0.0,0.004889975767582655,1.0,0.9814453125,1.0
rotation_consistent,test_seen,2353,val:2010_000084:part_91,2010_000084,person,eyebrow,eyebrow,0.0,0.0,0.0,0.0024449878837913275,0.0010118484497070312,0.0,7.152557373046875e-06
rotation_consistent,test_seen,2354,val:2010_000084:part_92,2010_000084,person,mouth,mouth,0.0,0.0,0.0,0.0024449878837913275,1.0,0.998046875,1.0
rotation_consistent,test_seen,2355,val:2010_000084:part_93,2010_000084,person,hair,hair,0.0,0.0,0.957446813583374,0.02200488932430744,1.0,0.958984375,1.0
rotation_consistent,test_seen,2356,val:2010_000084:part_94,2010_000084,person,lower arm,lower arm,0.08620689809322357,0.1587301641702652,0.3658536672592163,0.05378973111510277,1.0,1.0,1.0
rotation_consistent,test_seen,2357,val:2010_000084:part_95,2010_000084,person,upper arm,upper arm,0.07124010473489761,0.13300491869449615,0.21138212084770203,0.09046454727649689,1.0,0.9990234375,1.0
rotation_consistent,test_seen,2358,val:2010_000084:part_96,2010_000084,person,hand,hand,0.0,0.0,0.6440678238868713,0.01955990307033062,1.0,0.99853515625,1.0
rotation_consistent,test_seen,2359,val:2010_000110:part_83,2010_000110,person,head,head,0.0,0.0,0.22535210847854614,0.004548587370663881,1.0,1.0,1.0
rotation_consistent,test_seen,2360,val:2010_000110:part_85,2010_000110,person,torso,torso,0.07371795177459717,0.13731342554092407,0.6724738478660583,0.006616126745939255,1.0,1.0,1.0
rotation_consistent,test_seen,2361,val:2010_000110:part_90,2010_000110,person,ear,ear,0.0,0.0,1.0,0.0002755959867499769,0.006877899169921875,0.0,6.920099258422852e-05
rotation_consistent,test_seen,2362,val:2010_000163:part_42,2010_000163,cat,tail,tail,0.40176472067832947,0.573227047920227,0.2806394398212433,0.05038478225469589,1.0,0.89892578125,1.0
rotation_consistent,test_seen,2363,val:2010_000163:part_43,2010_000163,cat,head,head,0.7225011587142944,0.838897705078125,0.032861705869436264,0.11492667347192764,1.0,1.0,1.0
rotation_consistent,test_seen,2364,val:2010_000163:part_44,2010_000163,cat,eye,eye,0.10658307373523712,0.19263456761837006,0.0,0.007768258918076754,0.008880615234375,0.0,0.00010889768600463867
rotation_consistent,test_seen,2365,val:2010_000163:part_45,2010_000163,cat,torso,torso,0.7105098366737366,0.8307579755783081,0.03789963945746422,0.5029039978981018,1.0,1.0,1.0
rotation_consistent,test_seen,2366,val:2010_000163:part_46,2010_000163,cat,neck,neck,0.4892541170120239,0.657045841217041,0.012237762100994587,0.0439959354698658,1.0,1.0,1.0
rotation_consistent,test_seen,2367,val:2010_000163:part_47,2010_000163,cat,leg,leg,0.5372199416160583,0.6989499926567078,0.06743834912776947,0.17474952340126038,1.0,1.0,1.0
rotation_consistent,test_seen,2368,val:2010_000163:part_48,2010_000163,cat,nose,nose,0.1388888955116272,0.24390244483947754,0.0,0.0025410193484276533,1.0,0.9814453125,1.0
rotation_consistent,test_seen,2369,val:2010_000163:part_49,2010_000163,cat,paw,paw,0.41845765709877014,0.5900177955627441,0.3026755750179291,0.038042690604925156,1.0,0.99951171875,1.0
rotation_consistent,test_seen,2370,val:2010_000163:part_50,2010_000163,cat,ear,ear,0.7422178983688354,0.8520379662513733,0.13748657703399658,0.06243647634983063,0.006877899169921875,0.0,6.920099258422852e-05
rotation_consistent,test_seen,2371,val:2010_000174:part_83,2010_000174,person,head,head,0.0,0.0,0.0,0.03007446974515915,1.0,1.0,1.0
rotation_consistent,test_seen,2372,val:2010_000174:part_85,2010_000174,person,torso,torso,0.6346673965454102,0.7765095233917236,0.0678064301609993,0.24766087532043457,1.0,1.0,1.0
rotation_consistent,test_seen,2373,val:2010_000174:part_87,2010_000174,person,leg,leg,0.45710626244544983,0.6274164915084839,0.19337016344070435,0.03952644765377045,1.0,1.0,1.0
rotation_consistent,test_seen,2374,val:2010_000174:part_89,2010_000174,person,nose,nose,0.0,0.0,0.3263157904148102,0.0019094902090728283,1.0,0.9814453125,1.0
rotation_consistent,test_seen,2375,val:2010_000174:part_90,2010_000174,person,ear,ear,0.0,0.0,0.4761904776096344,0.00420087855309248,0.006877899169921875,0.0,6.920099258422852e-05
rotation_consistent,test_seen,2376,val:2010_000174:part_92,2010_000174,person,mouth,mouth,0.0,0.0,0.0,9.547451190883294e-05,1.0,0.998046875,1.0
rotation_consistent,test_seen,2377,val:2010_000174:part_93,2010_000174,person,hair,hair,0.3191489279270172,0.4838709533214569,0.11764705926179886,0.08315829932689667,1.0,0.958984375,1.0
rotation_consistent,test_seen,2378,val:2010_000174:part_94,2010_000174,person,lower arm,lower arm,0.5100133419036865,0.6755083799362183,0.03624901548027992,0.09480618685483932,1.0,1.0,1.0
rotation_consistent,test_seen,2379,val:2010_000174:part_95,2010_000174,person,upper arm,upper arm,0.4423147737979889,0.6133401393890381,0.13487333059310913,0.11733817309141159,1.0,0.9990234375,1.0
rotation_consistent,test_seen,2380,val:2010_000174:part_96,2010_000174,person,hand,hand,0.6098159551620483,0.7576219439506531,0.26810672879219055,0.050124116241931915,1.0,0.99853515625,1.0
rotation_consistent,test_seen,2381,val:2010_000238:part_0,2010_000238,aeroplane,body,body,0.8380271792411804,0.9118767976760864,0.08997500687837601,0.8651260733604431,1.0,1.0,1.0
rotation_consistent,test_seen,2382,val:2010_000238:part_5,2010_000238,aeroplane,wheel,wheel,0.01621621660888195,0.03191489353775978,0.0,0.02591036446392536,1.0,0.9990234375,1.0
rotation_consistent,test_seen,2383,val:2010_000256:part_20,2010_000256,bottle,body,body,0.0,0.0,0.0,0.9768785834312439,1.0,1.0,1.0
rotation_consistent,test_seen,2384,val:2010_000256:part_21,2010_000256,bottle,cap,cap,0.0,0.0,0.0,0.023121386766433716,1.0,0.98876953125,1.0
rotation_consistent,test_seen,2385,val:2010_000284:part_97,2010_000284,pottedplant,pot,pot,0.05836575850844383,0.11029411852359772,0.671999990940094,0.23404255509376526,1.0,1.0,1.0
rotation_consistent,test_seen,2386,val:2010_000284:part_98,2010_000284,pottedplant,plant,plant,0.12751677632331848,0.2261904776096344,0.7103448510169983,0.4893617033958435,1.0,1.0,1.0
rotation_consistent,test_seen,2387,val:2010_000318:part_115,2010_000318,tvmonitor,screen,screen,0.45679277181625366,0.6271211504936218,0.008430609479546547,0.2755219638347626,1.0,0.99951171875,1.0
rotation_consistent,test_seen,2388,val:2010_000330:part_97,2010_000330,pottedplant,pot,pot,0.8545454740524292,0.9215686321258545,0.0443369597196579,0.2836296856403351,1.0,1.0,1.0
rotation_consistent,test_seen,2389,val:2010_000330:part_98,2010_000330,pottedplant,plant,plant,0.7365968823432922,0.8483222723007202,0.20543184876441956,0.7122623920440674,1.0,1.0,1.0
rotation_consistent,test_seen,2390,val:2010_000342:part_6,2010_000342,bicycle,wheel,wheel,0.0746268630027771,0.1388888955116272,0.6934782862663269,0.6038028597831726,1.0,0.9990234375,1.0
rotation_consistent,test_seen,2391,val:2010_000342:part_7,2010_000342,bicycle,saddle,saddle,0.33818182349205017,0.5054348111152649,0.6509090662002563,0.036088474094867706,1.0,0.99951171875,1.0
rotation_consistent,test_seen,2392,val:2010_000342:part_8,2010_000342,bicycle,handlebar,handlebar,0.19243420660495758,0.32275861501693726,0.7609108090400696,0.07683352380990982,1.0,1.0,1.0
rotation_consistent,test_seen,2393,val:2010_000342:part_9,2010_000342,bicycle,chainwheel,chainwheel,0.3977591097354889,0.5691382884979248,0.3581661880016327,0.05820721760392189,1.0,0.99462890625,1.0
rotation_consistent,test_seen,2394,val:2010_000426:part_20,2010_000426,bottle,body,body,0.9346822500228882,0.9662384986877441,0.0568581223487854,0.9944519400596619,1.0,1.0,1.0
rotation_consistent,test_seen,2395,val:2010_000427:part_51,2010_000427,cow,tail,tail,0.319612592458725,0.48440366983413696,0.5590313076972961,0.0581279881298542,1.0,0.89892578125,1.0
rotation_consistent,test_seen,2396,val:2010_000427:part_52,2010_000427,cow,head,head,0.5270403027534485,0.6902768611907959,0.09270704537630081,0.06715407222509384,1.0,1.0,1.0
rotation_consistent,test_seen,2397,val:2010_000427:part_53,2010_000427,cow,eye,eye,0.09459459781646729,0.17283950746059418,0.0,0.0014441736275330186,0.008880615234375,0.0,0.00010889768600463867
rotation_consistent,test_seen,2398,val:2010_000427:part_54,2010_000427,cow,torso,torso,0.76890629529953,0.8693578243255615,0.1070413663983345,0.6941962242126465,1.0,1.0,1.0
rotation_consistent,test_seen,2399,val:2010_000427:part_56,2010_000427,cow,leg,leg,0.38082191348075867,0.5515872836112976,0.3809976279735565,0.08294972777366638,1.0,1.0,1.0
rotation_consistent,test_seen,2400,val:2010_000427:part_57,2010_000427,cow,ear,ear,0.5395799875259399,0.7009443640708923,0.41029900312423706,0.03168155997991562,0.006877899169921875,0.0,6.920099258422852e-05
rotation_consistent,test_seen,2401,val:2010_000427:part_58,2010_000427,cow,muzzle,muzzle,0.6521739363670349,0.7894737124443054,0.02298850566148758,0.04937268793582916,1.0,0.99951171875,1.0
rotation_consistent,test_seen,2402,val:2010_000552:part_42,2010_000552,cat,tail,tail,0.7887653708457947,0.8819103837013245,0.12015043199062347,0.1781497299671173,1.0,0.89892578125,1.0
rotation_consistent,test_seen,2403,val:2010_000552:part_43,2010_000552,cat,head,head,0.3991807997226715,0.5705921649932861,0.03967808187007904,0.09394057095050812,1.0,1.0,1.0
rotation_consistent,test_seen,2404,val:2010_000552:part_44,2010_000552,cat,eye,eye,0.06818182021379471,0.12765957415103912,0.0,0.0019895334262400866,0.008880615234375,0.0,0.00010889768600463867
rotation_consistent,test_seen,2405,val:2010_000552:part_45,2010_000552,cat,torso,torso,0.3658728003501892,0.5357348322868347,0.06123385578393936,0.24319882690906525,1.0,1.0,1.0
rotation_consistent,test_seen,2406,val:2010_000552:part_46,2010_000552,cat,neck,neck,0.09180651605129242,0.16817359626293182,0.006858710665255785,0.016305522993206978,1.0,1.0,1.0
rotation_consistent,test_seen,2407,val:2010_000552:part_48,2010_000552,cat,nose,nose,0.11304347962141037,0.203125,0.0714285746216774,0.0006920116138644516,1.0,0.9814453125,1.0
rotation_consistent,test_seen,2408,val:2010_000552:part_50,2010_000552,cat,ear,ear,0.38186967372894287,0.5526854991912842,0.056943636387586594,0.031054019927978516,0.006877899169921875,0.0,6.920099258422852e-05
rotation_consistent,test_seen,2409,val:2010_000559:part_83,2010_000559,person,head,head,0.6578947305679321,0.7936508059501648,0.08215297758579254,0.14875145256519318,1.0,1.0,1.0
rotation_consistent,test_seen,2410,val:2010_000559:part_85,2010_000559,person,torso,torso,0.794880747795105,0.8857198357582092,0.05187930166721344,0.41537636518478394,1.0,1.0,1.0
rotation_consistent,test_seen,2411,val:2010_000559:part_86,2010_000559,person,neck,neck,0.770061731338501,0.8700959086418152,0.0018939394503831863,0.05540141463279724,1.0,1.0,1.0
rotation_consistent,test_seen,2412,val:2010_000559:part_89,2010_000559,person,nose,nose,0.26737967133522034,0.4219409227371216,0.08556149899959564,0.004475073888897896,1.0,0.9814453125,1.0
rotation_consistent,test_seen,2413,val:2010_000559:part_90,2010_000559,person,ear,ear,0.4953271150588989,0.6625000238418579,0.0,0.0072496198117733,0.006877899169921875,0.0,6.920099258422852e-05
rotation_consistent,test_seen,2414,val:2010_000559:part_92,2010_000559,person,mouth,mouth,0.2916666567325592,0.4516128897666931,0.0,0.005549091380089521,1.0,0.998046875,1.0
rotation_consistent,test_seen,2415,val:2010_000559:part_93,2010_000559,person,hair,hair,0.26579925417900085,0.41997063159942627,0.04040404036641121,0.04994182288646698,1.0,0.958984375,1.0
rotation_consistent,test_seen,2416,val:2010_000559:part_94,2010_000559,person,lower arm,lower arm,0.2677966058254242,0.4224599003791809,0.23893804848194122,0.016378769651055336,1.0,1.0,1.0
rotation_consistent,test_seen,2417,val:2010_000559:part_95,2010_000559,person,upper arm,upper arm,0.5129327774047852,0.6780641674995422,0.1707080453634262,0.15573257207870483,1.0,0.9990234375,1.0
rotation_consistent,test_seen,2418,val:2010_000572:part_0,2010_000572,aeroplane,body,body,0.5191993713378906,0.6835170984268188,0.19381442666053772,0.46363312005996704,1.0,1.0,1.0
rotation_consistent,test_seen,2419,val:2010_000572:part_1,2010_000572,aeroplane,stern,stern,0.7317448258399963,0.8450954556465149,0.17682403326034546,0.38982445001602173,1.0,1.0,1.0
rotation_consistent,test_seen,2420,val:2010_000572:part_2,2010_000572,aeroplane,wing,wing,0.3533519506454468,0.5221878290176392,0.05150976777076721,0.1454675793647766,0.99853515625,0.00031757354736328125,0.962890625
rotation_consistent,test_seen,2421,val:2010_000573:part_20,2010_000573,bottle,body,body,0.0,0.0,1.0,0.9770992398262024,1.0,1.0,1.0
rotation_consistent,test_seen,2422,val:2010_000573:part_21,2010_000573,bottle,cap,cap,0.0,0.0,0.0,0.022900763899087906,1.0,0.98876953125,1.0
rotation_consistent,test_seen,2423,val:2010_000622:part_0,2010_000622,aeroplane,body,body,0.6569903492927551,0.792992353439331,0.11943794041872025,0.47150012850761414,1.0,1.0,1.0
rotation_consistent,test_seen,2424,val:2010_000622:part_1,2010_000622,aeroplane,stern,stern,0.664230227470398,0.7982432246208191,0.19840899109840393,0.3591700494289398,1.0,1.0,1.0
rotation_consistent,test_seen,2425,val:2010_000622:part_2,2010_000622,aeroplane,wing,wing,0.21261681616306305,0.3506743609905243,0.07009346038103104,0.043405674397945404,0.99853515625,0.00031757354736328125,0.962890625
rotation_consistent,test_seen,2426,val:2010_000622:part_4,2010_000622,aeroplane,engine,engine,0.34609609842300415,0.5142219662666321,0.15530303120613098,0.11280705779790878,1.0,0.99951171875,1.0
rotation_consistent,test_seen,2427,val:2010_000622:part_5,2010_000622,aeroplane,wheel,wheel,0.0,0.0,0.0,0.010493679903447628,1.0,0.9990234375,1.0
rotation_consistent,test_seen,2428,val:2010_000666:part_70,2010_000666,horse,tail,tail,0.28934818506240845,0.4488286077976227,0.6934426426887512,0.04585900157690048,1.0,0.89892578125,1.0
rotation_consistent,test_seen,2429,val:2010_000666:part_71,2010_000666,horse,head,head,0.42105263471603394,0.5925925970077515,0.20398010313510895,0.04380561411380768,1.0,1.0,1.0
rotation_consistent,test_seen,2430,val:2010_000666:part_72,2010_000666,horse,eye,eye,0.0,0.0,0.0,0.0009126169024966657,0.008880615234375,0.0,0.00010889768600463867
rotation_consistent,test_seen,2431,val:2010_000666:part_73,2010_000666,horse,torso,torso,0.5344879031181335,0.6966335773468018,0.17021915316581726,0.41250285506248474,1.0,1.0,1.0
rotation_consistent,test_seen,2432,val:2010_000666:part_74,2010_000666,horse,neck,neck,0.6207864880561829,0.7660312056541443,0.19607843458652496,0.11202372610569,1.0,1.0,1.0
rotation_consistent,test_seen,2433,val:2010_000666:part_75,2010_000666,horse,leg,leg,0.33280062675476074,0.49940046668052673,0.6129166483879089,0.2135523557662964,1.0,1.0,1.0
rotation_consistent,test_seen,2434,val:2010_000666:part_76,2010_000666,horse,ear,ear,0.06818182021379471,0.12765957415103912,0.8082191944122314,0.004791238810867071,0.006877899169921875,0.0,6.920099258422852e-05
rotation_consistent,test_seen,2435,val:2010_000666:part_77,2010_000666,horse,muzzle,muzzle,0.47804877161979675,0.6468647122383118,0.4720812141895294,0.024184348061680794,1.0,0.99951171875,1.0
rotation_consistent,test_seen,2436,val:2010_000666:part_78,2010_000666,horse,hoof,hoof,0.06407322734594345,0.1204301044344902,0.7272727489471436,0.00821355264633894,1.0,0.998046875,1.0
rotation_consistent,test_seen,2437,val:2010_000666:part_85,2010_000666,person,torso,torso,0.0,0.0,0.24011299014091492,0.012224938720464706,1.0,1.0,1.0
rotation_consistent,test_seen,2438,val:2010_000666:part_86,2010_000666,person,neck,neck,0.0,0.0,0.0,0.0036674817092716694,1.0,1.0,1.0
rotation_consistent,test_seen,2439,val:2010_000679:part_83,2010_000679,person,head,head,0.0,0.0,0.0,0.02450980432331562,1.0,1.0,1.0
rotation_consistent,test_seen,2440,val:2010_000679:part_85,2010_000679,person,torso,torso,0.02631578966975212,0.05128205195069313,0.1875,0.30392158031463623,1.0,1.0,1.0
rotation_consistent,test_seen,2441,val:2010_000679:part_87,2010_000679,person,leg,leg,0.0,0.0,0.0,0.10784313827753067,1.0,1.0,1.0
rotation_consistent,test_seen,2442,val:2010_000679:part_88,2010_000679,person,foot,foot,0.0,0.0,0.0,0.014705882407724857,1.0,1.0,1.0
rotation_consistent,test_seen,2443,val:2010_000679:part_90,2010_000679,person,ear,ear,0.0,0.0,0.0,0.0049019609577953815,0.006877899169921875,0.0,6.920099258422852e-05
rotation_consistent,test_seen,2444,val:2010_000679:part_94,2010_000679,person,lower arm,lower arm,0.0,0.0,0.0,0.029411764815449715,1.0,1.0,1.0
rotation_consistent,test_seen,2445,val:2010_000679:part_95,2010_000679,person,upper arm,upper arm,0.0,0.0,0.26923078298568726,0.03921568766236305,1.0,0.9990234375,1.0
rotation_consistent,test_seen,2446,val:2010_000683:part_42,2010_000683,cat,tail,tail,0.4060756266117096,0.577601432800293,0.3117610514163971,0.03019643761217594,1.0,0.89892578125,1.0
rotation_consistent,test_seen,2447,val:2010_000683:part_43,2010_000683,cat,head,head,0.3325900435447693,0.49916332960128784,0.05878186970949173,0.0968935564160347,1.0,1.0,1.0
rotation_consistent,test_seen,2448,val:2010_000683:part_44,2010_000683,cat,eye,eye,0.03414634242653847,0.06603773683309555,0.0,0.0003654636675491929,0.008880615234375,0.0,0.00010889768600463867
rotation_consistent,test_seen,2449,val:2010_000683:part_45,2010_000683,cat,torso,torso,0.17726360261440277,0.30114513635635376,0.051257532089948654,0.08478757739067078,1.0,1.0,1.0
rotation_consistent,test_seen,2450,val:2010_000683:part_46,2010_000683,cat,neck,neck,0.0,0.0,0.07999999821186066,0.0037460026796907187,1.0,1.0,1.0
rotation_consistent,test_seen,2451,val:2010_000683:part_47,2010_000683,cat,leg,leg,0.44880515336990356,0.6195521354675293,0.01995503157377243,0.2169026881456375,1.0,1.0,1.0
rotation_consistent,test_seen,2452,val:2010_000683:part_48,2010_000683,cat,nose,nose,0.1666666716337204,0.2857142984867096,0.03703703731298447,0.0010507081169635057,1.0,0.9814453125,1.0
rotation_consistent,test_seen,2453,val:2010_000683:part_49,2010_000683,cat,paw,paw,0.5161290168762207,0.6808510422706604,0.01840490847826004,0.010872544720768929,1.0,0.99951171875,1.0
rotation_consistent,test_seen,2454,val:2010_000683:part_50,2010_000683,cat,ear,ear,0.24129930138587952,0.3887850344181061,0.1579778790473938,0.030973047018051147,0.006877899169921875,0.0,6.920099258422852e-05
rotation_consistent,test_seen,2455,val:2010_000724:part_42,2010_000724,cat,tail,tail,0.29598307609558105,0.4567699730396271,0.4663677215576172,0.02669864147901535,1.0,0.89892578125,1.0
rotation_consistent,test_seen,2456,val:2010_000724:part_43,2010_000724,cat,head,head,0.6828086972236633,0.8115108013153076,0.02187499962747097,0.18864908814430237,1.0,1.0,1.0
rotation_consistent,test_seen,2457,val:2010_000724:part_44,2010_000724,cat,eye,eye,0.032258063554763794,0.0625,0.0,0.006714628078043461,0.008880615234375,0.0,0.00010889768600463867
rotation_consistent,test_seen,2458,val:2010_000724:part_45,2010_000724,cat,torso,torso,0.7285812497138977,0.84298175573349,0.08711684495210648,0.5159072875976562,1.0,1.0,1.0
rotation_consistent,test_seen,2459,val:2010_000724:part_46,2010_000724,cat,neck,neck,0.40937501192092896,0.5809312462806702,0.0031347961630672216,0.042206235229969025,1.0,1.0,1.0
rotation_consistent,test_seen,2460,val:2010_000724:part_47,2010_000724,cat,leg,leg,0.326415091753006,0.4921763837337494,0.11350148171186447,0.1216626688838005,1.0,1.0,1.0
rotation_consistent,test_seen,2461,val:2010_000724:part_48,2010_000724,cat,nose,nose,0.0,0.0,0.0,0.0006394883967004716,1.0,0.9814453125,1.0
rotation_consistent,test_seen,2462,val:2010_000724:part_49,2010_000724,cat,paw,paw,0.39743590354919434,0.5688073635101318,0.3076923191547394,0.0203037578612566,1.0,0.99951171875,1.0
rotation_consistent,test_seen,2463,val:2010_000724:part_50,2010_000724,cat,ear,ear,0.4948905110359192,0.662109375,0.032689448446035385,0.05611510947346687,0.006877899169921875,0.0,6.920099258422852e-05
rotation_consistent,test_seen,2464,val:2010_000738:part_20,2010_000738,bottle,body,body,0.0,0.0,0.0,0.8285714387893677,1.0,1.0,1.0
rotation_consistent,test_seen,2465,val:2010_000738:part_21,2010_000738,bottle,cap,cap,0.0,0.0,0.0,0.11428571492433548,1.0,0.98876953125,1.0
rotation_consistent,test_seen,2466,val:2010_000764:part_114,2010_000764,train,coach,coach,0.8255400657653809,0.9044337868690491,0.10696111619472504,0.924416720867157,1.0,1.0,1.0
rotation_consistent,test_seen,2467,val:2010_000874:part_71,2010_000874,horse,head,head,0.20987653732299805,0.3469387888908386,0.035060010850429535,0.07305172085762024,1.0,1.0,1.0
rotation_consistent,test_seen,2468,val:2010_000874:part_72,2010_000874,horse,eye,eye,0.0,0.0,0.0,0.001324411015957594,0.008880615234375,0.0,0.00010889768600463867
rotation_consistent,test_seen,2469,val:2010_000874:part_73,2010_000874,horse,torso,torso,0.00014981273852754384,0.0002995805989485234,0.07791339606046677,0.04844556003808975,1.0,1.0,1.0
rotation_consistent,test_seen,2470,val:2010_000874:part_75,2010_000874,horse,leg,leg,0.1678507924079895,0.28745245933532715,0.2820698022842407,0.07702495157718658,1.0,1.0,1.0
rotation_consistent,test_seen,2471,val:2010_000874:part_76,2010_000874,horse,ear,ear,0.1335740089416504,0.23566879332065582,0.11838790774345398,0.010316464118659496,0.006877899169921875,0.0,6.920099258422852e-05
rotation_consistent,test_seen,2472,val:2010_000874:part_77,2010_000874,horse,muzzle,muzzle,0.2765043079853058,0.43322110176086426,0.13301435112953186,0.040638506412506104,1.0,0.99951171875,1.0
rotation_consistent,test_seen,2473,val:2010_000874:part_78,2010_000874,horse,hoof,hoof,0.16190476715564728,0.2786885201931,0.47983869910240173,0.007946466095745564,1.0,0.998046875,1.0
rotation_consistent,test_seen,2474,val:2010_000907:part_52,2010_000907,cow,head,head,0.6903023719787598,0.8167797923088074,0.02545068971812725,0.07517462968826294,1.0,1.0,1.0
rotation_consistent,test_seen,2475,val:2010_000907:part_53,2010_000907,cow,eye,eye,0.012195121496915817,0.024096384644508362,0.0,0.00011087703751400113,0.008880615234375,0.0,0.00010889768600463867
rotation_consistent,test_seen,2476,val:2010_000907:part_54,2010_000907,cow,torso,torso,0.589643120765686,0.7418559789657593,0.037467699497938156,0.4869719445705414,1.0,1.0,1.0
rotation_consistent,test_seen,2477,val:2010_000907:part_56,2010_000907,cow,leg,leg,0.2774133086204529,0.4343360364437103,0.042740415781736374,0.12584543228149414,1.0,1.0,1.0
rotation_consistent,test_seen,2478,val:2010_000907:part_57,2010_000907,cow,ear,ear,0.5497075915336609,0.7094339728355408,0.20351390540599823,0.041800644248723984,0.006877899169921875,0.0,6.920099258422852e-05
rotation_consistent,test_seen,2479,val:2010_000907:part_58,2010_000907,cow,muzzle,muzzle,0.66995769739151,0.8023648858070374,0.0,0.06663709878921509,1.0,0.99951171875,1.0
rotation_consistent,test_seen,2480,val:2010_000929:part_83,2010_000929,person,head,head,0.0,0.0,1.0,0.21052631735801697,1.0,1.0,1.0
rotation_consistent,test_seen,2481,val:2010_000929:part_85,2010_000929,person,torso,torso,0.0,0.0,0.8571428656578064,0.2368421107530594,1.0,1.0,1.0
rotation_consistent,test_seen,2482,val:2010_000929:part_87,2010_000929,person,leg,leg,0.0,0.0,1.0,0.34210526943206787,1.0,1.0,1.0
rotation_consistent,test_seen,2483,val:2010_000929:part_88,2010_000929,person,foot,foot,0.0,0.0,1.0,0.02631578966975212,1.0,1.0,1.0
rotation_consistent,test_seen,2484,val:2010_000929:part_94,2010_000929,person,lower arm,lower arm,0.0,0.0,0.0,0.025641025975346565,1.0,1.0,1.0
rotation_consistent,test_seen,2485,val:2010_000929:part_95,2010_000929,person,upper arm,upper arm,0.0,0.0,0.0,0.18421052396297455,1.0,0.9990234375,1.0
rotation_consistent,test_seen,2486,val:2010_000941:part_43,2010_000941,cat,head,head,0.6739690899848938,0.8052347898483276,0.11554621905088425,0.1036958247423172,1.0,1.0,1.0
rotation_consistent,test_seen,2487,val:2010_000941:part_44,2010_000941,cat,eye,eye,0.16129031777381897,0.2777777910232544,0.0,0.002304351655766368,0.008880615234375,0.0,0.00010889768600463867
rotation_consistent,test_seen,2488,val:2010_000941:part_45,2010_000941,cat,torso,torso,0.8101773262023926,0.8951358795166016,0.04916549474000931,0.7201098799705505,1.0,1.0,1.0
rotation_consistent,test_seen,2489,val:2010_000941:part_46,2010_000941,cat,neck,neck,0.36417657136917114,0.5339141488075256,0.0026631157379597425,0.07586634904146194,1.0,1.0,1.0
rotation_consistent,test_seen,2490,val:2010_000941:part_47,2010_000941,cat,leg,leg,0.16302186250686646,0.28034189343452454,0.07669322937726974,0.014712398871779442,1.0,1.0,1.0
rotation_consistent,test_seen,2491,val:2010_000941:part_48,2010_000941,cat,nose,nose,0.0,0.0,0.0,0.0014180626021698117,1.0,0.9814453125,1.0
rotation_consistent,test_seen,2492,val:2010_000941:part_49,2010_000941,cat,paw,paw,0.27017542719841003,0.4254143536090851,0.3464285731315613,0.007267570588737726,1.0,0.99951171875,1.0
rotation_consistent,test_seen,2493,val:2010_000941:part_50,2010_000941,cat,ear,ear,0.4122137427330017,0.5837838053703308,0.39747634530067444,0.02109368145465851,0.006877899169921875,0.0,6.920099258422852e-05
rotation_consistent,test_seen,2494,val:2010_001000:part_52,2010_001000,cow,head,head,0.6410587430000305,0.7812746167182922,0.07940606772899628,0.15967197716236115,1.0,1.0,1.0
rotation_consistent,test_seen,2495,val:2010_001000:part_53,2010_001000,cow,eye,eye,0.17903929948806763,0.3037036955356598,0.0401785708963871,0.002465562429279089,0.008880615234375,0.0,0.00010889768600463867
rotation_consistent,test_seen,2496,val:2010_001000:part_54,2010_001000,cow,torso,torso,0.8097429275512695,0.8948706984519958,0.04581183195114136,0.5475156903266907,1.0,1.0,1.0
rotation_consistent,test_seen,2497,val:2010_001000:part_55,2010_001000,cow,neck,neck,0.3291228115558624,0.49524813890457153,0.0003855050017591566,0.06399742513895035,1.0,1.0,1.0
rotation_consistent,test_seen,2498,val:2010_001000:part_57,2010_001000,cow,ear,ear,0.725089430809021,0.8406398296356201,0.1922234445810318,0.08307873457670212,0.006877899169921875,0.0,6.920099258422852e-05
rotation_consistent,test_seen,2499,val:2010_001000:part_58,2010_001000,cow,muzzle,muzzle,0.8100798726081848,0.8950763940811157,0.0697242021560669,0.14273463189601898,1.0,0.99951171875,1.0
rotation_consistent,test_seen,2500,val:2010_001010:part_52,2010_001010,cow,head,head,0.4742143452167511,0.6433451771736145,0.01727042905986309,0.18897059559822083,1.0,1.0,1.0
rotation_consistent,test_seen,2501,val:2010_001010:part_53,2010_001010,cow,eye,eye,0.08467742055654526,0.15613383054733276,0.0,0.004705882165580988,0.008880615234375,0.0,0.00010889768600463867
rotation_consistent,test_seen,2502,val:2010_001010:part_54,2010_001010,cow,torso,torso,0.40308308601379395,0.5745676755905151,0.04595828056335449,0.2716176509857178,1.0,1.0,1.0
rotation_consistent,test_seen,2503,val:2010_001010:part_56,2010_001010,cow,leg,leg,0.33546167612075806,0.5023905634880066,0.46202531456947327,0.16750000417232513,1.0,1.0,1.0
rotation_consistent,test_seen,2504,val:2010_001010:part_57,2010_001010,cow,ear,ear,0.443857342004776,0.6148216128349304,0.1434977650642395,0.06235294044017792,0.006877899169921875,0.0,6.920099258422852e-05
rotation_consistent,test_seen,2505,val:2010_001010:part_58,2010_001010,cow,muzzle,muzzle,0.6861213445663452,0.8138457536697388,0.0,0.2398529350757599,1.0,0.99951171875,1.0
rotation_consistent,test_seen,2506,val:2010_001017:part_0,2010_001017,aeroplane,body,body,0.5653266310691833,0.7223113775253296,0.19107143580913544,0.43648019433021545,1.0,1.0,1.0
rotation_consistent,test_seen,2507,val:2010_001017:part_1,2010_001017,aeroplane,stern,stern,0.4332424998283386,0.6045627593994141,0.4563758373260498,0.13286712765693665,1.0,1.0,1.0
rotation_consistent,test_seen,2508,val:2010_001017:part_2,2010_001017,aeroplane,wing,wing,0.2651083171367645,0.41910770535469055,0.5345622301101685,0.28146854043006897,0.99853515625,0.00031757354736328125,0.962890625
rotation_consistent,test_seen,2509,val:2010_001017:part_4,2010_001017,aeroplane,engine,engine,0.20283976197242737,0.3372681140899658,0.32926830649375916,0.10664335638284683,1.0,0.99951171875,1.0
rotation_consistent,test_seen,2510,val:2010_001024:part_0,2010_001024,aeroplane,body,body,0.7871281504631042,0.8808860778808594,0.11461419612169266,0.4555807113647461,1.0,1.0,1.0
rotation_consistent,test_seen,2511,val:2010_001024:part_2,2010_001024,aeroplane,wing,wing,0.3077542185783386,0.47066065669059753,0.26294443011283875,0.16128146648406982,0.99853515625,0.00031757354736328125,0.962890625
rotation_consistent,test_seen,2512,val:2010_001024:part_4,2010_001024,aeroplane,engine,engine,0.6422780752182007,0.7821794152259827,0.27150973677635193,0.21780887246131897,1.0,0.99951171875,1.0
rotation_consistent,test_seen,2513,val:2010_001036:part_83,2010_001036,person,head,head,0.0,0.0,0.0,0.04545454680919647,1.0,1.0,1.0
rotation_consistent,test_seen,2514,val:2010_001036:part_85,2010_001036,person,torso,torso,0.0,0.0,0.2380952388048172,0.16042780876159668,1.0,1.0,1.0
rotation_consistent,test_seen,2515,val:2010_001036:part_87,2010_001036,person,leg,leg,0.0,0.0,0.0,0.1042780727148056,1.0,1.0,1.0
rotation_consistent,test_seen,2516,val:2010_001036:part_94,2010_001036,person,lower arm,lower arm,0.0,0.0,0.0,0.050802137702703476,1.0,1.0,1.0
rotation_consistent,test_seen,2517,val:2010_001036:part_95,2010_001036,person,upper arm,upper arm,0.0,0.0,0.0,0.1042780727148056,1.0,0.9990234375,1.0
rotation_consistent,test_seen,2518,val:2010_001070:part_43,2010_001070,cat,head,head,0.6830015182495117,0.8116469383239746,0.035587187856435776,0.3032185137271881,1.0,1.0,1.0
rotation_consistent,test_seen,2519,val:2010_001070:part_44,2010_001070,cat,eye,eye,0.14406779408454895,0.2518518567085266,0.0,0.018068887293338776,0.008880615234375,0.0,0.00010889768600463867
rotation_consistent,test_seen,2520,val:2010_001070:part_45,2010_001070,cat,torso,torso,0.5882353186607361,0.7407407164573669,0.08782201260328293,0.32580462098121643,1.0,1.0,1.0
rotation_consistent,test_seen,2521,val:2010_001070:part_47,2010_001070,cat,leg,leg,0.4920634925365448,0.6595744490623474,0.29964539408683777,0.21230943500995636,1.0,1.0,1.0
rotation_consistent,test_seen,2522,val:2010_001070:part_48,2010_001070,cat,nose,nose,0.21212121844291687,0.3499999940395355,0.0,0.010163749568164349,1.0,0.9814453125,1.0
rotation_consistent,test_seen,2523,val:2010_001070:part_49,2010_001070,cat,paw,paw,0.05369127541780472,0.10191082954406738,0.7929515242576599,0.049124788492918015,1.0,0.99951171875,1.0
rotation_consistent,test_seen,2524,val:2010_001070:part_50,2010_001070,cat,ear,ear,0.11899790912866592,0.21268656849861145,0.13317756354808807,0.06098249554634094,0.006877899169921875,0.0,6.920099258422852e-05
rotation_consistent,test_seen,2525,val:2010_001104:part_114,2010_001104,train,coach,coach,0.7124872207641602,0.8321080803871155,0.24206773936748505,0.9849690794944763,1.0,1.0,1.0
rotation_consistent,test_seen,2526,val:2010_001149:part_43,2010_001149,cat,head,head,0.0,0.0,0.0,0.09885931760072708,1.0,1.0,1.0
rotation_consistent,test_seen,2527,val:2010_001149:part_44,2010_001149,cat,eye,eye,0.0,0.0,0.0,0.0076045626774430275,0.008880615234375,0.0,0.00010889768600463867
rotation_consistent,test_seen,2528,val:2010_001149:part_45,2010_001149,cat,torso,torso,0.13934426009655,0.24460431933403015,0.0,0.463878333568573,1.0,1.0,1.0
rotation_consistent,test_seen,2529,val:2010_001149:part_46,2010_001149,cat,neck,neck,0.0,0.0,0.0,0.026615969836711884,1.0,1.0,1.0
rotation_consistent,test_seen,2530,val:2010_001149:part_47,2010_001149,cat,leg,leg,0.0,0.0,0.5,0.04182509332895279,1.0,1.0,1.0
rotation_consistent,test_seen,2531,val:2010_001149:part_48,2010_001149,cat,nose,nose,0.0,0.0,0.0,0.0038022813387215137,1.0,0.9814453125,1.0
rotation_consistent,test_seen,2532,val:2010_001149:part_49,2010_001149,cat,paw,paw,0.0,0.0,0.0,0.01901140622794628,1.0,0.99951171875,1.0
rotation_consistent,test_seen,2533,val:2010_001149:part_50,2010_001149,cat,ear,ear,0.0,0.0,0.0,0.022813688963651657,0.006877899169921875,0.0,6.920099258422852e-05
rotation_consistent,test_seen,2534,val:2010_001151:part_83,2010_001151,person,head,head,0.0,0.0,0.0,0.07999999821186066,1.0,1.0,1.0
rotation_consistent,test_seen,2535,val:2010_001151:part_85,2010_001151,person,torso,torso,0.0,0.0,0.0,0.36000001430511475,1.0,1.0,1.0
rotation_consistent,test_seen,2536,val:2010_001151:part_87,2010_001151,person,leg,leg,0.0,0.0,0.0,0.2133333384990692,1.0,1.0,1.0
rotation_consistent,test_seen,2537,val:2010_001151:part_88,2010_001151,person,foot,foot,0.0,0.0,0.0,0.0533333346247673,1.0,1.0,1.0
rotation_consistent,test_seen,2538,val:2010_001151:part_94,2010_001151,person,lower arm,lower arm,0.0,0.0,0.0,0.07999999821186066,1.0,1.0,1.0
rotation_consistent,test_seen,2539,val:2010_001151:part_95,2010_001151,person,upper arm,upper arm,0.0,0.0,0.0,0.06666667014360428,1.0,0.9990234375,1.0
rotation_consistent,test_seen,2540,val:2010_001151:part_109,2010_001151,train,head,head,0.0,0.0,0.21243523061275482,0.0005102040595375001,1.0,1.0,1.0
rotation_consistent,test_seen,2541,val:2010_001174:part_0,2010_001174,aeroplane,body,body,0.4525935649871826,0.6231523752212524,0.11542564630508423,0.44736841320991516,1.0,1.0,1.0
rotation_consistent,test_seen,2542,val:2010_001174:part_1,2010_001174,aeroplane,stern,stern,0.760125994682312,0.8637177348136902,0.1503944844007492,0.2847852408885956,1.0,1.0,1.0
rotation_consistent,test_seen,2543,val:2010_001174:part_2,2010_001174,aeroplane,wing,wing,0.4595237970352173,0.6296900510787964,0.09314180165529251,0.2298850566148758,0.99853515625,0.00031757354736328125,0.962890625
rotation_consistent,test_seen,2544,val:2010_001174:part_5,2010_001174,aeroplane,wheel,wheel,0.15074309706687927,0.2619926333427429,0.36760926246643066,0.023139744997024536,1.0,0.9990234375,1.0
rotation_consistent,test_seen,2545,val:2010_001206:part_22,2010_001206,bus,wheel,wheel,0.32868218421936035,0.49474912881851196,0.0445205494761467,0.029098274186253548,1.0,0.9990234375,1.0
rotation_consistent,test_seen,2546,val:2010_001206:part_23,2010_001206,bus,headlight,headlight,0.17607973515987396,0.299435019493103,0.0533333346247673,0.0057557024993002415,0.99951171875,0.493896484375,0.99609375
rotation_consistent,test_seen,2547,val:2010_001206:part_24,2010_001206,bus,front,front,0.5571680068969727,0.7156170606613159,0.1488986760377884,0.13547217845916748,1.0,1.0,1.0
rotation_consistent,test_seen,2548,val:2010_001206:part_25,2010_001206,bus,side,side,0.6200858950614929,0.7654975652694702,0.1092323288321495,0.41505008935928345,1.0,1.0,1.0
rotation_consistent,test_seen,2549,val:2010_001206:part_31,2010_001206,bus,window,window,0.8520790934562683,0.9201325178146362,0.037542663514614105,0.40034109354019165,1.0,0.935546875,1.0
rotation_consistent,test_seen,2550,val:2010_001246:part_6,2010_001246,bicycle,wheel,wheel,0.19518378376960754,0.32661718130111694,0.6862244606018066,0.3087378740310669,1.0,0.9990234375,1.0
rotation_consistent,test_seen,2551,val:2010_001246:part_7,2010_001246,bicycle,saddle,saddle,0.0,0.0,0.0,0.04660193994641304,1.0,0.99951171875,1.0
rotation_consistent,test_seen,2552,val:2010_001246:part_8,2010_001246,bicycle,handlebar,handlebar,0.0,0.0,0.7152777910232544,0.03106796182692051,1.0,1.0,1.0
rotation_consistent,test_seen,2553,val:2010_001292:part_43,2010_001292,cat,head,head,0.6896695494651794,0.8163365721702576,0.0446019172668457,0.2911859452724457,1.0,1.0,1.0
rotation_consistent,test_seen,2554,val:2010_001292:part_44,2010_001292,cat,eye,eye,0.4833948314189911,0.6517412662506104,0.0,0.009370424784719944,0.008880615234375,0.0,0.00010889768600463867
rotation_consistent,test_seen,2555,val:2010_001292:part_45,2010_001292,cat,torso,torso,0.7001569867134094,0.8236380219459534,0.07848837226629257,0.4999707043170929,1.0,1.0,1.0
rotation_consistent,test_seen,2556,val:2010_001292:part_46,2010_001292,cat,neck,neck,0.34993359446525574,0.5184456706047058,0.004205400589853525,0.09259150922298431,1.0,1.0,1.0
rotation_consistent,test_seen,2557,val:2010_001292:part_48,2010_001292,cat,nose,nose,0.5030674934387207,0.6693877577781677,0.0,0.005563689395785332,1.0,0.9814453125,1.0
rotation_consistent,test_seen,2558,val:2010_001292:part_50,2010_001292,cat,ear,ear,0.6061696410179138,0.7548015117645264,0.25811436772346497,0.06928257644176483,0.006877899169921875,0.0,6.920099258422852e-05
rotation_consistent,test_seen,2559,val:2010_001313:part_83,2010_001313,person,head,head,0.6158192157745361,0.7622377872467041,0.2954545319080353,0.171875,1.0,1.0,1.0
rotation_consistent,test_seen,2560,val:2010_001313:part_85,2010_001313,person,torso,torso,0.3696369528770447,0.5397590398788452,0.2151898741722107,0.27812498807907104,1.0,1.0,1.0
rotation_consistent,test_seen,2561,val:2010_001313:part_87,2010_001313,person,leg,leg,0.3617021143436432,0.53125,0.3571428656578064,0.24062499403953552,1.0,1.0,1.0
rotation_consistent,test_seen,2562,val:2010_001313:part_88,2010_001313,person,foot,foot,0.0,0.0,0.0,0.04374999925494194,1.0,1.0,1.0
rotation_consistent,test_seen,2563,val:2010_001313:part_94,2010_001313,person,lower arm,lower arm,0.017031630501151085,0.03349282220005989,0.5994898080825806,0.04062499850988388,1.0,1.0,1.0
rotation_consistent,test_seen,2564,val:2010_001313:part_95,2010_001313,person,upper arm,upper arm,0.24468085169792175,0.39316239953041077,0.3636363744735718,0.13593749701976776,1.0,0.9990234375,1.0
rotation_consistent,test_seen,2565,val:2010_001313:part_96,2010_001313,person,hand,hand,0.0,0.0,0.8324324488639832,0.04531250149011612,1.0,0.99853515625,1.0
rotation_consistent,test_seen,2566,val:2010_001331:part_43,2010_001331,cat,head,head,0.3942843973636627,0.5655723810195923,0.04735114797949791,0.18607893586158752,1.0,1.0,1.0
rotation_consistent,test_seen,2567,val:2010_001331:part_44,2010_001331,cat,eye,eye,0.21052631735801697,0.3478260934352875,0.07079645991325378,0.005148005206137896,0.008880615234375,0.0,0.00010889768600463867
rotation_consistent,test_seen,2568,val:2010_001331:part_45,2010_001331,cat,torso,torso,0.8445043563842773,0.9156978726387024,0.056515131145715714,0.6906906962394714,1.0,1.0,1.0
rotation_consistent,test_seen,2569,val:2010_001331:part_46,2010_001331,cat,neck,neck,0.14448541402816772,0.25248974561691284,0.0,0.06477906554937363,1.0,1.0,1.0
rotation_consistent,test_seen,2570,val:2010_001331:part_48,2010_001331,cat,nose,nose,0.20481927692890167,0.3400000035762787,0.0,0.0038610037881881,1.0,0.9814453125,1.0
rotation_consistent,test_seen,2571,val:2010_001331:part_50,2010_001331,cat,ear,ear,0.5268199443817139,0.6900878548622131,0.043763674795627594,0.03646503761410713,0.006877899169921875,0.0,6.920099258422852e-05
rotation_consistent,test_seen,2572,val:2010_001351:part_43,2010_001351,cat,head,head,0.6846542954444885,0.8128128051757812,0.07187677919864655,0.19379965960979462,1.0,1.0,1.0
rotation_consistent,test_seen,2573,val:2010_001351:part_44,2010_001351,cat,eye,eye,0.04977375641465187,0.09482758492231369,0.0,0.0017136625247076154,0.008880615234375,0.0,0.00010889768600463867
rotation_consistent,test_seen,2574,val:2010_001351:part_45,2010_001351,cat,torso,torso,0.7207598090171814,0.8377227783203125,0.055979643017053604,0.4368281662464142,1.0,1.0,1.0
rotation_consistent,test_seen,2575,val:2010_001351:part_46,2010_001351,cat,neck,neck,0.379518061876297,0.5502183437347412,0.07710843533277512,0.04907306283712387,1.0,1.0,1.0
rotation_consistent,test_seen,2576,val:2010_001351:part_47,2010_001351,cat,leg,leg,0.48811256885528564,0.6560156345367432,0.012147984467446804,0.19566911458969116,1.0,1.0,1.0
rotation_consistent,test_seen,2577,val:2010_001351:part_48,2010_001351,cat,nose,nose,0.04385964944958687,0.08403361588716507,0.2719298303127289,0.001557875075377524,1.0,0.9814453125,1.0
rotation_consistent,test_seen,2578,val:2010_001351:part_49,2010_001351,cat,paw,paw,0.5228658318519592,0.6866866946220398,0.31985941529273987,0.06698862463235855,1.0,0.99951171875,1.0
rotation_consistent,test_seen,2579,val:2010_001351:part_50,2010_001351,cat,ear,ear,0.5242915153503418,0.687915027141571,0.15742793679237366,0.047047827392816544,0.006877899169921875,0.0,6.920099258422852e-05
rotation_consistent,test_seen,2580,val:2010_001367:part_20,2010_001367,bottle,body,body,0.6415441036224365,0.7816349267959595,0.24130435287952423,0.7974217534065247,1.0,1.0,1.0
rotation_consistent,test_seen,2581,val:2010_001367:part_21,2010_001367,bottle,cap,cap,0.0,0.0,0.029411764815449715,0.20257826149463654,1.0,0.98876953125,1.0
rotation_consistent,test_seen,2582,val:2010_001403:part_22,2010_001403,bus,wheel,wheel,0.5062500238418579,0.6721991896629333,0.061274509876966476,0.015450265258550644,1.0,0.9990234375,1.0
rotation_consistent,test_seen,2583,val:2010_001403:part_25,2010_001403,bus,side,side,0.5579925775527954,0.7162968516349792,0.06682399660348892,0.2217971384525299,1.0,1.0,1.0
rotation_consistent,test_seen,2584,val:2010_001403:part_26,2010_001403,bus,back,back,0.7955607771873474,0.886141836643219,0.06063736602663994,0.5136354565620422,1.0,1.0,1.0
rotation_consistent,test_seen,2585,val:2010_001403:part_28,2010_001403,bus,mirror,mirror,0.0,0.0,0.0,0.000686678453348577,0.013275146484375,0.0,0.00027370452880859375
rotation_consistent,test_seen,2586,val:2010_001403:part_31,2010_001403,bus,window,window,0.7741626501083374,0.8727076649665833,0.050377026200294495,0.2398960143327713,1.0,0.935546875,1.0
rotation_consistent,test_seen,2587,val:2010_001448:part_0,2010_001448,aeroplane,body,body,0.5839830040931702,0.7373601794242859,0.17486535012722015,0.38682276010513306,1.0,1.0,1.0
rotation_consistent,test_seen,2588,val:2010_001448:part_1,2010_001448,aeroplane,stern,stern,0.5750635862350464,0.73021000623703,0.4180119037628174,0.15610651671886444,1.0,1.0,1.0
rotation_consistent,test_seen,2589,val:2010_001448:part_2,2010_001448,aeroplane,wing,wing,0.4943494498729706,0.6616249680519104,0.26747897267341614,0.39256197214126587,0.99853515625,0.00031757354736328125,0.962890625
rotation_consistent,test_seen,2590,val:2010_001448:part_4,2010_001448,aeroplane,engine,engine,0.3115941882133484,0.4751381278038025,0.5769829154014587,0.06014692410826683,1.0,0.99951171875,1.0
rotation_consistent,test_seen,2591,val:2010_001451:part_71,2010_001451,horse,head,head,0.6566063165664673,0.7927125692367554,0.0390862412750721,0.37026238441467285,1.0,1.0,1.0
rotation_consistent,test_seen,2592,val:2010_001451:part_72,2010_001451,horse,eye,eye,0.6523297429084778,0.7895878553390503,0.0,0.010180184617638588,0.008880615234375,0.0,0.00010889768600463867
rotation_consistent,test_seen,2593,val:2010_001451:part_73,2010_001451,horse,torso,torso,0.06582705676555634,0.12352295964956284,0.09411611407995224,0.025187592953443527,1.0,1.0,1.0
rotation_consistent,test_seen,2594,val:2010_001451:part_74,2010_001451,horse,neck,neck,0.5609166622161865,0.7187016010284424,0.08226658403873444,0.29947903752326965,1.0,1.0,1.0
rotation_consistent,test_seen,2595,val:2010_001451:part_76,2010_001451,horse,ear,ear,0.7192224860191345,0.8366833925247192,0.0,0.03302585706114769,0.006877899169921875,0.0,6.920099258422852e-05
rotation_consistent,test_seen,2596,val:2010_001451:part_77,2010_001451,horse,muzzle,muzzle,0.7460365295410156,0.8545485734939575,0.13459326326847076,0.26186493039131165,1.0,0.99951171875,1.0
rotation_consistent,test_seen,2597,val:2010_001534:part_43,2010_001534,cat,head,head,0.6471033692359924,0.7857471108436584,0.14994320273399353,0.11834360659122467,1.0,1.0,1.0
rotation_consistent,test_seen,2598,val:2010_001534:part_44,2010_001534,cat,eye,eye,0.0,0.0,0.0,0.002077418379485607,0.008880615234375,0.0,0.00010889768600463867
rotation_consistent,test_seen,2599,val:2010_001534:part_45,2010_001534,cat,torso,torso,0.8289573788642883,0.9064807891845703,0.08893820643424988,0.6888719797134399,1.0,1.0,1.0
rotation_consistent,test_seen,2600,val:2010_001534:part_46,2010_001534,cat,neck,neck,0.2669421434402466,0.4213959574699402,0.16430358588695526,0.02312859147787094,1.0,1.0,1.0
rotation_consistent,test_seen,2601,val:2010_001534:part_47,2010_001534,cat,leg,leg,0.4046896696090698,0.5761979818344116,0.15710653364658356,0.1075410321354866,1.0,1.0,1.0
rotation_consistent,test_seen,2602,val:2010_001534:part_48,2010_001534,cat,nose,nose,0.09859155118465424,0.1794871836900711,0.6760563254356384,0.0004847309610340744,1.0,0.9814453125,1.0
rotation_consistent,test_seen,2603,val:2010_001534:part_49,2010_001534,cat,paw,paw,0.2386554628610611,0.385345995426178,0.2552742660045624,0.018212035298347473,1.0,0.99951171875,1.0
rotation_consistent,test_seen,2604,val:2010_001534:part_50,2010_001534,cat,ear,ear,0.5754386186599731,0.730512261390686,0.14268292486667633,0.036493316292762756,0.006877899169921875,0.0,6.920099258422852e-05
rotation_consistent,test_seen,2605,val:2010_001579:part_83,2010_001579,person,head,head,0.2596703767776489,0.4122830331325531,0.052149683237075806,0.08805885165929794,1.0,1.0,1.0
rotation_consistent,test_seen,2606,val:2010_001579:part_85,2010_001579,person,torso,torso,0.5359394550323486,0.69786536693573,0.024424733594059944,0.31431224942207336,1.0,1.0,1.0
rotation_consistent,test_seen,2607,val:2010_001579:part_86,2010_001579,person,neck,neck,0.3598819971084595,0.5292841792106628,0.05268389731645584,0.026924725621938705,1.0,1.0,1.0
rotation_consistent,test_seen,2608,val:2010_001579:part_89,2010_001579,person,nose,nose,0.19583334028720856,0.32752612233161926,0.0,0.005142122507095337,1.0,0.9814453125,1.0
rotation_consistent,test_seen,2609,val:2010_001579:part_90,2010_001579,person,ear,ear,0.0,0.0,0.5,0.002499643014743924,0.006877899169921875,0.0,6.920099258422852e-05
rotation_consistent,test_seen,2610,val:2010_001579:part_91,2010_001579,person,eyebrow,eyebrow,0.0,0.0,0.0,0.00014283673954196274,0.0010118484497070312,0.0,7.152557373046875e-06
rotation_consistent,test_seen,2611,val:2010_001579:part_92,2010_001579,person,mouth,mouth,0.11538461595773697,0.2068965584039688,0.0,0.0036423366982489824,1.0,0.998046875,1.0
rotation_consistent,test_seen,2612,val:2010_001579:part_93,2010_001579,person,hair,hair,0.2660910487174988,0.4203347861766815,0.15811258554458618,0.02892443910241127,1.0,0.958984375,1.0
rotation_consistent,test_seen,2613,val:2010_001646:part_22,2010_001646,bus,wheel,wheel,0.09036144614219666,0.16574585437774658,0.0,0.008713516406714916,1.0,0.9990234375,1.0
rotation_consistent,test_seen,2614,val:2010_001646:part_23,2010_001646,bus,headlight,headlight,0.0989304780960083,0.18004865944385529,0.07563025504350662,0.003825446357950568,0.99951171875,0.493896484375,0.99609375
rotation_consistent,test_seen,2615,val:2010_001646:part_24,2010_001646,bus,front,front,0.36335045099258423,0.5330257415771484,0.09956710040569305,0.17434117197990417,1.0,1.0,1.0
rotation_consistent,test_seen,2616,val:2010_001646:part_25,2010_001646,bus,side,side,0.5084096193313599,0.6741002202033997,0.092632956802845,0.1768914759159088,1.0,1.0,1.0
rotation_consistent,test_seen,2617,val:2010_001646:part_28,2010_001646,bus,mirror,mirror,0.0,0.0,0.0,0.00028336638933978975,0.013275146484375,0.0,0.00027370452880859375
rotation_consistent,test_seen,2618,val:2010_001646:part_29,2010_001646,bus,license plate,license plate,0.0,0.0,0.0,0.00014168319466989487,1.0,1.0,1.0
rotation_consistent,test_seen,2619,val:2010_001646:part_31,2010_001646,bus,window,window,0.3212059438228607,0.4862314462661743,0.07055599987506866,0.20529894530773163,1.0,0.935546875,1.0
rotation_consistent,test_seen,2620,val:2010_001656:part_43,2010_001656,cat,head,head,0.45210370421409607,0.6226879358291626,0.10279503464698792,0.22262132167816162,1.0,1.0,1.0
rotation_consistent,test_seen,2621,val:2010_001656:part_45,2010_001656,cat,torso,torso,0.6179208159446716,0.7638455629348755,0.07957110553979874,0.4254489839076996,1.0,1.0,1.0
rotation_consistent,test_seen,2622,val:2010_001656:part_46,2010_001656,cat,neck,neck,0.5130350589752197,0.6781535744667053,0.08490254729986191,0.12793274223804474,1.0,1.0,1.0
rotation_consistent,test_seen,2623,val:2010_001656:part_47,2010_001656,cat,leg,leg,0.6393648386001587,0.7800152897834778,0.0502283088862896,0.14917844533920288,1.0,1.0,1.0
rotation_consistent,test_seen,2624,val:2010_001656:part_50,2010_001656,cat,ear,ear,0.39222413301467896,0.5634496808052063,0.09757506102323532,0.05372564122080803,0.006877899169921875,0.0,6.920099258422852e-05
rotation_consistent,test_seen,2625,val:2010_001692:part_52,2010_001692,cow,head,head,0.6492986083030701,0.7873632907867432,0.15117581188678741,0.09314695745706558,1.0,1.0,1.0
rotation_consistent,test_seen,2626,val:2010_001692:part_53,2010_001692,cow,eye,eye,0.0,0.0,0.0,0.002102919388562441,0.008880615234375,0.0,0.00010889768600463867
rotation_consistent,test_seen,2627,val:2010_001692:part_54,2010_001692,cow,torso,torso,0.8840377926826477,0.9384501576423645,0.09787698835134506,0.7128896713256836,1.0,1.0,1.0
rotation_consistent,test_seen,2628,val:2010_001692:part_56,2010_001692,cow,leg,leg,0.36499321460723877,0.5347912311553955,0.38363364338874817,0.08411677181720734,1.0,1.0,1.0
rotation_consistent,test_seen,2629,val:2010_001692:part_57,2010_001692,cow,ear,ear,0.21381579339504242,0.35230353474617004,0.31147539615631104,0.015462642535567284,0.006877899169921875,0.0,6.920099258422852e-05
rotation_consistent,test_seen,2630,val:2010_001692:part_58,2010_001692,cow,muzzle,muzzle,0.6846473217010498,0.8128078579902649,0.20964360237121582,0.08287975937128067,1.0,0.99951171875,1.0
rotation_consistent,test_seen,2631,val:2010_001692:part_83,2010_001692,person,head,head,0.0,0.0,0.24007220566272736,0.000656922347843647,1.0,1.0,1.0
rotation_consistent,test_seen,2632,val:2010_001692:part_85,2010_001692,person,torso,torso,0.0,0.0,0.12369172275066376,0.0004926917608827353,1.0,1.0,1.0
rotation_consistent,test_seen,2633,val:2010_001692:part_90,2010_001692,person,ear,ear,0.006896551698446274,0.013698630034923553,0.8641114830970764,0.0008204791811294854,0.006877899169921875,0.0,6.920099258422852e-05
rotation_consistent,test_seen,2634,val:2010_001699:part_98,2010_001699,pottedplant,plant,plant,0.0,0.0,0.5769922137260437,0.09014084190130234,1.0,1.0,1.0
rotation_consistent,test_seen,2635,val:2010_001734:part_109,2010_001734,train,head,head,0.01923076994717121,0.03773584961891174,0.4358024597167969,0.01738334819674492,1.0,1.0,1.0
rotation_consistent,test_seen,2636,val:2010_001734:part_110,2010_001734,train,front,front,0.5793901085853577,0.7336884140968323,0.12750263512134552,0.505946934223175,1.0,1.0,1.0
rotation_consistent,test_seen,2637,val:2010_001734:part_111,2010_001734,train,side,side,0.5394431352615356,0.7008289098739624,0.1718362271785736,0.4766697287559509,1.0,1.0,1.0
rotation_consistent,test_seen,2638,val:2010_001752:part_115,2010_001752,tvmonitor,screen,screen,0.8570896983146667,0.9230461120605469,0.0,0.3565712571144104,1.0,0.99951171875,1.0
rotation_consistent,test_seen,2639,val:2010_001773:part_97,2010_001773,pottedplant,pot,pot,0.3162323534488678,0.48051145672798157,0.08179419487714767,0.18960970640182495,1.0,1.0,1.0
rotation_consistent,test_seen,2640,val:2010_001773:part_98,2010_001773,pottedplant,plant,plant,0.0021270939614623785,0.004245157819241285,0.3433559536933899,0.08913502097129822,1.0,1.0,1.0
rotation_consistent,test_seen,2641,val:2010_001830:part_20,2010_001830,bottle,body,body,0.8456242680549622,0.9163558483123779,0.09139785170555115,0.9199917912483215,1.0,1.0,1.0
rotation_consistent,test_seen,2642,val:2010_001830:part_21,2010_001830,bottle,cap,cap,0.49814125895500183,0.6650124192237854,0.3283582031726837,0.027695147320628166,1.0,0.98876953125,1.0
rotation_consistent,test_seen,2643,val:2010_001851:part_97,2010_001851,pottedplant,pot,pot,0.0,0.0,0.565517246723175,0.06310013681650162,1.0,1.0,1.0
rotation_consistent,test_seen,2644,val:2010_001851:part_98,2010_001851,pottedplant,plant,plant,0.0,0.0,0.4724409580230713,0.08230452984571457,1.0,1.0,1.0
rotation_consistent,test_seen,2645,val:2010_001913:part_42,2010_001913,cat,tail,tail,0.25806450843811035,0.41025641560554504,0.0714285746216774,0.010012014769017696,1.0,0.89892578125,1.0
rotation_consistent,test_seen,2646,val:2010_001913:part_43,2010_001913,cat,head,head,0.48695650696754456,0.6549707651138306,0.227424755692482,0.08570284396409988,1.0,1.0,1.0
rotation_consistent,test_seen,2647,val:2010_001913:part_44,2010_001913,cat,eye,eye,0.0,0.0,0.0,0.0008009611628949642,0.008880615234375,0.0,0.00010889768600463867
rotation_consistent,test_seen,2648,val:2010_001913:part_45,2010_001913,cat,torso,torso,0.7045137286186218,0.8266448378562927,0.17840375006198883,0.613936722278595,1.0,1.0,1.0
rotation_consistent,test_seen,2649,val:2010_001913:part_47,2010_001913,cat,leg,leg,0.13520750403404236,0.23820754885673523,0.024161074310541153,0.04124949872493744,1.0,1.0,1.0
rotation_consistent,test_seen,2650,val:2010_001913:part_48,2010_001913,cat,nose,nose,0.0,0.0,0.0,0.0012000000569969416,1.0,0.9814453125,1.0
rotation_consistent,test_seen,2651,val:2010_001913:part_49,2010_001913,cat,paw,paw,0.2083333283662796,0.3448275923728943,0.03030303120613098,0.010012014769017696,1.0,0.99951171875,1.0
rotation_consistent,test_seen,2652,val:2010_001913:part_50,2010_001913,cat,ear,ear,0.11538461595773697,0.2068965584039688,0.6043956279754639,0.008410092443227768,0.006877899169921875,0.0,6.920099258422852e-05
rotation_consistent,test_seen,2653,val:2010_001951:part_108,2010_001951,train,headlight,headlight,0.0,0.0,0.0,0.002052334602922201,0.99951171875,0.493896484375,0.99609375
rotation_consistent,test_seen,2654,val:2010_001951:part_109,2010_001951,train,head,head,0.018220793455839157,0.035789474844932556,0.36077481508255005,0.01590559259057045,1.0,1.0,1.0
rotation_consistent,test_seen,2655,val:2010_001951:part_110,2010_001951,train,front,front,0.8555614352226257,0.9221590757369995,0.049761779606342316,0.4184196889400482,1.0,1.0,1.0
rotation_consistent,test_seen,2656,val:2010_001951:part_111,2010_001951,train,side,side,0.8463023900985718,0.9167538285255432,0.11143354326486588,0.563494086265564,1.0,1.0,1.0
rotation_consistent,test_seen,2657,val:2010_002017:part_20,2010_002017,bottle,body,body,0.6990445852279663,0.8228678703308105,0.2576013505458832,0.9783728122711182,1.0,1.0,1.0
rotation_consistent,test_seen,2658,val:2010_002017:part_21,2010_002017,bottle,cap,cap,0.0,0.0,0.04938271641731262,0.01853759028017521,1.0,0.98876953125,1.0
rotation_consistent,test_seen,2659,val:2010_002025:part_42,2010_002025,cat,tail,tail,0.2736285626888275,0.4296834468841553,0.162859246134758,0.03776835277676582,1.0,0.89892578125,1.0
rotation_consistent,test_seen,2660,val:2010_002025:part_43,2010_002025,cat,head,head,0.3592776954174042,0.5286303162574768,0.030058177188038826,0.08428306132555008,1.0,1.0,1.0
rotation_consistent,test_seen,2661,val:2010_002025:part_44,2010_002025,cat,eye,eye,0.09240923821926117,0.16918429732322693,0.0,0.003975616302341223,0.008880615234375,0.0,0.00010889768600463867
rotation_consistent,test_seen,2662,val:2010_002025:part_45,2010_002025,cat,torso,torso,0.19117936491966248,0.32099172472953796,0.03798231482505798,0.14232705533504486,1.0,1.0,1.0
rotation_consistent,test_seen,2663,val:2010_002025:part_47,2010_002025,cat,leg,leg,0.05510534718632698,0.10445468872785568,0.019350379705429077,0.023919956758618355,1.0,1.0,1.0
rotation_consistent,test_seen,2664,val:2010_002025:part_48,2010_002025,cat,nose,nose,0.021897809579968452,0.04285714402794838,0.0,0.0007288630004040897,1.0,0.9814453125,1.0
rotation_consistent,test_seen,2665,val:2010_002025:part_49,2010_002025,cat,paw,paw,0.15163607895374298,0.2633402645587921,0.1368948221206665,0.016233766451478004,1.0,0.99951171875,1.0
rotation_consistent,test_seen,2666,val:2010_002025:part_50,2010_002025,cat,ear,ear,0.2571116089820862,0.4090513586997986,0.17314095795154572,0.016432547941803932,0.006877899169921875,0.0,6.920099258422852e-05
rotation_consistent,test_seen,2667,val:2010_002030:part_6,2010_002030,bicycle,wheel,wheel,0.1783079206943512,0.3026508092880249,0.7521498799324036,0.525145411491394,1.0,0.9990234375,1.0
rotation_consistent,test_seen,2668,val:2010_002030:part_7,2010_002030,bicycle,saddle,saddle,0.36469072103500366,0.5344665050506592,0.6000000238418579,0.10229216516017914,1.0,0.99951171875,1.0
rotation_consistent,test_seen,2669,val:2010_002030:part_8,2010_002030,bicycle,handlebar,handlebar,0.16031746566295624,0.2763337790966034,0.5537525415420532,0.08142319321632385,1.0,1.0,1.0
rotation_consistent,test_seen,2670,val:2010_002030:part_9,2010_002030,bicycle,chainwheel,chainwheel,0.25702810287475586,0.4089456796646118,0.6502732038497925,0.044474855065345764,1.0,0.99462890625,1.0
rotation_consistent,test_seen,2671,val:2010_002137:part_43,2010_002137,cat,head,head,0.5285359621047974,0.6915584206581116,0.19543147087097168,0.15755854547023773,1.0,1.0,1.0
rotation_consistent,test_seen,2672,val:2010_002137:part_44,2010_002137,cat,eye,eye,0.0,0.0,1.0,0.007806955371052027,0.008880615234375,0.0,0.00010889768600463867
rotation_consistent,test_seen,2673,val:2010_002137:part_45,2010_002137,cat,torso,torso,0.7675940990447998,0.8685185313224792,0.1433447152376175,0.7012065052986145,1.0,1.0,1.0
rotation_consistent,test_seen,2674,val:2010_002137:part_47,2010_002137,cat,leg,leg,0.08246346563100815,0.15236258506774902,0.1367432177066803,0.05606813356280327,1.0,1.0,1.0
rotation_consistent,test_seen,2675,val:2010_002137:part_48,2010_002137,cat,nose,nose,0.0,0.0,0.0,0.0014194464311003685,1.0,0.9814453125,1.0
rotation_consistent,test_seen,2676,val:2010_002137:part_49,2010_002137,cat,paw,paw,0.0,0.0,0.9090909361839294,0.021291695535182953,1.0,0.99951171875,1.0
rotation_consistent,test_seen,2677,val:2010_002137:part_50,2010_002137,cat,ear,ear,0.14227642118930817,0.24911032617092133,0.5151515007019043,0.03548616170883179,0.006877899169921875,0.0,6.920099258422852e-05
rotation_consistent,test_seen,2678,val:2010_002146:part_42,2010_002146,cat,tail,tail,0.2421652376651764,0.3899082541465759,0.6311787366867065,0.03154631704092026,1.0,0.89892578125,1.0
rotation_consistent,test_seen,2679,val:2010_002146:part_43,2010_002146,cat,head,head,0.7366694211959839,0.8483703136444092,0.04477611929178238,0.16611962020397186,1.0,1.0,1.0
rotation_consistent,test_seen,2680,val:2010_002146:part_44,2010_002146,cat,eye,eye,0.13745704293251038,0.24169184267520905,0.0,0.010393872857093811,0.008880615234375,0.0,0.00010889768600463867
rotation_consistent,test_seen,2681,val:2010_002146:part_45,2010_002146,cat,torso,torso,0.7351351380348206,0.8473520278930664,0.06213643401861191,0.5395696759223938,1.0,1.0,1.0
rotation_consistent,test_seen,2682,val:2010_002146:part_47,2010_002146,cat,leg,leg,0.28034839034080505,0.43792515993118286,0.12459651380777359,0.14642596244812012,1.0,1.0,1.0
rotation_consistent,test_seen,2683,val:2010_002146:part_48,2010_002146,cat,nose,nose,0.0,0.0,0.0,0.001823486527428031,1.0,0.9814453125,1.0
rotation_consistent,test_seen,2684,val:2010_002146:part_49,2010_002146,cat,paw,paw,0.26847290992736816,0.42330098152160645,0.4647058844566345,0.03191101551055908,1.0,0.99951171875,1.0
rotation_consistent,test_seen,2685,val:2010_002146:part_50,2010_002146,cat,ear,ear,0.43074002861976624,0.6021220088005066,0.34455445408821106,0.045404814183712006,0.006877899169921875,0.0,6.920099258422852e-05
rotation_consistent,test_seen,2686,val:2010_002147:part_0,2010_002147,aeroplane,body,body,0.6460257172584534,0.7849521636962891,0.13536876440048218,0.4692436158657074,1.0,1.0,1.0
rotation_consistent,test_seen,2687,val:2010_002147:part_1,2010_002147,aeroplane,stern,stern,0.6856247186660767,0.8134962916374207,0.24977251887321472,0.20110440254211426,1.0,1.0,1.0
rotation_consistent,test_seen,2688,val:2010_002147:part_2,2010_002147,aeroplane,wing,wing,0.3512440323829651,0.5198824405670166,0.19832250475883484,0.1809425950050354,0.99853515625,0.00031757354736328125,0.962890625
rotation_consistent,test_seen,2689,val:2010_002147:part_4,2010_002147,aeroplane,engine,engine,0.46603259444236755,0.6357738375663757,0.17416666448116302,0.1230255588889122,1.0,0.99951171875,1.0
rotation_consistent,test_seen,2690,val:2010_002147:part_5,2010_002147,aeroplane,wheel,wheel,0.14646464586257935,0.25550660490989685,0.3709677457809448,0.005265185609459877,1.0,0.9990234375,1.0
rotation_consistent,test_seen,2691,val:2010_002161:part_73,2010_002161,horse,torso,torso,0.0,0.0,0.05423839017748833,0.00015076134877745062,1.0,1.0,1.0
rotation_consistent,test_seen,2692,val:2010_002161:part_75,2010_002161,horse,leg,leg,0.0,0.0,0.14684592187404633,0.00022614201589021832,1.0,1.0,1.0
rotation_consistent,test_seen,2693,val:2010_002161:part_83,2010_002161,person,head,head,0.32621949911117554,0.4919540286064148,0.0,0.05661274865269661,1.0,1.0,1.0
rotation_consistent,test_seen,2694,val:2010_002161:part_84,2010_002161,person,eye,eye,0.0,0.0,1.0,0.0016650808975100517,0.008880615234375,0.0,0.00010889768600463867
rotation_consistent,test_seen,2695,val:2010_002161:part_85,2010_002161,person,torso,torso,0.5715036988258362,0.7273335456848145,0.08558300137519836,0.29686012864112854,1.0,1.0,1.0
rotation_consistent,test_seen,2696,val:2010_002161:part_86,2010_002161,person,neck,neck,0.12561576068401337,0.22319474816322327,0.0,0.012369172647595406,1.0,1.0,1.0
rotation_consistent,test_seen,2697,val:2010_002161:part_87,2010_002161,person,leg,leg,0.6672555804252625,0.8004238605499268,0.21078093349933624,0.3292102813720703,1.0,1.0,1.0
rotation_consistent,test_seen,2698,val:2010_002161:part_89,2010_002161,person,nose,nose,0.0357142873108387,0.06896551698446274,0.0,0.005708848591893911,1.0,0.9814453125,1.0
rotation_consistent,test_seen,2699,val:2010_002161:part_91,2010_002161,person,eyebrow,eyebrow,0.0,0.0,0.0,0.0007136060739867389,0.0010118484497070312,0.0,7.152557373046875e-06
rotation_consistent,test_seen,2700,val:2010_002161:part_92,2010_002161,person,mouth,mouth,0.0,0.0,0.0,0.007136060856282711,1.0,0.998046875,1.0
rotation_consistent,test_seen,2701,val:2010_002161:part_93,2010_002161,person,hair,hair,0.22847682237625122,0.3719676434993744,0.2631579041481018,0.12012369185686111,1.0,0.958984375,1.0
rotation_consistent,test_seen,2702,val:2010_002161:part_94,2010_002161,person,lower arm,lower arm,0.31010451912879944,0.47340425848960876,0.11304347962141037,0.06208372861146927,1.0,1.0,1.0
rotation_consistent,test_seen,2703,val:2010_002161:part_95,2010_002161,person,upper arm,upper arm,0.2529989182949066,0.403829425573349,0.17954544723033905,0.06398668140172958,1.0,0.9990234375,1.0
rotation_consistent,test_seen,2704,val:2010_002161:part_96,2010_002161,person,hand,hand,0.11409395933151245,0.20481927692890167,0.7766990065574646,0.014985728077590466,1.0,0.99853515625,1.0
rotation_consistent,test_seen,2705,val:2010_002200:part_0,2010_002200,aeroplane,body,body,0.5857142806053162,0.7387387156486511,0.1660798192024231,0.46044713258743286,1.0,1.0,1.0
rotation_consistent,test_seen,2706,val:2010_002200:part_1,2010_002200,aeroplane,stern,stern,0.6397338509559631,0.7802898287773132,0.261165052652359,0.2987962067127228,1.0,1.0,1.0
rotation_consistent,test_seen,2707,val:2010_002200:part_2,2010_002200,aeroplane,wing,wing,0.15404699742794037,0.26696833968162537,0.011749347671866417,0.0507308691740036,0.99853515625,0.00031757354736328125,0.962890625
rotation_consistent,test_seen,2708,val:2010_002200:part_4,2010_002200,aeroplane,engine,engine,0.5076252818107605,0.6734104156494141,0.028235293924808502,0.11478933691978455,1.0,0.99951171875,1.0
rotation_consistent,test_seen,2709,val:2010_002200:part_5,2010_002200,aeroplane,wheel,wheel,0.0,0.0,0.27272728085517883,0.0025795355904847383,1.0,0.9990234375,1.0
rotation_consistent,test_seen,2710,val:2010_002251:part_83,2010_002251,person,head,head,0.6666666865348816,0.800000011920929,0.1915966421365738,0.13983629643917084,1.0,1.0,1.0
rotation_consistent,test_seen,2711,val:2010_002251:part_85,2010_002251,person,torso,torso,0.34715524315834045,0.5153900980949402,0.1422172486782074,0.1718963235616684,1.0,1.0,1.0
rotation_consistent,test_seen,2712,val:2010_002251:part_87,2010_002251,person,leg,leg,0.5882353186607361,0.7407407164573669,0.2472698837518692,0.31787174940109253,1.0,1.0,1.0
rotation_consistent,test_seen,2713,val:2010_002251:part_88,2010_002251,person,foot,foot,0.20853079855442047,0.3450980484485626,0.2068965584039688,0.06718963384628296,1.0,1.0,1.0
rotation_consistent,test_seen,2714,val:2010_002251:part_94,2010_002251,person,lower arm,lower arm,0.4495614171028137,0.6202723383903503,0.38716813921928406,0.07128240168094635,1.0,1.0,1.0
rotation_consistent,test_seen,2715,val:2010_002251:part_95,2010_002251,person,upper arm,upper arm,0.6080207228660583,0.7562349438667297,0.1302325576543808,0.20395635068416595,1.0,0.9990234375,1.0
rotation_consistent,test_seen,2716,val:2010_002251:part_96,2010_002251,person,hand,hand,0.07665505260229111,0.14239482581615448,0.7306122183799744,0.021828103810548782,1.0,0.99853515625,1.0
rotation_consistent,test_seen,2717,val:2010_002305:part_43,2010_002305,cat,head,head,0.3463917672634125,0.5145482420921326,0.011558218859136105,0.11199517548084259,1.0,1.0,1.0
rotation_consistent,test_seen,2718,val:2010_002305:part_45,2010_002305,cat,torso,torso,0.6424542665481567,0.7823100686073303,0.07554462552070618,0.4723327159881592,1.0,1.0,1.0
rotation_consistent,test_seen,2719,val:2010_002305:part_46,2010_002305,cat,neck,neck,0.417654812335968,0.589219331741333,0.01578192226588726,0.04569017514586449,1.0,1.0,1.0
rotation_consistent,test_seen,2720,val:2010_002305:part_47,2010_002305,cat,leg,leg,0.3929655849933624,0.5642143487930298,0.0245454553514719,0.26582279801368713,1.0,1.0,1.0
rotation_consistent,test_seen,2721,val:2010_002305:part_49,2010_002305,cat,paw,paw,0.39222222566604614,0.5634477138519287,0.021372327581048012,0.043881855905056,1.0,0.99951171875,1.0
rotation_consistent,test_seen,2722,val:2010_002305:part_50,2010_002305,cat,ear,ear,0.04139072820544243,0.0794912576675415,0.04414261505007744,0.00482218200340867,0.006877899169921875,0.0,6.920099258422852e-05
rotation_consistent,test_seen,2723,val:2010_002310:part_0,2010_002310,aeroplane,body,body,0.44880902767181396,0.6195558309555054,0.23514322936534882,0.380952388048172,1.0,1.0,1.0
rotation_consistent,test_seen,2724,val:2010_002310:part_1,2010_002310,aeroplane,stern,stern,0.5438596606254578,0.7045454382896423,0.2345132678747177,0.3485308885574341,1.0,1.0,1.0
rotation_consistent,test_seen,2725,val:2010_002310:part_2,2010_002310,aeroplane,wing,wing,0.345096230506897,0.5131175518035889,0.21219171583652496,0.2654508650302887,0.99853515625,0.00031757354736328125,0.962890625
rotation_consistent,test_seen,2726,val:2010_002336:part_97,2010_002336,pottedplant,pot,pot,0.5591602921485901,0.7172582745552063,0.05223880708217621,0.582047700881958,1.0,1.0,1.0
rotation_consistent,test_seen,2727,val:2010_002336:part_98,2010_002336,pottedplant,plant,plant,0.39514732360839844,0.5664596557617188,0.15167547762393951,0.3338008522987366,1.0,1.0,1.0
rotation_consistent,test_seen,2728,val:2010_002348:part_42,2010_002348,cat,tail,tail,0.5698785781860352,0.726016104221344,0.09521912038326263,0.17024627327919006,1.0,0.89892578125,1.0
rotation_consistent,test_seen,2729,val:2010_002348:part_43,2010_002348,cat,head,head,0.6687335968017578,0.8014863729476929,0.019932756200432777,0.13521382212638855,1.0,1.0,1.0
rotation_consistent,test_seen,2730,val:2010_002348:part_44,2010_002348,cat,eye,eye,0.0,0.0,0.0,0.0006681939703412354,0.008880615234375,0.0,0.00010889768600463867
rotation_consistent,test_seen,2731,val:2010_002348:part_45,2010_002348,cat,torso,torso,0.4593423008918762,0.6295196413993835,0.06631080061197281,0.29710766673088074,1.0,1.0,1.0
rotation_consistent,test_seen,2732,val:2010_002348:part_46,2010_002348,cat,neck,neck,0.3318485617637634,0.49832776188850403,0.022841226309537888,0.028493700549006462,1.0,1.0,1.0
rotation_consistent,test_seen,2733,val:2010_002348:part_47,2010_002348,cat,leg,leg,0.554831862449646,0.7136872410774231,0.19897714257240295,0.2596410810947418,1.0,1.0,1.0
rotation_consistent,test_seen,2734,val:2010_002348:part_48,2010_002348,cat,nose,nose,0.0,0.0,0.0,0.0002386406995356083,1.0,0.9814453125,1.0
rotation_consistent,test_seen,2735,val:2010_002348:part_49,2010_002348,cat,paw,paw,0.2933717668056488,0.4536541998386383,0.21450522541999817,0.029448263347148895,1.0,0.99951171875,1.0
rotation_consistent,test_seen,2736,val:2010_002348:part_50,2010_002348,cat,ear,ear,0.4976348280906677,0.6645609736442566,0.11552346497774124,0.035891562700271606,0.006877899169921875,0.0,6.920099258422852e-05
rotation_consistent,test_seen,2737,val:2010_002390:part_52,2010_002390,cow,head,head,0.6449310779571533,0.7841436266899109,0.062421660870313644,0.1549692451953888,1.0,1.0,1.0
rotation_consistent,test_seen,2738,val:2010_002390:part_53,2010_002390,cow,eye,eye,0.3636363744735718,0.5333333611488342,0.0,0.0014945105649530888,0.008880615234375,0.0,0.00010889768600463867
rotation_consistent,test_seen,2739,val:2010_002390:part_54,2010_002390,cow,torso,torso,0.46254071593284607,0.6325166821479797,0.06493506580591202,0.34925562143325806,1.0,1.0,1.0
rotation_consistent,test_seen,2740,val:2010_002390:part_57,2010_002390,cow,ear,ear,0.4252873659133911,0.5967742204666138,0.08429118990898132,0.02626889757812023,0.006877899169921875,0.0,6.920099258422852e-05
rotation_consistent,test_seen,2741,val:2010_002390:part_58,2010_002390,cow,muzzle,muzzle,0.6436781883239746,0.7832167744636536,0.05462490767240524,0.10519055277109146,1.0,0.99951171875,1.0
rotation_consistent,test_seen,2742,val:2010_002422:part_42,2010_002422,cat,tail,tail,0.5161486864089966,0.6808681488037109,0.08855155110359192,0.07151304930448532,1.0,0.89892578125,1.0
rotation_consistent,test_seen,2743,val:2010_002422:part_43,2010_002422,cat,head,head,0.7199386358261108,0.8371677994728088,0.051543209701776505,0.18662777543067932,1.0,1.0,1.0
rotation_consistent,test_seen,2744,val:2010_002422:part_44,2010_002422,cat,eye,eye,0.1977715939283371,0.33023256063461304,0.0,0.01261531189084053,0.008880615234375,0.0,0.00010889768600463867
rotation_consistent,test_seen,2745,val:2010_002422:part_45,2010_002422,cat,torso,torso,0.597339928150177,0.7479183673858643,0.03583884611725807,0.4144130051136017,1.0,1.0,1.0
rotation_consistent,test_seen,2746,val:2010_002422:part_46,2010_002422,cat,neck,neck,0.07237569242715836,0.13498197495937347,0.011210761964321136,0.012378774583339691,1.0,1.0,1.0
rotation_consistent,test_seen,2747,val:2010_002422:part_47,2010_002422,cat,leg,leg,0.3984234929084778,0.5698180794715881,0.046567272394895554,0.1871008425951004,1.0,1.0,1.0
rotation_consistent,test_seen,2748,val:2010_002422:part_48,2010_002422,cat,nose,nose,0.16161616146564484,0.27826085686683655,0.0,0.0026807538233697414,1.0,0.9814453125,1.0
rotation_consistent,test_seen,2749,val:2010_002422:part_49,2010_002422,cat,paw,paw,0.0,0.0,0.2301829308271408,0.0007884569931775331,1.0,0.99951171875,1.0
rotation_consistent,test_seen,2750,val:2010_002422:part_50,2010_002422,cat,ear,ear,0.577072024345398,0.7318271398544312,0.24440895020961761,0.06181502714753151,0.006877899169921875,0.0,6.920099258422852e-05
rotation_consistent,test_seen,2751,val:2010_002512:part_42,2010_002512,cat,tail,tail,0.49032992124557495,0.658015251159668,0.17406143248081207,0.07718481123447418,1.0,0.89892578125,1.0
rotation_consistent,test_seen,2752,val:2010_002512:part_43,2010_002512,cat,head,head,0.483216792345047,0.6515794396400452,0.1202797219157219,0.12374641746282578,1.0,1.0,1.0
rotation_consistent,test_seen,2753,val:2010_002512:part_44,2010_002512,cat,eye,eye,0.0,0.0,0.0,0.0030444127041846514,0.008880615234375,0.0,0.00010889768600463867
rotation_consistent,test_seen,2754,val:2010_002512:part_45,2010_002512,cat,torso,torso,0.8170320391654968,0.8993039727210999,0.052273694425821304,0.7009312510490417,1.0,1.0,1.0
rotation_consistent,test_seen,2755,val:2010_002512:part_46,2010_002512,cat,neck,neck,0.21958042681217194,0.3600917458534241,0.043478261679410934,0.02847421169281006,1.0,1.0,1.0
rotation_consistent,test_seen,2756,val:2010_002512:part_48,2010_002512,cat,nose,nose,0.0,0.0,0.11428571492433548,0.0010744985193014145,1.0,0.9814453125,1.0
rotation_consistent,test_seen,2757,val:2010_002512:part_50,2010_002512,cat,ear,ear,0.16111111640930176,0.27751195430755615,0.0,0.027399713173508644,0.006877899169921875,0.0,6.920099258422852e-05
rotation_consistent,test_seen,2758,val:2010_002531:part_42,2010_002531,cat,tail,tail,0.45618346333503723,0.6265466809272766,0.42924976348876953,0.10288065671920776,1.0,0.89892578125,1.0
rotation_consistent,test_seen,2759,val:2010_002531:part_43,2010_002531,cat,head,head,0.7265870571136475,0.8416454195976257,0.06179066747426987,0.16475096344947815,1.0,1.0,1.0
rotation_consistent,test_seen,2760,val:2010_002531:part_44,2010_002531,cat,eye,eye,0.07179487496614456,0.13397128880023956,0.0,0.004540939349681139,0.008880615234375,0.0,0.00010889768600463867
rotation_consistent,test_seen,2761,val:2010_002531:part_45,2010_002531,cat,torso,torso,0.5372706651687622,0.698992908000946,0.0784088745713234,0.3993188738822937,1.0,1.0,1.0
rotation_consistent,test_seen,2762,val:2010_002531:part_46,2010_002531,cat,neck,neck,0.3577512800693512,0.5269761681556702,0.033158812671899796,0.03178657591342926,1.0,1.0,1.0
rotation_consistent,test_seen,2763,val:2010_002531:part_47,2010_002531,cat,leg,leg,0.262596070766449,0.4159621298313141,0.046991657465696335,0.09649496525526047,1.0,1.0,1.0
rotation_consistent,test_seen,2764,val:2010_002531:part_48,2010_002531,cat,nose,nose,0.0,0.0,0.0,0.002838087035343051,1.0,0.9814453125,1.0
rotation_consistent,test_seen,2765,val:2010_002531:part_49,2010_002531,cat,paw,paw,0.21555252373218536,0.35465767979621887,0.08801213651895523,0.03292180970311165,1.0,0.99951171875,1.0
rotation_consistent,test_seen,2766,val:2010_002531:part_50,2010_002531,cat,ear,ear,0.5939968228340149,0.7452923655509949,0.27805694937705994,0.058464594185352325,0.006877899169921875,0.0,6.920099258422852e-05
rotation_consistent,test_seen,2767,val:2010_002536:part_6,2010_002536,bicycle,wheel,wheel,0.048983365297317505,0.09339207410812378,0.797468364238739,0.25298330187797546,1.0,0.9990234375,1.0
rotation_consistent,test_seen,2768,val:2010_002546:part_22,2010_002546,bus,wheel,wheel,0.23076923191547394,0.375,0.06904762238264084,0.022444646805524826,1.0,0.9990234375,1.0
rotation_consistent,test_seen,2769,val:2010_002546:part_25,2010_002546,bus,side,side,0.20641179382801056,0.34219127893447876,0.09125475585460663,0.18971791863441467,1.0,1.0,1.0
rotation_consistent,test_seen,2770,val:2010_002546:part_27,2010_002546,bus,roof,roof,0.051086414605379105,0.09720688313245773,0.15813328325748444,0.028814073652029037,1.0,0.9345703125,1.0
rotation_consistent,test_seen,2771,val:2010_002546:part_31,2010_002546,bus,window,window,0.22177307307720184,0.36303478479385376,0.03054932691156864,0.12352138012647629,1.0,0.935546875,1.0
rotation_consistent,test_seen,2772,val:2010_002623:part_83,2010_002623,person,head,head,0.7169973850250244,0.8351758718490601,0.07944751530885696,0.49771788716316223,1.0,1.0,1.0
rotation_consistent,test_seen,2773,val:2010_002623:part_84,2010_002623,person,eye,eye,0.48048779368400574,0.6490939259529114,0.0,0.018764037638902664,0.008880615234375,0.0,0.00010889768600463867
rotation_consistent,test_seen,2774,val:2010_002623:part_85,2010_002623,person,torso,torso,0.17964693903923035,0.30457746982574463,0.09748201072216034,0.0454973541200161,1.0,1.0,1.0
rotation_consistent,test_seen,2775,val:2010_002623:part_89,2010_002623,person,nose,nose,0.5845648646354675,0.7378238439559937,0.0,0.028472071513533592,1.0,0.9814453125,1.0
rotation_consistent,test_seen,2776,val:2010_002623:part_90,2010_002623,person,ear,ear,0.257048100233078,0.40897098183631897,0.3265306055545807,0.012316162697970867,0.006877899169921875,0.0,6.920099258422852e-05
rotation_consistent,test_seen,2777,val:2010_002623:part_91,2010_002623,person,eyebrow,eyebrow,0.10091742873191833,0.18333333730697632,0.0,0.0060856337659060955,0.0010118484497070312,0.0,7.152557373046875e-06
rotation_consistent,test_seen,2778,val:2010_002623:part_92,2010_002623,person,mouth,mouth,0.40033501386642456,0.5717703104019165,0.015410958789288998,0.018256900832057,1.0,0.998046875,1.0
rotation_consistent,test_seen,2779,val:2010_002623:part_93,2010_002623,person,hair,hair,0.5108445882797241,0.6762371063232422,0.12350089102983475,0.14504092931747437,1.0,0.958984375,1.0
rotation_consistent,test_seen,2780,val:2010_002623:part_94,2010_002623,person,lower arm,lower arm,0.07055631279945374,0.1318124234676361,0.026200873777270317,0.007389697711914778,1.0,1.0,1.0
rotation_consistent,test_seen,2781,val:2010_002623:part_95,2010_002623,person,upper arm,upper arm,0.7300111651420593,0.8439381122589111,0.012487992644309998,0.1861914098262787,1.0,0.9990234375,1.0
rotation_consistent,test_seen,2782,val:2010_002682:part_83,2010_002682,person,head,head,0.0,0.0,0.0,0.06818182021379471,1.0,1.0,1.0
rotation_consistent,test_seen,2783,val:2010_002682:part_85,2010_002682,person,torso,torso,0.0,0.0,0.0,0.5227272510528564,1.0,1.0,1.0
rotation_consistent,test_seen,2784,val:2010_002691:part_71,2010_002691,horse,head,head,0.6917945146560669,0.8178233504295349,0.014492753893136978,0.07572274655103683,1.0,1.0,1.0
rotation_consistent,test_seen,2785,val:2010_002691:part_72,2010_002691,horse,eye,eye,0.37681159377098083,0.5473684072494507,0.10000000149011612,0.0038314175326377153,0.008880615234375,0.0,0.00010889768600463867
rotation_consistent,test_seen,2786,val:2010_002691:part_73,2010_002691,horse,torso,torso,0.8430116176605225,0.9148196578025818,0.04961793124675751,0.5986067652702332,1.0,1.0,1.0
rotation_consistent,test_seen,2787,val:2010_002691:part_74,2010_002691,horse,neck,neck,0.6635468006134033,0.7977494597434998,0.13916349411010742,0.19568094611167908,1.0,1.0,1.0
rotation_consistent,test_seen,2788,val:2010_002691:part_75,2010_002691,horse,leg,leg,0.46227774024009705,0.6322708129882812,0.3647342920303345,0.06778126209974289,1.0,1.0,1.0
rotation_consistent,test_seen,2789,val:2010_002691:part_76,2010_002691,horse,ear,ear,0.2532051205635071,0.40409207344055176,0.28525641560554504,0.005503308959305286,0.006877899169921875,0.0,6.920099258422852e-05
rotation_consistent,test_seen,2790,val:2010_002691:part_77,2010_002691,horse,muzzle,muzzle,0.5680379867553711,0.7245206832885742,0.23407644033432007,0.050574712455272675,1.0,0.99951171875,1.0
rotation_consistent,test_seen,2791,val:2010_002693:part_43,2010_002693,cat,head,head,0.7441860437393188,0.8533333539962769,0.013490725308656693,0.21195219457149506,1.0,1.0,1.0
rotation_consistent,test_seen,2792,val:2010_002693:part_44,2010_002693,cat,eye,eye,0.048076923936605453,0.0917431190609932,0.0,0.0123505974188447,0.008880615234375,0.0,0.00010889768600463867
rotation_consistent,test_seen,2793,val:2010_002693:part_45,2010_002693,cat,torso,torso,0.6426370739936829,0.7824456095695496,0.07260101288557053,0.43107569217681885,1.0,1.0,1.0
rotation_consistent,test_seen,2794,val:2010_002693:part_46,2010_002693,cat,neck,neck,0.4545454680919647,0.625,0.004166666883975267,0.1211155354976654,1.0,1.0,1.0
rotation_consistent,test_seen,2795,val:2010_002693:part_47,2010_002693,cat,leg,leg,0.2805218994617462,0.4381368160247803,0.27093133330345154,0.12390438467264175,1.0,1.0,1.0
rotation_consistent,test_seen,2796,val:2010_002693:part_48,2010_002693,cat,nose,nose,0.0,0.0,0.0,0.004382470156997442,1.0,0.9814453125,1.0
rotation_consistent,test_seen,2797,val:2010_002693:part_49,2010_002693,cat,paw,paw,0.24573378264904022,0.3945205509662628,0.5931034684181213,0.029880478978157043,1.0,0.99951171875,1.0
rotation_consistent,test_seen,2798,val:2010_002693:part_50,2010_002693,cat,ear,ear,0.2574999928474426,0.4095427393913269,0.3448275923728943,0.06175298988819122,0.006877899169921875,0.0,6.920099258422852e-05
rotation_consistent,test_seen,2799,val:2010_002701:part_52,2010_002701,cow,head,head,0.17105263471603394,0.2921348214149475,0.447761207818985,0.14102564752101898,1.0,1.0,1.0
rotation_consistent,test_seen,2800,val:2010_002701:part_54,2010_002701,cow,torso,torso,0.35470086336135864,0.5236592888832092,0.5849999785423279,0.75,1.0,1.0,1.0
rotation_consistent,test_seen,2801,val:2010_002701:part_55,2010_002701,cow,neck,neck,0.0,0.0,0.4117647111415863,0.057692307978868484,1.0,1.0,1.0
rotation_consistent,test_seen,2802,val:2010_002701:part_56,2010_002701,cow,leg,leg,0.043478261679410934,0.0833333358168602,0.5535714030265808,0.05128205195069313,1.0,1.0,1.0
rotation_consistent,test_seen,2803,val:2010_002763:part_43,2010_002763,cat,head,head,0.21276596188545227,0.35087719559669495,0.18110236525535583,0.04536082595586777,1.0,1.0,1.0
rotation_consistent,test_seen,2804,val:2010_002763:part_45,2010_002763,cat,torso,torso,0.7589199542999268,0.8629385828971863,0.14560161530971527,0.8608247637748718,1.0,1.0,1.0
rotation_consistent,test_seen,2805,val:2010_002763:part_47,2010_002763,cat,leg,leg,0.035384614020586014,0.0683506652712822,0.37560975551605225,0.05979381501674652,1.0,1.0,1.0
rotation_consistent,test_seen,2806,val:2010_002763:part_49,2010_002763,cat,paw,paw,0.0,0.0,0.9805194735527039,0.028865979984402657,1.0,0.99951171875,1.0
rotation_consistent,test_seen,2807,val:2010_002763:part_83,2010_002763,person,head,head,0.0,0.0,0.0,0.00027352297911420465,1.0,1.0,1.0
rotation_consistent,test_seen,2808,val:2010_002763:part_90,2010_002763,person,ear,ear,0.0,0.0,0.0,0.00027352297911420465,0.006877899169921875,0.0,6.920099258422852e-05
rotation_consistent,test_seen,2809,val:2010_002792:part_83,2010_002792,person,head,head,0.2222222238779068,0.3636363744735718,0.0,0.043988004326820374,1.0,1.0,1.0
rotation_consistent,test_seen,2810,val:2010_002792:part_85,2010_002792,person,torso,torso,0.35485512018203735,0.5238273739814758,0.023029683157801628,0.12923748791217804,1.0,1.0,1.0
rotation_consistent,test_seen,2811,val:2010_002792:part_87,2010_002792,person,leg,leg,0.633689820766449,0.7757773995399475,0.15632754564285278,0.15004998445510864,1.0,1.0,1.0
rotation_consistent,test_seen,2812,val:2010_002792:part_89,2010_002792,person,nose,nose,0.0,0.0,0.0,0.008997546508908272,1.0,0.9814453125,1.0
rotation_consistent,test_seen,2813,val:2010_002792:part_93,2010_002792,person,hair,hair,0.8394568562507629,0.9127225279808044,0.030404863879084587,0.4785967469215393,1.0,0.958984375,1.0
rotation_consistent,test_seen,2814,val:2010_002792:part_94,2010_002792,person,lower arm,lower arm,0.3910355567932129,0.5622222423553467,0.35647279024124146,0.033354539424180984,1.0,1.0,1.0
rotation_consistent,test_seen,2815,val:2010_002792:part_95,2010_002792,person,upper arm,upper arm,0.4302554130554199,0.6016483306884766,0.08232291042804718,0.12223938852548599,1.0,0.9990234375,1.0
rotation_consistent,test_seen,2816,val:2010_002792:part_96,2010_002792,person,hand,hand,0.5348837375640869,0.6969696879386902,0.3390410840511322,0.015450331382453442,1.0,0.99853515625,1.0
rotation_consistent,test_seen,2817,val:2010_002868:part_23,2010_002868,bus,headlight,headlight,0.16475972533226013,0.2829076647758484,0.0,0.008820286951959133,0.99951171875,0.493896484375,0.99609375
rotation_consistent,test_seen,2818,val:2010_002868:part_24,2010_002868,bus,front,front,0.6710637807846069,0.80315762758255,0.04002592712640762,0.41102534532546997,1.0,1.0,1.0
rotation_consistent,test_seen,2819,val:2010_002868:part_28,2010_002868,bus,mirror,mirror,0.0,0.0,0.0,0.0018963615875691175,0.013275146484375,0.0,0.00027370452880859375
rotation_consistent,test_seen,2820,val:2010_002868:part_31,2010_002868,bus,window,window,0.5209444165229797,0.685027539730072,0.02605956420302391,0.24255788326263428,1.0,0.935546875,1.0
rotation_consistent,test_seen,2821,val:2010_002900:part_43,2010_002900,cat,head,head,0.6046748757362366,0.7536416053771973,0.043313536792993546,0.2068498432636261,1.0,1.0,1.0
rotation_consistent,test_seen,2822,val:2010_002900:part_44,2010_002900,cat,eye,eye,0.34957021474838257,0.5180467367172241,0.0,0.005175587721168995,0.008880615234375,0.0,0.00010889768600463867
rotation_consistent,test_seen,2823,val:2010_002900:part_45,2010_002900,cat,torso,torso,0.6331658363342285,0.7753846049308777,0.06793085485696793,0.4849768877029419,1.0,1.0,1.0
rotation_consistent,test_seen,2824,val:2010_002900:part_46,2010_002900,cat,neck,neck,0.38591477274894714,0.5569097995758057,0.013333333656191826,0.06019660457968712,1.0,1.0,1.0
rotation_consistent,test_seen,2825,val:2010_002900:part_47,2010_002900,cat,leg,leg,0.4170219600200653,0.5885892510414124,0.05487911030650139,0.21247698366641998,1.0,1.0,1.0
rotation_consistent,test_seen,2826,val:2010_002900:part_48,2010_002900,cat,nose,nose,0.3372780978679657,0.5044247508049011,0.0,0.0022578067146241665,1.0,0.9814453125,1.0
rotation_consistent,test_seen,2827,val:2010_002900:part_50,2010_002900,cat,ear,ear,0.3650362193584442,0.5348374247550964,0.2865554392337799,0.01695091836154461,0.006877899169921875,0.0,6.920099258422852e-05
rotation_consistent,test_seen,2828,val:2010_002921:part_115,2010_002921,tvmonitor,screen,screen,0.24547283351421356,0.3941841721534729,0.03437500074505806,0.17524082958698273,1.0,0.99951171875,1.0
rotation_consistent,test_seen,2829,val:2010_002929:part_83,2010_002929,person,head,head,0.0,0.0,0.0,0.0024032683577388525,1.0,1.0,1.0
rotation_consistent,test_seen,2830,val:2010_002929:part_85,2010_002929,person,torso,torso,0.5114101767539978,0.6767324805259705,0.07808564603328705,0.23912520706653595,1.0,1.0,1.0
rotation_consistent,test_seen,2831,val:2010_002929:part_86,2010_002929,person,neck,neck,0.483146071434021,0.6515151262283325,0.043478261679410934,0.015140591189265251,1.0,1.0,1.0
rotation_consistent,test_seen,2832,val:2010_002929:part_87,2010_002929,person,leg,leg,0.7489101886749268,0.85643070936203,0.1551874428987503,0.2064407616853714,1.0,1.0,1.0
rotation_consistent,test_seen,2833,val:2010_002929:part_90,2010_002929,person,ear,ear,0.0,0.0,0.0,0.00048042277921922505,0.006877899169921875,0.0,6.920099258422852e-05
rotation_consistent,test_seen,2834,val:2010_002929:part_93,2010_002929,person,hair,hair,0.0,0.0,1.0,0.04854602366685867,1.0,0.958984375,1.0
rotation_consistent,test_seen,2835,val:2010_002929:part_94,2010_002929,person,lower arm,lower arm,0.3196721374988556,0.48447203636169434,0.14102564752101898,0.019947128370404243,1.0,1.0,1.0
rotation_consistent,test_seen,2836,val:2010_002929:part_95,2010_002929,person,upper arm,upper arm,0.6226415038108826,0.7674418687820435,0.11267605423927307,0.10069695115089417,1.0,0.9990234375,1.0
rotation_consistent,test_seen,2837,val:2010_002929:part_96,2010_002929,person,hand,hand,0.0,0.0,0.9791666865348816,0.008171112276613712,1.0,0.99853515625,1.0
rotation_consistent,test_seen,2838,val:2010_002939:part_0,2010_002939,aeroplane,body,body,0.2751440107822418,0.43154969811439514,0.08760634809732437,0.24762406945228577,1.0,1.0,1.0
rotation_consistent,test_seen,2839,val:2010_002939:part_1,2010_002939,aeroplane,stern,stern,0.5173096060752869,0.6818774342536926,0.20682068169116974,0.1099964827299118,1.0,1.0,1.0
rotation_consistent,test_seen,2840,val:2010_002939:part_2,2010_002939,aeroplane,wing,wing,0.32696956396102905,0.49280640482902527,0.21525214612483978,0.3940514028072357,0.99853515625,0.00031757354736328125,0.962890625
rotation_consistent,test_seen,2841,val:2010_002939:part_3,2010_002939,aeroplane,tail,tail,0.0,0.0,0.0,0.00017599436978343874,1.0,0.89892578125,1.0
rotation_consistent,test_seen,2842,val:2010_002939:part_4,2010_002939,aeroplane,engine,engine,0.1818930059671402,0.30779942870140076,0.03608736768364906,0.13481168448925018,1.0,0.99951171875,1.0
rotation_consistent,test_seen,2843,val:2010_002939:part_5,2010_002939,aeroplane,wheel,wheel,0.3717948794364929,0.5420560836791992,0.34773218631744385,0.031502991914749146,1.0,0.9990234375,1.0
rotation_consistent,test_seen,2844,val:2010_003014:part_83,2010_003014,person,head,head,0.6030405163764954,0.7523708939552307,0.0,0.028608666732907295,1.0,1.0,1.0
rotation_consistent,test_seen,2845,val:2010_003014:part_84,2010_003014,person,eye,eye,0.0,0.0,0.0,0.00045617466093972325,0.008880615234375,0.0,0.00010889768600463867
rotation_consistent,test_seen,2846,val:2010_003014:part_85,2010_003014,person,torso,torso,0.47781428694725037,0.646649956703186,0.08787129074335098,0.07644183933734894,1.0,1.0,1.0
rotation_consistent,test_seen,2847,val:2010_003014:part_86,2010_003014,person,neck,neck,0.43161094188690186,0.6029723882675171,0.0,0.010557184927165508,1.0,1.0,1.0
rotation_consistent,test_seen,2848,val:2010_003014:part_87,2010_003014,person,leg,leg,0.255930095911026,0.4075546860694885,0.2985469102859497,0.016226783394813538,1.0,1.0,1.0
rotation_consistent,test_seen,2849,val:2010_003014:part_89,2010_003014,person,nose,nose,0.0,0.0,0.0,0.002541544381529093,1.0,0.9814453125,1.0
rotation_consistent,test_seen,2850,val:2010_003014:part_90,2010_003014,person,ear,ear,0.0,0.0,0.0,0.0013685239246115088,0.006877899169921875,0.0,6.920099258422852e-05
rotation_consistent,test_seen,2851,val:2010_003014:part_91,2010_003014,person,eyebrow,eyebrow,0.0,0.0,0.0,6.51678055874072e-05,0.0010118484497070312,0.0,7.152557373046875e-06
rotation_consistent,test_seen,2852,val:2010_003014:part_92,2010_003014,person,mouth,mouth,0.0,0.0,0.0,0.0027370478492230177,1.0,0.998046875,1.0
rotation_consistent,test_seen,2853,val:2010_003014:part_93,2010_003014,person,hair,hair,0.304400235414505,0.4667282700538635,0.16289038956165314,0.03460410609841347,1.0,0.958984375,1.0
rotation_consistent,test_seen,2854,val:2010_003014:part_94,2010_003014,person,lower arm,lower arm,0.27272728085517883,0.4285714328289032,0.18645639717578888,0.019159335643053055,1.0,1.0,1.0
rotation_consistent,test_seen,2855,val:2010_003014:part_95,2010_003014,person,upper arm,upper arm,0.45008182525634766,0.6207674741744995,0.06940588355064392,0.05584881082177162,1.0,0.9990234375,1.0
rotation_consistent,test_seen,2856,val:2010_003014:part_96,2010_003014,person,hand,hand,0.4365079402923584,0.6077347993850708,0.37751004099845886,0.007363962009549141,1.0,0.99853515625,1.0
rotation_consistent,test_seen,2857,val:2010_003127:part_0,2010_003127,aeroplane,body,body,0.1891438215970993,0.3181176483631134,0.498305082321167,0.2589350938796997,1.0,1.0,1.0
rotation_consistent,test_seen,2858,val:2010_003127:part_1,2010_003127,aeroplane,stern,stern,0.4421052634716034,0.6131386756896973,0.328125,0.21298322081565857,1.0,1.0,1.0
rotation_consistent,test_seen,2859,val:2010_003127:part_2,2010_003127,aeroplane,wing,wing,0.016018306836485863,0.03153153136372566,0.5926773548126221,0.020423049107193947,0.99853515625,0.00031757354736328125,0.962890625
rotation_consistent,test_seen,2860,val:2010_003127:part_4,2010_003127,aeroplane,engine,engine,0.409221887588501,0.580777108669281,0.22455090284347534,0.11305616050958633,1.0,0.99951171875,1.0
rotation_consistent,test_seen,2861,val:2010_003127:part_5,2010_003127,aeroplane,wheel,wheel,0.0,0.0,0.0,0.008752735331654549,1.0,0.9990234375,1.0
rotation_consistent,test_seen,2862,val:2010_003132:part_0,2010_003132,aeroplane,body,body,0.3733183741569519,0.5436734557151794,0.06802928447723389,0.18598784506320953,1.0,1.0,1.0
rotation_consistent,test_seen,2863,val:2010_003132:part_1,2010_003132,aeroplane,stern,stern,0.09034396708011627,0.16571645438671112,0.07934454828500748,0.03577571362257004,1.0,1.0,1.0
rotation_consistent,test_seen,2864,val:2010_003132:part_2,2010_003132,aeroplane,wing,wing,0.46675148606300354,0.6364424824714661,0.29263266921043396,0.5640408396720886,0.99853515625,0.00031757354736328125,0.962890625
rotation_consistent,test_seen,2865,val:2010_003183:part_52,2010_003183,cow,head,head,0.6422338485717773,0.7821466326713562,0.10211946070194244,0.25653496384620667,1.0,1.0,1.0
rotation_consistent,test_seen,2866,val:2010_003183:part_53,2010_003183,cow,eye,eye,0.01315789483487606,0.025974025949835777,0.0,0.012158054858446121,0.008880615234375,0.0,0.00010889768600463867
rotation_consistent,test_seen,2867,val:2010_003183:part_54,2010_003183,cow,torso,torso,0.08294931054115295,0.1531914919614792,0.19266055524349213,0.3623100221157074,1.0,1.0,1.0
rotation_consistent,test_seen,2868,val:2010_003183:part_57,2010_003183,cow,ear,ear,0.6035353541374207,0.752755880355835,0.15282392501831055,0.2030395120382309,0.006877899169921875,0.0,6.920099258422852e-05
rotation_consistent,test_seen,2869,val:2010_003183:part_58,2010_003183,cow,muzzle,muzzle,0.25641027092933655,0.40816327929496765,0.6183205842971802,0.06930091232061386,1.0,0.99951171875,1.0
rotation_consistent,test_seen,2870,val:2010_003183:part_59,2010_003183,cow,horn,horn,0.017667844891548157,0.0347222238779068,0.1349206417798996,0.021884499117732048,0.2100830078125,6.556510925292969e-07,0.00591278076171875
rotation_consistent,test_seen,2871,val:2010_003239:part_52,2010_003239,cow,head,head,0.49390244483947754,0.6612244844436646,0.22482435405254364,0.03475513309240341,1.0,1.0,1.0
rotation_consistent,test_seen,2872,val:2010_003239:part_53,2010_003239,cow,eye,eye,0.0,0.0,0.0,0.0013540961081162095,0.008880615234375,0.0,0.00010889768600463867
rotation_consistent,test_seen,2873,val:2010_003239:part_54,2010_003239,cow,torso,torso,0.29897990822792053,0.4603302776813507,0.12258164584636688,0.24802528321743011,1.0,1.0,1.0
rotation_consistent,test_seen,2874,val:2010_003239:part_56,2010_003239,cow,leg,leg,0.23718364536762238,0.38342511653900146,0.4399317502975464,0.0996389091014862,1.0,1.0,1.0
rotation_consistent,test_seen,2875,val:2010_003239:part_57,2010_003239,cow,ear,ear,0.26401445269584656,0.4177396297454834,0.5333333611488342,0.028097495436668396,0.006877899169921875,0.0,6.920099258422852e-05
rotation_consistent,test_seen,2876,val:2010_003239:part_58,2010_003239,cow,muzzle,muzzle,0.5520446300506592,0.7113772630691528,0.14453125,0.03644775599241257,1.0,0.99951171875,1.0
rotation_consistent,test_seen,2877,val:2010_003239:part_83,2010_003239,person,head,head,0.0,0.0,0.17489711940288544,0.0004943153471685946,1.0,1.0,1.0
rotation_consistent,test_seen,2878,val:2010_003239:part_85,2010_003239,person,torso,torso,0.0,0.0,0.03724394738674164,0.0019772613886743784,1.0,1.0,1.0
rotation_consistent,test_seen,2879,val:2010_003239:part_90,2010_003239,person,ear,ear,0.0,0.0,1.0,0.0004943153471685946,0.006877899169921875,0.0,6.920099258422852e-05
rotation_consistent,test_seen,2880,val:2010_003275:part_43,2010_003275,cat,head,head,0.6043449640274048,0.7533853054046631,0.11192052811384201,0.1299593448638916,1.0,1.0,1.0
rotation_consistent,test_seen,2881,val:2010_003275:part_45,2010_003275,cat,torso,torso,0.7151771187782288,0.8339396715164185,0.10234620422124863,0.5513809323310852,1.0,1.0,1.0
rotation_consistent,test_seen,2882,val:2010_003275:part_47,2010_003275,cat,leg,leg,0.6177191734313965,0.7636914849281311,0.10534493625164032,0.28865835070610046,1.0,1.0,1.0
rotation_consistent,test_seen,2883,val:2010_003275:part_50,2010_003275,cat,ear,ear,0.24945294857025146,0.3992994725704193,0.33924052119255066,0.024674050509929657,0.006877899169921875,0.0,6.920099258422852e-05
rotation_consistent,test_seen,2884,val:2010_003293:part_6,2010_003293,bicycle,wheel,wheel,0.0,0.0,0.0,0.2957746386528015,1.0,0.9990234375,1.0
rotation_consistent,test_seen,2885,val:2010_003293:part_9,2010_003293,bicycle,chainwheel,chainwheel,0.0,0.0,0.0,0.014084506779909134,1.0,0.99462890625,1.0
rotation_consistent,test_seen,2886,val:2010_003302:part_97,2010_003302,pottedplant,pot,pot,0.469348669052124,0.6388526558876038,0.17177914083003998,0.12511251866817474,1.0,1.0,1.0
rotation_consistent,test_seen,2887,val:2010_003302:part_98,2010_003302,pottedplant,plant,plant,0.6970037221908569,0.8214522004127502,0.261696457862854,0.8559855818748474,1.0,1.0,1.0
rotation_consistent,test_seen,2888,val:2010_003325:part_83,2010_003325,person,head,head,0.6383896470069885,0.779289186000824,0.010393466800451279,0.1054060161113739,1.0,1.0,1.0
rotation_consistent,test_seen,2889,val:2010_003325:part_84,2010_003325,person,eye,eye,0.1607142835855484,0.2769230902194977,0.0,0.004863153211772442,0.008880615234375,0.0,0.00010889768600463867
rotation_consistent,test_seen,2890,val:2010_003325:part_85,2010_003325,person,torso,torso,0.800000011920929,0.8888888955116272,0.022868506610393524,0.3766116201877594,1.0,1.0,1.0
rotation_consistent,test_seen,2891,val:2010_003325:part_89,2010_003325,person,nose,nose,0.5982142686843872,0.748603343963623,0.0,0.010065595619380474,1.0,0.9814453125,1.0
rotation_consistent,test_seen,2892,val:2010_003325:part_90,2010_003325,person,ear,ear,0.16371680796146393,0.28136882185935974,0.1037735864520073,0.005767925642430782,0.006877899169921875,0.0,6.920099258422852e-05
rotation_consistent,test_seen,2893,val:2010_003325:part_92,2010_003325,person,mouth,mouth,0.1666666716337204,0.2857142984867096,0.0,0.003958380315452814,1.0,0.998046875,1.0
rotation_consistent,test_seen,2894,val:2010_003325:part_93,2010_003325,person,hair,hair,0.8097659945487976,0.8948847651481628,0.05263157933950424,0.19610947370529175,1.0,0.958984375,1.0
rotation_consistent,test_seen,2895,val:2010_003325:part_94,2010_003325,person,lower arm,lower arm,0.3382507860660553,0.5055118203163147,0.0,0.08380457013845444,1.0,1.0,1.0
rotation_consistent,test_seen,2896,val:2010_003325:part_95,2010_003325,person,upper arm,upper arm,0.6521739363670349,0.7894737124443054,0.018168054521083832,0.1729246824979782,1.0,0.9990234375,1.0
rotation_consistent,test_seen,2897,val:2010_003325:part_96,2010_003325,person,hand,hand,0.5645161271095276,0.7216494679450989,0.0,0.03472065180540085,1.0,0.99853515625,1.0
rotation_consistent,test_seen,2898,val:2010_003365:part_0,2010_003365,aeroplane,body,body,0.6616314053535461,0.7963636517524719,0.03922872245311737,0.4222516417503357,1.0,1.0,1.0
rotation_consistent,test_seen,2899,val:2010_003365:part_1,2010_003365,aeroplane,stern,stern,0.5540239810943604,0.7130185961723328,0.3054024279117584,0.2226490080356598,1.0,1.0,1.0
rotation_consistent,test_seen,2900,val:2010_003365:part_2,2010_003365,aeroplane,wing,wing,0.30576440691947937,0.46833014488220215,0.16103553771972656,0.11218543350696564,0.99853515625,0.00031757354736328125,0.962890625
rotation_consistent,test_seen,2901,val:2010_003365:part_4,2010_003365,aeroplane,engine,engine,0.48618489503860474,0.6542724370956421,0.09983766078948975,0.20728476345539093,1.0,0.99951171875,1.0
rotation_consistent,test_seen,2902,val:2010_003365:part_5,2010_003365,aeroplane,wheel,wheel,0.01253132801502943,0.024752475321292877,0.48461538553237915,0.0018543046899139881,1.0,0.9990234375,1.0
rotation_consistent,test_seen,2903,val:2010_003381:part_83,2010_003381,person,head,head,0.43529412150382996,0.6065573692321777,0.04716981202363968,0.029651911929249763,1.0,1.0,1.0
rotation_consistent,test_seen,2904,val:2010_003381:part_84,2010_003381,person,eye,eye,0.0,0.0,0.0,0.0004297378472983837,0.008880615234375,0.0,0.00010889768600463867
rotation_consistent,test_seen,2905,val:2010_003381:part_85,2010_003381,person,torso,torso,0.004074505064636469,0.008115941658616066,0.3496081829071045,0.01418134942650795,1.0,1.0,1.0
rotation_consistent,test_seen,2906,val:2010_003381:part_86,2010_003381,person,neck,neck,0.0,0.0,0.0,0.01847872883081436,1.0,1.0,1.0
rotation_consistent,test_seen,2907,val:2010_003381:part_89,2010_003381,person,nose,nose,0.0,0.0,0.0,0.002793296007439494,1.0,0.9814453125,1.0
rotation_consistent,test_seen,2908,val:2010_003381:part_90,2010_003381,person,ear,ear,0.0,0.0,0.0,0.0036527717020362616,0.006877899169921875,0.0,6.920099258422852e-05
rotation_consistent,test_seen,2909,val:2010_003381:part_91,2010_003381,person,eyebrow,eyebrow,0.0,0.0,0.0,0.0017189513891935349,0.0010118484497070312,0.0,7.152557373046875e-06
rotation_consistent,test_seen,2910,val:2010_003381:part_92,2010_003381,person,mouth,mouth,0.0,0.0,0.0,0.0019338203128427267,1.0,0.998046875,1.0
rotation_consistent,test_seen,2911,val:2010_003381:part_93,2010_003381,person,hair,hair,0.0,0.0,0.0,0.06918779760599136,1.0,0.958984375,1.0
rotation_consistent,test_seen,2912,val:2010_003381:part_94,2010_003381,person,lower arm,lower arm,0.0,0.0,0.15107913315296173,0.011173184029757977,1.0,1.0,1.0
rotation_consistent,test_seen,2913,val:2010_003381:part_95,2010_003381,person,upper arm,upper arm,0.01871657744050026,0.036745406687259674,0.13475176692008972,0.051568541675806046,1.0,0.9990234375,1.0
rotation_consistent,test_seen,2914,val:2010_003402:part_43,2010_003402,cat,head,head,0.5553705096244812,0.7141327857971191,0.07760438323020935,0.08873431384563446,1.0,1.0,1.0
rotation_consistent,test_seen,2915,val:2010_003402:part_44,2010_003402,cat,eye,eye,0.19858156144618988,0.33136093616485596,0.0,0.004875511862337589,0.008880615234375,0.0,0.00010889768600463867
rotation_consistent,test_seen,2916,val:2010_003402:part_45,2010_003402,cat,torso,torso,0.760837733745575,0.8641769886016846,0.054282478988170624,0.5820711255073547,1.0,1.0,1.0
rotation_consistent,test_seen,2917,val:2010_003402:part_46,2010_003402,cat,neck,neck,0.7567185163497925,0.8615136742591858,0.030878860503435135,0.07937333732843399,1.0,1.0,1.0
rotation_consistent,test_seen,2918,val:2010_003402:part_47,2010_003402,cat,leg,leg,0.5301421880722046,0.6929319500923157,0.2674514651298523,0.1818891018629074,1.0,1.0,1.0
rotation_consistent,test_seen,2919,val:2010_003402:part_48,2010_003402,cat,nose,nose,0.021276595070958138,0.0416666679084301,0.44999998807907104,0.001820191158913076,1.0,0.9814453125,1.0
rotation_consistent,test_seen,2920,val:2010_003402:part_49,2010_003402,cat,paw,paw,0.2527472674846649,0.4035087823867798,0.2337278127670288,0.029903139919042587,1.0,0.99951171875,1.0
rotation_consistent,test_seen,2921,val:2010_003402:part_50,2010_003402,cat,ear,ear,0.4903988242149353,0.6580772995948792,0.11963190138339996,0.023207437247037888,0.006877899169921875,0.0,6.920099258422852e-05
rotation_consistent,test_seen,2922,val:2010_003409:part_83,2010_003409,person,head,head,0.014084506779909134,0.02777777798473835,0.30985915660858154,0.0005630630766972899,1.0,1.0,1.0
rotation_consistent,test_seen,2923,val:2010_003409:part_85,2010_003409,person,torso,torso,0.30161580443382263,0.46344828605651855,0.12903225421905518,0.16385135054588318,1.0,1.0,1.0
rotation_consistent,test_seen,2924,val:2010_003409:part_87,2010_003409,person,leg,leg,0.32658451795578003,0.4923689365386963,0.4230397045612335,0.2668918967247009,1.0,1.0,1.0
rotation_consistent,test_seen,2925,val:2010_003409:part_88,2010_003409,person,foot,foot,0.03155818581581116,0.06118546798825264,0.742514967918396,0.012387387454509735,1.0,1.0,1.0
rotation_consistent,test_seen,2926,val:2010_003409:part_93,2010_003409,person,hair,hair,0.13058419525623322,0.2310030460357666,0.4577777683734894,0.05855855718255043,1.0,0.958984375,1.0
rotation_consistent,test_seen,2927,val:2010_003409:part_94,2010_003409,person,lower arm,lower arm,0.0,0.0,0.10305343568325043,0.0033783784601837397,1.0,1.0,1.0
rotation_consistent,test_seen,2928,val:2010_003409:part_95,2010_003409,person,upper arm,upper arm,0.0,0.0,0.1744185984134674,0.028153153136372566,1.0,0.9990234375,1.0
rotation_consistent,test_seen,2929,val:2010_003409:part_96,2010_003409,person,hand,hand,0.0,0.0,0.26249998807907104,0.0061936937272548676,1.0,0.99853515625,1.0
rotation_consistent,test_seen,2930,val:2010_003446:part_83,2010_003446,person,head,head,0.0,0.0,0.7251908183097839,0.029112081974744797,1.0,1.0,1.0
rotation_consistent,test_seen,2931,val:2010_003446:part_85,2010_003446,person,torso,torso,0.2130044847726822,0.35120147466659546,0.26056337356567383,0.1673944741487503,1.0,1.0,1.0
rotation_consistent,test_seen,2932,val:2010_003446:part_87,2010_003446,person,leg,leg,0.3422222137451172,0.5099337697029114,0.5329341292381287,0.3930130898952484,1.0,1.0,1.0
rotation_consistent,test_seen,2933,val:2010_003446:part_88,2010_003446,person,foot,foot,0.25,0.4000000059604645,0.6969696879386902,0.07423580437898636,1.0,1.0,1.0
rotation_consistent,test_seen,2934,val:2010_003446:part_90,2010_003446,person,ear,ear,0.0,0.0,0.0,0.0029112081974744797,0.006877899169921875,0.0,6.920099258422852e-05
rotation_consistent,test_seen,2935,val:2010_003446:part_93,2010_003446,person,hair,hair,0.145454540848732,0.2539682686328888,0.8117647171020508,0.05967976525425911,1.0,0.958984375,1.0
rotation_consistent,test_seen,2936,val:2010_003446:part_94,2010_003446,person,lower arm,lower arm,0.1826484054327011,0.3088802993297577,0.3561643958091736,0.058224163949489594,1.0,1.0,1.0
rotation_consistent,test_seen,2937,val:2010_003446:part_95,2010_003446,person,upper arm,upper arm,0.3644315004348755,0.5341880321502686,0.26923078298568726,0.18922853469848633,1.0,0.9990234375,1.0
rotation_consistent,test_seen,2938,val:2010_003446:part_96,2010_003446,person,hand,hand,0.0810810774564743,0.15000000596046448,0.8413792848587036,0.021834060549736023,1.0,0.99853515625,1.0
rotation_consistent,test_seen,2939,val:2010_003468:part_20,2010_003468,bottle,body,body,0.8327495455741882,0.9087434411048889,0.1317259669303894,0.9599733352661133,1.0,1.0,1.0
rotation_consistent,test_seen,2940,val:2010_003468:part_21,2010_003468,bottle,cap,cap,0.5412843823432922,0.7023809552192688,0.10486891120672226,0.03952635079622269,1.0,0.98876953125,1.0
rotation_consistent,test_seen,2941,val:2010_003495:part_0,2010_003495,aeroplane,body,body,0.6231038570404053,0.7677929401397705,0.15357142686843872,0.37171125411987305,1.0,1.0,1.0
rotation_consistent,test_seen,2942,val:2010_003495:part_1,2010_003495,aeroplane,stern,stern,0.713443398475647,0.8327597975730896,0.13687150180339813,0.16572970151901245,1.0,1.0,1.0
rotation_consistent,test_seen,2943,val:2010_003495:part_2,2010_003495,aeroplane,wing,wing,0.49066752195358276,0.6583191752433777,0.3217141032218933,0.3564200699329376,0.99853515625,0.00031757354736328125,0.962890625
rotation_consistent,test_seen,2944,val:2010_003495:part_4,2010_003495,aeroplane,engine,engine,0.44662922620773315,0.6174757480621338,0.19966721534729004,0.09646952897310257,1.0,0.99951171875,1.0
rotation_consistent,test_seen,2945,val:2010_003514:part_108,2010_003514,train,headlight,headlight,0.0,0.0,0.0,0.0016566264675930142,0.99951171875,0.493896484375,0.99609375
rotation_consistent,test_seen,2946,val:2010_003514:part_109,2010_003514,train,head,head,0.014913657680153847,0.029389018192887306,0.14991895854473114,0.008885541930794716,1.0,1.0,1.0
rotation_consistent,test_seen,2947,val:2010_003514:part_110,2010_003514,train,front,front,0.755082905292511,0.8604527115821838,0.07552491128444672,0.3644578456878662,1.0,1.0,1.0
rotation_consistent,test_seen,2948,val:2010_003514:part_111,2010_003514,train,side,side,0.6145408153533936,0.7612577080726624,0.07869531214237213,0.3713855445384979,1.0,1.0,1.0
rotation_consistent,test_seen,2949,val:2010_003514:part_113,2010_003514,train,roof,roof,0.33887171745300293,0.5062049031257629,0.015023474581539631,0.20105421543121338,1.0,0.9345703125,1.0
rotation_consistent,test_seen,2950,val:2010_003514:part_114,2010_003514,train,coach,coach,0.011315417475998402,0.02237762324512005,0.03391053527593613,0.013253011740744114,1.0,1.0,1.0
rotation_consistent,test_seen,2951,val:2010_003532:part_70,2010_003532,horse,tail,tail,0.36743515729904175,0.5374078154563904,0.345577210187912,0.043660011142492294,1.0,0.89892578125,1.0
rotation_consistent,test_seen,2952,val:2010_003532:part_71,2010_003532,horse,head,head,0.6113821268081665,0.7588294744491577,0.10766720771789551,0.08778448402881622,1.0,1.0,1.0
rotation_consistent,test_seen,2953,val:2010_003532:part_72,2010_003532,horse,eye,eye,0.0833333358168602,0.1538461595773697,0.0,0.0006967022782191634,0.008880615234375,0.0,0.00010889768600463867
rotation_consistent,test_seen,2954,val:2010_003532:part_73,2010_003532,horse,torso,torso,0.4584319591522217,0.6286641955375671,0.05009171739220619,0.26211488246917725,1.0,1.0,1.0
rotation_consistent,test_seen,2955,val:2010_003532:part_74,2010_003532,horse,neck,neck,0.3955901563167572,0.5669144988059998,0.06139213219285011,0.07083139568567276,1.0,1.0,1.0
rotation_consistent,test_seen,2956,val:2010_003532:part_75,2010_003532,horse,leg,leg,0.4189845621585846,0.5905413627624512,0.32813262939453125,0.09002941846847534,1.0,1.0,1.0
rotation_consistent,test_seen,2957,val:2010_003532:part_76,2010_003532,horse,ear,ear,0.36315789818763733,0.5328185558319092,0.18656715750694275,0.01935284025967121,0.006877899169921875,0.0,6.920099258422852e-05
rotation_consistent,test_seen,2958,val:2010_003532:part_77,2010_003532,horse,muzzle,muzzle,0.6933677792549133,0.818921685218811,0.15904761850833893,0.0709088072180748,1.0,0.99951171875,1.0
rotation_consistent,test_seen,2959,val:2010_003532:part_78,2010_003532,horse,hoof,hoof,0.18662519752979279,0.3145478367805481,0.5431472063064575,0.013314754702150822,1.0,0.998046875,1.0
rotation_consistent,test_seen,2960,val:2010_003597:part_20,2010_003597,bottle,body,body,0.26271185278892517,0.4161073863506317,0.7164633870124817,0.9834710955619812,1.0,1.0,1.0
rotation_consistent,test_seen,2961,val:2010_003597:part_21,2010_003597,bottle,cap,cap,0.0,0.0,0.0,0.01652892492711544,1.0,0.98876953125,1.0
rotation_consistent,test_seen,2962,val:2010_003675:part_43,2010_003675,cat,head,head,0.44650760293006897,0.617359459400177,0.02864236943423748,0.29948365688323975,1.0,1.0,1.0
rotation_consistent,test_seen,2963,val:2010_003675:part_45,2010_003675,cat,torso,torso,0.716876745223999,0.8350940346717834,0.05749935656785965,0.30942201614379883,1.0,1.0,1.0
rotation_consistent,test_seen,2964,val:2010_003675:part_47,2010_003675,cat,leg,leg,0.0010877447202801704,0.002173125743865967,0.0013289035996422172,0.06973516196012497,1.0,1.0,1.0
rotation_consistent,test_seen,2965,val:2010_003675:part_49,2010_003675,cat,paw,paw,0.4276501536369324,0.5990965366363525,0.0,0.20537449419498444,1.0,0.99951171875,1.0
rotation_consistent,test_seen,2966,val:2010_003675:part_50,2010_003675,cat,ear,ear,0.542119562625885,0.7030836939811707,0.21487602591514587,0.090833380818367,0.006877899169921875,0.0,6.920099258422852e-05
rotation_consistent,test_seen,2967,val:2010_003708:part_109,2010_003708,train,head,head,0.0,0.0,0.0,0.02153846062719822,1.0,1.0,1.0
rotation_consistent,test_seen,2968,val:2010_003708:part_110,2010_003708,train,front,front,0.18518517911434174,0.3125,0.49857550859451294,0.20000000298023224,1.0,1.0,1.0
rotation_consistent,test_seen,2969,val:2010_003708:part_111,2010_003708,train,side,side,0.019417475908994675,0.03809523954987526,0.485049843788147,0.04307692125439644,1.0,1.0,1.0
rotation_consistent,test_seen,2970,val:2010_003708:part_114,2010_003708,train,coach,coach,0.003508772002533078,0.00699300691485405,0.6280701756477356,0.006116208154708147,1.0,1.0,1.0
rotation_consistent,test_seen,2971,val:2010_003716:part_0,2010_003716,aeroplane,body,body,0.6639775633811951,0.7980607151985168,0.06553911417722702,0.38303858041763306,1.0,1.0,1.0
rotation_consistent,test_seen,2972,val:2010_003716:part_1,2010_003716,aeroplane,stern,stern,0.1184210553765297,0.21176470816135406,0.10101009905338287,0.09686495363712311,1.0,1.0,1.0
rotation_consistent,test_seen,2973,val:2010_003716:part_2,2010_003716,aeroplane,wing,wing,0.38514724373817444,0.5561102032661438,0.14035087823867798,0.3195337653160095,0.99853515625,0.00031757354736328125,0.962890625
rotation_consistent,test_seen,2974,val:2010_003716:part_4,2010_003716,aeroplane,engine,engine,0.225175678730011,0.3675810396671295,0.09244992583990097,0.15373794734477997,1.0,0.99951171875,1.0
rotation_consistent,test_seen,2975,val:2010_003746:part_83,2010_003746,person,head,head,0.0,0.0,0.0,0.0004273504309821874,1.0,1.0,1.0
rotation_consistent,test_seen,2976,val:2010_003746:part_90,2010_003746,person,ear,ear,0.005636978428810835,0.011210761964321136,0.9935897588729858,0.023931624367833138,0.006877899169921875,0.0,6.920099258422852e-05
rotation_consistent,test_seen,2977,val:2010_003758:part_42,2010_003758,cat,tail,tail,0.5838926434516907,0.7372881174087524,0.21705426275730133,0.1264127939939499,1.0,0.89892578125,1.0
rotation_consistent,test_seen,2978,val:2010_003758:part_43,2010_003758,cat,head,head,0.5614692568778992,0.7191550731658936,0.03378378227353096,0.13058598339557648,1.0,1.0,1.0
rotation_consistent,test_seen,2979,val:2010_003758:part_44,2010_003758,cat,eye,eye,0.13090908527374268,0.23151125013828278,0.0,0.006259780842810869,0.008880615234375,0.0,0.00010889768600463867
rotation_consistent,test_seen,2980,val:2010_003758:part_45,2010_003758,cat,torso,torso,0.6621994376182556,0.7967749834060669,0.08555286377668381,0.6047644019126892,1.0,1.0,1.0
rotation_consistent,test_seen,2981,val:2010_003758:part_47,2010_003758,cat,leg,leg,0.09825033694505692,0.17892156541347504,0.0871710553765297,0.07233524322509766,1.0,1.0,1.0
rotation_consistent,test_seen,2982,val:2010_003758:part_48,2010_003758,cat,nose,nose,0.016949152573943138,0.03333333507180214,0.0,0.0013910623965784907,1.0,0.9814453125,1.0
rotation_consistent,test_seen,2983,val:2010_003758:part_49,2010_003758,cat,paw,paw,0.0,0.0,0.13793103396892548,0.004694835748523474,1.0,0.99951171875,1.0
rotation_consistent,test_seen,2984,val:2010_003758:part_50,2010_003758,cat,ear,ear,0.5107758641242981,0.676176905632019,0.01193317398428917,0.04903494939208031,0.006877899169921875,0.0,6.920099258422852e-05
rotation_consistent,test_seen,2985,val:2010_003764:part_43,2010_003764,cat,head,head,0.723709762096405,0.8397118449211121,0.013682092539966106,0.2037692666053772,1.0,1.0,1.0
rotation_consistent,test_seen,2986,val:2010_003764:part_44,2010_003764,cat,eye,eye,0.11702127754688263,0.20952381193637848,0.0,0.0078092459589242935,0.008880615234375,0.0,0.00010889768600463867
rotation_consistent,test_seen,2987,val:2010_003764:part_45,2010_003764,cat,torso,torso,0.7103754878044128,0.8306661248207092,0.12978345155715942,0.5407121777534485,1.0,1.0,1.0
rotation_consistent,test_seen,2988,val:2010_003764:part_46,2010_003764,cat,neck,neck,0.5018726587295532,0.6683291792869568,0.0,0.06184922903776169,1.0,1.0,1.0
rotation_consistent,test_seen,2989,val:2010_003764:part_47,2010_003764,cat,leg,leg,0.3734254240989685,0.5437870025634766,0.16673511266708374,0.09839650243520737,1.0,1.0,1.0
rotation_consistent,test_seen,2990,val:2010_003764:part_48,2010_003764,cat,nose,nose,0.05263157933950424,0.10000000149011612,0.0,0.0027072052471339703,1.0,0.9814453125,1.0
rotation_consistent,test_seen,2991,val:2010_003764:part_49,2010_003764,cat,paw,paw,0.34681373834609985,0.5150136351585388,0.4164222776889801,0.04341940954327583,1.0,0.99951171875,1.0
rotation_consistent,test_seen,2992,val:2010_003764:part_50,2010_003764,cat,ear,ear,0.35412025451660156,0.5230262875556946,0.13160854578018188,0.03404831141233444,0.006877899169921875,0.0,6.920099258422852e-05
rotation_consistent,test_seen,2993,val:2010_003772:part_22,2010_003772,bus,wheel,wheel,0.2785862684249878,0.4357723593711853,0.18568232655525208,0.027888447046279907,1.0,0.9990234375,1.0
rotation_consistent,test_seen,2994,val:2010_003772:part_23,2010_003772,bus,headlight,headlight,0.09677419066429138,0.1764705926179886,0.0,0.008300133049488068,0.99951171875,0.493896484375,0.99609375
rotation_consistent,test_seen,2995,val:2010_003772:part_24,2010_003772,bus,front,front,0.6430175304412842,0.7827275395393372,0.17415469884872437,0.24900399148464203,1.0,1.0,1.0
rotation_consistent,test_seen,2996,val:2010_003772:part_25,2010_003772,bus,side,side,0.5672609210014343,0.7238883376121521,0.11832061409950256,0.35424965620040894,1.0,1.0,1.0
rotation_consistent,test_seen,2997,val:2010_003772:part_28,2010_003772,bus,mirror,mirror,0.0,0.0,0.0,0.0024900399148464203,0.013275146484375,0.0,0.00027370452880859375
rotation_consistent,test_seen,2998,val:2010_003772:part_31,2010_003772,bus,window,window,0.7010959982872009,0.8242874145507812,0.02845664508640766,0.3544156849384308,1.0,0.935546875,1.0
rotation_consistent,test_seen,2999,val:2010_003781:part_20,2010_003781,bottle,body,body,0.5484515428543091,0.7083870768547058,0.3690744936466217,0.9183955788612366,1.0,1.0,1.0
rotation_consistent,test_seen,3000,val:2010_003781:part_21,2010_003781,bottle,cap,cap,0.0,0.0,0.0,0.052558783441782,1.0,0.98876953125,1.0
rotation_consistent,test_seen,3001,val:2010_003912:part_20,2010_003912,bottle,body,body,0.2920560836791992,0.45207956433296204,0.6462264060974121,0.8322580456733704,1.0,1.0,1.0
rotation_consistent,test_seen,3002,val:2010_003912:part_21,2010_003912,bottle,cap,cap,0.0,0.0,0.0,0.07096774131059647,1.0,0.98876953125,1.0
rotation_consistent,test_seen,3003,val:2010_003915:part_0,2010_003915,aeroplane,body,body,0.2390139400959015,0.3858131468296051,0.1994851976633072,0.26030218601226807,1.0,1.0,1.0
rotation_consistent,test_seen,3004,val:2010_003915:part_1,2010_003915,aeroplane,stern,stern,0.4331210255622864,0.6044444441795349,0.513002336025238,0.17307692766189575,1.0,1.0,1.0
rotation_consistent,test_seen,3005,val:2010_003915:part_2,2010_003915,aeroplane,wing,wing,0.24819624423980713,0.3976878523826599,0.40976864099502563,0.4464285671710968,0.99853515625,0.00031757354736328125,0.962890625
rotation_consistent,test_seen,3006,val:2010_003915:part_4,2010_003915,aeroplane,engine,engine,0.13245032727718353,0.23391813039779663,0.45747801661491394,0.11813186854124069,1.0,0.99951171875,1.0
rotation_consistent,test_seen,3007,val:2010_003956:part_108,2010_003956,train,headlight,headlight,0.0,0.0,0.0,0.003950617276132107,0.99951171875,0.493896484375,0.99609375
rotation_consistent,test_seen,3008,val:2010_003956:part_109,2010_003956,train,head,head,0.027027027681469917,0.05263157933950424,0.23550087213516235,0.00962962955236435,1.0,1.0,1.0
rotation_consistent,test_seen,3009,val:2010_003956:part_110,2010_003956,train,front,front,0.7317001819610596,0.8450656533241272,0.14390172064304352,0.621975302696228,1.0,1.0,1.0
rotation_consistent,test_seen,3010,val:2010_003956:part_111,2010_003956,train,side,side,0.676063060760498,0.8067274689674377,0.08486905694007874,0.3570370376110077,1.0,1.0,1.0
rotation_consistent,test_seen,3011,val:2010_003956:part_114,2010_003956,train,coach,coach,0.0031364348251372576,0.006253256928175688,0.04181913286447525,0.00148148147854954,1.0,1.0,1.0
rotation_consistent,test_seen,3012,val:2010_003971:part_42,2010_003971,cat,tail,tail,0.32692307233810425,0.49275362491607666,0.4246794879436493,0.0665145069360733,1.0,0.89892578125,1.0
rotation_consistent,test_seen,3013,val:2010_003971:part_43,2010_003971,cat,head,head,0.6415094137191772,0.7816091775894165,0.03708791360259056,0.15976524353027344,1.0,1.0,1.0
rotation_consistent,test_seen,3014,val:2010_003971:part_44,2010_003971,cat,eye,eye,0.11965811997652054,0.21374045312404633,0.0,0.012389957904815674,0.008880615234375,0.0,0.00010889768600463867
rotation_consistent,test_seen,3015,val:2010_003971:part_45,2010_003971,cat,torso,torso,0.5131255388259888,0.6782326102256775,0.10554635524749756,0.4150635898113251,1.0,1.0,1.0
rotation_consistent,test_seen,3016,val:2010_003971:part_46,2010_003971,cat,neck,neck,0.29256197810173035,0.4526854157447815,0.0,0.12031301110982895,1.0,1.0,1.0
rotation_consistent,test_seen,3017,val:2010_003971:part_47,2010_003971,cat,leg,leg,0.16719914972782135,0.2864963412284851,0.05838509276509285,0.09488099068403244,1.0,1.0,1.0
rotation_consistent,test_seen,3018,val:2010_003971:part_48,2010_003971,cat,nose,nose,0.14444445073604584,0.25242719054222107,0.0,0.0048907725140452385,1.0,0.9814453125,1.0
rotation_consistent,test_seen,3019,val:2010_003971:part_49,2010_003971,cat,paw,paw,0.12933024764060974,0.22903884947299957,0.3464203178882599,0.01825888454914093,1.0,0.99951171875,1.0
rotation_consistent,test_seen,3020,val:2010_003971:part_50,2010_003971,cat,ear,ear,0.25581395626068115,0.40740740299224854,0.43478259444236755,0.04825562611222267,0.006877899169921875,0.0,6.920099258422852e-05
rotation_consistent,test_seen,3021,val:2010_004056:part_20,2010_004056,bottle,body,body,0.7636203765869141,0.8659691214561462,0.18134957551956177,0.8838739991188049,1.0,1.0,1.0
rotation_consistent,test_seen,3022,val:2010_004056:part_21,2010_004056,bottle,cap,cap,0.0,0.0,0.0,0.01457451842725277,1.0,0.98876953125,1.0
rotation_consistent,test_seen,3023,val:2010_004063:part_0,2010_004063,aeroplane,body,body,0.37119999527931213,0.5414235591888428,0.3420560657978058,0.30902111530303955,1.0,1.0,1.0
rotation_consistent,test_seen,3024,val:2010_004063:part_1,2010_004063,aeroplane,stern,stern,0.12410501390695572,0.2208067923784256,0.7984496355056763,0.20441459119319916,1.0,1.0,1.0
rotation_consistent,test_seen,3025,val:2010_004063:part_2,2010_004063,aeroplane,wing,wing,0.19864699244499207,0.33145201206207275,0.6766200661659241,0.3598848283290863,0.99853515625,0.00031757354736328125,0.962890625
rotation_consistent,test_seen,3026,val:2010_004063:part_5,2010_004063,aeroplane,wheel,wheel,0.0,0.0,1.0,0.014395393431186676,1.0,0.9990234375,1.0
rotation_consistent,test_seen,3027,val:2010_004104:part_43,2010_004104,cat,head,head,0.6314452886581421,0.7740931510925293,0.011715647764503956,0.28790903091430664,1.0,1.0,1.0
rotation_consistent,test_seen,3028,val:2010_004104:part_44,2010_004104,cat,eye,eye,0.32710281014442444,0.49295774102211,0.0,0.007464629597961903,0.008880615234375,0.0,0.00010889768600463867
rotation_consistent,test_seen,3029,val:2010_004104:part_45,2010_004104,cat,torso,torso,0.6285580992698669,0.7719197869300842,0.09153612703084946,0.46923011541366577,1.0,1.0,1.0
rotation_consistent,test_seen,3030,val:2010_004104:part_46,2010_004104,cat,neck,neck,0.37617555260658264,0.5466970205307007,0.0,0.13089141249656677,1.0,1.0,1.0
rotation_consistent,test_seen,3031,val:2010_004104:part_48,2010_004104,cat,nose,nose,0.3723404109477997,0.5426356792449951,0.0,0.00425310293212533,1.0,0.9814453125,1.0
rotation_consistent,test_seen,3032,val:2010_004104:part_50,2010_004104,cat,ear,ear,0.5939279198646545,0.7452380657196045,0.06763284653425217,0.07395191490650177,0.006877899169921875,0.0,6.920099258422852e-05
rotation_consistent,test_seen,3033,val:2010_004120:part_42,2010_004120,cat,tail,tail,0.4468468427658081,0.6176837086677551,0.30945274233818054,0.0677870512008667,1.0,0.89892578125,1.0
rotation_consistent,test_seen,3034,val:2010_004120:part_43,2010_004120,cat,head,head,0.71856290102005,0.8362369537353516,0.0396825410425663,0.09474396705627441,1.0,1.0,1.0
rotation_consistent,test_seen,3035,val:2010_004120:part_44,2010_004120,cat,eye,eye,0.0317460335791111,0.0615384615957737,0.0,0.001240694778971374,0.008880615234375,0.0,0.00010889768600463867
rotation_consistent,test_seen,3036,val:2010_004120:part_45,2010_004120,cat,torso,torso,0.6491891145706177,0.7872828245162964,0.03707847371697426,0.4756372570991516,1.0,1.0,1.0
rotation_consistent,test_seen,3037,val:2010_004120:part_46,2010_004120,cat,neck,neck,0.5,0.6666666865348816,0.0,0.031017370522022247,1.0,1.0,1.0
rotation_consistent,test_seen,3038,val:2010_004120:part_47,2010_004120,cat,leg,leg,0.3359906077384949,0.5029835104942322,0.02743484266102314,0.23155876994132996,1.0,1.0,1.0
rotation_consistent,test_seen,3039,val:2010_004120:part_48,2010_004120,cat,nose,nose,0.0,0.0,0.7647058963775635,0.001240694778971374,1.0,0.9814453125,1.0
rotation_consistent,test_seen,3040,val:2010_004120:part_49,2010_004120,cat,paw,paw,0.37286612391471863,0.5431936979293823,0.17165005207061768,0.07049401849508286,1.0,0.99951171875,1.0
rotation_consistent,test_seen,3041,val:2010_004120:part_50,2010_004120,cat,ear,ear,0.3286907970905304,0.4947589039802551,0.31833910942077637,0.021204601973295212,0.006877899169921875,0.0,6.920099258422852e-05
rotation_consistent,test_seen,3042,val:2010_004149:part_111,2010_004149,train,side,side,0.9419658780097961,0.9701157808303833,0.04021669179201126,0.9926435947418213,1.0,1.0,1.0
rotation_consistent,test_seen,3043,val:2010_004149:part_114,2010_004149,train,coach,coach,0.0027681041974574327,0.005520926322788,0.060541119426488876,0.002923700725659728,1.0,1.0,1.0
rotation_consistent,test_seen,3044,val:2010_004165:part_83,2010_004165,person,head,head,0.0034904014319181442,0.006956521887332201,0.10820244252681732,0.0003760812396649271,1.0,1.0,1.0
rotation_consistent,test_seen,3045,val:2010_004165:part_85,2010_004165,person,torso,torso,0.0,0.0,0.4036885201931,0.0005641218740493059,1.0,1.0,1.0
rotation_consistent,test_seen,3046,val:2010_004314:part_0,2010_004314,aeroplane,body,body,0.6124168634414673,0.7596259713172913,0.19778189063072205,0.427658349275589,1.0,1.0,1.0
rotation_consistent,test_seen,3047,val:2010_004314:part_1,2010_004314,aeroplane,stern,stern,0.7559912800788879,0.8610422015190125,0.1386696696281433,0.21063335239887238,1.0,1.0,1.0
rotation_consistent,test_seen,3048,val:2010_004314:part_2,2010_004314,aeroplane,wing,wing,0.5411184430122375,0.7022411823272705,0.16393442451953888,0.1127251610159874,0.99853515625,0.00031757354736328125,0.962890625
rotation_consistent,test_seen,3049,val:2010_004314:part_5,2010_004314,aeroplane,wheel,wheel,0.21759259700775146,0.35741445422172546,0.7142857313156128,0.025566531345248222,1.0,0.9990234375,1.0
rotation_consistent,test_seen,3050,val:2010_004320:part_43,2010_004320,cat,head,head,0.7471334934234619,0.8552677631378174,0.06820648163557053,0.36579450964927673,1.0,1.0,1.0
rotation_consistent,test_seen,3051,val:2010_004320:part_44,2010_004320,cat,eye,eye,0.625,0.7692307829856873,0.0,0.0199176836758852,0.008880615234375,0.0,0.00010889768600463867
rotation_consistent,test_seen,3052,val:2010_004320:part_45,2010_004320,cat,torso,torso,0.6912429928779602,0.8174378275871277,0.17295242846012115,0.3847567141056061,1.0,1.0,1.0
rotation_consistent,test_seen,3053,val:2010_004320:part_48,2010_004320,cat,nose,nose,0.34193548560142517,0.5096153616905212,0.0,0.005365279968827963,1.0,0.9814453125,1.0
rotation_consistent,test_seen,3054,val:2010_004320:part_50,2010_004320,cat,ear,ear,0.7575072646141052,0.8620246052742004,0.11136814206838608,0.17764221131801605,0.006877899169921875,0.0,6.920099258422852e-05
rotation_consistent,test_seen,3055,val:2010_004322:part_52,2010_004322,cow,head,head,0.7600222826004028,0.8636507391929626,0.018155526369810104,0.46573957800865173,1.0,1.0,1.0
rotation_consistent,test_seen,3056,val:2010_004322:part_54,2010_004322,cow,torso,torso,0.7589036226272583,0.862928032875061,0.04042145609855652,0.20272351801395416,1.0,1.0,1.0
rotation_consistent,test_seen,3057,val:2010_004322:part_57,2010_004322,cow,ear,ear,0.5257085561752319,0.6891336441040039,0.04766734316945076,0.102925606071949,0.006877899169921875,0.0,6.920099258422852e-05
rotation_consistent,test_seen,3058,val:2010_004322:part_58,2010_004322,cow,muzzle,muzzle,0.8226473927497864,0.9026950597763062,0.038953810930252075,0.1662977635860443,1.0,0.99951171875,1.0
rotation_consistent,test_seen,3059,val:2010_004322:part_59,2010_004322,cow,horn,horn,0.21817004680633545,0.3581930994987488,0.0849369615316391,0.05408526584506035,0.2100830078125,6.556510925292969e-07,0.00591278076171875
rotation_consistent,test_seen,3060,val:2010_004348:part_25,2010_004348,bus,side,side,0.1874663084745407,0.3157416880130768,0.08419279009103775,0.1569698601961136,1.0,1.0,1.0
rotation_consistent,test_seen,3061,val:2010_004348:part_26,2010_004348,bus,back,back,0.7502334117889404,0.8572952747344971,0.04002784565091133,0.5142776966094971,1.0,1.0,1.0
rotation_consistent,test_seen,3062,val:2010_004348:part_31,2010_004348,bus,window,window,0.48082807660102844,0.6494043469429016,0.09291952848434448,0.16023655235767365,1.0,0.935546875,1.0
rotation_consistent,test_seen,3063,val:2010_004369:part_43,2010_004369,cat,head,head,0.7316749691963196,0.8450488448143005,0.029270315542817116,0.2912595868110657,1.0,1.0,1.0
rotation_consistent,test_seen,3064,val:2010_004369:part_44,2010_004369,cat,eye,eye,0.12666666507720947,0.2248520702123642,0.0,0.0025415895506739616,0.008880615234375,0.0,0.00010889768600463867
rotation_consistent,test_seen,3065,val:2010_004369:part_45,2010_004369,cat,torso,torso,0.5206101536750793,0.6847385168075562,0.05207226425409317,0.15150514245033264,1.0,1.0,1.0
rotation_consistent,test_seen,3066,val:2010_004369:part_46,2010_004369,cat,neck,neck,0.14414076507091522,0.251963347196579,0.003935532178729773,0.025613943114876747,1.0,1.0,1.0
rotation_consistent,test_seen,3067,val:2010_004369:part_47,2010_004369,cat,leg,leg,0.6507896780967712,0.7884586453437805,0.027285214513540268,0.3476366400718689,1.0,1.0,1.0
rotation_consistent,test_seen,3068,val:2010_004369:part_48,2010_004369,cat,nose,nose,0.4503735303878784,0.6210448741912842,0.0,0.023006336763501167,1.0,0.9814453125,1.0
rotation_consistent,test_seen,3069,val:2010_004369:part_49,2010_004369,cat,paw,paw,0.40033918619155884,0.5717746019363403,0.03071322850883007,0.118662528693676,1.0,0.99951171875,1.0
rotation_consistent,test_seen,3070,val:2010_004369:part_50,2010_004369,cat,ear,ear,0.5921674370765686,0.7438507080078125,0.1583397388458252,0.0348890945315361,0.006877899169921875,0.0,6.920099258422852e-05
rotation_consistent,test_seen,3071,val:2010_004382:part_97,2010_004382,pottedplant,pot,pot,0.4988461434841156,0.6656402349472046,0.08146680146455765,0.2954960763454437,1.0,1.0,1.0
rotation_consistent,test_seen,3072,val:2010_004382:part_98,2010_004382,pottedplant,plant,plant,0.3817427456378937,0.5525525808334351,0.20868094265460968,0.6931097507476807,1.0,1.0,1.0
rotation_consistent,test_seen,3073,val:2010_004419:part_0,2010_004419,aeroplane,body,body,0.5850237607955933,0.7381892204284668,0.1905185878276825,0.5036199688911438,1.0,1.0,1.0
rotation_consistent,test_seen,3074,val:2010_004419:part_1,2010_004419,aeroplane,stern,stern,0.7714524865150452,0.8709830045700073,0.15629197657108307,0.35299310088157654,1.0,1.0,1.0
rotation_consistent,test_seen,3075,val:2010_004419:part_2,2010_004419,aeroplane,wing,wing,0.28244972229003906,0.4404846727848053,0.00561797758564353,0.05915592610836029,0.99853515625,0.00031757354736328125,0.962890625
rotation_consistent,test_seen,3076,val:2010_004419:part_4,2010_004419,aeroplane,engine,engine,0.4108433723449707,0.5824081897735596,0.021601015701889992,0.06780858337879181,1.0,0.99951171875,1.0
rotation_consistent,test_seen,3077,val:2010_004419:part_5,2010_004419,aeroplane,wheel,wheel,0.027322404086589813,0.05319149047136307,0.40229883790016174,0.0024721878580749035,1.0,0.9990234375,1.0
rotation_consistent,test_seen,3078,val:2010_004432:part_83,2010_004432,person,head,head,0.668795645236969,0.8015308976173401,0.06684982031583786,0.14227798581123352,1.0,1.0,1.0
rotation_consistent,test_seen,3079,val:2010_004432:part_84,2010_004432,person,eye,eye,0.12389380484819412,0.22047244012355804,0.0,0.0038610037881881,0.008880615234375,0.0,0.00010889768600463867
rotation_consistent,test_seen,3080,val:2010_004432:part_85,2010_004432,person,torso,torso,0.46711185574531555,0.636777400970459,0.12781955301761627,0.3347490429878235,1.0,1.0,1.0
rotation_consistent,test_seen,3081,val:2010_004432:part_86,2010_004432,person,neck,neck,0.539893627166748,0.7012090086936951,0.01373626384884119,0.04150579124689102,1.0,1.0,1.0
rotation_consistent,test_seen,3082,val:2010_004432:part_89,2010_004432,person,nose,nose,0.16030533611774445,0.2763157784938812,0.0,0.011969111859798431,1.0,0.9814453125,1.0
rotation_consistent,test_seen,3083,val:2010_004432:part_90,2010_004432,person,ear,ear,0.1570248007774353,0.27142858505249023,0.21610169112682343,0.008494208566844463,0.006877899169921875,0.0,6.920099258422852e-05
rotation_consistent,test_seen,3084,val:2010_004432:part_91,2010_004432,person,eyebrow,eyebrow,0.0,0.0,0.0,0.006563706789165735,0.0010118484497070312,0.0,7.152557373046875e-06
rotation_consistent,test_seen,3085,val:2010_004432:part_92,2010_004432,person,mouth,mouth,0.35483869910240173,0.523809552192688,0.008474576286971569,0.009652509354054928,1.0,0.998046875,1.0
rotation_consistent,test_seen,3086,val:2010_004432:part_93,2010_004432,person,hair,hair,0.14513275027275085,0.2534776031970978,0.03914590924978256,0.016409266740083694,1.0,0.958984375,1.0
rotation_consistent,test_seen,3087,val:2010_004432:part_94,2010_004432,person,lower arm,lower arm,0.3507767915725708,0.519370436668396,0.19711129367351532,0.09169884026050568,1.0,1.0,1.0
rotation_consistent,test_seen,3088,val:2010_004432:part_95,2010_004432,person,upper arm,upper arm,0.5281955003738403,0.6912668943405151,0.017699114978313446,0.2527027130126953,1.0,0.9990234375,1.0
rotation_consistent,test_seen,3089,val:2010_004432:part_96,2010_004432,person,hand,hand,0.06308411061763763,0.11868131905794144,0.08312958478927612,0.008880308829247952,1.0,0.99853515625,1.0
rotation_consistent,test_seen,3090,val:2010_004472:part_83,2010_004472,person,head,head,0.3588850200176239,0.528205156326294,0.04537205025553703,0.07063540816307068,1.0,1.0,1.0
rotation_consistent,test_seen,3091,val:2010_004472:part_85,2010_004472,person,torso,torso,0.46053144335746765,0.6306354403495789,0.060755014419555664,0.24563026428222656,1.0,1.0,1.0
rotation_consistent,test_seen,3092,val:2010_004472:part_86,2010_004472,person,neck,neck,0.6256544589996338,0.7697262763977051,0.003086419776082039,0.030536705628037453,1.0,1.0,1.0
rotation_consistent,test_seen,3093,val:2010_004472:part_89,2010_004472,person,nose,nose,0.1867469847202301,0.3147208094596863,0.025157231837511063,0.003907053265720606,1.0,0.9814453125,1.0
rotation_consistent,test_seen,3094,val:2010_004472:part_90,2010_004472,person,ear,ear,0.18324607610702515,0.3097345232963562,0.0,0.008328192867338657,0.006877899169921875,0.0,6.920099258422852e-05
rotation_consistent,test_seen,3095,val:2010_004472:part_92,2010_004472,person,mouth,mouth,0.01785714365541935,0.035087719559669495,0.0,0.001953526632860303,1.0,0.998046875,1.0
rotation_consistent,test_seen,3096,val:2010_004472:part_93,2010_004472,person,hair,hair,0.7018992304801941,0.8248423337936401,0.01305220928043127,0.10950031131505966,1.0,0.958984375,1.0
rotation_consistent,test_seen,3097,val:2010_004472:part_94,2010_004472,person,lower arm,lower arm,0.5742574334144592,0.7295597195625305,0.19501279294490814,0.13345670700073242,1.0,1.0,1.0
rotation_consistent,test_seen,3098,val:2010_004472:part_95,2010_004472,person,upper arm,upper arm,0.4840119183063507,0.6523019075393677,0.07417397201061249,0.31081637740135193,1.0,0.9990234375,1.0
rotation_consistent,test_seen,3099,val:2010_004472:part_96,2010_004472,person,hand,hand,0.28237584233283997,0.4403948485851288,0.3242453634738922,0.02981698513031006,1.0,0.99853515625,1.0
rotation_consistent,test_seen,3100,val:2010_004479:part_43,2010_004479,cat,head,head,0.6066597104072571,0.7551813721656799,0.11882229149341583,0.2254752814769745,1.0,1.0,1.0
rotation_consistent,test_seen,3101,val:2010_004479:part_44,2010_004479,cat,eye,eye,0.0,0.0,0.0,0.01596958190202713,0.008880615234375,0.0,0.00010889768600463867
rotation_consistent,test_seen,3102,val:2010_004479:part_45,2010_004479,cat,torso,torso,0.6835563778877258,0.8120386004447937,0.10628961771726608,0.55931556224823,1.0,1.0,1.0
rotation_consistent,test_seen,3103,val:2010_004479:part_46,2010_004479,cat,neck,neck,0.13067150115966797,0.2311396449804306,0.014598540030419827,0.028517110273241997,1.0,1.0,1.0
rotation_consistent,test_seen,3104,val:2010_004479:part_47,2010_004479,cat,leg,leg,0.1944894641637802,0.32564449310302734,0.2487804889678955,0.04638783261179924,1.0,1.0,1.0
rotation_consistent,test_seen,3105,val:2010_004479:part_48,2010_004479,cat,nose,nose,0.0,0.0,0.0,0.0019011406693607569,1.0,0.9814453125,1.0
rotation_consistent,test_seen,3106,val:2010_004479:part_50,2010_004479,cat,ear,ear,0.23938223719596863,0.38629284501075745,0.5625,0.06121673062443733,0.006877899169921875,0.0,6.920099258422852e-05
rotation_consistent,test_seen,3107,val:2010_004519:part_71,2010_004519,horse,head,head,0.6486611366271973,0.7868944406509399,0.032608695328235626,0.14601336419582367,1.0,1.0,1.0
rotation_consistent,test_seen,3108,val:2010_004519:part_72,2010_004519,horse,eye,eye,0.1339285671710968,0.23622047901153564,0.0,0.002048997674137354,0.008880615234375,0.0,0.00010889768600463867
rotation_consistent,test_seen,3109,val:2010_004519:part_73,2010_004519,horse,torso,torso,0.6285228729248047,0.7718932032585144,0.04074505344033241,0.41220489144325256,1.0,1.0,1.0
rotation_consistent,test_seen,3110,val:2010_004519:part_74,2010_004519,horse,neck,neck,0.6648351550102234,0.7986798882484436,0.03377847746014595,0.22663697600364685,1.0,1.0,1.0
rotation_consistent,test_seen,3111,val:2010_004519:part_75,2010_004519,horse,leg,leg,0.39236339926719666,0.5635933876037598,0.18111346662044525,0.062004454433918,1.0,1.0,1.0
rotation_consistent,test_seen,3112,val:2010_004519:part_76,2010_004519,horse,ear,ear,0.380952388048172,0.5517241358757019,0.04100227728486061,0.022895323112607002,0.006877899169921875,0.0,6.920099258422852e-05
rotation_consistent,test_seen,3113,val:2010_004519:part_77,2010_004519,horse,muzzle,muzzle,0.7644721865653992,0.8665165901184082,0.12529411911964417,0.1255233883857727,1.0,0.99951171875,1.0
rotation_consistent,test_seen,3114,val:2010_004520:part_20,2010_004520,bottle,body,body,0.9177423715591431,0.9571070075035095,0.048222485929727554,0.9660181403160095,1.0,1.0,1.0
rotation_consistent,test_seen,3115,val:2010_004520:part_21,2010_004520,bottle,cap,cap,0.6107660531997681,0.7583547830581665,0.16880342364311218,0.027291133999824524,1.0,0.98876953125,1.0
rotation_consistent,test_seen,3116,val:2010_004529:part_20,2010_004529,bottle,body,body,0.8595387935638428,0.9244644641876221,0.06251400709152222,0.8904740214347839,1.0,1.0,1.0
rotation_consistent,test_seen,3117,val:2010_004529:part_21,2010_004529,bottle,cap,cap,0.5735294222831726,0.7289719581604004,0.0,0.10694225877523422,1.0,0.98876953125,1.0
rotation_consistent,test_seen,3118,val:2010_004551:part_20,2010_004551,bottle,body,body,0.8917408585548401,0.9427727460861206,0.08243444561958313,0.9359044432640076,1.0,1.0,1.0
rotation_consistent,test_seen,3119,val:2010_004551:part_21,2010_004551,bottle,cap,cap,0.7452380657196045,0.8540245294570923,0.1787564754486084,0.06327497959136963,1.0,0.98876953125,1.0
rotation_consistent,test_seen,3120,val:2010_004635:part_51,2010_004635,cow,tail,tail,0.0,0.0,0.0,0.0033319450449198484,1.0,0.89892578125,1.0
rotation_consistent,test_seen,3121,val:2010_004635:part_52,2010_004635,cow,head,head,0.5964912176132202,0.7472527623176575,0.055226825177669525,0.06497292965650558,1.0,1.0,1.0
rotation_consistent,test_seen,3122,val:2010_004635:part_53,2010_004635,cow,eye,eye,0.0,0.0,0.0,0.0020824656821787357,0.008880615234375,0.0,0.00010889768600463867
rotation_consistent,test_seen,3123,val:2010_004635:part_54,2010_004635,cow,torso,torso,0.8443098068237305,0.9155834913253784,0.06585365533828735,0.6895043849945068,1.0,1.0,1.0
rotation_consistent,test_seen,3124,val:2010_004635:part_56,2010_004635,cow,leg,leg,0.4271697998046875,0.5986250638961792,0.4405320882797241,0.12765514850616455,1.0,1.0,1.0
rotation_consistent,test_seen,3125,val:2010_004635:part_57,2010_004635,cow,ear,ear,0.3466981053352356,0.5148861408233643,0.25661376118659973,0.040191587060689926,0.006877899169921875,0.0,6.920099258422852e-05
rotation_consistent,test_seen,3126,val:2010_004635:part_58,2010_004635,cow,muzzle,muzzle,0.7400611639022827,0.8506151437759399,0.11870503425598145,0.06059975177049637,1.0,0.99951171875,1.0
rotation_consistent,test_seen,3127,val:2010_004635:part_59,2010_004635,cow,horn,horn,0.07655502110719681,0.14222222566604614,0.24623115360736847,0.0054144104942679405,0.2100830078125,6.556510925292969e-07,0.00591278076171875
rotation_consistent,test_seen,3128,val:2010_004757:part_97,2010_004757,pottedplant,pot,pot,0.6505190134048462,0.7882599830627441,0.04900181666016579,0.047200750559568405,1.0,1.0,1.0
rotation_consistent,test_seen,3129,val:2010_004757:part_98,2010_004757,pottedplant,plant,plant,0.43244341015815735,0.6037842631340027,0.25879067182540894,0.939915657043457,1.0,1.0,1.0
rotation_consistent,test_seen,3130,val:2010_004789:part_51,2010_004789,cow,tail,tail,0.03030303120613098,0.05882352963089943,0.5491071343421936,0.0069777583703398705,1.0,0.89892578125,1.0
rotation_consistent,test_seen,3131,val:2010_004789:part_52,2010_004789,cow,head,head,0.5059241652488708,0.671911895275116,0.13956311345100403,0.06498037278652191,1.0,1.0,1.0
rotation_consistent,test_seen,3132,val:2010_004789:part_53,2010_004789,cow,eye,eye,0.0,0.0,0.0,0.0008722197962924838,0.008880615234375,0.0,0.00010889768600463867
rotation_consistent,test_seen,3133,val:2010_004789:part_54,2010_004789,cow,torso,torso,0.7628707885742188,0.8654869198799133,0.11952397227287292,0.660415768623352,1.0,1.0,1.0
rotation_consistent,test_seen,3134,val:2010_004789:part_55,2010_004789,cow,neck,neck,0.1797066032886505,0.30466321110725403,0.10440251231193542,0.02471289411187172,1.0,1.0,1.0
rotation_consistent,test_seen,3135,val:2010_004789:part_56,2010_004789,cow,leg,leg,0.4027882516384125,0.5742680430412292,0.4982064664363861,0.17647914588451385,1.0,1.0,1.0
rotation_consistent,test_seen,3136,val:2010_004789:part_57,2010_004789,cow,ear,ear,0.06666667014360428,0.125,0.801075279712677,0.010175897739827633,0.006877899169921875,0.0,6.920099258422852e-05
rotation_consistent,test_seen,3137,val:2010_004789:part_58,2010_004789,cow,muzzle,muzzle,0.546558678150177,0.7068063020706177,0.2863849699497223,0.02456752397119999,1.0,0.99951171875,1.0
rotation_consistent,test_seen,3138,val:2010_004789:part_59,2010_004789,cow,horn,horn,0.0,0.0,0.569767415523529,0.001453699660487473,0.2100830078125,6.556510925292969e-07,0.00591278076171875
rotation_consistent,test_seen,3139,val:2010_004815:part_43,2010_004815,cat,head,head,0.5726335644721985,0.7282479405403137,0.17760618031024933,0.11638868600130081,1.0,1.0,1.0
rotation_consistent,test_seen,3140,val:2010_004815:part_45,2010_004815,cat,torso,torso,0.7963382005691528,0.8866239190101624,0.10004116594791412,0.7023205161094666,1.0,1.0,1.0
rotation_consistent,test_seen,3141,val:2010_004815:part_47,2010_004815,cat,leg,leg,0.2909415364265442,0.450743168592453,0.23248550295829773,0.1182015985250473,1.0,1.0,1.0
rotation_consistent,test_seen,3142,val:2010_004815:part_48,2010_004815,cat,nose,nose,0.0,0.0,0.0,0.0005438723601400852,1.0,0.9814453125,1.0
rotation_consistent,test_seen,3143,val:2010_004815:part_49,2010_004815,cat,paw,paw,0.2085561454296112,0.3451327383518219,0.49931600689888,0.03136330842971802,1.0,0.99951171875,1.0
rotation_consistent,test_seen,3144,val:2010_004815:part_50,2010_004815,cat,ear,ear,0.422839492559433,0.5943601131439209,0.2389078438282013,0.030456852167844772,0.006877899169921875,0.0,6.920099258422852e-05
rotation_consistent,test_seen,3145,val:2010_004825:part_97,2010_004825,pottedplant,pot,pot,0.0,0.0,0.0,0.15849056839942932,1.0,1.0,1.0
rotation_consistent,test_seen,3146,val:2010_004825:part_98,2010_004825,pottedplant,plant,plant,0.22756409645080566,0.37075719237327576,0.5927551984786987,0.44905659556388855,1.0,1.0,1.0
rotation_consistent,test_seen,3147,val:2010_004828:part_20,2010_004828,bottle,body,body,0.28979015350341797,0.4493601322174072,0.19174635410308838,0.4056399166584015,1.0,1.0,1.0
rotation_consistent,test_seen,3148,val:2010_004828:part_21,2010_004828,bottle,cap,cap,0.0,0.0,0.0,0.009219088591635227,1.0,0.98876953125,1.0
rotation_consistent,test_seen,3149,val:2010_004856:part_71,2010_004856,horse,head,head,0.6186374425888062,0.7643928527832031,0.09042973816394806,0.15172326564788818,1.0,1.0,1.0
rotation_consistent,test_seen,3150,val:2010_004856:part_72,2010_004856,horse,eye,eye,0.0,0.0,0.01587301678955555,0.0006930880481377244,0.008880615234375,0.0,0.00010889768600463867
rotation_consistent,test_seen,3151,val:2010_004856:part_73,2010_004856,horse,torso,torso,0.39736565947532654,0.5687354207038879,0.08539192378520966,0.2248125523328781,1.0,1.0,1.0
rotation_consistent,test_seen,3152,val:2010_004856:part_74,2010_004856,horse,neck,neck,0.6866135001182556,0.8141918778419495,0.049017902463674545,0.5412387251853943,1.0,1.0,1.0
rotation_consistent,test_seen,3153,val:2010_004856:part_76,2010_004856,horse,ear,ear,0.34942084550857544,0.5178827047348022,0.5129870176315308,0.014932896941900253,0.006877899169921875,0.0,6.920099258422852e-05
rotation_consistent,test_seen,3154,val:2010_004856:part_77,2010_004856,horse,muzzle,muzzle,0.3320844769477844,0.4985937178134918,0.1803840845823288,0.06269296258687973,1.0,0.99951171875,1.0
rotation_consistent,test_seen,3155,val:2010_004857:part_115,2010_004857,tvmonitor,screen,screen,0.08091603219509125,0.1497175097465515,0.3366285264492035,0.07464893162250519,1.0,0.99951171875,1.0
rotation_consistent,test_seen,3156,val:2010_004861:part_42,2010_004861,cat,tail,tail,0.6648199558258057,0.7986688613891602,0.1756756752729416,0.06616769731044769,1.0,0.89892578125,1.0
rotation_consistent,test_seen,3157,val:2010_004861:part_43,2010_004861,cat,head,head,0.6251550316810608,0.7693482041358948,0.02307499386370182,0.2781212627887726,1.0,1.0,1.0
rotation_consistent,test_seen,3158,val:2010_004861:part_44,2010_004861,cat,eye,eye,0.3030303120613098,0.4651162922382355,0.0,0.009328560903668404,0.008880615234375,0.0,0.00010889768600463867
rotation_consistent,test_seen,3159,val:2010_004861:part_45,2010_004861,cat,torso,torso,0.7267861366271973,0.8417789936065674,0.037683360278606415,0.37596267461776733,1.0,1.0,1.0
rotation_consistent,test_seen,3160,val:2010_004861:part_47,2010_004861,cat,leg,leg,0.10698448121547699,0.19328993558883667,0.019517796114087105,0.027660267427563667,1.0,1.0,1.0
rotation_consistent,test_seen,3161,val:2010_004861:part_48,2010_004861,cat,nose,nose,0.019417475908994675,0.03809523954987526,0.0,0.0029287340585142374,1.0,0.9814453125,1.0
rotation_consistent,test_seen,3162,val:2010_004861:part_49,2010_004861,cat,paw,paw,0.5508474707603455,0.7103825211524963,0.16484716534614563,0.05944245681166649,1.0,0.99951171875,1.0
rotation_consistent,test_seen,3163,val:2010_004861:part_50,2010_004861,cat,ear,ear,0.6757656335830688,0.8065156936645508,0.21177369356155396,0.13114219903945923,0.006877899169921875,0.0,6.920099258422852e-05
rotation_consistent,test_seen,3164,val:2010_004951:part_83,2010_004951,person,head,head,0.0,0.0,0.8618784546852112,0.13656388223171234,1.0,1.0,1.0
rotation_consistent,test_seen,3165,val:2010_004951:part_85,2010_004951,person,torso,torso,0.0,0.0,1.0,0.25550660490989685,1.0,1.0,1.0
rotation_consistent,test_seen,3166,val:2010_004951:part_90,2010_004951,person,ear,ear,0.0,0.0,0.0,0.039647575467824936,0.006877899169921875,0.0,6.920099258422852e-05
rotation_consistent,test_seen,3167,val:2010_004951:part_94,2010_004951,person,lower arm,lower arm,0.0,0.0,0.0,0.1629955917596817,1.0,1.0,1.0
rotation_consistent,test_seen,3168,val:2010_004951:part_95,2010_004951,person,upper arm,upper arm,0.0,0.0,0.0,0.30837005376815796,1.0,0.9990234375,1.0
rotation_consistent,test_seen,3169,val:2010_004951:part_96,2010_004951,person,hand,hand,0.0,0.0,0.0,0.07048457860946655,1.0,0.99853515625,1.0
rotation_consistent,test_seen,3170,val:2010_004951:part_109,2010_004951,train,head,head,0.0,0.0,0.011390949599444866,0.0001373136037727818,1.0,1.0,1.0
rotation_consistent,test_seen,3171,val:2010_004980:part_108,2010_004980,train,headlight,headlight,0.0,0.0,0.0,0.005668016150593758,0.99951171875,0.493896484375,0.99609375
rotation_consistent,test_seen,3172,val:2010_004980:part_109,2010_004980,train,head,head,0.2931937277317047,0.4534412920475006,0.1850220263004303,0.11214575171470642,1.0,1.0,1.0
rotation_consistent,test_seen,3173,val:2010_004980:part_110,2010_004980,train,front,front,0.8003169298171997,0.88908451795578,0.019939906895160675,0.6386639475822449,1.0,1.0,1.0
rotation_consistent,test_seen,3174,val:2010_004980:part_111,2010_004980,train,side,side,0.6217070817947388,0.7667316198348999,0.10823653638362885,0.2396761178970337,1.0,1.0,1.0
rotation_consistent,test_seen,3175,val:2010_004980:part_114,2010_004980,train,coach,coach,0.00039494471275247633,0.0007895775488577783,0.0734887421131134,0.0004048582923132926,1.0,1.0,1.0
rotation_consistent,test_seen,3176,val:2010_005021:part_43,2010_005021,cat,head,head,0.7234811186790466,0.839557945728302,0.03887399286031723,0.13462567329406738,1.0,1.0,1.0
rotation_consistent,test_seen,3177,val:2010_005021:part_44,2010_005021,cat,eye,eye,0.11486486345529556,0.20606060326099396,0.0,0.005649045575410128,0.008880615234375,0.0,0.00010889768600463867
rotation_consistent,test_seen,3178,val:2010_005021:part_45,2010_005021,cat,torso,torso,0.7930048108100891,0.8845540285110474,0.07194089889526367,0.661592423915863,1.0,1.0,1.0
rotation_consistent,test_seen,3179,val:2010_005021:part_46,2010_005021,cat,neck,neck,0.2240762859582901,0.36611488461494446,0.0,0.034726765006780624,1.0,1.0,1.0
rotation_consistent,test_seen,3180,val:2010_005021:part_47,2010_005021,cat,leg,leg,0.654348611831665,0.791064977645874,0.05540592595934868,0.10899684578180313,1.0,1.0,1.0
rotation_consistent,test_seen,3181,val:2010_005021:part_48,2010_005021,cat,nose,nose,0.1666666716337204,0.2857142984867096,0.0,0.001962300157174468,1.0,0.9814453125,1.0
rotation_consistent,test_seen,3182,val:2010_005021:part_50,2010_005021,cat,ear,ear,0.5047961473464966,0.6709163188934326,0.1328125,0.028958791866898537,0.006877899169921875,0.0,6.920099258422852e-05
rotation_consistent,test_seen,3183,val:2010_005046:part_83,2010_005046,person,head,head,0.6318114995956421,0.7743682265281677,0.033149171620607376,0.06852766126394272,1.0,1.0,1.0
rotation_consistent,test_seen,3184,val:2010_005046:part_84,2010_005046,person,eye,eye,0.09701492637395859,0.17687074840068817,0.0,0.0017478922381997108,0.008880615234375,0.0,0.00010889768600463867
rotation_consistent,test_seen,3185,val:2010_005046:part_85,2010_005046,person,torso,torso,0.5020290017127991,0.6684677600860596,0.07055852562189102,0.1867160201072693,1.0,1.0,1.0
rotation_consistent,test_seen,3186,val:2010_005046:part_86,2010_005046,person,neck,neck,0.19957983493804932,0.3327495753765106,0.0,0.01120707392692566,1.0,1.0,1.0
rotation_consistent,test_seen,3187,val:2010_005046:part_89,2010_005046,person,nose,nose,0.3478260934352875,0.5161290168762207,0.0,0.003958461806178093,1.0,0.9814453125,1.0
rotation_consistent,test_seen,3188,val:2010_005046:part_90,2010_005046,person,ear,ear,0.3636363744735718,0.5333333611488342,0.05681818351149559,0.003958461806178093,0.006877899169921875,0.0,6.920099258422852e-05
rotation_consistent,test_seen,3189,val:2010_005046:part_91,2010_005046,person,eyebrow,eyebrow,0.03205128386616707,0.06211180239915848,0.0,0.0016450750408694148,0.0010118484497070312,0.0,7.152557373046875e-06
rotation_consistent,test_seen,3190,val:2010_005046:part_92,2010_005046,person,mouth,mouth,0.48201438784599304,0.6504854559898376,0.0,0.0034957844763994217,1.0,0.998046875,1.0
rotation_consistent,test_seen,3191,val:2010_005046:part_93,2010_005046,person,hair,hair,0.2667238414287567,0.4211238920688629,0.058568328619003296,0.033364176750183105,1.0,0.958984375,1.0
rotation_consistent,test_seen,3192,val:2010_005046:part_94,2010_005046,person,lower arm,lower arm,0.5034455060958862,0.669722318649292,0.09798271209001541,0.06580299884080887,1.0,1.0,1.0
rotation_consistent,test_seen,3193,val:2010_005046:part_95,2010_005046,person,upper arm,upper arm,0.7475524544715881,0.8555422425270081,0.031148135662078857,0.11500103026628494,1.0,0.9990234375,1.0
rotation_consistent,test_seen,3194,val:2010_005046:part_96,2010_005046,person,hand,hand,0.47734326124191284,0.646218478679657,0.19111424684524536,0.04945506900548935,1.0,0.99853515625,1.0
rotation_consistent,test_seen,3195,val:2010_005063:part_22,2010_005063,bus,wheel,wheel,0.0,0.0,0.32777777314186096,0.003475370118394494,1.0,0.9990234375,1.0
rotation_consistent,test_seen,3196,val:2010_005063:part_23,2010_005063,bus,headlight,headlight,0.0,0.0,0.0,0.0006044122274033725,0.99951171875,0.493896484375,0.99609375
rotation_consistent,test_seen,3197,val:2010_005063:part_24,2010_005063,bus,front,front,0.0,0.0,0.07495789229869843,0.0036264732480049133,1.0,1.0,1.0
rotation_consistent,test_seen,3198,val:2010_005063:part_25,2010_005063,bus,side,side,0.15210884809494019,0.2640528976917267,0.21197278797626495,0.0844666063785553,1.0,1.0,1.0
rotation_consistent,test_seen,3199,val:2010_005063:part_31,2010_005063,bus,window,window,0.13495701551437378,0.23781873285770416,0.053340982645750046,0.07162284851074219,1.0,0.935546875,1.0
rotation_consistent,test_seen,3200,val:2010_005108:part_43,2010_005108,cat,head,head,0.7632986903190613,0.8657622337341309,0.06740157306194305,0.2982122004032135,1.0,1.0,1.0
rotation_consistent,test_seen,3201,val:2010_005108:part_44,2010_005108,cat,eye,eye,0.4797687828540802,0.6484375,0.0,0.011365731246769428,0.008880615234375,0.0,0.00010889768600463867
rotation_consistent,test_seen,3202,val:2010_005108:part_45,2010_005108,cat,torso,torso,0.33245906233787537,0.49901580810546875,0.06681151688098907,0.22651594877243042,1.0,1.0,1.0
rotation_consistent,test_seen,3203,val:2010_005108:part_48,2010_005108,cat,nose,nose,0.4883720874786377,0.65625,0.0,0.0045462921261787415,1.0,0.9814453125,1.0
rotation_consistent,test_seen,3204,val:2010_005108:part_50,2010_005108,cat,ear,ear,0.5911812782287598,0.7430722117424011,0.18337130546569824,0.07169625908136368,0.006877899169921875,0.0,6.920099258422852e-05
rotation_consistent,test_seen,3205,val:2010_005118:part_22,2010_005118,bus,wheel,wheel,0.16379310190677643,0.28148147463798523,0.5111111402511597,0.0037338200490921736,1.0,0.9990234375,1.0
rotation_consistent,test_seen,3206,val:2010_005118:part_23,2010_005118,bus,headlight,headlight,0.10835913568735123,0.1955307275056839,0.0,0.007052771281450987,0.99951171875,0.493896484375,0.99609375
rotation_consistent,test_seen,3207,val:2010_005118:part_24,2010_005118,bus,front,front,0.640547513961792,0.7808948159217834,0.09300000220537186,0.2713242471218109,1.0,1.0,1.0
rotation_consistent,test_seen,3208,val:2010_005118:part_25,2010_005118,bus,side,side,0.37330251932144165,0.5436566472053528,0.16378282010555267,0.23249253630638123,1.0,1.0,1.0
rotation_consistent,test_seen,3209,val:2010_005118:part_28,2010_005118,bus,mirror,mirror,0.1774960309267044,0.3014804720878601,0.02222222276031971,0.03924659639596939,0.013275146484375,0.0,0.00027370452880859375
rotation_consistent,test_seen,3210,val:2010_005118:part_30,2010_005118,bus,door,door,0.614602267742157,0.7613048553466797,0.0660565048456192,0.16030533611774445,1.0,0.9990234375,1.0
rotation_consistent,test_seen,3211,val:2010_005118:part_31,2010_005118,bus,window,window,0.5998181700706482,0.7498579621315002,0.06374066323041916,0.2744772732257843,1.0,0.935546875,1.0
rotation_consistent,test_seen,3212,val:2010_005160:part_25,2010_005160,bus,side,side,0.27023541927337646,0.4254887104034424,0.16839714348316193,0.3267251253128052,1.0,1.0,1.0
rotation_consistent,test_seen,3213,val:2010_005160:part_31,2010_005160,bus,window,window,0.6027460098266602,0.7521416544914246,0.0,0.6694624423980713,1.0,0.935546875,1.0
rotation_consistent,test_seen,3214,val:2010_005166:part_52,2010_005166,cow,head,head,0.28834354877471924,0.4476190507411957,0.10799136012792587,0.09720605611801147,1.0,1.0,1.0
rotation_consistent,test_seen,3215,val:2010_005166:part_53,2010_005166,cow,eye,eye,0.0,0.0,0.0,0.0023282887414097786,0.008880615234375,0.0,0.00010889768600463867
rotation_consistent,test_seen,3216,val:2010_005166:part_54,2010_005166,cow,torso,torso,0.5265519618988037,0.6898579001426697,0.09621993452310562,0.5104773044586182,1.0,1.0,1.0
rotation_consistent,test_seen,3217,val:2010_005166:part_55,2010_005166,cow,neck,neck,0.20000000298023224,0.3333333432674408,0.06280193477869034,0.06635622680187225,1.0,1.0,1.0
rotation_consistent,test_seen,3218,val:2010_005166:part_56,2010_005166,cow,leg,leg,0.15899281203746796,0.27436375617980957,0.28081122040748596,0.19150175154209137,1.0,1.0,1.0
rotation_consistent,test_seen,3219,val:2010_005166:part_57,2010_005166,cow,ear,ear,0.0,0.0,0.0,0.03667054697871208,0.006877899169921875,0.0,6.920099258422852e-05
rotation_consistent,test_seen,3220,val:2010_005166:part_58,2010_005166,cow,muzzle,muzzle,0.297468364238739,0.4585365951061249,0.17167381942272186,0.08672875165939331,1.0,0.99951171875,1.0
rotation_consistent,test_seen,3221,val:2010_005174:part_71,2010_005174,horse,head,head,0.6704015135765076,0.8026830554008484,0.059349074959754944,0.15872903168201447,1.0,1.0,1.0
rotation_consistent,test_seen,3222,val:2010_005174:part_72,2010_005174,horse,eye,eye,0.2832369804382324,0.44144144654273987,0.13294798135757446,0.003483082167804241,0.008880615234375,0.0,0.00010889768600463867
rotation_consistent,test_seen,3223,val:2010_005174:part_73,2010_005174,horse,torso,torso,0.6641046404838562,0.798152506351471,0.040407855063676834,0.346886545419693,1.0,1.0,1.0
rotation_consistent,test_seen,3224,val:2010_005174:part_74,2010_005174,horse,neck,neck,0.8471185564994812,0.9172324538230896,0.06439628452062607,0.2101222574710846,1.0,1.0,1.0
rotation_consistent,test_seen,3225,val:2010_005174:part_75,2010_005174,horse,leg,leg,0.33163973689079285,0.49809226393699646,0.3642311990261078,0.07456639409065247,1.0,1.0,1.0
rotation_consistent,test_seen,3226,val:2010_005174:part_76,2010_005174,horse,ear,ear,0.4356725215911865,0.6069246530532837,0.29482072591781616,0.03333807364106178,0.006877899169921875,0.0,6.920099258422852e-05
rotation_consistent,test_seen,3227,val:2010_005174:part_77,2010_005174,horse,muzzle,muzzle,0.7968855500221252,0.8869630694389343,0.09419044107198715,0.1705288589000702,1.0,0.99951171875,1.0
rotation_consistent,test_seen,3228,val:2010_005180:part_115,2010_005180,tvmonitor,screen,screen,0.6385869383811951,0.7794361710548401,0.03200000151991844,0.8022727370262146,1.0,0.99951171875,1.0
rotation_consistent,test_seen,3229,val:2010_005187:part_97,2010_005187,pottedplant,pot,pot,0.1783783733844757,0.302752286195755,0.2673286497592926,0.21536226570606232,1.0,1.0,1.0
rotation_consistent,test_seen,3230,val:2010_005187:part_98,2010_005187,pottedplant,plant,plant,0.0,0.0,0.0,0.015253313817083836,1.0,1.0,1.0
rotation_consistent,test_seen,3231,val:2010_005245:part_87,2010_005245,person,leg,leg,0.0,0.0,0.6397849321365356,0.0015748031437397003,1.0,1.0,1.0
rotation_consistent,test_seen,3232,val:2010_005284:part_22,2010_005284,bus,wheel,wheel,0.149769589304924,0.2605210542678833,0.07506702095270157,0.009902546182274818,1.0,0.9990234375,1.0
rotation_consistent,test_seen,3233,val:2010_005284:part_23,2010_005284,bus,headlight,headlight,0.4000000059604645,0.5714285969734192,0.02083333395421505,0.010374096222221851,0.99951171875,0.493896484375,0.99609375
rotation_consistent,test_seen,3234,val:2010_005284:part_24,2010_005284,bus,front,front,0.6192624568939209,0.764869749546051,0.10134334117174149,0.2509430944919586,1.0,1.0,1.0
rotation_consistent,test_seen,3235,val:2010_005284:part_25,2010_005284,bus,side,side,0.5218534469604492,0.6858130097389221,0.0935334861278534,0.2514932453632355,1.0,1.0,1.0
rotation_consistent,test_seen,3236,val:2010_005284:part_28,2010_005284,bus,mirror,mirror,0.3876221477985382,0.5586854219436646,0.0,0.019097767770290375,0.013275146484375,0.0,0.00027370452880859375
rotation_consistent,test_seen,3237,val:2010_005284:part_30,2010_005284,bus,door,door,0.35283252596855164,0.5216203927993774,0.0,0.04652624949812889,1.0,0.9990234375,1.0
rotation_consistent,test_seen,3238,val:2010_005284:part_31,2010_005284,bus,window,window,0.7728954553604126,0.8719019293785095,0.04694835841655731,0.4015246629714966,1.0,0.935546875,1.0
rotation_consistent,test_seen,3239,val:2010_005305:part_97,2010_005305,pottedplant,pot,pot,0.38141027092933655,0.5522041916847229,0.40487805008888245,0.5472155213356018,1.0,1.0,1.0
rotation_consistent,test_seen,3240,val:2010_005305:part_98,2010_005305,pottedplant,plant,plant,0.0,0.0,0.0,0.4527845084667206,1.0,1.0,1.0
rotation_consistent,test_seen,3241,val:2010_005344:part_42,2010_005344,cat,tail,tail,0.401553213596344,0.5730117559432983,0.15921930968761444,0.06707754731178284,1.0,0.89892578125,1.0
rotation_consistent,test_seen,3242,val:2010_005344:part_43,2010_005344,cat,head,head,0.6360028982162476,0.7775082588195801,0.05524449422955513,0.11105792224407196,1.0,1.0,1.0
rotation_consistent,test_seen,3243,val:2010_005344:part_44,2010_005344,cat,eye,eye,0.08898305147886276,0.16342411935329437,0.0,0.002991862129420042,0.008880615234375,0.0,0.00010889768600463867
rotation_consistent,test_seen,3244,val:2010_005344:part_45,2010_005344,cat,torso,torso,0.49777740240097046,0.6646881103515625,0.08676306903362274,0.34909048676490784,1.0,1.0,1.0
rotation_consistent,test_seen,3245,val:2010_005344:part_47,2010_005344,cat,leg,leg,0.4066762328147888,0.5782087445259094,0.25592246651649475,0.06779559701681137,1.0,1.0,1.0
rotation_consistent,test_seen,3246,val:2010_005344:part_48,2010_005344,cat,nose,nose,0.13513512909412384,0.2380952388048172,0.0,0.0008975586388260126,1.0,0.9814453125,1.0
rotation_consistent,test_seen,3247,val:2010_005344:part_49,2010_005344,cat,paw,paw,0.4012269973754883,0.5726795196533203,0.2656826674938202,0.01968645304441452,1.0,0.99951171875,1.0
rotation_consistent,test_seen,3248,val:2010_005344:part_50,2010_005344,cat,ear,ear,0.2564377784729004,0.40819811820983887,0.25917431712150574,0.017891336232423782,0.006877899169921875,0.0,6.920099258422852e-05
rotation_consistent,test_seen,3249,val:2010_005421:part_42,2010_005421,cat,tail,tail,0.13953489065170288,0.2448979616165161,0.8262107968330383,0.06104523316025734,1.0,0.89892578125,1.0
rotation_consistent,test_seen,3250,val:2010_005421:part_43,2010_005421,cat,head,head,0.66847825050354,0.8013029098510742,0.12364130467176437,0.21607378125190735,1.0,1.0,1.0
rotation_consistent,test_seen,3251,val:2010_005421:part_44,2010_005421,cat,eye,eye,0.14102564752101898,0.24719101190567017,0.0,0.0065876152366399765,0.008880615234375,0.0,0.00010889768600463867
rotation_consistent,test_seen,3252,val:2010_005421:part_45,2010_005421,cat,torso,torso,0.5482673048973083,0.7082334160804749,0.20102106034755707,0.4106280207633972,1.0,1.0,1.0
rotation_consistent,test_seen,3253,val:2010_005421:part_47,2010_005421,cat,leg,leg,0.4441656172275543,0.6151173114776611,0.16137565672397614,0.17347386479377747,1.0,1.0,1.0
rotation_consistent,test_seen,3254,val:2010_005421:part_48,2010_005421,cat,nose,nose,0.0,0.0,0.0,0.003952569328248501,1.0,0.9814453125,1.0
rotation_consistent,test_seen,3255,val:2010_005421:part_49,2010_005421,cat,paw,paw,0.24137930572032928,0.3888888955116272,0.35185185074806213,0.06324110925197601,1.0,0.99951171875,1.0
rotation_consistent,test_seen,3256,val:2010_005421:part_50,2010_005421,cat,ear,ear,0.1843971610069275,0.31137725710868835,0.567375898361206,0.022837067022919655,0.006877899169921875,0.0,6.920099258422852e-05
rotation_consistent,test_seen,3257,val:2010_005496:part_20,2010_005496,bottle,body,body,0.8883872032165527,0.9408951997756958,0.06761956959962845,0.961901068687439,1.0,1.0,1.0
rotation_consistent,test_seen,3258,val:2010_005496:part_21,2010_005496,bottle,cap,cap,0.2591415047645569,0.41161617636680603,0.6224831938743591,0.03771406412124634,1.0,0.98876953125,1.0
rotation_consistent,test_seen,3259,val:2010_005508:part_43,2010_005508,cat,head,head,0.6480545401573181,0.7864479422569275,0.23193500936031342,0.4679228961467743,1.0,1.0,1.0
rotation_consistent,test_seen,3260,val:2010_005508:part_44,2010_005508,cat,eye,eye,0.4069148898124695,0.5784499049186707,0.023255813866853714,0.016857249662280083,0.008880615234375,0.0,0.00010889768600463867
rotation_consistent,test_seen,3261,val:2010_005508:part_45,2010_005508,cat,torso,torso,0.5058150291442871,0.6718155741691589,0.31512683629989624,0.3225962221622467,1.0,1.0,1.0
rotation_consistent,test_seen,3262,val:2010_005508:part_46,2010_005508,cat,neck,neck,0.15563614666461945,0.26935145258903503,0.3076923191547394,0.03500295430421829,1.0,1.0,1.0
rotation_consistent,test_seen,3263,val:2010_005508:part_48,2010_005508,cat,nose,nose,0.34117648005485535,0.5087719559669495,0.0552995391190052,0.006710688583552837,1.0,0.9814453125,1.0
rotation_consistent,test_seen,3264,val:2010_005508:part_50,2010_005508,cat,ear,ear,0.5989418029785156,0.7491727471351624,0.16432464122772217,0.1372738480567932,0.006877899169921875,0.0,6.920099258422852e-05
rotation_consistent,test_seen,3265,val:2010_005534:part_0,2010_005534,aeroplane,body,body,0.5379061102867126,0.6995305418968201,0.13049514591693878,0.41873741149902344,1.0,1.0,1.0
rotation_consistent,test_seen,3266,val:2010_005534:part_1,2010_005534,aeroplane,stern,stern,0.6845637559890747,0.8127490282058716,0.2790960371494293,0.20852921903133392,1.0,1.0,1.0
rotation_consistent,test_seen,3267,val:2010_005534:part_2,2010_005534,aeroplane,wing,wing,0.4842209219932556,0.6524916887283325,0.18788820505142212,0.28912022709846497,0.99853515625,0.00031757354736328125,0.962890625
rotation_consistent,test_seen,3268,val:2010_005582:part_20,2010_005582,bottle,body,body,0.49022555351257324,0.657921314239502,0.3414141535758972,0.9483747482299805,1.0,1.0,1.0
rotation_consistent,test_seen,3269,val:2010_005582:part_21,2010_005582,bottle,cap,cap,0.0,0.0,0.20417633652687073,0.03441682457923889,1.0,0.98876953125,1.0
rotation_consistent,test_seen,3270,val:2010_005606:part_42,2010_005606,cat,tail,tail,0.5910652875900269,0.7429805397987366,0.2572283148765564,0.1662098616361618,1.0,0.89892578125,1.0
rotation_consistent,test_seen,3271,val:2010_005606:part_43,2010_005606,cat,head,head,0.5541871786117554,0.7131537199020386,0.0760309249162674,0.09514486789703369,1.0,1.0,1.0
rotation_consistent,test_seen,3272,val:2010_005606:part_44,2010_005606,cat,eye,eye,0.0,0.0,0.0,0.0015661707147955894,0.008880615234375,0.0,0.00010889768600463867
rotation_consistent,test_seen,3273,val:2010_005606:part_45,2010_005606,cat,torso,torso,0.3936846852302551,0.5649551749229431,0.1267605572938919,0.3392717242240906,1.0,1.0,1.0
rotation_consistent,test_seen,3274,val:2010_005606:part_46,2010_005606,cat,neck,neck,0.29158109426498413,0.45151033997535706,0.014450866729021072,0.05540328845381737,1.0,1.0,1.0
rotation_consistent,test_seen,3275,val:2010_005606:part_47,2010_005606,cat,leg,leg,0.3856011927127838,0.5565832257270813,0.05966697633266449,0.2963978052139282,1.0,1.0,1.0
rotation_consistent,test_seen,3276,val:2010_005606:part_48,2010_005606,cat,nose,nose,0.0,0.0,0.0,0.0035238841082900763,1.0,0.9814453125,1.0
rotation_consistent,test_seen,3277,val:2010_005606:part_49,2010_005606,cat,paw,paw,0.012345679104328156,0.024390242993831635,0.48571428656578064,0.018402505666017532,1.0,0.99951171875,1.0
rotation_consistent,test_seen,3278,val:2010_005606:part_50,2010_005606,cat,ear,ear,0.1826280653476715,0.3088512122631073,0.275943398475647,0.0209475327283144,0.006877899169921875,0.0,6.920099258422852e-05
rotation_consistent,test_seen,3279,val:2010_005606:part_85,2010_005606,person,torso,torso,0.0,0.0,0.39008620381355286,0.0022880216129124165,1.0,1.0,1.0
rotation_consistent,test_seen,3280,val:2010_005606:part_86,2010_005606,person,neck,neck,0.0,0.0,0.0,0.0002691789995878935,1.0,1.0,1.0
rotation_consistent,test_seen,3281,val:2010_005626:part_83,2010_005626,person,head,head,0.3108910918235779,0.4743202328681946,0.055832501500844955,0.028591787442564964,1.0,1.0,1.0
rotation_consistent,test_seen,3282,val:2010_005626:part_84,2010_005626,person,eye,eye,0.0,0.0,0.0,0.0007125679403543472,0.008880615234375,0.0,0.00010889768600463867
rotation_consistent,test_seen,3283,val:2010_005626:part_85,2010_005626,person,torso,torso,0.4394426643848419,0.6105733513832092,0.14169570803642273,0.12879665195941925,1.0,1.0,1.0
rotation_consistent,test_seen,3284,val:2010_005626:part_86,2010_005626,person,neck,neck,0.49367088079452515,0.6610169410705566,0.0,0.013360648415982723,1.0,1.0,1.0
rotation_consistent,test_seen,3285,val:2010_005626:part_87,2010_005626,person,leg,leg,0.3849579393863678,0.5559128522872925,0.22889772057533264,0.06992072612047195,1.0,1.0,1.0
rotation_consistent,test_seen,3286,val:2010_005626:part_89,2010_005626,person,nose,nose,0.19512194395065308,0.3265306055545807,0.3333333432674408,0.0014251358807086945,1.0,0.9814453125,1.0
rotation_consistent,test_seen,3287,val:2010_005626:part_90,2010_005626,person,ear,ear,0.0,0.0,0.0,0.004275407642126083,0.006877899169921875,0.0,6.920099258422852e-05
rotation_consistent,test_seen,3288,val:2010_005626:part_91,2010_005626,person,eyebrow,eyebrow,0.0,0.0,0.0,0.00044535493361763656,0.0010118484497070312,0.0,7.152557373046875e-06
rotation_consistent,test_seen,3289,val:2010_005626:part_92,2010_005626,person,mouth,mouth,0.28125,0.4390243887901306,0.21875,0.0008016389328986406,1.0,0.998046875,1.0
rotation_consistent,test_seen,3290,val:2010_005626:part_93,2010_005626,person,hair,hair,0.5590164065361023,0.7171398401260376,0.2132352888584137,0.036251891404390335,1.0,0.958984375,1.0
rotation_consistent,test_seen,3291,val:2010_005626:part_94,2010_005626,person,lower arm,lower arm,0.3579952120780945,0.5272407531738281,0.14565004408359528,0.060924556106328964,1.0,1.0,1.0
rotation_consistent,test_seen,3292,val:2010_005626:part_95,2010_005626,person,upper arm,upper arm,0.40184757113456726,0.5733113884925842,0.1497005969285965,0.09726551920175552,1.0,0.9990234375,1.0
rotation_consistent,test_seen,3293,val:2010_005626:part_96,2010_005626,person,hand,hand,0.00599700165912509,0.0119225038215518,0.31761786341667175,0.023871025070548058,1.0,0.99853515625,1.0
rotation_consistent,test_seen,3294,val:2010_005664:part_6,2010_005664,bicycle,wheel,wheel,0.18429003655910492,0.31122449040412903,0.4873887300491333,0.5672651529312134,1.0,0.9990234375,1.0
rotation_consistent,test_seen,3295,val:2010_005664:part_7,2010_005664,bicycle,saddle,saddle,0.3351351320743561,0.5020242929458618,0.36657682061195374,0.09627895057201385,1.0,0.99951171875,1.0
rotation_consistent,test_seen,3296,val:2010_005664:part_8,2010_005664,bicycle,handlebar,handlebar,0.0,0.0,0.3344481587409973,0.038771793246269226,1.0,1.0,1.0
rotation_consistent,test_seen,3297,val:2010_005664:part_9,2010_005664,bicycle,chainwheel,chainwheel,0.19217081367969513,0.32238805294036865,0.2122448980808258,0.04683840647339821,1.0,0.99462890625,1.0
rotation_consistent,test_seen,3298,val:2010_005706:part_109,2010_005706,train,head,head,0.031128404662013054,0.06037735939025879,0.17026850581169128,0.017686692997813225,1.0,1.0,1.0
rotation_consistent,test_seen,3299,val:2010_005706:part_110,2010_005706,train,front,front,0.26931819319725037,0.42435094714164734,0.09080325812101364,0.07243122160434723,1.0,1.0,1.0
rotation_consistent,test_seen,3300,val:2010_005706:part_111,2010_005706,train,side,side,0.6908310055732727,0.8171496987342834,0.19076305627822876,0.9006176590919495,1.0,1.0,1.0
rotation_consistent,test_seen,3301,val:2010_005709:part_42,2010_005709,cat,tail,tail,0.03989361599087715,0.07672633975744247,0.2777777910232544,0.19734345376491547,1.0,0.89892578125,1.0
rotation_consistent,test_seen,3302,val:2010_005709:part_43,2010_005709,cat,head,head,0.6069056987762451,0.7553719282150269,0.05401661992073059,0.13228517770767212,1.0,1.0,1.0
rotation_consistent,test_seen,3303,val:2010_005709:part_44,2010_005709,cat,eye,eye,0.0,0.0,0.0,0.0037950663827359676,0.008880615234375,0.0,0.00010889768600463867
rotation_consistent,test_seen,3304,val:2010_005709:part_45,2010_005709,cat,torso,torso,0.2520985007286072,0.4026815593242645,0.18247970938682556,0.2445107102394104,1.0,1.0,1.0
rotation_consistent,test_seen,3305,val:2010_005709:part_46,2010_005709,cat,neck,neck,0.25076451897621155,0.4009779989719391,0.08560311049222946,0.0412035770714283,1.0,1.0,1.0
rotation_consistent,test_seen,3306,val:2010_005709:part_47,2010_005709,cat,leg,leg,0.016220027580857277,0.03192227706313133,0.4036017060279846,0.13472485542297363,1.0,1.0,1.0
rotation_consistent,test_seen,3307,val:2010_005709:part_48,2010_005709,cat,nose,nose,0.0,0.0,0.0,0.002439685631543398,1.0,0.9814453125,1.0
rotation_consistent,test_seen,3308,val:2010_005709:part_49,2010_005709,cat,paw,paw,0.0,0.0,0.2150537669658661,0.024939008057117462,1.0,0.99951171875,1.0
rotation_consistent,test_seen,3309,val:2010_005709:part_50,2010_005709,cat,ear,ear,0.11913357675075531,0.21290323138237,0.2033195048570633,0.018704256042838097,0.006877899169921875,0.0,6.920099258422852e-05
rotation_consistent,test_seen,3310,val:2010_005709:part_83,2010_005709,person,head,head,0.0,0.0,0.036330606788396835,0.0030323450919240713,1.0,1.0,1.0
rotation_consistent,test_seen,3311,val:2010_005709:part_85,2010_005709,person,torso,torso,0.0,0.0,0.4119947850704193,0.0026111858896911144,1.0,1.0,1.0
rotation_consistent,test_seen,3312,val:2010_005709:part_86,2010_005709,person,neck,neck,0.0,0.0,0.0,0.0008423180552199483,1.0,1.0,1.0
rotation_consistent,test_seen,3313,val:2010_005709:part_87,2010_005709,person,leg,leg,0.0007649938925169408,0.0015288182767108083,0.1114184707403183,0.0028638814110308886,1.0,1.0,1.0
rotation_consistent,test_seen,3314,val:2010_005709:part_90,2010_005709,person,ear,ear,0.0,0.0,0.43209877610206604,0.0001684352318989113,0.006877899169921875,0.0,6.920099258422852e-05
rotation_consistent,test_seen,3315,val:2010_005718:part_0,2010_005718,aeroplane,body,body,0.44400396943092346,0.6149622797966003,0.24717894196510315,0.49599623680114746,1.0,1.0,1.0
rotation_consistent,test_seen,3316,val:2010_005718:part_1,2010_005718,aeroplane,stern,stern,0.49288254976272583,0.660309910774231,0.28966790437698364,0.13989637792110443,1.0,1.0,1.0
rotation_consistent,test_seen,3317,val:2010_005718:part_2,2010_005718,aeroplane,wing,wing,0.24201680719852448,0.3897158205509186,0.4161849617958069,0.10362694412469864,0.99853515625,0.00031757354736328125,0.962890625
rotation_consistent,test_seen,3318,val:2010_005718:part_4,2010_005718,aeroplane,engine,engine,0.4795698821544647,0.6482558250427246,0.006369426846504211,0.17616580426692963,1.0,0.99951171875,1.0
rotation_consistent,test_seen,3319,val:2010_005718:part_5,2010_005718,aeroplane,wheel,wheel,0.0,0.0,0.0,0.026848798617720604,1.0,0.9990234375,1.0
rotation_consistent,test_seen,3320,val:2010_005727:part_109,2010_005727,train,head,head,0.0815899595618248,0.1508704125881195,0.10218977928161621,0.042828284204006195,1.0,1.0,1.0
rotation_consistent,test_seen,3321,val:2010_005727:part_110,2010_005727,train,front,front,0.7293016314506531,0.8434637784957886,0.15121951699256897,0.23676767945289612,1.0,1.0,1.0
rotation_consistent,test_seen,3322,val:2010_005727:part_111,2010_005727,train,side,side,0.6171382069587708,0.7632473111152649,0.16931553184986115,0.6517171859741211,1.0,1.0,1.0
rotation_consistent,test_seen,3323,val:2010_005727:part_114,2010_005727,train,coach,coach,0.007843137718737125,0.015564202331006527,0.13669390976428986,0.022424241527915,1.0,1.0,1.0
rotation_consistent,test_seen,3324,val:2010_005762:part_20,2010_005762,bottle,body,body,0.8159516453742981,0.8986490964889526,0.0537165030837059,0.7745915651321411,1.0,1.0,1.0
rotation_consistent,test_seen,3325,val:2010_005762:part_21,2010_005762,bottle,cap,cap,0.8086358904838562,0.8941942453384399,0.04822469502687454,0.20552952587604523,1.0,0.98876953125,1.0
rotation_consistent,test_seen,3326,val:2010_005860:part_6,2010_005860,bicycle,wheel,wheel,0.0,0.0,0.0,0.45588234066963196,1.0,0.9990234375,1.0
rotation_consistent,test_seen,3327,val:2010_005860:part_7,2010_005860,bicycle,saddle,saddle,0.0,0.0,0.0,0.11029411852359772,1.0,0.99951171875,1.0
rotation_consistent,test_seen,3328,val:2010_005860:part_8,2010_005860,bicycle,handlebar,handlebar,0.0,0.0,0.0,0.07352941483259201,1.0,1.0,1.0
rotation_consistent,test_seen,3329,val:2010_005860:part_9,2010_005860,bicycle,chainwheel,chainwheel,0.0,0.0,0.0,0.08088235557079315,1.0,0.99462890625,1.0
rotation_consistent,test_seen,3330,val:2010_005871:part_114,2010_005871,train,coach,coach,0.7556421160697937,0.8608156442642212,0.12111572921276093,0.9043884873390198,1.0,1.0,1.0
rotation_consistent,test_seen,3331,val:2010_005877:part_0,2010_005877,aeroplane,body,body,0.8057553768157959,0.892430305480957,0.06755629926919937,0.43194782733917236,1.0,1.0,1.0
rotation_consistent,test_seen,3332,val:2010_005877:part_1,2010_005877,aeroplane,stern,stern,0.4797101318836212,0.6483839154243469,0.26760563254356384,0.15566422045230865,1.0,1.0,1.0
rotation_consistent,test_seen,3333,val:2010_005877:part_2,2010_005877,aeroplane,wing,wing,0.46713465452194214,0.636798620223999,0.27000001072883606,0.36634066700935364,0.99853515625,0.00031757354736328125,0.962890625
rotation_consistent,test_seen,3334,val:2010_005877:part_5,2010_005877,aeroplane,wheel,wheel,0.13636364042758942,0.23999999463558197,0.6833333373069763,0.03667481616139412,1.0,0.9990234375,1.0
rotation_consistent,test_seen,3335,val:2010_005888:part_0,2010_005888,aeroplane,body,body,0.5678233504295349,0.7243461012840271,0.2980456054210663,0.39915966987609863,1.0,1.0,1.0
rotation_consistent,test_seen,3336,val:2010_005888:part_1,2010_005888,aeroplane,stern,stern,0.40236687660217285,0.5738396644592285,0.5714285969734192,0.1596638709306717,1.0,1.0,1.0
rotation_consistent,test_seen,3337,val:2010_005888:part_2,2010_005888,aeroplane,wing,wing,0.3145228326320648,0.47853535413742065,0.5462114810943604,0.40231093764305115,0.99853515625,0.00031757354736328125,0.962890625
rotation_consistent,test_seen,3338,val:2010_005888:part_4,2010_005888,aeroplane,engine,engine,0.10144927352666855,0.18421052396297455,0.2380952388048172,0.0357142873108387,1.0,0.99951171875,1.0
rotation_consistent,test_seen,3339,val:2010_005899:part_43,2010_005899,cat,head,head,0.6789520978927612,0.8087807893753052,0.018102029338479042,0.21701379120349884,1.0,1.0,1.0
rotation_consistent,test_seen,3340,val:2010_005899:part_44,2010_005899,cat,eye,eye,0.5240740776062012,0.6877278089523315,0.0,0.02025991678237915,0.008880615234375,0.0,0.00010889768600463867
rotation_consistent,test_seen,3341,val:2010_005899:part_45,2010_005899,cat,torso,torso,0.5701367855072021,0.7262256145477295,0.04077739268541336,0.2926621735095978,1.0,1.0,1.0
rotation_consistent,test_seen,3342,val:2010_005899:part_46,2010_005899,cat,neck,neck,0.502060055732727,0.6684952974319458,0.0,0.09465978294610977,1.0,1.0,1.0
rotation_consistent,test_seen,3343,val:2010_005899:part_47,2010_005899,cat,leg,leg,0.4431752562522888,0.6141669154167175,0.017526455223560333,0.22319959104061127,1.0,1.0,1.0
rotation_consistent,test_seen,3344,val:2010_005899:part_48,2010_005899,cat,nose,nose,0.4112149477005005,0.5827814340591431,0.0,0.0034617786295711994,1.0,0.9814453125,1.0
rotation_consistent,test_seen,3345,val:2010_005899:part_49,2010_005899,cat,paw,paw,0.3037644326686859,0.46598055958747864,0.06325757503509521,0.04869190230965614,1.0,0.99951171875,1.0
rotation_consistent,test_seen,3346,val:2010_005899:part_50,2010_005899,cat,ear,ear,0.7001962661743164,0.823665201663971,0.1226692870259285,0.08098291605710983,0.006877899169921875,0.0,6.920099258422852e-05
rotation_consistent,test_seen,3347,val:2010_005922:part_51,2010_005922,cow,tail,tail,0.025974025949835777,0.050632912665605545,0.9178082346916199,0.018518518656492233,1.0,0.89892578125,1.0
rotation_consistent,test_seen,3348,val:2010_005922:part_52,2010_005922,cow,head,head,0.0,0.0,1.0,0.040123455226421356,1.0,1.0,1.0
rotation_consistent,test_seen,3349,val:2010_005922:part_54,2010_005922,cow,torso,torso,0.4213075041770935,0.5928449630737305,0.47815534472465515,0.540123462677002,1.0,1.0,1.0
rotation_consistent,test_seen,3350,val:2010_005922:part_55,2010_005922,cow,neck,neck,0.0,0.0,0.0,0.006172839552164078,1.0,1.0,1.0
rotation_consistent,test_seen,3351,val:2010_005922:part_56,2010_005922,cow,leg,leg,0.12547528743743896,0.22297297418117523,0.7510040402412415,0.14506173133850098,1.0,1.0,1.0
rotation_consistent,test_seen,3352,val:2010_005922:part_57,2010_005922,cow,ear,ear,0.0,0.0,0.0,0.012195121496915817,0.006877899169921875,0.0,6.920099258422852e-05
rotation_consistent,test_seen,3353,val:2010_005922:part_58,2010_005922,cow,muzzle,muzzle,0.0,0.0,0.0,0.003086419776082039,1.0,0.99951171875,1.0
rotation_consistent,test_seen,3354,val:2010_005991:part_83,2010_005991,person,head,head,0.0,0.0,0.17241379618644714,0.0002560163848102093,1.0,1.0,1.0
rotation_consistent,test_seen,3355,val:2010_005991:part_85,2010_005991,person,torso,torso,0.0,0.0,0.211995467543602,6.400409620255232e-05,1.0,1.0,1.0
rotation_consistent,test_seen,3356,val:2010_005991:part_86,2010_005991,person,neck,neck,0.0,0.0,1.0,0.00019201228860765696,1.0,1.0,1.0
rotation_consistent,test_seen,3357,val:2010_005991:part_87,2010_005991,person,leg,leg,0.0,0.0,0.37899544835090637,0.0002560163848102093,1.0,1.0,1.0
rotation_consistent,test_seen,3358,val:2010_006034:part_0,2010_006034,aeroplane,body,body,0.7170838117599487,0.8352344632148743,0.1745414137840271,0.4376007616519928,1.0,1.0,1.0
rotation_consistent,test_seen,3359,val:2010_006034:part_1,2010_006034,aeroplane,stern,stern,0.7807043790817261,0.8768489360809326,0.04527255892753601,0.4466301202774048,1.0,1.0,1.0
rotation_consistent,test_seen,3360,val:2010_006034:part_2,2010_006034,aeroplane,wing,wing,0.21019552648067474,0.34737449884414673,0.1680358499288559,0.0635278970003128,0.99853515625,0.00031757354736328125,0.962890625
rotation_consistent,test_seen,3361,val:2010_006034:part_5,2010_006034,aeroplane,wheel,wheel,0.30645161867141724,0.4691357910633087,0.5252100825309753,0.02692679688334465,1.0,0.9990234375,1.0
rotation_consistent,test_seen,3362,val:2010_006054:part_109,2010_006054,train,head,head,0.05454545468091965,0.1034482792019844,0.2918660342693329,0.021863117814064026,1.0,1.0,1.0
rotation_consistent,test_seen,3363,val:2010_006054:part_110,2010_006054,train,front,front,0.18380743265151978,0.31053605675697327,0.27625569701194763,0.09790874272584915,1.0,1.0,1.0
rotation_consistent,test_seen,3364,val:2010_006054:part_111,2010_006054,train,side,side,0.3887510299682617,0.5598570704460144,0.3023049533367157,0.5237642526626587,1.0,1.0,1.0
rotation_consistent,test_seen,3365,val:2010_006054:part_113,2010_006054,train,roof,roof,0.21418440341949463,0.3528037369251251,0.5451197028160095,0.2975285053253174,1.0,0.9345703125,1.0
rotation_consistent,test_seen,3366,val:2010_006054:part_114,2010_006054,train,coach,coach,0.016233766451478004,0.03194888308644295,0.3104575276374817,0.026615969836711884,1.0,1.0,1.0
rotation_consistent,test_seen,3367,val:2010_006070:part_6,2010_006070,bicycle,wheel,wheel,0.18662317097187042,0.3145449459552765,0.5268816947937012,0.670718252658844,1.0,0.9990234375,1.0
rotation_consistent,test_seen,3368,val:2010_006070:part_7,2010_006070,bicycle,saddle,saddle,0.5786666870117188,0.7331081032752991,0.2568493187427521,0.08287292718887329,1.0,0.99951171875,1.0
rotation_consistent,test_seen,3369,val:2010_006070:part_8,2010_006070,bicycle,handlebar,handlebar,0.06168831139802933,0.11620794981718063,0.8394980430603027,0.03342541307210922,1.0,1.0,1.0
rotation_consistent,test_seen,3370,val:2010_006070:part_9,2010_006070,bicycle,chainwheel,chainwheel,0.22875817120075226,0.3723404109477997,0.7165898680686951,0.03591160103678703,1.0,0.99462890625,1.0
rotation_consistent,test_unseen,0,val:2008_000080:part_60,2008_000080,dog,tail,tail,0.0,0.0,0.2800000011920929,0.0074477228336036205,1.0,0.89892578125,1.0
rotation_consistent,test_unseen,1,val:2008_000080:part_61,2008_000080,dog,head,head,0.6897959113121033,0.8164251446723938,0.029816513881087303,0.11228874325752258,1.0,1.0,1.0
rotation_consistent,test_unseen,2,val:2008_000080:part_62,2008_000080,dog,eye,eye,0.1184210553765297,0.21176470816135406,0.0,0.0034374105744063854,0.008880615234375,0.0,0.00010889768600463867
rotation_consistent,test_unseen,3,val:2008_000080:part_63,2008_000080,dog,torso,torso,0.7263556122779846,0.8414901494979858,0.10258658230304718,0.5230593085289001,1.0,1.0,1.0
rotation_consistent,test_unseen,4,val:2008_000080:part_65,2008_000080,dog,leg,leg,0.3016934096813202,0.46353989839553833,0.5520592331886292,0.21770265698432922,1.0,1.0,1.0
rotation_consistent,test_unseen,5,val:2008_000080:part_66,2008_000080,dog,nose,nose,0.14814814925193787,0.25806450843811035,0.0,0.008879977278411388,1.0,0.9814453125,1.0
rotation_consistent,test_unseen,6,val:2008_000080:part_67,2008_000080,dog,paw,paw,0.0,0.0,0.0,0.04439988359808922,1.0,0.99951171875,1.0
rotation_consistent,test_unseen,7,val:2008_000080:part_68,2008_000080,dog,ear,ear,0.17826086282730103,0.3025830388069153,0.43396225571632385,0.03208249807357788,0.006877899169921875,0.0,6.920099258422852e-05
rotation_consistent,test_unseen,8,val:2008_000080:part_69,2008_000080,dog,muzzle,muzzle,0.22051282227039337,0.3613445460796356,0.0,0.041535377502441406,1.0,0.99951171875,1.0
rotation_consistent,test_unseen,9,val:2008_000123:part_12,2008_000123,bird,tail,tail,0.0,0.0,0.0,0.0962463915348053,1.0,0.89892578125,1.0
rotation_consistent,test_unseen,10,val:2008_000123:part_13,2008_000123,bird,head,head,0.4350282549858093,0.6062992215156555,0.4615384638309479,0.18864291906356812,1.0,1.0,1.0
rotation_consistent,test_unseen,11,val:2008_000123:part_14,2008_000123,bird,eye,eye,0.0,0.0,0.0,0.010587102733552456,0.008880615234375,0.0,0.00010889768600463867
rotation_consistent,test_unseen,12,val:2008_000123:part_15,2008_000123,bird,beak,beak,0.0,0.0,0.11627907305955887,0.012512031011283398,0.9921875,0.01049041748046875,0.9130859375
rotation_consistent,test_unseen,13,val:2008_000123:part_16,2008_000123,bird,torso,torso,0.5807521939277649,0.7347795367240906,0.21374045312404633,0.6188642978668213,1.0,1.0,1.0
rotation_consistent,test_unseen,14,val:2008_000123:part_17,2008_000123,bird,neck,neck,0.18784530460834503,0.3162790834903717,0.1428571492433548,0.06544754654169083,1.0,1.0,1.0
rotation_consistent,test_unseen,15,val:2008_000123:part_18,2008_000123,bird,leg,leg,0.009049774147570133,0.017937220633029938,0.25641027092933655,0.005774783436208963,1.0,1.0,1.0
rotation_consistent,test_unseen,16,val:2008_000123:part_19,2008_000123,bird,foot,foot,0.0,0.0,0.4189189076423645,0.002879078732803464,1.0,1.0,1.0
rotation_consistent,test_unseen,17,val:2008_000239:part_61,2008_000239,dog,head,head,0.6003962755203247,0.7503095269203186,0.07945478707551956,0.43960773944854736,1.0,1.0,1.0
rotation_consistent,test_unseen,18,val:2008_000239:part_62,2008_000239,dog,eye,eye,0.16465863585472107,0.2827586233615875,0.0,0.0167424064129591,0.008880615234375,0.0,0.00010889768600463867
rotation_consistent,test_unseen,19,val:2008_000239:part_63,2008_000239,dog,torso,torso,0.25244176387786865,0.40311938524246216,0.26033058762550354,0.10930399596691132,1.0,1.0,1.0
rotation_consistent,test_unseen,20,val:2008_000239:part_66,2008_000239,dog,nose,nose,0.15573769807815552,0.26950353384017944,0.0,0.025591963902115822,1.0,0.9814453125,1.0
rotation_consistent,test_unseen,21,val:2008_000239:part_68,2008_000239,dog,ear,ear,0.6076294183731079,0.7559322118759155,0.2445141077041626,0.06481702625751495,0.006877899169921875,0.0,6.920099258422852e-05
rotation_consistent,test_unseen,22,val:2008_000239:part_69,2008_000239,dog,muzzle,muzzle,0.49023255705833435,0.6579275727272034,0.16186046600341797,0.25209280848503113,1.0,0.99951171875,1.0
rotation_consistent,test_unseen,23,val:2008_000270:part_61,2008_000270,dog,head,head,0.4751908481121063,0.6442431807518005,0.23515981435775757,0.1138681173324585,1.0,1.0,1.0
rotation_consistent,test_unseen,24,val:2008_000270:part_63,2008_000270,dog,torso,torso,0.5832570791244507,0.7367812991142273,0.10826210677623749,0.4605710506439209,1.0,1.0,1.0
rotation_consistent,test_unseen,25,val:2008_000270:part_64,2008_000270,dog,neck,neck,0.20440252125263214,0.33942559361457825,0.2911611795425415,0.06424201279878616,1.0,1.0,1.0
rotation_consistent,test_unseen,26,val:2008_000270:part_65,2008_000270,dog,leg,leg,0.5458715558052063,0.7062314748764038,0.1507246345281601,0.22093813121318817,1.0,1.0,1.0
rotation_consistent,test_unseen,27,val:2008_000270:part_67,2008_000270,dog,paw,paw,0.43396225571632385,0.6052631735801697,0.37055838108062744,0.062202583998441696,1.0,0.99951171875,1.0
rotation_consistent,test_unseen,28,val:2008_000270:part_68,2008_000270,dog,ear,ear,0.24378108978271484,0.3919999897480011,0.1840796023607254,0.016655337065458298,0.006877899169921875,0.0,6.920099258422852e-05
rotation_consistent,test_unseen,29,val:2008_000270:part_69,2008_000270,dog,muzzle,muzzle,0.06313131004571915,0.11876484751701355,0.2814207673072815,0.018694765865802765,1.0,0.99951171875,1.0
rotation_consistent,test_unseen,30,val:2008_000501:part_35,2008_000501,car,side,side,0.12757793068885803,0.22628667950630188,0.027245206758379936,0.14831189811229706,1.0,1.0,1.0
rotation_consistent,test_unseen,31,val:2008_000501:part_36,2008_000501,car,back,back,0.4493347108364105,0.6200565099716187,0.023899370804429054,0.24959807097911835,1.0,1.0,1.0
rotation_consistent,test_unseen,32,val:2008_000501:part_38,2008_000501,car,mirror,mirror,0.0,0.0,0.0,0.008440514095127583,0.013275146484375,0.0,0.00027370452880859375
rotation_consistent,test_unseen,33,val:2008_000501:part_39,2008_000501,car,license plate,license plate,0.0,0.0,0.0,0.00884244404733181,1.0,1.0,1.0
rotation_consistent,test_unseen,34,val:2008_000501:part_40,2008_000501,car,door,door,0.15728476643562317,0.2718168795108795,0.0,0.19573955237865448,1.0,0.9990234375,1.0
rotation_consistent,test_unseen,35,val:2008_000501:part_41,2008_000501,car,window,window,0.11522198468446732,0.20663507282733917,0.0,0.375,1.0,0.935546875,1.0
rotation_consistent,test_unseen,36,val:2008_000533:part_12,2008_000533,bird,tail,tail,0.23115578293800354,0.37551021575927734,0.6551724076271057,0.03885003924369812,1.0,0.89892578125,1.0
rotation_consistent,test_unseen,37,val:2008_000533:part_13,2008_000533,bird,head,head,0.40778687596321106,0.5793304443359375,0.2568493187427521,0.1534576565027237,1.0,1.0,1.0
rotation_consistent,test_unseen,38,val:2008_000533:part_14,2008_000533,bird,eye,eye,0.0,0.0,0.0,0.004662004765123129,0.008880615234375,0.0,0.00010889768600463867
rotation_consistent,test_unseen,39,val:2008_000533:part_15,2008_000533,bird,beak,beak,0.0,0.0,0.0,0.005827505607157946,0.9921875,0.01049041748046875,0.9130859375
rotation_consistent,test_unseen,40,val:2008_000533:part_16,2008_000533,bird,torso,torso,0.632983386516571,0.7752478122711182,0.06528018414974213,0.7777777910232544,1.0,1.0,1.0
rotation_consistent,test_unseen,41,val:2008_000533:part_18,2008_000533,bird,leg,leg,0.00959692895412445,0.01901140622794628,0.06699507683515549,0.014374514110386372,1.0,1.0,1.0
rotation_consistent,test_unseen,42,val:2008_000533:part_19,2008_000533,bird,foot,foot,0.0,0.0,0.0,0.0038850039709359407,1.0,1.0,1.0
rotation_consistent,test_unseen,43,val:2008_000661:part_60,2008_000661,dog,tail,tail,0.08542713522911072,0.15740740299224854,0.44723618030548096,0.00343712093308568,1.0,0.89892578125,1.0
rotation_consistent,test_unseen,44,val:2008_000661:part_61,2008_000661,dog,head,head,0.15586690604686737,0.269696980714798,0.16968540847301483,0.05479175224900246,1.0,1.0,1.0
rotation_consistent,test_unseen,45,val:2008_000661:part_63,2008_000661,dog,torso,torso,0.7136163711547852,0.8328776359558105,0.13620387017726898,0.4929235875606537,1.0,1.0,1.0
rotation_consistent,test_unseen,46,val:2008_000661:part_64,2008_000661,dog,neck,neck,0.3557567894458771,0.5248091816902161,0.0980132445693016,0.059239789843559265,1.0,1.0,1.0
rotation_consistent,test_unseen,47,val:2008_000661:part_65,2008_000661,dog,leg,leg,0.30903929471969604,0.4721619784832001,0.3742574155330658,0.15082895755767822,1.0,1.0,1.0
rotation_consistent,test_unseen,48,val:2008_000661:part_67,2008_000661,dog,paw,paw,0.1463414579629898,0.25531914830207825,0.5833333134651184,0.03275373950600624,1.0,0.99951171875,1.0
rotation_consistent,test_unseen,49,val:2008_000661:part_68,2008_000661,dog,ear,ear,0.07647059112787247,0.1420765072107315,0.13793103396892548,0.007682976312935352,0.006877899169921875,0.0,6.920099258422852e-05
rotation_consistent,test_unseen,50,val:2008_000782:part_79,2008_000782,motorbike,wheel,wheel,0.3875480890274048,0.5586085319519043,0.017192982137203217,0.09752051532268524,1.0,0.9990234375,1.0
rotation_consistent,test_unseen,51,val:2008_000782:part_82,2008_000782,motorbike,headlight,headlight,0.22488754987716675,0.36719706654548645,0.0,0.04880391061306,0.99951171875,0.493896484375,0.99609375
rotation_consistent,test_unseen,52,val:2008_000811:part_79,2008_000811,motorbike,wheel,wheel,0.3020499646663666,0.4639606475830078,0.19872011244297028,0.11287332326173782,1.0,0.9990234375,1.0
rotation_consistent,test_unseen,53,val:2008_000848:part_12,2008_000848,bird,tail,tail,0.0,0.0,0.0,0.12341772019863129,1.0,0.89892578125,1.0
rotation_consistent,test_unseen,54,val:2008_000848:part_13,2008_000848,bird,head,head,0.12244898080825806,0.2181818187236786,0.7293233275413513,0.10126582533121109,1.0,1.0,1.0
rotation_consistent,test_unseen,55,val:2008_000848:part_15,2008_000848,bird,beak,beak,0.0,0.0,0.0,0.0031645570416003466,0.9921875,0.01049041748046875,0.9130859375
rotation_consistent,test_unseen,56,val:2008_000848:part_16,2008_000848,bird,torso,torso,0.4962025284767151,0.663282573223114,0.3965517282485962,0.7689873576164246,1.0,1.0,1.0
rotation_consistent,test_unseen,57,val:2008_000863:part_60,2008_000863,dog,tail,tail,0.6216216087341309,0.7666666507720947,0.31795716285705566,0.15845896303653717,1.0,0.89892578125,1.0
rotation_consistent,test_unseen,58,val:2008_000863:part_61,2008_000863,dog,head,head,0.4635416567325592,0.6334519386291504,0.09935205429792404,0.12730318307876587,1.0,1.0,1.0
rotation_consistent,test_unseen,59,val:2008_000863:part_62,2008_000863,dog,eye,eye,0.0,0.0,0.0,0.002345058601349592,0.008880615234375,0.0,0.00010889768600463867
rotation_consistent,test_unseen,60,val:2008_000863:part_63,2008_000863,dog,torso,torso,0.6620485186576843,0.7966656684875488,0.029288703575730324,0.48475712537765503,1.0,1.0,1.0
rotation_consistent,test_unseen,61,val:2008_000863:part_65,2008_000863,dog,leg,leg,0.37189188599586487,0.5421591997146606,0.4377777874469757,0.12361808866262436,1.0,1.0,1.0
rotation_consistent,test_unseen,62,val:2008_000863:part_66,2008_000863,dog,nose,nose,0.0,0.0,0.0,0.005025125574320555,1.0,0.9814453125,1.0
rotation_consistent,test_unseen,63,val:2008_000863:part_68,2008_000863,dog,ear,ear,0.0,0.0,0.0,0.03082077018916607,0.006877899169921875,0.0,6.920099258422852e-05
rotation_consistent,test_unseen,64,val:2008_000863:part_69,2008_000863,dog,muzzle,muzzle,0.18284423649311066,0.3091602921485901,0.0,0.06398659944534302,1.0,0.99951171875,1.0
rotation_consistent,test_unseen,65,val:2008_000943:part_61,2008_000943,dog,head,head,0.49623656272888184,0.6633129715919495,0.0879892036318779,0.1591958999633789,1.0,1.0,1.0
rotation_consistent,test_unseen,66,val:2008_000943:part_62,2008_000943,dog,eye,eye,0.4000000059604645,0.5714285969734192,0.0,0.0027373824268579483,0.008880615234375,0.0,0.00010889768600463867
rotation_consistent,test_unseen,67,val:2008_000943:part_63,2008_000943,dog,torso,torso,0.6292270421981812,0.772424042224884,0.03583512827754021,0.36698031425476074,1.0,1.0,1.0
rotation_consistent,test_unseen,68,val:2008_000943:part_65,2008_000943,dog,leg,leg,0.5390962958335876,0.7005361318588257,0.027996500954031944,0.13952095806598663,1.0,1.0,1.0
rotation_consistent,test_unseen,69,val:2008_000943:part_66,2008_000943,dog,nose,nose,0.19148936867713928,0.3214285671710968,0.0,0.008041060529649258,1.0,0.9814453125,1.0
rotation_consistent,test_unseen,70,val:2008_000943:part_67,2008_000943,dog,paw,paw,0.7377622127532959,0.849094569683075,0.06894049048423767,0.09469632059335709,1.0,0.99951171875,1.0
rotation_consistent,test_unseen,71,val:2008_000943:part_68,2008_000943,dog,ear,ear,0.1899159699678421,0.3192090392112732,0.0,0.1464499533176422,0.006877899169921875,0.0,6.920099258422852e-05
rotation_consistent,test_unseen,72,val:2008_000943:part_69,2008_000943,dog,muzzle,muzzle,0.41438978910446167,0.5859626531600952,0.16172382235527039,0.08109495043754578,1.0,0.99951171875,1.0
rotation_consistent,test_unseen,73,val:2008_001070:part_61,2008_001070,dog,head,head,0.3802931606769562,0.5510324239730835,0.12123745679855347,0.15420271456241608,1.0,1.0,1.0
rotation_consistent,test_unseen,74,val:2008_001070:part_62,2008_001070,dog,eye,eye,0.0625,0.11764705926179886,0.0,0.005253399256616831,0.008880615234375,0.0,0.00010889768600463867
rotation_consistent,test_unseen,75,val:2008_001070:part_63,2008_001070,dog,torso,torso,0.6154102683067322,0.7619244456291199,0.19208849966526031,0.5747836828231812,1.0,1.0,1.0
rotation_consistent,test_unseen,76,val:2008_001070:part_66,2008_001070,dog,nose,nose,0.0,0.0,0.0784313753247261,0.0074165635742247105,1.0,0.9814453125,1.0
rotation_consistent,test_unseen,77,val:2008_001070:part_68,2008_001070,dog,ear,ear,0.3956834673881531,0.5670102834701538,0.2594936788082123,0.07107540220022202,0.006877899169921875,0.0,6.920099258422852e-05
rotation_consistent,test_unseen,78,val:2008_001070:part_69,2008_001070,dog,muzzle,muzzle,0.37605634331703186,0.5465711355209351,0.01781170442700386,0.18046972155570984,1.0,0.99951171875,1.0
rotation_consistent,test_unseen,79,val:2008_001150:part_79,2008_001150,motorbike,wheel,wheel,0.3146964907646179,0.47873634099960327,0.31751227378845215,0.299435019493103,1.0,0.9990234375,1.0
rotation_consistent,test_unseen,80,val:2008_001379:part_60,2008_001379,dog,tail,tail,0.0,0.0,0.0,0.0003203075029887259,1.0,0.89892578125,1.0
rotation_consistent,test_unseen,81,val:2008_001379:part_61,2008_001379,dog,head,head,0.7221777439117432,0.8386796712875366,0.015282941050827503,0.3012492060661316,1.0,1.0,1.0
rotation_consistent,test_unseen,82,val:2008_001379:part_62,2008_001379,dog,eye,eye,0.05315614491701126,0.10094637423753738,0.0,0.008808456361293793,0.008880615234375,0.0,0.00010889768600463867
rotation_consistent,test_unseen,83,val:2008_001379:part_63,2008_001379,dog,torso,torso,0.50044184923172,0.6670593023300171,0.07765264064073563,0.2754644453525543,1.0,1.0,1.0
rotation_consistent,test_unseen,84,val:2008_001379:part_64,2008_001379,dog,neck,neck,0.377215176820755,0.5477941036224365,0.008426966145634651,0.030108904466032982,1.0,1.0,1.0
rotation_consistent,test_unseen,85,val:2008_001379:part_65,2008_001379,dog,leg,leg,0.16746987402439117,0.28689369559288025,0.13583815097808838,0.0997757837176323,1.0,1.0,1.0
rotation_consistent,test_unseen,86,val:2008_001379:part_66,2008_001379,dog,nose,nose,0.16140350699424744,0.2779456079006195,0.0,0.02930813655257225,1.0,0.9814453125,1.0
rotation_consistent,test_unseen,87,val:2008_001379:part_67,2008_001379,dog,paw,paw,0.25872689485549927,0.41109299659729004,0.2743142247200012,0.03395259380340576,1.0,0.99951171875,1.0
rotation_consistent,test_unseen,88,val:2008_001379:part_68,2008_001379,dog,ear,ear,0.3537117838859558,0.522580623626709,0.17151163518428802,0.09385009855031967,0.006877899169921875,0.0,6.920099258422852e-05
rotation_consistent,test_unseen,89,val:2008_001379:part_69,2008_001379,dog,muzzle,muzzle,0.43410852551460266,0.6054053902626038,0.002994012087583542,0.11771300435066223,1.0,0.99951171875,1.0
rotation_consistent,test_unseen,90,val:2008_001478:part_61,2008_001478,dog,head,head,0.29495614767074585,0.45554614067077637,0.08800879865884781,0.15208275616168976,1.0,1.0,1.0
rotation_consistent,test_unseen,91,val:2008_001478:part_62,2008_001478,dog,eye,eye,0.19685038924217224,0.32894736528396606,0.007874015718698502,0.006989097222685814,0.008880615234375,0.0,0.00010889768600463867
rotation_consistent,test_unseen,92,val:2008_001478:part_63,2008_001478,dog,torso,torso,0.7240921258926392,0.8399691581726074,0.17842942476272583,0.5258596539497375,1.0,1.0,1.0
rotation_consistent,test_unseen,93,val:2008_001478:part_66,2008_001478,dog,nose,nose,0.0,0.0,0.20000000298023224,0.008386916480958462,1.0,0.9814453125,1.0
rotation_consistent,test_unseen,94,val:2008_001478:part_68,2008_001478,dog,ear,ear,0.3761792480945587,0.5467009544372559,0.05603448301553726,0.1965334117412567,0.006877899169921875,0.0,6.920099258422852e-05
rotation_consistent,test_unseen,95,val:2008_001478:part_69,2008_001478,dog,muzzle,muzzle,0.34958505630493164,0.5180630087852478,0.12172088027000427,0.09728822857141495,1.0,0.99951171875,1.0
rotation_consistent,test_unseen,96,val:2008_001514:part_11,2008_001514,bird,wing,wing,0.5002536773681641,0.6668921113014221,0.3114316165447235,0.6068232655525208,0.99853515625,0.00031757354736328125,0.962890625
rotation_consistent,test_unseen,97,val:2008_001514:part_12,2008_001514,bird,tail,tail,0.0,0.0,0.0,0.14709171652793884,1.0,0.89892578125,1.0
rotation_consistent,test_unseen,98,val:2008_001514:part_13,2008_001514,bird,head,head,0.0071428571827709675,0.014184396713972092,0.151162788271904,0.03076062723994255,1.0,1.0,1.0
rotation_consistent,test_unseen,99,val:2008_001514:part_14,2008_001514,bird,eye,eye,0.0,0.0,0.0,0.0011185682378709316,0.008880615234375,0.0,0.00010889768600463867
rotation_consistent,test_unseen,100,val:2008_001514:part_15,2008_001514,bird,beak,beak,0.0,0.0,0.0,0.0011185682378709316,0.9921875,0.01049041748046875,0.9130859375
rotation_consistent,test_unseen,101,val:2008_001514:part_16,2008_001514,bird,torso,torso,0.3307860195636749,0.49712878465652466,0.12045454233884811,0.18959730863571167,1.0,1.0,1.0
rotation_consistent,test_unseen,102,val:2008_001895:part_61,2008_001895,dog,head,head,0.11644116789102554,0.2085934579372406,0.08332180231809616,0.06832163035869598,1.0,1.0,1.0
rotation_consistent,test_unseen,103,val:2008_001895:part_62,2008_001895,dog,eye,eye,0.17293232679367065,0.29487180709838867,0.0,0.001809365232475102,0.008880615234375,0.0,0.00010889768600463867
rotation_consistent,test_unseen,104,val:2008_001895:part_63,2008_001895,dog,torso,torso,0.6452106237411499,0.7843502163887024,0.10850020498037338,0.4588550329208374,1.0,1.0,1.0
rotation_consistent,test_unseen,105,val:2008_001895:part_66,2008_001895,dog,nose,nose,0.7589743733406067,0.8629737496376038,0.0,0.012593182735145092,1.0,0.9814453125,1.0
rotation_consistent,test_unseen,106,val:2008_001895:part_68,2008_001895,dog,ear,ear,0.31609871983528137,0.4803571403026581,0.1359890103340149,0.10943040996789932,0.006877899169921875,0.0,6.920099258422852e-05
rotation_consistent,test_unseen,107,val:2008_001895:part_69,2008_001895,dog,muzzle,muzzle,0.4185042083263397,0.5900641083717346,0.0013422819320112467,0.2898603081703186,1.0,0.99951171875,1.0
rotation_consistent,test_unseen,108,val:2008_002043:part_11,2008_002043,bird,wing,wing,0.42105263471603394,0.5925925970077515,0.019450800493359566,0.1294478476047516,0.99853515625,0.00031757354736328125,0.962890625
rotation_consistent,test_unseen,109,val:2008_002043:part_12,2008_002043,bird,tail,tail,0.5866900086402893,0.7395143508911133,0.3190661370754242,0.06012269854545593,1.0,0.89892578125,1.0
rotation_consistent,test_unseen,110,val:2008_002043:part_13,2008_002043,bird,head,head,0.7488443851470947,0.8563876748085022,0.05349276214838028,0.2785276174545288,1.0,1.0,1.0
rotation_consistent,test_unseen,111,val:2008_002043:part_14,2008_002043,bird,eye,eye,0.20000000298023224,0.3333333432674408,0.0,0.0021472391672432423,0.008880615234375,0.0,0.00010889768600463867
rotation_consistent,test_unseen,112,val:2008_002043:part_15,2008_002043,bird,beak,beak,0.3350515365600586,0.5019304752349854,0.41818180680274963,0.014417177997529507,0.9921875,0.01049041748046875,0.9130859375
rotation_consistent,test_unseen,113,val:2008_002043:part_16,2008_002043,bird,torso,torso,0.6800684332847595,0.8095722794532776,0.04414036497473717,0.5099693536758423,1.0,1.0,1.0
rotation_consistent,test_unseen,114,val:2008_002043:part_18,2008_002043,bird,leg,leg,0.0,0.0,0.1112515777349472,0.00015337423246819526,1.0,1.0,1.0
rotation_consistent,test_unseen,115,val:2008_002239:part_61,2008_002239,dog,head,head,0.34676435589790344,0.5149592161178589,0.06075483188033104,0.19111552834510803,1.0,1.0,1.0
rotation_consistent,test_unseen,116,val:2008_002239:part_62,2008_002239,dog,eye,eye,0.1846153885126114,0.31168830394744873,0.0,0.012597381137311459,0.008880615234375,0.0,0.00010889768600463867
rotation_consistent,test_unseen,117,val:2008_002239:part_63,2008_002239,dog,torso,torso,0.7876335382461548,0.8812024593353271,0.10824396461248398,0.4206862151622772,1.0,1.0,1.0
rotation_consistent,test_unseen,118,val:2008_002239:part_65,2008_002239,dog,leg,leg,0.3927125632762909,0.5639534592628479,0.2368045598268509,0.05486490949988365,1.0,1.0,1.0
rotation_consistent,test_unseen,119,val:2008_002239:part_66,2008_002239,dog,nose,nose,0.1931818127632141,0.32380953431129456,0.0,0.015415215864777565,1.0,0.9814453125,1.0
rotation_consistent,test_unseen,120,val:2008_002239:part_67,2008_002239,dog,paw,paw,0.26229506731033325,0.41558441519737244,0.22764228284358978,0.03580308333039284,1.0,0.99951171875,1.0
rotation_consistent,test_unseen,121,val:2008_002239:part_68,2008_002239,dog,ear,ear,0.4725697934627533,0.6418300867080688,0.25,0.1415547877550125,0.006877899169921875,0.0,6.920099258422852e-05
rotation_consistent,test_unseen,122,val:2008_002239:part_69,2008_002239,dog,muzzle,muzzle,0.6580311059951782,0.793749988079071,0.0,0.12696833908557892,1.0,0.99951171875,1.0
rotation_consistent,test_unseen,123,val:2008_002240:part_79,2008_002240,motorbike,wheel,wheel,0.15987294912338257,0.2756732106208801,0.22064562141895294,0.056355856359004974,1.0,0.9990234375,1.0
rotation_consistent,test_unseen,124,val:2008_002240:part_82,2008_002240,motorbike,headlight,headlight,0.0,0.0,0.4444444477558136,0.004641070496290922,0.99951171875,0.493896484375,0.99609375
rotation_consistent,test_unseen,125,val:2008_002383:part_79,2008_002383,motorbike,wheel,wheel,0.3108866512775421,0.4743150770664215,0.06135660037398338,0.1491602212190628,1.0,0.9990234375,1.0
rotation_consistent,test_unseen,126,val:2008_002429:part_11,2008_002429,bird,wing,wing,0.17988929152488708,0.30492570996284485,0.023560209199786186,0.2139209657907486,0.99853515625,0.00031757354736328125,0.962890625
rotation_consistent,test_unseen,127,val:2008_002429:part_12,2008_002429,bird,tail,tail,0.0,0.0,0.0,0.04240674898028374,1.0,0.89892578125,1.0
rotation_consistent,test_unseen,128,val:2008_002429:part_13,2008_002429,bird,head,head,0.5961145162582397,0.7469570636749268,0.17634408175945282,0.1400976926088333,1.0,1.0,1.0
rotation_consistent,test_unseen,129,val:2008_002429:part_14,2008_002429,bird,eye,eye,0.18571428954601288,0.3132530152797699,0.0,0.0016651864862069488,0.008880615234375,0.0,0.00010889768600463867
rotation_consistent,test_unseen,130,val:2008_002429:part_15,2008_002429,bird,beak,beak,0.4093959629535675,0.5809524059295654,0.09132420271635056,0.04562611132860184,0.9921875,0.01049041748046875,0.9130859375
rotation_consistent,test_unseen,131,val:2008_002429:part_16,2008_002429,bird,torso,torso,0.5594112873077393,0.7174647450447083,0.10032032430171967,0.5196492075920105,1.0,1.0,1.0
rotation_consistent,test_unseen,132,val:2008_002429:part_18,2008_002429,bird,leg,leg,0.026708073914051056,0.052026618272066116,0.09950248897075653,0.0049955593422055244,1.0,1.0,1.0
rotation_consistent,test_unseen,133,val:2008_002429:part_19,2008_002429,bird,foot,foot,0.0,0.0,0.0,0.029973357915878296,1.0,1.0,1.0
rotation_consistent,test_unseen,134,val:2008_002536:part_60,2008_002536,dog,tail,tail,0.2638297975063324,0.41750842332839966,0.429824560880661,0.12373225390911102,1.0,0.89892578125,1.0
rotation_consistent,test_unseen,135,val:2008_002536:part_61,2008_002536,dog,head,head,0.06293706595897675,0.1184210553765297,0.20338982343673706,0.02298850566148758,1.0,1.0,1.0
rotation_consistent,test_unseen,136,val:2008_002536:part_63,2008_002536,dog,torso,torso,0.5714285969734192,0.7272727489471436,0.073804572224617,0.39080458879470825,1.0,1.0,1.0
rotation_consistent,test_unseen,137,val:2008_002536:part_64,2008_002536,dog,neck,neck,0.6621004343032837,0.7967032790184021,0.02777777798473835,0.1000676155090332,1.0,1.0,1.0
rotation_consistent,test_unseen,138,val:2008_002536:part_65,2008_002536,dog,leg,leg,0.06800000369548798,0.12734082341194153,0.8591160178184509,0.296822190284729,1.0,1.0,1.0
rotation_consistent,test_unseen,139,val:2008_002536:part_67,2008_002536,dog,paw,paw,0.0,0.0,0.5483871102333069,0.020283976569771767,1.0,0.99951171875,1.0
rotation_consistent,test_unseen,140,val:2008_002536:part_68,2008_002536,dog,ear,ear,0.0,0.0,0.0,0.016903312876820564,0.006877899169921875,0.0,6.920099258422852e-05
rotation_consistent,test_unseen,141,val:2008_002536:part_69,2008_002536,dog,muzzle,muzzle,0.4492753744125366,0.6200000047683716,0.4137931168079376,0.028397565707564354,1.0,0.99951171875,1.0
rotation_consistent,test_unseen,142,val:2008_002859:part_60,2008_002859,dog,tail,tail,0.2752293646335602,0.4316546618938446,0.25917431712150574,0.04976462572813034,1.0,0.89892578125,1.0
rotation_consistent,test_unseen,143,val:2008_002859:part_61,2008_002859,dog,head,head,0.5286821722984314,0.6916835904121399,0.01643192395567894,0.06667307019233704,1.0,1.0,1.0
rotation_consistent,test_unseen,144,val:2008_002859:part_62,2008_002859,dog,eye,eye,0.07048457860946655,0.1316872388124466,0.0,0.002882121130824089,0.008880615234375,0.0,0.00010889768600463867
rotation_consistent,test_unseen,145,val:2008_002859:part_63,2008_002859,dog,torso,torso,0.7153210639953613,0.8340375423431396,0.07008322328329086,0.47891247272491455,1.0,1.0,1.0
rotation_consistent,test_unseen,146,val:2008_002859:part_64,2008_002859,dog,neck,neck,0.11751151829957962,0.21030928194522858,0.07644110172986984,0.016524162143468857,1.0,1.0,1.0
rotation_consistent,test_unseen,147,val:2008_002859:part_65,2008_002859,dog,leg,leg,0.49989017844200134,0.6665690541267395,0.3065453767776489,0.27591508626937866,1.0,1.0,1.0
rotation_consistent,test_unseen,148,val:2008_002859:part_66,2008_002859,dog,nose,nose,0.0,0.0,0.0,0.00470746448263526,1.0,0.9814453125,1.0
rotation_consistent,test_unseen,149,val:2008_002859:part_67,2008_002859,dog,paw,paw,0.22567567229270935,0.36824697256088257,0.5203883647918701,0.03765971586108208,1.0,0.99951171875,1.0
rotation_consistent,test_unseen,150,val:2008_002859:part_68,2008_002859,dog,ear,ear,0.3497942388057709,0.5182926654815674,0.12967580556869507,0.02449803054332733,0.006877899169921875,0.0,6.920099258422852e-05
rotation_consistent,test_unseen,151,val:2008_002859:part_69,2008_002859,dog,muzzle,muzzle,0.5505443215370178,0.7101303935050964,0.24208860099315643,0.03506580740213394,1.0,0.99951171875,1.0
rotation_consistent,test_unseen,152,val:2008_002904:part_60,2008_002904,dog,tail,tail,0.4595959484577179,0.6297577619552612,0.3933333456516266,0.020435165613889694,1.0,0.89892578125,1.0
rotation_consistent,test_unseen,153,val:2008_002904:part_61,2008_002904,dog,head,head,0.5878734588623047,0.7404537796974182,0.0672231987118721,0.1967068463563919,1.0,1.0,1.0
rotation_consistent,test_unseen,154,val:2008_002904:part_62,2008_002904,dog,eye,eye,0.0662650614976883,0.12429378181695938,0.0,0.0066157011315226555,0.008880615234375,0.0,0.00010889768600463867
rotation_consistent,test_unseen,155,val:2008_002904:part_63,2008_002904,dog,torso,torso,0.7013083100318909,0.8244341015815735,0.05722278729081154,0.4351661205291748,1.0,1.0,1.0
rotation_consistent,test_unseen,156,val:2008_002904:part_65,2008_002904,dog,leg,leg,0.39976757764816284,0.5711913704872131,0.12919051945209503,0.1743604838848114,1.0,1.0,1.0
rotation_consistent,test_unseen,157,val:2008_002904:part_66,2008_002904,dog,nose,nose,0.36000001430511475,0.529411792755127,0.027027027681469917,0.008232872933149338,1.0,0.9814453125,1.0
rotation_consistent,test_unseen,158,val:2008_002904:part_67,2008_002904,dog,paw,paw,0.14146341383457184,0.24786324799060822,0.3817663788795471,0.01720082387328148,1.0,0.99951171875,1.0
rotation_consistent,test_unseen,159,val:2008_002904:part_68,2008_002904,dog,ear,ear,0.5532212853431702,0.7123534679412842,0.2473919540643692,0.0643928274512291,0.006877899169921875,0.0,6.920099258422852e-05
rotation_consistent,test_unseen,160,val:2008_002904:part_69,2008_002904,dog,muzzle,muzzle,0.4985294044017792,0.6653581857681274,0.26323530077934265,0.04983828216791153,1.0,0.99951171875,1.0
rotation_consistent,test_unseen,161,val:2008_002936:part_61,2008_002936,dog,head,head,0.3850210905075073,0.5559786558151245,0.06329113990068436,0.0691680908203125,1.0,1.0,1.0
rotation_consistent,test_unseen,162,val:2008_002936:part_62,2008_002936,dog,eye,eye,0.0,0.0,0.0,0.0034110289998352528,0.008880615234375,0.0,0.00010889768600463867
rotation_consistent,test_unseen,163,val:2008_002936:part_63,2008_002936,dog,torso,torso,0.7951624989509583,0.8858947157859802,0.12673567235469818,0.599583089351654,1.0,1.0,1.0
rotation_consistent,test_unseen,164,val:2008_002936:part_64,2008_002936,dog,neck,neck,0.4378478527069092,0.6090322732925415,0.11025144904851913,0.04889141395688057,1.0,1.0,1.0
rotation_consistent,test_unseen,165,val:2008_002936:part_65,2008_002936,dog,leg,leg,0.5029282569885254,0.6692644953727722,0.2963235378265381,0.1313246190547943,1.0,1.0,1.0
rotation_consistent,test_unseen,166,val:2008_002936:part_66,2008_002936,dog,nose,nose,0.13924050331115723,0.24444444477558136,0.05454545468091965,0.006632556207478046,1.0,0.9814453125,1.0
rotation_consistent,test_unseen,167,val:2008_002936:part_67,2008_002936,dog,paw,paw,0.30670925974845886,0.4694376587867737,0.4590163826942444,0.019708167761564255,1.0,0.99951171875,1.0
rotation_consistent,test_unseen,168,val:2008_002936:part_68,2008_002936,dog,ear,ear,0.39539748430252075,0.5667166709899902,0.46388888359069824,0.05817699432373047,0.006877899169921875,0.0,6.920099258422852e-05
rotation_consistent,test_unseen,169,val:2008_002936:part_69,2008_002936,dog,muzzle,muzzle,0.5068181753158569,0.6726998686790466,0.20909090340137482,0.0422588586807251,1.0,0.99951171875,1.0
rotation_consistent,test_unseen,170,val:2008_002958:part_32,2008_002958,car,wheel,wheel,0.0,0.0,0.10829638689756393,0.00027188690728507936,1.0,0.9990234375,1.0
rotation_consistent,test_unseen,171,val:2008_002958:part_33,2008_002958,car,headlight,headlight,0.0,0.0,1.0,0.00027188690728507936,0.99951171875,0.493896484375,0.99609375
rotation_consistent,test_unseen,172,val:2008_002958:part_34,2008_002958,car,front,front,0.0,0.0,0.0,0.0029907559510320425,1.0,1.0,1.0
rotation_consistent,test_unseen,173,val:2008_002958:part_41,2008_002958,car,window,window,0.0,0.0,0.0,0.00152256665751338,1.0,0.935546875,1.0
rotation_consistent,test_unseen,174,val:2008_003110:part_11,2008_003110,bird,wing,wing,0.0,0.0,0.011363636702299118,0.0669868215918541,0.99853515625,0.00031757354736328125,0.962890625
rotation_consistent,test_unseen,175,val:2008_003110:part_13,2008_003110,bird,head,head,0.3125,0.4761904776096344,0.22327791154384613,0.020563969388604164,1.0,1.0,1.0
rotation_consistent,test_unseen,176,val:2008_003110:part_14,2008_003110,bird,eye,eye,0.0,0.0,0.0,0.0003694126207847148,0.008880615234375,0.0,0.00010889768600463867
rotation_consistent,test_unseen,177,val:2008_003110:part_15,2008_003110,bird,beak,beak,0.0,0.0,0.4883720874786377,0.0004925501998513937,0.9921875,0.01049041748046875,0.9130859375
rotation_consistent,test_unseen,178,val:2008_003110:part_16,2008_003110,bird,torso,torso,0.35911446809768677,0.5284535884857178,0.05224304273724556,0.3270533084869385,1.0,1.0,1.0
rotation_consistent,test_unseen,179,val:2008_003110:part_17,2008_003110,bird,neck,neck,0.021897809579968452,0.04285714402794838,0.3206751048564911,0.005294914357364178,1.0,1.0,1.0
rotation_consistent,test_unseen,180,val:2008_003110:part_18,2008_003110,bird,leg,leg,0.0,0.0,0.11184210330247879,0.007018839940428734,1.0,1.0,1.0
rotation_consistent,test_unseen,181,val:2008_003110:part_19,2008_003110,bird,foot,foot,0.0,0.0,0.0,0.0034478511661291122,1.0,1.0,1.0
rotation_consistent,test_unseen,182,val:2008_003141:part_32,2008_003141,car,wheel,wheel,0.04378698393702507,0.08390022814273834,0.23905324935913086,0.012288276106119156,1.0,0.9990234375,1.0
rotation_consistent,test_unseen,183,val:2008_003141:part_35,2008_003141,car,side,side,0.28994083404541016,0.44954127073287964,0.18533605337142944,0.1265360414981842,1.0,1.0,1.0
rotation_consistent,test_unseen,184,val:2008_003141:part_36,2008_003141,car,back,back,0.6054922938346863,0.7542761564254761,0.03581460565328598,0.6462969183921814,1.0,1.0,1.0
rotation_consistent,test_unseen,185,val:2008_003141:part_41,2008_003141,car,window,window,0.46546226739883423,0.6352429389953613,0.00913241971284151,0.16705413162708282,1.0,0.935546875,1.0
rotation_consistent,test_unseen,186,val:2008_003238:part_60,2008_003238,dog,tail,tail,0.4783477783203125,0.6471383571624756,0.1334259957075119,0.061277396976947784,1.0,0.89892578125,1.0
rotation_consistent,test_unseen,187,val:2008_003238:part_61,2008_003238,dog,head,head,0.4327772259712219,0.6041095852851868,0.028989434242248535,0.168827086687088,1.0,1.0,1.0
rotation_consistent,test_unseen,188,val:2008_003238:part_62,2008_003238,dog,eye,eye,0.21848739683628082,0.35862070322036743,0.0,0.0020425799302756786,0.008880615234375,0.0,0.00010889768600463867
rotation_consistent,test_unseen,189,val:2008_003238:part_63,2008_003238,dog,torso,torso,0.33480405807495117,0.501652717590332,0.045063819736242294,0.20488648116588593,1.0,1.0,1.0
rotation_consistent,test_unseen,190,val:2008_003238:part_64,2008_003238,dog,neck,neck,0.3390764892101288,0.506433367729187,0.0332840234041214,0.04642941430211067,1.0,1.0,1.0
rotation_consistent,test_unseen,191,val:2008_003238:part_65,2008_003238,dog,leg,leg,0.6065676808357239,0.7551100254058838,0.09826275706291199,0.31400737166404724,1.0,1.0,1.0
rotation_consistent,test_unseen,192,val:2008_003238:part_66,2008_003238,dog,nose,nose,0.15697674453258514,0.2713567912578583,0.0,0.00581349665299058,1.0,0.9814453125,1.0
rotation_consistent,test_unseen,193,val:2008_003238:part_67,2008_003238,dog,paw,paw,0.11591355502605438,0.2077464759349823,0.18553459644317627,0.01964019238948822,1.0,0.99951171875,1.0
rotation_consistent,test_unseen,194,val:2008_003238:part_68,2008_003238,dog,ear,ear,0.6473895311355591,0.7859580516815186,0.0033821871038526297,0.09144473075866699,0.006877899169921875,0.0,6.920099258422852e-05
rotation_consistent,test_unseen,195,val:2008_003238:part_69,2008_003238,dog,muzzle,muzzle,0.5680379867553711,0.7245206832885742,0.03663003817200661,0.03495953977108002,1.0,0.99951171875,1.0
rotation_consistent,test_unseen,196,val:2008_003511:part_60,2008_003511,dog,tail,tail,0.0,0.0,0.4444444477558136,0.02234332449734211,1.0,0.89892578125,1.0
rotation_consistent,test_unseen,197,val:2008_003511:part_61,2008_003511,dog,head,head,0.6169264912605286,0.7630854249000549,0.04523809626698494,0.1667574942111969,1.0,1.0,1.0
rotation_consistent,test_unseen,198,val:2008_003511:part_62,2008_003511,dog,eye,eye,0.0,0.0,0.0,0.007084468845278025,0.008880615234375,0.0,0.00010889768600463867
rotation_consistent,test_unseen,199,val:2008_003511:part_63,2008_003511,dog,torso,torso,0.5378521084785461,0.6994848251342773,0.042553190141916275,0.41416892409324646,1.0,1.0,1.0
rotation_consistent,test_unseen,200,val:2008_003511:part_65,2008_003511,dog,leg,leg,0.11166252940893173,0.2008928507566452,0.4196428656578064,0.12207084149122238,1.0,1.0,1.0
rotation_consistent,test_unseen,201,val:2008_003511:part_66,2008_003511,dog,nose,nose,0.0,0.0,1.0,0.00817438680678606,1.0,0.9814453125,1.0
rotation_consistent,test_unseen,202,val:2008_003511:part_67,2008_003511,dog,paw,paw,0.0,0.0,0.0,0.06539509445428848,1.0,0.99951171875,1.0
rotation_consistent,test_unseen,203,val:2008_003511:part_68,2008_003511,dog,ear,ear,0.18661971390247345,0.3145400583744049,0.44059404730796814,0.07356948405504227,0.006877899169921875,0.0,6.920099258422852e-05
rotation_consistent,test_unseen,204,val:2008_003511:part_69,2008_003511,dog,muzzle,muzzle,0.23232322931289673,0.37704917788505554,0.13651877641677856,0.03978201746940613,1.0,0.99951171875,1.0
rotation_consistent,test_unseen,205,val:2008_003576:part_61,2008_003576,dog,head,head,0.4170692563056946,0.5886363387107849,0.02544667012989521,0.13196870684623718,1.0,1.0,1.0
rotation_consistent,test_unseen,206,val:2008_003576:part_62,2008_003576,dog,eye,eye,0.14393939077854156,0.251655638217926,0.0,0.007155932951718569,0.008880615234375,0.0,0.00010889768600463867
rotation_consistent,test_unseen,207,val:2008_003576:part_63,2008_003576,dog,torso,torso,0.7090999484062195,0.8297934532165527,0.09683188796043396,0.492594450712204,1.0,1.0,1.0
rotation_consistent,test_unseen,208,val:2008_003576:part_64,2008_003576,dog,neck,neck,0.37828370928764343,0.5489199757575989,0.16606497764587402,0.03877517208456993,1.0,1.0,1.0
rotation_consistent,test_unseen,209,val:2008_003576:part_65,2008_003576,dog,leg,leg,0.30720508098602295,0.4700181782245636,0.1829073429107666,0.06640040129423141,1.0,1.0,1.0
rotation_consistent,test_unseen,210,val:2008_003576:part_66,2008_003576,dog,nose,nose,0.2265625,0.36942675709724426,0.0,0.014811116270720959,1.0,0.9814453125,1.0
rotation_consistent,test_unseen,211,val:2008_003576:part_67,2008_003576,dog,paw,paw,0.34316354990005493,0.5109780430793762,0.4458874464035034,0.04493260011076927,1.0,0.99951171875,1.0
rotation_consistent,test_unseen,212,val:2008_003576:part_68,2008_003576,dog,ear,ear,0.5159744620323181,0.6807165145874023,0.18271605670452118,0.0905308723449707,0.006877899169921875,0.0,6.920099258422852e-05
rotation_consistent,test_unseen,213,val:2008_003576:part_69,2008_003576,dog,muzzle,muzzle,0.5574272871017456,0.7158308625221252,0.0,0.09152936935424805,1.0,0.99951171875,1.0
rotation_consistent,test_unseen,214,val:2008_003577:part_32,2008_003577,car,wheel,wheel,0.7269357442855835,0.8418793082237244,0.07401032745838165,0.0703795775771141,1.0,0.9990234375,1.0
rotation_consistent,test_unseen,215,val:2008_003577:part_33,2008_003577,car,headlight,headlight,0.14579318463802338,0.25448429584503174,0.0,0.015853291377425194,0.99951171875,0.493896484375,0.99609375
rotation_consistent,test_unseen,216,val:2008_003577:part_34,2008_003577,car,front,front,0.6939929723739624,0.8193575739860535,0.04363938421010971,0.4821132719516754,1.0,1.0,1.0
rotation_consistent,test_unseen,217,val:2008_003577:part_35,2008_003577,car,side,side,0.16960912942886353,0.29002702236175537,0.01901770941913128,0.13962946832180023,1.0,1.0,1.0
rotation_consistent,test_unseen,218,val:2008_003577:part_38,2008_003577,car,mirror,mirror,0.0,0.0,0.0,0.00233468902297318,0.013275146484375,0.0,0.00027370452880859375
rotation_consistent,test_unseen,219,val:2008_003577:part_40,2008_003577,car,door,door,0.0,0.0,0.0,0.09628709405660629,1.0,0.9990234375,1.0
rotation_consistent,test_unseen,220,val:2008_003577:part_41,2008_003577,car,window,window,0.6940324306488037,0.8193850517272949,0.00040749795152805746,0.09252146631479263,1.0,0.935546875,1.0
rotation_consistent,test_unseen,221,val:2008_003846:part_32,2008_003846,car,wheel,wheel,0.6687028408050537,0.8014642596244812,0.0855323001742363,0.20776352286338806,1.0,0.9990234375,1.0
rotation_consistent,test_unseen,222,val:2008_003846:part_33,2008_003846,car,headlight,headlight,0.0,0.0,0.0,0.011042214930057526,0.99951171875,0.493896484375,0.99609375
rotation_consistent,test_unseen,223,val:2008_003846:part_35,2008_003846,car,side,side,0.2979815602302551,0.45914605259895325,0.05230182409286499,0.33177611231803894,1.0,1.0,1.0
rotation_consistent,test_unseen,224,val:2008_003846:part_40,2008_003846,car,door,door,0.00578831322491169,0.011510002426803112,0.0,0.28140661120414734,1.0,0.9990234375,1.0
rotation_consistent,test_unseen,225,val:2008_003846:part_41,2008_003846,car,window,window,0.5928741097450256,0.7444080114364624,0.0,0.144822895526886,1.0,0.935546875,1.0
rotation_consistent,test_unseen,226,val:2008_004069:part_32,2008_004069,car,wheel,wheel,0.039085544645786285,0.0752306580543518,0.05752960965037346,0.014715415425598621,1.0,0.9990234375,1.0
rotation_consistent,test_unseen,227,val:2008_004069:part_33,2008_004069,car,headlight,headlight,0.5628742575645447,0.7203065156936646,0.0,0.03507066145539284,0.99951171875,0.493896484375,0.99609375
rotation_consistent,test_unseen,228,val:2008_004069:part_34,2008_004069,car,front,front,0.7672321796417236,0.8682867884635925,0.01387379877269268,0.6221314668655396,1.0,1.0,1.0
rotation_consistent,test_unseen,229,val:2008_004069:part_38,2008_004069,car,mirror,mirror,0.27465856075286865,0.43095237016677856,0.20711974799633026,0.014391287229955196,0.013275146484375,0.0,0.00027370452880859375
rotation_consistent,test_unseen,230,val:2008_004069:part_41,2008_004069,car,window,window,0.749544620513916,0.8568453788757324,0.0,0.1677687019109726,1.0,0.935546875,1.0
rotation_consistent,test_unseen,231,val:2008_004339:part_32,2008_004339,car,wheel,wheel,0.0,0.0,0.0,0.16044776141643524,1.0,0.9990234375,1.0
rotation_consistent,test_unseen,232,val:2008_004339:part_33,2008_004339,car,headlight,headlight,0.0,0.0,0.0,0.03606965020298958,0.99951171875,0.493896484375,0.99609375
rotation_consistent,test_unseen,233,val:2008_004339:part_34,2008_004339,car,front,front,0.07075471431016922,0.13215859234333038,0.6785714030265808,0.21268656849861145,1.0,1.0,1.0
rotation_consistent,test_unseen,234,val:2008_004339:part_35,2008_004339,car,side,side,0.041916169226169586,0.08045977354049683,0.6216216087341309,0.3868159055709839,1.0,1.0,1.0
rotation_consistent,test_unseen,235,val:2008_004339:part_41,2008_004339,car,window,window,0.0,0.0,0.0,0.11567164212465286,1.0,0.935546875,1.0
rotation_consistent,test_unseen,236,val:2008_004345:part_79,2008_004345,motorbike,wheel,wheel,0.740010142326355,0.8505814075469971,0.07125088572502136,0.34832963347435,1.0,0.9990234375,1.0
rotation_consistent,test_unseen,237,val:2008_004345:part_82,2008_004345,motorbike,headlight,headlight,0.0,0.0,0.0,0.02635486237704754,0.99951171875,0.493896484375,0.99609375
rotation_consistent,test_unseen,238,val:2008_004453:part_100,2008_004453,sheep,head,head,0.585522472858429,0.7385861277580261,0.06314511597156525,0.06784716993570328,1.0,1.0,1.0
rotation_consistent,test_unseen,239,val:2008_004453:part_101,2008_004453,sheep,eye,eye,0.01904761977493763,0.037383176386356354,0.0,0.00038080732338130474,0.008880615234375,0.0,0.00010889768600463867
rotation_consistent,test_unseen,240,val:2008_004453:part_102,2008_004453,sheep,torso,torso,0.18128566443920135,0.30692940950393677,0.12631987035274506,0.1680629551410675,1.0,1.0,1.0
rotation_consistent,test_unseen,241,val:2008_004453:part_104,2008_004453,sheep,leg,leg,0.02882116660475731,0.05602755397558212,0.3170229196548462,0.029956841841340065,1.0,1.0,1.0
rotation_consistent,test_unseen,242,val:2008_004453:part_105,2008_004453,sheep,ear,ear,0.1820652186870575,0.30804598331451416,0.4002954065799713,0.012249302119016647,0.006877899169921875,0.0,6.920099258422852e-05
rotation_consistent,test_unseen,243,val:2008_004453:part_106,2008_004453,sheep,muzzle,muzzle,0.2568807303905487,0.40875911712646484,0.0,0.027671998366713524,1.0,0.99951171875,1.0
rotation_consistent,test_unseen,244,val:2008_004552:part_32,2008_004552,car,wheel,wheel,0.18251365423202515,0.30868762731552124,0.30631399154663086,0.13841216266155243,1.0,0.9990234375,1.0
rotation_consistent,test_unseen,245,val:2008_004552:part_35,2008_004552,car,side,side,0.35454416275024414,0.5234885215759277,0.10781880468130112,0.4252825379371643,1.0,1.0,1.0
rotation_consistent,test_unseen,246,val:2008_004552:part_36,2008_004552,car,back,back,0.5670102834701538,0.7236841917037964,0.057864710688591,0.12571507692337036,1.0,1.0,1.0
rotation_consistent,test_unseen,247,val:2008_004552:part_38,2008_004552,car,mirror,mirror,0.06666667014360428,0.125,0.5821325778961182,0.00516255060210824,0.013275146484375,0.0,0.00027370452880859375
rotation_consistent,test_unseen,248,val:2008_004552:part_39,2008_004552,car,license plate,license plate,0.0,0.0,0.023255813866853714,0.0009766987059265375,1.0,1.0,1.0
rotation_consistent,test_unseen,249,val:2008_004552:part_40,2008_004552,car,door,door,0.041044775396585464,0.0788530483841896,0.2624000012874603,0.14636528491973877,1.0,0.9990234375,1.0
rotation_consistent,test_unseen,250,val:2008_004552:part_41,2008_004552,car,window,window,0.303058385848999,0.4651493728160858,0.0714285746216774,0.1317148059606552,1.0,0.935546875,1.0
rotation_consistent,test_unseen,251,val:2008_004621:part_100,2008_004621,sheep,head,head,0.5657051205635071,0.7226202487945557,0.17315658926963806,0.12140419334173203,1.0,1.0,1.0
rotation_consistent,test_unseen,252,val:2008_004621:part_101,2008_004621,sheep,eye,eye,0.0,0.0,0.0,0.0022753127850592136,0.008880615234375,0.0,0.00010889768600463867
rotation_consistent,test_unseen,253,val:2008_004621:part_102,2008_004621,sheep,torso,torso,0.7739863395690918,0.8725956082344055,0.0965978130698204,0.6338371634483337,1.0,1.0,1.0
rotation_consistent,test_unseen,254,val:2008_004621:part_103,2008_004621,sheep,neck,neck,0.4329073429107666,0.604236364364624,0.08426966518163681,0.05899561196565628,1.0,1.0,1.0
rotation_consistent,test_unseen,255,val:2008_004621:part_104,2008_004621,sheep,leg,leg,0.43602225184440613,0.6072639226913452,0.207290917634964,0.10823988169431686,1.0,1.0,1.0
rotation_consistent,test_unseen,256,val:2008_004621:part_105,2008_004621,sheep,ear,ear,0.38832488656044006,0.5594149827957153,0.2246376872062683,0.04404355585575104,0.006877899169921875,0.0,6.920099258422852e-05
rotation_consistent,test_unseen,257,val:2008_004621:part_106,2008_004621,sheep,muzzle,muzzle,0.20344828069210052,0.3381088972091675,0.17957746982574463,0.010563952848315239,1.0,0.99951171875,1.0
rotation_consistent,test_unseen,258,val:2008_004854:part_100,2008_004854,sheep,head,head,0.4202081561088562,0.591755747795105,0.11194358766078949,0.05361901596188545,1.0,1.0,1.0
rotation_consistent,test_unseen,259,val:2008_004854:part_101,2008_004854,sheep,eye,eye,0.0,0.0,0.0,0.0007994883344508708,0.008880615234375,0.0,0.00010889768600463867
rotation_consistent,test_unseen,260,val:2008_004854:part_102,2008_004854,sheep,torso,torso,0.4978252649307251,0.6647307872772217,0.06633695214986801,0.49525636434555054,1.0,1.0,1.0
rotation_consistent,test_unseen,261,val:2008_004854:part_103,2008_004854,sheep,neck,neck,0.6437177062034607,0.7832460999488831,0.0,0.07925594598054886,1.0,1.0,1.0
rotation_consistent,test_unseen,262,val:2008_004854:part_104,2008_004854,sheep,leg,leg,0.170786514878273,0.2917466461658478,0.23173803091049194,0.0066091036424040794,1.0,1.0,1.0
rotation_consistent,test_unseen,263,val:2008_004854:part_105,2008_004854,sheep,ear,ear,0.19915254414081573,0.3321554660797119,0.02330508455634117,0.0050101266242563725,0.006877899169921875,0.0,6.920099258422852e-05
rotation_consistent,test_unseen,264,val:2008_004854:part_106,2008_004854,sheep,muzzle,muzzle,0.4775160551071167,0.6463767886161804,0.1370449662208557,0.01188572682440281,1.0,0.99951171875,1.0
rotation_consistent,test_unseen,265,val:2008_005049:part_79,2008_005049,motorbike,wheel,wheel,0.5369340777397156,0.6987079977989197,0.07162534445524216,0.2459302395582199,1.0,0.9990234375,1.0
rotation_consistent,test_unseen,266,val:2008_005197:part_63,2008_005197,dog,torso,torso,0.30880001187324524,0.4718826413154602,0.08460013568401337,0.2784847617149353,1.0,1.0,1.0
rotation_consistent,test_unseen,267,val:2008_005197:part_65,2008_005197,dog,leg,leg,0.06742794811725616,0.12633724510669708,0.6985095143318176,0.14412547647953033,1.0,1.0,1.0
rotation_consistent,test_unseen,268,val:2008_005422:part_79,2008_005422,motorbike,wheel,wheel,0.4639471471309662,0.6338304281234741,0.13721351325511932,0.16635513305664062,1.0,0.9990234375,1.0
rotation_consistent,test_unseen,269,val:2008_005422:part_82,2008_005422,motorbike,headlight,headlight,0.09111110866069794,0.16700610518455505,0.242514967918396,0.014672896824777126,0.99951171875,0.493896484375,0.99609375
rotation_consistent,test_unseen,270,val:2008_005633:part_99,2008_005633,sheep,tail,tail,0.30718955397605896,0.4699999988079071,0.30714285373687744,0.008908686228096485,1.0,0.89892578125,1.0
rotation_consistent,test_unseen,271,val:2008_005633:part_100,2008_005633,sheep,head,head,0.47311827540397644,0.6423357725143433,0.10790273547172546,0.06503340601921082,1.0,1.0,1.0
rotation_consistent,test_unseen,272,val:2008_005633:part_101,2008_005633,sheep,eye,eye,0.25,0.4000000059604645,0.0,0.0017817371990531683,0.008880615234375,0.0,0.00010889768600463867
rotation_consistent,test_unseen,273,val:2008_005633:part_102,2008_005633,sheep,torso,torso,0.764901876449585,0.8667925596237183,0.1262982189655304,0.6149963140487671,1.0,1.0,1.0
rotation_consistent,test_unseen,274,val:2008_005633:part_103,2008_005633,sheep,neck,neck,0.7140575051307678,0.8331779837608337,0.07155635207891464,0.07631774246692657,1.0,1.0,1.0
rotation_consistent,test_unseen,275,val:2008_005633:part_104,2008_005633,sheep,leg,leg,0.4388318955898285,0.6099835634231567,0.3350020945072174,0.18544915318489075,1.0,1.0,1.0
rotation_consistent,test_unseen,276,val:2008_005633:part_105,2008_005633,sheep,ear,ear,0.375,0.5454545617103577,0.4838709533214569,0.023311061784625053,0.006877899169921875,0.0,6.920099258422852e-05
rotation_consistent,test_unseen,277,val:2008_005633:part_106,2008_005633,sheep,muzzle,muzzle,0.36164382100105286,0.531187117099762,0.11357340961694717,0.02019302174448967,1.0,0.99951171875,1.0
rotation_consistent,test_unseen,278,val:2008_005637:part_79,2008_005637,motorbike,wheel,wheel,0.6898625493049622,0.8164717555046082,0.22648008167743683,0.41938841342926025,1.0,0.9990234375,1.0
rotation_consistent,test_unseen,279,val:2008_005637:part_82,2008_005637,motorbike,headlight,headlight,0.0,0.0,0.0,0.014964216388761997,0.99951171875,0.493896484375,0.99609375
rotation_consistent,test_unseen,280,val:2008_006130:part_61,2008_006130,dog,head,head,0.6875,0.8148148059844971,0.0023059186059981585,0.25769057869911194,1.0,1.0,1.0
rotation_consistent,test_unseen,281,val:2008_006130:part_62,2008_006130,dog,eye,eye,0.05624999850988388,0.10650887340307236,0.0,0.0015604101354256272,0.008880615234375,0.0,0.00010889768600463867
rotation_consistent,test_unseen,282,val:2008_006130:part_63,2008_006130,dog,torso,torso,0.530297577381134,0.6930646896362305,0.24342380464076996,0.4175211787223816,1.0,1.0,1.0
rotation_consistent,test_unseen,283,val:2008_006130:part_65,2008_006130,dog,leg,leg,0.3021860122680664,0.46412113308906555,0.15191052854061127,0.09942042082548141,1.0,1.0,1.0
rotation_consistent,test_unseen,284,val:2008_006130:part_66,2008_006130,dog,nose,nose,0.34597155451774597,0.51408451795578,0.0,0.02262594737112522,1.0,0.9814453125,1.0
rotation_consistent,test_unseen,285,val:2008_006130:part_67,2008_006130,dog,paw,paw,0.015217390842735767,0.029978586360812187,0.10734463483095169,0.012594738975167274,1.0,0.99951171875,1.0
rotation_consistent,test_unseen,286,val:2008_006130:part_68,2008_006130,dog,ear,ear,0.40364187955856323,0.5751351118087769,0.15495868027210236,0.049152921885252,0.006877899169921875,0.0,6.920099258422852e-05
rotation_consistent,test_unseen,287,val:2008_006130:part_69,2008_006130,dog,muzzle,muzzle,0.6479591727256775,0.7863777279853821,0.07176391780376434,0.12182345241308212,1.0,0.99951171875,1.0
rotation_consistent,test_unseen,288,val:2008_006143:part_13,2008_006143,bird,head,head,0.0,0.0,0.800000011920929,0.03333333507180214,1.0,1.0,1.0
rotation_consistent,test_unseen,289,val:2008_006143:part_16,2008_006143,bird,torso,torso,0.44635194540023804,0.6172106862068176,0.46666666865348816,0.9466666579246521,1.0,1.0,1.0
rotation_consistent,test_unseen,290,val:2008_006254:part_32,2008_006254,car,wheel,wheel,0.0,0.0,0.20087336003780365,0.0008946830057539046,1.0,0.9990234375,1.0
rotation_consistent,test_unseen,291,val:2008_006327:part_100,2008_006327,sheep,head,head,0.3661016821861267,0.5359801650047302,0.07137759029865265,0.047354619950056076,1.0,1.0,1.0
rotation_consistent,test_unseen,292,val:2008_006327:part_101,2008_006327,sheep,eye,eye,0.0,0.0,0.0,0.00038562394911423326,0.008880615234375,0.0,0.00010889768600463867
rotation_consistent,test_unseen,293,val:2008_006327:part_102,2008_006327,sheep,torso,torso,0.212759867310524,0.35086891055107117,0.11567092686891556,0.17268240451812744,1.0,1.0,1.0
rotation_consistent,test_unseen,294,val:2008_006327:part_103,2008_006327,sheep,neck,neck,0.0,0.0,0.047075606882572174,0.007403979543596506,1.0,1.0,1.0
rotation_consistent,test_unseen,295,val:2008_006327:part_104,2008_006327,sheep,leg,leg,0.39232614636421204,0.5635549426078796,0.09086370468139648,0.06941230595111847,1.0,1.0,1.0
rotation_consistent,test_unseen,296,val:2008_006327:part_105,2008_006327,sheep,ear,ear,0.2579750418663025,0.41014331579208374,0.03425774723291397,0.022674687206745148,0.006877899169921875,0.0,6.920099258422852e-05
rotation_consistent,test_unseen,297,val:2008_006327:part_106,2008_006327,sheep,muzzle,muzzle,0.0,0.0,0.0,0.015579206869006157,1.0,0.99951171875,1.0
rotation_consistent,test_unseen,298,val:2008_006526:part_36,2008_006526,car,back,back,0.0,0.0,0.0,0.7288135886192322,1.0,1.0,1.0
rotation_consistent,test_unseen,299,val:2008_006722:part_61,2008_006722,dog,head,head,0.35666346549987793,0.525795042514801,0.17365269362926483,0.08958785235881805,1.0,1.0,1.0
rotation_consistent,test_unseen,300,val:2008_006722:part_62,2008_006722,dog,eye,eye,0.1944444477558136,0.3255814015865326,0.0,0.0075921909883618355,0.008880615234375,0.0,0.00010889768600463867
rotation_consistent,test_unseen,301,val:2008_006722:part_63,2008_006722,dog,torso,torso,0.5616883039474487,0.7193347215652466,0.12837623059749603,0.46507591009140015,1.0,1.0,1.0
rotation_consistent,test_unseen,302,val:2008_006722:part_65,2008_006722,dog,leg,leg,0.2802296280860901,0.4377802610397339,0.09858532249927521,0.28329718112945557,1.0,1.0,1.0
rotation_consistent,test_unseen,303,val:2008_006722:part_66,2008_006722,dog,nose,nose,0.0,0.0,0.0,0.004772234242409468,1.0,0.9814453125,1.0
rotation_consistent,test_unseen,304,val:2008_006722:part_67,2008_006722,dog,paw,paw,0.149769589304924,0.2605210542678833,0.44383561611175537,0.02906724438071251,1.0,0.99951171875,1.0
rotation_consistent,test_unseen,305,val:2008_006722:part_68,2008_006722,dog,ear,ear,0.2699228823184967,0.42510122060775757,0.2857142984867096,0.06312364339828491,0.006877899169921875,0.0,6.920099258422852e-05
rotation_consistent,test_unseen,306,val:2008_006722:part_69,2008_006722,dog,muzzle,muzzle,0.688715934753418,0.8156682252883911,0.05116279050707817,0.04750542342662811,1.0,0.99951171875,1.0
rotation_consistent,test_unseen,307,val:2008_006835:part_100,2008_006835,sheep,head,head,0.4163346588611603,0.5879043340682983,0.12121212482452393,0.06239167973399162,1.0,1.0,1.0
rotation_consistent,test_unseen,308,val:2008_006835:part_102,2008_006835,sheep,torso,torso,0.4769028425216675,0.6458147764205933,0.1206527128815651,0.42128828167915344,1.0,1.0,1.0
rotation_consistent,test_unseen,309,val:2008_006835:part_103,2008_006835,sheep,neck,neck,0.2517193853855133,0.40219780802726746,0.002487562131136656,0.07336799800395966,1.0,1.0,1.0
rotation_consistent,test_unseen,310,val:2008_006835:part_104,2008_006835,sheep,leg,leg,0.26588982343673706,0.4200836718082428,0.27855151891708374,0.08593298494815826,1.0,1.0,1.0
rotation_consistent,test_unseen,311,val:2008_006835:part_105,2008_006835,sheep,ear,ear,0.0864553302526474,0.15915119647979736,0.527999997138977,0.018341999500989914,0.006877899169921875,0.0,6.920099258422852e-05
rotation_consistent,test_unseen,312,val:2008_006874:part_79,2008_006874,motorbike,wheel,wheel,0.6120182871818542,0.7593193054199219,0.1388184130191803,0.4672676622867584,1.0,0.9990234375,1.0
rotation_consistent,test_unseen,313,val:2008_006874:part_81,2008_006874,motorbike,handlebar,handlebar,0.1425742506980896,0.2495667189359665,0.7009345889091492,0.05494741350412369,1.0,1.0,1.0
rotation_consistent,test_unseen,314,val:2008_006874:part_82,2008_006874,motorbike,headlight,headlight,0.3070175349712372,0.46979865431785583,0.12781955301761627,0.0525863915681839,0.99951171875,0.493896484375,0.99609375
rotation_consistent,test_unseen,315,val:2008_006981:part_61,2008_006981,dog,head,head,0.5589784979820251,0.7171086668968201,0.07335907220840454,0.47882428765296936,1.0,1.0,1.0
rotation_consistent,test_unseen,316,val:2008_006981:part_62,2008_006981,dog,eye,eye,0.5142857432365417,0.6792452931404114,0.0,0.013590391725301743,0.008880615234375,0.0,0.00010889768600463867
rotation_consistent,test_unseen,317,val:2008_006981:part_63,2008_006981,dog,torso,torso,0.3912522494792938,0.5624461770057678,0.09857142716646194,0.29140329360961914,1.0,1.0,1.0
rotation_consistent,test_unseen,318,val:2008_006981:part_66,2008_006981,dog,nose,nose,0.0979020968079567,0.17834395170211792,0.0,0.018963336944580078,1.0,0.9814453125,1.0
rotation_consistent,test_unseen,319,val:2008_006981:part_69,2008_006981,dog,muzzle,muzzle,0.6238738894462585,0.7683772444725037,0.13341346383094788,0.19279393553733826,1.0,0.99951171875,1.0
rotation_consistent,test_unseen,320,val:2008_006986:part_32,2008_006986,car,wheel,wheel,0.7140660881996155,0.8331838846206665,0.07587382942438126,0.10757175087928772,1.0,0.9990234375,1.0
rotation_consistent,test_unseen,321,val:2008_006986:part_34,2008_006986,car,front,front,0.6131597757339478,0.7601972222328186,0.017163505777716637,0.22878079116344452,1.0,1.0,1.0
rotation_consistent,test_unseen,322,val:2008_006986:part_35,2008_006986,car,side,side,0.6990916728973389,0.8229004740715027,0.01429618801921606,0.4917565584182739,1.0,1.0,1.0
rotation_consistent,test_unseen,323,val:2008_006986:part_38,2008_006986,car,mirror,mirror,0.0,0.0,0.0,0.008446977473795414,0.013275146484375,0.0,0.00027370452880859375
rotation_consistent,test_unseen,324,val:2008_006986:part_41,2008_006986,car,window,window,0.49491095542907715,0.662127673625946,0.0,0.15601465106010437,1.0,0.935546875,1.0
rotation_consistent,test_unseen,325,val:2008_007120:part_11,2008_007120,bird,wing,wing,0.4133858382701874,0.5849581956863403,0.15625,0.09844174981117249,0.99853515625,0.00031757354736328125,0.962890625
rotation_consistent,test_unseen,326,val:2008_007120:part_12,2008_007120,bird,tail,tail,0.6569767594337463,0.7929824590682983,0.242888405919075,0.19688349962234497,1.0,0.89892578125,1.0
rotation_consistent,test_unseen,327,val:2008_007120:part_13,2008_007120,bird,head,head,0.3424317538738251,0.510166347026825,0.2442052960395813,0.10264655202627182,1.0,1.0,1.0
rotation_consistent,test_unseen,328,val:2008_007120:part_14,2008_007120,bird,eye,eye,0.0,0.0,0.0,0.002226069802418351,0.008880615234375,0.0,0.00010889768600463867
rotation_consistent,test_unseen,329,val:2008_007120:part_15,2008_007120,bird,beak,beak,0.2341269850730896,0.3794212341308594,0.11965811997652054,0.04798417165875435,0.9921875,0.01049041748046875,0.9130859375
rotation_consistent,test_unseen,330,val:2008_007120:part_16,2008_007120,bird,torso,torso,0.5539291501045227,0.7129400372505188,0.11264079809188843,0.4048973619937897,1.0,1.0,1.0
rotation_consistent,test_unseen,331,val:2008_007120:part_17,2008_007120,bird,neck,neck,0.4738878011703491,0.6430445909500122,0.010909090749919415,0.12045510858297348,1.0,1.0,1.0
rotation_consistent,test_unseen,332,val:2008_007120:part_18,2008_007120,bird,leg,leg,0.006666666828095913,0.013245033100247383,0.10555555671453476,0.001484046457335353,1.0,1.0,1.0
rotation_consistent,test_unseen,333,val:2008_007120:part_19,2008_007120,bird,foot,foot,0.0,0.0,0.0,0.023497402667999268,1.0,1.0,1.0
rotation_consistent,test_unseen,334,val:2008_007378:part_60,2008_007378,dog,tail,tail,0.2849161922931671,0.4434782564640045,0.6060606241226196,0.04609595611691475,1.0,0.89892578125,1.0
rotation_consistent,test_unseen,335,val:2008_007378:part_61,2008_007378,dog,head,head,0.5241379141807556,0.6877828240394592,0.04881450533866882,0.0912511795759201,1.0,1.0,1.0
rotation_consistent,test_unseen,336,val:2008_007378:part_62,2008_007378,dog,eye,eye,0.0,0.0,0.0,0.003998118452727795,0.008880615234375,0.0,0.00010889768600463867
rotation_consistent,test_unseen,337,val:2008_007378:part_63,2008_007378,dog,torso,torso,0.6916592717170715,0.8177288174629211,0.06401462852954865,0.3824082911014557,1.0,1.0,1.0
rotation_consistent,test_unseen,338,val:2008_007378:part_65,2008_007378,dog,leg,leg,0.4486970603466034,0.6194491386413574,0.3053719103336334,0.26763877272605896,1.0,1.0,1.0
rotation_consistent,test_unseen,339,val:2008_007378:part_66,2008_007378,dog,nose,nose,0.0,0.0,1.0,0.005644402466714382,1.0,0.9814453125,1.0
rotation_consistent,test_unseen,340,val:2008_007378:part_67,2008_007378,dog,paw,paw,0.31892409920692444,0.4836125373840332,0.48306772112846375,0.08678269386291504,1.0,0.99951171875,1.0
rotation_consistent,test_unseen,341,val:2008_007378:part_68,2008_007378,dog,ear,ear,0.3289817273616791,0.4950883984565735,0.033707864582538605,0.05691439285874367,0.006877899169921875,0.0,6.920099258422852e-05
rotation_consistent,test_unseen,342,val:2008_007378:part_69,2008_007378,dog,muzzle,muzzle,0.027027027681469917,0.05263157933950424,0.06976744532585144,0.039981186389923096,1.0,0.99951171875,1.0
rotation_consistent,test_unseen,343,val:2008_007497:part_99,2008_007497,sheep,tail,tail,0.0033003301359713078,0.00657894741743803,0.39273926615715027,0.000985221704468131,1.0,0.89892578125,1.0
rotation_consistent,test_unseen,344,val:2008_007497:part_100,2008_007497,sheep,head,head,0.32236841320991516,0.4875621795654297,0.30434781312942505,0.062068965286016464,1.0,1.0,1.0
rotation_consistent,test_unseen,345,val:2008_007497:part_101,2008_007497,sheep,eye,eye,0.0,0.0,0.0,0.000985221704468131,0.008880615234375,0.0,0.00010889768600463867
rotation_consistent,test_unseen,346,val:2008_007497:part_102,2008_007497,sheep,torso,torso,0.6236966848373413,0.7682428359985352,0.23679061233997345,0.6807881593704224,1.0,1.0,1.0
rotation_consistent,test_unseen,347,val:2008_007497:part_103,2008_007497,sheep,neck,neck,0.2756756842136383,0.43220338225364685,0.11363636702299118,0.05911330133676529,1.0,1.0,1.0
rotation_consistent,test_unseen,348,val:2008_007497:part_104,2008_007497,sheep,leg,leg,0.14516128599643707,0.2535211145877838,0.4274611473083496,0.10935960710048676,1.0,1.0,1.0
rotation_consistent,test_unseen,349,val:2008_007497:part_105,2008_007497,sheep,ear,ear,0.0,0.0,0.4444444477558136,0.004926108289510012,0.006877899169921875,0.0,6.920099258422852e-05
rotation_consistent,test_unseen,350,val:2008_007497:part_106,2008_007497,sheep,muzzle,muzzle,0.0,0.0,0.0,0.018719211220741272,1.0,0.99951171875,1.0
rotation_consistent,test_unseen,351,val:2008_007497:part_107,2008_007497,sheep,horn,horn,0.29878050088882446,0.4600938856601715,0.46405228972435,0.05911330133676529,0.2100830078125,6.556510925292969e-07,0.00591278076171875
rotation_consistent,test_unseen,352,val:2008_007498:part_11,2008_007498,bird,wing,wing,0.2511094808578491,0.40141886472702026,0.024296674877405167,0.389090895652771,0.99853515625,0.00031757354736328125,0.962890625
rotation_consistent,test_unseen,353,val:2008_007498:part_12,2008_007498,bird,tail,tail,0.3009009063243866,0.4626038670539856,0.4270833432674408,0.07229946553707123,1.0,0.89892578125,1.0
rotation_consistent,test_unseen,354,val:2008_007498:part_13,2008_007498,bird,head,head,0.3519163727760315,0.5206185579299927,0.037383176386356354,0.037219252437353134,1.0,1.0,1.0
rotation_consistent,test_unseen,355,val:2008_007498:part_14,2008_007498,bird,eye,eye,0.0,0.0,0.0,0.001497326185926795,0.008880615234375,0.0,0.00010889768600463867
rotation_consistent,test_unseen,356,val:2008_007498:part_16,2008_007498,bird,torso,torso,0.39246246218681335,0.5636955499649048,0.08379080891609192,0.3108021318912506,1.0,1.0,1.0
rotation_consistent,test_unseen,357,val:2008_007498:part_17,2008_007498,bird,neck,neck,0.541262149810791,0.7023621797561646,0.06034482643008232,0.06139037385582924,1.0,1.0,1.0
rotation_consistent,test_unseen,358,val:2008_007498:part_18,2008_007498,bird,leg,leg,0.020218759775161743,0.03963612765073776,0.10386965423822403,0.028235293924808502,1.0,1.0,1.0
rotation_consistent,test_unseen,359,val:2008_007513:part_60,2008_007513,dog,tail,tail,0.42009133100509644,0.5916398763656616,0.5592417120933533,0.015805279836058617,1.0,0.89892578125,1.0
rotation_consistent,test_unseen,360,val:2008_007513:part_61,2008_007513,dog,head,head,0.5350318551063538,0.6970954537391663,0.048121292144060135,0.1411411464214325,1.0,1.0,1.0
rotation_consistent,test_unseen,361,val:2008_007513:part_62,2008_007513,dog,eye,eye,0.11999999731779099,0.2142857164144516,0.0,0.0037932670675218105,0.008880615234375,0.0,0.00010889768600463867
rotation_consistent,test_unseen,362,val:2008_007513:part_63,2008_007513,dog,torso,torso,0.7325206995010376,0.845612645149231,0.10460829734802246,0.5046625733375549,1.0,1.0,1.0
rotation_consistent,test_unseen,363,val:2008_007513:part_65,2008_007513,dog,leg,leg,0.2439165711402893,0.3921751379966736,0.33691754937171936,0.16295242309570312,1.0,1.0,1.0
rotation_consistent,test_unseen,364,val:2008_007513:part_66,2008_007513,dog,nose,nose,0.28333333134651184,0.44155845046043396,0.008620689623057842,0.006006006151437759,1.0,0.9814453125,1.0
rotation_consistent,test_unseen,365,val:2008_007513:part_67,2008_007513,dog,paw,paw,0.09848485141992569,0.17931035161018372,0.6060606241226196,0.05310573801398277,1.0,0.99951171875,1.0
rotation_consistent,test_unseen,366,val:2008_007513:part_68,2008_007513,dog,ear,ear,0.44880175590515137,0.6195488572120667,0.013698630034923553,0.05895369127392769,0.006877899169921875,0.0,6.920099258422852e-05
rotation_consistent,test_unseen,367,val:2008_007513:part_69,2008_007513,dog,muzzle,muzzle,0.5954356789588928,0.7464239001274109,0.1190476194024086,0.048522207885980606,1.0,0.99951171875,1.0
rotation_consistent,test_unseen,368,val:2008_007677:part_100,2008_007677,sheep,head,head,0.544660210609436,0.7052168250083923,0.06229860335588455,0.09005321562290192,1.0,1.0,1.0
rotation_consistent,test_unseen,369,val:2008_007677:part_101,2008_007677,sheep,eye,eye,0.0,0.0,0.0,0.0008186655468307436,0.008880615234375,0.0,0.00010889768600463867
rotation_consistent,test_unseen,370,val:2008_007677:part_102,2008_007677,sheep,torso,torso,0.44332456588745117,0.6143102645874023,0.13304594159126282,0.43034520745277405,1.0,1.0,1.0
rotation_consistent,test_unseen,371,val:2008_007677:part_103,2008_007677,sheep,neck,neck,0.5776965022087097,0.7323290705680847,0.004264392424374819,0.05375903844833374,1.0,1.0,1.0
rotation_consistent,test_unseen,372,val:2008_007677:part_105,2008_007677,sheep,ear,ear,0.1187739446759224,0.21232876181602478,0.19090908765792847,0.009823987260460854,0.006877899169921875,0.0,6.920099258422852e-05
rotation_consistent,test_unseen,373,val:2008_007677:part_106,2008_007677,sheep,muzzle,muzzle,0.2255520522594452,0.3680823743343353,0.17823344469070435,0.019511530175805092,1.0,0.99951171875,1.0
rotation_consistent,test_unseen,374,val:2008_007814:part_100,2008_007814,sheep,head,head,0.7073699235916138,0.8286076784133911,0.1399689018726349,0.15224766731262207,1.0,1.0,1.0
rotation_consistent,test_unseen,375,val:2008_007814:part_101,2008_007814,sheep,eye,eye,0.014598540030419827,0.028776979073882103,0.0,0.0036754312459379435,0.008880615234375,0.0,0.00010889768600463867
rotation_consistent,test_unseen,376,val:2008_007814:part_102,2008_007814,sheep,torso,torso,0.6489695310592651,0.7871212959289551,0.11692100763320923,0.41065874695777893,1.0,1.0,1.0
rotation_consistent,test_unseen,377,val:2008_007814:part_103,2008_007814,sheep,neck,neck,0.5388888716697693,0.7003610134124756,0.0,0.09160305559635162,1.0,1.0,1.0
rotation_consistent,test_unseen,378,val:2008_007814:part_104,2008_007814,sheep,leg,leg,0.43674540519714355,0.6079649329185486,0.40084612369537354,0.11959287524223328,1.0,1.0,1.0
rotation_consistent,test_unseen,379,val:2008_007814:part_105,2008_007814,sheep,ear,ear,0.6291126608848572,0.772337794303894,0.23111110925674438,0.1037602499127388,0.006877899169921875,0.0,6.920099258422852e-05
rotation_consistent,test_unseen,380,val:2008_007814:part_106,2008_007814,sheep,muzzle,muzzle,0.6687009334564209,0.8014628887176514,0.0,0.11492790281772614,1.0,0.99951171875,1.0
rotation_consistent,test_unseen,381,val:2008_007994:part_12,2008_007994,bird,tail,tail,0.34990790486335754,0.518417477607727,0.3385826647281647,0.11188463121652603,1.0,0.89892578125,1.0
rotation_consistent,test_unseen,382,val:2008_007994:part_13,2008_007994,bird,head,head,0.5152317881584167,0.6800699234008789,0.34107401967048645,0.2262555956840515,1.0,1.0,1.0
rotation_consistent,test_unseen,383,val:2008_007994:part_14,2008_007994,bird,eye,eye,0.0,0.0,0.0,0.002983590355142951,0.008880615234375,0.0,0.00010889768600463867
rotation_consistent,test_unseen,384,val:2008_007994:part_15,2008_007994,bird,beak,beak,0.0,0.0,0.0,0.015415215864777565,0.9921875,0.01049041748046875,0.9130859375
rotation_consistent,test_unseen,385,val:2008_007994:part_16,2008_007994,bird,torso,torso,0.627808153629303,0.7713539600372314,0.051424600183963776,0.6176031827926636,1.0,1.0,1.0
rotation_consistent,test_unseen,386,val:2008_007994:part_18,2008_007994,bird,leg,leg,0.0,0.0,0.10961968451738358,0.005469915457069874,1.0,1.0,1.0
rotation_consistent,test_unseen,387,val:2008_007994:part_19,2008_007994,bird,foot,foot,0.0,0.0,0.0,0.0034808553755283356,1.0,1.0,1.0
rotation_consistent,test_unseen,388,val:2008_008127:part_34,2008_008127,car,front,front,0.0,0.0,1.0,0.3589743673801422,1.0,1.0,1.0
rotation_consistent,test_unseen,389,val:2008_008127:part_35,2008_008127,car,side,side,0.0,0.0,0.0,0.4871794879436493,1.0,1.0,1.0
rotation_consistent,test_unseen,390,val:2008_008127:part_38,2008_008127,car,mirror,mirror,0.0,0.0,1.0,0.008547008968889713,0.013275146484375,0.0,0.00027370452880859375
rotation_consistent,test_unseen,391,val:2008_008127:part_41,2008_008127,car,window,window,0.0,0.0,0.0,0.1367521435022354,1.0,0.935546875,1.0
rotation_consistent,test_unseen,392,val:2008_008268:part_11,2008_008268,bird,wing,wing,0.11786508560180664,0.21087533235549927,0.4251781404018402,0.1625746488571167,0.99853515625,0.00031757354736328125,0.962890625
rotation_consistent,test_unseen,393,val:2008_008268:part_12,2008_008268,bird,tail,tail,0.0,0.0,1.0,0.02521566115319729,1.0,0.89892578125,1.0
rotation_consistent,test_unseen,394,val:2008_008268:part_13,2008_008268,bird,head,head,0.0,0.0,0.3295454680919647,0.0006635700119659305,1.0,1.0,1.0
rotation_consistent,test_unseen,395,val:2008_008268:part_15,2008_008268,bird,beak,beak,0.0,0.0,0.0,0.002654280047863722,0.9921875,0.01049041748046875,0.9130859375
rotation_consistent,test_unseen,396,val:2008_008268:part_16,2008_008268,bird,torso,torso,0.14358974993228912,0.25112107396125793,0.28445228934288025,0.13669541478157043,1.0,1.0,1.0
rotation_consistent,test_unseen,397,val:2008_008268:part_17,2008_008268,bird,neck,neck,0.0,0.0,0.0,0.005308560095727444,1.0,1.0,1.0
rotation_consistent,test_unseen,398,val:2008_008268:part_18,2008_008268,bird,leg,leg,0.0,0.0,0.48855721950531006,0.0033178499434143305,1.0,1.0,1.0
rotation_consistent,test_unseen,399,val:2008_008268:part_19,2008_008268,bird,foot,foot,0.0,0.0,0.6569767594337463,0.013934969902038574,1.0,1.0,1.0
rotation_consistent,test_unseen,400,val:2008_008746:part_12,2008_008746,bird,tail,tail,0.6338486671447754,0.775896430015564,0.2122040092945099,0.17031630873680115,1.0,0.89892578125,1.0
rotation_consistent,test_unseen,401,val:2008_008746:part_13,2008_008746,bird,head,head,0.616457462310791,0.7627264857292175,0.13946586847305298,0.09077297151088715,1.0,1.0,1.0
rotation_consistent,test_unseen,402,val:2008_008746:part_14,2008_008746,bird,eye,eye,0.28125,0.4390243887901306,0.0,0.005053340923041105,0.008880615234375,0.0,0.00010889768600463867
rotation_consistent,test_unseen,403,val:2008_008746:part_15,2008_008746,bird,beak,beak,0.4226190447807312,0.5941422581672668,0.05982905998826027,0.02283361367881298,0.9921875,0.01049041748046875,0.9130859375
rotation_consistent,test_unseen,404,val:2008_008746:part_16,2008_008746,bird,torso,torso,0.7356007695198059,0.8476612567901611,0.06705710291862488,0.6692869067192078,1.0,1.0,1.0
rotation_consistent,test_unseen,405,val:2008_008746:part_18,2008_008746,bird,leg,leg,0.04028436169028282,0.07744874805212021,0.04976019263267517,0.01647014729678631,1.0,1.0,1.0
rotation_consistent,test_unseen,406,val:2009_000037:part_12,2009_000037,bird,tail,tail,0.2454308122396469,0.39412999153137207,0.659217894077301,0.08122866600751877,1.0,0.89892578125,1.0
rotation_consistent,test_unseen,407,val:2009_000037:part_13,2009_000037,bird,head,head,0.29518070816993713,0.4558139443397522,0.48012232780456543,0.0703071653842926,1.0,1.0,1.0
rotation_consistent,test_unseen,408,val:2009_000037:part_14,2009_000037,bird,eye,eye,0.0,0.0,0.0,0.0006825938471592963,0.008880615234375,0.0,0.00010889768600463867
rotation_consistent,test_unseen,409,val:2009_000037:part_15,2009_000037,bird,beak,beak,0.20454545319080353,0.3396226465702057,0.6333333253860474,0.03139931708574295,0.9921875,0.01049041748046875,0.9130859375
rotation_consistent,test_unseen,410,val:2009_000037:part_16,2009_000037,bird,torso,torso,0.7432432174682617,0.8527131676673889,0.07807807624340057,0.5508532524108887,1.0,1.0,1.0
rotation_consistent,test_unseen,411,val:2009_000037:part_17,2009_000037,bird,neck,neck,0.3519061505794525,0.5206073522567749,0.2177121788263321,0.12969283759593964,1.0,1.0,1.0
rotation_consistent,test_unseen,412,val:2009_000037:part_18,2009_000037,bird,leg,leg,0.11254019290208817,0.2023121416568756,0.23302751779556274,0.1003412976861,1.0,1.0,1.0
rotation_consistent,test_unseen,413,val:2009_000037:part_19,2009_000037,bird,foot,foot,0.0,0.0,0.765625,0.018430033698678017,1.0,1.0,1.0
rotation_consistent,test_unseen,414,val:2009_000039:part_100,2009_000039,sheep,head,head,0.35148516297340393,0.5201465487480164,0.04532577842473984,0.16214334964752197,1.0,1.0,1.0
rotation_consistent,test_unseen,415,val:2009_000039:part_101,2009_000039,sheep,eye,eye,0.04878048598766327,0.09302325546741486,0.0,0.001043841359205544,0.008880615234375,0.0,0.00010889768600463867
rotation_consistent,test_unseen,416,val:2009_000039:part_102,2009_000039,sheep,torso,torso,0.5725132822990417,0.7281506657600403,0.11215686053037643,0.5539317727088928,1.0,1.0,1.0
rotation_consistent,test_unseen,417,val:2009_000039:part_103,2009_000039,sheep,neck,neck,0.26791808009147644,0.4226110279560089,0.00906344410032034,0.14335420727729797,1.0,1.0,1.0
rotation_consistent,test_unseen,418,val:2009_000039:part_104,2009_000039,sheep,leg,leg,0.18112245202064514,0.30669546127319336,0.18622449040412903,0.04940849170088768,1.0,1.0,1.0
rotation_consistent,test_unseen,419,val:2009_000039:part_105,2009_000039,sheep,ear,ear,0.19178082048892975,0.3218390941619873,0.5897436141967773,0.01983298547565937,0.006877899169921875,0.0,6.920099258422852e-05
rotation_consistent,test_unseen,420,val:2009_000039:part_106,2009_000039,sheep,muzzle,muzzle,0.31456953287124634,0.47858941555023193,0.0,0.03792623430490494,1.0,0.99951171875,1.0
rotation_consistent,test_unseen,421,val:2009_000074:part_79,2009_000074,motorbike,wheel,wheel,0.7360034584999084,0.847928524017334,0.08628318458795547,0.4270557165145874,1.0,0.9990234375,1.0
rotation_consistent,test_unseen,422,val:2009_000156:part_60,2009_000156,dog,tail,tail,0.023255813866853714,0.04545454680919647,0.4166666567325592,0.02085505798459053,1.0,0.89892578125,1.0
rotation_consistent,test_unseen,423,val:2009_000156:part_61,2009_000156,dog,head,head,0.05681818351149559,0.10752688348293304,0.21739129722118378,0.04900938645005226,1.0,1.0,1.0
rotation_consistent,test_unseen,424,val:2009_000156:part_62,2009_000156,dog,eye,eye,0.0,0.0,0.0,0.004171011503785849,0.008880615234375,0.0,0.00010889768600463867
rotation_consistent,test_unseen,425,val:2009_000156:part_63,2009_000156,dog,torso,torso,0.5754838585853577,0.7305487394332886,0.18488745391368866,0.6246089935302734,1.0,1.0,1.0
rotation_consistent,test_unseen,426,val:2009_000156:part_65,2009_000156,dog,leg,leg,0.1315789520740509,0.23255814611911774,0.022900763899087906,0.22210636734962463,1.0,1.0,1.0
rotation_consistent,test_unseen,427,val:2009_000156:part_66,2009_000156,dog,nose,nose,0.0,0.0,0.0,0.004171011503785849,1.0,0.9814453125,1.0
rotation_consistent,test_unseen,428,val:2009_000156:part_67,2009_000156,dog,paw,paw,0.0,0.0,0.0,0.01355578750371933,1.0,0.99951171875,1.0
rotation_consistent,test_unseen,429,val:2009_000156:part_68,2009_000156,dog,ear,ear,0.0,0.0,0.0,0.029197080060839653,0.006877899169921875,0.0,6.920099258422852e-05
rotation_consistent,test_unseen,430,val:2009_000156:part_69,2009_000156,dog,muzzle,muzzle,0.3333333432674408,0.5,0.4651162922382355,0.021897809579968452,1.0,0.99951171875,1.0
rotation_consistent,test_unseen,431,val:2009_000318:part_11,2009_000318,bird,wing,wing,0.0,0.0,0.05564387887716293,0.06920043379068375,0.99853515625,0.00031757354736328125,0.962890625
rotation_consistent,test_unseen,432,val:2009_000318:part_13,2009_000318,bird,head,head,0.523809552192688,0.6875,0.041322313249111176,0.025457153096795082,1.0,1.0,1.0
rotation_consistent,test_unseen,433,val:2009_000318:part_15,2009_000318,bird,beak,beak,0.0,0.0,0.0,0.005378271918743849,0.9921875,0.01049041748046875,0.9130859375
rotation_consistent,test_unseen,434,val:2009_000318:part_16,2009_000318,bird,torso,torso,0.14964191615581512,0.26032787561416626,0.12343334406614304,0.14951595664024353,1.0,1.0,1.0
rotation_consistent,test_unseen,435,val:2009_000318:part_18,2009_000318,bird,leg,leg,0.0,0.0,0.09896907210350037,0.002868411596864462,1.0,1.0,1.0
rotation_consistent,test_unseen,436,val:2009_000523:part_32,2009_000523,car,wheel,wheel,0.6438356041908264,0.7833333611488342,0.06588735431432724,0.07060713320970535,1.0,0.9990234375,1.0
rotation_consistent,test_unseen,437,val:2009_000523:part_33,2009_000523,car,headlight,headlight,0.18527919054031372,0.31263384222984314,0.0,0.0494699664413929,0.99951171875,0.493896484375,0.99609375
rotation_consistent,test_unseen,438,val:2009_000523:part_34,2009_000523,car,front,front,0.7265925407409668,0.8416491150856018,0.02003338932991028,0.4902023673057556,1.0,1.0,1.0
rotation_consistent,test_unseen,439,val:2009_000523:part_35,2009_000523,car,side,side,0.5398140549659729,0.701141893863678,0.05171240493655205,0.20623193681240082,1.0,1.0,1.0
rotation_consistent,test_unseen,440,val:2009_000523:part_38,2009_000523,car,mirror,mirror,0.3137930929660797,0.47769027948379517,0.0,0.014327015727758408,0.013275146484375,0.0,0.00027370452880859375
rotation_consistent,test_unseen,441,val:2009_000523:part_41,2009_000523,car,window,window,0.6707794070243835,0.8029538989067078,0.0,0.1629938930273056,1.0,0.935546875,1.0
rotation_consistent,test_unseen,442,val:2009_000619:part_12,2009_000619,bird,tail,tail,0.2904762029647827,0.45018449425697327,0.373913049697876,0.056955091655254364,1.0,0.89892578125,1.0
rotation_consistent,test_unseen,443,val:2009_000619:part_13,2009_000619,bird,head,head,0.21789883077144623,0.35782748460769653,0.505836546421051,0.02044541761279106,1.0,1.0,1.0
rotation_consistent,test_unseen,444,val:2009_000619:part_14,2009_000619,bird,eye,eye,0.0,0.0,0.0,0.0036509674973785877,0.008880615234375,0.0,0.00010889768600463867
rotation_consistent,test_unseen,445,val:2009_000619:part_15,2009_000619,bird,beak,beak,0.18367347121238708,0.3103448152542114,0.25170066952705383,0.009857612662017345,0.9921875,0.01049041748046875,0.9130859375
rotation_consistent,test_unseen,446,val:2009_000619:part_16,2009_000619,bird,torso,torso,0.8254573345184326,0.9043841361999512,0.06175468489527702,0.891566276550293,1.0,1.0,1.0
rotation_consistent,test_unseen,447,val:2009_000619:part_18,2009_000619,bird,leg,leg,0.04054053872823715,0.07792207598686218,0.15427927672863007,0.013143482618033886,1.0,1.0,1.0
rotation_consistent,test_unseen,448,val:2009_000619:part_19,2009_000619,bird,foot,foot,0.0,0.0,0.0,0.00036509675555862486,1.0,1.0,1.0
rotation_consistent,test_unseen,449,val:2009_000664:part_12,2009_000664,bird,tail,tail,0.10187110304832458,0.18490566313266754,0.15090090036392212,0.014678272418677807,1.0,0.89892578125,1.0
rotation_consistent,test_unseen,450,val:2009_000664:part_13,2009_000664,bird,head,head,0.21250000596046448,0.3505154550075531,0.31346842646598816,0.055470217019319534,1.0,1.0,1.0
rotation_consistent,test_unseen,451,val:2009_000664:part_14,2009_000664,bird,eye,eye,0.0,0.0,0.0,0.00273084151558578,0.008880615234375,0.0,0.00010889768600463867
rotation_consistent,test_unseen,452,val:2009_000664:part_15,2009_000664,bird,beak,beak,0.042553190141916275,0.08163265138864517,0.75,0.006997781340032816,0.9921875,0.01049041748046875,0.9130859375
rotation_consistent,test_unseen,453,val:2009_000664:part_16,2009_000664,bird,torso,torso,0.38223570585250854,0.5530688166618347,0.194966122508049,0.36149513721466064,1.0,1.0,1.0
rotation_consistent,test_unseen,454,val:2009_000664:part_18,2009_000664,bird,leg,leg,0.0,0.0,0.3534111976623535,0.008533879183232784,1.0,1.0,1.0
rotation_consistent,test_unseen,455,val:2009_000664:part_19,2009_000664,bird,foot,foot,0.0,0.0,0.0,0.0032428742852061987,1.0,1.0,1.0
rotation_consistent,test_unseen,456,val:2009_000675:part_100,2009_000675,sheep,head,head,0.04144144058227539,0.07958477735519409,0.03911342844367027,0.03872966766357422,1.0,1.0,1.0
rotation_consistent,test_unseen,457,val:2009_000675:part_101,2009_000675,sheep,eye,eye,0.0,0.0,0.0,0.00038729666266590357,0.008880615234375,0.0,0.00010889768600463867
rotation_consistent,test_unseen,458,val:2009_000675:part_102,2009_000675,sheep,torso,torso,0.23906485736370087,0.3858794867992401,0.14616498351097107,0.2854376435279846,1.0,1.0,1.0
rotation_consistent,test_unseen,459,val:2009_000675:part_103,2009_000675,sheep,neck,neck,0.0,0.0,0.032786883413791656,0.054996125400066376,1.0,1.0,1.0
rotation_consistent,test_unseen,460,val:2009_000675:part_105,2009_000675,sheep,ear,ear,0.0,0.0,0.04816513881087303,0.006584043148905039,0.006877899169921875,0.0,6.920099258422852e-05
rotation_consistent,test_unseen,461,val:2009_000675:part_106,2009_000675,sheep,muzzle,muzzle,0.009582477621734142,0.01898305118083954,0.04243668541312218,0.002711076755076647,1.0,0.99951171875,1.0
rotation_consistent,test_unseen,462,val:2009_000730:part_79,2009_000730,motorbike,wheel,wheel,0.7744165658950806,0.8728689551353455,0.13717781007289886,0.4685404896736145,1.0,0.9990234375,1.0
rotation_consistent,test_unseen,463,val:2009_000825:part_32,2009_000825,car,wheel,wheel,0.4117647111415863,0.5833333134651184,0.17521367967128754,0.034090910106897354,1.0,0.9990234375,1.0
rotation_consistent,test_unseen,464,val:2009_000825:part_33,2009_000825,car,headlight,headlight,0.06324110925197601,0.11895910650491714,0.012658228166401386,0.06350267678499222,0.99951171875,0.493896484375,0.99609375
rotation_consistent,test_unseen,465,val:2009_000825:part_34,2009_000825,car,front,front,0.35058823227882385,0.5191637873649597,0.1061224490404129,0.2760695219039917,1.0,1.0,1.0
rotation_consistent,test_unseen,466,val:2009_000825:part_35,2009_000825,car,side,side,0.4079754650592804,0.5795207023620605,0.03453237563371658,0.3024732768535614,1.0,1.0,1.0
rotation_consistent,test_unseen,467,val:2009_000825:part_38,2009_000825,car,mirror,mirror,0.0,0.0,0.05639097839593887,0.011363636702299118,0.013275146484375,0.0,0.00027370452880859375
rotation_consistent,test_unseen,468,val:2009_000825:part_41,2009_000825,car,window,window,0.27941176295280457,0.4367816150188446,0.0,0.2757352888584137,1.0,0.935546875,1.0
rotation_consistent,test_unseen,469,val:2009_000839:part_61,2009_000839,dog,head,head,0.4359622001647949,0.6072056889533997,0.005402375012636185,0.2937975823879242,1.0,1.0,1.0
rotation_consistent,test_unseen,470,val:2009_000839:part_62,2009_000839,dog,eye,eye,0.6257861852645874,0.7698259353637695,0.0,0.020596874877810478,0.008880615234375,0.0,0.00010889768600463867
rotation_consistent,test_unseen,471,val:2009_000839:part_63,2009_000839,dog,torso,torso,0.4076958894729614,0.5792385935783386,0.01631409116089344,0.11543597280979156,1.0,1.0,1.0
rotation_consistent,test_unseen,472,val:2009_000839:part_64,2009_000839,dog,neck,neck,0.681165337562561,0.8103490471839905,0.0,0.06055548042058945,1.0,1.0,1.0
rotation_consistent,test_unseen,473,val:2009_000839:part_66,2009_000839,dog,nose,nose,0.8389760255813599,0.9124382734298706,0.0,0.03588596731424332,1.0,0.9814453125,1.0
rotation_consistent,test_unseen,474,val:2009_000839:part_68,2009_000839,dog,ear,ear,0.11639063060283661,0.20851238071918488,0.07481297105550766,0.28611963987350464,0.006877899169921875,0.0,6.920099258422852e-05
rotation_consistent,test_unseen,475,val:2009_000839:part_69,2009_000839,dog,muzzle,muzzle,0.5591904520988464,0.7172830700874329,0.0,0.18724128603935242,1.0,0.99951171875,1.0
rotation_consistent,test_unseen,476,val:2009_000879:part_12,2009_000879,bird,tail,tail,0.45132744312286377,0.6219512224197388,0.3724832236766815,0.08629893511533737,1.0,0.89892578125,1.0
rotation_consistent,test_unseen,477,val:2009_000879:part_13,2009_000879,bird,head,head,0.5206073522567749,0.6847360730171204,0.18872016668319702,0.10676156729459763,1.0,1.0,1.0
rotation_consistent,test_unseen,478,val:2009_000879:part_14,2009_000879,bird,eye,eye,0.05999999865889549,0.11320754885673523,0.0,0.002224199241027236,0.008880615234375,0.0,0.00010889768600463867
rotation_consistent,test_unseen,479,val:2009_000879:part_15,2009_000879,bird,beak,beak,0.1975308656692505,0.3298968970775604,0.46666666865348816,0.02624555118381977,0.9921875,0.01049041748046875,0.9130859375
rotation_consistent,test_unseen,480,val:2009_000879:part_16,2009_000879,bird,torso,torso,0.7691500782966614,0.8695136308670044,0.11674528568983078,0.745551586151123,1.0,1.0,1.0
rotation_consistent,test_unseen,481,val:2009_000892:part_60,2009_000892,dog,tail,tail,0.5324427485466003,0.6948941349983215,0.19658119976520538,0.14947089552879333,1.0,0.89892578125,1.0
rotation_consistent,test_unseen,482,val:2009_000892:part_61,2009_000892,dog,head,head,0.39743590354919434,0.5688073635101318,0.19037432968616486,0.12334655970335007,1.0,1.0,1.0
rotation_consistent,test_unseen,483,val:2009_000892:part_62,2009_000892,dog,eye,eye,0.0,0.0,0.0,0.004629629664123058,0.008880615234375,0.0,0.00010889768600463867
rotation_consistent,test_unseen,484,val:2009_000892:part_63,2009_000892,dog,torso,torso,0.5944517850875854,0.7456503510475159,0.048678722232580185,0.32275131344795227,1.0,1.0,1.0
rotation_consistent,test_unseen,485,val:2009_000892:part_64,2009_000892,dog,neck,neck,0.30841121077537537,0.4714285731315613,0.020338982343673706,0.041335977613925934,1.0,1.0,1.0
rotation_consistent,test_unseen,486,val:2009_000892:part_65,2009_000892,dog,leg,leg,0.2722007632255554,0.4279210865497589,0.5694143176078796,0.130952388048172,1.0,1.0,1.0
rotation_consistent,test_unseen,487,val:2009_000892:part_66,2009_000892,dog,nose,nose,0.0,0.0,0.5714285969734192,0.005621693097054958,1.0,0.9814453125,1.0
rotation_consistent,test_unseen,488,val:2009_000892:part_67,2009_000892,dog,paw,paw,0.10247349739074707,0.18589743971824646,0.8105726838111877,0.028108466416597366,1.0,0.99951171875,1.0
rotation_consistent,test_unseen,489,val:2009_000892:part_68,2009_000892,dog,ear,ear,0.1497584581375122,0.26050421595573425,0.035087719559669495,0.04100529104471207,0.006877899169921875,0.0,6.920099258422852e-05
rotation_consistent,test_unseen,490,val:2009_000892:part_69,2009_000892,dog,muzzle,muzzle,0.3381294906139374,0.5053763389587402,0.257831335067749,0.10879629850387573,1.0,0.99951171875,1.0
rotation_consistent,test_unseen,491,val:2009_000924:part_99,2009_000924,sheep,tail,tail,0.0,0.0,0.11567164212465286,0.007570347283035517,1.0,0.89892578125,1.0
rotation_consistent,test_unseen,492,val:2009_000924:part_100,2009_000924,sheep,head,head,0.5064478516578674,0.6723735332489014,0.07033248245716095,0.07184688001871109,1.0,1.0,1.0
rotation_consistent,test_unseen,493,val:2009_000924:part_101,2009_000924,sheep,eye,eye,0.0,0.0,0.0,0.0008570204372517765,0.008880615234375,0.0,0.00010889768600463867
rotation_consistent,test_unseen,494,val:2009_000924:part_102,2009_000924,sheep,torso,torso,0.6365251541137695,0.777898371219635,0.08767221122980118,0.5174974799156189,1.0,1.0,1.0
rotation_consistent,test_unseen,495,val:2009_000924:part_103,2009_000924,sheep,neck,neck,0.4512922465801239,0.6219177842140198,0.0,0.1361234039068222,1.0,1.0,1.0
rotation_consistent,test_unseen,496,val:2009_000924:part_104,2009_000924,sheep,leg,leg,0.36694154143333435,0.5368795990943909,0.36805853247642517,0.18911583721637726,1.0,1.0,1.0
rotation_consistent,test_unseen,497,val:2009_000924:part_105,2009_000924,sheep,ear,ear,0.4365781843662262,0.6078028678894043,0.3222591280937195,0.02656763233244419,0.006877899169921875,0.0,6.920099258422852e-05
rotation_consistent,test_unseen,498,val:2009_000924:part_106,2009_000924,sheep,muzzle,muzzle,0.5164319276809692,0.6811145544052124,0.0024038462433964014,0.032852448523044586,1.0,0.99951171875,1.0
rotation_consistent,test_unseen,499,val:2009_000935:part_61,2009_000935,dog,head,head,0.43822842836380005,0.6094003319740295,0.1592814326286316,0.1476137638092041,1.0,1.0,1.0
rotation_consistent,test_unseen,500,val:2009_000935:part_62,2009_000935,dog,eye,eye,0.0517241396009922,0.09836065769195557,0.0,0.0014798372285440564,0.008880615234375,0.0,0.00010889768600463867
rotation_consistent,test_unseen,501,val:2009_000935:part_63,2009_000935,dog,torso,torso,0.6670390963554382,0.8002681136131287,0.11612176150083542,0.4476507604122162,1.0,1.0,1.0
rotation_consistent,test_unseen,502,val:2009_000935:part_64,2009_000935,dog,neck,neck,0.1433447152376175,0.2507462799549103,0.10409556329250336,0.03107658214867115,1.0,1.0,1.0
rotation_consistent,test_unseen,503,val:2009_000935:part_65,2009_000935,dog,leg,leg,0.29127052426338196,0.45113787055015564,0.46754807233810425,0.24491305649280548,1.0,1.0,1.0
rotation_consistent,test_unseen,504,val:2009_000935:part_66,2009_000935,dog,nose,nose,0.0,0.0,0.0,0.005919348914176226,1.0,0.9814453125,1.0
rotation_consistent,test_unseen,505,val:2009_000935:part_68,2009_000935,dog,ear,ear,0.22499999403953552,0.36734694242477417,0.6828193664550781,0.02478727325797081,0.006877899169921875,0.0,6.920099258422852e-05
rotation_consistent,test_unseen,506,val:2009_000935:part_69,2009_000935,dog,muzzle,muzzle,0.43440860509872437,0.6056971549987793,0.06279069930315018,0.08768035471439362,1.0,0.99951171875,1.0
rotation_consistent,test_unseen,507,val:2009_000989:part_60,2009_000989,dog,tail,tail,0.0,0.0,0.0,0.020460357889533043,1.0,0.89892578125,1.0
rotation_consistent,test_unseen,508,val:2009_000989:part_61,2009_000989,dog,head,head,0.0,0.0,0.7297297120094299,0.24040921032428741,1.0,1.0,1.0
rotation_consistent,test_unseen,509,val:2009_000989:part_62,2009_000989,dog,eye,eye,0.0,0.0,0.0,0.01534526888281107,0.008880615234375,0.0,0.00010889768600463867
rotation_consistent,test_unseen,510,val:2009_000989:part_63,2009_000989,dog,torso,torso,0.21140141785144806,0.3490196168422699,0.15759311616420746,0.4117647111415863,1.0,1.0,1.0
rotation_consistent,test_unseen,511,val:2009_000989:part_64,2009_000989,dog,neck,neck,0.0,0.0,0.0,0.1355498731136322,1.0,1.0,1.0
rotation_consistent,test_unseen,512,val:2009_000989:part_66,2009_000989,dog,nose,nose,0.0,0.0,0.0,0.010230178944766521,1.0,0.9814453125,1.0
rotation_consistent,test_unseen,513,val:2009_000989:part_68,2009_000989,dog,ear,ear,0.0,0.0,0.0,0.05882352963089943,0.006877899169921875,0.0,6.920099258422852e-05
rotation_consistent,test_unseen,514,val:2009_000989:part_69,2009_000989,dog,muzzle,muzzle,0.0,0.0,0.0,0.05370844155550003,1.0,0.99951171875,1.0
rotation_consistent,test_unseen,515,val:2009_000991:part_12,2009_000991,bird,tail,tail,0.42675158381462097,0.5982142686843872,0.446153849363327,0.027175484225153923,1.0,0.89892578125,1.0
rotation_consistent,test_unseen,516,val:2009_000991:part_13,2009_000991,bird,head,head,0.2639109790325165,0.4176100492477417,0.0615384615957737,0.03975137323141098,1.0,1.0,1.0
rotation_consistent,test_unseen,517,val:2009_000991:part_14,2009_000991,bird,eye,eye,0.0,0.0,0.0,0.0018791558686643839,0.008880615234375,0.0,0.00010889768600463867
rotation_consistent,test_unseen,518,val:2009_000991:part_15,2009_000991,bird,beak,beak,0.0,0.0,0.0,0.030789244920015335,0.9921875,0.01049041748046875,0.9130859375
rotation_consistent,test_unseen,519,val:2009_000991:part_16,2009_000991,bird,torso,torso,0.6519845724105835,0.7893349528312683,0.06334918737411499,0.5747326016426086,1.0,1.0,1.0
rotation_consistent,test_unseen,520,val:2009_000991:part_17,2009_000991,bird,neck,neck,0.456620991230011,0.6269592642784119,0.21645021438598633,0.0969933494925499,1.0,1.0,1.0
rotation_consistent,test_unseen,521,val:2009_000991:part_18,2009_000991,bird,leg,leg,0.37441498041152954,0.5448353886604309,0.30000001192092896,0.04350968450307846,1.0,1.0,1.0
rotation_consistent,test_unseen,522,val:2009_000998:part_12,2009_000998,bird,tail,tail,0.5872641801834106,0.7399702668190002,0.21038250625133514,0.07358580827713013,1.0,0.89892578125,1.0
rotation_consistent,test_unseen,523,val:2009_000998:part_13,2009_000998,bird,head,head,0.7110596299171448,0.8311336636543274,0.13702623546123505,0.29721954464912415,1.0,1.0,1.0
rotation_consistent,test_unseen,524,val:2009_000998:part_14,2009_000998,bird,eye,eye,0.22289156913757324,0.3645320236682892,0.0,0.021812081336975098,0.008880615234375,0.0,0.00010889768600463867
rotation_consistent,test_unseen,525,val:2009_000998:part_15,2009_000998,bird,beak,beak,0.0,0.0,0.18380743265151978,0.0023969318717718124,0.9921875,0.01049041748046875,0.9130859375
rotation_consistent,test_unseen,526,val:2009_000998:part_16,2009_000998,bird,torso,torso,0.8361436724662781,0.9107606410980225,0.071800597012043,0.5563278794288635,1.0,1.0,1.0
rotation_consistent,test_unseen,527,val:2009_000998:part_18,2009_000998,bird,leg,leg,0.16466346383094788,0.2827657461166382,0.21274039149284363,0.032837968319654465,1.0,1.0,1.0
rotation_consistent,test_unseen,528,val:2009_000998:part_19,2009_000998,bird,foot,foot,0.0,0.0,0.48302870988845825,0.01270373910665512,1.0,1.0,1.0
rotation_consistent,test_unseen,529,val:2009_001108:part_13,2009_001108,bird,head,head,0.3295774757862091,0.4957627058029175,0.5852272510528564,0.13129103183746338,1.0,1.0,1.0
rotation_consistent,test_unseen,530,val:2009_001108:part_14,2009_001108,bird,eye,eye,0.0,0.0,0.0,0.005470459349453449,0.008880615234375,0.0,0.00010889768600463867
rotation_consistent,test_unseen,531,val:2009_001108:part_15,2009_001108,bird,beak,beak,0.10924369841814041,0.19696970283985138,0.6554622054100037,0.014223194681107998,0.9921875,0.01049041748046875,0.9130859375
rotation_consistent,test_unseen,532,val:2009_001108:part_16,2009_001108,bird,torso,torso,0.6391251683235168,0.779836893081665,0.19305555522441864,0.6881837844848633,1.0,1.0,1.0
rotation_consistent,test_unseen,533,val:2009_001108:part_17,2009_001108,bird,neck,neck,0.3566666543483734,0.525798499584198,0.39615383744239807,0.1608315110206604,1.0,1.0,1.0
rotation_consistent,test_unseen,534,val:2009_001160:part_12,2009_001160,bird,tail,tail,0.45249295234680176,0.6230570077896118,0.3694627583026886,0.09823063015937805,1.0,0.89892578125,1.0
rotation_consistent,test_unseen,535,val:2009_001160:part_13,2009_001160,bird,head,head,0.3118908405303955,0.47548291087150574,0.05945945903658867,0.099247507750988,1.0,1.0,1.0
rotation_consistent,test_unseen,536,val:2009_001160:part_16,2009_001160,bird,torso,torso,0.7844428420066833,0.8792019486427307,0.025579536333680153,0.7250356078147888,1.0,1.0,1.0
rotation_consistent,test_unseen,537,val:2009_001160:part_17,2009_001160,bird,neck,neck,0.32181817293167114,0.4869326055049896,0.02231237292289734,0.047589994966983795,1.0,1.0,1.0
rotation_consistent,test_unseen,538,val:2009_001160:part_18,2009_001160,bird,leg,leg,0.019656019285321236,0.03855421766638756,0.08499006181955338,0.012812690809369087,1.0,1.0,1.0
rotation_consistent,test_unseen,539,val:2009_001160:part_19,2009_001160,bird,foot,foot,0.012129380367696285,0.0239680428057909,0.43593519926071167,0.014643074944615364,1.0,1.0,1.0
rotation_consistent,test_unseen,540,val:2009_001240:part_32,2009_001240,car,wheel,wheel,0.634429395198822,0.77633136510849,0.050549451261758804,0.11872146278619766,1.0,0.9990234375,1.0
rotation_consistent,test_unseen,541,val:2009_001240:part_34,2009_001240,car,front,front,0.0,0.0,0.0,0.04779299721121788,1.0,1.0,1.0
rotation_consistent,test_unseen,542,val:2009_001240:part_35,2009_001240,car,side,side,0.36955204606056213,0.5396685004234314,0.06881851702928543,0.3777777850627899,1.0,1.0,1.0
rotation_consistent,test_unseen,543,val:2009_001240:part_36,2009_001240,car,back,back,0.032258063554763794,0.0625,0.0,0.0066971080377697945,1.0,1.0,1.0
rotation_consistent,test_unseen,544,val:2009_001240:part_37,2009_001240,car,roof,roof,0.11940298229455948,0.2133333384990692,0.1353233903646469,0.07305935770273209,1.0,0.9345703125,1.0
rotation_consistent,test_unseen,545,val:2009_001240:part_40,2009_001240,car,door,door,0.05285234749317169,0.10039840638637543,0.045614033937454224,0.20852358639240265,1.0,0.9990234375,1.0
rotation_consistent,test_unseen,546,val:2009_001240:part_41,2009_001240,car,window,window,0.34680449962615967,0.515003502368927,0.0,0.15464231371879578,1.0,0.935546875,1.0
rotation_consistent,test_unseen,547,val:2009_001255:part_32,2009_001255,car,wheel,wheel,0.017123287543654442,0.033670034259557724,0.4089285731315613,0.0038452837616205215,1.0,0.9990234375,1.0
rotation_consistent,test_unseen,548,val:2009_001314:part_11,2009_001314,bird,wing,wing,0.682729184627533,0.8114546537399292,0.16210247576236725,0.7328975796699524,0.99853515625,0.00031757354736328125,0.962890625
rotation_consistent,test_unseen,549,val:2009_001314:part_12,2009_001314,bird,tail,tail,0.0,0.0,0.36681222915649414,0.08583877980709076,1.0,0.89892578125,1.0
rotation_consistent,test_unseen,550,val:2009_001314:part_13,2009_001314,bird,head,head,0.021739130839705467,0.042553190141916275,0.4220588207244873,0.010893246158957481,1.0,1.0,1.0
rotation_consistent,test_unseen,551,val:2009_001314:part_16,2009_001314,bird,torso,torso,0.1967606544494629,0.3288220465183258,0.15309247374534607,0.1577342003583908,1.0,1.0,1.0
rotation_consistent,test_unseen,552,val:2009_001314:part_18,2009_001314,bird,leg,leg,0.0,0.0,0.15964025259017944,0.0021786491852253675,1.0,1.0,1.0
rotation_consistent,test_unseen,553,val:2009_001314:part_19,2009_001314,bird,foot,foot,0.1538461595773697,0.2666666805744171,0.4285714328289032,0.00958605669438839,1.0,1.0,1.0
rotation_consistent,test_unseen,554,val:2009_001505:part_100,2009_001505,sheep,head,head,0.07513660937547684,0.13977128267288208,0.3478260934352875,0.010201267898082733,1.0,1.0,1.0
rotation_consistent,test_unseen,555,val:2009_001505:part_102,2009_001505,sheep,torso,torso,0.03691275045275688,0.07119741290807724,0.20482437312602997,0.030052384361624718,1.0,1.0,1.0
rotation_consistent,test_unseen,556,val:2009_001505:part_103,2009_001505,sheep,neck,neck,0.0,0.0,0.16438356041908264,0.0034463743213564157,1.0,1.0,1.0
rotation_consistent,test_unseen,557,val:2009_001505:part_104,2009_001505,sheep,leg,leg,0.0,0.0,0.4297020435333252,0.019299697130918503,1.0,1.0,1.0
rotation_consistent,test_unseen,558,val:2009_001505:part_105,2009_001505,sheep,ear,ear,0.003816793905571103,0.0076045626774430275,0.574999988079071,0.0031706644222140312,0.006877899169921875,0.0,6.920099258422852e-05
rotation_consistent,test_unseen,559,val:2009_001505:part_106,2009_001505,sheep,muzzle,muzzle,0.06508875638246536,0.12222222238779068,0.2151394486427307,0.005238489247858524,1.0,0.99951171875,1.0
rotation_consistent,test_unseen,560,val:2009_001535:part_61,2009_001535,dog,head,head,0.5671033263206482,0.7237600088119507,0.08465608209371567,0.17813166975975037,1.0,1.0,1.0
rotation_consistent,test_unseen,561,val:2009_001535:part_62,2009_001535,dog,eye,eye,0.27272728085517883,0.4285714328289032,0.0,0.0014775898307561874,0.008880615234375,0.0,0.00010889768600463867
rotation_consistent,test_unseen,562,val:2009_001535:part_63,2009_001535,dog,torso,torso,0.6587507724761963,0.7942733764648438,0.07694213837385178,0.43835166096687317,1.0,1.0,1.0
rotation_consistent,test_unseen,563,val:2009_001535:part_64,2009_001535,dog,neck,neck,0.46554824709892273,0.6353229880332947,0.03207547217607498,0.07026761025190353,1.0,1.0,1.0
rotation_consistent,test_unseen,564,val:2009_001535:part_65,2009_001535,dog,leg,leg,0.5197300314903259,0.6839767694473267,0.13032984733581543,0.17443770170211792,1.0,1.0,1.0
rotation_consistent,test_unseen,565,val:2009_001535:part_66,2009_001535,dog,nose,nose,0.0,0.0,0.0,0.008619274012744427,1.0,0.9814453125,1.0
rotation_consistent,test_unseen,566,val:2009_001535:part_68,2009_001535,dog,ear,ear,0.68359375,0.8120649456977844,0.009433962404727936,0.053932029753923416,0.006877899169921875,0.0,6.920099258422852e-05
rotation_consistent,test_unseen,567,val:2009_001535:part_69,2009_001535,dog,muzzle,muzzle,0.45380711555480957,0.6243016719818115,0.07818088680505753,0.07445411384105682,1.0,0.99951171875,1.0
rotation_consistent,test_unseen,568,val:2009_001536:part_32,2009_001536,car,wheel,wheel,0.22188633680343628,0.3631865382194519,0.2573385536670685,0.14421828091144562,1.0,0.9990234375,1.0
rotation_consistent,test_unseen,569,val:2009_001565:part_12,2009_001565,bird,tail,tail,0.2936803102493286,0.45402297377586365,0.03921568766236305,0.03190445154905319,1.0,0.89892578125,1.0
rotation_consistent,test_unseen,570,val:2009_001565:part_13,2009_001565,bird,head,head,0.7626459002494812,0.8653421401977539,0.09939759224653244,0.1335078477859497,1.0,1.0,1.0
rotation_consistent,test_unseen,571,val:2009_001565:part_14,2009_001565,bird,eye,eye,0.0,0.0,0.0,0.002454188419505954,0.008880615234375,0.0,0.00010889768600463867
rotation_consistent,test_unseen,572,val:2009_001565:part_15,2009_001565,bird,beak,beak,0.1147540956735611,0.20588235557079315,0.30693069100379944,0.01685209386050701,0.9921875,0.01049041748046875,0.9130859375
rotation_consistent,test_unseen,573,val:2009_001565:part_16,2009_001565,bird,torso,torso,0.7131519317626953,0.832561194896698,0.08205430954694748,0.6518324613571167,1.0,1.0,1.0
rotation_consistent,test_unseen,574,val:2009_001565:part_17,2009_001565,bird,neck,neck,0.4000000059604645,0.5714285969734192,0.0635208711028099,0.15608638525009155,1.0,1.0,1.0
rotation_consistent,test_unseen,575,val:2009_001607:part_12,2009_001607,bird,tail,tail,0.48475611209869385,0.6529774069786072,0.2544642984867096,0.13013359904289246,1.0,0.89892578125,1.0
rotation_consistent,test_unseen,576,val:2009_001607:part_13,2009_001607,bird,head,head,0.0,0.0,0.19354838132858276,0.04007916897535324,1.0,1.0,1.0
rotation_consistent,test_unseen,577,val:2009_001607:part_14,2009_001607,bird,eye,eye,0.0,0.0,0.0,0.001484413631260395,0.008880615234375,0.0,0.00010889768600463867
rotation_consistent,test_unseen,578,val:2009_001607:part_15,2009_001607,bird,beak,beak,0.0,0.0,0.0,0.009401286952197552,0.9921875,0.01049041748046875,0.9130859375
rotation_consistent,test_unseen,579,val:2009_001607:part_16,2009_001607,bird,torso,torso,0.848945140838623,0.9183021187782288,0.01617507077753544,0.5640771985054016,1.0,1.0,1.0
rotation_consistent,test_unseen,580,val:2009_001607:part_17,2009_001607,bird,neck,neck,0.0,0.0,0.0,0.2300841212272644,1.0,1.0,1.0
rotation_consistent,test_unseen,581,val:2009_001607:part_18,2009_001607,bird,leg,leg,0.0049019609577953815,0.009756097570061684,0.0482233501970768,0.007916872389614582,1.0,1.0,1.0
rotation_consistent,test_unseen,582,val:2009_001607:part_19,2009_001607,bird,foot,foot,0.0,0.0,0.22126436233520508,0.00296882726252079,1.0,1.0,1.0
rotation_consistent,test_unseen,583,val:2009_001683:part_12,2009_001683,bird,tail,tail,0.24092888832092285,0.38830408453941345,0.022727273404598236,0.11835454404354095,1.0,0.89892578125,1.0
rotation_consistent,test_unseen,584,val:2009_001683:part_13,2009_001683,bird,head,head,0.6144737005233765,0.7612062096595764,0.13060685992240906,0.0817500427365303,1.0,1.0,1.0
rotation_consistent,test_unseen,585,val:2009_001683:part_14,2009_001683,bird,eye,eye,0.0,0.0,0.0,0.004706292413175106,0.008880615234375,0.0,0.00010889768600463867
rotation_consistent,test_unseen,586,val:2009_001683:part_15,2009_001683,bird,beak,beak,0.1818181872367859,0.3076923191547394,0.0,0.020916854962706566,0.9921875,0.01049041748046875,0.9130859375
rotation_consistent,test_unseen,587,val:2009_001683:part_16,2009_001683,bird,torso,torso,0.7964127659797668,0.8866701126098633,0.04442581906914711,0.7204113602638245,1.0,1.0,1.0
rotation_consistent,test_unseen,588,val:2009_001683:part_18,2009_001683,bird,leg,leg,0.013698630034923553,0.027027027681469917,0.08370044082403183,0.005054906941950321,1.0,1.0,1.0
rotation_consistent,test_unseen,589,val:2009_001683:part_19,2009_001683,bird,foot,foot,0.0,0.0,0.12765957415103912,0.032769739627838135,1.0,1.0,1.0
rotation_consistent,test_unseen,590,val:2009_001765:part_11,2009_001765,bird,wing,wing,0.6156028509140015,0.762071967124939,0.19587628543376923,0.5789805054664612,0.99853515625,0.00031757354736328125,0.962890625
rotation_consistent,test_unseen,591,val:2009_001765:part_12,2009_001765,bird,tail,tail,0.0,0.0,0.0,0.02894902415573597,1.0,0.89892578125,1.0
rotation_consistent,test_unseen,592,val:2009_001765:part_13,2009_001765,bird,head,head,0.2857142984867096,0.4444444477558136,0.03333333507180214,0.03020767867565155,1.0,1.0,1.0
rotation_consistent,test_unseen,593,val:2009_001765:part_14,2009_001765,bird,eye,eye,0.0,0.0,0.0,0.0025173064786940813,0.008880615234375,0.0,0.00010889768600463867
rotation_consistent,test_unseen,594,val:2009_001765:part_15,2009_001765,bird,beak,beak,0.0,0.0,0.0,0.016991818323731422,0.9921875,0.01049041748046875,0.9130859375
rotation_consistent,test_unseen,595,val:2009_001765:part_16,2009_001765,bird,torso,torso,0.20664505660533905,0.34251174330711365,0.11320754885673523,0.26998111605644226,1.0,1.0,1.0
rotation_consistent,test_unseen,596,val:2009_001765:part_17,2009_001765,bird,neck,neck,0.23493975400924683,0.3804877996444702,0.045045044273138046,0.05915670096874237,1.0,1.0,1.0
rotation_consistent,test_unseen,597,val:2009_001765:part_18,2009_001765,bird,leg,leg,0.015909090638160706,0.031319908797740936,0.3680555522441864,0.00943989958614111,1.0,1.0,1.0
rotation_consistent,test_unseen,598,val:2009_001768:part_99,2009_001768,sheep,tail,tail,0.0,0.0,0.2293706238269806,0.031358346343040466,1.0,0.89892578125,1.0
rotation_consistent,test_unseen,599,val:2009_001768:part_100,2009_001768,sheep,head,head,0.2025993913412094,0.33693578839302063,0.10550814867019653,0.021881500259041786,1.0,1.0,1.0
rotation_consistent,test_unseen,600,val:2009_001768:part_102,2009_001768,sheep,torso,torso,0.22974072396755219,0.37364092469215393,0.06043956056237221,0.16988982260227203,1.0,1.0,1.0
rotation_consistent,test_unseen,601,val:2009_001768:part_103,2009_001768,sheep,neck,neck,0.013355592265725136,0.02635914273560047,0.07792207598686218,0.02303721383213997,1.0,1.0,1.0
rotation_consistent,test_unseen,602,val:2009_001768:part_105,2009_001768,sheep,ear,ear,0.18382352590560913,0.3105590045452118,0.27207207679748535,0.019261885434389114,0.006877899169921875,0.0,6.920099258422852e-05
rotation_consistent,test_unseen,603,val:2009_001991:part_100,2009_001991,sheep,head,head,0.6482961177825928,0.7866258025169373,0.0075825960375368595,0.23521539568901062,1.0,1.0,1.0
rotation_consistent,test_unseen,604,val:2009_001991:part_101,2009_001991,sheep,eye,eye,0.13725490868091583,0.24137930572032928,0.0,0.002058778190985322,0.008880615234375,0.0,0.00010889768600463867
rotation_consistent,test_unseen,605,val:2009_001991:part_102,2009_001991,sheep,torso,torso,0.613874077796936,0.7607459425926208,0.05898623540997505,0.49426114559173584,1.0,1.0,1.0
rotation_consistent,test_unseen,606,val:2009_001991:part_103,2009_001991,sheep,neck,neck,0.00799200776964426,0.015857284888625145,0.0,0.1463276594877243,1.0,1.0,1.0
rotation_consistent,test_unseen,607,val:2009_001991:part_105,2009_001991,sheep,ear,ear,0.29114753007888794,0.45099034905433655,0.20736698806285858,0.025889134034514427,0.006877899169921875,0.0,6.920099258422852e-05
rotation_consistent,test_unseen,608,val:2009_001991:part_106,2009_001991,sheep,muzzle,muzzle,0.48801368474960327,0.6559263467788696,0.0,0.044006381183862686,1.0,0.99951171875,1.0
rotation_consistent,test_unseen,609,val:2009_002012:part_60,2009_002012,dog,tail,tail,0.4260651767253876,0.5975395441055298,0.42424243688583374,0.024643873795866966,1.0,0.89892578125,1.0
rotation_consistent,test_unseen,610,val:2009_002012:part_61,2009_002012,dog,head,head,0.26614341139793396,0.42040011286735535,0.1125047504901886,0.13076923787593842,1.0,1.0,1.0
rotation_consistent,test_unseen,611,val:2009_002012:part_63,2009_002012,dog,torso,torso,0.8147451877593994,0.8979169130325317,0.05766376852989197,0.5658119916915894,1.0,1.0,1.0
rotation_consistent,test_unseen,612,val:2009_002012:part_65,2009_002012,dog,leg,leg,0.13293051719665527,0.23466666042804718,0.06271777302026749,0.012535612098872662,1.0,1.0,1.0
rotation_consistent,test_unseen,613,val:2009_002012:part_67,2009_002012,dog,paw,paw,0.612456738948822,0.7596566677093506,0.20270270109176636,0.0347578339278698,1.0,0.99951171875,1.0
rotation_consistent,test_unseen,614,val:2009_002012:part_68,2009_002012,dog,ear,ear,0.08448059856891632,0.15579919517040253,0.020270269364118576,0.22578348219394684,0.006877899169921875,0.0,6.920099258422852e-05
rotation_consistent,test_unseen,615,val:2009_002082:part_100,2009_002082,sheep,head,head,0.1519230753183365,0.26377296447753906,0.10547666996717453,0.03590786084532738,1.0,1.0,1.0
rotation_consistent,test_unseen,616,val:2009_002082:part_101,2009_002082,sheep,eye,eye,0.0,0.0,0.0,0.0006775067886337638,0.008880615234375,0.0,0.00010889768600463867
rotation_consistent,test_unseen,617,val:2009_002082:part_102,2009_002082,sheep,torso,torso,0.6605465412139893,0.7955772876739502,0.16387665271759033,0.5484417080879211,1.0,1.0,1.0
rotation_consistent,test_unseen,618,val:2009_002082:part_103,2009_002082,sheep,neck,neck,0.3791574239730835,0.549839198589325,0.1515151560306549,0.08773712813854218,1.0,1.0,1.0
rotation_consistent,test_unseen,619,val:2009_002082:part_105,2009_002082,sheep,ear,ear,0.26153847575187683,0.4146341383457184,0.2240000069141388,0.013211382552981377,0.006877899169921875,0.0,6.920099258422852e-05
rotation_consistent,test_unseen,620,val:2009_002082:part_106,2009_002082,sheep,muzzle,muzzle,0.16883116960525513,0.2888889014720917,0.26948052644729614,0.017615176737308502,1.0,0.99951171875,1.0
rotation_consistent,test_unseen,621,val:2009_002155:part_61,2009_002155,dog,head,head,0.5736829042434692,0.7290959358215332,0.07518415153026581,0.28489869832992554,1.0,1.0,1.0
rotation_consistent,test_unseen,622,val:2009_002155:part_62,2009_002155,dog,eye,eye,0.3246753215789795,0.4901960790157318,0.0,0.00850777979940176,0.008880615234375,0.0,0.00010889768600463867
rotation_consistent,test_unseen,623,val:2009_002155:part_63,2009_002155,dog,torso,torso,0.3855120837688446,0.5564903616905212,0.0745786502957344,0.3206089735031128,1.0,1.0,1.0
rotation_consistent,test_unseen,624,val:2009_002155:part_65,2009_002155,dog,leg,leg,0.2935691177845001,0.4538901448249817,0.0003291639150120318,0.11026530712842941,1.0,1.0,1.0
rotation_consistent,test_unseen,625,val:2009_002155:part_66,2009_002155,dog,nose,nose,0.27624309062957764,0.43290042877197266,0.012048192322254181,0.007276390679180622,1.0,0.9814453125,1.0
rotation_consistent,test_unseen,626,val:2009_002155:part_67,2009_002155,dog,paw,paw,0.6060606241226196,0.7547169923782349,0.005364806856960058,0.06772641092538834,1.0,0.99951171875,1.0
rotation_consistent,test_unseen,627,val:2009_002155:part_68,2009_002155,dog,ear,ear,0.0,0.0,1.0,0.10175752639770508,0.006877899169921875,0.0,6.920099258422852e-05
rotation_consistent,test_unseen,628,val:2009_002155:part_69,2009_002155,dog,muzzle,muzzle,0.23985572159290314,0.3869090974330902,0.12952159345149994,0.057987239211797714,1.0,0.99951171875,1.0
rotation_consistent,test_unseen,629,val:2009_002164:part_32,2009_002164,car,wheel,wheel,0.5114904642105103,0.6768027544021606,0.17381489276885986,0.1647477149963379,1.0,0.9990234375,1.0
rotation_consistent,test_unseen,630,val:2009_002164:part_33,2009_002164,car,headlight,headlight,0.0,0.0,0.0,0.012698950245976448,0.99951171875,0.493896484375,0.99609375
rotation_consistent,test_unseen,631,val:2009_002164:part_34,2009_002164,car,front,front,0.5343339443206787,0.6965028047561646,0.16502171754837036,0.2634608745574951,1.0,1.0,1.0
rotation_consistent,test_unseen,632,val:2009_002164:part_35,2009_002164,car,side,side,0.46796876192092896,0.6375731825828552,0.04881792888045311,0.4029800295829773,1.0,1.0,1.0
rotation_consistent,test_unseen,633,val:2009_002164:part_40,2009_002164,car,door,door,0.0,0.0,0.0,0.11158144474029541,1.0,0.9990234375,1.0
rotation_consistent,test_unseen,634,val:2009_002164:part_41,2009_002164,car,window,window,0.10220994800329208,0.18546365201473236,0.42812982201576233,0.025567220523953438,1.0,0.935546875,1.0
rotation_consistent,test_unseen,635,val:2009_002239:part_35,2009_002239,car,side,side,0.0,0.0,0.35245901346206665,0.054448872804641724,1.0,1.0,1.0
rotation_consistent,test_unseen,636,val:2009_002239:part_36,2009_002239,car,back,back,0.2790403962135315,0.43632772564888,0.29392972588539124,0.9296149015426636,1.0,1.0,1.0
rotation_consistent,test_unseen,637,val:2009_002317:part_79,2009_002317,motorbike,wheel,wheel,0.6206706762313843,0.7659429907798767,0.21219663321971893,0.2629411816596985,1.0,0.9990234375,1.0
rotation_consistent,test_unseen,638,val:2009_002346:part_61,2009_002346,dog,head,head,0.0,0.0,0.1071428582072258,0.21265378594398499,1.0,1.0,1.0
rotation_consistent,test_unseen,639,val:2009_002346:part_63,2009_002346,dog,torso,torso,0.4815789461135864,0.6500887870788574,0.13725490868091583,0.5413005352020264,1.0,1.0,1.0
rotation_consistent,test_unseen,640,val:2009_002346:part_64,2009_002346,dog,neck,neck,0.0,0.0,0.0,0.08260105550289154,1.0,1.0,1.0
rotation_consistent,test_unseen,641,val:2009_002346:part_67,2009_002346,dog,paw,paw,0.0,0.0,0.4615384638309479,0.0667838305234909,1.0,0.99951171875,1.0
rotation_consistent,test_unseen,642,val:2009_002346:part_68,2009_002346,dog,ear,ear,0.0,0.0,0.0,0.09314586967229843,0.006877899169921875,0.0,6.920099258422852e-05
rotation_consistent,test_unseen,643,val:2009_002382:part_79,2009_002382,motorbike,wheel,wheel,0.7017369866371155,0.8247302174568176,0.13620178401470184,0.37023669481277466,1.0,0.9990234375,1.0
rotation_consistent,test_unseen,644,val:2009_002382:part_82,2009_002382,motorbike,headlight,headlight,0.0,0.0,0.0,0.03555885702371597,0.99951171875,0.493896484375,0.99609375
rotation_consistent,test_unseen,645,val:2009_002445:part_61,2009_002445,dog,head,head,0.27905139327049255,0.43634116649627686,0.043824702501297,0.36399218440055847,1.0,1.0,1.0
rotation_consistent,test_unseen,646,val:2009_002445:part_62,2009_002445,dog,eye,eye,0.0,0.0,0.0,0.0022831049282103777,0.008880615234375,0.0,0.00010889768600463867
rotation_consistent,test_unseen,647,val:2009_002445:part_63,2009_002445,dog,torso,torso,0.35370612144470215,0.5225744247436523,0.09622886776924133,0.2661448121070862,1.0,1.0,1.0
rotation_consistent,test_unseen,648,val:2009_002445:part_65,2009_002445,dog,leg,leg,0.49332061409950256,0.6607028841972351,0.2954091727733612,0.18362687528133392,1.0,1.0,1.0
rotation_consistent,test_unseen,649,val:2009_002445:part_66,2009_002445,dog,nose,nose,0.15068493783473969,0.261904776096344,0.0,0.003587736515328288,1.0,0.9814453125,1.0
rotation_consistent,test_unseen,650,val:2009_002445:part_67,2009_002445,dog,paw,paw,0.2660098373889923,0.42023345828056335,0.6686747074127197,0.029680365696549416,1.0,0.99951171875,1.0
rotation_consistent,test_unseen,651,val:2009_002445:part_68,2009_002445,dog,ear,ear,0.0,0.0,1.0,0.024135680869221687,0.006877899169921875,0.0,6.920099258422852e-05
rotation_consistent,test_unseen,652,val:2009_002445:part_69,2009_002445,dog,muzzle,muzzle,0.4971751272678375,0.6641509532928467,0.0,0.028701892122626305,1.0,0.99951171875,1.0
rotation_consistent,test_unseen,653,val:2009_002539:part_60,2009_002539,dog,tail,tail,0.33666667342185974,0.503740668296814,0.3333333432674408,0.06580644845962524,1.0,0.89892578125,1.0
rotation_consistent,test_unseen,654,val:2009_002539:part_61,2009_002539,dog,head,head,0.5822580456733704,0.735983669757843,0.028199566528201103,0.11182795464992523,1.0,1.0,1.0
rotation_consistent,test_unseen,655,val:2009_002539:part_63,2009_002539,dog,torso,torso,0.7307294607162476,0.8444178700447083,0.09359346330165863,0.6232258081436157,1.0,1.0,1.0
rotation_consistent,test_unseen,656,val:2009_002539:part_65,2009_002539,dog,leg,leg,0.5107967257499695,0.6761951446533203,0.2788461446762085,0.16795699298381805,1.0,1.0,1.0
rotation_consistent,test_unseen,657,val:2009_002539:part_66,2009_002539,dog,nose,nose,0.0,0.0,0.0,0.0006451613153330982,1.0,0.9814453125,1.0
rotation_consistent,test_unseen,658,val:2009_002539:part_69,2009_002539,dog,muzzle,muzzle,0.4525139629840851,0.6230769157409668,0.1146496832370758,0.022150536999106407,1.0,0.99951171875,1.0
rotation_consistent,test_unseen,659,val:2009_002604:part_11,2009_002604,bird,wing,wing,0.4306451678276062,0.6020293235778809,0.4026845693588257,0.6783216595649719,0.99853515625,0.00031757354736328125,0.962890625
rotation_consistent,test_unseen,660,val:2009_002604:part_12,2009_002604,bird,tail,tail,0.0,0.0,0.0,0.016317015513777733,1.0,0.89892578125,1.0
rotation_consistent,test_unseen,661,val:2009_002604:part_13,2009_002604,bird,head,head,0.0824742242693901,0.15238095819950104,0.75,0.04895104840397835,1.0,1.0,1.0
rotation_consistent,test_unseen,662,val:2009_002604:part_14,2009_002604,bird,eye,eye,0.0,0.0,0.0,0.0023310023825615644,0.008880615234375,0.0,0.00010889768600463867
rotation_consistent,test_unseen,663,val:2009_002604:part_15,2009_002604,bird,beak,beak,0.0,0.0,0.0,0.0023310023825615644,0.9921875,0.01049041748046875,0.9130859375
rotation_consistent,test_unseen,664,val:2009_002604:part_16,2009_002604,bird,torso,torso,0.18625277280807495,0.31401869654655457,0.3887587785720825,0.251748263835907,1.0,1.0,1.0
rotation_consistent,test_unseen,665,val:2009_002618:part_32,2009_002618,car,wheel,wheel,0.6589999794960022,0.7944545149803162,0.14539401233196259,0.13015109300613403,1.0,0.9990234375,1.0
rotation_consistent,test_unseen,666,val:2009_002618:part_34,2009_002618,car,front,front,0.0,0.0,0.25,0.020432692021131516,1.0,1.0,1.0
rotation_consistent,test_unseen,667,val:2009_002618:part_35,2009_002618,car,side,side,0.28085535764694214,0.438543438911438,0.03980352357029915,0.2924107015132904,1.0,1.0,1.0
rotation_consistent,test_unseen,668,val:2009_002618:part_38,2009_002618,car,mirror,mirror,0.0,0.0,0.0,0.04069368168711662,0.013275146484375,0.0,0.00027370452880859375
rotation_consistent,test_unseen,669,val:2009_002618:part_40,2009_002618,car,door,door,0.2617960572242737,0.41495779156684875,0.011192213743925095,0.5012019276618958,1.0,0.9990234375,1.0
rotation_consistent,test_unseen,670,val:2009_002990:part_32,2009_002990,car,wheel,wheel,0.6705313920974731,0.8027761578559875,0.07047387957572937,0.08710701018571854,1.0,0.9990234375,1.0
rotation_consistent,test_unseen,671,val:2009_002990:part_33,2009_002990,car,headlight,headlight,0.23529411852359772,0.380952388048172,0.0,0.015383136458694935,0.99951171875,0.493896484375,0.99609375
rotation_consistent,test_unseen,672,val:2009_002990:part_34,2009_002990,car,front,front,0.6515650749206543,0.7890274524688721,0.024022608995437622,0.18142485618591309,1.0,1.0,1.0
rotation_consistent,test_unseen,673,val:2009_002990:part_35,2009_002990,car,side,side,0.40705540776252747,0.5785918831825256,0.032269079238176346,0.27670416235923767,1.0,1.0,1.0
rotation_consistent,test_unseen,674,val:2009_002990:part_37,2009_002990,car,roof,roof,0.001945052295923233,0.003882552729919553,0.0,0.04528410732746124,1.0,0.9345703125,1.0
rotation_consistent,test_unseen,675,val:2009_002990:part_38,2009_002990,car,mirror,mirror,0.0,0.0,0.0,0.0030766271520406008,0.013275146484375,0.0,0.00027370452880859375
rotation_consistent,test_unseen,676,val:2009_002990:part_40,2009_002990,car,door,door,0.0,0.0,0.0,0.15498510003089905,1.0,0.9990234375,1.0
rotation_consistent,test_unseen,677,val:2009_002990:part_41,2009_002990,car,window,window,0.6452389359474182,0.7843710780143738,0.011270890012383461,0.21276800334453583,1.0,0.935546875,1.0
rotation_consistent,test_unseen,678,val:2009_003063:part_60,2009_003063,dog,tail,tail,0.41491085290908813,0.5864834189414978,0.2791095972061157,0.10399424284696579,1.0,0.89892578125,1.0
rotation_consistent,test_unseen,679,val:2009_003063:part_61,2009_003063,dog,head,head,0.21596243977546692,0.35521236062049866,0.2719546854496002,0.059373874217271805,1.0,1.0,1.0
rotation_consistent,test_unseen,680,val:2009_003063:part_62,2009_003063,dog,eye,eye,0.0,0.0,0.0,0.00035984168061986566,0.008880615234375,0.0,0.00010889768600463867
rotation_consistent,test_unseen,681,val:2009_003063:part_63,2009_003063,dog,torso,torso,0.5240054726600647,0.6876687407493591,0.0956360250711441,0.42425331473350525,1.0,1.0,1.0
rotation_consistent,test_unseen,682,val:2009_003063:part_64,2009_003063,dog,neck,neck,0.3212435245513916,0.48627451062202454,0.04249291867017746,0.05649514123797417,1.0,1.0,1.0
rotation_consistent,test_unseen,683,val:2009_003063:part_65,2009_003063,dog,leg,leg,0.36873748898506165,0.5387994050979614,0.305820107460022,0.15149334073066711,1.0,1.0,1.0
rotation_consistent,test_unseen,684,val:2009_003063:part_66,2009_003063,dog,nose,nose,0.0,0.0,0.0,0.001079524983651936,1.0,0.9814453125,1.0
rotation_consistent,test_unseen,685,val:2009_003063:part_68,2009_003063,dog,ear,ear,0.04395604506134987,0.08421052992343903,0.7924528121948242,0.015113350003957748,0.006877899169921875,0.0,6.920099258422852e-05
rotation_consistent,test_unseen,686,val:2009_003063:part_69,2009_003063,dog,muzzle,muzzle,0.20481927692890167,0.3400000035762787,0.41044774651527405,0.02374955080449581,1.0,0.99951171875,1.0
rotation_consistent,test_unseen,687,val:2009_003196:part_79,2009_003196,motorbike,wheel,wheel,0.41523119807243347,0.5868033170700073,0.19301648437976837,0.14759120345115662,1.0,0.9990234375,1.0
rotation_consistent,test_unseen,688,val:2009_003217:part_60,2009_003217,dog,tail,tail,0.7069408893585205,0.8283132314682007,0.16521738469600677,0.041677553206682205,1.0,0.89892578125,1.0
rotation_consistent,test_unseen,689,val:2009_003217:part_61,2009_003217,dog,head,head,0.33405017852783203,0.5008060336112976,0.05988909304141998,0.13287170231342316,1.0,1.0,1.0
rotation_consistent,test_unseen,690,val:2009_003217:part_62,2009_003217,dog,eye,eye,0.0,0.0,0.0,0.004572772420942783,0.008880615234375,0.0,0.00010889768600463867
rotation_consistent,test_unseen,691,val:2009_003217:part_63,2009_003217,dog,torso,torso,0.7180914282798767,0.835917592048645,0.06607839465141296,0.4924222528934479,1.0,1.0,1.0
rotation_consistent,test_unseen,692,val:2009_003217:part_65,2009_003217,dog,leg,leg,0.5918128490447998,0.7435709238052368,0.04121212288737297,0.07002874463796616,1.0,1.0,1.0
rotation_consistent,test_unseen,693,val:2009_003217:part_66,2009_003217,dog,nose,nose,0.6813187003135681,0.8104575276374817,0.0,0.01071335282176733,1.0,0.9814453125,1.0
rotation_consistent,test_unseen,694,val:2009_003217:part_67,2009_003217,dog,paw,paw,0.4450261890888214,0.6159420013427734,0.19811320304870605,0.022210609167814255,1.0,0.99951171875,1.0
rotation_consistent,test_unseen,695,val:2009_003217:part_68,2009_003217,dog,ear,ear,0.4744318127632141,0.6435452699661255,0.05319149047136307,0.043245360255241394,0.006877899169921875,0.0,6.920099258422852e-05
rotation_consistent,test_unseen,696,val:2009_003217:part_69,2009_003217,dog,muzzle,muzzle,0.30975955724716187,0.473002165555954,0.0,0.17402665317058563,1.0,0.99951171875,1.0
rotation_consistent,test_unseen,697,val:2009_003241:part_61,2009_003241,dog,head,head,0.5707200765609741,0.726698637008667,0.00800328329205513,0.2512981593608856,1.0,1.0,1.0
rotation_consistent,test_unseen,698,val:2009_003241:part_62,2009_003241,dog,eye,eye,0.02222222276031971,0.043478261679410934,0.0,0.004919376689940691,0.008880615234375,0.0,0.00010889768600463867
rotation_consistent,test_unseen,699,val:2009_003241:part_63,2009_003241,dog,torso,torso,0.49190449714660645,0.6594315767288208,0.08062051981687546,0.2937277853488922,1.0,1.0,1.0
rotation_consistent,test_unseen,700,val:2009_003241:part_65,2009_003241,dog,leg,leg,0.4625000059604645,0.632478654384613,0.01779935322701931,0.1313883513212204,1.0,1.0,1.0
rotation_consistent,test_unseen,701,val:2009_003241:part_66,2009_003241,dog,nose,nose,0.012658228166401386,0.02500000037252903,0.0,0.0058759222738444805,1.0,0.9814453125,1.0
rotation_consistent,test_unseen,702,val:2009_003241:part_68,2009_003241,dog,ear,ear,0.0012925462797284126,0.002581755630671978,0.0,0.15858158469200134,0.006877899169921875,0.0,6.920099258422852e-05
rotation_consistent,test_unseen,703,val:2009_003241:part_69,2009_003241,dog,muzzle,muzzle,0.4967367649078369,0.663759708404541,0.0,0.08636239171028137,1.0,0.99951171875,1.0
rotation_consistent,test_unseen,704,val:2009_003273:part_13,2009_003273,bird,head,head,0.6209996342658997,0.7661934494972229,0.14415094256401062,0.12351259589195251,1.0,1.0,1.0
rotation_consistent,test_unseen,705,val:2009_003273:part_14,2009_003273,bird,eye,eye,0.2549019753932953,0.40625,0.19166666269302368,0.004786279518157244,0.008880615234375,0.0,0.00010889768600463867
rotation_consistent,test_unseen,706,val:2009_003273:part_15,2009_003273,bird,beak,beak,0.2339622676372528,0.3792048990726471,0.3178294599056244,0.0045868512243032455,0.9921875,0.01049041748046875,0.9130859375
rotation_consistent,test_unseen,707,val:2009_003273:part_16,2009_003273,bird,torso,torso,0.8087025284767151,0.8942349553108215,0.11462610214948654,0.8388619422912598,1.0,1.0,1.0
rotation_consistent,test_unseen,708,val:2009_003378:part_11,2009_003378,bird,wing,wing,0.1837988793849945,0.3105238378047943,0.23058398067951202,0.06848086416721344,0.99853515625,0.00031757354736328125,0.962890625
rotation_consistent,test_unseen,709,val:2009_003378:part_12,2009_003378,bird,tail,tail,0.0,0.0,0.0,0.12470095604658127,1.0,0.89892578125,1.0
rotation_consistent,test_unseen,710,val:2009_003378:part_13,2009_003378,bird,head,head,0.6258692741394043,0.7698888182640076,0.2140718549489975,0.07491029053926468,1.0,1.0,1.0
rotation_consistent,test_unseen,711,val:2009_003378:part_14,2009_003378,bird,eye,eye,0.0,0.0,0.0,0.0025418659206479788,0.008880615234375,0.0,0.00010889768600463867
rotation_consistent,test_unseen,712,val:2009_003378:part_15,2009_003378,bird,beak,beak,0.3568281829357147,0.5259740352630615,0.2747747600078583,0.012858851812779903,0.9921875,0.01049041748046875,0.9130859375
rotation_consistent,test_unseen,713,val:2009_003378:part_16,2009_003378,bird,torso,torso,0.7396911382675171,0.8503706455230713,0.11898371577262878,0.6972188949584961,1.0,1.0,1.0
rotation_consistent,test_unseen,714,val:2009_003378:part_18,2009_003378,bird,leg,leg,0.0,0.0,0.14639639854431152,0.007924641482532024,1.0,1.0,1.0
rotation_consistent,test_unseen,715,val:2009_003387:part_32,2009_003387,car,wheel,wheel,0.7264957427978516,0.8415841460227966,0.01914486289024353,0.13138176500797272,1.0,0.9990234375,1.0
rotation_consistent,test_unseen,716,val:2009_003387:part_34,2009_003387,car,front,front,0.024523161351680756,0.04787234216928482,0.024329692125320435,0.022225044667720795,1.0,1.0,1.0
rotation_consistent,test_unseen,717,val:2009_003387:part_35,2009_003387,car,side,side,0.7588781118392944,0.862911581993103,0.09309152513742447,0.7469519972801208,1.0,1.0,1.0
rotation_consistent,test_unseen,718,val:2009_003406:part_32,2009_003406,car,wheel,wheel,0.6240090727806091,0.7684797644615173,0.164000004529953,0.12591508030891418,1.0,0.9990234375,1.0
rotation_consistent,test_unseen,719,val:2009_003406:part_35,2009_003406,car,side,side,0.4233291447162628,0.5948436260223389,0.02874586544930935,0.385741651058197,1.0,1.0,1.0
rotation_consistent,test_unseen,720,val:2009_003406:part_36,2009_003406,car,back,back,0.10817805677652359,0.19523587822914124,0.10278372466564178,0.0307467058300972,1.0,1.0,1.0
rotation_consistent,test_unseen,721,val:2009_003406:part_38,2009_003406,car,mirror,mirror,0.0,0.0,1.0,0.004054510500282049,0.013275146484375,0.0,0.00027370452880859375
rotation_consistent,test_unseen,722,val:2009_003406:part_40,2009_003406,car,door,door,0.1787046492099762,0.30322209000587463,0.0,0.25261855125427246,1.0,0.9990234375,1.0
rotation_consistent,test_unseen,723,val:2009_003406:part_41,2009_003406,car,window,window,0.7207586765289307,0.8377220034599304,0.00516647519543767,0.17164094746112823,1.0,0.935546875,1.0
rotation_consistent,test_unseen,724,val:2009_003450:part_11,2009_003450,bird,wing,wing,0.24800510704517365,0.39744246006011963,0.051254671066999435,0.3537072539329529,0.99853515625,0.00031757354736328125,0.962890625
rotation_consistent,test_unseen,725,val:2009_003450:part_13,2009_003450,bird,head,head,0.48452508449554443,0.6527677774429321,0.2173396646976471,0.09532905369997025,1.0,1.0,1.0
rotation_consistent,test_unseen,726,val:2009_003450:part_14,2009_003450,bird,eye,eye,0.20388349890708923,0.33870968222618103,0.0,0.003820107551291585,0.008880615234375,0.0,0.00010889768600463867
rotation_consistent,test_unseen,727,val:2009_003450:part_15,2009_003450,bird,beak,beak,0.21276596188545227,0.35087719559669495,0.39436620473861694,0.0074665741994977,0.9921875,0.01049041748046875,0.9130859375
rotation_consistent,test_unseen,728,val:2009_003450:part_16,2009_003450,bird,torso,torso,0.5148761868476868,0.6797600984573364,0.10832719504833221,0.5339468717575073,1.0,1.0,1.0
rotation_consistent,test_unseen,729,val:2009_003466:part_60,2009_003466,dog,tail,tail,0.2108362764120102,0.34824901819229126,0.23119014501571655,0.030646992847323418,1.0,0.89892578125,1.0
rotation_consistent,test_unseen,730,val:2009_003466:part_61,2009_003466,dog,head,head,0.2818494737148285,0.4397544264793396,0.07926478981971741,0.08925807476043701,1.0,1.0,1.0
rotation_consistent,test_unseen,731,val:2009_003466:part_62,2009_003466,dog,eye,eye,0.19354838132858276,0.3243243098258972,0.0,0.004643483553081751,0.008880615234375,0.0,0.00010889768600463867
rotation_consistent,test_unseen,732,val:2009_003466:part_63,2009_003466,dog,torso,torso,0.7532984018325806,0.8592928647994995,0.06315190345048904,0.45691877603530884,1.0,1.0,1.0
rotation_consistent,test_unseen,733,val:2009_003466:part_64,2009_003466,dog,neck,neck,0.4004424810409546,0.5718799233436584,0.0,0.044164687395095825,1.0,1.0,1.0
rotation_consistent,test_unseen,734,val:2009_003466:part_65,2009_003466,dog,leg,leg,0.3877790868282318,0.5588484406471252,0.06705539673566818,0.05107831954956055,1.0,1.0,1.0
rotation_consistent,test_unseen,735,val:2009_003466:part_66,2009_003466,dog,nose,nose,0.26760563254356384,0.42222222685813904,0.0,0.006397688761353493,1.0,0.9814453125,1.0
rotation_consistent,test_unseen,736,val:2009_003466:part_67,2009_003466,dog,paw,paw,0.4818652868270874,0.6503496766090393,0.11428571492433548,0.0373542457818985,1.0,0.99951171875,1.0
rotation_consistent,test_unseen,737,val:2009_003466:part_68,2009_003466,dog,ear,ear,0.0,0.0,1.0,0.11257868260145187,0.006877899169921875,0.0,6.920099258422852e-05
rotation_consistent,test_unseen,738,val:2009_003466:part_69,2009_003466,dog,muzzle,muzzle,0.1054091528058052,0.19071517884731293,0.14960630238056183,0.06913631409406662,1.0,0.99951171875,1.0
rotation_consistent,test_unseen,739,val:2009_003498:part_11,2009_003498,bird,wing,wing,0.44985395669937134,0.6205506920814514,0.1498405933380127,0.16299821436405182,0.99853515625,0.00031757354736328125,0.962890625
rotation_consistent,test_unseen,740,val:2009_003498:part_12,2009_003498,bird,tail,tail,0.24852071702480316,0.3981042802333832,0.20000000298023224,0.09428911656141281,1.0,0.89892578125,1.0
rotation_consistent,test_unseen,741,val:2009_003498:part_13,2009_003498,bird,head,head,0.5614618062973022,0.7191489338874817,0.18416523933410645,0.10678167641162872,1.0,1.0,1.0
rotation_consistent,test_unseen,742,val:2009_003498:part_14,2009_003498,bird,eye,eye,0.0,0.0,0.0,0.012195121496915817,0.008880615234375,0.0,0.00010889768600463867
rotation_consistent,test_unseen,743,val:2009_003498:part_15,2009_003498,bird,beak,beak,0.1607142835855484,0.2769230902194977,0.6565656661987305,0.009220701642334461,0.9921875,0.01049041748046875,0.9130859375
rotation_consistent,test_unseen,744,val:2009_003498:part_16,2009_003498,bird,torso,torso,0.448587566614151,0.6193447709083557,0.0963597446680069,0.5883402824401855,1.0,1.0,1.0
rotation_consistent,test_unseen,745,val:2009_003498:part_18,2009_003498,bird,leg,leg,0.03471444547176361,0.06709956377744675,0.2978723347187042,0.009220701642334461,1.0,1.0,1.0
rotation_consistent,test_unseen,746,val:2009_003498:part_19,2009_003498,bird,foot,foot,0.0,0.0,0.0,0.01635931059718132,1.0,1.0,1.0
rotation_consistent,test_unseen,747,val:2009_003549:part_32,2009_003549,car,wheel,wheel,0.7560258507728577,0.861064612865448,0.007544581778347492,0.13601993024349213,1.0,0.9990234375,1.0
rotation_consistent,test_unseen,748,val:2009_003549:part_33,2009_003549,car,headlight,headlight,0.0,0.0,0.0,0.01966017298400402,0.99951171875,0.493896484375,0.99609375
rotation_consistent,test_unseen,749,val:2009_003549:part_34,2009_003549,car,front,front,0.824103593826294,0.9035710096359253,0.036075036972761154,0.3830620050430298,1.0,1.0,1.0
rotation_consistent,test_unseen,750,val:2009_003549:part_35,2009_003549,car,side,side,0.27522778511047363,0.4316527247428894,0.02401823364198208,0.15247753262519836,1.0,1.0,1.0
rotation_consistent,test_unseen,751,val:2009_003549:part_38,2009_003549,car,mirror,mirror,0.0892857164144516,0.16393442451953888,0.0,0.0028467217925935984,0.013275146484375,0.0,0.00027370452880859375
rotation_consistent,test_unseen,752,val:2009_003549:part_40,2009_003549,car,door,door,0.032608695328235626,0.06315789371728897,0.00804505217820406,0.1852148324251175,1.0,0.9990234375,1.0
rotation_consistent,test_unseen,753,val:2009_003549:part_41,2009_003549,car,window,window,0.4958202838897705,0.6629409790039062,0.024605678394436836,0.11369094997644424,1.0,0.935546875,1.0
rotation_consistent,test_unseen,754,val:2009_003576:part_79,2009_003576,motorbike,wheel,wheel,0.38955026865005493,0.560685396194458,0.32797202467918396,0.474204957485199,1.0,0.9990234375,1.0
rotation_consistent,test_unseen,755,val:2009_003576:part_82,2009_003576,motorbike,headlight,headlight,0.6086956262588501,0.7567567825317383,0.028409091755747795,0.11095406115055084,0.99951171875,0.493896484375,0.99609375
rotation_consistent,test_unseen,756,val:2009_003589:part_32,2009_003589,car,wheel,wheel,0.7456765174865723,0.8543123602867126,0.06940428167581558,0.1357080191373825,1.0,0.9990234375,1.0
rotation_consistent,test_unseen,757,val:2009_003589:part_33,2009_003589,car,headlight,headlight,0.40234375,0.573816180229187,0.0,0.037214118987321854,0.99951171875,0.493896484375,0.99609375
rotation_consistent,test_unseen,758,val:2009_003589:part_34,2009_003589,car,front,front,0.5693292021751404,0.7255701422691345,0.04863133281469345,0.25396445393562317,1.0,1.0,1.0
rotation_consistent,test_unseen,759,val:2009_003589:part_35,2009_003589,car,side,side,0.36477985978126526,0.5345622301101685,0.026883451268076897,0.21396127343177795,1.0,1.0,1.0
rotation_consistent,test_unseen,760,val:2009_003589:part_38,2009_003589,car,mirror,mirror,0.0,0.0,0.0,0.004064068663865328,0.013275146484375,0.0,0.00027370452880859375
rotation_consistent,test_unseen,761,val:2009_003589:part_40,2009_003589,car,door,door,0.0,0.0,0.0,0.17387840151786804,1.0,0.9990234375,1.0
rotation_consistent,test_unseen,762,val:2009_003589:part_41,2009_003589,car,window,window,0.5984671711921692,0.7488013505935669,0.07905282080173492,0.1635190099477768,1.0,0.935546875,1.0
rotation_consistent,test_unseen,763,val:2009_003640:part_12,2009_003640,bird,tail,tail,0.3886536955833435,0.5597561001777649,0.062432724982500076,0.15426339209079742,1.0,0.89892578125,1.0
rotation_consistent,test_unseen,764,val:2009_003640:part_13,2009_003640,bird,head,head,0.5538869500160217,0.7129050493240356,0.2208380550146103,0.19006292521953583,1.0,1.0,1.0
rotation_consistent,test_unseen,765,val:2009_003640:part_14,2009_003640,bird,eye,eye,0.46000000834465027,0.6301369667053223,0.0,0.00672597112134099,0.008880615234375,0.0,0.00010889768600463867
rotation_consistent,test_unseen,766,val:2009_003640:part_15,2009_003640,bird,beak,beak,0.0,0.0,0.1875,0.021479712799191475,0.9921875,0.01049041748046875,0.9130859375
rotation_consistent,test_unseen,767,val:2009_003640:part_16,2009_003640,bird,torso,torso,0.7378561496734619,0.8491567969322205,0.11961722373962402,0.6185723543167114,1.0,1.0,1.0
rotation_consistent,test_unseen,768,val:2009_003666:part_100,2009_003666,sheep,head,head,0.17056074738502502,0.2914171516895294,0.1398809552192688,0.021961933001875877,1.0,1.0,1.0
rotation_consistent,test_unseen,769,val:2009_003666:part_101,2009_003666,sheep,eye,eye,0.0,0.0,0.0,0.0009317183285020292,0.008880615234375,0.0,0.00010889768600463867
rotation_consistent,test_unseen,770,val:2009_003666:part_102,2009_003666,sheep,torso,torso,0.16558901965618134,0.2841293513774872,0.1537851095199585,0.14508186280727386,1.0,1.0,1.0
rotation_consistent,test_unseen,771,val:2009_003666:part_103,2009_003666,sheep,neck,neck,0.0,0.0,0.0,0.018101956695318222,1.0,1.0,1.0
rotation_consistent,test_unseen,772,val:2009_003666:part_105,2009_003666,sheep,ear,ear,0.0,0.0,0.4982698857784271,0.004126181360334158,0.006877899169921875,0.0,6.920099258422852e-05
rotation_consistent,test_unseen,773,val:2009_003666:part_106,2009_003666,sheep,muzzle,muzzle,0.10278745740652084,0.18641389906406403,0.036036036908626556,0.010382004082202911,1.0,0.99951171875,1.0
rotation_consistent,test_unseen,774,val:2009_003666:part_107,2009_003666,sheep,horn,horn,0.0,0.0,0.5276381969451904,0.009317183867096901,0.2100830078125,6.556510925292969e-07,0.00591278076171875
rotation_consistent,test_unseen,775,val:2009_003756:part_61,2009_003756,dog,head,head,0.3367616832256317,0.5038470029830933,0.018286218866705894,0.44832757115364075,1.0,1.0,1.0
rotation_consistent,test_unseen,776,val:2009_003756:part_62,2009_003756,dog,eye,eye,0.44723618030548096,0.6180555820465088,0.0,0.017148073762655258,0.008880615234375,0.0,0.00010889768600463867
rotation_consistent,test_unseen,777,val:2009_003756:part_63,2009_003756,dog,torso,torso,0.43833523988723755,0.6095035672187805,0.1495145559310913,0.07772054523229599,1.0,1.0,1.0
rotation_consistent,test_unseen,778,val:2009_003756:part_66,2009_003756,dog,nose,nose,0.017167381942272186,0.03375527262687683,0.0,0.015192019753158092,1.0,0.9814453125,1.0
rotation_consistent,test_unseen,779,val:2009_003756:part_69,2009_003756,dog,muzzle,muzzle,0.4605744779109955,0.6306757926940918,0.052925530821084976,0.4311794936656952,1.0,0.99951171875,1.0
rotation_consistent,test_unseen,780,val:2009_003810:part_60,2009_003810,dog,tail,tail,0.5464895367622375,0.7067484855651855,0.18324607610702515,0.035996343940496445,1.0,0.89892578125,1.0
rotation_consistent,test_unseen,781,val:2009_003810:part_61,2009_003810,dog,head,head,0.0,0.0,0.0,0.02893008477985859,1.0,1.0,1.0
rotation_consistent,test_unseen,782,val:2009_003810:part_63,2009_003810,dog,torso,torso,0.5250077247619629,0.688531219959259,0.07988692075014114,0.44043561816215515,1.0,1.0,1.0
rotation_consistent,test_unseen,783,val:2009_003810:part_64,2009_003810,dog,neck,neck,0.0,0.0,0.0,0.06268185377120972,1.0,1.0,1.0
rotation_consistent,test_unseen,784,val:2009_003810:part_65,2009_003810,dog,leg,leg,0.26826030015945435,0.4230366349220276,0.06224273517727852,0.28622496128082275,1.0,1.0,1.0
rotation_consistent,test_unseen,785,val:2009_003810:part_67,2009_003810,dog,paw,paw,0.34172186255455017,0.5093780755996704,0.1205211728811264,0.09186133742332458,1.0,0.99951171875,1.0
rotation_consistent,test_unseen,786,val:2009_003810:part_69,2009_003810,dog,muzzle,muzzle,0.3198380470275879,0.48466256260871887,0.012500000186264515,0.04090115427970886,1.0,0.99951171875,1.0
rotation_consistent,test_unseen,787,val:2009_003858:part_11,2009_003858,bird,wing,wing,0.1738738715648651,0.29623943567276,0.048103608191013336,0.07991360872983932,0.99853515625,0.00031757354736328125,0.962890625
rotation_consistent,test_unseen,788,val:2009_003858:part_12,2009_003858,bird,tail,tail,0.39647576212882996,0.5678233504295349,0.534246563911438,0.03527717664837837,1.0,0.89892578125,1.0
rotation_consistent,test_unseen,789,val:2009_003858:part_13,2009_003858,bird,head,head,0.5803468227386475,0.7344549894332886,0.18335500359535217,0.2152627855539322,1.0,1.0,1.0
rotation_consistent,test_unseen,790,val:2009_003858:part_14,2009_003858,bird,eye,eye,0.0,0.0,0.0,0.004679625853896141,0.008880615234375,0.0,0.00010889768600463867
rotation_consistent,test_unseen,791,val:2009_003858:part_15,2009_003858,bird,beak,beak,0.06521739065647125,0.12244898080825806,0.2380952388048172,0.0025197984650731087,0.9921875,0.01049041748046875,0.9130859375
rotation_consistent,test_unseen,792,val:2009_003858:part_16,2009_003858,bird,torso,torso,0.6377853155136108,0.7788386940956116,0.11157601326704025,0.620590329170227,1.0,1.0,1.0
rotation_consistent,test_unseen,793,val:2009_003858:part_18,2009_003858,bird,leg,leg,0.05541561543941498,0.10501193255186081,0.07096774131059647,0.022678185254335403,1.0,1.0,1.0
rotation_consistent,test_unseen,794,val:2009_003858:part_19,2009_003858,bird,foot,foot,0.0,0.0,0.0,0.010079193860292435,1.0,1.0,1.0
rotation_consistent,test_unseen,795,val:2009_003928:part_61,2009_003928,dog,head,head,0.22267058491706848,0.36423641443252563,0.04550458863377571,0.1288408488035202,1.0,1.0,1.0
rotation_consistent,test_unseen,796,val:2009_003928:part_62,2009_003928,dog,eye,eye,0.14666666090488434,0.25581395626068115,0.0,0.006145369727164507,0.008880615234375,0.0,0.00010889768600463867
rotation_consistent,test_unseen,797,val:2009_003928:part_63,2009_003928,dog,torso,torso,0.14546117186546326,0.2539783716201782,0.052292533218860626,0.1065903827548027,1.0,1.0,1.0
rotation_consistent,test_unseen,798,val:2009_003928:part_64,2009_003928,dog,neck,neck,0.16320165991783142,0.280607670545578,0.007559395395219326,0.04089849442243576,1.0,1.0,1.0
rotation_consistent,test_unseen,799,val:2009_003928:part_65,2009_003928,dog,leg,leg,0.19215425848960876,0.3223647475242615,0.12491605430841446,0.0644204244017601,1.0,1.0,1.0
rotation_consistent,test_unseen,800,val:2009_003928:part_66,2009_003928,dog,nose,nose,0.056910570710897446,0.10769230872392654,0.0,0.019495656713843346,1.0,0.9814453125,1.0
rotation_consistent,test_unseen,801,val:2009_003928:part_67,2009_003928,dog,paw,paw,0.4654695987701416,0.6352497935295105,0.2748735249042511,0.09917355328798294,1.0,0.99951171875,1.0
rotation_consistent,test_unseen,802,val:2009_003928:part_68,2009_003928,dog,ear,ear,0.0,0.0,0.14516128599643707,0.02776011824607849,0.006877899169921875,0.0,6.920099258422852e-05
rotation_consistent,test_unseen,803,val:2009_003928:part_69,2009_003928,dog,muzzle,muzzle,0.614152193069458,0.7609594464302063,0.15481171011924744,0.10425937920808792,1.0,0.99951171875,1.0
rotation_consistent,test_unseen,804,val:2009_004021:part_11,2009_004021,bird,wing,wing,0.14687280356884003,0.2561274468898773,0.004761904943734407,0.5486111044883728,0.99853515625,0.00031757354736328125,0.962890625
rotation_consistent,test_unseen,805,val:2009_004021:part_12,2009_004021,bird,tail,tail,0.18166090548038483,0.3074670433998108,0.7068345546722412,0.04899691417813301,1.0,0.89892578125,1.0
rotation_consistent,test_unseen,806,val:2009_004021:part_13,2009_004021,bird,head,head,0.5723472833633423,0.7280163764953613,0.1342756152153015,0.07947530597448349,1.0,1.0,1.0
rotation_consistent,test_unseen,807,val:2009_004021:part_14,2009_004021,bird,eye,eye,0.0,0.0,0.0,0.0069444444961845875,0.008880615234375,0.0,0.00010889768600463867
rotation_consistent,test_unseen,808,val:2009_004021:part_15,2009_004021,bird,beak,beak,0.0,0.0,0.0,0.006558641791343689,0.9921875,0.01049041748046875,0.9130859375
rotation_consistent,test_unseen,809,val:2009_004021:part_16,2009_004021,bird,torso,torso,0.22139084339141846,0.36252251267433167,0.13150927424430847,0.19637346267700195,1.0,1.0,1.0
rotation_consistent,test_unseen,810,val:2009_004021:part_17,2009_004021,bird,neck,neck,0.22887323796749115,0.37249284982681274,0.5480769276618958,0.054398149251937866,1.0,1.0,1.0
rotation_consistent,test_unseen,811,val:2009_004021:part_18,2009_004021,bird,leg,leg,0.0,0.0,0.40512222051620483,0.032407406717538834,1.0,1.0,1.0
rotation_consistent,test_unseen,812,val:2009_004033:part_61,2009_004033,dog,head,head,0.3359375,0.5029239654541016,0.0,0.3766617476940155,1.0,1.0,1.0
rotation_consistent,test_unseen,813,val:2009_004033:part_62,2009_004033,dog,eye,eye,0.0,0.0,0.0,0.004431314766407013,0.008880615234375,0.0,0.00010889768600463867
rotation_consistent,test_unseen,814,val:2009_004033:part_63,2009_004033,dog,torso,torso,0.3105095624923706,0.47387605905532837,0.14237287640571594,0.3441654443740845,1.0,1.0,1.0
rotation_consistent,test_unseen,815,val:2009_004033:part_65,2009_004033,dog,leg,leg,0.11733333021402359,0.21002386510372162,0.2773333191871643,0.06499261409044266,1.0,1.0,1.0
rotation_consistent,test_unseen,816,val:2009_004033:part_66,2009_004033,dog,nose,nose,0.0,0.0,0.0,0.011816838756203651,1.0,0.9814453125,1.0
rotation_consistent,test_unseen,817,val:2009_004033:part_67,2009_004033,dog,paw,paw,0.15217390656471252,0.2641509473323822,0.7333333492279053,0.04579025134444237,1.0,0.99951171875,1.0
rotation_consistent,test_unseen,818,val:2009_004033:part_69,2009_004033,dog,muzzle,muzzle,0.016806723549962044,0.03305784985423088,0.0,0.1491875946521759,1.0,0.99951171875,1.0
rotation_consistent,test_unseen,819,val:2009_004043:part_79,2009_004043,motorbike,wheel,wheel,0.6045258641242981,0.7535258531570435,0.27051204442977905,0.38567572832107544,1.0,0.9990234375,1.0
rotation_consistent,test_unseen,820,val:2009_004070:part_100,2009_004070,sheep,head,head,0.11415524780750275,0.2049180269241333,0.5753424763679504,0.08064515888690948,1.0,1.0,1.0
rotation_consistent,test_unseen,821,val:2009_004070:part_101,2009_004070,sheep,eye,eye,0.0,0.0,0.0,0.009677419438958168,0.008880615234375,0.0,0.00010889768600463867
rotation_consistent,test_unseen,822,val:2009_004070:part_102,2009_004070,sheep,torso,torso,0.5564971566200256,0.7150635123252869,0.2244318127632141,0.6419354677200317,1.0,1.0,1.0
rotation_consistent,test_unseen,823,val:2009_004070:part_103,2009_004070,sheep,neck,neck,0.32758620381355286,0.4935064911842346,0.1812865436077118,0.19354838132858276,1.0,1.0,1.0
rotation_consistent,test_unseen,824,val:2009_004070:part_105,2009_004070,sheep,ear,ear,0.0,0.0,1.0,0.019354838877916336,0.006877899169921875,0.0,6.920099258422852e-05
rotation_consistent,test_unseen,825,val:2009_004070:part_106,2009_004070,sheep,muzzle,muzzle,0.062068965286016464,0.11688311398029327,0.3125,0.032258063554763794,1.0,0.99951171875,1.0
rotation_consistent,test_unseen,826,val:2009_004084:part_11,2009_004084,bird,wing,wing,0.30051282048225403,0.4621451199054718,0.20687885582447052,0.21189188957214355,0.99853515625,0.00031757354736328125,0.962890625
rotation_consistent,test_unseen,827,val:2009_004084:part_12,2009_004084,bird,tail,tail,0.0,0.0,0.0,0.1664864867925644,1.0,0.89892578125,1.0
rotation_consistent,test_unseen,828,val:2009_004084:part_13,2009_004084,bird,head,head,0.420634925365448,0.5921787619590759,0.35537189245224,0.06270270049571991,1.0,1.0,1.0
rotation_consistent,test_unseen,829,val:2009_004084:part_14,2009_004084,bird,eye,eye,0.0,0.0,0.0,0.009369369596242905,0.008880615234375,0.0,0.00010889768600463867
rotation_consistent,test_unseen,830,val:2009_004084:part_15,2009_004084,bird,beak,beak,0.2142857164144516,0.3529411852359772,0.17894737422466278,0.014774775132536888,0.9921875,0.01049041748046875,0.9130859375
rotation_consistent,test_unseen,831,val:2009_004084:part_16,2009_004084,bird,torso,torso,0.40427184104919434,0.5757743120193481,0.23844394087791443,0.5156756639480591,1.0,1.0,1.0
rotation_consistent,test_unseen,832,val:2009_004084:part_18,2009_004084,bird,leg,leg,0.0,0.0,0.1244635209441185,0.0010810811072587967,1.0,1.0,1.0
rotation_consistent,test_unseen,833,val:2009_004084:part_19,2009_004084,bird,foot,foot,0.0,0.0,0.0,0.00972972996532917,1.0,1.0,1.0
rotation_consistent,test_unseen,834,val:2009_004455:part_32,2009_004455,car,wheel,wheel,0.08380414545536041,0.15464812517166138,0.27306967973709106,0.08032491058111191,1.0,0.9990234375,1.0
rotation_consistent,test_unseen,835,val:2009_004455:part_35,2009_004455,car,side,side,0.27162790298461914,0.4272128641605377,0.22046512365341187,0.2635379135608673,1.0,1.0,1.0
rotation_consistent,test_unseen,836,val:2009_004455:part_36,2009_004455,car,back,back,0.22942884266376495,0.3732283413410187,0.20058423280715942,0.2193140834569931,1.0,1.0,1.0
rotation_consistent,test_unseen,837,val:2009_004455:part_37,2009_004455,car,roof,roof,0.008317929692566395,0.0164986252784729,0.3419593274593353,0.008122744038701057,1.0,0.9345703125,1.0
rotation_consistent,test_unseen,838,val:2009_004455:part_41,2009_004455,car,window,window,0.0,0.0,0.0,0.08122743666172028,1.0,0.935546875,1.0
rotation_consistent,test_unseen,839,val:2009_004494:part_32,2009_004494,car,wheel,wheel,0.0,0.0,0.02857142873108387,0.019889501854777336,1.0,0.9990234375,1.0
rotation_consistent,test_unseen,840,val:2009_004494:part_36,2009_004494,car,back,back,0.12037037312984467,0.21487602591514587,0.0,0.1392265260219574,1.0,1.0,1.0
rotation_consistent,test_unseen,841,val:2009_004494:part_40,2009_004494,car,door,door,0.3372093141078949,0.5043478012084961,0.006535947788506746,0.33922651410102844,1.0,0.9990234375,1.0
rotation_consistent,test_unseen,842,val:2009_004494:part_41,2009_004494,car,window,window,0.5433962345123291,0.7041564583778381,0.08943089097738266,0.18011049926280975,1.0,0.935546875,1.0
rotation_consistent,test_unseen,843,val:2009_004507:part_60,2009_004507,dog,tail,tail,0.21269841492176056,0.35078534483909607,0.0422535203397274,0.010542168281972408,1.0,0.89892578125,1.0
rotation_consistent,test_unseen,844,val:2009_004507:part_61,2009_004507,dog,head,head,0.555860161781311,0.7145374417304993,0.1092783510684967,0.08767211437225342,1.0,1.0,1.0
rotation_consistent,test_unseen,845,val:2009_004507:part_62,2009_004507,dog,eye,eye,0.05970149114727974,0.11267605423927307,0.0,0.0033347676508128643,0.008880615234375,0.0,0.00010889768600463867
rotation_consistent,test_unseen,846,val:2009_004507:part_63,2009_004507,dog,torso,torso,0.681980311870575,0.8109254240989685,0.09883354604244232,0.5857357978820801,1.0,1.0,1.0
rotation_consistent,test_unseen,847,val:2009_004507:part_64,2009_004507,dog,neck,neck,0.6571988463401794,0.7931442260742188,0.05731707438826561,0.0938037857413292,1.0,1.0,1.0
rotation_consistent,test_unseen,848,val:2009_004507:part_65,2009_004507,dog,leg,leg,0.3497636616230011,0.5182591080665588,0.17409184575080872,0.11617900431156158,1.0,1.0,1.0
rotation_consistent,test_unseen,849,val:2009_004507:part_66,2009_004507,dog,nose,nose,0.07692307978868484,0.1428571492433548,0.0,0.008067985996603966,1.0,0.9814453125,1.0
rotation_consistent,test_unseen,850,val:2009_004507:part_67,2009_004507,dog,paw,paw,0.3391167223453522,0.5064781904220581,0.5088105797767639,0.04249139502644539,1.0,0.99951171875,1.0
rotation_consistent,test_unseen,851,val:2009_004507:part_68,2009_004507,dog,ear,ear,0.5764192342758179,0.7313019633293152,0.017543859779834747,0.020438898354768753,0.006877899169921875,0.0,6.920099258422852e-05
rotation_consistent,test_unseen,852,val:2009_004507:part_69,2009_004507,dog,muzzle,muzzle,0.3515731990337372,0.5202429294586182,0.20656634867191315,0.027646299451589584,1.0,0.99951171875,1.0
rotation_consistent,test_unseen,853,val:2009_004540:part_13,2009_004540,bird,head,head,0.5123456716537476,0.6775510311126709,0.2777777910232544,0.06297419965267181,1.0,1.0,1.0
rotation_consistent,test_unseen,854,val:2009_004540:part_14,2009_004540,bird,eye,eye,0.0,0.0,0.0,0.0018968133954331279,0.008880615234375,0.0,0.00010889768600463867
rotation_consistent,test_unseen,855,val:2009_004540:part_15,2009_004540,bird,beak,beak,0.0,0.0,0.0,0.053490135818719864,0.9921875,0.01049041748046875,0.9130859375
rotation_consistent,test_unseen,856,val:2009_004540:part_16,2009_004540,bird,torso,torso,0.5560747385025024,0.7147147059440613,0.1156989261507988,0.5075872540473938,1.0,1.0,1.0
rotation_consistent,test_unseen,857,val:2009_004540:part_17,2009_004540,bird,neck,neck,0.0,0.0,0.0,0.3171471953392029,1.0,1.0,1.0
rotation_consistent,test_unseen,858,val:2009_004540:part_18,2009_004540,bird,leg,leg,0.05528846010565758,0.10478360205888748,0.5714285969734192,0.03224582597613335,1.0,1.0,1.0
rotation_consistent,test_unseen,859,val:2009_004540:part_19,2009_004540,bird,foot,foot,0.0,0.0,0.7105262875556946,0.023520486429333687,1.0,1.0,1.0
rotation_consistent,test_unseen,860,val:2009_004568:part_11,2009_004568,bird,wing,wing,0.0,0.0,0.2632293105125427,0.08076564222574234,0.99853515625,0.00031757354736328125,0.962890625
rotation_consistent,test_unseen,861,val:2009_004568:part_12,2009_004568,bird,tail,tail,0.0,0.0,0.0,0.006069094408303499,1.0,0.89892578125,1.0
rotation_consistent,test_unseen,862,val:2009_004568:part_13,2009_004568,bird,head,head,0.0,0.0,0.5675675868988037,0.003267973894253373,1.0,1.0,1.0
rotation_consistent,test_unseen,863,val:2009_004568:part_14,2009_004568,bird,eye,eye,0.0,0.0,0.0,0.0004668534093070775,0.008880615234375,0.0,0.00010889768600463867
rotation_consistent,test_unseen,864,val:2009_004568:part_15,2009_004568,bird,beak,beak,0.0,0.0,0.0,0.0009328357991762459,0.9921875,0.01049041748046875,0.9130859375
rotation_consistent,test_unseen,865,val:2009_004568:part_16,2009_004568,bird,torso,torso,0.0,0.0,0.3105320334434509,0.022875817492604256,1.0,1.0,1.0
rotation_consistent,test_unseen,866,val:2009_004568:part_18,2009_004568,bird,leg,leg,0.0,0.0,0.4668769836425781,0.002801120514050126,1.0,1.0,1.0
rotation_consistent,test_unseen,867,val:2009_004568:part_19,2009_004568,bird,foot,foot,0.0,0.0,0.0,0.0004668534093070775,1.0,1.0,1.0
rotation_consistent,test_unseen,868,val:2009_004581:part_60,2009_004581,dog,tail,tail,0.0,0.0,0.0,0.016931217163801193,1.0,0.89892578125,1.0
rotation_consistent,test_unseen,869,val:2009_004581:part_61,2009_004581,dog,head,head,0.4166666567325592,0.5882353186607361,0.1317204236984253,0.16402116417884827,1.0,1.0,1.0
rotation_consistent,test_unseen,870,val:2009_004581:part_62,2009_004581,dog,eye,eye,0.0,0.0,0.0,0.010582010261714458,0.008880615234375,0.0,0.00010889768600463867
rotation_consistent,test_unseen,871,val:2009_004581:part_63,2009_004581,dog,torso,torso,0.4536222219467163,0.624126672744751,0.3131731450557709,0.49735450744628906,1.0,1.0,1.0
rotation_consistent,test_unseen,872,val:2009_004581:part_64,2009_004581,dog,neck,neck,0.06435643881559372,0.12093023210763931,0.022727273404598236,0.043915342539548874,1.0,1.0,1.0
rotation_consistent,test_unseen,873,val:2009_004581:part_65,2009_004581,dog,leg,leg,0.3156384527683258,0.47982552647590637,0.2215743511915207,0.12222222238779068,1.0,1.0,1.0
rotation_consistent,test_unseen,874,val:2009_004581:part_66,2009_004581,dog,nose,nose,0.17592592537403107,0.29921260476112366,0.26851850748062134,0.010052910074591637,1.0,0.9814453125,1.0
rotation_consistent,test_unseen,875,val:2009_004581:part_68,2009_004581,dog,ear,ear,0.22113503515720367,0.3621794879436493,0.6535087823867798,0.08888889104127884,0.006877899169921875,0.0,6.920099258422852e-05
rotation_consistent,test_unseen,876,val:2009_004581:part_69,2009_004581,dog,muzzle,muzzle,0.3346613645553589,0.5014925599098206,0.2788844704627991,0.04444444552063942,1.0,0.99951171875,1.0
rotation_consistent,test_unseen,877,val:2009_004592:part_60,2009_004592,dog,tail,tail,0.379084974527359,0.549763023853302,0.5503876209259033,0.03211907669901848,1.0,0.89892578125,1.0
rotation_consistent,test_unseen,878,val:2009_004592:part_61,2009_004592,dog,head,head,0.42729705572128296,0.5987499952316284,0.03640040382742882,0.23932628333568573,1.0,1.0,1.0
rotation_consistent,test_unseen,879,val:2009_004592:part_62,2009_004592,dog,eye,eye,0.0,0.0,0.0,0.0007833921117708087,0.008880615234375,0.0,0.00010889768600463867
rotation_consistent,test_unseen,880,val:2009_004592:part_63,2009_004592,dog,torso,torso,0.6175485849380493,0.7635610699653625,0.07991202175617218,0.41167253255844116,1.0,1.0,1.0
rotation_consistent,test_unseen,881,val:2009_004592:part_65,2009_004592,dog,leg,leg,0.32990655303001404,0.4961349368095398,0.22910520434379578,0.15902858972549438,1.0,1.0,1.0
rotation_consistent,test_unseen,882,val:2009_004592:part_66,2009_004592,dog,nose,nose,0.0,0.0,0.0,0.0011750881094485521,1.0,0.9814453125,1.0
rotation_consistent,test_unseen,883,val:2009_004592:part_67,2009_004592,dog,paw,paw,0.3178294599056244,0.48235294222831726,0.04444444552063942,0.048962004482746124,1.0,0.99951171875,1.0
rotation_consistent,test_unseen,884,val:2009_004592:part_69,2009_004592,dog,muzzle,muzzle,0.295580118894577,0.45628997683525085,0.08888889104127884,0.08538974076509476,1.0,0.99951171875,1.0
rotation_consistent,test_unseen,885,val:2009_004594:part_32,2009_004594,car,wheel,wheel,0.4584139287471771,0.6286472082138062,0.2688172161579132,0.022467542439699173,1.0,0.9990234375,1.0
rotation_consistent,test_unseen,886,val:2009_004594:part_33,2009_004594,car,headlight,headlight,0.26275116205215454,0.41615667939186096,0.0,0.040970224887132645,0.99951171875,0.493896484375,0.99609375
rotation_consistent,test_unseen,887,val:2009_004594:part_34,2009_004594,car,front,front,0.776046097278595,0.8739030957221985,0.052360597997903824,0.6615097522735596,1.0,1.0,1.0
rotation_consistent,test_unseen,888,val:2009_004594:part_37,2009_004594,car,roof,roof,0.0,0.0,0.18554216623306274,0.03280727565288544,1.0,0.9345703125,1.0
rotation_consistent,test_unseen,889,val:2009_004594:part_38,2009_004594,car,mirror,mirror,0.10093896836042404,0.18336887657642365,0.6638655662536621,0.008707144297659397,0.013275146484375,0.0,0.00027370452880859375
rotation_consistent,test_unseen,890,val:2009_004594:part_41,2009_004594,car,window,window,0.8106839060783386,0.8954449892044067,0.0,0.22109927237033844,1.0,0.935546875,1.0
rotation_consistent,test_unseen,891,val:2009_004748:part_32,2009_004748,car,wheel,wheel,0.812114417552948,0.8963169455528259,0.0436578169465065,0.13411332666873932,1.0,0.9990234375,1.0
rotation_consistent,test_unseen,892,val:2009_004748:part_33,2009_004748,car,headlight,headlight,0.33656957745552063,0.5036319494247437,0.0,0.042608924210071564,0.99951171875,0.493896484375,0.99609375
rotation_consistent,test_unseen,893,val:2009_004748:part_34,2009_004748,car,front,front,0.5423327684402466,0.703262984752655,0.02588527649641037,0.2607177197933197,1.0,1.0,1.0
rotation_consistent,test_unseen,894,val:2009_004748:part_35,2009_004748,car,side,side,0.30005744099617004,0.4616064429283142,0.009140768088400364,0.2649087607860565,1.0,1.0,1.0
rotation_consistent,test_unseen,895,val:2009_004748:part_38,2009_004748,car,mirror,mirror,0.0,0.0,0.0,0.0002619400911498815,0.013275146484375,0.0,0.00027370452880859375
rotation_consistent,test_unseen,896,val:2009_004748:part_40,2009_004748,car,door,door,0.0,0.0,0.0,0.14790885150432587,1.0,0.9990234375,1.0
rotation_consistent,test_unseen,897,val:2009_004748:part_41,2009_004748,car,window,window,0.48518332839012146,0.653364896774292,0.001396648003719747,0.13315288722515106,1.0,0.935546875,1.0
rotation_consistent,test_unseen,898,val:2009_004801:part_79,2009_004801,motorbike,wheel,wheel,0.314031183719635,0.4779660999774933,0.5890052318572998,0.3909774422645569,1.0,0.9990234375,1.0
rotation_consistent,test_unseen,899,val:2009_004886:part_11,2009_004886,bird,wing,wing,0.5772472023963928,0.7319679260253906,0.1478472799062729,0.518651008605957,0.99853515625,0.00031757354736328125,0.962890625
rotation_consistent,test_unseen,900,val:2009_004886:part_12,2009_004886,bird,tail,tail,0.2876480519771576,0.44678056240081787,0.5430711507797241,0.11599386483430862,1.0,0.89892578125,1.0
rotation_consistent,test_unseen,901,val:2009_004886:part_13,2009_004886,bird,head,head,0.23333333432674408,0.37837839126586914,0.5885167717933655,0.10117527097463608,1.0,1.0,1.0
rotation_consistent,test_unseen,902,val:2009_004886:part_14,2009_004886,bird,eye,eye,0.0,0.0,0.0,0.004598875995725393,0.008880615234375,0.0,0.00010889768600463867
rotation_consistent,test_unseen,903,val:2009_004886:part_15,2009_004886,bird,beak,beak,0.0,0.0,0.0,0.003576903371140361,0.9921875,0.01049041748046875,0.9130859375
rotation_consistent,test_unseen,904,val:2009_004886:part_16,2009_004886,bird,torso,torso,0.30013105273246765,0.46169355511665344,0.1409662514925003,0.24169647693634033,1.0,1.0,1.0
rotation_consistent,test_unseen,905,val:2009_004886:part_18,2009_004886,bird,leg,leg,0.0,0.0,0.22692574560642242,0.010730709880590439,1.0,1.0,1.0
rotation_consistent,test_unseen,906,val:2009_004895:part_13,2009_004895,bird,head,head,0.4274084270000458,0.5988593101501465,0.20209580659866333,0.07796954363584518,1.0,1.0,1.0
rotation_consistent,test_unseen,907,val:2009_004895:part_14,2009_004895,bird,eye,eye,0.0,0.0,0.0,0.003654822241514921,0.008880615234375,0.0,0.00010889768600463867
rotation_consistent,test_unseen,908,val:2009_004895:part_15,2009_004895,bird,beak,beak,0.2934131622314453,0.45370370149612427,0.43209877610206604,0.010964467190206051,0.9921875,0.01049041748046875,0.9130859375
rotation_consistent,test_unseen,909,val:2009_004895:part_16,2009_004895,bird,torso,torso,0.746529221534729,0.8548717498779297,0.13770201802253723,0.7687309384346008,1.0,1.0,1.0
rotation_consistent,test_unseen,910,val:2009_004895:part_17,2009_004895,bird,neck,neck,0.3810126483440399,0.5517873764038086,0.05540896952152252,0.06761421263217926,1.0,1.0,1.0
rotation_consistent,test_unseen,911,val:2009_004895:part_18,2009_004895,bird,leg,leg,0.01409596111625433,0.027800053358078003,0.12316874414682388,0.011167512275278568,1.0,1.0,1.0
rotation_consistent,test_unseen,912,val:2009_004895:part_19,2009_004895,bird,foot,foot,0.0,0.0,0.0,0.013197969645261765,1.0,1.0,1.0
rotation_consistent,test_unseen,913,val:2009_004994:part_61,2009_004994,dog,head,head,0.3679833710193634,0.5379939079284668,0.08956276625394821,0.16828086972236633,1.0,1.0,1.0
rotation_consistent,test_unseen,914,val:2009_004994:part_62,2009_004994,dog,eye,eye,0.08235294371843338,0.15217390656471252,0.0,0.0042372881434857845,0.008880615234375,0.0,0.00010889768600463867
rotation_consistent,test_unseen,915,val:2009_004994:part_63,2009_004994,dog,torso,torso,0.6714534163475037,0.8034365773200989,0.14190687239170074,0.48002421855926514,1.0,1.0,1.0
rotation_consistent,test_unseen,916,val:2009_004994:part_66,2009_004994,dog,nose,nose,0.39156627655029297,0.5627705454826355,0.0,0.025121064856648445,1.0,0.9814453125,1.0
rotation_consistent,test_unseen,917,val:2009_004994:part_68,2009_004994,dog,ear,ear,0.40105539560317993,0.5725046992301941,0.3381294906139374,0.07657384872436523,0.006877899169921875,0.0,6.920099258422852e-05
rotation_consistent,test_unseen,918,val:2009_004994:part_69,2009_004994,dog,muzzle,muzzle,0.4056122303009033,0.5771324634552002,0.011082693934440613,0.1452784538269043,1.0,0.99951171875,1.0
rotation_consistent,test_unseen,919,val:2009_005089:part_99,2009_005089,sheep,tail,tail,0.0,0.0,1.0,0.027027027681469917,1.0,0.89892578125,1.0
rotation_consistent,test_unseen,920,val:2009_005089:part_100,2009_005089,sheep,head,head,0.0,0.0,1.0,0.03439803421497345,1.0,1.0,1.0
rotation_consistent,test_unseen,921,val:2009_005089:part_101,2009_005089,sheep,eye,eye,0.0,0.0,0.0,0.0024570024106651545,0.008880615234375,0.0,0.00010889768600463867
rotation_consistent,test_unseen,922,val:2009_005089:part_102,2009_005089,sheep,torso,torso,0.5352839827537537,0.6973094344139099,0.37651121616363525,0.7690417766571045,1.0,1.0,1.0
rotation_consistent,test_unseen,923,val:2009_005089:part_103,2009_005089,sheep,neck,neck,0.21348313987255096,0.35185185074806213,0.5492957830429077,0.09090909361839294,1.0,1.0,1.0
rotation_consistent,test_unseen,924,val:2009_005089:part_105,2009_005089,sheep,ear,ear,0.0,0.0,0.0,0.009828009642660618,0.006877899169921875,0.0,6.920099258422852e-05
rotation_consistent,test_unseen,925,val:2009_005089:part_106,2009_005089,sheep,muzzle,muzzle,0.0,0.0,0.0,0.007371007464826107,1.0,0.99951171875,1.0
rotation_consistent,test_unseen,926,val:2009_005137:part_11,2009_005137,bird,wing,wing,0.6850132346153259,0.8130657076835632,0.029629629105329514,0.42015209794044495,0.99853515625,0.00031757354736328125,0.962890625
rotation_consistent,test_unseen,927,val:2009_005137:part_12,2009_005137,bird,tail,tail,0.0998389720916748,0.1815519779920578,0.06583072245121002,0.3317490518093109,1.0,0.89892578125,1.0
rotation_consistent,test_unseen,928,val:2009_005137:part_13,2009_005137,bird,head,head,0.4423076808452606,0.6133333444595337,0.3180827796459198,0.13973383605480194,1.0,1.0,1.0
rotation_consistent,test_unseen,929,val:2009_005137:part_14,2009_005137,bird,eye,eye,0.0,0.0,0.0,0.006653992459177971,0.008880615234375,0.0,0.00010889768600463867
rotation_consistent,test_unseen,930,val:2009_005137:part_15,2009_005137,bird,beak,beak,0.1388888955116272,0.24390244483947754,0.49438202381134033,0.0107731306925416,0.9921875,0.01049041748046875,0.9130859375
rotation_consistent,test_unseen,931,val:2009_005137:part_16,2009_005137,bird,torso,torso,0.15380343794822693,0.2666025161743164,0.07329261302947998,0.08776932954788208,1.0,1.0,1.0
rotation_consistent,test_unseen,932,val:2009_005137:part_19,2009_005137,bird,foot,foot,0.0,0.0,0.0,0.0019011406693607569,1.0,1.0,1.0
rotation_consistent,test_unseen,933,val:2009_005260:part_12,2009_005260,bird,tail,tail,0.14870689809322357,0.2589118182659149,0.18778280913829803,0.04807184264063835,1.0,0.89892578125,1.0
rotation_consistent,test_unseen,934,val:2009_005260:part_13,2009_005260,bird,head,head,0.2780487835407257,0.4351145029067993,0.234375,0.0739566832780838,1.0,1.0,1.0
rotation_consistent,test_unseen,935,val:2009_005260:part_14,2009_005260,bird,eye,eye,0.0,0.0,0.0,0.0026413099840283394,0.008880615234375,0.0,0.00010889768600463867
rotation_consistent,test_unseen,936,val:2009_005260:part_15,2009_005260,bird,beak,beak,0.0,0.0,0.0,0.003697834210470319,0.9921875,0.01049041748046875,0.9130859375
rotation_consistent,test_unseen,937,val:2009_005260:part_16,2009_005260,bird,torso,torso,0.6327251195907593,0.7750540971755981,0.12394797056913376,0.7749603986740112,1.0,1.0,1.0
rotation_consistent,test_unseen,938,val:2009_005260:part_17,2009_005260,bird,neck,neck,0.028169013559818268,0.054794520139694214,0.0,0.07501320540904999,1.0,1.0,1.0
rotation_consistent,test_unseen,939,val:2009_005262:part_12,2009_005262,bird,tail,tail,0.2184724658727646,0.35860058665275574,0.45132744312286377,0.12665198743343353,1.0,0.89892578125,1.0
rotation_consistent,test_unseen,940,val:2009_005262:part_13,2009_005262,bird,head,head,0.1389891654253006,0.2440570592880249,0.22063492238521576,0.1740088164806366,1.0,1.0,1.0
rotation_consistent,test_unseen,941,val:2009_005262:part_14,2009_005262,bird,eye,eye,0.0,0.0,0.0,0.0022026430815458298,0.008880615234375,0.0,0.00010889768600463867
rotation_consistent,test_unseen,942,val:2009_005262:part_15,2009_005262,bird,beak,beak,0.08431372791528702,0.1555153727531433,0.2857142984867096,0.11178413778543472,0.9921875,0.01049041748046875,0.9130859375
rotation_consistent,test_unseen,943,val:2009_005262:part_16,2009_005262,bird,torso,torso,0.37087133526802063,0.5410738587379456,0.26994624733924866,0.5338656306266785,1.0,1.0,1.0
rotation_consistent,test_unseen,944,val:2009_005262:part_18,2009_005262,bird,leg,leg,0.006410256493836641,0.012738853693008423,0.2714404761791229,0.01514317188411951,1.0,1.0,1.0
rotation_consistent,test_unseen,945,val:2009_005262:part_19,2009_005262,bird,foot,foot,0.0,0.0,0.0,0.014041850343346596,1.0,1.0,1.0
rotation_consistent,test_unseen,946,val:2010_000003:part_61,2010_000003,dog,head,head,0.4972972869873047,0.6642599105834961,0.0,0.13866665959358215,1.0,1.0,1.0
rotation_consistent,test_unseen,947,val:2010_000003:part_62,2010_000003,dog,eye,eye,0.0,0.0,0.0,0.007555555552244186,0.008880615234375,0.0,0.00010889768600463867
rotation_consistent,test_unseen,948,val:2010_000003:part_63,2010_000003,dog,torso,torso,0.5375218391418457,0.6992054581642151,0.09638553857803345,0.30355554819107056,1.0,1.0,1.0
rotation_consistent,test_unseen,949,val:2010_000003:part_65,2010_000003,dog,leg,leg,0.446540892124176,0.6173912882804871,0.05535055324435234,0.25200000405311584,1.0,1.0,1.0
rotation_consistent,test_unseen,950,val:2010_000003:part_66,2010_000003,dog,nose,nose,0.0357142873108387,0.06896551698446274,0.0,0.009777777828276157,1.0,0.9814453125,1.0
rotation_consistent,test_unseen,951,val:2010_000003:part_67,2010_000003,dog,paw,paw,0.5151515007019043,0.6800000071525574,0.3173913061618805,0.09777777642011642,1.0,0.99951171875,1.0
rotation_consistent,test_unseen,952,val:2010_000003:part_68,2010_000003,dog,ear,ear,0.46979865431785583,0.6392694115638733,0.0694444477558136,0.09866666793823242,0.006877899169921875,0.0,6.920099258422852e-05
rotation_consistent,test_unseen,953,val:2010_000003:part_69,2010_000003,dog,muzzle,muzzle,0.3382352888584137,0.5054945349693298,0.0,0.08844444155693054,1.0,0.99951171875,1.0
rotation_consistent,test_unseen,954,val:2010_000087:part_79,2010_000087,motorbike,wheel,wheel,0.5288628935813904,0.6918382048606873,0.22022472321987152,0.3702956438064575,1.0,0.9990234375,1.0
rotation_consistent,test_unseen,955,val:2010_000087:part_82,2010_000087,motorbike,headlight,headlight,0.0,0.0,0.0,0.02071855403482914,0.99951171875,0.493896484375,0.99609375
rotation_consistent,test_unseen,956,val:2010_000110:part_61,2010_000110,dog,head,head,0.3432406485080719,0.5110635161399841,0.08791736513376236,0.19650892913341522,1.0,1.0,1.0
rotation_consistent,test_unseen,957,val:2010_000110:part_62,2010_000110,dog,eye,eye,0.42510122060775757,0.5965909361839294,0.057591624557971954,0.021955544129014015,0.008880615234375,0.0,0.00010889768600463867
rotation_consistent,test_unseen,958,val:2010_000110:part_63,2010_000110,dog,torso,torso,0.7676006555557251,0.8685227036476135,0.15245051681995392,0.44497478008270264,1.0,1.0,1.0
rotation_consistent,test_unseen,959,val:2010_000110:part_65,2010_000110,dog,leg,leg,0.0,0.0,0.0,0.0009545888169668615,1.0,1.0,1.0
rotation_consistent,test_unseen,960,val:2010_000110:part_66,2010_000110,dog,nose,nose,0.3362068831920624,0.5032258033752441,0.0,0.011591436341404915,1.0,0.9814453125,1.0
rotation_consistent,test_unseen,961,val:2010_000110:part_67,2010_000110,dog,paw,paw,0.0,0.0,0.5823529362678528,0.018137188628315926,1.0,0.99951171875,1.0
rotation_consistent,test_unseen,962,val:2010_000110:part_68,2010_000110,dog,ear,ear,0.5956607460975647,0.7466007471084595,0.0,0.058639030903577805,0.006877899169921875,0.0,6.920099258422852e-05
rotation_consistent,test_unseen,963,val:2010_000110:part_69,2010_000110,dog,muzzle,muzzle,0.6433566212654114,0.7829787135124207,0.0335463248193264,0.21382790803909302,1.0,0.99951171875,1.0
rotation_consistent,test_unseen,964,val:2010_000159:part_61,2010_000159,dog,head,head,0.2789992094039917,0.4362773597240448,0.039178989827632904,0.15733051300048828,1.0,1.0,1.0
rotation_consistent,test_unseen,965,val:2010_000159:part_62,2010_000159,dog,eye,eye,0.1917293220758438,0.32176655530929565,0.0,0.005955622065812349,0.008880615234375,0.0,0.00010889768600463867
rotation_consistent,test_unseen,966,val:2010_000159:part_63,2010_000159,dog,torso,torso,0.3414657413959503,0.5090935230255127,0.08135797828435898,0.13834059238433838,1.0,1.0,1.0
rotation_consistent,test_unseen,967,val:2010_000159:part_66,2010_000159,dog,nose,nose,0.540229856967926,0.7014925479888916,0.0,0.00820174254477024,1.0,0.9814453125,1.0
rotation_consistent,test_unseen,968,val:2010_000159:part_68,2010_000159,dog,ear,ear,0.2685459852218628,0.42339181900024414,0.07179487496614456,0.08984481543302536,0.006877899169921875,0.0,6.920099258422852e-05
rotation_consistent,test_unseen,969,val:2010_000159:part_69,2010_000159,dog,muzzle,muzzle,0.4779089391231537,0.6467366218566895,0.0,0.05261366814374924,1.0,0.99951171875,1.0
rotation_consistent,test_unseen,970,val:2010_000160:part_32,2010_000160,car,wheel,wheel,0.0,0.0,0.042553190141916275,0.015666000545024872,1.0,0.9990234375,1.0
rotation_consistent,test_unseen,971,val:2010_000160:part_35,2010_000160,car,side,side,0.6135831475257874,0.7605224847793579,0.008931699208915234,0.2620922029018402,1.0,1.0,1.0
rotation_consistent,test_unseen,972,val:2010_000160:part_36,2010_000160,car,back,back,0.6824548244476318,0.8112608194351196,0.008479619398713112,0.5460776090621948,1.0,1.0,1.0
rotation_consistent,test_unseen,973,val:2010_000160:part_38,2010_000160,car,mirror,mirror,0.0,0.0,0.0,0.003916500136256218,0.013275146484375,0.0,0.00027370452880859375
rotation_consistent,test_unseen,974,val:2010_000160:part_41,2010_000160,car,window,window,0.41994303464889526,0.591492772102356,0.15916018187999725,0.07954411953687668,1.0,0.935546875,1.0
rotation_consistent,test_unseen,975,val:2010_000216:part_60,2010_000216,dog,tail,tail,0.13368983566761017,0.2358490526676178,0.31607142090797424,0.010624912567436695,1.0,0.89892578125,1.0
rotation_consistent,test_unseen,976,val:2010_000216:part_61,2010_000216,dog,head,head,0.32030704617500305,0.4852008521556854,0.024645257741212845,0.0773102194070816,1.0,1.0,1.0
rotation_consistent,test_unseen,977,val:2010_000216:part_62,2010_000216,dog,eye,eye,0.0,0.0,0.0,0.0069900741800665855,0.008880615234375,0.0,0.00010889768600463867
rotation_consistent,test_unseen,978,val:2010_000216:part_63,2010_000216,dog,torso,torso,0.5379027724266052,0.6995276808738708,0.08004509657621384,0.4103173613548279,1.0,1.0,1.0
rotation_consistent,test_unseen,979,val:2010_000216:part_65,2010_000216,dog,leg,leg,0.2630922794342041,0.41658440232276917,0.010729613713920116,0.07647141069173813,1.0,1.0,1.0
rotation_consistent,test_unseen,980,val:2010_000216:part_66,2010_000216,dog,nose,nose,0.021739130839705467,0.042553190141916275,0.0,0.007409478537738323,1.0,0.9814453125,1.0
rotation_consistent,test_unseen,981,val:2010_000216:part_67,2010_000216,dog,paw,paw,0.14705882966518402,0.25641027092933655,0.2288135588169098,0.06528729200363159,1.0,0.99951171875,1.0
rotation_consistent,test_unseen,982,val:2010_000216:part_68,2010_000216,dog,ear,ear,0.0,0.0,0.0,0.2583531439304352,0.006877899169921875,0.0,6.920099258422852e-05
rotation_consistent,test_unseen,983,val:2010_000216:part_69,2010_000216,dog,muzzle,muzzle,0.4893048107624054,0.6570915579795837,0.0015060240402817726,0.06291066855192184,1.0,0.99951171875,1.0
rotation_consistent,test_unseen,984,val:2010_000241:part_12,2010_000241,bird,tail,tail,0.47768595814704895,0.646532416343689,0.1719197779893875,0.1279643177986145,1.0,0.89892578125,1.0
rotation_consistent,test_unseen,985,val:2010_000241:part_13,2010_000241,bird,head,head,0.5524861812591553,0.7117437720298767,0.21690140664577484,0.048602957278490067,1.0,1.0,1.0
rotation_consistent,test_unseen,986,val:2010_000241:part_14,2010_000241,bird,eye,eye,0.0,0.0,0.0,0.003287156578153372,0.008880615234375,0.0,0.00010889768600463867
rotation_consistent,test_unseen,987,val:2010_000241:part_15,2010_000241,bird,beak,beak,0.1818181872367859,0.3076923191547394,0.6484848260879517,0.007043906953185797,0.9921875,0.01049041748046875,0.9130859375
rotation_consistent,test_unseen,988,val:2010_000241:part_16,2010_000241,bird,torso,torso,0.8016759753227234,0.8899224996566772,0.0791366919875145,0.5914533734321594,1.0,1.0,1.0
rotation_consistent,test_unseen,989,val:2010_000241:part_17,2010_000241,bird,neck,neck,0.45024874806404114,0.6209262609481812,0.1029023751616478,0.04789856821298599,1.0,1.0,1.0
rotation_consistent,test_unseen,990,val:2010_000241:part_18,2010_000241,bird,leg,leg,0.21214142441749573,0.35002753138542175,0.3313172161579132,0.15449635684490204,1.0,1.0,1.0
rotation_consistent,test_unseen,991,val:2010_000241:part_19,2010_000241,bird,foot,foot,0.035087719559669495,0.06779661029577255,0.5,0.015261798165738583,1.0,1.0,1.0
rotation_consistent,test_unseen,992,val:2010_000309:part_100,2010_000309,sheep,head,head,0.04329897090792656,0.0830039530992508,0.5010309219360352,0.030701754614710808,1.0,1.0,1.0
rotation_consistent,test_unseen,993,val:2010_000309:part_101,2010_000309,sheep,eye,eye,0.0,0.0,0.0,0.001461988314986229,0.008880615234375,0.0,0.00010889768600463867
rotation_consistent,test_unseen,994,val:2010_000309:part_102,2010_000309,sheep,torso,torso,0.32211539149284363,0.4872727394104004,0.3896551728248596,0.3801169693470001,1.0,1.0,1.0
rotation_consistent,test_unseen,995,val:2010_000309:part_103,2010_000309,sheep,neck,neck,0.0,0.0,0.0,0.019005848094820976,1.0,1.0,1.0
rotation_consistent,test_unseen,996,val:2010_000309:part_105,2010_000309,sheep,ear,ear,0.0,0.0,0.0,0.002923976629972458,0.006877899169921875,0.0,6.920099258422852e-05
rotation_consistent,test_unseen,997,val:2010_000309:part_106,2010_000309,sheep,muzzle,muzzle,0.019417475908994675,0.03809523954987526,0.6262136101722717,0.005847953259944916,1.0,0.99951171875,1.0
rotation_consistent,test_unseen,998,val:2010_000335:part_11,2010_000335,bird,wing,wing,0.0,0.0,0.849056601524353,0.36301368474960327,0.99853515625,0.00031757354736328125,0.962890625
rotation_consistent,test_unseen,999,val:2010_000335:part_12,2010_000335,bird,tail,tail,0.0,0.0,0.0,0.02054794505238533,1.0,0.89892578125,1.0
rotation_consistent,test_unseen,1000,val:2010_000335:part_13,2010_000335,bird,head,head,0.0,0.0,1.0,0.19863013923168182,1.0,1.0,1.0
rotation_consistent,test_unseen,1001,val:2010_000335:part_14,2010_000335,bird,eye,eye,0.0,0.0,0.0,0.013698630034923553,0.008880615234375,0.0,0.00010889768600463867
rotation_consistent,test_unseen,1002,val:2010_000335:part_15,2010_000335,bird,beak,beak,0.0,0.0,0.0,0.006849315017461777,0.9921875,0.01049041748046875,0.9130859375
rotation_consistent,test_unseen,1003,val:2010_000335:part_16,2010_000335,bird,torso,torso,0.06194690242409706,0.11666666716337204,0.8500000238418579,0.4109589159488678,1.0,1.0,1.0
rotation_consistent,test_unseen,1004,val:2010_000372:part_32,2010_000372,car,wheel,wheel,0.6826973557472229,0.8114321231842041,0.04794952645897865,0.12231454253196716,1.0,0.9990234375,1.0
rotation_consistent,test_unseen,1005,val:2010_000372:part_35,2010_000372,car,side,side,0.26725146174430847,0.4217812716960907,0.034364260733127594,0.2762182652950287,1.0,1.0,1.0
rotation_consistent,test_unseen,1006,val:2010_000372:part_36,2010_000372,car,back,back,0.3478902280330658,0.5161996483802795,0.07232224941253662,0.09663897007703781,1.0,1.0,1.0
rotation_consistent,test_unseen,1007,val:2010_000372:part_38,2010_000372,car,mirror,mirror,0.0,0.0,0.0,0.0026948123704642057,0.013275146484375,0.0,0.00027370452880859375
rotation_consistent,test_unseen,1008,val:2010_000372:part_40,2010_000372,car,door,door,0.008928571827709675,0.017699114978313446,0.0,0.280485063791275,1.0,0.9990234375,1.0
rotation_consistent,test_unseen,1009,val:2010_000372:part_41,2010_000372,car,window,window,0.6081379652023315,0.7563256621360779,0.004437869880348444,0.12036829441785812,1.0,0.935546875,1.0
rotation_consistent,test_unseen,1010,val:2010_000422:part_60,2010_000422,dog,tail,tail,0.3126050531864166,0.47631242871284485,0.37580645084381104,0.06217411532998085,1.0,0.89892578125,1.0
rotation_consistent,test_unseen,1011,val:2010_000422:part_61,2010_000422,dog,head,head,0.022009029984474182,0.043070126324892044,0.0,0.3595142364501953,1.0,1.0,1.0
rotation_consistent,test_unseen,1012,val:2010_000422:part_62,2010_000422,dog,eye,eye,0.0,0.0,0.0,0.007062240038067102,0.008880615234375,0.0,0.00010889768600463867
rotation_consistent,test_unseen,1013,val:2010_000422:part_63,2010_000422,dog,torso,torso,0.2437213659286499,0.3919227719306946,0.04486873373389244,0.10487756878137589,1.0,1.0,1.0
rotation_consistent,test_unseen,1014,val:2010_000422:part_65,2010_000422,dog,leg,leg,0.5005448460578918,0.6671507954597473,0.16235575079917908,0.10679163038730621,1.0,1.0,1.0
rotation_consistent,test_unseen,1015,val:2010_000422:part_66,2010_000422,dog,nose,nose,0.1230769231915474,0.21917808055877686,0.0,0.009636327624320984,1.0,0.9814453125,1.0
rotation_consistent,test_unseen,1016,val:2010_000422:part_67,2010_000422,dog,paw,paw,0.6965317726135254,0.8211243748664856,0.1373801976442337,0.054253846406936646,1.0,0.99951171875,1.0
rotation_consistent,test_unseen,1017,val:2010_000422:part_68,2010_000422,dog,ear,ear,0.000817995925899595,0.0016346547054126859,0.0,0.161375492811203,0.006877899169921875,0.0,6.920099258422852e-05
rotation_consistent,test_unseen,1018,val:2010_000422:part_69,2010_000422,dog,muzzle,muzzle,0.16051948070526123,0.2766338288784027,0.0,0.11583393812179565,1.0,0.99951171875,1.0
rotation_consistent,test_unseen,1019,val:2010_000502:part_11,2010_000502,bird,wing,wing,0.09302325546741486,0.1702127605676651,0.5732483863830566,0.30693069100379944,0.99853515625,0.00031757354736328125,0.962890625
rotation_consistent,test_unseen,1020,val:2010_000502:part_12,2010_000502,bird,tail,tail,0.03773584961891174,0.072727270424366,0.9245283007621765,0.019417475908994675,1.0,0.89892578125,1.0
rotation_consistent,test_unseen,1021,val:2010_000502:part_13,2010_000502,bird,head,head,0.0,0.0,0.0,0.049504950642585754,1.0,1.0,1.0
rotation_consistent,test_unseen,1022,val:2010_000502:part_14,2010_000502,bird,eye,eye,0.0,0.0,0.0,0.009803921915590763,0.008880615234375,0.0,0.00010889768600463867
rotation_consistent,test_unseen,1023,val:2010_000502:part_15,2010_000502,bird,beak,beak,0.0,0.0,0.0,0.029702970758080482,0.9921875,0.01049041748046875,0.9130859375
rotation_consistent,test_unseen,1024,val:2010_000502:part_16,2010_000502,bird,torso,torso,0.30434781312942505,0.46666666865348816,0.557692289352417,0.5346534848213196,1.0,1.0,1.0
rotation_consistent,test_unseen,1025,val:2010_000502:part_17,2010_000502,bird,neck,neck,0.0,0.0,0.0,0.059405941516160965,1.0,1.0,1.0
rotation_consistent,test_unseen,1026,val:2010_000502:part_18,2010_000502,bird,leg,leg,0.011695906519889832,0.023121386766433716,0.6198830604553223,0.019801979884505272,1.0,1.0,1.0
rotation_consistent,test_unseen,1027,val:2010_000530:part_32,2010_000530,car,wheel,wheel,0.19007021188735962,0.31942689418792725,0.2910185754299164,0.12881356477737427,1.0,0.9990234375,1.0
rotation_consistent,test_unseen,1028,val:2010_000530:part_33,2010_000530,car,headlight,headlight,0.0,0.0,0.0,0.014915253967046738,0.99951171875,0.493896484375,0.99609375
rotation_consistent,test_unseen,1029,val:2010_000530:part_34,2010_000530,car,front,front,0.17614269256591797,0.29952606558799744,0.27662035822868347,0.06474576145410538,1.0,1.0,1.0
rotation_consistent,test_unseen,1030,val:2010_000530:part_35,2010_000530,car,side,side,0.2862080931663513,0.4450416564941406,0.13284936547279358,0.32745763659477234,1.0,1.0,1.0
rotation_consistent,test_unseen,1031,val:2010_000530:part_37,2010_000530,car,roof,roof,0.03873239457607269,0.07457627356052399,0.1582125574350357,0.01932203397154808,1.0,0.9345703125,1.0
rotation_consistent,test_unseen,1032,val:2010_000530:part_38,2010_000530,car,mirror,mirror,0.0,0.0,0.0,0.000677966105286032,0.013275146484375,0.0,0.00027370452880859375
rotation_consistent,test_unseen,1033,val:2010_000530:part_40,2010_000530,car,door,door,0.003562945406883955,0.007100591901689768,0.0,0.2322033941745758,1.0,0.9990234375,1.0
rotation_consistent,test_unseen,1034,val:2010_000530:part_41,2010_000530,car,window,window,0.3780313730239868,0.5486542582511902,0.03375527262687683,0.16677966713905334,1.0,0.935546875,1.0
rotation_consistent,test_unseen,1035,val:2010_000628:part_32,2010_000628,car,wheel,wheel,0.2691652476787567,0.42416107654571533,0.3302919566631317,0.10753275454044342,1.0,0.9990234375,1.0
rotation_consistent,test_unseen,1036,val:2010_000628:part_35,2010_000628,car,side,side,0.23391370475292206,0.37914109230041504,0.10522088408470154,0.21015283465385437,1.0,1.0,1.0
rotation_consistent,test_unseen,1037,val:2010_000628:part_36,2010_000628,car,back,back,0.5508298873901367,0.7103679180145264,0.21405404806137085,0.3111353814601898,1.0,1.0,1.0
rotation_consistent,test_unseen,1038,val:2010_000628:part_38,2010_000628,car,mirror,mirror,0.0,0.0,0.0,0.0043668122962117195,0.013275146484375,0.0,0.00027370452880859375
rotation_consistent,test_unseen,1039,val:2010_000628:part_40,2010_000628,car,door,door,0.09078013896942139,0.16644993424415588,0.016746411100029945,0.19159388542175293,1.0,0.9990234375,1.0
rotation_consistent,test_unseen,1040,val:2010_000628:part_41,2010_000628,car,window,window,0.2441471517086029,0.39247313141822815,0.035087719559669495,0.14082969725131989,1.0,0.935546875,1.0
rotation_consistent,test_unseen,1041,val:2010_000639:part_60,2010_000639,dog,tail,tail,0.0,0.0,0.12878787517547607,0.008683728985488415,1.0,0.89892578125,1.0
rotation_consistent,test_unseen,1042,val:2010_000639:part_61,2010_000639,dog,head,head,0.2528517246246338,0.40364187955856323,0.0021276595070958138,0.0863802582025528,1.0,1.0,1.0
rotation_consistent,test_unseen,1043,val:2010_000639:part_62,2010_000639,dog,eye,eye,0.0,0.0,0.0,0.0018281536176800728,0.008880615234375,0.0,0.00010889768600463867
rotation_consistent,test_unseen,1044,val:2010_000639:part_63,2010_000639,dog,torso,torso,0.47835344076156616,0.647143542766571,0.0892857164144516,0.31215721368789673,1.0,1.0,1.0
rotation_consistent,test_unseen,1045,val:2010_000639:part_64,2010_000639,dog,neck,neck,0.14827586710453033,0.25825825333595276,0.0,0.03382084146142006,1.0,1.0,1.0
rotation_consistent,test_unseen,1046,val:2010_000639:part_65,2010_000639,dog,leg,leg,0.3225446343421936,0.4877637028694153,0.3185185194015503,0.1713894009590149,1.0,1.0,1.0
rotation_consistent,test_unseen,1047,val:2010_000639:part_66,2010_000639,dog,nose,nose,0.0,0.0,0.0,0.005484460853040218,1.0,0.9814453125,1.0
rotation_consistent,test_unseen,1048,val:2010_000639:part_67,2010_000639,dog,paw,paw,0.26408451795578003,0.417827308177948,0.6401869058609009,0.06627056747674942,1.0,0.99951171875,1.0
rotation_consistent,test_unseen,1049,val:2010_000639:part_68,2010_000639,dog,ear,ear,0.0,0.0,0.0,0.21343693137168884,0.006877899169921875,0.0,6.920099258422852e-05
rotation_consistent,test_unseen,1050,val:2010_000639:part_69,2010_000639,dog,muzzle,muzzle,0.3206896483898163,0.48563969135284424,0.0,0.06581352651119232,1.0,0.99951171875,1.0
rotation_consistent,test_unseen,1051,val:2010_000682:part_32,2010_000682,car,wheel,wheel,0.0,0.0,1.0,0.06122449040412903,1.0,0.9990234375,1.0
rotation_consistent,test_unseen,1052,val:2010_000682:part_34,2010_000682,car,front,front,0.0,0.0,1.0,0.2857142984867096,1.0,1.0,1.0
rotation_consistent,test_unseen,1053,val:2010_000682:part_35,2010_000682,car,side,side,0.0,0.0,0.0,0.4897959232330322,1.0,1.0,1.0
rotation_consistent,test_unseen,1054,val:2010_000682:part_41,2010_000682,car,window,window,0.0,0.0,1.0,0.10204081982374191,1.0,0.935546875,1.0
rotation_consistent,test_unseen,1055,val:2010_000788:part_61,2010_000788,dog,head,head,0.5381736755371094,0.6997566819190979,0.049150850623846054,0.45609307289123535,1.0,1.0,1.0
rotation_consistent,test_unseen,1056,val:2010_000788:part_62,2010_000788,dog,eye,eye,0.20465116202831268,0.33976835012435913,0.0,0.007944389246404171,0.008880615234375,0.0,0.00010889768600463867
rotation_consistent,test_unseen,1057,val:2010_000788:part_63,2010_000788,dog,torso,torso,0.4026208817958832,0.5740979313850403,0.24401265382766724,0.1264009028673172,1.0,1.0,1.0
rotation_consistent,test_unseen,1058,val:2010_000788:part_66,2010_000788,dog,nose,nose,0.7352941036224365,0.8474576473236084,0.010380622930824757,0.03433110937476158,1.0,0.9814453125,1.0
rotation_consistent,test_unseen,1059,val:2010_000788:part_68,2010_000788,dog,ear,ear,0.536755383014679,0.6985567212104797,0.042443063110113144,0.20697970688343048,0.006877899169921875,0.0,6.920099258422852e-05
rotation_consistent,test_unseen,1060,val:2010_000788:part_69,2010_000788,dog,muzzle,muzzle,0.6476256251335144,0.7861319780349731,0.08133623749017715,0.14427578449249268,1.0,0.99951171875,1.0
rotation_consistent,test_unseen,1061,val:2010_000814:part_13,2010_000814,bird,head,head,0.5108869075775146,0.6762741804122925,0.19191919267177582,0.05435273051261902,1.0,1.0,1.0
rotation_consistent,test_unseen,1062,val:2010_000814:part_14,2010_000814,bird,eye,eye,0.15909090638160706,0.27450981736183167,0.0,0.00202977005392313,0.008880615234375,0.0,0.00010889768600463867
rotation_consistent,test_unseen,1063,val:2010_000814:part_15,2010_000814,bird,beak,beak,0.0,0.0,0.0,0.013813712634146214,0.9921875,0.01049041748046875,0.9130859375
rotation_consistent,test_unseen,1064,val:2010_000814:part_16,2010_000814,bird,torso,torso,0.5332274436950684,0.6955621242523193,0.06243884563446045,0.4933468699455261,1.0,1.0,1.0
rotation_consistent,test_unseen,1065,val:2010_000814:part_17,2010_000814,bird,neck,neck,0.6295907497406006,0.7726979851722717,0.07680491358041763,0.05085701495409012,1.0,1.0,1.0
rotation_consistent,test_unseen,1066,val:2010_000836:part_11,2010_000836,bird,wing,wing,0.41428571939468384,0.5858585834503174,0.3963302671909332,0.7723214030265808,0.99853515625,0.00031757354736328125,0.962890625
rotation_consistent,test_unseen,1067,val:2010_000836:part_12,2010_000836,bird,tail,tail,0.0,0.0,0.0,0.0915178582072258,1.0,0.89892578125,1.0
rotation_consistent,test_unseen,1068,val:2010_000836:part_13,2010_000836,bird,head,head,0.0,0.0,0.4117647111415863,0.004464285913854837,1.0,1.0,1.0
rotation_consistent,test_unseen,1069,val:2010_000836:part_16,2010_000836,bird,torso,torso,0.15675675868988037,0.2710280418395996,0.32702702283859253,0.1294642835855484,1.0,1.0,1.0
rotation_consistent,test_unseen,1070,val:2010_000904:part_61,2010_000904,dog,head,head,0.7765838503837585,0.874243974685669,0.012933178804814816,0.6022034287452698,1.0,1.0,1.0
rotation_consistent,test_unseen,1071,val:2010_000904:part_63,2010_000904,dog,torso,torso,0.11087895184755325,0.19962382316589355,0.053210753947496414,0.06264017522335052,1.0,1.0,1.0
rotation_consistent,test_unseen,1072,val:2010_000904:part_66,2010_000904,dog,nose,nose,0.5852216482162476,0.7383468151092529,0.0,0.026441078633069992,1.0,0.9814453125,1.0
rotation_consistent,test_unseen,1073,val:2010_000904:part_68,2010_000904,dog,ear,ear,0.0979313924908638,0.17839255928993225,0.005235602147877216,0.2999016344547272,0.006877899169921875,0.0,6.920099258422852e-05
rotation_consistent,test_unseen,1074,val:2010_000918:part_12,2010_000918,bird,tail,tail,0.0,0.0,0.0,0.1557970941066742,1.0,0.89892578125,1.0
rotation_consistent,test_unseen,1075,val:2010_000918:part_13,2010_000918,bird,head,head,0.0,0.0,0.23783783614635468,0.025362318381667137,1.0,1.0,1.0
rotation_consistent,test_unseen,1076,val:2010_000918:part_16,2010_000918,bird,torso,torso,0.5231143832206726,0.6869009733200073,0.37064677476882935,0.8115941882133484,1.0,1.0,1.0
rotation_consistent,test_unseen,1077,val:2010_000918:part_18,2010_000918,bird,leg,leg,0.0,0.0,0.0,0.007246376946568489,1.0,1.0,1.0
rotation_consistent,test_unseen,1078,val:2010_000952:part_32,2010_000952,car,wheel,wheel,0.7041564583778381,0.8263988494873047,0.16126351058483124,0.06821324676275253,1.0,0.9990234375,1.0
rotation_consistent,test_unseen,1079,val:2010_000952:part_33,2010_000952,car,headlight,headlight,0.5252293348312378,0.688721776008606,0.0,0.024427715688943863,0.99951171875,0.493896484375,0.99609375
rotation_consistent,test_unseen,1080,val:2010_000952:part_34,2010_000952,car,front,front,0.5278257727622986,0.6909502148628235,0.03472409024834633,0.3936856687068939,1.0,1.0,1.0
rotation_consistent,test_unseen,1081,val:2010_000952:part_35,2010_000952,car,side,side,0.36615949869155884,0.5360420942306519,0.035575222223997116,0.19365493953227997,1.0,1.0,1.0
rotation_consistent,test_unseen,1082,val:2010_000952:part_37,2010_000952,car,roof,roof,0.0173802450299263,0.034166667610406876,0.05944391340017319,0.024120448157191277,1.0,0.9345703125,1.0
rotation_consistent,test_unseen,1083,val:2010_000952:part_40,2010_000952,car,door,door,0.0,0.0,0.0,0.11699185520410538,1.0,0.9990234375,1.0
rotation_consistent,test_unseen,1084,val:2010_000952:part_41,2010_000952,car,window,window,0.5040650367736816,0.6702702641487122,0.0030060119461268187,0.176524817943573,1.0,0.935546875,1.0
rotation_consistent,test_unseen,1085,val:2010_000961:part_11,2010_000961,bird,wing,wing,0.0833333358168602,0.1538461595773697,0.11818181723356247,0.04491555690765381,0.99853515625,0.00031757354736328125,0.962890625
rotation_consistent,test_unseen,1086,val:2010_000961:part_12,2010_000961,bird,tail,tail,0.0,0.0,0.0,0.049946099519729614,1.0,0.89892578125,1.0
rotation_consistent,test_unseen,1087,val:2010_000961:part_13,2010_000961,bird,head,head,0.5321820974349976,0.6946721076965332,0.18210360407829285,0.12181099504232407,1.0,1.0,1.0
rotation_consistent,test_unseen,1088,val:2010_000961:part_14,2010_000961,bird,eye,eye,0.0,0.0,0.0,0.0046712183393538,0.008880615234375,0.0,0.00010889768600463867
rotation_consistent,test_unseen,1089,val:2010_000961:part_15,2010_000961,bird,beak,beak,0.08749999850988388,0.16091954708099365,0.0,0.0075458139181137085,0.9921875,0.01049041748046875,0.9130859375
rotation_consistent,test_unseen,1090,val:2010_000961:part_16,2010_000961,bird,torso,torso,0.8020626902580261,0.8901606798171997,0.11049284785985947,0.7283506989479065,1.0,1.0,1.0
rotation_consistent,test_unseen,1091,val:2010_000961:part_18,2010_000961,bird,leg,leg,0.06223176047205925,0.11717171967029572,0.19139784574508667,0.010779733769595623,1.0,1.0,1.0
rotation_consistent,test_unseen,1092,val:2010_000961:part_19,2010_000961,bird,foot,foot,0.0,0.0,0.0,0.019044196233153343,1.0,1.0,1.0
rotation_consistent,test_unseen,1093,val:2010_001011:part_100,2010_001011,sheep,head,head,0.05667275935411453,0.10726643353700638,0.2890625,0.016304347664117813,1.0,1.0,1.0
rotation_consistent,test_unseen,1094,val:2010_001011:part_101,2010_001011,sheep,eye,eye,0.0,0.0,0.0,0.0009881423320621252,0.008880615234375,0.0,0.00010889768600463867
rotation_consistent,test_unseen,1095,val:2010_001011:part_102,2010_001011,sheep,torso,torso,0.21565495431423187,0.35479632019996643,0.13585208356380463,0.20602767169475555,1.0,1.0,1.0
rotation_consistent,test_unseen,1096,val:2010_001011:part_103,2010_001011,sheep,neck,neck,0.24590164422988892,0.3947368562221527,0.1818181872367859,0.0207509882748127,1.0,1.0,1.0
rotation_consistent,test_unseen,1097,val:2010_001011:part_105,2010_001011,sheep,ear,ear,0.0,0.0,0.0,0.00963438767939806,0.006877899169921875,0.0,6.920099258422852e-05
rotation_consistent,test_unseen,1098,val:2010_001011:part_106,2010_001011,sheep,muzzle,muzzle,0.0,0.0,0.4444444477558136,0.00469367578625679,1.0,0.99951171875,1.0
rotation_consistent,test_unseen,1099,val:2010_001016:part_12,2010_001016,bird,tail,tail,0.44408944249153137,0.6150442361831665,0.4572368562221527,0.08471665531396866,1.0,0.89892578125,1.0
rotation_consistent,test_unseen,1100,val:2010_001016:part_13,2010_001016,bird,head,head,0.4451219439506531,0.6160337328910828,0.280303031206131,0.06010303273797035,1.0,1.0,1.0
rotation_consistent,test_unseen,1101,val:2010_001016:part_14,2010_001016,bird,eye,eye,0.0,0.0,0.0,0.004579278640449047,0.008880615234375,0.0,0.00010889768600463867
rotation_consistent,test_unseen,1102,val:2010_001016:part_15,2010_001016,bird,beak,beak,0.32307693362236023,0.4883720874786377,0.25,0.01946193538606167,0.9921875,0.01049041748046875,0.9130859375
rotation_consistent,test_unseen,1103,val:2010_001016:part_16,2010_001016,bird,torso,torso,0.7619708776473999,0.864907443523407,0.1120879128575325,0.6720091700553894,1.0,1.0,1.0
rotation_consistent,test_unseen,1104,val:2010_001016:part_17,2010_001016,bird,neck,neck,0.6243094205856323,0.7687074542045593,0.09375,0.09502003341913223,1.0,1.0,1.0
rotation_consistent,test_unseen,1105,val:2010_001016:part_18,2010_001016,bird,leg,leg,0.00495867757126689,0.009868420660495758,0.3988212049007416,0.05666857585310936,1.0,1.0,1.0
rotation_consistent,test_unseen,1106,val:2010_001061:part_11,2010_001061,bird,wing,wing,0.2722722589969635,0.4280094504356384,0.17139479517936707,0.11526986956596375,0.99853515625,0.00031757354736328125,0.962890625
rotation_consistent,test_unseen,1107,val:2010_001061:part_12,2010_001061,bird,tail,tail,0.15337423980236053,0.26595744490623474,0.5192307829856873,0.03688635677099228,1.0,0.89892578125,1.0
rotation_consistent,test_unseen,1108,val:2010_001061:part_13,2010_001061,bird,head,head,0.4746268689632416,0.6437246799468994,0.2458563596010208,0.20558719336986542,1.0,1.0,1.0
rotation_consistent,test_unseen,1109,val:2010_001061:part_14,2010_001061,bird,eye,eye,0.0,0.0,0.0,0.0029834553133696318,0.008880615234375,0.0,0.00010889768600463867
rotation_consistent,test_unseen,1110,val:2010_001061:part_15,2010_001061,bird,beak,beak,0.0,0.0,0.0,0.018714401870965958,0.9921875,0.01049041748046875,0.9130859375
rotation_consistent,test_unseen,1111,val:2010_001061:part_16,2010_001061,bird,torso,torso,0.6484973430633545,0.7867739200592041,0.11610598117113113,0.6064550876617432,1.0,1.0,1.0
rotation_consistent,test_unseen,1112,val:2010_001061:part_18,2010_001061,bird,leg,leg,0.0,0.0,0.4097859263420105,0.00759425014257431,1.0,1.0,1.0
rotation_consistent,test_unseen,1113,val:2010_001061:part_19,2010_001061,bird,foot,foot,0.0,0.0,0.7777777910232544,0.000271223223535344,1.0,1.0,1.0
rotation_consistent,test_unseen,1114,val:2010_001069:part_12,2010_001069,bird,tail,tail,0.319029837846756,0.4837341010570526,0.15909090638160706,0.1013316661119461,1.0,0.89892578125,1.0
rotation_consistent,test_unseen,1115,val:2010_001069:part_13,2010_001069,bird,head,head,0.17507418990135193,0.29797980189323425,0.03883495181798935,0.060965459793806076,1.0,1.0,1.0
rotation_consistent,test_unseen,1116,val:2010_001069:part_14,2010_001069,bird,eye,eye,0.0,0.0,0.0,0.0047856844030320644,0.008880615234375,0.0,0.00010889768600463867
rotation_consistent,test_unseen,1117,val:2010_001069:part_15,2010_001069,bird,beak,beak,0.0,0.0,0.0,0.054931335151195526,0.9921875,0.01049041748046875,0.9130859375
rotation_consistent,test_unseen,1118,val:2010_001069:part_16,2010_001069,bird,torso,torso,0.7140804529190063,0.8331936001777649,0.1416184902191162,0.6254681944847107,1.0,1.0,1.0
rotation_consistent,test_unseen,1119,val:2010_001069:part_17,2010_001069,bird,neck,neck,0.3097345232963562,0.47297295928001404,0.1764705926179886,0.08780691027641296,1.0,1.0,1.0
rotation_consistent,test_unseen,1120,val:2010_001069:part_18,2010_001069,bird,leg,leg,0.08679624646902084,0.15972864627838135,0.24409182369709015,0.05846858024597168,1.0,1.0,1.0
rotation_consistent,test_unseen,1121,val:2010_001079:part_99,2010_001079,sheep,tail,tail,0.0,0.0,0.3211009204387665,0.004889346193522215,1.0,0.89892578125,1.0
rotation_consistent,test_unseen,1122,val:2010_001079:part_102,2010_001079,sheep,torso,torso,0.0,0.0,0.21823617815971375,0.04786412790417671,1.0,1.0,1.0
rotation_consistent,test_unseen,1123,val:2010_001124:part_61,2010_001124,dog,head,head,0.16680344939231873,0.2859152555465698,0.0313238762319088,0.5493333339691162,1.0,1.0,1.0
rotation_consistent,test_unseen,1124,val:2010_001124:part_63,2010_001124,dog,torso,torso,0.6498100757598877,0.7877392172813416,0.02667153812944889,0.3226666748523712,1.0,1.0,1.0
rotation_consistent,test_unseen,1125,val:2010_001124:part_65,2010_001124,dog,leg,leg,0.5293644666671753,0.6922672390937805,0.22179177403450012,0.09855318814516068,1.0,1.0,1.0
rotation_consistent,test_unseen,1126,val:2010_001251:part_79,2010_001251,motorbike,wheel,wheel,0.44462278485298157,0.6155555844306946,0.1820351481437683,0.15329547226428986,1.0,0.9990234375,1.0
rotation_consistent,test_unseen,1127,val:2010_001256:part_99,2010_001256,sheep,tail,tail,0.1597222238779068,0.27544909715652466,0.13513512909412384,0.01379208080470562,1.0,0.89892578125,1.0
rotation_consistent,test_unseen,1128,val:2010_001256:part_100,2010_001256,sheep,head,head,0.28093644976615906,0.438642293214798,0.1049618348479271,0.035889070481061935,1.0,1.0,1.0
rotation_consistent,test_unseen,1129,val:2010_001256:part_101,2010_001256,sheep,eye,eye,0.0,0.0,0.0,0.0011864155530929565,0.008880615234375,0.0,0.00010889768600463867
rotation_consistent,test_unseen,1130,val:2010_001256:part_102,2010_001256,sheep,torso,torso,0.8056706190109253,0.8923782706260681,0.11734113097190857,0.7686489820480347,1.0,1.0,1.0
rotation_consistent,test_unseen,1131,val:2010_001256:part_103,2010_001256,sheep,neck,neck,0.39485982060432434,0.5661641359329224,0.17580871284008026,0.0716298371553421,1.0,1.0,1.0
rotation_consistent,test_unseen,1132,val:2010_001256:part_105,2010_001256,sheep,ear,ear,0.1059190034866333,0.19154930114746094,0.234375,0.005190568044781685,0.006877899169921875,0.0,6.920099258422852e-05
rotation_consistent,test_unseen,1133,val:2010_001256:part_106,2010_001256,sheep,muzzle,muzzle,0.23666666448116302,0.3827493190765381,0.503333330154419,0.01052943803369999,1.0,0.99951171875,1.0
rotation_consistent,test_unseen,1134,val:2010_001264:part_61,2010_001264,dog,head,head,0.37301477789878845,0.543351411819458,0.03916263207793236,0.15029853582382202,1.0,1.0,1.0
rotation_consistent,test_unseen,1135,val:2010_001264:part_63,2010_001264,dog,torso,torso,0.5766394138336182,0.7314791083335876,0.049623217433691025,0.3702388405799866,1.0,1.0,1.0
rotation_consistent,test_unseen,1136,val:2010_001264:part_64,2010_001264,dog,neck,neck,0.600132167339325,0.750103235244751,0.0020120723638683558,0.09573811292648315,1.0,1.0,1.0
rotation_consistent,test_unseen,1137,val:2010_001264:part_65,2010_001264,dog,leg,leg,0.7652742266654968,0.8670315742492676,0.08874209970235825,0.14051884412765503,1.0,1.0,1.0
rotation_consistent,test_unseen,1138,val:2010_001264:part_67,2010_001264,dog,paw,paw,0.6333333253860474,0.7755101919174194,0.06990881264209747,0.020897673442959785,1.0,0.99951171875,1.0
rotation_consistent,test_unseen,1139,val:2010_001264:part_68,2010_001264,dog,ear,ear,0.2780210077762604,0.43508049845695496,0.0,0.11560633778572083,0.006877899169921875,0.0,6.920099258422852e-05
rotation_consistent,test_unseen,1140,val:2010_001264:part_69,2010_001264,dog,muzzle,muzzle,0.4339449405670166,0.6052463054656982,0.20636095106601715,0.0913115069270134,1.0,0.99951171875,1.0
rotation_consistent,test_unseen,1141,val:2010_001376:part_60,2010_001376,dog,tail,tail,0.0,0.0,0.0,0.002103137783706188,1.0,0.89892578125,1.0
rotation_consistent,test_unseen,1142,val:2010_001376:part_61,2010_001376,dog,head,head,0.1941327005624771,0.3251442611217499,0.027967866510152817,0.08610246330499649,1.0,1.0,1.0
rotation_consistent,test_unseen,1143,val:2010_001376:part_62,2010_001376,dog,eye,eye,0.1701388955116272,0.29080119729042053,0.0,0.0026499538216739893,0.008880615234375,0.0,0.00010889768600463867
rotation_consistent,test_unseen,1144,val:2010_001376:part_63,2010_001376,dog,torso,torso,0.4650135040283203,0.6348248720169067,0.05870738625526428,0.18242618441581726,1.0,1.0,1.0
rotation_consistent,test_unseen,1145,val:2010_001376:part_65,2010_001376,dog,leg,leg,0.25654128193855286,0.4083292782306671,0.07305935770273209,0.07432489097118378,1.0,1.0,1.0
rotation_consistent,test_unseen,1146,val:2010_001376:part_66,2010_001376,dog,nose,nose,0.018691588193178177,0.03669724613428116,0.0,0.0035332716070115566,1.0,0.9814453125,1.0
rotation_consistent,test_unseen,1147,val:2010_001376:part_67,2010_001376,dog,paw,paw,0.23801852762699127,0.38451528549194336,0.07344357669353485,0.04281988739967346,1.0,0.99951171875,1.0
rotation_consistent,test_unseen,1148,val:2010_001376:part_68,2010_001376,dog,ear,ear,0.07002801448106766,0.13089005649089813,0.05993690714240074,0.02153613232076168,0.006877899169921875,0.0,6.920099258422852e-05
rotation_consistent,test_unseen,1149,val:2010_001376:part_69,2010_001376,dog,muzzle,muzzle,0.33806145191192627,0.5053003430366516,0.0016995241167023778,0.04290401190519333,1.0,0.99951171875,1.0
rotation_consistent,test_unseen,1150,val:2010_001403:part_35,2010_001403,car,side,side,0.0,0.0,0.0,0.0006373486248776317,1.0,1.0,1.0
rotation_consistent,test_unseen,1151,val:2010_001522:part_100,2010_001522,sheep,head,head,0.44041451811790466,0.6115108132362366,0.12670156359672546,0.07283992320299149,1.0,1.0,1.0
rotation_consistent,test_unseen,1152,val:2010_001522:part_101,2010_001522,sheep,eye,eye,0.07619047909975052,0.14159291982650757,0.17391304671764374,0.007367716170847416,0.008880615234375,0.0,0.00010889768600463867
rotation_consistent,test_unseen,1153,val:2010_001522:part_102,2010_001522,sheep,torso,torso,0.7228044867515564,0.8391021490097046,0.18660105764865875,0.7116543650627136,1.0,1.0,1.0
rotation_consistent,test_unseen,1154,val:2010_001522:part_103,2010_001522,sheep,neck,neck,0.5399698615074158,0.7012732625007629,0.1795332133769989,0.07769591361284256,1.0,1.0,1.0
rotation_consistent,test_unseen,1155,val:2010_001522:part_105,2010_001522,sheep,ear,ear,0.5214285850524902,0.68544602394104,0.39304813742637634,0.04437374323606491,0.006877899169921875,0.0,6.920099258422852e-05
rotation_consistent,test_unseen,1156,val:2010_001522:part_106,2010_001522,sheep,muzzle,muzzle,0.5900151133537292,0.7421503067016602,0.009077155962586403,0.06530475616455078,1.0,0.99951171875,1.0
rotation_consistent,test_unseen,1157,val:2010_001553:part_82,2010_001553,motorbike,headlight,headlight,0.0,0.0,0.0,0.5178830623626709,0.99951171875,0.493896484375,0.99609375
rotation_consistent,test_unseen,1158,val:2010_001557:part_102,2010_001557,sheep,torso,torso,0.4784836173057556,0.6472626328468323,0.13388976454734802,0.4429376721382141,1.0,1.0,1.0
rotation_consistent,test_unseen,1159,val:2010_001557:part_105,2010_001557,sheep,ear,ear,0.024193547666072845,0.04724409431219101,0.044247787445783615,0.004266341682523489,0.006877899169921875,0.0,6.920099258422852e-05
rotation_consistent,test_unseen,1160,val:2010_001563:part_61,2010_001563,dog,head,head,0.14615385234355927,0.25503355264663696,0.6141732335090637,0.05140186846256256,1.0,1.0,1.0
rotation_consistent,test_unseen,1161,val:2010_001563:part_63,2010_001563,dog,torso,torso,0.14730291068553925,0.2567811906337738,0.4985835552215576,0.4672897160053253,1.0,1.0,1.0
rotation_consistent,test_unseen,1162,val:2010_001563:part_64,2010_001563,dog,neck,neck,0.0,0.0,0.0,0.02570093423128128,1.0,1.0,1.0
rotation_consistent,test_unseen,1163,val:2010_001563:part_65,2010_001563,dog,leg,leg,0.07551487535238266,0.14042553305625916,0.6887871623039246,0.07710280269384384,1.0,1.0,1.0
rotation_consistent,test_unseen,1164,val:2010_001563:part_67,2010_001563,dog,paw,paw,0.0,0.0,0.0,0.004672897048294544,1.0,0.99951171875,1.0
rotation_consistent,test_unseen,1165,val:2010_001563:part_68,2010_001563,dog,ear,ear,0.0,0.0,0.0,0.018691588193178177,0.006877899169921875,0.0,6.920099258422852e-05
rotation_consistent,test_unseen,1166,val:2010_001563:part_69,2010_001563,dog,muzzle,muzzle,0.0796460211277008,0.14754098653793335,0.5840708017349243,0.02102803811430931,1.0,0.99951171875,1.0
rotation_consistent,test_unseen,1167,val:2010_001577:part_100,2010_001577,sheep,head,head,0.35728582739830017,0.5264710187911987,0.05599500238895416,0.15884621441364288,1.0,1.0,1.0
rotation_consistent,test_unseen,1168,val:2010_001577:part_101,2010_001577,sheep,eye,eye,0.10218977928161621,0.18543046712875366,0.0,0.0035352723207324743,0.008880615234375,0.0,0.00010889768600463867
rotation_consistent,test_unseen,1169,val:2010_001577:part_102,2010_001577,sheep,torso,torso,0.5474107265472412,0.7075182795524597,0.08144252747297287,0.3319942057132721,1.0,1.0,1.0
rotation_consistent,test_unseen,1170,val:2010_001577:part_105,2010_001577,sheep,ear,ear,0.3116210103034973,0.47516930103302,0.1773211508989334,0.03679897263646126,0.006877899169921875,0.0,6.920099258422852e-05
rotation_consistent,test_unseen,1171,val:2010_001577:part_106,2010_001577,sheep,muzzle,muzzle,0.35065338015556335,0.5192351937294006,0.12009956687688828,0.09055118262767792,1.0,0.99951171875,1.0
rotation_consistent,test_unseen,1172,val:2010_001767:part_32,2010_001767,car,wheel,wheel,0.0,0.0,1.0,0.14799588918685913,1.0,0.9990234375,1.0
rotation_consistent,test_unseen,1173,val:2010_001767:part_35,2010_001767,car,side,side,0.14003044366836548,0.24566088616847992,0.349683552980423,0.2404933124780655,1.0,1.0,1.0
rotation_consistent,test_unseen,1174,val:2010_001767:part_38,2010_001767,car,mirror,mirror,0.0,0.0,0.0,0.011305241845548153,0.013275146484375,0.0,0.00027370452880859375
rotation_consistent,test_unseen,1175,val:2010_001767:part_40,2010_001767,car,door,door,0.0,0.0,0.41129031777381897,0.3309352397918701,1.0,0.9990234375,1.0
rotation_consistent,test_unseen,1176,val:2010_001767:part_41,2010_001767,car,window,window,0.0,0.0,0.0,0.2281603217124939,1.0,0.935546875,1.0
rotation_consistent,test_unseen,1177,val:2010_001768:part_61,2010_001768,dog,head,head,0.0,0.0,0.0,0.041871920228004456,1.0,1.0,1.0
rotation_consistent,test_unseen,1178,val:2010_001768:part_63,2010_001768,dog,torso,torso,0.0,0.0,0.0,0.11822660267353058,1.0,1.0,1.0
rotation_consistent,test_unseen,1179,val:2010_001768:part_64,2010_001768,dog,neck,neck,0.0,0.0,0.0,0.009852216579020023,1.0,1.0,1.0
rotation_consistent,test_unseen,1180,val:2010_001768:part_65,2010_001768,dog,leg,leg,0.0,0.0,0.0,0.0911330059170723,1.0,1.0,1.0
rotation_consistent,test_unseen,1181,val:2010_001768:part_66,2010_001768,dog,nose,nose,0.0,0.0,0.0,0.002463054144755006,1.0,0.9814453125,1.0
rotation_consistent,test_unseen,1182,val:2010_001768:part_67,2010_001768,dog,paw,paw,0.0,0.0,0.0,0.007389162667095661,1.0,0.99951171875,1.0
rotation_consistent,test_unseen,1183,val:2010_001768:part_69,2010_001768,dog,muzzle,muzzle,0.0,0.0,0.0,0.009852216579020023,1.0,0.99951171875,1.0
rotation_consistent,test_unseen,1184,val:2010_001820:part_12,2010_001820,bird,tail,tail,0.18539325892925262,0.3127962052822113,0.0,0.4074999988079071,1.0,0.89892578125,1.0
rotation_consistent,test_unseen,1185,val:2010_001820:part_13,2010_001820,bird,head,head,0.016129031777381897,0.0317460335791111,0.49438202381134033,0.027499999850988388,1.0,1.0,1.0
rotation_consistent,test_unseen,1186,val:2010_001820:part_16,2010_001820,bird,torso,torso,0.3037974536418915,0.4660194218158722,0.5694915056228638,0.550000011920929,1.0,1.0,1.0
rotation_consistent,test_unseen,1187,val:2010_001908:part_60,2010_001908,dog,tail,tail,0.22592592239379883,0.36858007311820984,0.4821428656578064,0.03125,1.0,0.89892578125,1.0
rotation_consistent,test_unseen,1188,val:2010_001908:part_61,2010_001908,dog,head,head,0.45344388484954834,0.6239578723907471,0.010914051905274391,0.1558665633201599,1.0,1.0,1.0
rotation_consistent,test_unseen,1189,val:2010_001908:part_62,2010_001908,dog,eye,eye,0.021276595070958138,0.0416666679084301,0.0,0.007285275962203741,0.008880615234375,0.0,0.00010889768600463867
rotation_consistent,test_unseen,1190,val:2010_001908:part_63,2010_001908,dog,torso,torso,0.6944673657417297,0.819688081741333,0.10248307138681412,0.36215490102767944,1.0,1.0,1.0
rotation_consistent,test_unseen,1191,val:2010_001908:part_65,2010_001908,dog,leg,leg,0.3333333432674408,0.5,0.5327675342559814,0.2060966193675995,1.0,1.0,1.0
rotation_consistent,test_unseen,1192,val:2010_001908:part_66,2010_001908,dog,nose,nose,0.26035502552986145,0.4131455421447754,0.0,0.010352760553359985,1.0,0.9814453125,1.0
rotation_consistent,test_unseen,1193,val:2010_001908:part_67,2010_001908,dog,paw,paw,0.32009345293045044,0.484955757856369,0.55460125207901,0.060391105711460114,1.0,0.99951171875,1.0
rotation_consistent,test_unseen,1194,val:2010_001908:part_68,2010_001908,dog,ear,ear,0.38619402050971985,0.55720055103302,0.04182509332895279,0.0920245423913002,0.006877899169921875,0.0,6.920099258422852e-05
rotation_consistent,test_unseen,1195,val:2010_001908:part_69,2010_001908,dog,muzzle,muzzle,0.5301794409751892,0.6929637789726257,0.0,0.062308281660079956,1.0,0.99951171875,1.0
rotation_consistent,test_unseen,1196,val:2010_001956:part_61,2010_001956,dog,head,head,0.46916666626930237,0.6386840343475342,0.008435677736997604,0.26145386695861816,1.0,1.0,1.0
rotation_consistent,test_unseen,1197,val:2010_001956:part_62,2010_001956,dog,eye,eye,0.3452380895614624,0.5132743120193481,0.0,0.00922419037669897,0.008880615234375,0.0,0.00010889768600463867
rotation_consistent,test_unseen,1198,val:2010_001956:part_63,2010_001956,dog,torso,torso,0.4653981328010559,0.6351831555366516,0.04828326031565666,0.27794745564460754,1.0,1.0,1.0
rotation_consistent,test_unseen,1199,val:2010_001956:part_65,2010_001956,dog,leg,leg,0.19630642235279083,0.3281875252723694,0.010266940109431744,0.017593158408999443,1.0,1.0,1.0
rotation_consistent,test_unseen,1200,val:2010_001956:part_66,2010_001956,dog,nose,nose,0.3861788511276245,0.5571847558021545,0.0,0.010751374065876007,1.0,0.9814453125,1.0
rotation_consistent,test_unseen,1201,val:2010_001956:part_67,2010_001956,dog,paw,paw,0.8520814776420593,0.9201338887214661,0.044466402381658554,0.06591325253248215,1.0,0.99951171875,1.0
rotation_consistent,test_unseen,1202,val:2010_001956:part_68,2010_001956,dog,ear,ear,0.14704158902168274,0.25638407468795776,0.0,0.10366524010896683,0.006877899169921875,0.0,6.920099258422852e-05
rotation_consistent,test_unseen,1203,val:2010_001956:part_69,2010_001956,dog,muzzle,muzzle,0.2521902322769165,0.402798593044281,0.0,0.18448381125926971,1.0,0.99951171875,1.0
rotation_consistent,test_unseen,1204,val:2010_001966:part_32,2010_001966,car,wheel,wheel,0.0,0.0,0.0,0.06167401000857353,1.0,0.9990234375,1.0
rotation_consistent,test_unseen,1205,val:2010_001966:part_36,2010_001966,car,back,back,0.48571428656578064,0.6538461446762085,0.1492537260055542,0.5550661087036133,1.0,1.0,1.0
rotation_consistent,test_unseen,1206,val:2010_001966:part_41,2010_001966,car,window,window,0.0,0.0,0.0,0.11013215780258179,1.0,0.935546875,1.0
rotation_consistent,test_unseen,1207,val:2010_001995:part_13,2010_001995,bird,head,head,0.4061245620250702,0.5776509046554565,0.094922736287117,0.42139092087745667,1.0,1.0,1.0
rotation_consistent,test_unseen,1208,val:2010_001995:part_14,2010_001995,bird,eye,eye,0.254612535238266,0.4058823585510254,0.0,0.009893840178847313,0.008880615234375,0.0,0.00010889768600463867
rotation_consistent,test_unseen,1209,val:2010_001995:part_15,2010_001995,bird,beak,beak,0.2186046540737152,0.35877862572669983,0.0,0.02968151867389679,0.9921875,0.01049041748046875,0.9130859375
rotation_consistent,test_unseen,1210,val:2010_001995:part_16,2010_001995,bird,torso,torso,0.6153334975242615,0.7618655562400818,0.0586373470723629,0.5373727083206177,1.0,1.0,1.0
rotation_consistent,test_unseen,1211,val:2010_002106:part_100,2010_002106,sheep,head,head,0.34386953711509705,0.5117602944374084,0.04043738543987274,0.11714944988489151,1.0,1.0,1.0
rotation_consistent,test_unseen,1212,val:2010_002106:part_101,2010_002106,sheep,eye,eye,0.20967741310596466,0.3466666638851166,0.0,0.002114842412993312,0.008880615234375,0.0,0.00010889768600463867
rotation_consistent,test_unseen,1213,val:2010_002106:part_102,2010_002106,sheep,torso,torso,0.4442179203033447,0.6151674389839172,0.13051098585128784,0.3418354392051697,1.0,1.0,1.0
rotation_consistent,test_unseen,1214,val:2010_002106:part_105,2010_002106,sheep,ear,ear,0.3547758162021637,0.5237410068511963,0.006686478387564421,0.0473596528172493,0.006877899169921875,0.0,6.920099258422852e-05
rotation_consistent,test_unseen,1215,val:2010_002106:part_106,2010_002106,sheep,muzzle,muzzle,0.3707725703716278,0.5409687757492065,0.04272043704986572,0.09561651200056076,1.0,0.99951171875,1.0
rotation_consistent,test_unseen,1216,val:2010_002142:part_11,2010_002142,bird,wing,wing,0.5936436057090759,0.7450142502784729,0.09685534238815308,0.5234206914901733,0.99853515625,0.00031757354736328125,0.962890625
rotation_consistent,test_unseen,1217,val:2010_002142:part_13,2010_002142,bird,head,head,0.40882351994514465,0.5803757905960083,0.21556885540485382,0.062311988323926926,1.0,1.0,1.0
rotation_consistent,test_unseen,1218,val:2010_002142:part_14,2010_002142,bird,eye,eye,0.0,0.0,0.0,0.0025784270837903023,0.008880615234375,0.0,0.00010889768600463867
rotation_consistent,test_unseen,1219,val:2010_002142:part_15,2010_002142,bird,beak,beak,0.0,0.0,1.0,0.005586592014878988,0.9921875,0.01049041748046875,0.9130859375
rotation_consistent,test_unseen,1220,val:2010_002142:part_16,2010_002142,bird,torso,torso,0.42795565724372864,0.599396288394928,0.06850235164165497,0.3566824197769165,1.0,1.0,1.0
rotation_consistent,test_unseen,1221,val:2010_002142:part_18,2010_002142,bird,leg,leg,0.0,0.0,0.07413945347070694,0.020627416670322418,1.0,1.0,1.0
rotation_consistent,test_unseen,1222,val:2010_002228:part_61,2010_002228,dog,head,head,0.521909773349762,0.6858616471290588,0.09189366549253464,0.12624715268611908,1.0,1.0,1.0
rotation_consistent,test_unseen,1223,val:2010_002228:part_62,2010_002228,dog,eye,eye,0.171875,0.2933333218097687,0.0,0.004556524567306042,0.008880615234375,0.0,0.00010889768600463867
rotation_consistent,test_unseen,1224,val:2010_002228:part_63,2010_002228,dog,torso,torso,0.7453651428222656,0.8541079759597778,0.08405797183513641,0.5797784328460693,1.0,1.0,1.0
rotation_consistent,test_unseen,1225,val:2010_002228:part_65,2010_002228,dog,leg,leg,0.504888653755188,0.6709980368614197,0.13710129261016846,0.15452903509140015,1.0,1.0,1.0
rotation_consistent,test_unseen,1226,val:2010_002228:part_66,2010_002228,dog,nose,nose,0.0,0.0,0.0,0.0043208422139286995,1.0,0.9814453125,1.0
rotation_consistent,test_unseen,1227,val:2010_002228:part_67,2010_002228,dog,paw,paw,0.5364583134651184,0.698305070400238,0.2898172438144684,0.055699583142995834,1.0,0.99951171875,1.0
rotation_consistent,test_unseen,1228,val:2010_002228:part_68,2010_002228,dog,ear,ear,0.7183462381362915,0.8360902070999146,0.0,0.028438998386263847,0.006877899169921875,0.0,6.920099258422852e-05
rotation_consistent,test_unseen,1229,val:2010_002228:part_69,2010_002228,dog,muzzle,muzzle,0.3877207636833191,0.5587878823280334,0.08185654133558273,0.0365307554602623,1.0,0.99951171875,1.0
rotation_consistent,test_unseen,1230,val:2010_002232:part_99,2010_002232,sheep,tail,tail,0.060677699744701385,0.1144130751490593,0.1487758904695511,0.04993845522403717,1.0,0.89892578125,1.0
rotation_consistent,test_unseen,1231,val:2010_002232:part_100,2010_002232,sheep,head,head,0.0,0.0,0.4736842215061188,0.0015825567534193397,1.0,1.0,1.0
rotation_consistent,test_unseen,1232,val:2010_002232:part_102,2010_002232,sheep,torso,torso,0.694656491279602,0.8198198080062866,0.09574206173419952,0.5347283482551575,1.0,1.0,1.0
rotation_consistent,test_unseen,1233,val:2010_002271:part_79,2010_002271,motorbike,wheel,wheel,0.6529743075370789,0.7900598645210266,0.03748994320631027,0.4329283535480499,1.0,0.9990234375,1.0
rotation_consistent,test_unseen,1234,val:2010_002361:part_32,2010_002361,car,wheel,wheel,0.4988584518432617,0.6656512022018433,0.14175257086753845,0.027132174000144005,1.0,0.9990234375,1.0
rotation_consistent,test_unseen,1235,val:2010_002361:part_33,2010_002361,car,headlight,headlight,0.3734309673309326,0.5437928438186646,0.021786492317914963,0.019957559183239937,0.99951171875,0.493896484375,0.99609375
rotation_consistent,test_unseen,1236,val:2010_002361:part_34,2010_002361,car,front,front,0.6204125285148621,0.7657463550567627,0.03949730843305588,0.45149555802345276,1.0,1.0,1.0
rotation_consistent,test_unseen,1237,val:2010_002361:part_35,2010_002361,car,side,side,0.3037899136543274,0.46601054072380066,0.056760724633932114,0.13171988725662231,1.0,1.0,1.0
rotation_consistent,test_unseen,1238,val:2010_002361:part_37,2010_002361,car,roof,roof,0.005281225312501192,0.010506960563361645,0.02824384719133377,0.011671382002532482,1.0,0.9345703125,1.0
rotation_consistent,test_unseen,1239,val:2010_002361:part_40,2010_002361,car,door,door,0.0,0.0,0.0,0.03400363773107529,1.0,0.9990234375,1.0
rotation_consistent,test_unseen,1240,val:2010_002361:part_41,2010_002361,car,window,window,0.6330434679985046,0.7752928733825684,0.013347022235393524,0.045675020664930344,1.0,0.935546875,1.0
rotation_consistent,test_unseen,1241,val:2010_002396:part_79,2010_002396,motorbike,wheel,wheel,0.46500346064567566,0.634815514087677,0.15246015787124634,0.2147199958562851,1.0,0.9990234375,1.0
rotation_consistent,test_unseen,1242,val:2010_002396:part_82,2010_002396,motorbike,headlight,headlight,0.0,0.0,0.0,0.04447999969124794,0.99951171875,0.493896484375,0.99609375
rotation_consistent,test_unseen,1243,val:2010_002450:part_11,2010_002450,bird,wing,wing,0.25401929020881653,0.40512821078300476,0.2450331151485443,0.24444444477558136,0.99853515625,0.00031757354736328125,0.962890625
rotation_consistent,test_unseen,1244,val:2010_002450:part_12,2010_002450,bird,tail,tail,0.033557046204805374,0.06493506580591202,0.18560606241226196,0.12222222238779068,1.0,0.89892578125,1.0
rotation_consistent,test_unseen,1245,val:2010_002450:part_13,2010_002450,bird,head,head,0.24782608449459076,0.39721253514289856,0.2869565188884735,0.15833333134651184,1.0,1.0,1.0
rotation_consistent,test_unseen,1246,val:2010_002450:part_15,2010_002450,bird,beak,beak,0.0,0.0,0.0,0.008333333767950535,0.9921875,0.01049041748046875,0.9130859375
rotation_consistent,test_unseen,1247,val:2010_002450:part_16,2010_002450,bird,torso,torso,0.40390878915786743,0.575406014919281,0.19343066215515137,0.43611112236976624,1.0,1.0,1.0
rotation_consistent,test_unseen,1248,val:2010_002480:part_61,2010_002480,dog,head,head,0.3797804117202759,0.5504940152168274,0.026622172445058823,0.21911850571632385,1.0,1.0,1.0
rotation_consistent,test_unseen,1249,val:2010_002480:part_62,2010_002480,dog,eye,eye,0.4191780686378479,0.5907335877418518,0.02684563770890236,0.009199632331728935,0.008880615234375,0.0,0.00010889768600463867
rotation_consistent,test_unseen,1250,val:2010_002480:part_63,2010_002480,dog,torso,torso,0.5691871643066406,0.7254548072814941,0.03614846616983414,0.25955507159233093,1.0,1.0,1.0
rotation_consistent,test_unseen,1251,val:2010_002480:part_64,2010_002480,dog,neck,neck,0.4256150722503662,0.5970968008041382,0.0062283738516271114,0.1559755802154541,1.0,1.0,1.0
rotation_consistent,test_unseen,1252,val:2010_002480:part_66,2010_002480,dog,nose,nose,0.43379366397857666,0.6050991415977478,0.0,0.034122273325920105,1.0,0.9814453125,1.0
rotation_consistent,test_unseen,1253,val:2010_002480:part_68,2010_002480,dog,ear,ear,0.7492005228996277,0.8566205501556396,0.041806019842624664,0.08509659767150879,0.006877899169921875,0.0,6.920099258422852e-05
rotation_consistent,test_unseen,1254,val:2010_002480:part_69,2010_002480,dog,muzzle,muzzle,0.6904310584068298,0.8168697953224182,0.02696456015110016,0.2335451990365982,1.0,0.99951171875,1.0
rotation_consistent,test_unseen,1255,val:2010_002546:part_35,2010_002546,car,side,side,0.0,0.0,1.0,0.004608294926583767,1.0,1.0,1.0
rotation_consistent,test_unseen,1256,val:2010_002902:part_33,2010_002902,car,headlight,headlight,0.5344444513320923,0.6965966820716858,0.0,0.05649355426430702,0.99951171875,0.493896484375,0.99609375
rotation_consistent,test_unseen,1257,val:2010_002902:part_34,2010_002902,car,front,front,0.7983884215354919,0.8878931999206543,0.015491866506636143,0.6986535787582397,1.0,1.0,1.0
rotation_consistent,test_unseen,1258,val:2010_002902:part_38,2010_002902,car,mirror,mirror,0.0,0.0,0.0,0.008691315539181232,0.013275146484375,0.0,0.00027370452880859375
rotation_consistent,test_unseen,1259,val:2010_002902:part_41,2010_002902,car,window,window,0.550000011920929,0.7096773982048035,0.001439539366401732,0.12759137153625488,1.0,0.935546875,1.0
rotation_consistent,test_unseen,1260,val:2010_002988:part_32,2010_002988,car,wheel,wheel,0.25750240683555603,0.40954580903053284,0.37103593349456787,0.05158556252717972,1.0,0.9990234375,1.0
rotation_consistent,test_unseen,1261,val:2010_002988:part_33,2010_002988,car,headlight,headlight,0.2102564126253128,0.347457617521286,0.0,0.017536168918013573,0.99951171875,0.493896484375,0.99609375
rotation_consistent,test_unseen,1262,val:2010_002988:part_34,2010_002988,car,front,front,0.689476728439331,0.8162015080451965,0.0837954431772232,0.19216717779636383,1.0,1.0,1.0
rotation_consistent,test_unseen,1263,val:2010_002988:part_35,2010_002988,car,side,side,0.5272727012634277,0.6904761791229248,0.01803998090326786,0.17901505529880524,1.0,1.0,1.0
rotation_consistent,test_unseen,1264,val:2010_002988:part_38,2010_002988,car,mirror,mirror,0.0,0.0,1.0,0.0018997516017407179,0.013275146484375,0.0,0.00027370452880859375
rotation_consistent,test_unseen,1265,val:2010_002988:part_41,2010_002988,car,window,window,0.5416210293769836,0.702664315700531,0.01956135220825672,0.1648399829864502,1.0,0.935546875,1.0
rotation_consistent,test_unseen,1266,val:2010_003060:part_61,2010_003060,dog,head,head,0.5889589190483093,0.741314172744751,0.10114045441150665,0.21287664771080017,1.0,1.0,1.0
rotation_consistent,test_unseen,1267,val:2010_003060:part_62,2010_003060,dog,eye,eye,0.5358490347862244,0.6977887153625488,0.0,0.016366789117455482,0.008880615234375,0.0,0.00010889768600463867
rotation_consistent,test_unseen,1268,val:2010_003060:part_63,2010_003060,dog,torso,torso,0.5777241587638855,0.7323513031005859,0.08262711763381958,0.31953176856040955,1.0,1.0,1.0
rotation_consistent,test_unseen,1269,val:2010_003060:part_64,2010_003060,dog,neck,neck,0.620090126991272,0.7655007839202881,0.09758280962705612,0.15163667500019073,1.0,1.0,1.0
rotation_consistent,test_unseen,1270,val:2010_003060:part_65,2010_003060,dog,leg,leg,0.33619457483291626,0.5032119750976562,0.08059701323509216,0.05722956731915474,1.0,1.0,1.0
rotation_consistent,test_unseen,1271,val:2010_003060:part_66,2010_003060,dog,nose,nose,0.37978142499923706,0.5504950284957886,0.0,0.016800347715616226,1.0,0.9814453125,1.0
rotation_consistent,test_unseen,1272,val:2010_003060:part_67,2010_003060,dog,paw,paw,0.2463592290878296,0.3953261971473694,0.20785804092884064,0.025796661153435707,1.0,0.99951171875,1.0
rotation_consistent,test_unseen,1273,val:2010_003060:part_68,2010_003060,dog,ear,ear,0.6278911828994751,0.7714166045188904,0.2494788020849228,0.10340342670679092,0.006877899169921875,0.0,6.920099258422852e-05
rotation_consistent,test_unseen,1274,val:2010_003060:part_69,2010_003060,dog,muzzle,muzzle,0.45902490615844727,0.629221498966217,0.05186722055077553,0.09592456370592117,1.0,0.99951171875,1.0
rotation_consistent,test_unseen,1275,val:2010_003123:part_35,2010_003123,car,side,side,0.025531914085149765,0.04979253187775612,0.3187294602394104,0.060141511261463165,1.0,1.0,1.0
rotation_consistent,test_unseen,1276,val:2010_003123:part_36,2010_003123,car,back,back,0.1994609236717224,0.3325842618942261,0.35041171312332153,0.2853773534297943,1.0,1.0,1.0
rotation_consistent,test_unseen,1277,val:2010_003123:part_37,2010_003123,car,roof,roof,0.04368029907345772,0.08370435982942581,0.3233923614025116,0.05896226316690445,1.0,0.9345703125,1.0
rotation_consistent,test_unseen,1278,val:2010_003123:part_38,2010_003123,car,mirror,mirror,0.0,0.0,0.0,0.003537735901772976,0.013275146484375,0.0,0.00027370452880859375
rotation_consistent,test_unseen,1279,val:2010_003123:part_41,2010_003123,car,window,window,0.08319184929132462,0.15360501408576965,0.29802513122558594,0.09551886469125748,1.0,0.935546875,1.0
rotation_consistent,test_unseen,1280,val:2010_003168:part_11,2010_003168,bird,wing,wing,0.017660044133663177,0.03470715880393982,0.06502889841794968,0.093533955514431,0.99853515625,0.00031757354736328125,0.962890625
rotation_consistent,test_unseen,1281,val:2010_003168:part_12,2010_003168,bird,tail,tail,0.1666666716337204,0.2857142984867096,0.4744744598865509,0.03538023680448532,1.0,0.89892578125,1.0
rotation_consistent,test_unseen,1282,val:2010_003168:part_13,2010_003168,bird,head,head,0.0,0.0,0.0,0.017486782744526863,1.0,1.0,1.0
rotation_consistent,test_unseen,1283,val:2010_003168:part_14,2010_003168,bird,eye,eye,0.0,0.0,0.0,0.0008133387309499085,0.008880615234375,0.0,0.00010889768600463867
rotation_consistent,test_unseen,1284,val:2010_003168:part_15,2010_003168,bird,beak,beak,0.0,0.0,0.0,0.0012200081255286932,0.9921875,0.01049041748046875,0.9130859375
rotation_consistent,test_unseen,1285,val:2010_003168:part_16,2010_003168,bird,torso,torso,0.8170859813690186,0.899336576461792,0.05872756987810135,0.6620577573776245,1.0,1.0,1.0
rotation_consistent,test_unseen,1286,val:2010_003168:part_18,2010_003168,bird,leg,leg,0.019209040328860283,0.037694014608860016,0.37515226006507874,0.03294022008776665,1.0,1.0,1.0
rotation_consistent,test_unseen,1287,val:2010_003168:part_19,2010_003168,bird,foot,foot,0.0,0.0,0.5180723071098328,0.013826758600771427,1.0,1.0,1.0
rotation_consistent,test_unseen,1288,val:2010_003187:part_61,2010_003187,dog,head,head,0.49070632457733154,0.6583541035652161,0.02273998223245144,0.33770033717155457,1.0,1.0,1.0
rotation_consistent,test_unseen,1289,val:2010_003187:part_62,2010_003187,dog,eye,eye,0.470752090215683,0.6401515007019043,0.0,0.01399135123938322,0.008880615234375,0.0,0.00010889768600463867
rotation_consistent,test_unseen,1290,val:2010_003187:part_63,2010_003187,dog,torso,torso,0.1786573976278305,0.3031540811061859,0.028057334944605827,0.07173746824264526,1.0,1.0,1.0
rotation_consistent,test_unseen,1291,val:2010_003187:part_65,2010_003187,dog,leg,leg,0.3455730080604553,0.5136443376541138,0.0742301493883133,0.09278809279203415,1.0,1.0,1.0
rotation_consistent,test_unseen,1292,val:2010_003187:part_66,2010_003187,dog,nose,nose,0.4248366057872772,0.5963302850723267,0.0,0.028682269155979156,1.0,0.9814453125,1.0
rotation_consistent,test_unseen,1293,val:2010_003187:part_67,2010_003187,dog,paw,paw,0.3770746886730194,0.5476459264755249,0.20223820209503174,0.08929025381803513,1.0,0.99951171875,1.0
rotation_consistent,test_unseen,1294,val:2010_003187:part_68,2010_003187,dog,ear,ear,0.004209720529615879,0.008384146727621555,0.0,0.16153649985790253,0.006877899169921875,0.0,6.920099258422852e-05
rotation_consistent,test_unseen,1295,val:2010_003187:part_69,2010_003187,dog,muzzle,muzzle,0.7220737338066101,0.8386095762252808,0.056367430835962296,0.1965784728527069,1.0,0.99951171875,1.0
rotation_consistent,test_unseen,1296,val:2010_003207:part_79,2010_003207,motorbike,wheel,wheel,0.3787185251712799,0.5493776202201843,0.15558601915836334,0.43696796894073486,1.0,0.9990234375,1.0
rotation_consistent,test_unseen,1297,val:2010_003207:part_82,2010_003207,motorbike,headlight,headlight,0.0,0.0,0.8222222328186035,0.045399270951747894,0.99951171875,0.493896484375,0.99609375
rotation_consistent,test_unseen,1298,val:2010_003231:part_32,2010_003231,car,wheel,wheel,0.20227272808551788,0.3364839255809784,0.35384616255760193,0.03654048219323158,1.0,0.9990234375,1.0
rotation_consistent,test_unseen,1299,val:2010_003231:part_35,2010_003231,car,side,side,0.013774104416370392,0.027173912152647972,0.10384615510702133,0.028391167521476746,1.0,1.0,1.0
rotation_consistent,test_unseen,1300,val:2010_003231:part_36,2010_003231,car,back,back,0.5660426616668701,0.7228955626487732,0.05588926747441292,0.5767613053321838,1.0,1.0,1.0
rotation_consistent,test_unseen,1301,val:2010_003231:part_37,2010_003231,car,roof,roof,0.26139816641807556,0.4144578278064728,0.03256705030798912,0.08096740394830704,1.0,0.9345703125,1.0
rotation_consistent,test_unseen,1302,val:2010_003231:part_38,2010_003231,car,mirror,mirror,0.05027933046221733,0.09574468433856964,0.47727271914482117,0.0031545741949230433,0.013275146484375,0.0,0.00027370452880859375
rotation_consistent,test_unseen,1303,val:2010_003231:part_41,2010_003231,car,window,window,0.6616289019584656,0.7963618040084839,0.0,0.26235541701316833,1.0,0.935546875,1.0
rotation_consistent,test_unseen,1304,val:2010_003276:part_32,2010_003276,car,wheel,wheel,0.7157221436500549,0.8343100547790527,0.09746193140745163,0.062338389456272125,1.0,0.9990234375,1.0
rotation_consistent,test_unseen,1305,val:2010_003276:part_33,2010_003276,car,headlight,headlight,0.45356038212776184,0.6240681409835815,0.019417475908994675,0.03682996705174446,0.99951171875,0.493896484375,0.99609375
rotation_consistent,test_unseen,1306,val:2010_003276:part_34,2010_003276,car,front,front,0.5464542508125305,0.706718921661377,0.03811117261648178,0.390663206577301,1.0,1.0,1.0
rotation_consistent,test_unseen,1307,val:2010_003276:part_35,2010_003276,car,side,side,0.3509090840816498,0.5195154547691345,0.01906071975827217,0.16360332071781158,1.0,1.0,1.0
rotation_consistent,test_unseen,1308,val:2010_003276:part_37,2010_003276,car,roof,roof,0.0,0.0,0.0,0.06702075898647308,1.0,0.9345703125,1.0
rotation_consistent,test_unseen,1309,val:2010_003276:part_38,2010_003276,car,mirror,mirror,0.0,0.0,0.0,0.008176672272384167,0.013275146484375,0.0,0.00027370452880859375
rotation_consistent,test_unseen,1310,val:2010_003276:part_40,2010_003276,car,door,door,0.0,0.0,0.0,0.08791669458150864,1.0,0.9990234375,1.0
rotation_consistent,test_unseen,1311,val:2010_003276:part_41,2010_003276,car,window,window,0.4558772146701813,0.6262577772140503,0.0,0.1763225942850113,1.0,0.935546875,1.0
rotation_consistent,test_unseen,1312,val:2010_003362:part_13,2010_003362,bird,head,head,0.5930831432342529,0.7445727586746216,0.13651877641677856,0.08622785657644272,1.0,1.0,1.0
rotation_consistent,test_unseen,1313,val:2010_003362:part_14,2010_003362,bird,eye,eye,0.3636363744735718,0.5333333611488342,0.027272727340459824,0.003473428310826421,0.008880615234375,0.0,0.00010889768600463867
rotation_consistent,test_unseen,1314,val:2010_003362:part_15,2010_003362,bird,beak,beak,0.0,0.0,0.0,0.0050364709459245205,0.9921875,0.01049041748046875,0.9130859375
rotation_consistent,test_unseen,1315,val:2010_003362:part_16,2010_003362,bird,torso,torso,0.7959594130516052,0.8863890767097473,0.12166997790336609,0.8324070572853088,1.0,1.0,1.0
rotation_consistent,test_unseen,1316,val:2010_003362:part_18,2010_003362,bird,leg,leg,0.22750000655651093,0.3706721067428589,0.1279129981994629,0.04550191015005112,1.0,1.0,1.0
rotation_consistent,test_unseen,1317,val:2010_003362:part_19,2010_003362,bird,foot,foot,0.0,0.0,0.0,0.011028135195374489,1.0,1.0,1.0
rotation_consistent,test_unseen,1318,val:2010_003418:part_11,2010_003418,bird,wing,wing,0.5720081329345703,0.7277419567108154,0.1526479721069336,0.6741200685501099,0.99853515625,0.00031757354736328125,0.962890625
rotation_consistent,test_unseen,1319,val:2010_003418:part_12,2010_003418,bird,tail,tail,0.0,0.0,0.2983425557613373,0.042236026376485825,1.0,0.89892578125,1.0
rotation_consistent,test_unseen,1320,val:2010_003418:part_13,2010_003418,bird,head,head,0.4293193817138672,0.6007326245307922,0.44324323534965515,0.036438923329114914,1.0,1.0,1.0
rotation_consistent,test_unseen,1321,val:2010_003418:part_14,2010_003418,bird,eye,eye,0.0,0.0,0.0,0.0016563147073611617,0.008880615234375,0.0,0.00010889768600463867
rotation_consistent,test_unseen,1322,val:2010_003418:part_15,2010_003418,bird,beak,beak,0.0,0.0,0.0,0.004968944005668163,0.9921875,0.01049041748046875,0.9130859375
rotation_consistent,test_unseen,1323,val:2010_003418:part_16,2010_003418,bird,torso,torso,0.2587859332561493,0.4111675024032593,0.11800219863653183,0.2244306355714798,1.0,1.0,1.0
rotation_consistent,test_unseen,1324,val:2010_003453:part_32,2010_003453,car,wheel,wheel,0.5557501316070557,0.7144465446472168,0.0963335707783699,0.07037118822336197,1.0,0.9990234375,1.0
rotation_consistent,test_unseen,1325,val:2010_003453:part_33,2010_003453,car,headlight,headlight,0.38493722677230835,0.555891215801239,0.0,0.021818382665514946,0.99951171875,0.493896484375,0.99609375
rotation_consistent,test_unseen,1326,val:2010_003453:part_34,2010_003453,car,front,front,0.6955229640007019,0.8204229474067688,0.04658619314432144,0.4225585460662842,1.0,1.0,1.0
rotation_consistent,test_unseen,1327,val:2010_003453:part_35,2010_003453,car,side,side,0.40627390146255493,0.5778019428253174,0.04500304162502289,0.1336168795824051,1.0,1.0,1.0
rotation_consistent,test_unseen,1328,val:2010_003453:part_38,2010_003453,car,mirror,mirror,0.0,0.0,0.06666667014360428,0.0011047282023355365,0.013275146484375,0.0,0.00027370452880859375
rotation_consistent,test_unseen,1329,val:2010_003453:part_40,2010_003453,car,door,door,0.0,0.0,0.0,0.0994255393743515,1.0,0.9990234375,1.0
rotation_consistent,test_unseen,1330,val:2010_003453:part_41,2010_003453,car,window,window,0.6778954267501831,0.8080306053161621,0.024062279611825943,0.13278833031654358,1.0,0.935546875,1.0
rotation_consistent,test_unseen,1331,val:2010_003473:part_11,2010_003473,bird,wing,wing,0.35900962352752686,0.5283401012420654,0.1555594503879547,0.29768824577331543,0.99853515625,0.00031757354736328125,0.962890625
rotation_consistent,test_unseen,1332,val:2010_003473:part_13,2010_003473,bird,head,head,0.6715447306632996,0.8035019636154175,0.048991356045007706,0.22928214073181152,1.0,1.0,1.0
rotation_consistent,test_unseen,1333,val:2010_003473:part_14,2010_003473,bird,eye,eye,0.02631578966975212,0.05128205195069313,0.0,0.0025686088483780622,0.008880615234375,0.0,0.00010889768600463867
rotation_consistent,test_unseen,1334,val:2010_003473:part_15,2010_003473,bird,beak,beak,0.00826446246355772,0.016393441706895828,0.052401747554540634,0.0020278492011129856,0.9921875,0.01049041748046875,0.9130859375
rotation_consistent,test_unseen,1335,val:2010_003473:part_16,2010_003473,bird,torso,torso,0.4455908536911011,0.616482675075531,0.1584884375333786,0.46180883049964905,1.0,1.0,1.0
rotation_consistent,test_unseen,1336,val:2010_003506:part_61,2010_003506,dog,head,head,0.5869017839431763,0.7396825551986694,0.008779382333159447,0.19404880702495575,1.0,1.0,1.0
rotation_consistent,test_unseen,1337,val:2010_003506:part_62,2010_003506,dog,eye,eye,0.2432432472705841,0.3913043439388275,0.0,0.011521364562213421,0.008880615234375,0.0,0.00010889768600463867
rotation_consistent,test_unseen,1338,val:2010_003506:part_63,2010_003506,dog,torso,torso,0.7405667901039124,0.8509489893913269,0.07463399320840836,0.43844687938690186,1.0,1.0,1.0
rotation_consistent,test_unseen,1339,val:2010_003506:part_65,2010_003506,dog,leg,leg,0.002770083025097847,0.005524862091988325,0.06209150329232216,0.03792070969939232,1.0,1.0,1.0
rotation_consistent,test_unseen,1340,val:2010_003506:part_66,2010_003506,dog,nose,nose,0.08762886375188828,0.1611374467611313,0.0,0.014152226969599724,1.0,0.9814453125,1.0
rotation_consistent,test_unseen,1341,val:2010_003506:part_67,2010_003506,dog,paw,paw,0.3021201491355896,0.46404340863227844,0.29491525888442993,0.040097977966070175,1.0,0.99951171875,1.0
rotation_consistent,test_unseen,1342,val:2010_003506:part_68,2010_003506,dog,ear,ear,0.0941290631890297,0.17206208407878876,0.0,0.18515831232070923,0.006877899169921875,0.0,6.920099258422852e-05
rotation_consistent,test_unseen,1343,val:2010_003506:part_69,2010_003506,dog,muzzle,muzzle,0.5407779216766357,0.7019544243812561,0.1850690096616745,0.07820012420415878,1.0,0.99951171875,1.0
rotation_consistent,test_unseen,1344,val:2010_003541:part_100,2010_003541,sheep,head,head,0.5467396378517151,0.7069575190544128,0.069188192486763,0.12649855017662048,1.0,1.0,1.0
rotation_consistent,test_unseen,1345,val:2010_003541:part_101,2010_003541,sheep,eye,eye,0.025157231837511063,0.04907975345849991,0.02158273383975029,0.002480363706126809,0.008880615234375,0.0,0.00010889768600463867
rotation_consistent,test_unseen,1346,val:2010_003541:part_102,2010_003541,sheep,torso,torso,0.6773195862770081,0.8076213598251343,0.14735731482505798,0.5610789656639099,1.0,1.0,1.0
rotation_consistent,test_unseen,1347,val:2010_003541:part_103,2010_003541,sheep,neck,neck,0.37070706486701965,0.5408990383148193,0.11299435049295425,0.06707317382097244,1.0,1.0,1.0
rotation_consistent,test_unseen,1348,val:2010_003541:part_105,2010_003541,sheep,ear,ear,0.08077994734048843,0.1494845300912857,0.2534818947315216,0.008991318754851818,0.006877899169921875,0.0,6.920099258422852e-05
rotation_consistent,test_unseen,1349,val:2010_003541:part_106,2010_003541,sheep,muzzle,muzzle,0.651131808757782,0.7887097001075745,0.030625831335783005,0.10107482224702835,1.0,0.99951171875,1.0
rotation_consistent,test_unseen,1350,val:2010_003541:part_107,2010_003541,sheep,horn,horn,0.4267480671405792,0.5982108116149902,0.23765996098518372,0.09611409902572632,0.2100830078125,6.556510925292969e-07,0.00591278076171875
rotation_consistent,test_unseen,1351,val:2010_003746:part_61,2010_003746,dog,head,head,0.7031906247138977,0.8257333040237427,0.027287505567073822,0.3689499795436859,1.0,1.0,1.0
rotation_consistent,test_unseen,1352,val:2010_003746:part_62,2010_003746,dog,eye,eye,0.539499044418335,0.7008761167526245,0.0,0.01900196447968483,0.008880615234375,0.0,0.00010889768600463867
rotation_consistent,test_unseen,1353,val:2010_003746:part_63,2010_003746,dog,torso,torso,0.5171800851821899,0.6817649602890015,0.11825726181268692,0.10095876455307007,1.0,1.0,1.0
rotation_consistent,test_unseen,1354,val:2010_003746:part_65,2010_003746,dog,leg,leg,0.6652646064758301,0.7989897131919861,0.22550979256629944,0.12995263934135437,1.0,1.0,1.0
rotation_consistent,test_unseen,1355,val:2010_003746:part_66,2010_003746,dog,nose,nose,0.6666666865348816,0.800000011920929,0.0,0.035347118973731995,1.0,0.9814453125,1.0
rotation_consistent,test_unseen,1356,val:2010_003746:part_67,2010_003746,dog,paw,paw,0.21374045312404633,0.3522012531757355,0.30714285373687744,0.012475453317165375,1.0,0.99951171875,1.0
rotation_consistent,test_unseen,1357,val:2010_003746:part_68,2010_003746,dog,ear,ear,0.7682092785835266,0.8689121603965759,0.11269906163215637,0.11233683675527573,0.006877899169921875,0.0,6.920099258422852e-05
rotation_consistent,test_unseen,1358,val:2010_003746:part_69,2010_003746,dog,muzzle,muzzle,0.6591936945915222,0.7945951819419861,0.018493283540010452,0.21196720004081726,1.0,0.99951171875,1.0
rotation_consistent,test_unseen,1359,val:2010_003768:part_32,2010_003768,car,wheel,wheel,0.20270270109176636,0.33707866072654724,0.3133561611175537,0.12623274326324463,1.0,0.9990234375,1.0
rotation_consistent,test_unseen,1360,val:2010_003768:part_35,2010_003768,car,side,side,0.49865227937698364,0.6654676198959351,0.31340205669403076,0.6883628964424133,1.0,1.0,1.0
rotation_consistent,test_unseen,1361,val:2010_003771:part_11,2010_003771,bird,wing,wing,0.43546098470687866,0.6067193746566772,0.044670846313238144,0.20123755931854248,0.99853515625,0.00031757354736328125,0.962890625
rotation_consistent,test_unseen,1362,val:2010_003771:part_13,2010_003771,bird,head,head,0.6496673822402954,0.7876344323158264,0.21800947189331055,0.0866290032863617,1.0,1.0,1.0
rotation_consistent,test_unseen,1363,val:2010_003771:part_14,2010_003771,bird,eye,eye,0.0,0.0,0.0,0.0032284099142998457,0.008880615234375,0.0,0.00010889768600463867
rotation_consistent,test_unseen,1364,val:2010_003771:part_15,2010_003771,bird,beak,beak,0.0,0.0,0.0,0.002959375735372305,0.9921875,0.01049041748046875,0.9130859375
rotation_consistent,test_unseen,1365,val:2010_003771:part_16,2010_003771,bird,torso,torso,0.6857638955116272,0.8135942220687866,0.0634540542960167,0.6685498952865601,1.0,1.0,1.0
rotation_consistent,test_unseen,1366,val:2010_003771:part_18,2010_003771,bird,leg,leg,0.07745098322629929,0.14376705884933472,0.13030602037906647,0.023136937990784645,1.0,1.0,1.0
rotation_consistent,test_unseen,1367,val:2010_003771:part_19,2010_003771,bird,foot,foot,0.0,0.0,1.0,0.010223298333585262,1.0,1.0,1.0
rotation_consistent,test_unseen,1368,val:2010_003813:part_32,2010_003813,car,wheel,wheel,0.8244613409042358,0.9037860631942749,0.016479894518852234,0.11588530242443085,1.0,0.9990234375,1.0
rotation_consistent,test_unseen,1369,val:2010_003813:part_34,2010_003813,car,front,front,0.5368477702140808,0.698634922504425,0.023117775097489357,0.2138177454471588,1.0,1.0,1.0
rotation_consistent,test_unseen,1370,val:2010_003813:part_35,2010_003813,car,side,side,0.37942829728126526,0.5501239895820618,0.018431423231959343,0.29141494631767273,1.0,1.0,1.0
rotation_consistent,test_unseen,1371,val:2010_003813:part_36,2010_003813,car,back,back,0.0013170891907066107,0.002630713628605008,0.017870167270302773,0.025440312922000885,1.0,1.0,1.0
rotation_consistent,test_unseen,1372,val:2010_003813:part_37,2010_003813,car,roof,roof,0.09623938798904419,0.1755809634923935,0.0054144104942679405,0.02637624368071556,1.0,0.9345703125,1.0
rotation_consistent,test_unseen,1373,val:2010_003813:part_38,2010_003813,car,mirror,mirror,0.0,0.0,0.0,0.00901897344738245,0.013275146484375,0.0,0.00027370452880859375
rotation_consistent,test_unseen,1374,val:2010_003813:part_39,2010_003813,car,license plate,license plate,0.0,0.0,0.0,8.507742313668132e-05,1.0,1.0,1.0
rotation_consistent,test_unseen,1375,val:2010_003813:part_40,2010_003813,car,door,door,0.018389523029327393,0.03611491248011589,0.0,0.14957882463932037,1.0,0.9990234375,1.0
rotation_consistent,test_unseen,1376,val:2010_003813:part_41,2010_003813,car,window,window,0.5965932607650757,0.7473328113555908,0.0004918838967569172,0.15400323271751404,1.0,0.935546875,1.0
rotation_consistent,test_unseen,1377,val:2010_003820:part_13,2010_003820,bird,head,head,0.2541528344154358,0.40529802441596985,0.04968944191932678,0.824999988079071,1.0,1.0,1.0
rotation_consistent,test_unseen,1378,val:2010_003820:part_15,2010_003820,bird,beak,beak,0.0,0.0,0.0,0.04583333432674408,0.9921875,0.01049041748046875,0.9130859375
rotation_consistent,test_unseen,1379,val:2010_003820:part_16,2010_003820,bird,torso,torso,0.004376367665827274,0.00871459674090147,0.035087719559669495,0.0833333358168602,1.0,1.0,1.0
rotation_consistent,test_unseen,1380,val:2010_003854:part_32,2010_003854,car,wheel,wheel,0.6342894434928894,0.7762265801429749,0.15112321078777313,0.055635955184698105,1.0,0.9990234375,1.0
rotation_consistent,test_unseen,1381,val:2010_003854:part_35,2010_003854,car,side,side,0.6558462381362915,0.7921584248542786,0.02956213988363743,0.5493380427360535,1.0,1.0,1.0
rotation_consistent,test_unseen,1382,val:2010_003854:part_36,2010_003854,car,back,back,0.3423944413661957,0.510124921798706,0.006126021035015583,0.06506940722465515,1.0,1.0,1.0
rotation_consistent,test_unseen,1383,val:2010_003854:part_37,2010_003854,car,roof,roof,0.022227710112929344,0.0434887669980526,0.0,0.03162351995706558,1.0,0.9345703125,1.0
rotation_consistent,test_unseen,1384,val:2010_003854:part_38,2010_003854,car,mirror,mirror,0.11940298229455948,0.2133333384990692,0.5698924660682678,0.0030551536474376917,0.013275146484375,0.0,0.00027370452880859375
rotation_consistent,test_unseen,1385,val:2010_003854:part_40,2010_003854,car,door,door,0.04329990968108177,0.08300568163394928,0.04364326223731041,0.09444176405668259,1.0,0.9990234375,1.0
rotation_consistent,test_unseen,1386,val:2010_003854:part_41,2010_003854,car,window,window,0.5790358781814575,0.7334043383598328,0.0,0.1886691302061081,1.0,0.935546875,1.0
rotation_consistent,test_unseen,1387,val:2010_003947:part_79,2010_003947,motorbike,wheel,wheel,0.35085007548332214,0.5194507837295532,0.376240074634552,0.4086189866065979,1.0,0.9990234375,1.0
rotation_consistent,test_unseen,1388,val:2010_003947:part_82,2010_003947,motorbike,headlight,headlight,0.0,0.0,0.0,0.014495592564344406,0.99951171875,0.493896484375,0.99609375
rotation_consistent,test_unseen,1389,val:2010_004042:part_79,2010_004042,motorbike,wheel,wheel,0.47252747416496277,0.641791045665741,0.3061084449291229,0.2638121545314789,1.0,0.9990234375,1.0
rotation_consistent,test_unseen,1390,val:2010_004042:part_82,2010_004042,motorbike,headlight,headlight,0.0,0.0,0.0,0.02845303900539875,0.99951171875,0.493896484375,0.99609375
rotation_consistent,test_unseen,1391,val:2010_004165:part_61,2010_004165,dog,head,head,0.2573789954185486,0.4093896746635437,0.24137930572032928,0.2460874319076538,1.0,1.0,1.0
rotation_consistent,test_unseen,1392,val:2010_004165:part_62,2010_004165,dog,eye,eye,0.0,0.0,0.0,0.002698326949030161,0.008880615234375,0.0,0.00010889768600463867
rotation_consistent,test_unseen,1393,val:2010_004165:part_63,2010_004165,dog,torso,torso,0.225058913230896,0.36742547154426575,0.3210272789001465,0.3383702039718628,1.0,1.0,1.0
rotation_consistent,test_unseen,1394,val:2010_004165:part_65,2010_004165,dog,leg,leg,0.12644508481025696,0.22450289130210876,0.3135838210582733,0.09444144368171692,1.0,1.0,1.0
rotation_consistent,test_unseen,1395,val:2010_004165:part_66,2010_004165,dog,nose,nose,0.0,0.0,0.0,0.011872638948261738,1.0,0.9814453125,1.0
rotation_consistent,test_unseen,1396,val:2010_004165:part_67,2010_004165,dog,paw,paw,0.041055720299482346,0.07887323945760727,0.89552241563797,0.11926605552434921,1.0,0.99951171875,1.0
rotation_consistent,test_unseen,1397,val:2010_004165:part_68,2010_004165,dog,ear,ear,0.08056872338056564,0.14912280440330505,0.27272728085517883,0.08148947358131409,0.006877899169921875,0.0,6.920099258422852e-05
rotation_consistent,test_unseen,1398,val:2010_004165:part_69,2010_004165,dog,muzzle,muzzle,0.3378378450870514,0.5050504803657532,0.16790123283863068,0.1019967645406723,1.0,0.99951171875,1.0
rotation_consistent,test_unseen,1399,val:2010_004219:part_79,2010_004219,motorbike,wheel,wheel,0.5485790371894836,0.7084934711456299,0.1709580421447754,0.28798916935920715,1.0,0.9990234375,1.0
rotation_consistent,test_unseen,1400,val:2010_004226:part_100,2010_004226,sheep,head,head,0.16562889516353607,0.28418803215026855,0.08779149502515793,0.019046742469072342,1.0,1.0,1.0
rotation_consistent,test_unseen,1401,val:2010_004226:part_101,2010_004226,sheep,eye,eye,0.0,0.0,0.0,0.00046006625052541494,0.008880615234375,0.0,0.00010889768600463867
rotation_consistent,test_unseen,1402,val:2010_004226:part_102,2010_004226,sheep,torso,torso,0.3184274137020111,0.4830412268638611,0.08103883266448975,0.2900257706642151,1.0,1.0,1.0
rotation_consistent,test_unseen,1403,val:2010_004226:part_103,2010_004226,sheep,neck,neck,0.21761657297611237,0.3574468195438385,0.006934812758117914,0.04177401587367058,1.0,1.0,1.0
rotation_consistent,test_unseen,1404,val:2010_004226:part_105,2010_004226,sheep,ear,ear,0.34574466943740845,0.5138339996337891,0.5976331233978271,0.0077291131019592285,0.006877899169921875,0.0,6.920099258422852e-05
rotation_consistent,test_unseen,1405,val:2010_004226:part_106,2010_004226,sheep,muzzle,muzzle,0.24407583475112915,0.392380952835083,0.03492063656449318,0.01932278275489807,1.0,0.99951171875,1.0
rotation_consistent,test_unseen,1406,val:2010_004337:part_34,2010_004337,car,front,front,0.0,0.0,0.0,0.5547945499420166,1.0,1.0,1.0
rotation_consistent,test_unseen,1407,val:2010_004355:part_79,2010_004355,motorbike,wheel,wheel,0.646957516670227,0.7856395840644836,0.15276272594928741,0.26976194977760315,1.0,0.9990234375,1.0
rotation_consistent,test_unseen,1408,val:2010_004355:part_82,2010_004355,motorbike,headlight,headlight,0.0,0.0,0.0,0.017445029690861702,0.99951171875,0.493896484375,0.99609375
rotation_consistent,test_unseen,1409,val:2010_004550:part_61,2010_004550,dog,head,head,0.6361643671989441,0.7776289582252502,0.05494505539536476,0.14543186128139496,1.0,1.0,1.0
rotation_consistent,test_unseen,1410,val:2010_004550:part_62,2010_004550,dog,eye,eye,0.22815534472465515,0.37154150009155273,0.06106870248913765,0.007608356885612011,0.008880615234375,0.0,0.00010889768600463867
rotation_consistent,test_unseen,1411,val:2010_004550:part_63,2010_004550,dog,torso,torso,0.6377982497215271,0.7788483500480652,0.0316695012152195,0.42768943309783936,1.0,1.0,1.0
rotation_consistent,test_unseen,1412,val:2010_004550:part_64,2010_004550,dog,neck,neck,0.5939582586288452,0.7452619671821594,0.0,0.11612098664045334,1.0,1.0,1.0
rotation_consistent,test_unseen,1413,val:2010_004550:part_65,2010_004550,dog,leg,leg,0.2893347442150116,0.44881245493888855,0.27180784940719604,0.05363268032670021,1.0,1.0,1.0
rotation_consistent,test_unseen,1414,val:2010_004550:part_66,2010_004550,dog,nose,nose,0.03396226465702057,0.0656934306025505,0.0,0.014031805098056793,1.0,0.9814453125,1.0
rotation_consistent,test_unseen,1415,val:2010_004550:part_68,2010_004550,dog,ear,ear,0.5544675588607788,0.713385820388794,0.019354838877916336,0.04053632542490959,0.006877899169921875,0.0,6.920099258422852e-05
rotation_consistent,test_unseen,1416,val:2010_004550:part_69,2010_004550,dog,muzzle,muzzle,0.550499439239502,0.710093080997467,0.025515947490930557,0.09516682475805283,1.0,0.99951171875,1.0
rotation_consistent,test_unseen,1417,val:2010_004556:part_11,2010_004556,bird,wing,wing,0.35522958636283875,0.5242353081703186,0.2628111243247986,0.4653586745262146,0.99853515625,0.00031757354736328125,0.962890625
rotation_consistent,test_unseen,1418,val:2010_004556:part_12,2010_004556,bird,tail,tail,0.0,0.0,0.220095694065094,0.050275903195142746,1.0,0.89892578125,1.0
rotation_consistent,test_unseen,1419,val:2010_004556:part_13,2010_004556,bird,head,head,0.3614457845687866,0.5309734344482422,0.5333333611488342,0.023298589512705803,1.0,1.0,1.0
rotation_consistent,test_unseen,1420,val:2010_004556:part_14,2010_004556,bird,eye,eye,0.0,0.0,0.0,0.0012262415839359164,0.008880615234375,0.0,0.00010889768600463867
rotation_consistent,test_unseen,1421,val:2010_004556:part_15,2010_004556,bird,beak,beak,0.0,0.0,0.0,0.010423053056001663,0.9921875,0.01049041748046875,0.9130859375
rotation_consistent,test_unseen,1422,val:2010_004556:part_16,2010_004556,bird,torso,torso,0.29482072591781616,0.45538461208343506,0.1696847826242447,0.2814224362373352,1.0,1.0,1.0
rotation_consistent,test_unseen,1423,val:2010_004556:part_17,2010_004556,bird,neck,neck,0.19130434095859528,0.32116788625717163,0.4224422574043274,0.06621704250574112,1.0,1.0,1.0
rotation_consistent,test_unseen,1424,val:2010_004556:part_18,2010_004556,bird,leg,leg,0.050796814262866974,0.09668246656656265,0.32919254899024963,0.05456775054335594,1.0,1.0,1.0
rotation_consistent,test_unseen,1425,val:2010_004559:part_12,2010_004559,bird,tail,tail,0.7611510753631592,0.8643791079521179,0.12106136232614517,0.14345113933086395,1.0,0.89892578125,1.0
rotation_consistent,test_unseen,1426,val:2010_004559:part_13,2010_004559,bird,head,head,0.26116374135017395,0.41416308283805847,0.15448851883411407,0.052321553230285645,1.0,1.0,1.0
rotation_consistent,test_unseen,1427,val:2010_004559:part_14,2010_004559,bird,eye,eye,0.0,0.0,0.0,0.0015015015378594398,0.008880615234375,0.0,0.00010889768600463867
rotation_consistent,test_unseen,1428,val:2010_004559:part_15,2010_004559,bird,beak,beak,0.0,0.0,1.0,0.0005775005556643009,0.9921875,0.01049041748046875,0.9130859375
rotation_consistent,test_unseen,1429,val:2010_004559:part_16,2010_004559,bird,torso,torso,0.921194851398468,0.9589811563491821,0.04192643240094185,0.7372372150421143,1.0,1.0,1.0
rotation_consistent,test_unseen,1430,val:2010_004559:part_17,2010_004559,bird,neck,neck,0.26363635063171387,0.41726619005203247,0.06956521421670914,0.03268653154373169,1.0,1.0,1.0
rotation_consistent,test_unseen,1431,val:2010_004559:part_18,2010_004559,bird,leg,leg,0.0486944243311882,0.09286675602197647,0.15457876026630402,0.013975514099001884,1.0,1.0,1.0
rotation_consistent,test_unseen,1432,val:2010_004559:part_19,2010_004559,bird,foot,foot,0.0,0.0,0.0,0.017902517691254616,1.0,1.0,1.0
rotation_consistent,test_unseen,1433,val:2010_004628:part_60,2010_004628,dog,tail,tail,0.3580246865749359,0.5272727012634277,0.4051724076271057,0.06303030252456665,1.0,0.89892578125,1.0
rotation_consistent,test_unseen,1434,val:2010_004628:part_61,2010_004628,dog,head,head,0.0,0.0,0.041322313249111176,0.046666666865348816,1.0,1.0,1.0
rotation_consistent,test_unseen,1435,val:2010_004628:part_63,2010_004628,dog,torso,torso,0.641239583492279,0.7814088463783264,0.1392722725868225,0.35151514410972595,1.0,1.0,1.0
rotation_consistent,test_unseen,1436,val:2010_004628:part_64,2010_004628,dog,neck,neck,0.12556053698062897,0.22310757637023926,0.25112107396125793,0.016969697549939156,1.0,1.0,1.0
rotation_consistent,test_unseen,1437,val:2010_004628:part_65,2010_004628,dog,leg,leg,0.366782009601593,0.5367088317871094,0.42692306637763977,0.16363635659217834,1.0,1.0,1.0
rotation_consistent,test_unseen,1438,val:2010_004628:part_66,2010_004628,dog,nose,nose,0.0,0.0,0.0,0.000606060610152781,1.0,0.9814453125,1.0
rotation_consistent,test_unseen,1439,val:2010_004628:part_68,2010_004628,dog,ear,ear,0.0,0.0,0.0,0.010909090749919415,0.006877899169921875,0.0,6.920099258422852e-05
rotation_consistent,test_unseen,1440,val:2010_004628:part_69,2010_004628,dog,muzzle,muzzle,0.0,0.0,0.03921568766236305,0.009696969762444496,1.0,0.99951171875,1.0
rotation_consistent,test_unseen,1441,val:2010_004697:part_79,2010_004697,motorbike,wheel,wheel,0.3196428716182709,0.484438419342041,0.2976117432117462,0.21996232867240906,1.0,0.9990234375,1.0
rotation_consistent,test_unseen,1442,val:2010_004795:part_60,2010_004795,dog,tail,tail,0.033707864582538605,0.06521739065647125,0.6404494643211365,0.004691164940595627,1.0,0.89892578125,1.0
rotation_consistent,test_unseen,1443,val:2010_004795:part_61,2010_004795,dog,head,head,0.4806201457977295,0.6492146849632263,0.175298810005188,0.1024237722158432,1.0,1.0,1.0
rotation_consistent,test_unseen,1444,val:2010_004795:part_62,2010_004795,dog,eye,eye,0.11538461595773697,0.2068965584039688,0.2800000011920929,0.0031274433713406324,0.008880615234375,0.0,0.00010889768600463867
rotation_consistent,test_unseen,1445,val:2010_004795:part_63,2010_004795,dog,torso,torso,0.6807851195335388,0.8100798726081848,0.1445147693157196,0.5308834910392761,1.0,1.0,1.0
rotation_consistent,test_unseen,1446,val:2010_004795:part_64,2010_004795,dog,neck,neck,0.1139240488409996,0.20454545319080353,0.08396946638822556,0.03518373891711235,1.0,1.0,1.0
rotation_consistent,test_unseen,1447,val:2010_004795:part_65,2010_004795,dog,leg,leg,0.2639109790325165,0.4176100492477417,0.3639455735683441,0.16184519231319427,1.0,1.0,1.0
rotation_consistent,test_unseen,1448,val:2010_004795:part_66,2010_004795,dog,nose,nose,0.0,0.0,1.0,0.00703674741089344,1.0,0.9814453125,1.0
rotation_consistent,test_unseen,1449,val:2010_004795:part_67,2010_004795,dog,paw,paw,0.3515625,0.5202311873435974,0.24793387949466705,0.040656764060258865,1.0,0.99951171875,1.0
rotation_consistent,test_unseen,1450,val:2010_004795:part_68,2010_004795,dog,ear,ear,0.12857143580913544,0.2278480976819992,0.7749999761581421,0.06098514422774315,0.006877899169921875,0.0,6.920099258422852e-05
rotation_consistent,test_unseen,1451,val:2010_004795:part_69,2010_004795,dog,muzzle,muzzle,0.2171945720911026,0.35687732696533203,0.25339367985725403,0.037529319524765015,1.0,0.99951171875,1.0
rotation_consistent,test_unseen,1452,val:2010_004941:part_79,2010_004941,motorbike,wheel,wheel,0.5781307816505432,0.7326778769493103,0.0314917117357254,0.2814679443836212,1.0,0.9990234375,1.0
rotation_consistent,test_unseen,1453,val:2010_004941:part_82,2010_004941,motorbike,headlight,headlight,0.0,0.0,0.0,0.040585342794656754,0.99951171875,0.493896484375,0.99609375
rotation_consistent,test_unseen,1454,val:2010_004946:part_32,2010_004946,car,wheel,wheel,0.6622983813285828,0.7968465685844421,0.22821101546287537,0.0686577707529068,1.0,0.9990234375,1.0
rotation_consistent,test_unseen,1455,val:2010_004946:part_36,2010_004946,car,back,back,0.5990326404571533,0.7492437958717346,0.08749179542064667,0.6469029188156128,1.0,1.0,1.0
rotation_consistent,test_unseen,1456,val:2010_004946:part_41,2010_004946,car,window,window,0.7808706164360046,0.8769537806510925,0.0,0.2725987434387207,1.0,0.935546875,1.0
rotation_consistent,test_unseen,1457,val:2010_004994:part_12,2010_004994,bird,tail,tail,0.0,0.0,0.0,0.004621769301593304,1.0,0.89892578125,1.0
rotation_consistent,test_unseen,1458,val:2010_004994:part_13,2010_004994,bird,head,head,0.30665072798728943,0.4693690836429596,0.12984418869018555,0.07338237762451172,1.0,1.0,1.0
rotation_consistent,test_unseen,1459,val:2010_004994:part_14,2010_004994,bird,eye,eye,0.0,0.0,0.0,0.0016977929044514894,0.008880615234375,0.0,0.00010889768600463867
rotation_consistent,test_unseen,1460,val:2010_004994:part_15,2010_004994,bird,beak,beak,0.0,0.0,0.0,0.0030182984191924334,0.9921875,0.01049041748046875,0.9130859375
rotation_consistent,test_unseen,1461,val:2010_004994:part_16,2010_004994,bird,torso,torso,0.24903707206249237,0.39876651763916016,0.0910240188241005,0.2326919436454773,1.0,1.0,1.0
rotation_consistent,test_unseen,1462,val:2010_004994:part_18,2010_004994,bird,leg,leg,0.0,0.0,0.07109448313713074,0.001980758272111416,1.0,1.0,1.0
rotation_consistent,test_unseen,1463,val:2010_004994:part_19,2010_004994,bird,foot,foot,0.0,0.0,0.0,0.005753631237894297,1.0,1.0,1.0
rotation_consistent,test_unseen,1464,val:2010_005013:part_32,2010_005013,car,wheel,wheel,0.16032609343528748,0.2763465940952301,0.008875739760696888,0.06412103772163391,1.0,0.9990234375,1.0
rotation_consistent,test_unseen,1465,val:2010_005013:part_34,2010_005013,car,front,front,0.02301255241036415,0.044989775866270065,0.16732542216777802,0.1577809751033783,1.0,1.0,1.0
rotation_consistent,test_unseen,1466,val:2010_005013:part_35,2010_005013,car,side,side,0.33564493060112,0.5025960803031921,0.14571428298950195,0.37896254658699036,1.0,1.0,1.0
rotation_consistent,test_unseen,1467,val:2010_005013:part_36,2010_005013,car,back,back,0.06064356490969658,0.11435239017009735,0.16458852589130402,0.03962536156177521,1.0,1.0,1.0
rotation_consistent,test_unseen,1468,val:2010_005013:part_37,2010_005013,car,roof,roof,0.21554116904735565,0.3546423017978668,0.2469935268163681,0.16786743700504303,1.0,0.9345703125,1.0
rotation_consistent,test_unseen,1469,val:2010_005013:part_38,2010_005013,car,mirror,mirror,0.0,0.0,0.0,0.0036023054271936417,0.013275146484375,0.0,0.00027370452880859375
rotation_consistent,test_unseen,1470,val:2010_005013:part_41,2010_005013,car,window,window,0.28029197454452515,0.4378563165664673,0.04451510310173035,0.1786743551492691,1.0,0.935546875,1.0
rotation_consistent,test_unseen,1471,val:2010_005159:part_61,2010_005159,dog,head,head,0.5789437890052795,0.733330488204956,0.024277854710817337,0.3241886794567108,1.0,1.0,1.0
rotation_consistent,test_unseen,1472,val:2010_005159:part_62,2010_005159,dog,eye,eye,0.453125,0.6236559152603149,0.0,0.01100330799818039,0.008880615234375,0.0,0.00010889768600463867
rotation_consistent,test_unseen,1473,val:2010_005159:part_63,2010_005159,dog,torso,torso,0.4363517165184021,0.6075833439826965,0.056198813021183014,0.17471469938755035,1.0,1.0,1.0
rotation_consistent,test_unseen,1474,val:2010_005159:part_64,2010_005159,dog,neck,neck,0.6919201016426086,0.8179110884666443,0.0,0.1557191163301468,1.0,1.0,1.0
rotation_consistent,test_unseen,1475,val:2010_005159:part_65,2010_005159,dog,leg,leg,0.4799005389213562,0.6485578417778015,0.21781115233898163,0.06345488876104355,1.0,1.0,1.0
rotation_consistent,test_unseen,1476,val:2010_005159:part_66,2010_005159,dog,nose,nose,0.41273099184036255,0.5843023061752319,0.0,0.016021709889173508,1.0,0.9814453125,1.0
rotation_consistent,test_unseen,1477,val:2010_005159:part_68,2010_005159,dog,ear,ear,0.34069493412971497,0.5082363486289978,0.0,0.09928999096155167,0.006877899169921875,0.0,6.920099258422852e-05
rotation_consistent,test_unseen,1478,val:2010_005159:part_69,2010_005159,dog,muzzle,muzzle,0.6427331566810608,0.7825168371200562,0.0850694477558136,0.1514441817998886,1.0,0.99951171875,1.0
rotation_consistent,test_unseen,1479,val:2010_005206:part_61,2010_005206,dog,head,head,0.3155858516693115,0.4797647297382355,0.09510567039251328,0.12179308384656906,1.0,1.0,1.0
rotation_consistent,test_unseen,1480,val:2010_005206:part_62,2010_005206,dog,eye,eye,0.34532374143600464,0.5133689641952515,0.0,0.0073201339691877365,0.008880615234375,0.0,0.00010889768600463867
rotation_consistent,test_unseen,1481,val:2010_005206:part_63,2010_005206,dog,torso,torso,0.7968922257423401,0.8869671821594238,0.05981750413775444,0.5178471803665161,1.0,1.0,1.0
rotation_consistent,test_unseen,1482,val:2010_005206:part_66,2010_005206,dog,nose,nose,0.30630630254745483,0.4689655303955078,0.0,0.012897378765046597,1.0,0.9814453125,1.0
rotation_consistent,test_unseen,1483,val:2010_005206:part_68,2010_005206,dog,ear,ear,0.0,0.0,0.0,0.2205103188753128,0.006877899169921875,0.0,6.920099258422852e-05
rotation_consistent,test_unseen,1484,val:2010_005206:part_69,2010_005206,dog,muzzle,muzzle,0.3545288145542145,0.5234717726707458,0.07589984685182571,0.11733128875494003,1.0,0.99951171875,1.0
rotation_consistent,test_unseen,1485,val:2010_005245:part_60,2010_005245,dog,tail,tail,0.0,0.0,0.0,0.009345794096589088,1.0,0.89892578125,1.0
rotation_consistent,test_unseen,1486,val:2010_005245:part_61,2010_005245,dog,head,head,0.0,0.0,1.0,0.14485980570316315,1.0,1.0,1.0
rotation_consistent,test_unseen,1487,val:2010_005245:part_62,2010_005245,dog,eye,eye,0.0,0.0,0.0,0.009345794096589088,0.008880615234375,0.0,0.00010889768600463867
rotation_consistent,test_unseen,1488,val:2010_005245:part_63,2010_005245,dog,torso,torso,0.4407294690608978,0.6118143200874329,0.3901515007019043,0.49065420031547546,1.0,1.0,1.0
rotation_consistent,test_unseen,1489,val:2010_005245:part_64,2010_005245,dog,neck,neck,0.0,0.0,0.0,0.032710280269384384,1.0,1.0,1.0
rotation_consistent,test_unseen,1490,val:2010_005245:part_65,2010_005245,dog,leg,leg,0.04727272689342499,0.0902777761220932,0.900473952293396,0.17990654706954956,1.0,1.0,1.0
rotation_consistent,test_unseen,1491,val:2010_005245:part_66,2010_005245,dog,nose,nose,0.0,0.0,0.0,0.014018691144883633,1.0,0.9814453125,1.0
rotation_consistent,test_unseen,1492,val:2010_005245:part_67,2010_005245,dog,paw,paw,0.0,0.0,0.0,0.037383176386356354,1.0,0.99951171875,1.0
rotation_consistent,test_unseen,1493,val:2010_005245:part_68,2010_005245,dog,ear,ear,0.0,0.0,0.0,0.028037382289767265,0.006877899169921875,0.0,6.920099258422852e-05
rotation_consistent,test_unseen,1494,val:2010_005245:part_69,2010_005245,dog,muzzle,muzzle,0.0,0.0,0.0,0.04439252242445946,1.0,0.99951171875,1.0
rotation_consistent,test_unseen,1495,val:2010_005252:part_79,2010_005252,motorbike,wheel,wheel,0.34207162261009216,0.5097665786743164,0.4839826822280884,0.29939740896224976,1.0,0.9990234375,1.0
rotation_consistent,test_unseen,1496,val:2010_005252:part_82,2010_005252,motorbike,headlight,headlight,0.0,0.0,0.2857142984867096,0.02220107801258564,0.99951171875,0.493896484375,0.99609375
rotation_consistent,test_unseen,1497,val:2010_005353:part_11,2010_005353,bird,wing,wing,0.016483517363667488,0.0324324332177639,0.4575163424015045,0.06956521421670914,0.99853515625,0.00031757354736328125,0.962890625
rotation_consistent,test_unseen,1498,val:2010_005353:part_12,2010_005353,bird,tail,tail,0.0,0.0,1.0,0.04782608523964882,1.0,0.89892578125,1.0
rotation_consistent,test_unseen,1499,val:2010_005353:part_13,2010_005353,bird,head,head,0.5647059082984924,0.7218044996261597,0.2215568870306015,0.21521739661693573,1.0,1.0,1.0
rotation_consistent,test_unseen,1500,val:2010_005353:part_14,2010_005353,bird,eye,eye,0.0,0.0,0.0,0.015217390842735767,0.008880615234375,0.0,0.00010889768600463867
rotation_consistent,test_unseen,1501,val:2010_005353:part_15,2010_005353,bird,beak,beak,0.08724832534790039,0.16049382090568542,0.15671642124652863,0.06086956337094307,0.9921875,0.01049041748046875,0.9130859375
rotation_consistent,test_unseen,1502,val:2010_005353:part_16,2010_005353,bird,torso,torso,0.7034883499145508,0.8259385824203491,0.11746031790971756,0.5891304612159729,1.0,1.0,1.0
rotation_consistent,test_unseen,1503,val:2010_005353:part_18,2010_005353,bird,leg,leg,0.006756756920367479,0.01342281885445118,0.7297297120094299,0.0021739129442721605,1.0,1.0,1.0
rotation_consistent,test_unseen,1504,val:2010_005353:part_19,2010_005353,bird,foot,foot,0.0,0.0,0.0,0.004347825888544321,1.0,1.0,1.0
rotation_consistent,test_unseen,1505,val:2010_005366:part_79,2010_005366,motorbike,wheel,wheel,0.4003009796142578,0.5717356204986572,0.3540363609790802,0.4355018734931946,1.0,0.9990234375,1.0
rotation_consistent,test_unseen,1506,val:2010_005366:part_82,2010_005366,motorbike,headlight,headlight,0.1599999964237213,0.27586206793785095,0.5,0.01583274081349373,0.99951171875,0.493896484375,0.99609375
rotation_consistent,test_unseen,1507,val:2010_005428:part_12,2010_005428,bird,tail,tail,0.003448275849223137,0.006872852332890034,0.0,0.05300676450133324,1.0,0.89892578125,1.0
rotation_consistent,test_unseen,1508,val:2010_005428:part_13,2010_005428,bird,head,head,0.005524862091988325,0.010989011265337467,0.2192307710647583,0.004752330482006073,1.0,1.0,1.0
rotation_consistent,test_unseen,1509,val:2010_005428:part_14,2010_005428,bird,eye,eye,0.0,0.0,0.0,0.0007311277440749109,0.008880615234375,0.0,0.00010889768600463867
rotation_consistent,test_unseen,1510,val:2010_005428:part_15,2010_005428,bird,beak,beak,0.0,0.0,0.0,0.0005483458517119288,0.9921875,0.01049041748046875,0.9130859375
rotation_consistent,test_unseen,1511,val:2010_005428:part_16,2010_005428,bird,torso,torso,0.3171902298927307,0.48161643743515015,0.11143629252910614,0.2917199730873108,1.0,1.0,1.0
rotation_consistent,test_unseen,1512,val:2010_005428:part_17,2010_005428,bird,neck,neck,0.026392962783575058,0.051428571343421936,0.3333333432674408,0.01626759208738804,1.0,1.0,1.0
rotation_consistent,test_unseen,1513,val:2010_005428:part_18,2010_005428,bird,leg,leg,0.06937798857688904,0.12975391745567322,0.5031847357749939,0.044233229011297226,1.0,1.0,1.0
rotation_consistent,test_unseen,1514,val:2010_005432:part_32,2010_005432,car,wheel,wheel,0.49006977677345276,0.6577810049057007,0.0901213139295578,0.0659930557012558,1.0,0.9990234375,1.0
rotation_consistent,test_unseen,1515,val:2010_005432:part_35,2010_005432,car,side,side,0.591661274433136,0.7434512376785278,0.05371277779340744,0.28449636697769165,1.0,1.0,1.0
rotation_consistent,test_unseen,1516,val:2010_005432:part_36,2010_005432,car,back,back,0.7562780976295471,0.8612281680107117,0.02619444765150547,0.5399431586265564,1.0,1.0,1.0
rotation_consistent,test_unseen,1517,val:2010_005432:part_38,2010_005432,car,mirror,mirror,0.0,0.0,0.0,0.004104831255972385,0.013275146484375,0.0,0.00027370452880859375
rotation_consistent,test_unseen,1518,val:2010_005432:part_41,2010_005432,car,window,window,0.5320987701416016,0.6946011185646057,0.0080106807872653,0.09321124106645584,1.0,0.935546875,1.0
rotation_consistent,test_unseen,1519,val:2010_005433:part_79,2010_005433,motorbike,wheel,wheel,0.5639356970787048,0.7211750149726868,0.03661417216062546,0.1887599229812622,1.0,0.9990234375,1.0
rotation_consistent,test_unseen,1520,val:2010_005433:part_82,2010_005433,motorbike,headlight,headlight,0.0,0.0,0.004201680887490511,0.019792303442955017,0.99951171875,0.493896484375,0.99609375
rotation_consistent,test_unseen,1521,val:2010_005501:part_32,2010_005501,car,wheel,wheel,0.6787925958633423,0.8086676001548767,0.023744292557239532,0.11681531369686127,1.0,0.9990234375,1.0
rotation_consistent,test_unseen,1522,val:2010_005501:part_34,2010_005501,car,front,front,0.007698887959122658,0.015280135907232761,0.028103044256567955,0.08168371021747589,1.0,1.0,1.0
rotation_consistent,test_unseen,1523,val:2010_005501:part_35,2010_005501,car,side,side,0.3906693160533905,0.5618435740470886,0.03318294137716293,0.31933870911598206,1.0,1.0,1.0
rotation_consistent,test_unseen,1524,val:2010_005501:part_36,2010_005501,car,back,back,0.0,0.0,0.23076923191547394,0.023602349683642387,1.0,1.0,1.0
rotation_consistent,test_unseen,1525,val:2010_005501:part_37,2010_005501,car,roof,roof,0.11462093889713287,0.20566801726818085,0.05175936594605446,0.05819012224674225,1.0,0.9345703125,1.0
rotation_consistent,test_unseen,1526,val:2010_005501:part_38,2010_005501,car,mirror,mirror,0.037837836891412735,0.0729166641831398,0.095238097012043,0.0029366977978497744,0.013275146484375,0.0,0.00027370452880859375
rotation_consistent,test_unseen,1527,val:2010_005501:part_40,2010_005501,car,door,door,0.0,0.0,0.0,0.1631498783826828,1.0,0.9990234375,1.0
rotation_consistent,test_unseen,1528,val:2010_005501:part_41,2010_005501,car,window,window,0.5227272510528564,0.6865671873092651,0.0,0.22851860523223877,1.0,0.935546875,1.0
rotation_consistent,test_unseen,1529,val:2010_005501:part_79,2010_005501,motorbike,wheel,wheel,0.0,0.0,0.2703281044960022,0.00020136931561864913,1.0,0.9990234375,1.0
rotation_consistent,test_unseen,1530,val:2010_005531:part_11,2010_005531,bird,wing,wing,0.19535782933235168,0.32686084508895874,0.4300847351551056,0.09785522520542145,0.99853515625,0.00031757354736328125,0.962890625
rotation_consistent,test_unseen,1531,val:2010_005531:part_12,2010_005531,bird,tail,tail,0.0,0.0,0.8048780560493469,0.04088471829891205,1.0,0.89892578125,1.0
rotation_consistent,test_unseen,1532,val:2010_005531:part_13,2010_005531,bird,head,head,0.5400000214576721,0.701298713684082,0.1004566177725792,0.21447721123695374,1.0,1.0,1.0
rotation_consistent,test_unseen,1533,val:2010_005531:part_14,2010_005531,bird,eye,eye,0.0,0.0,0.0,0.004691688809543848,0.008880615234375,0.0,0.00010889768600463867
rotation_consistent,test_unseen,1534,val:2010_005531:part_15,2010_005531,bird,beak,beak,0.0,0.0,0.0,0.051608577370643616,0.9921875,0.01049041748046875,0.9130859375
rotation_consistent,test_unseen,1535,val:2010_005531:part_16,2010_005531,bird,torso,torso,0.542225182056427,0.703172504901886,0.21394065022468567,0.5710455775260925,1.0,1.0,1.0
rotation_consistent,test_unseen,1536,val:2010_005531:part_18,2010_005531,bird,leg,leg,0.013774104416370392,0.027173912152647972,0.5849581956863403,0.006032171659171581,1.0,1.0,1.0
rotation_consistent,test_unseen,1537,val:2010_005531:part_19,2010_005531,bird,foot,foot,0.0,0.0,0.0,0.013404825702309608,1.0,1.0,1.0
rotation_consistent,test_unseen,1538,val:2010_005575:part_61,2010_005575,dog,head,head,0.42900997400283813,0.6004296541213989,0.07137192785739899,0.19679109752178192,1.0,1.0,1.0
rotation_consistent,test_unseen,1539,val:2010_005575:part_62,2010_005575,dog,eye,eye,0.0,0.0,0.0,0.006221348885446787,0.008880615234375,0.0,0.00010889768600463867
rotation_consistent,test_unseen,1540,val:2010_005575:part_63,2010_005575,dog,torso,torso,0.16431924700737,0.2822580635547638,0.1267605572938919,0.0916830375790596,1.0,1.0,1.0
rotation_consistent,test_unseen,1541,val:2010_005575:part_64,2010_005575,dog,neck,neck,0.5175438523292542,0.6820809245109558,0.016018306836485863,0.083497054874897,1.0,1.0,1.0
rotation_consistent,test_unseen,1542,val:2010_005575:part_65,2010_005575,dog,leg,leg,0.3124280869960785,0.4761069715023041,0.09904761612415314,0.23117223381996155,1.0,1.0,1.0
rotation_consistent,test_unseen,1543,val:2010_005575:part_66,2010_005575,dog,nose,nose,0.7337662577629089,0.846441924571991,0.0,0.042239684611558914,1.0,0.9814453125,1.0
rotation_consistent,test_unseen,1544,val:2010_005575:part_67,2010_005575,dog,paw,paw,0.12247191369533539,0.21821822226047516,0.11190053075551987,0.14276358485221863,1.0,0.99951171875,1.0
rotation_consistent,test_unseen,1545,val:2010_005575:part_68,2010_005575,dog,ear,ear,0.26143792271614075,0.41450777649879456,0.4274406433105469,0.06548788398504257,0.006877899169921875,0.0,6.920099258422852e-05
rotation_consistent,test_unseen,1546,val:2010_005575:part_69,2010_005575,dog,muzzle,muzzle,0.40096038579940796,0.5724079012870789,0.13395226001739502,0.13523247838020325,1.0,0.99951171875,1.0
rotation_consistent,test_unseen,1547,val:2010_005644:part_61,2010_005644,dog,head,head,0.4759214520454407,0.6449143290519714,0.08924484997987747,0.276106595993042,1.0,1.0,1.0
rotation_consistent,test_unseen,1548,val:2010_005644:part_62,2010_005644,dog,eye,eye,0.46060606837272644,0.6307054162025452,0.0,0.016754986718297005,0.008880615234375,0.0,0.00010889768600463867
rotation_consistent,test_unseen,1549,val:2010_005644:part_63,2010_005644,dog,torso,torso,0.835400402545929,0.9103195071220398,0.08251544833183289,0.3785068690776825,1.0,1.0,1.0
rotation_consistent,test_unseen,1550,val:2010_005644:part_64,2010_005644,dog,neck,neck,0.2538253962993622,0.4048815369606018,0.06624758243560791,0.05595386400818825,1.0,1.0,1.0
rotation_consistent,test_unseen,1551,val:2010_005644:part_66,2010_005644,dog,nose,nose,0.3176470696926117,0.4821428656578064,0.39393940567970276,0.004597880411893129,1.0,0.9814453125,1.0
rotation_consistent,test_unseen,1552,val:2010_005644:part_68,2010_005644,dog,ear,ear,0.6752455234527588,0.8061451315879822,0.039323631674051285,0.18734413385391235,0.006877899169921875,0.0,6.920099258422852e-05
rotation_consistent,test_unseen,1553,val:2010_005644:part_69,2010_005644,dog,muzzle,muzzle,0.4034334719181061,0.574923574924469,0.2510729730129242,0.043952617794275284,1.0,0.99951171875,1.0
rotation_consistent,test_unseen,1554,val:2010_005719:part_100,2010_005719,sheep,head,head,0.38880985975265503,0.5599180459976196,0.048279158771038055,0.05879873409867287,1.0,1.0,1.0
rotation_consistent,test_unseen,1555,val:2010_005719:part_101,2010_005719,sheep,eye,eye,0.04838709533214569,0.0923076942563057,0.0,0.0018264839891344309,0.008880615234375,0.0,0.00010889768600463867
rotation_consistent,test_unseen,1556,val:2010_005719:part_102,2010_005719,sheep,torso,torso,0.8901285529136658,0.941870927810669,0.06175772100687027,0.8506498336791992,1.0,1.0,1.0
rotation_consistent,test_unseen,1557,val:2010_005719:part_105,2010_005719,sheep,ear,ear,0.2649572789669037,0.4189189076423645,0.4372197389602661,0.010256410576403141,0.006877899169921875,0.0,6.920099258422852e-05
rotation_consistent,test_unseen,1558,val:2010_005719:part_106,2010_005719,sheep,muzzle,muzzle,0.5362318754196167,0.698113203048706,0.0,0.04158763587474823,1.0,0.99951171875,1.0
rotation_consistent,test_unseen,1559,val:2010_005719:part_107,2010_005719,sheep,horn,horn,0.24637681245803833,0.39534884691238403,0.3661538362503052,0.007376185618340969,0.2100830078125,6.556510925292969e-07,0.00591278076171875
rotation_consistent,test_unseen,1560,val:2010_005788:part_100,2010_005788,sheep,head,head,0.0,0.0,0.20404040813446045,0.006470165215432644,1.0,1.0,1.0
rotation_consistent,test_unseen,1561,val:2010_005788:part_102,2010_005788,sheep,torso,torso,0.0098574198782444,0.019522398710250854,0.11283525079488754,0.0743350088596344,1.0,1.0,1.0
rotation_consistent,test_unseen,1562,val:2010_005788:part_103,2010_005788,sheep,neck,neck,0.0,0.0,0.009456264786422253,0.008770668879151344,1.0,1.0,1.0
rotation_consistent,test_unseen,1563,val:2010_005788:part_105,2010_005788,sheep,ear,ear,0.0,0.0,0.1818181872367859,0.0012940330198034644,0.006877899169921875,0.0,6.920099258422852e-05
rotation_consistent,test_unseen,1564,val:2010_005788:part_106,2010_005788,sheep,muzzle,muzzle,0.0,0.0,0.0,0.006901509594172239,1.0,0.99951171875,1.0
rotation_consistent,test_unseen,1565,val:2010_005991:part_61,2010_005991,dog,head,head,0.5927209854125977,0.7442872524261475,0.1059027761220932,0.0905013158917427,1.0,1.0,1.0
rotation_consistent,test_unseen,1566,val:2010_005991:part_62,2010_005991,dog,eye,eye,0.0,0.0,0.0,0.001583113451488316,0.008880615234375,0.0,0.00010889768600463867
rotation_consistent,test_unseen,1567,val:2010_005991:part_63,2010_005991,dog,torso,torso,0.5556726455688477,0.7143824696540833,0.15477457642555237,0.4253298044204712,1.0,1.0,1.0
rotation_consistent,test_unseen,1568,val:2010_005991:part_64,2010_005991,dog,neck,neck,0.5,0.6666666865348816,0.08009708672761917,0.054353561252355576,1.0,1.0,1.0
rotation_consistent,test_unseen,1569,val:2010_005991:part_65,2010_005991,dog,leg,leg,0.21968254446983337,0.3602290451526642,0.3748079836368561,0.33509233593940735,1.0,1.0,1.0
rotation_consistent,test_unseen,1570,val:2010_005991:part_66,2010_005991,dog,nose,nose,0.0,0.0,0.0,0.0018469657516106963,1.0,0.9814453125,1.0
rotation_consistent,test_unseen,1571,val:2010_005991:part_67,2010_005991,dog,paw,paw,0.0,0.0,0.5833333134651184,0.023746700957417488,1.0,0.99951171875,1.0
rotation_consistent,test_unseen,1572,val:2010_005991:part_68,2010_005991,dog,ear,ear,0.45652174949645996,0.6268656849861145,0.13636364042758942,0.02427440695464611,0.006877899169921875,0.0,6.920099258422852e-05
rotation_consistent,test_unseen,1573,val:2010_005991:part_69,2010_005991,dog,muzzle,muzzle,0.21585902571678162,0.3550724685192108,0.15819208323955536,0.02612137235701084,1.0,0.99951171875,1.0
rotation_consistent,test_unseen,1574,val:2010_005992:part_60,2010_005992,dog,tail,tail,0.2611464858055115,0.4141414165496826,0.6213592290878296,0.025867195799946785,1.0,0.89892578125,1.0
rotation_consistent,test_unseen,1575,val:2010_005992:part_61,2010_005992,dog,head,head,0.6306130290031433,0.7734674215316772,0.07610544562339783,0.1807730495929718,1.0,1.0,1.0
rotation_consistent,test_unseen,1576,val:2010_005992:part_62,2010_005992,dog,eye,eye,0.10322580486536026,0.1871345043182373,0.0,0.004658077377825975,0.008880615234375,0.0,0.00010889768600463867
rotation_consistent,test_unseen,1577,val:2010_005992:part_63,2010_005992,dog,torso,torso,0.7830479741096497,0.8783251643180847,0.06134757772088051,0.45688802003860474,1.0,1.0,1.0
rotation_consistent,test_unseen,1578,val:2010_005992:part_65,2010_005992,dog,leg,leg,0.551703691482544,0.7110941410064697,0.24425108730793,0.20009911060333252,1.0,1.0,1.0
rotation_consistent,test_unseen,1579,val:2010_005992:part_66,2010_005992,dog,nose,nose,0.0,0.0,0.0,0.004261645022779703,1.0,0.9814453125,1.0
rotation_consistent,test_unseen,1580,val:2010_005992:part_67,2010_005992,dog,paw,paw,0.35087719559669495,0.5194805264472961,0.4743935167789459,0.03191278502345085,1.0,0.99951171875,1.0
rotation_consistent,test_unseen,1581,val:2010_005992:part_68,2010_005992,dog,ear,ear,0.5231788158416748,0.686956524848938,0.27591705322265625,0.05183349922299385,0.006877899169921875,0.0,6.920099258422852e-05
rotation_consistent,test_unseen,1582,val:2010_005992:part_69,2010_005992,dog,muzzle,muzzle,0.6146789193153381,0.7613636255264282,0.10557185113430023,0.035976212471723557,1.0,0.99951171875,1.0
rotation_consistent,test_unseen,1583,val:2010_006026:part_99,2010_006026,sheep,tail,tail,0.043478261679410934,0.0833333358168602,0.32894736528396606,0.13943354785442352,1.0,0.89892578125,1.0
rotation_consistent,test_unseen,1584,val:2010_006026:part_100,2010_006026,sheep,head,head,0.0,0.0,0.0,0.0021786491852253675,1.0,1.0,1.0
rotation_consistent,test_unseen,1585,val:2010_006026:part_102,2010_006026,sheep,torso,torso,0.30749353766441345,0.47035571932792664,0.5071151256561279,0.5206971764564514,1.0,1.0,1.0
